TIME_PERIOD,REF_AREA,STANDARD_REVENUE,value
1990,CPV,T_2000,0.0
1991,CPV,T_2000,0.0
1992,CPV,T_2000,0.0
1993,CPV,T_2000,0.0
1994,CPV,T_2000,0.0
1995,CPV,T_2000,0.0
1996,CPV,T_2000,0.0
1997,CPV,T_2000,0.0
1998,CPV,T_2000,0.0
1999,CPV,T_2000,0.0
2000,SGP,T_2000,0.0
2001,SGP,T_2000,0.0
2002,SGP,T_2000,0.0
2003,SGP,T_2000,0.0
2004,SGP,T_2000,0.0
2005,SGP,T_2000,0.0
2006,SGP,T_2000,0.0
2007,SGP,T_2000,0.0
2008,SGP,T_2000,0.0
2009,SGP,T_2000,0.0
2010,SGP,T_2000,0.0
2011,SGP,T_2000,0.0
2012,SGP,T_2000,0.0
2013,SGP,T_2000,0.0
2014,SGP,T_2000,0.0
2015,SGP,T_2000,0.0
2016,SGP,T_2000,0.0
2017,SGP,T_2000,0.0
2018,SGP,T_2000,0.0
2019,SGP,T_2000,0.0
2020,SGP,T_2000,0.0
2021,SGP,T_2000,0.0
2022,SGP,T_2000,0.0
2023,SGP,T_2000,0.0
1990,ZAF,T_2000,0.0
1991,ZAF,T_2000,0.0
1992,ZAF,T_2000,0.0
1993,ZAF,T_2000,0.0
1994,ZAF,T_2000,0.0
1995,ZAF,T_2000,0.0
1996,ZAF,T_2000,0.0
1997,ZAF,T_2000,0.0
1998,ZAF,T_2000,0.0
1999,ZAF,T_2000,0.0
2000,ZAF,T_2000,0.0
2013,BGR,T_2000,7.436
2014,BGR,T_2000,7.814
2015,BGR,T_2000,7.777
2016,BGR,T_2000,7.729
2017,BGR,T_2000,8.236
2018,BGR,T_2000,8.666
2019,BGR,T_2000,8.852
2020,BGR,T_2000,9.085
2021,BGR,T_2000,8.821
2022,BGR,T_2000,8.245
2023,BGR,T_2000,8.505
2000,CPV,T_2000,0.807
2001,CPV,T_2000,0.474
2002,CPV,T_2000,0.404
2003,CPV,T_2000,0.555
2004,CPV,T_2000,0.566
2005,CPV,T_2000,0.577
2006,CPV,T_2000,0.522
2007,CPV,T_2000,0.087
2008,CPV,T_2000,0.046
2009,CPV,T_2000,0.035
2010,CPV,T_2000,0.028
2011,CPV,T_2000,0.023
2012,CPV,T_2000,0.025
2013,CPV,T_2000,0.026
2014,CPV,T_2000,0.033
2015,CPV,T_2000,0.026
2016,CPV,T_2000,0.03
2017,CPV,T_2000,0.031
2018,CPV,T_2000,0.037
2019,CPV,T_2000,0.034
2020,CPV,T_2000,0.044
2021,CPV,T_2000,0.042
2022,CPV,T_2000,0.035
1993,CMR,T_2000,0.934
1994,CMR,T_2000,0.838
1995,CMR,T_2000,0.769
1996,CMR,T_2000,0.771
1997,CMR,T_2000,0.742
1998,CMR,T_2000,0.736
1999,CMR,T_2000,0.777
2000,CMR,T_2000,0.873
2001,CMR,T_2000,0.926
2002,CMR,T_2000,0.919
2003,CMR,T_2000,0.895
2004,CMR,T_2000,0.878
2005,CMR,T_2000,0.816
2006,CMR,T_2000,0.767
2007,CMR,T_2000,0.783
2008,CMR,T_2000,0.808
2009,CMR,T_2000,0.831
2010,CMR,T_2000,0.997
2011,CMR,T_2000,0.996
2012,CMR,T_2000,0.958
2013,CMR,T_2000,0.961
2014,CMR,T_2000,0.856
2015,CMR,T_2000,0.845
2016,CMR,T_2000,1.003
2017,CMR,T_2000,1.02
2018,CMR,T_2000,1.021
2019,CMR,T_2000,1.015
2020,CMR,T_2000,1.038
2021,CMR,T_2000,1.02
2022,CMR,T_2000,0.959
2019,CHN,T_2000,5.964
2020,CHN,T_2000,4.757
2021,CHN,T_2000,5.887
2022,CHN,T_2000,6.076
2023,CHN,T_2000,6.443
1995,HRV,T_2000,15.368
1996,HRV,T_2000,15.565
1997,HRV,T_2000,15.126
1998,HRV,T_2000,13.997
1999,HRV,T_2000,13.856
2000,HRV,T_2000,13.264
2001,HRV,T_2000,12.762
2002,HRV,T_2000,11.82
2003,HRV,T_2000,11.682
2004,HRV,T_2000,11.632
2005,HRV,T_2000,11.532
2006,HRV,T_2000,11.465
2007,HRV,T_2000,11.693
2008,HRV,T_2000,11.72
2009,HRV,T_2000,11.919
2010,HRV,T_2000,11.722
2011,HRV,T_2000,11.626
2012,HRV,T_2000,11.382
2013,HRV,T_2000,11.134
2014,HRV,T_2000,11.622
2015,HRV,T_2000,11.4
2016,HRV,T_2000,11.243
2017,HRV,T_2000,11.223
2018,HRV,T_2000,11.201
2019,HRV,T_2000,11.078
2020,HRV,T_2000,11.318
2021,HRV,T_2000,10.914
2022,HRV,T_2000,10.672
2000,MAR,T_2000,2.234
2001,MAR,T_2000,2.973
2002,MAR,T_2000,3.009
2003,MAR,T_2000,3.113
2004,MAR,T_2000,3.268
2005,MAR,T_2000,3.843
2006,MAR,T_2000,4.34
2007,MAR,T_2000,4.371
2008,MAR,T_2000,4.219
2009,MAR,T_2000,4.372
2010,MAR,T_2000,4.466
2011,MAR,T_2000,4.781
2012,MAR,T_2000,4.98
2013,MAR,T_2000,4.915
2014,MAR,T_2000,4.99
2015,MAR,T_2000,4.862
2016,MAR,T_2000,5.117
2017,MAR,T_2000,5.232
2018,MAR,T_2000,5.45
2019,MAR,T_2000,5.938
2020,MAR,T_2000,6.766
2021,MAR,T_2000,6.448
2022,MAR,T_2000,6.734
1995,ROU,T_2000,7.663
1996,ROU,T_2000,7.253
1997,ROU,T_2000,6.967
1998,ROU,T_2000,9.231
1999,ROU,T_2000,11.019
2000,ROU,T_2000,11.1
2001,ROU,T_2000,11.003
2002,ROU,T_2000,10.715
2003,ROU,T_2000,9.771
2004,ROU,T_2000,9.32
2005,ROU,T_2000,9.727
2006,ROU,T_2000,9.817
2007,ROU,T_2000,9.593
2008,ROU,T_2000,9.005
2009,ROU,T_2000,8.961
2010,ROU,T_2000,8.468
2011,ROU,T_2000,8.65
2012,ROU,T_2000,8.36
2013,ROU,T_2000,8.678
2014,ROU,T_2000,8.518
2015,ROU,T_2000,8.084
2016,ROU,T_2000,8.144
2017,ROU,T_2000,8.506
2018,ROU,T_2000,10.472
2019,ROU,T_2000,10.453
2020,ROU,T_2000,10.987
2021,ROU,T_2000,10.428
2022,ROU,T_2000,10.082
1997,SEN,T_2000,0.481
1998,SEN,T_2000,0.483
1999,SEN,T_2000,0.496
2000,SEN,T_2000,0.52
2001,SEN,T_2000,0.515
2002,SEN,T_2000,0.558
2003,SEN,T_2000,0.589
2004,SEN,T_2000,0.623
2005,SEN,T_2000,0.63
2006,SEN,T_2000,0.661
2007,SEN,T_2000,0.66
2008,SEN,T_2000,0.691
2009,SEN,T_2000,0.71
2010,SEN,T_2000,0.915
2011,SEN,T_2000,0.71
2012,SEN,T_2000,1.058
2013,SEN,T_2000,1.035
2014,SEN,T_2000,1.068
2015,SEN,T_2000,1.106
2016,SEN,T_2000,1.136
2017,SEN,T_2000,1.165
2018,SEN,T_2000,1.168
2019,SEN,T_2000,1.189
2020,SEN,T_2000,1.092
2021,SEN,T_2000,0.975
2022,SEN,T_2000,0.923
2001,ZAF,T_2000,0.002
2002,ZAF,T_2000,0.214
2003,ZAF,T_2000,0.343
2004,ZAF,T_2000,0.353
2005,ZAF,T_2000,0.353
2006,ZAF,T_2000,0.373
2007,ZAF,T_2000,0.375
2008,ZAF,T_2000,0.383
2009,ZAF,T_2000,0.379
2010,ZAF,T_2000,0.364
2011,ZAF,T_2000,0.377
2012,ZAF,T_2000,0.395
2013,ZAF,T_2000,0.367
2014,ZAF,T_2000,0.377
2015,ZAF,T_2000,0.388
2016,ZAF,T_2000,0.374
2017,ZAF,T_2000,0.367
2018,ZAF,T_2000,0.355
2019,ZAF,T_2000,0.352
2020,ZAF,T_2000,0.34
2021,ZAF,T_2000,0.335
2022,ZAF,T_2000,0.347
2013,BGR,T_4000,0.564
2014,BGR,T_4000,0.575
2015,BGR,T_4000,0.566
2016,BGR,T_4000,0.594
2017,BGR,T_4000,0.58
2018,BGR,T_4000,0.563
2019,BGR,T_4000,0.543
2020,BGR,T_4000,0.559
2021,BGR,T_4000,0.631
2022,BGR,T_4000,0.549
2023,BGR,T_4000,0.504
1990,CPV,T_4000,0.879
1991,CPV,T_4000,0.837
1992,CPV,T_4000,0.809
1993,CPV,T_4000,0.934
1994,CPV,T_4000,0.827
1995,CPV,T_4000,0.806
1996,CPV,T_4000,0.822
1997,CPV,T_4000,0.783
1998,CPV,T_4000,0.612
1999,CPV,T_4000,0.677
2000,CPV,T_4000,0.828
2001,CPV,T_4000,0.79
2002,CPV,T_4000,0.917
2003,CPV,T_4000,0.845
2004,CPV,T_4000,0.876
2005,CPV,T_4000,0.877
2006,CPV,T_4000,1.091
2007,CPV,T_4000,1.49
2008,CPV,T_4000,1.814
2009,CPV,T_4000,1.169
2010,CPV,T_4000,0.947
2011,CPV,T_4000,1.082
2012,CPV,T_4000,0.934
2013,CPV,T_4000,0.957
2014,CPV,T_4000,0.95
2015,CPV,T_4000,0.924
2016,CPV,T_4000,0.879
2017,CPV,T_4000,0.587
2018,CPV,T_4000,0.914
2019,CPV,T_4000,0.85
2020,CPV,T_4000,0.88
2021,CPV,T_4000,0.345
2022,CPV,T_4000,0.321
1993,CMR,T_4000,0.154
1994,CMR,T_4000,0.128
1995,CMR,T_4000,0.151
1996,CMR,T_4000,0.08
1997,CMR,T_4000,0.073
1998,CMR,T_4000,0.079
1999,CMR,T_4000,0.103
2000,CMR,T_4000,0.175
2001,CMR,T_4000,0.163
2002,CMR,T_4000,0.16
2003,CMR,T_4000,0.134
2004,CMR,T_4000,0.116
2005,CMR,T_4000,0.13
2006,CMR,T_4000,0.144
2007,CMR,T_4000,0.152
2008,CMR,T_4000,0.149
2009,CMR,T_4000,0.136
2010,CMR,T_4000,0.132
2011,CMR,T_4000,0.09
2012,CMR,T_4000,0.098
2013,CMR,T_4000,0.125
2014,CMR,T_4000,0.117
2015,CMR,T_4000,0.134
2016,CMR,T_4000,0.152
2017,CMR,T_4000,0.159
2018,CMR,T_4000,0.114
2019,CMR,T_4000,0.117
2020,CMR,T_4000,0.109
2021,CMR,T_4000,0.116
2022,CMR,T_4000,0.097
2007,CHN,T_4000,1.615
2008,CHN,T_4000,1.269
2009,CHN,T_4000,1.229
2010,CHN,T_4000,1.289
2011,CHN,T_4000,1.237
2012,CHN,T_4000,1.237
2013,CHN,T_4000,1.39
2014,CHN,T_4000,1.431
2015,CHN,T_4000,1.642
2016,CHN,T_4000,1.443
2017,CHN,T_4000,1.426
2018,CHN,T_4000,1.411
2019,CHN,T_4000,1.378
2020,CHN,T_4000,1.454
2021,CHN,T_4000,1.44
2022,CHN,T_4000,1.297
2023,CHN,T_4000,1.229
1995,HRV,T_4000,0.711
1996,HRV,T_4000,1.074
1997,HRV,T_4000,1.156
1998,HRV,T_4000,1.116
1999,HRV,T_4000,1.105
2000,HRV,T_4000,1.084
2001,HRV,T_4000,1.115
2002,HRV,T_4000,1.068
2003,HRV,T_4000,1.007
2004,HRV,T_4000,1.034
2005,HRV,T_4000,1.053
2006,HRV,T_4000,1.152
2007,HRV,T_4000,1.254
2008,HRV,T_4000,1.32
2009,HRV,T_4000,1.247
2010,HRV,T_4000,1.152
2011,HRV,T_4000,1.242
2012,HRV,T_4000,1.147
2013,HRV,T_4000,1.165
2014,HRV,T_4000,1.146
2015,HRV,T_4000,1.12
2016,HRV,T_4000,1.115
2017,HRV,T_4000,1.094
2018,HRV,T_4000,1.176
2019,HRV,T_4000,1.154
2020,HRV,T_4000,1.092
2021,HRV,T_4000,1.094
2022,HRV,T_4000,1.064
2000,MAR,T_4000,1.21
2001,MAR,T_4000,1.228
2002,MAR,T_4000,1.295
2003,MAR,T_4000,1.283
2004,MAR,T_4000,1.291
2005,MAR,T_4000,1.405
2006,MAR,T_4000,1.426
2007,MAR,T_4000,1.63
2008,MAR,T_4000,1.538
2009,MAR,T_4000,1.356
2010,MAR,T_4000,1.496
2011,MAR,T_4000,1.48
2012,MAR,T_4000,1.684
2013,MAR,T_4000,1.75
2014,MAR,T_4000,1.79
2015,MAR,T_4000,1.812
2016,MAR,T_4000,1.844
2017,MAR,T_4000,1.453
2018,MAR,T_4000,1.395
2019,MAR,T_4000,1.334
2020,MAR,T_4000,1.167
2021,MAR,T_4000,1.458
2022,MAR,T_4000,1.492
1995,ROU,T_4000,0.603
1996,ROU,T_4000,0.249
1997,ROU,T_4000,0.193
1998,ROU,T_4000,0.184
1999,ROU,T_4000,0.445
2000,ROU,T_4000,0.484
2001,ROU,T_4000,0.565
2002,ROU,T_4000,0.524
2003,ROU,T_4000,0.558
2004,ROU,T_4000,0.52
2005,ROU,T_4000,0.556
2006,ROU,T_4000,0.67
2007,ROU,T_4000,0.885
2008,ROU,T_4000,0.742
2009,ROU,T_4000,0.691
2010,ROU,T_4000,0.755
2011,ROU,T_4000,0.717
2012,ROU,T_4000,0.689
2013,ROU,T_4000,0.736
2014,ROU,T_4000,0.966
2015,ROU,T_4000,0.86
2016,ROU,T_4000,0.837
2017,ROU,T_4000,0.628
2018,ROU,T_4000,0.551
2019,ROU,T_4000,0.53
2020,ROU,T_4000,0.525
2021,ROU,T_4000,0.547
2022,ROU,T_4000,0.489
1997,SEN,T_4000,0.289
1998,SEN,T_4000,0.23
1999,SEN,T_4000,0.283
2000,SEN,T_4000,0.262
2001,SEN,T_4000,0.302
2002,SEN,T_4000,0.315
2003,SEN,T_4000,0.385
2004,SEN,T_4000,0.376
2005,SEN,T_4000,0.4
2006,SEN,T_4000,0.399
2007,SEN,T_4000,0.415
2008,SEN,T_4000,0.428
2009,SEN,T_4000,0.437
2010,SEN,T_4000,0.49
2011,SEN,T_4000,0.455
2012,SEN,T_4000,0.413
2013,SEN,T_4000,0.392
2014,SEN,T_4000,0.405
2015,SEN,T_4000,0.395
2016,SEN,T_4000,0.461
2017,SEN,T_4000,0.434
2018,SEN,T_4000,0.437
2019,SEN,T_4000,0.444
2020,SEN,T_4000,0.444
2021,SEN,T_4000,0.601
2022,SEN,T_4000,0.451
2000,SGP,T_4000,1.696
2001,SGP,T_4000,1.422
2002,SGP,T_4000,1.198
2003,SGP,T_4000,1.291
2004,SGP,T_4000,1.449
2005,SGP,T_4000,1.319
2006,SGP,T_4000,1.692
2007,SGP,T_4000,2.253
2008,SGP,T_4000,1.606
2009,SGP,T_4000,1.48
2010,SGP,T_4000,1.812
2011,SGP,T_4000,1.988
2012,SGP,T_4000,2.174
2013,SGP,T_4000,2.09
2014,SGP,T_4000,1.759
2015,SGP,T_4000,1.693
2016,SGP,T_4000,1.694
2017,SGP,T_4000,1.945
2018,SGP,T_4000,1.803
2019,SGP,T_4000,1.747
2020,SGP,T_4000,1.428
2021,SGP,T_4000,1.854
2022,SGP,T_4000,1.576
2023,SGP,T_4000,1.701
1990,ZAF,T_4000,0.346
1991,ZAF,T_4000,0.306
1992,ZAF,T_4000,0.268
1993,ZAF,T_4000,0.288
1994,ZAF,T_4000,0.366
1995,ZAF,T_4000,0.342
1996,ZAF,T_4000,0.335
1997,ZAF,T_4000,0.333
1998,ZAF,T_4000,0.314
1999,ZAF,T_4000,0.401
2000,ZAF,T_4000,0.364
2001,ZAF,T_4000,0.378
2002,ZAF,T_4000,0.376
2003,ZAF,T_4000,0.587
2004,ZAF,T_4000,1.014
2005,ZAF,T_4000,1.281
2006,ZAF,T_4000,0.834
2007,ZAF,T_4000,1.308
2008,ZAF,T_4000,1.277
2009,ZAF,T_4000,1.279
2010,ZAF,T_4000,1.313
2011,ZAF,T_4000,1.27
2012,ZAF,T_4000,1.298
2013,ZAF,T_4000,1.33
2014,ZAF,T_4000,1.41
2015,ZAF,T_4000,1.337
2016,ZAF,T_4000,1.419
2017,ZAF,T_4000,1.576
2018,ZAF,T_4000,1.558
2019,ZAF,T_4000,1.641
2020,ZAF,T_4000,1.696
2021,ZAF,T_4000,1.081
2022,ZAF,T_4000,1.236
2013,BGR,T_1000,4.859
2014,BGR,T_1000,5.09
2015,BGR,T_1000,5.264
2016,BGR,T_1000,5.399
2017,BGR,T_1000,5.682
2018,BGR,T_1000,5.628
2019,BGR,T_1000,5.672
2020,BGR,T_1000,5.628
2021,BGR,T_1000,6.213
2022,BGR,T_1000,6.032
2023,BGR,T_1000,6.228
1990,CPV,T_1000,3.655
1991,CPV,T_1000,3.74
1992,CPV,T_1000,4.165
1993,CPV,T_1000,4.786
1994,CPV,T_1000,5.156
1995,CPV,T_1000,5.107
1996,CPV,T_1000,5.07
1997,CPV,T_1000,5.112
1998,CPV,T_1000,5.096
1999,CPV,T_1000,5.443
2000,CPV,T_1000,5.547
2001,CPV,T_1000,5.849
2002,CPV,T_1000,6.917
2003,CPV,T_1000,6.382
2004,CPV,T_1000,6.448
2005,CPV,T_1000,6.299
2006,CPV,T_1000,7.264
2007,CPV,T_1000,7.712
2008,CPV,T_1000,7.688
2009,CPV,T_1000,6.061
2010,CPV,T_1000,5.193
2011,CPV,T_1000,5.348
2012,CPV,T_1000,5.217
2013,CPV,T_1000,5.1
2014,CPV,T_1000,4.569
2015,CPV,T_1000,5.56
2016,CPV,T_1000,5.45
2017,CPV,T_1000,5.782
2018,CPV,T_1000,5.971
2019,CPV,T_1000,5.776
2020,CPV,T_1000,5.65
2021,CPV,T_1000,4.94
2022,CPV,T_1000,4.347
1993,CMR,T_1000,2.088
1994,CMR,T_1000,1.892
1995,CMR,T_1000,2.207
1996,CMR,T_1000,2.201
1997,CMR,T_1000,2.279
1998,CMR,T_1000,2.886
1999,CMR,T_1000,2.496
2000,CMR,T_1000,3.04
2001,CMR,T_1000,3.678
2002,CMR,T_1000,3.697
2003,CMR,T_1000,2.979
2004,CMR,T_1000,2.741
2005,CMR,T_1000,3.167
2006,CMR,T_1000,3.28
2007,CMR,T_1000,3.685
2008,CMR,T_1000,3.599
2009,CMR,T_1000,3.979
2010,CMR,T_1000,3.128
2011,CMR,T_1000,3.503
2012,CMR,T_1000,4.14
2013,CMR,T_1000,4.162
2014,CMR,T_1000,4.364
2015,CMR,T_1000,4.557
2016,CMR,T_1000,3.848
2017,CMR,T_1000,3.538
2018,CMR,T_1000,3.821
2019,CMR,T_1000,3.795
2020,CMR,T_1000,3.677
2021,CMR,T_1000,3.645
2022,CMR,T_1000,4.24
2007,CHN,T_1000,4.511
2008,CHN,T_1000,4.759
2009,CHN,T_1000,4.571
2010,CHN,T_1000,4.522
2011,CHN,T_1000,5.02
2012,CHN,T_1000,5.149
2013,CHN,T_1000,5.343
2014,CHN,T_1000,5.479
2015,CHN,T_1000,5.635
2016,CHN,T_1000,5.669
2017,CHN,T_1000,5.782
2018,CHN,T_1000,5.859
2019,CHN,T_1000,5.384
2020,CHN,T_1000,5.263
2021,CHN,T_1000,5.361
2022,CHN,T_1000,5.265
2023,CHN,T_1000,4.726
1995,HRV,T_1000,6.024
1996,HRV,T_1000,6.659
1997,HRV,T_1000,6.226
1998,HRV,T_1000,7.039
1999,HRV,T_1000,6.472
2000,HRV,T_1000,5.468
2001,HRV,T_1000,5.106
2002,HRV,T_1000,5.569
2003,HRV,T_1000,5.509
2004,HRV,T_1000,5.464
2005,HRV,T_1000,5.665
2006,HRV,T_1000,6.283
2007,HRV,T_1000,6.794
2008,HRV,T_1000,6.618
2009,HRV,T_1000,6.599
2010,HRV,T_1000,5.87
2011,HRV,T_1000,5.629
2012,HRV,T_1000,5.54
2013,HRV,T_1000,5.884
2014,HRV,T_1000,5.548
2015,HRV,T_1000,5.401
2016,HRV,T_1000,5.814
2017,HRV,T_1000,5.577
2018,HRV,T_1000,5.766
2019,HRV,T_1000,5.925
2020,HRV,T_1000,5.895
2021,HRV,T_1000,5.193
2022,HRV,T_1000,6.475
2000,MAR,T_1000,5.294
2001,MAR,T_1000,5.63
2002,MAR,T_1000,5.765
2003,MAR,T_1000,6.051
2004,MAR,T_1000,6.265
2005,MAR,T_1000,7.125
2006,MAR,T_1000,7.551
2007,MAR,T_1000,8.35
2008,MAR,T_1000,10.337
2009,MAR,T_1000,8.613
2010,MAR,T_1000,7.378
2011,MAR,T_1000,7.783
2012,MAR,T_1000,8.426
2013,MAR,T_1000,7.784
2014,MAR,T_1000,7.623
2015,MAR,T_1000,7.323
2016,MAR,T_1000,7.687
2017,MAR,T_1000,8.04
2018,MAR,T_1000,8.034
2019,MAR,T_1000,7.927
2020,MAR,T_1000,8.28
2021,MAR,T_1000,7.709
2022,MAR,T_1000,9.216
1995,ROU,T_1000,10.636
1996,ROU,T_1000,9.829
1997,ROU,T_1000,9.51
1998,ROU,T_1000,8.305
1999,ROU,T_1000,7.351
2000,ROU,T_1000,6.698
2001,ROU,T_1000,5.865
2002,ROU,T_1000,5.363
2003,ROU,T_1000,5.845
2004,ROU,T_1000,6.209
2005,ROU,T_1000,5.09
2006,ROU,T_1000,5.76
2007,ROU,T_1000,6.222
2008,ROU,T_1000,6.137
2009,ROU,T_1000,5.665
2010,ROU,T_1000,5.329
2011,ROU,T_1000,5.462
2012,ROU,T_1000,5.158
2013,ROU,T_1000,5.527
2014,ROU,T_1000,5.77
2015,ROU,T_1000,6.189
2016,ROU,T_1000,6.124
2017,ROU,T_1000,5.761
2018,ROU,T_1000,4.545
2019,ROU,T_1000,4.521
2020,ROU,T_1000,4.384
2021,ROU,T_1000,4.795
2022,ROU,T_1000,5.901
1997,SEN,T_1000,2.555
1998,SEN,T_1000,2.665
1999,SEN,T_1000,2.472
2000,SEN,T_1000,2.898
2001,SEN,T_1000,2.589
2002,SEN,T_1000,2.866
2003,SEN,T_1000,2.979
2004,SEN,T_1000,3.2
2005,SEN,T_1000,3.528
2006,SEN,T_1000,3.428
2007,SEN,T_1000,3.313
2008,SEN,T_1000,3.499
2009,SEN,T_1000,3.623
2010,SEN,T_1000,4.114
2011,SEN,T_1000,3.969
2012,SEN,T_1000,4.259
2013,SEN,T_1000,4.0
2014,SEN,T_1000,4.077
2015,SEN,T_1000,4.145
2016,SEN,T_1000,4.578
2017,SEN,T_1000,4.458
2018,SEN,T_1000,4.699
2019,SEN,T_1000,5.182
2020,SEN,T_1000,5.086
2021,SEN,T_1000,5.11
2022,SEN,T_1000,5.857
2000,SGP,T_1000,8.019
2001,SGP,T_1000,8.27
2002,SGP,T_1000,6.873
2003,SGP,T_1000,5.882
2004,SGP,T_1000,5.783
2005,SGP,T_1000,5.923
2006,SGP,T_1000,5.795
2007,SGP,T_1000,5.982
2008,SGP,T_1000,7.143
2009,SGP,T_1000,5.825
2010,SGP,T_1000,5.568
2011,SGP,T_1000,5.78
2012,SGP,T_1000,6.033
2013,SGP,T_1000,5.68
2014,SGP,T_1000,5.909
2015,SGP,T_1000,5.833
2016,SGP,T_1000,5.851
2017,SGP,T_1000,6.675
2018,SGP,T_1000,6.002
2019,SGP,T_1000,6.341
2020,SGP,T_1000,6.711
2021,SGP,T_1000,6.021
2022,SGP,T_1000,6.014
2023,SGP,T_1000,7.161
1990,ZAF,T_1000,12.231
1991,ZAF,T_1000,11.592
1992,ZAF,T_1000,10.951
1993,ZAF,T_1000,10.368
1994,ZAF,T_1000,10.525
1995,ZAF,T_1000,10.526
1996,ZAF,T_1000,11.255
1997,ZAF,T_1000,11.529
1998,ZAF,T_1000,12.35
1999,ZAF,T_1000,12.216
2000,ZAF,T_1000,11.393
2001,ZAF,T_1000,12.569
2002,ZAF,T_1000,11.795
2003,ZAF,T_1000,11.251
2004,ZAF,T_1000,11.073
2005,ZAF,T_1000,11.987
2006,ZAF,T_1000,12.738
2007,ZAF,T_1000,13.545
2008,ZAF,T_1000,14.199
2009,ZAF,T_1000,12.803
2010,ZAF,T_1000,12.047
2011,ZAF,T_1000,12.387
2012,ZAF,T_1000,12.56
2013,ZAF,T_1000,12.674
2014,ZAF,T_1000,13.141
2015,ZAF,T_1000,13.683
2016,ZAF,T_1000,13.433
2017,ZAF,T_1000,13.704
2018,ZAF,T_1000,13.657
2019,ZAF,T_1000,13.583
2020,ZAF,T_1000,12.768
2021,ZAF,T_1000,14.185
2022,ZAF,T_1000,14.549
2013,BGR,_T,28.132
2014,BGR,_T,28.399
2015,BGR,_T,28.863
2016,BGR,_T,29.184
2017,BGR,_T,29.841
2018,BGR,_T,29.72
2019,BGR,_T,30.464
2020,BGR,_T,30.348
2021,BGR,_T,30.667
2022,BGR,_T,31.059
2023,BGR,_T,29.924
1990,CPV,_T,10.451
1991,CPV,_T,12.316
1992,CPV,_T,14.136
1993,CPV,_T,14.739
1994,CPV,_T,14.918
1995,CPV,_T,15.261
1996,CPV,_T,14.967
1997,CPV,_T,14.567
1998,CPV,_T,14.852
1999,CPV,_T,15.286
2000,CPV,_T,15.558
2001,CPV,_T,16.937
2002,CPV,_T,19.273
2003,CPV,_T,19.091
2004,CPV,_T,20.291
2005,CPV,_T,20.394
2006,CPV,_T,23.807
2007,CPV,_T,25.569
2008,CPV,_T,26.262
2009,CPV,_T,19.259
2010,CPV,_T,17.301
2011,CPV,_T,18.402
2012,CPV,_T,16.645
2013,CPV,_T,16.759
2014,CPV,_T,15.943
2015,CPV,_T,17.648
2016,CPV,_T,17.465
2017,CPV,_T,18.205
2018,CPV,_T,19.583
2019,CPV,_T,18.694
2020,CPV,_T,18.736
2021,CPV,_T,17.788
2022,CPV,_T,18.257
1993,CMR,_T,7.238
1994,CMR,_T,7.409
1995,CMR,_T,9.213
1996,CMR,_T,9.31
1997,CMR,_T,9.481
1998,CMR,_T,10.131
1999,CMR,_T,9.975
2000,CMR,_T,10.8
2001,CMR,_T,11.929
2002,CMR,_T,11.02
2003,CMR,_T,11.203
2004,CMR,_T,10.461
2005,CMR,_T,11.036
2006,CMR,_T,11.494
2007,CMR,_T,12.021
2008,CMR,_T,11.988
2009,CMR,_T,12.266
2010,CMR,_T,11.548
2011,CMR,_T,12.478
2012,CMR,_T,12.985
2013,CMR,_T,13.559
2014,CMR,_T,13.837
2015,CMR,_T,14.115
2016,CMR,_T,13.693
2017,CMR,_T,14.003
2018,CMR,_T,14.171
2019,CMR,_T,13.863
2020,CMR,_T,12.833
2021,CMR,_T,13.337
2022,CMR,_T,14.041
2007,CHN,_T,16.639
2008,CHN,_T,16.718
2009,CHN,_T,16.788
2010,CHN,_T,17.462
2011,CHN,_T,18.102
2012,CHN,_T,18.376
2013,CHN,_T,18.31
2014,CHN,_T,18.173
2015,CHN,_T,17.782
2016,CHN,_T,17.125
2017,CHN,_T,17.037
2018,CHN,_T,16.71
2019,CHN,_T,21.664
2020,CHN,_T,19.664
2021,CHN,_T,20.599
2022,CHN,_T,19.574
2023,CHN,_T,20.436
1995,HRV,_T,41.914
1996,HRV,_T,42.422
1997,HRV,_T,40.953
1998,HRV,_T,42.004
1999,HRV,_T,40.81
2000,HRV,_T,39.576
2001,HRV,_T,38.274
2002,HRV,_T,37.978
2003,HRV,_T,37.376
2004,HRV,_T,36.648
2005,HRV,_T,36.541
2006,HRV,_T,37.295
2007,HRV,_T,37.771
2008,HRV,_T,37.618
2009,HRV,_T,36.877
2010,HRV,_T,36.338
2011,HRV,_T,35.793
2012,HRV,_T,36.322
2013,HRV,_T,36.876
2014,HRV,_T,37.182
2015,HRV,_T,37.554
2016,HRV,_T,37.931
2017,HRV,_T,37.789
2018,HRV,_T,38.299
2019,HRV,_T,38.438
2020,HRV,_T,37.567
2021,HRV,_T,36.739
2022,HRV,_T,37.223
2000,MAR,_T,20.343
2001,MAR,_T,20.992
2002,MAR,_T,21.014
2003,MAR,_T,20.703
2004,MAR,_T,21.008
2005,MAR,_T,22.979
2006,MAR,_T,24.179
2007,MAR,_T,26.389
2008,MAR,_T,28.693
2009,MAR,_T,25.599
2010,MAR,_T,25.528
2011,MAR,_T,26.227
2012,MAR,_T,27.262
2013,MAR,_T,25.961
2014,MAR,_T,25.655
2015,MAR,_T,24.586
2016,MAR,_T,25.444
2017,MAR,_T,25.867
2018,MAR,_T,26.205
2019,MAR,_T,26.402
2020,MAR,_T,27.275
2021,MAR,_T,27.253
2022,MAR,_T,29.917
1995,ROU,_T,27.611
1996,ROU,_T,25.862
1997,ROU,_T,26.406
1998,ROU,_T,28.798
1999,ROU,_T,30.835
2000,ROU,_T,30.069
2001,ROU,_T,28.587
2002,ROU,_T,27.925
2003,ROU,_T,28.342
2004,ROU,_T,27.473
2005,ROU,_T,27.922
2006,ROU,_T,28.574
2007,ROU,_T,28.318
2008,ROU,_T,26.74
2009,ROU,_T,25.174
2010,ROU,_T,25.758
2011,ROU,_T,26.91
2012,ROU,_T,26.52
2013,ROU,_T,27.461
2014,ROU,_T,27.463
2015,ROU,_T,27.997
2016,ROU,_T,26.251
2017,ROU,_T,25.052
2018,ROU,_T,25.729
2019,ROU,_T,25.838
2020,ROU,_T,25.979
2021,ROU,_T,26.252
2022,ROU,_T,27.089
1997,SEN,_T,12.192
1998,SEN,_T,12.143
1999,SEN,_T,12.599
2000,SEN,_T,13.096
2001,SEN,_T,12.617
2002,SEN,_T,13.5
2003,SEN,_T,13.902
2004,SEN,_T,14.52
2005,SEN,_T,15.285
2006,SEN,_T,15.746
2007,SEN,_T,16.209
2008,SEN,_T,15.154
2009,SEN,_T,14.993
2010,SEN,_T,15.894
2011,SEN,_T,16.042
2012,SEN,_T,16.133
2013,SEN,_T,15.405
2014,SEN,_T,16.234
2015,SEN,_T,16.397
2016,SEN,_T,17.019
2017,SEN,_T,16.73
2018,SEN,_T,17.288
2019,SEN,_T,18.714
2020,SEN,_T,18.523
2021,SEN,_T,18.737
2022,SEN,_T,19.785
2000,SGP,_T,15.179
2001,SGP,_T,15.11
2002,SGP,_T,12.855
2003,SGP,_T,12.313
2004,SGP,_T,12.001
2005,SGP,_T,11.782
2006,SGP,_T,11.818
2007,SGP,_T,13.184
2008,SGP,_T,13.966
2009,SGP,_T,12.392
2010,SGP,_T,12.469
2011,SGP,_T,12.942
2012,SGP,_T,13.491
2013,SGP,_T,13.176
2014,SGP,_T,13.357
2015,SGP,_T,13.04
2016,SGP,_T,13.021
2017,SGP,_T,13.815
2018,SGP,_T,12.892
2019,SGP,_T,13.185
2020,SGP,_T,12.488
2021,SGP,_T,12.122
2022,SGP,_T,11.8
2023,SGP,_T,13.665
1990,ZAF,_T,21.88
1991,ZAF,_T,20.659
1992,ZAF,_T,19.405
1993,ZAF,_T,19.387
1994,ZAF,_T,19.789
1995,ZAF,_T,19.573
1996,ZAF,_T,20.119
1997,ZAF,_T,20.363
1998,ZAF,_T,21.178
1999,ZAF,_T,21.149
2000,ZAF,_T,20.089
2001,ZAF,_T,21.24
2002,ZAF,_T,20.685
2003,ZAF,_T,20.219
2004,ZAF,_T,21.215
2005,ZAF,_T,22.799
2006,ZAF,_T,23.966
2007,ZAF,_T,25.279
2008,ZAF,_T,25.263
2009,ZAF,_T,23.202
2010,ZAF,_T,23.122
2011,ZAF,_T,23.982
2012,ZAF,_T,24.409
2013,ZAF,_T,24.764
2014,ZAF,_T,25.42
2015,ZAF,_T,26.41
2016,ZAF,_T,26.008
2017,ZAF,_T,26.03
2018,ZAF,_T,26.46
2019,ZAF,_T,26.116
2020,ZAF,_T,25.11
2021,ZAF,_T,26.297
2022,ZAF,_T,27.067
2013,BGR,T_5000,15.255
2014,BGR,T_5000,14.893
2015,BGR,T_5000,15.247
2016,BGR,T_5000,15.432
2017,BGR,T_5000,15.313
2018,BGR,T_5000,14.83
2019,BGR,T_5000,15.383
2020,BGR,T_5000,15.051
2021,BGR,T_5000,14.979
2022,BGR,T_5000,14.13
2023,BGR,T_5000,14.159
1990,CPV,T_5000,5.917
1991,CPV,T_5000,7.739
1992,CPV,T_5000,9.162
1993,CPV,T_5000,9.019
1994,CPV,T_5000,8.935
1995,CPV,T_5000,9.349
1996,CPV,T_5000,9.075
1997,CPV,T_5000,8.671
1998,CPV,T_5000,9.144
1999,CPV,T_5000,9.166
2000,CPV,T_5000,8.376
2001,CPV,T_5000,9.823
2002,CPV,T_5000,11.036
2003,CPV,T_5000,11.309
2004,CPV,T_5000,12.401
2005,CPV,T_5000,12.64
2006,CPV,T_5000,14.93
2007,CPV,T_5000,16.28
2008,CPV,T_5000,16.714
2009,CPV,T_5000,11.994
2010,CPV,T_5000,11.132
2011,CPV,T_5000,11.95
2012,CPV,T_5000,10.468
2013,CPV,T_5000,10.676
2014,CPV,T_5000,10.391
2015,CPV,T_5000,11.138
2016,CPV,T_5000,11.105
2017,CPV,T_5000,11.805
2018,CPV,T_5000,12.661
2019,CPV,T_5000,12.034
2020,CPV,T_5000,12.163
2021,CPV,T_5000,12.461
2022,CPV,T_5000,13.555
1993,CMR,T_5000,4.061
1994,CMR,T_5000,4.552
1995,CMR,T_5000,6.086
1996,CMR,T_5000,6.253
1997,CMR,T_5000,6.386
1998,CMR,T_5000,6.43
1999,CMR,T_5000,6.454
2000,CMR,T_5000,6.713
2001,CMR,T_5000,7.161
2002,CMR,T_5000,6.243
2003,CMR,T_5000,6.549
2004,CMR,T_5000,6.396
2005,CMR,T_5000,6.673
2006,CMR,T_5000,6.943
2007,CMR,T_5000,7.041
2008,CMR,T_5000,7.12
2009,CMR,T_5000,6.97
2010,CMR,T_5000,6.939
2011,CMR,T_5000,7.474
2012,CMR,T_5000,7.319
2013,CMR,T_5000,7.781
2014,CMR,T_5000,8.062
2015,CMR,T_5000,8.048
2016,CMR,T_5000,8.198
2017,CMR,T_5000,8.801
2018,CMR,T_5000,8.819
2019,CMR,T_5000,8.445
2020,CMR,T_5000,7.51
2021,CMR,T_5000,8.009
2022,CMR,T_5000,8.193
2007,CHN,T_5000,10.513
2008,CHN,T_5000,10.69
2009,CHN,T_5000,10.988
2010,CHN,T_5000,11.651
2011,CHN,T_5000,11.845
2012,CHN,T_5000,11.989
2013,CHN,T_5000,11.577
2014,CHN,T_5000,11.262
2015,CHN,T_5000,10.506
2016,CHN,T_5000,10.012
2017,CHN,T_5000,9.829
2018,CHN,T_5000,9.44
2019,CHN,T_5000,8.938
2020,CHN,T_5000,8.19
2021,CHN,T_5000,7.911
2022,CHN,T_5000,6.937
2023,CHN,T_5000,8.038
1995,HRV,T_5000,19.812
1996,HRV,T_5000,19.123
1997,HRV,T_5000,18.446
1998,HRV,T_5000,19.852
1999,HRV,T_5000,19.377
2000,HRV,T_5000,19.76
2001,HRV,T_5000,19.29
2002,HRV,T_5000,19.522
2003,HRV,T_5000,19.179
2004,HRV,T_5000,18.518
2005,HRV,T_5000,18.29
2006,HRV,T_5000,18.395
2007,HRV,T_5000,18.029
2008,HRV,T_5000,17.96
2009,HRV,T_5000,17.113
2010,HRV,T_5000,17.594
2011,HRV,T_5000,17.296
2012,HRV,T_5000,18.254
2013,HRV,T_5000,18.691
2014,HRV,T_5000,18.865
2015,HRV,T_5000,19.633
2016,HRV,T_5000,19.759
2017,HRV,T_5000,19.894
2018,HRV,T_5000,20.156
2019,HRV,T_5000,20.281
2020,HRV,T_5000,19.262
2021,HRV,T_5000,19.538
2022,HRV,T_5000,19.012
2000,MAR,T_5000,11.336
2001,MAR,T_5000,10.903
2002,MAR,T_5000,10.674
2003,MAR,T_5000,10.006
2004,MAR,T_5000,9.958
2005,MAR,T_5000,10.383
2006,MAR,T_5000,10.595
2007,MAR,T_5000,11.783
2008,MAR,T_5000,12.367
2009,MAR,T_5000,11.022
2010,MAR,T_5000,11.94
2011,MAR,T_5000,11.963
2012,MAR,T_5000,11.929
2013,MAR,T_5000,11.239
2014,MAR,T_5000,10.986
2015,MAR,T_5000,10.367
2016,MAR,T_5000,10.486
2017,MAR,T_5000,10.831
2018,MAR,T_5000,11.227
2019,MAR,T_5000,11.125
2020,MAR,T_5000,10.983
2021,MAR,T_5000,11.554
2022,MAR,T_5000,12.389
1995,ROU,T_5000,8.709
1996,ROU,T_5000,8.53
1997,ROU,T_5000,9.012
1998,ROU,T_5000,11.052
1999,ROU,T_5000,11.824
2000,ROU,T_5000,11.554
2001,ROU,T_5000,10.936
2002,ROU,T_5000,11.198
2003,ROU,T_5000,12.144
2004,ROU,T_5000,11.404
2005,ROU,T_5000,12.526
2006,ROU,T_5000,12.317
2007,ROU,T_5000,11.607
2008,ROU,T_5000,10.845
2009,ROU,T_5000,9.848
2010,ROU,T_5000,11.197
2011,ROU,T_5000,12.072
2012,ROU,T_5000,12.305
2013,ROU,T_5000,12.513
2014,ROU,T_5000,12.2
2015,ROU,T_5000,12.856
2016,ROU,T_5000,11.137
2017,ROU,T_5000,10.148
2018,ROU,T_5000,10.151
2019,ROU,T_5000,10.326
2020,ROU,T_5000,10.075
2021,ROU,T_5000,10.473
2022,ROU,T_5000,10.608
1997,SEN,T_5000,8.521
1998,SEN,T_5000,8.377
1999,SEN,T_5000,9.013
2000,SEN,T_5000,9.061
2001,SEN,T_5000,8.833
2002,SEN,T_5000,9.365
2003,SEN,T_5000,9.58
2004,SEN,T_5000,9.957
2005,SEN,T_5000,10.366
2006,SEN,T_5000,10.895
2007,SEN,T_5000,11.482
2008,SEN,T_5000,10.236
2009,SEN,T_5000,9.935
2010,SEN,T_5000,10.084
2011,SEN,T_5000,10.606
2012,SEN,T_5000,10.097
2013,SEN,T_5000,9.641
2014,SEN,T_5000,10.339
2015,SEN,T_5000,10.343
2016,SEN,T_5000,10.528
2017,SEN,T_5000,10.054
2018,SEN,T_5000,10.19
2019,SEN,T_5000,11.295
2020,SEN,T_5000,10.725
2021,SEN,T_5000,11.524
2022,SEN,T_5000,12.072
2000,SGP,T_5000,4.719
2001,SGP,T_5000,4.679
2002,SGP,T_5000,4.119
2003,SGP,T_5000,4.505
2004,SGP,T_5000,4.196
2005,SGP,T_5000,4.001
2006,SGP,T_5000,3.764
2007,SGP,T_5000,4.338
2008,SGP,T_5000,4.503
2009,SGP,T_5000,4.272
2010,SGP,T_5000,4.283
2011,SGP,T_5000,4.245
2012,SGP,T_5000,4.115
2013,SGP,T_5000,4.054
2014,SGP,T_5000,4.184
2015,SGP,T_5000,4.138
2016,SGP,T_5000,4.135
2017,SGP,T_5000,3.941
2018,SGP,T_5000,3.797
2019,SGP,T_5000,3.794
2020,SGP,T_5000,3.616
2021,SGP,T_5000,3.391
2022,SGP,T_5000,3.208
2023,SGP,T_5000,3.655
1990,ZAF,T_5000,9.075
1991,ZAF,T_5000,8.567
1992,ZAF,T_5000,8.01
1993,ZAF,T_5000,8.497
1994,ZAF,T_5000,8.69
1995,ZAF,T_5000,8.499
1996,ZAF,T_5000,8.331
1997,ZAF,T_5000,8.28
1998,ZAF,T_5000,8.322
1999,ZAF,T_5000,8.329
2000,ZAF,T_5000,8.02
2001,ZAF,T_5000,7.907
2002,ZAF,T_5000,7.669
2003,ZAF,T_5000,7.821
2004,ZAF,T_5000,8.488
2005,ZAF,T_5000,8.869
2006,ZAF,T_5000,9.723
2007,ZAF,T_5000,9.748
2008,ZAF,T_5000,9.071
2009,ZAF,T_5000,8.498
2010,ZAF,T_5000,9.128
2011,ZAF,T_5000,9.651
2012,ZAF,T_5000,9.838
2013,ZAF,T_5000,10.085
2014,ZAF,T_5000,10.171
2015,ZAF,T_5000,10.661
2016,ZAF,T_5000,10.465
2017,ZAF,T_5000,10.07
2018,ZAF,T_5000,10.568
2019,ZAF,T_5000,10.219
2020,ZAF,T_5000,10.082
2021,ZAF,T_5000,10.392
2022,ZAF,T_5000,10.623
2020,AUS,T_2000,0.0
2021,AUS,T_2000,0.0
2022,AUS,T_2000,0.0
2008,GEO,T_2000,0.0
2009,GEO,T_2000,0.0
2010,GEO,T_2000,0.0
2011,GEO,T_2000,0.0
2012,GEO,T_2000,0.0
2013,GEO,T_2000,0.0
2014,GEO,T_2000,0.0
2015,GEO,T_2000,0.0
2016,GEO,T_2000,0.0
2017,GEO,T_2000,0.0
2018,GEO,T_2000,0.0
2019,GEO,T_2000,0.0
2020,GEO,T_2000,0.0
2021,GEO,T_2000,0.0
2022,GEO,T_2000,0.0
2023,GEO,T_2000,0.0
2010,HKG,T_2000,0.0
2011,HKG,T_2000,0.0
2012,HKG,T_2000,0.0
2013,HKG,T_2000,0.0
2014,HKG,T_2000,0.0
2015,HKG,T_2000,0.0
2016,HKG,T_2000,0.0
2017,HKG,T_2000,0.0
2018,HKG,T_2000,0.0
2019,HKG,T_2000,0.0
2020,HKG,T_2000,0.0
2021,HKG,T_2000,0.0
2022,HKG,T_2000,0.0
2023,HKG,T_2000,0.0
2020,AUS,_T,28.251
2020,AUS,T_4000,2.849
2020,AUS,T_5000,7.487
2020,AUS,T_1000,16.652
2021,AUS,T_1000,17.929
2021,AUS,T_5000,6.789
2021,AUS,T_4000,3.178
2021,AUS,_T,29.155
2022,AUS,_T,29.398
2022,AUS,T_4000,2.728
2022,AUS,T_5000,6.991
2022,AUS,T_1000,18.3
2012,ZMB,T_4000,0.061
2012,ZMB,T_5000,6.929
2012,ZMB,T_1000,7.739
2012,ZMB,_T,14.729
2013,ZMB,_T,14.149
2013,ZMB,T_1000,6.365
2013,ZMB,T_5000,7.671
2013,ZMB,T_4000,0.114
2014,ZMB,T_4000,0.12
2014,ZMB,T_5000,8.282
2014,ZMB,T_1000,6.88
2014,ZMB,_T,15.282
2015,ZMB,_T,14.289
2015,ZMB,T_1000,6.766
2015,ZMB,T_5000,7.35
2015,ZMB,T_4000,0.172
2016,ZMB,T_4000,0.155
2016,ZMB,T_5000,6.145
2016,ZMB,T_1000,6.732
2016,ZMB,_T,13.031
2017,ZMB,_T,14.894
2017,ZMB,T_1000,6.517
2017,ZMB,T_5000,8.204
2017,ZMB,T_4000,0.109
2018,ZMB,T_4000,0.079
2018,ZMB,T_5000,8.806
2018,ZMB,T_1000,7.218
2018,ZMB,_T,16.166
2019,ZMB,_T,16.215
2019,ZMB,T_1000,7.887
2019,ZMB,T_5000,8.145
2019,ZMB,T_4000,0.123
2020,ZMB,T_4000,0.101
2020,ZMB,T_5000,6.916
2020,ZMB,T_1000,8.64
2020,ZMB,_T,15.708
2021,ZMB,_T,16.15
2021,ZMB,T_1000,9.477
2021,ZMB,T_5000,6.539
2021,ZMB,T_4000,0.084
2022,ZMB,T_4000,0.09
2022,ZMB,T_5000,6.461
2022,ZMB,T_1000,9.562
2022,ZMB,_T,16.158
2010,HKG,T_1000,7.783
2010,HKG,T_4000,3.404
2010,HKG,_T,13.298
2010,HKG,T_5000,1.695
2011,HKG,T_5000,1.663
2011,HKG,_T,14.076
2011,HKG,T_4000,2.871
2011,HKG,T_1000,8.947
2012,HKG,T_1000,8.736
2012,HKG,T_4000,2.738
2012,HKG,_T,13.554
2012,HKG,T_5000,1.699
2013,HKG,T_5000,1.773
2013,HKG,_T,13.312
2013,HKG,T_4000,2.745
2013,HKG,T_1000,8.361
2014,HKG,T_1000,8.797
2014,HKG,T_4000,4.365
2014,HKG,_T,15.417
2014,HKG,T_5000,1.802
2015,HKG,T_5000,1.766
2015,HKG,_T,14.266
2015,HKG,T_4000,3.661
2015,HKG,T_1000,8.399
2016,HKG,T_1000,8.04
2016,HKG,T_4000,3.418
2016,HKG,_T,13.744
2016,HKG,T_5000,1.656
2017,HKG,T_5000,1.622
2017,HKG,_T,14.067
2017,HKG,T_4000,4.456
2017,HKG,T_1000,7.569
2018,HKG,T_1000,8.049
2018,HKG,T_4000,3.488
2018,HKG,_T,13.497
2018,HKG,T_5000,1.561
2019,HKG,T_5000,1.481
2019,HKG,_T,12.179
2019,HKG,T_4000,3.138
2019,HKG,T_1000,7.283
2020,HKG,T_1000,7.947
2020,HKG,T_4000,4.106
2020,HKG,_T,13.788
2020,HKG,T_5000,1.445
2021,HKG,T_5000,1.509
2021,HKG,_T,14.603
2021,HKG,T_4000,4.203
2021,HKG,T_1000,8.526
2022,HKG,T_1000,9.091
2022,HKG,T_4000,3.244
2022,HKG,_T,14.143
2022,HKG,T_5000,1.507
2023,HKG,T_5000,1.552
2023,HKG,_T,13.087
2023,HKG,T_4000,2.67
2023,HKG,T_1000,8.469
1995,GEO,T_5000,2.643
1995,GEO,T_1000,1.961
1995,GEO,T_2000,1.62
1995,GEO,T_4000,0.444
1995,GEO,_T,7.282
1996,GEO,_T,10.209
1996,GEO,T_4000,0.493
1996,GEO,T_2000,1.744
1996,GEO,T_1000,1.94
1996,GEO,T_5000,4.746
1997,GEO,T_5000,7.638
1997,GEO,T_1000,2.419
1997,GEO,T_2000,1.496
1997,GEO,T_4000,0.645
1997,GEO,_T,12.669
1998,GEO,_T,12.88
1998,GEO,T_4000,0.776
1998,GEO,T_2000,2.033
1998,GEO,T_1000,2.679
1998,GEO,T_5000,6.745
1999,GEO,T_5000,7.415
1999,GEO,T_1000,2.74
1999,GEO,T_2000,1.833
1999,GEO,T_4000,0.837
1999,GEO,_T,13.733
2000,GEO,_T,14.389
2000,GEO,T_4000,0.747
2000,GEO,T_2000,2.332
2000,GEO,T_1000,3.034
2000,GEO,T_5000,7.631
2001,GEO,T_5000,7.816
2001,GEO,T_1000,2.949
2001,GEO,T_2000,2.326
2001,GEO,T_4000,0.66
2001,GEO,_T,14.528
2002,GEO,_T,14.72
2002,GEO,T_4000,0.75
2002,GEO,T_2000,2.256
2002,GEO,T_1000,2.938
2002,GEO,T_5000,8.557
2003,GEO,T_5000,7.575
2003,GEO,T_1000,2.886
2003,GEO,T_2000,2.529
2003,GEO,T_4000,0.801
2003,GEO,_T,13.953
2004,GEO,_T,19.133
2004,GEO,T_4000,0.46
2004,GEO,T_2000,3.982
2004,GEO,T_1000,4.26
2004,GEO,T_5000,10.233
2005,GEO,T_5000,11.872
2005,GEO,T_1000,4.194
2005,GEO,T_2000,3.589
2005,GEO,T_4000,0.506
2005,GEO,_T,20.186
2006,GEO,_T,22.215
2006,GEO,T_4000,0.605
2006,GEO,T_2000,3.547
2006,GEO,T_1000,5.129
2006,GEO,T_5000,12.778
2007,GEO,T_5000,14.048
2007,GEO,T_1000,6.19
2007,GEO,T_2000,4.133
2007,GEO,T_4000,0.618
2007,GEO,_T,25.134
2008,GEO,_T,24.235
2008,GEO,T_4000,0.673
2008,GEO,T_1000,9.629
2008,GEO,T_5000,13.459
2009,GEO,T_5000,13.687
2009,GEO,T_1000,8.851
2009,GEO,T_4000,0.867
2009,GEO,_T,23.735
2010,GEO,_T,21.977
2010,GEO,T_4000,0.866
2010,GEO,T_1000,8.028
2010,GEO,T_5000,12.797
2011,GEO,T_5000,13.382
2011,GEO,T_1000,9.132
2011,GEO,T_4000,0.844
2011,GEO,_T,23.505
2012,GEO,_T,23.913
2012,GEO,T_4000,0.824
2012,GEO,T_1000,9.377
2012,GEO,T_5000,13.586
2013,GEO,T_5000,12.559
2013,GEO,T_1000,9.406
2013,GEO,T_4000,0.792
2013,GEO,_T,22.855
2014,GEO,_T,22.828
2014,GEO,T_4000,0.775
2014,GEO,T_1000,8.724
2014,GEO,T_5000,13.251
2015,GEO,T_5000,12.867
2015,GEO,T_1000,9.403
2015,GEO,T_4000,0.84
2015,GEO,_T,23.187
2016,GEO,_T,24.036
2016,GEO,T_4000,0.994
2016,GEO,T_1000,9.493
2016,GEO,T_5000,12.109
2017,GEO,T_5000,13.655
2017,GEO,T_1000,8.891
2017,GEO,T_4000,0.955
2017,GEO,_T,23.968
2018,GEO,_T,23.02
2018,GEO,T_4000,0.972
2018,GEO,T_1000,8.78
2018,GEO,T_5000,13.148
2019,GEO,T_5000,13.725
2019,GEO,T_1000,8.746
2019,GEO,T_4000,0.954
2019,GEO,_T,23.851
2020,GEO,_T,22.052
2020,GEO,T_4000,0.871
2020,GEO,T_1000,8.528
2020,GEO,T_5000,12.506
2021,GEO,T_5000,13.385
2021,GEO,T_1000,7.89
2021,GEO,T_4000,0.841
2021,GEO,_T,22.314
2022,GEO,_T,23.731
2022,GEO,T_4000,0.828
2022,GEO,T_1000,9.558
2022,GEO,T_5000,13.134
2023,GEO,T_5000,13.086
2023,GEO,T_1000,10.002
2023,GEO,T_4000,0.802
2023,GEO,_T,24.401
1997,IDN,T_1000,3.586
1997,IDN,T_5000,3.614
1997,IDN,_T,7.599
1997,IDN,T_4000,0.32
1998,IDN,T_4000,0.23
1998,IDN,_T,6.174
1998,IDN,T_5000,2.909
1998,IDN,T_1000,2.993
1999,IDN,T_1000,4.231
1999,IDN,T_5000,3.212
1999,IDN,_T,7.76
1999,IDN,T_4000,0.284
2000,IDN,T_4000,0.293
2000,IDN,_T,7.871
2000,IDN,T_5000,3.521
2000,IDN,T_1000,3.753
2001,IDN,T_1000,5.25
2001,IDN,T_5000,4.603
2001,IDN,_T,10.895
2001,IDN,T_4000,0.37
2002,IDN,T_4000,0.393
2002,IDN,_T,11.269
2002,IDN,T_5000,4.962
2002,IDN,T_1000,5.11
2003,IDN,T_1000,5.22
2003,IDN,T_5000,5.195
2003,IDN,_T,11.807
2003,IDN,T_4000,0.495
2004,IDN,T_4000,0.585
2004,IDN,_T,12.095
2004,IDN,T_5000,5.752
2004,IDN,T_1000,4.758
2005,IDN,T_1000,5.783
2005,IDN,T_5000,4.934
2005,IDN,_T,12.358
2005,IDN,T_4000,0.647
2006,IDN,T_4000,0.658
2006,IDN,_T,11.915
2006,IDN,T_5000,4.763
2006,IDN,T_1000,5.716
2007,IDN,T_1000,5.515
2007,IDN,T_5000,5.092
2007,IDN,_T,12.224
2007,IDN,T_4000,0.744
2008,IDN,T_4000,0.624
2008,IDN,_T,12.99
2008,IDN,T_5000,5.489
2008,IDN,T_1000,6.048
2009,IDN,T_1000,5.284
2009,IDN,T_5000,4.466
2009,IDN,_T,11.043
2009,IDN,T_4000,0.562
2010,IDN,T_4000,0.591
2010,IDN,_T,11.356
2010,IDN,T_5000,4.745
2010,IDN,T_1000,5.202
2011,IDN,T_1000,5.505
2011,IDN,T_5000,5.221
2011,IDN,_T,12.171
2011,IDN,T_4000,0.427
2012,IDN,T_4000,0.381
2012,IDN,_T,12.484
2012,IDN,T_5000,5.598
2012,IDN,T_1000,5.398
2013,IDN,T_1000,5.305
2013,IDN,T_5000,5.667
2013,IDN,_T,12.495
2013,IDN,T_4000,0.31
2014,IDN,T_4000,0.269
2014,IDN,_T,12.163
2014,IDN,T_5000,5.405
2014,IDN,T_1000,5.167
2015,IDN,T_2000,0.067
2015,IDN,T_1000,5.225
2015,IDN,T_5000,5.239
2015,IDN,_T,12.111
2015,IDN,T_4000,0.293
2016,IDN,T_4000,0.196
2016,IDN,_T,12.009
2016,IDN,T_5000,4.776
2016,IDN,T_1000,5.372
2016,IDN,T_2000,0.381
2017,IDN,T_2000,0.4
2017,IDN,T_1000,4.759
2017,IDN,T_5000,4.961
2017,IDN,_T,11.612
2017,IDN,T_4000,0.161
2018,IDN,T_4000,0.168
2018,IDN,_T,11.973
2018,IDN,T_5000,5.01
2018,IDN,T_1000,5.054
2018,IDN,T_2000,0.429
2019,IDN,T_2000,0.503
2019,IDN,T_1000,4.878
2019,IDN,T_5000,4.709
2019,IDN,_T,11.588
2019,IDN,T_4000,0.169
2020,IDN,T_4000,0.169
2020,IDN,_T,10.071
2020,IDN,T_5000,4.299
2020,IDN,T_1000,3.847
2020,IDN,T_2000,0.589
2021,IDN,T_2000,0.575
2021,IDN,T_1000,4.16
2021,IDN,T_5000,4.837
2021,IDN,_T,10.866
2021,IDN,T_4000,0.111
2022,IDN,T_4000,0.153
2022,IDN,_T,12.068
2022,IDN,T_5000,5.135
2022,IDN,T_1000,5.096
2022,IDN,T_2000,0.519
2023,IDN,T_2000,0.522
2023,IDN,T_1000,5.08
2023,IDN,T_5000,5.027
2023,IDN,_T,12.048
2023,IDN,T_4000,0.191
1993,MDG,T_4000,0.085
1993,MDG,T_1000,1.327
1993,MDG,T_5000,5.047
1993,MDG,_T,6.56
1994,MDG,_T,6.328
1994,MDG,T_5000,4.765
1994,MDG,T_1000,1.191
1994,MDG,T_4000,0.087
1995,MDG,T_4000,0.073
1995,MDG,T_1000,1.011
1995,MDG,T_5000,5.371
1995,MDG,_T,6.579
1996,MDG,_T,6.768
1996,MDG,T_5000,5.311
1996,MDG,T_1000,1.274
1996,MDG,T_4000,0.075
1997,MDG,T_4000,0.108
1997,MDG,T_1000,1.502
1997,MDG,T_5000,5.974
1997,MDG,_T,7.72
1998,MDG,_T,8.262
1998,MDG,T_5000,6.638
1998,MDG,T_1000,1.437
1998,MDG,T_4000,0.064
1999,MDG,T_4000,0.071
1999,MDG,T_1000,1.471
1999,MDG,T_5000,7.846
1999,MDG,_T,9.561
2000,MDG,_T,9.447
2000,MDG,T_5000,7.796
2000,MDG,T_1000,1.484
2000,MDG,T_4000,0.069
2001,MDG,T_4000,0.067
2001,MDG,T_1000,1.653
2001,MDG,T_5000,6.265
2001,MDG,_T,8.074
2002,MDG,_T,6.265
2002,MDG,T_5000,4.709
2002,MDG,T_1000,1.436
2002,MDG,T_4000,0.052
2003,MDG,T_4000,0.075
2003,MDG,T_1000,1.444
2003,MDG,T_5000,6.942
2003,MDG,_T,8.563
2004,MDG,_T,9.346
2004,MDG,T_5000,7.476
2004,MDG,T_1000,1.684
2004,MDG,T_4000,0.082
2005,MDG,T_4000,0.073
2005,MDG,T_1000,1.874
2005,MDG,T_5000,6.617
2005,MDG,_T,8.66
2006,MDG,_T,9.183
2006,MDG,T_5000,6.69
2006,MDG,T_1000,2.329
2006,MDG,T_4000,0.066
2007,MDG,T_4000,0.228
2007,MDG,T_1000,2.234
2007,MDG,T_5000,7.272
2007,MDG,_T,9.831
2008,MDG,_T,11.373
2008,MDG,T_5000,8.141
2008,MDG,T_1000,2.908
2008,MDG,T_4000,0.159
2009,MDG,T_4000,0.056
2009,MDG,T_1000,2.461
2009,MDG,T_5000,6.883
2009,MDG,_T,9.449
2010,MDG,_T,8.513
2010,MDG,T_5000,6.078
2010,MDG,T_1000,2.35
2010,MDG,T_4000,0.051
2011,MDG,T_4000,0.065
2011,MDG,T_1000,2.281
2011,MDG,T_5000,6.3
2011,MDG,_T,9.004
2011,MDG,T_2000,0.314
2012,MDG,T_2000,0.315
2012,MDG,_T,8.659
2012,MDG,T_5000,6.258
2012,MDG,T_1000,2.017
2012,MDG,T_4000,0.054
2013,MDG,T_4000,0.056
2013,MDG,T_1000,2.081
2013,MDG,T_5000,6.618
2013,MDG,_T,9.119
2013,MDG,T_2000,0.353
2014,MDG,T_2000,0.374
2014,MDG,_T,8.833
2014,MDG,T_5000,6.365
2014,MDG,T_1000,2.022
2014,MDG,T_4000,0.061
2015,MDG,T_4000,0.073
2015,MDG,T_1000,2.128
2015,MDG,T_5000,6.738
2015,MDG,_T,9.349
2015,MDG,T_2000,0.401
2016,MDG,T_2000,0.351
2016,MDG,_T,9.596
2016,MDG,T_5000,6.794
2016,MDG,T_1000,2.345
2016,MDG,T_4000,0.067
2017,MDG,T_4000,0.063
2017,MDG,T_1000,2.442
2017,MDG,T_5000,7.485
2017,MDG,_T,10.415
2017,MDG,T_2000,0.388
2018,MDG,T_2000,0.645
2018,MDG,_T,10.911
2018,MDG,T_5000,7.57
2018,MDG,T_1000,2.56
2018,MDG,T_4000,0.089
2019,MDG,T_4000,0.062
2019,MDG,T_1000,2.817
2019,MDG,T_5000,7.621
2019,MDG,_T,11.062
2019,MDG,T_2000,0.511
2020,MDG,T_2000,0.616
2020,MDG,_T,10.137
2020,MDG,T_5000,6.807
2020,MDG,T_1000,2.641
2020,MDG,T_4000,0.061
2021,MDG,T_4000,0.065
2021,MDG,T_1000,2.775
2021,MDG,T_5000,7.392
2021,MDG,_T,10.673
2021,MDG,T_2000,0.435
2022,MDG,T_2000,0.57
2022,MDG,_T,11.473
2022,MDG,T_5000,7.751
2022,MDG,T_1000,3.071
2022,MDG,T_4000,0.065
1990,AUT,_T,39.288
1990,AUT,T_5000,12.384
1990,AUT,T_1000,10.031
1990,AUT,T_4000,1.071
1990,AUT,T_2000,12.914
1991,AUT,T_2000,13.001
1991,AUT,T_4000,1.089
1991,AUT,T_1000,10.556
1991,AUT,T_5000,12.196
1991,AUT,_T,39.748
1992,AUT,_T,41.282
1992,AUT,T_5000,12.471
1992,AUT,T_1000,11.093
1992,AUT,T_4000,1.118
1992,AUT,T_2000,13.619
1993,AUT,T_2000,14.165
1993,AUT,T_4000,1.083
1993,AUT,T_1000,11.241
1993,AUT,T_5000,12.231
1993,AUT,_T,41.688
1994,AUT,_T,41.701
1994,AUT,T_5000,12.903
1994,AUT,T_1000,10.324
1994,AUT,T_4000,0.654
1994,AUT,T_2000,14.618
1995,AUT,T_2000,14.713
1995,AUT,T_4000,0.612
1995,AUT,T_1000,10.784
1995,AUT,T_5000,11.984
1995,AUT,_T,41.271
1996,AUT,_T,42.641
1996,AUT,T_5000,12.371
1996,AUT,T_1000,11.787
1996,AUT,T_4000,0.607
1996,AUT,T_2000,14.739
1997,AUT,T_2000,14.693
1997,AUT,T_4000,0.576
1997,AUT,T_1000,12.378
1997,AUT,T_5000,12.651
1997,AUT,_T,43.44
1998,AUT,_T,43.447
1998,AUT,T_5000,12.587
1998,AUT,T_1000,12.514
1998,AUT,T_4000,0.572
1998,AUT,T_2000,14.608
1999,AUT,T_2000,14.563
1999,AUT,T_4000,0.573
1999,AUT,T_1000,12.151
1999,AUT,T_5000,12.697
1999,AUT,_T,43.09
2000,AUT,_T,42.285
2000,AUT,T_5000,12.404
2000,AUT,T_1000,11.963
2000,AUT,T_4000,0.565
2000,AUT,T_2000,14.283
2001,AUT,T_2000,14.244
2001,AUT,T_4000,0.57
2001,AUT,T_1000,13.618
2001,AUT,T_5000,12.374
2001,AUT,_T,43.886
2002,AUT,_T,42.697
2002,AUT,T_5000,12.505
2002,AUT,T_1000,12.525
2002,AUT,T_4000,0.532
2002,AUT,T_2000,14.058
2003,AUT,T_2000,14.09
2003,AUT,T_4000,0.545
2003,AUT,T_1000,12.354
2003,AUT,T_5000,12.372
2003,AUT,_T,42.409
2004,AUT,_T,41.958
2004,AUT,T_5000,12.265
2004,AUT,T_1000,12.135
2004,AUT,T_4000,0.54
2004,AUT,T_2000,14.015
2005,AUT,T_2000,13.897
2005,AUT,T_4000,0.541
2005,AUT,T_1000,11.62
2005,AUT,T_5000,12.026
2005,AUT,_T,41.012
2006,AUT,_T,40.408
2006,AUT,T_5000,11.602
2006,AUT,T_1000,11.59
2006,AUT,T_4000,0.564
2006,AUT,T_2000,13.75
2007,AUT,T_2000,13.541
2007,AUT,T_4000,0.554
2007,AUT,T_1000,12.085
2007,AUT,T_5000,11.483
2007,AUT,_T,40.548
2008,AUT,_T,41.391
1995,MLT,T_1000,8.31
1995,MLT,T_4000,1.073
1995,MLT,T_2000,6.433
1995,MLT,_T,28.279
1995,MLT,T_5000,12.442
1996,MLT,T_5000,11.683
1996,MLT,_T,25.726
1996,MLT,T_2000,6.333
1996,MLT,T_4000,0.96
1996,MLT,T_1000,6.751
1997,MLT,T_1000,7.69
1997,MLT,T_4000,0.886
1997,MLT,T_2000,6.435
1997,MLT,_T,26.846
1997,MLT,T_5000,11.834
1998,MLT,T_5000,10.826
1998,MLT,_T,24.548
1998,MLT,T_2000,5.99
1998,MLT,T_4000,0.813
1998,MLT,T_1000,6.918
1999,MLT,T_1000,7.832
1999,MLT,T_4000,0.768
1999,MLT,T_2000,5.959
1999,MLT,_T,26.279
1999,MLT,T_5000,11.72
2000,MLT,T_5000,11.222
2000,MLT,_T,25.671
2000,MLT,T_2000,5.902
2000,MLT,T_4000,0.717
2000,MLT,T_1000,7.829
2001,MLT,T_1000,8.359
2001,MLT,T_4000,0.796
2001,MLT,T_2000,6.021
2001,MLT,_T,26.808
2001,MLT,T_5000,11.632
2002,MLT,T_5000,11.857
2002,MLT,_T,28.013
2002,MLT,T_2000,5.995
2002,MLT,T_4000,1.028
2002,MLT,T_1000,9.133
2003,MLT,T_1000,9.961
2003,MLT,T_4000,1.081
2003,MLT,T_2000,6.005
2003,MLT,_T,29.119
2003,MLT,T_5000,12.071
2004,MLT,T_5000,12.457
2004,MLT,_T,29.555
2004,MLT,T_2000,5.968
2004,MLT,T_4000,1.512
2004,MLT,T_1000,9.618
2005,MLT,T_1000,10.067
2005,MLT,T_4000,1.51
2005,MLT,T_2000,5.971
2005,MLT,_T,31.596
2005,MLT,T_5000,14.048
2006,MLT,T_5000,13.771
2006,MLT,_T,31.892
2006,MLT,T_2000,5.848
2006,MLT,T_4000,1.467
2006,MLT,T_1000,10.805
2007,MLT,T_1000,11.913
2007,MLT,T_4000,1.559
2007,MLT,T_2000,5.572
2007,MLT,_T,32.659
2007,MLT,T_5000,13.615
2008,MLT,T_5000,13.174
2008,MLT,_T,31.483
2008,MLT,T_2000,5.637
2008,MLT,T_4000,1.218
2008,MLT,T_1000,11.455
2009,MLT,T_1000,12.038
2009,MLT,T_4000,1.007
2009,MLT,T_2000,5.592
2009,MLT,_T,31.637
2009,MLT,T_5000,13.0
2010,MLT,T_5000,13.127
2010,MLT,_T,30.691
2010,MLT,T_2000,5.399
2010,MLT,T_4000,0.957
2010,MLT,T_1000,11.207
2011,MLT,T_1000,11.5
2011,MLT,T_4000,0.967
2011,MLT,T_2000,5.671
2011,MLT,_T,31.219
2011,MLT,T_5000,13.08
2012,MLT,T_5000,12.608
2012,MLT,_T,30.99
2012,MLT,T_2000,5.51
2012,MLT,T_4000,0.931
2012,MLT,T_1000,11.942
2013,MLT,T_1000,12.291
2013,MLT,T_4000,0.838
2013,MLT,T_2000,5.332
2013,MLT,_T,30.576
2013,MLT,T_5000,12.115
2014,MLT,T_5000,12.861
2014,MLT,_T,30.868
2014,MLT,T_2000,5.183
2014,MLT,T_4000,0.835
2014,MLT,T_1000,11.989
2015,MLT,T_1000,11.564
2015,MLT,T_4000,0.932
2015,MLT,T_2000,4.885
2015,MLT,_T,29.391
2015,MLT,T_5000,12.01
2016,MLT,T_5000,13.16
2016,MLT,_T,31.421
2016,MLT,T_2000,4.972
2016,MLT,T_4000,1.065
2016,MLT,T_1000,12.224
2017,MLT,T_1000,12.053
2017,MLT,T_4000,1.017
2017,MLT,T_2000,4.732
2017,MLT,_T,30.881
2017,MLT,T_5000,13.079
2018,MLT,T_5000,12.544
2018,MLT,_T,30.358
2018,MLT,T_2000,4.806
2018,MLT,T_4000,1.202
2018,MLT,T_1000,11.806
2019,MLT,T_1000,12.247
2019,MLT,T_4000,1.091
2019,MLT,T_2000,4.771
2019,MLT,_T,30.012
2019,MLT,T_5000,11.903
2020,MLT,T_5000,10.602
2020,MLT,_T,27.754
2020,MLT,T_2000,5.112
2020,MLT,T_4000,0.642
2020,MLT,T_1000,11.398
2021,MLT,T_1000,11.912
2021,MLT,T_4000,0.76
2021,MLT,T_2000,4.841
2021,MLT,_T,27.419
2021,MLT,T_5000,9.906
2022,MLT,T_5000,10.052
2022,MLT,_T,27.649
2022,MLT,T_2000,4.839
2022,MLT,T_4000,0.758
2022,MLT,T_1000,12.001
2023,MLT,T_1000,11.47
2023,MLT,T_4000,0.831
2023,MLT,T_2000,4.646
2023,MLT,_T,26.527
2023,MLT,T_5000,9.579
1990,AUS,T_2000,0.0
1991,AUS,T_2000,0.0
1992,AUS,T_2000,0.0
1993,AUS,T_2000,0.0
1994,AUS,T_2000,0.0
1995,AUS,T_2000,0.0
1996,AUS,T_2000,0.0
1997,AUS,T_2000,0.0
1998,AUS,T_2000,0.0
1999,AUS,T_2000,0.0
2000,AUS,T_2000,0.0
2001,AUS,T_2000,0.0
2002,AUS,T_2000,0.0
2003,AUS,T_2000,0.0
2004,AUS,T_2000,0.0
2005,AUS,T_2000,0.0
2006,AUS,T_2000,0.0
2007,AUS,T_2000,0.0
2008,AUS,T_2000,0.0
2009,AUS,T_2000,0.0
2010,AUS,T_2000,0.0
2011,AUS,T_2000,0.0
2012,AUS,T_2000,0.0
2013,AUS,T_2000,0.0
2014,AUS,T_2000,0.0
2015,AUS,T_2000,0.0
2016,AUS,T_2000,0.0
2017,AUS,T_2000,0.0
2018,AUS,T_2000,0.0
2019,AUS,T_2000,0.0
1990,NZL,T_2000,0.0
1991,NZL,T_2000,0.0
1992,NZL,T_2000,0.0
1993,NZL,T_2000,0.0
1994,NZL,T_2000,0.0
1995,NZL,T_2000,0.0
1996,NZL,T_2000,0.0
1997,NZL,T_2000,0.0
1998,NZL,T_2000,0.0
1999,NZL,T_2000,0.0
2000,NZL,T_2000,0.0
2001,NZL,T_2000,0.0
2002,NZL,T_2000,0.0
2003,NZL,T_2000,0.0
2004,NZL,T_2000,0.0
2005,NZL,T_2000,0.0
2006,NZL,T_2000,0.0
2007,NZL,T_2000,0.0
2008,NZL,T_2000,0.0
2009,NZL,T_2000,0.0
2010,NZL,T_2000,0.0
2011,NZL,T_2000,0.0
2012,NZL,T_2000,0.0
2013,NZL,T_2000,0.0
2014,NZL,T_2000,0.0
2015,NZL,T_2000,0.0
2016,NZL,T_2000,0.0
2017,NZL,T_2000,0.0
2018,NZL,T_2000,0.0
2019,NZL,T_2000,0.0
2020,NZL,T_2000,0.0
2021,NZL,T_2000,0.0
2022,NZL,T_2000,0.0
2023,NZL,T_2000,0.0
2008,AUT,T_2000,13.673
2009,AUT,T_2000,14.106
2010,AUT,T_2000,13.999
2011,AUT,T_2000,13.978
2012,AUT,T_2000,14.096
2013,AUT,T_2000,14.462
2014,AUT,T_2000,14.501
2015,AUT,T_2000,14.485
2016,AUT,T_2000,14.493
2017,AUT,T_2000,14.598
2018,AUT,T_2000,14.709
2019,AUT,T_2000,14.877
2020,AUT,T_2000,15.498
2021,AUT,T_2000,15.363
2022,AUT,T_2000,14.734
2023,AUT,T_2000,14.837
1990,BEL,T_2000,13.749
1991,BEL,T_2000,14.272
1992,BEL,T_2000,14.465
1993,BEL,T_2000,14.679
1994,BEL,T_2000,14.359
1995,BEL,T_2000,14.038
1996,BEL,T_2000,14.106
1997,BEL,T_2000,13.927
1998,BEL,T_2000,13.979
1999,BEL,T_2000,13.919
2000,BEL,T_2000,13.508
2001,BEL,T_2000,13.686
2002,BEL,T_2000,13.908
2003,BEL,T_2000,13.804
2004,BEL,T_2000,13.503
2005,BEL,T_2000,13.301
2006,BEL,T_2000,13.263
2007,BEL,T_2000,13.351
2008,BEL,T_2000,13.789
2009,BEL,T_2000,14.279
2010,BEL,T_2000,13.911
2011,BEL,T_2000,14.081
2012,BEL,T_2000,14.261
2013,BEL,T_2000,14.338
2014,BEL,T_2000,14.164
2015,BEL,T_2000,14.08
2016,BEL,T_2000,13.481
2017,BEL,T_2000,13.411
2018,BEL,T_2000,13.266
2019,BEL,T_2000,13.186
2020,BEL,T_2000,13.505
2021,BEL,T_2000,12.894
2022,BEL,T_2000,12.889
2023,BEL,T_2000,13.186
1990,CAN,T_2000,4.26
1991,CAN,T_2000,4.666
1992,CAN,T_2000,4.983
1993,CAN,T_2000,4.89
1994,CAN,T_2000,5.016
1995,CAN,T_2000,4.845
1996,CAN,T_2000,4.892
1997,CAN,T_2000,4.765
1998,CAN,T_2000,4.956
1999,CAN,T_2000,4.75
2000,CAN,T_2000,4.719
2001,CAN,T_2000,4.838
2002,CAN,T_2000,5.033
2003,CAN,T_2000,5.057
2004,CAN,T_2000,4.887
2005,CAN,T_2000,4.821
2006,CAN,T_2000,4.768
2007,CAN,T_2000,4.673
2008,CAN,T_2000,4.521
2009,CAN,T_2000,4.861
2010,CAN,T_2000,4.609
2011,CAN,T_2000,4.538
2012,CAN,T_2000,4.699
2013,CAN,T_2000,4.752
2014,CAN,T_2000,4.68
2015,CAN,T_2000,4.842
2016,CAN,T_2000,4.888
2017,CAN,T_2000,4.624
2018,CAN,T_2000,4.65
2019,CAN,T_2000,4.685
2020,CAN,T_2000,4.841
2021,CAN,T_2000,4.804
2022,CAN,T_2000,4.748
2023,CAN,T_2000,5.186
1990,CHL,T_2000,1.506
1991,CHL,T_2000,1.359
1992,CHL,T_2000,1.415
1993,CHL,T_2000,1.342
1994,CHL,T_2000,1.276
1995,CHL,T_2000,1.177
1996,CHL,T_2000,1.244
1997,CHL,T_2000,1.25
1998,CHL,T_2000,1.316
1999,CHL,T_2000,1.37
2000,CHL,T_2000,1.366
2001,CHL,T_2000,1.383
2002,CHL,T_2000,1.402
2003,CHL,T_2000,1.376
2004,CHL,T_2000,1.37
2005,CHL,T_2000,1.361
2006,CHL,T_2000,1.288
2007,CHL,T_2000,1.274
2008,CHL,T_2000,1.373
2009,CHL,T_2000,1.427
2010,CHL,T_2000,1.349
2011,CHL,T_2000,1.336
2012,CHL,T_2000,1.387
2013,CHL,T_2000,1.434
2014,CHL,T_2000,1.426
2015,CHL,T_2000,1.42
2016,CHL,T_2000,1.447
2017,CHL,T_2000,1.465
2018,CHL,T_2000,1.471
2019,CHL,T_2000,1.532
2020,CHL,T_2000,1.543
2021,CHL,T_2000,1.175
2022,CHL,T_2000,0.98
2023,CHL,T_2000,1.164
1990,COL,T_2000,0.896
1991,COL,T_2000,1.849
1992,COL,T_2000,1.956
1993,COL,T_2000,2.193
1994,COL,T_2000,2.803
1995,COL,T_2000,3.642
1996,COL,T_2000,3.93
1997,COL,T_2000,4.09
1998,COL,T_2000,3.502
1999,COL,T_2000,3.238
2000,COL,T_2000,2.557
2001,COL,T_2000,2.533
2002,COL,T_2000,2.305
2003,COL,T_2000,2.114
2004,COL,T_2000,2.385
2005,COL,T_2000,2.321
2006,COL,T_2000,2.241
2007,COL,T_2000,2.262
2008,COL,T_2000,2.021
2009,COL,T_2000,2.061
2010,COL,T_2000,2.11
2011,COL,T_2000,1.665
2012,COL,T_2000,1.773
2013,COL,T_2000,2.331
2014,COL,T_2000,1.798
2015,COL,T_2000,1.688
2016,COL,T_2000,1.788
2017,COL,T_2000,1.451
2018,COL,T_2000,1.842
2019,COL,T_2000,1.845
2020,COL,T_2000,1.842
2021,COL,T_2000,1.817
2022,COL,T_2000,1.627
2023,COL,T_2000,1.614
1990,CRI,T_2000,6.47
1991,CRI,T_2000,4.801
1992,CRI,T_2000,5.023
1993,CRI,T_2000,5.376
1994,CRI,T_2000,5.768
1995,CRI,T_2000,5.665
1996,CRI,T_2000,5.849
1997,CRI,T_2000,5.848
1998,CRI,T_2000,6.005
1999,CRI,T_2000,6.385
2000,CRI,T_2000,6.42
2001,CRI,T_2000,6.563
2002,CRI,T_2000,6.834
2003,CRI,T_2000,6.549
2004,CRI,T_2000,6.296
2005,CRI,T_2000,6.45
2006,CRI,T_2000,6.405
2007,CRI,T_2000,6.372
2008,CRI,T_2000,6.637
2009,CRI,T_2000,7.05
2010,CRI,T_2000,7.325
2011,CRI,T_2000,7.547
2012,CRI,T_2000,7.522
2013,CRI,T_2000,7.572
2014,CRI,T_2000,7.55
2015,CRI,T_2000,7.64
2016,CRI,T_2000,7.923
2017,CRI,T_2000,7.689
2018,CRI,T_2000,7.94
2019,CRI,T_2000,8.0
2020,CRI,T_2000,8.142
2021,CRI,T_2000,8.941
2022,CRI,T_2000,8.761
2023,CRI,T_2000,8.908
1993,CZE,T_2000,14.07
1994,CZE,T_2000,14.119
1995,CZE,T_2000,14.175
1996,CZE,T_2000,14.141
1997,CZE,T_2000,14.468
1998,CZE,T_2000,14.227
1999,CZE,T_2000,14.32
2000,CZE,T_2000,14.233
2001,CZE,T_2000,14.211
2002,CZE,T_2000,14.596
2003,CZE,T_2000,14.792
2004,CZE,T_2000,14.565
2005,CZE,T_2000,14.646
2006,CZE,T_2000,14.772
2007,CZE,T_2000,14.868
2008,CZE,T_2000,14.75
2009,CZE,T_2000,14.135
2010,CZE,T_2000,14.283
2011,CZE,T_2000,14.382
2012,CZE,T_2000,14.492
2013,CZE,T_2000,14.466
2014,CZE,T_2000,14.288
2015,CZE,T_2000,14.182
2016,CZE,T_2000,14.446
2017,CZE,T_2000,14.619
2018,CZE,T_2000,15.152
2019,CZE,T_2000,15.1
2020,CZE,T_2000,15.471
2021,CZE,T_2000,15.93
2022,CZE,T_2000,15.237
2023,CZE,T_2000,15.223
1990,DNK,T_2000,0.012
1991,DNK,T_2000,0.011
1992,DNK,T_2000,0.011
1993,DNK,T_2000,0.011
1994,DNK,T_2000,0.011
1995,DNK,T_2000,0.054
1996,DNK,T_2000,0.064
1997,DNK,T_2000,0.088
1998,DNK,T_2000,0.085
1999,DNK,T_2000,0.647
2000,DNK,T_2000,0.637
2001,DNK,T_2000,0.636
2002,DNK,T_2000,0.114
2003,DNK,T_2000,0.114
2004,DNK,T_2000,0.11
2005,DNK,T_2000,0.107
2006,DNK,T_2000,0.099
2007,DNK,T_2000,0.116
2008,DNK,T_2000,0.093
2009,DNK,T_2000,0.089
2010,DNK,T_2000,0.126
2011,DNK,T_2000,0.136
2012,DNK,T_2000,0.123
2013,DNK,T_2000,0.109
2014,DNK,T_2000,0.097
2015,DNK,T_2000,0.092
2016,DNK,T_2000,0.08
2017,DNK,T_2000,0.073
2018,DNK,T_2000,0.077
2019,DNK,T_2000,0.073
2020,DNK,T_2000,0.093
2021,DNK,T_2000,0.097
2022,DNK,T_2000,0.082
2023,DNK,T_2000,0.08
1995,EST,T_2000,11.881
1996,EST,T_2000,11.493
1997,EST,T_2000,11.112
1998,EST,T_2000,11.046
1999,EST,T_2000,10.975
2000,EST,T_2000,10.914
2001,EST,T_2000,10.632
2002,EST,T_2000,10.909
2003,EST,T_2000,10.551
2004,EST,T_2000,10.25
2005,EST,T_2000,10.108
2006,EST,T_2000,9.974
2007,EST,T_2000,10.263
2008,EST,T_2000,11.378
2009,EST,T_2000,12.873
2010,EST,T_2000,12.749
2011,EST,T_2000,11.556
2012,EST,T_2000,11.059
2013,EST,T_2000,10.841
2014,EST,T_2000,10.722
2015,EST,T_2000,10.948
2016,EST,T_2000,11.014
2017,EST,T_2000,10.911
2018,EST,T_2000,11.265
2019,EST,T_2000,11.437
2020,EST,T_2000,11.957
2021,EST,T_2000,11.611
2022,EST,T_2000,11.313
2023,EST,T_2000,11.991
1990,FIN,T_2000,11.007
1991,FIN,T_2000,12.357
1992,FIN,T_2000,13.134
1993,FIN,T_2000,13.823
1994,FIN,T_2000,14.443
1995,FIN,T_2000,13.717
1996,FIN,T_2000,13.214
1997,FIN,T_2000,12.422
1998,FIN,T_2000,12.211
1999,FIN,T_2000,12.168
2000,FIN,T_2000,11.548
2001,FIN,T_2000,11.604
2002,FIN,T_2000,11.474
2003,FIN,T_2000,11.304
2004,FIN,T_2000,11.189
2005,FIN,T_2000,11.464
2006,FIN,T_2000,11.727
2007,FIN,T_2000,11.431
2008,FIN,T_2000,11.497
2009,FIN,T_2000,12.135
2010,FIN,T_2000,12.038
2011,FIN,T_2000,12.008
2012,FIN,T_2000,12.565
2013,FIN,T_2000,12.545
2014,FIN,T_2000,12.572
2015,FIN,T_2000,12.602
2016,FIN,T_2000,12.702
2017,FIN,T_2000,11.931
2018,FIN,T_2000,11.842
2019,FIN,T_2000,11.797
2020,FIN,T_2000,11.48
2021,FIN,T_2000,12.042
2022,FIN,T_2000,11.937
2023,FIN,T_2000,12.281
1990,FRA,T_2000,18.309
1991,FRA,T_2000,18.362
1992,FRA,T_2000,18.446
1993,FRA,T_2000,19.581
1994,FRA,T_2000,18.945
1995,FRA,T_2000,18.125
1996,FRA,T_2000,18.185
1997,FRA,T_2000,17.696
1998,FRA,T_2000,15.688
1999,FRA,T_2000,15.865
2000,FRA,T_2000,15.62
2001,FRA,T_2000,15.65
2002,FRA,T_2000,15.746
2003,FRA,T_2000,15.969
2004,FRA,T_2000,15.751
2005,FRA,T_2000,15.76
2006,FRA,T_2000,15.895
2007,FRA,T_2000,15.674
2008,FRA,T_2000,15.668
2009,FRA,T_2000,16.197
2010,FRA,T_2000,16.023
2011,FRA,T_2000,16.13
2012,FRA,T_2000,16.381
2013,FRA,T_2000,16.638
2014,FRA,T_2000,16.813
2015,FRA,T_2000,16.632
2016,FRA,T_2000,16.62
2017,FRA,T_2000,16.732
2018,FRA,T_2000,15.998
2019,FRA,T_2000,14.793
2020,FRA,T_2000,14.695
2021,FRA,T_2000,14.719
2022,FRA,T_2000,14.81
2023,FRA,T_2000,14.561
1990,DEU,T_2000,13.044
1991,DEU,T_2000,13.324
1992,DEU,T_2000,13.582
1993,DEU,T_2000,13.727
1994,DEU,T_2000,14.018
1995,DEU,T_2000,14.148
1996,DEU,T_2000,14.356
1997,DEU,T_2000,14.551
1998,DEU,T_2000,14.38
1999,DEU,T_2000,14.237
2000,DEU,T_2000,14.198
2001,DEU,T_2000,13.965
2002,DEU,T_2000,13.918
2003,DEU,T_2000,14.075
2004,DEU,T_2000,13.837
2005,DEU,T_2000,13.614
2006,DEU,T_2000,13.289
2007,DEU,T_2000,12.832
2008,DEU,T_2000,12.897
2009,DEU,T_2000,14.092
2010,DEU,T_2000,13.817
2011,DEU,T_2000,13.795
2012,DEU,T_2000,13.959
2013,DEU,T_2000,13.957
2014,DEU,T_2000,13.926
2015,DEU,T_2000,14.039
2016,DEU,T_2000,14.207
2017,DEU,T_2000,14.299
2018,DEU,T_2000,14.49
2019,DEU,T_2000,14.626
2020,DEU,T_2000,15.051
2021,DEU,T_2000,14.772
2022,DEU,T_2000,14.628
2023,DEU,T_2000,14.65
1990,GRC,T_2000,7.611
1991,GRC,T_2000,7.38
1992,GRC,T_2000,7.318
1993,GRC,T_2000,8.238
1994,GRC,T_2000,8.285
1995,GRC,T_2000,8.995
1996,GRC,T_2000,9.057
1997,GRC,T_2000,9.269
1998,GRC,T_2000,9.478
1999,GRC,T_2000,9.596
2000,GRC,T_2000,10.113
2001,GRC,T_2000,10.194
2002,GRC,T_2000,11.09
2003,GRC,T_2000,11.005
2004,GRC,T_2000,10.515
2005,GRC,T_2000,10.709
2006,GRC,T_2000,10.259
2007,GRC,T_2000,10.718
2008,GRC,T_2000,10.738
2009,GRC,T_2000,10.167
2010,GRC,T_2000,11.042
2011,GRC,T_2000,10.889
2012,GRC,T_2000,11.112
2013,GRC,T_2000,10.759
2014,GRC,T_2000,10.48
2015,GRC,T_2000,10.663
2016,GRC,T_2000,11.068
2017,GRC,T_2000,11.745
2018,GRC,T_2000,11.944
2019,GRC,T_2000,12.141
2020,GRC,T_2000,12.939
2021,GRC,T_2000,12.902
2022,GRC,T_2000,12.19
2023,GRC,T_2000,11.461
1991,HUN,T_2000,16.008
1992,HUN,T_2000,17.306
1993,HUN,T_2000,17.688
1994,HUN,T_2000,16.53
1995,HUN,T_2000,14.53
1996,HUN,T_2000,13.522
1997,HUN,T_2000,12.77
1998,HUN,T_2000,12.555
1999,HUN,T_2000,11.56
2000,HUN,T_2000,11.309
2001,HUN,T_2000,11.171
2002,HUN,T_2000,12.206
2003,HUN,T_2000,12.075
2004,HUN,T_2000,11.743
2005,HUN,T_2000,11.895
2006,HUN,T_2000,12.072
2007,HUN,T_2000,13.217
2008,HUN,T_2000,13.167
2009,HUN,T_2000,12.573
2010,HUN,T_2000,11.568
2011,HUN,T_2000,12.639
2012,HUN,T_2000,13.206
2013,HUN,T_2000,12.846
2014,HUN,T_2000,12.684
2015,HUN,T_2000,12.68
2016,HUN,T_2000,13.169
2017,HUN,T_2000,12.278
2018,HUN,T_2000,11.639
2019,HUN,T_2000,11.632
2020,HUN,T_2000,11.073
2021,HUN,T_2000,10.473
2022,HUN,T_2000,9.828
2023,HUN,T_2000,9.581
1990,ISL,T_2000,0.957
1991,ISL,T_2000,2.132
1992,ISL,T_2000,2.486
1993,ISL,T_2000,2.454
1994,ISL,T_2000,2.442
1995,ISL,T_2000,2.485
1996,ISL,T_2000,2.746
1997,ISL,T_2000,2.754
1998,ISL,T_2000,2.666
1999,ISL,T_2000,2.738
2000,ISL,T_2000,2.774
2001,ISL,T_2000,2.731
2002,ISL,T_2000,2.739
2003,ISL,T_2000,2.972
2004,ISL,T_2000,2.923
2005,ISL,T_2000,3.088
2006,ISL,T_2000,3.134
2007,ISL,T_2000,2.855
2008,ISL,T_2000,2.62
2009,ISL,T_2000,2.823
2010,ISL,T_2000,3.783
2011,ISL,T_2000,3.786
2012,ISL,T_2000,3.516
2013,ISL,T_2000,3.548
2014,ISL,T_2000,3.52
2015,ISL,T_2000,3.449
2016,ISL,T_2000,3.398
2017,ISL,T_2000,3.393
2018,ISL,T_2000,3.454
2019,ISL,T_2000,3.219
2020,ISL,T_2000,3.017
2021,ISL,T_2000,2.974
2022,ISL,T_2000,2.976
2023,ISL,T_2000,2.99
1990,IRL,T_2000,4.568
1991,IRL,T_2000,4.751
1992,IRL,T_2000,4.805
1993,IRL,T_2000,4.824
1994,IRL,T_2000,4.701
1995,IRL,T_2000,4.307
1996,IRL,T_2000,4.058
1997,IRL,T_2000,3.83
1998,IRL,T_2000,3.591
1999,IRL,T_2000,3.597
2000,IRL,T_2000,3.656
2001,IRL,T_2000,3.763
2002,IRL,T_2000,3.703
2003,IRL,T_2000,3.693
2004,IRL,T_2000,3.824
2005,IRL,T_2000,3.838
2006,IRL,T_2000,3.877
2007,IRL,T_2000,4.132
2008,IRL,T_2000,4.459
2009,IRL,T_2000,5.203
2010,IRL,T_2000,5.051
2011,IRL,T_2000,5.095
2012,IRL,T_2000,4.732
2013,IRL,T_2000,4.842
2014,IRL,T_2000,4.691
2015,IRL,T_2000,3.669
2016,IRL,T_2000,3.8
2017,IRL,T_2000,3.598
2018,IRL,T_2000,3.614
2019,IRL,T_2000,3.605
2020,IRL,T_2000,3.209
2021,IRL,T_2000,3.07
2022,IRL,T_2000,3.065
2023,IRL,T_2000,3.407
1995,ISR,T_2000,4.706
1996,ISR,T_2000,4.736
1997,ISR,T_2000,4.976
1998,ISR,T_2000,4.935
1999,ISR,T_2000,4.927
2000,ISR,T_2000,4.952
2001,ISR,T_2000,5.232
2002,ISR,T_2000,5.284
2003,ISR,T_2000,5.388
2004,ISR,T_2000,5.248
2005,ISR,T_2000,5.229
2006,ISR,T_2000,5.095
2007,ISR,T_2000,4.996
2008,ISR,T_2000,5.095
2009,ISR,T_2000,4.913
2010,ISR,T_2000,5.06
2011,ISR,T_2000,5.083
2012,ISR,T_2000,4.949
2013,ISR,T_2000,4.952
2014,ISR,T_2000,4.98
2015,ISR,T_2000,5.05
2016,ISR,T_2000,5.132
2017,ISR,T_2000,5.18
2018,ISR,T_2000,5.228
2019,ISR,T_2000,5.207
2020,ISR,T_2000,5.134
2021,ISR,T_2000,5.003
2022,ISR,T_2000,5.007
2023,ISR,T_2000,4.979
1990,ITA,T_2000,11.937
1991,ITA,T_2000,12.108
1992,ITA,T_2000,12.282
1993,ITA,T_2000,12.732
1994,ITA,T_2000,12.055
1995,ITA,T_2000,12.103
1996,ITA,T_2000,13.682
1997,ITA,T_2000,13.979
1998,ITA,T_2000,11.681
1999,ITA,T_2000,11.635
2000,ITA,T_2000,11.569
2001,ITA,T_2000,11.445
2002,ITA,T_2000,11.629
2003,ITA,T_2000,11.785
2004,ITA,T_2000,11.828
2005,ITA,T_2000,12.008
2006,ITA,T_2000,11.943
2007,ITA,T_2000,12.433
2008,ITA,T_2000,12.91
2009,ITA,T_2000,13.164
2010,ITA,T_2000,12.979
2011,ITA,T_2000,12.836
2012,ITA,T_2000,12.983
2013,ITA,T_2000,13.05
2014,ITA,T_2000,12.885
2015,ITA,T_2000,12.95
2016,ITA,T_2000,12.729
2017,ITA,T_2000,12.704
2018,ITA,T_2000,12.964
2019,ITA,T_2000,13.207
2020,ITA,T_2000,13.529
2021,ITA,T_2000,13.211
2022,ITA,T_2000,13.064
2023,ITA,T_2000,12.664
1990,JPN,T_2000,7.325
1991,JPN,T_2000,7.519
1992,JPN,T_2000,7.667
1993,JPN,T_2000,7.878
1994,JPN,T_2000,8.098
1995,JPN,T_2000,8.527
1996,JPN,T_2000,8.575
1997,JPN,T_2000,8.822
1998,JPN,T_2000,8.961
1999,JPN,T_2000,8.917
2000,JPN,T_2000,8.922
2001,JPN,T_2000,9.319
2002,JPN,T_2000,9.37
2003,JPN,T_2000,9.306
2004,JPN,T_2000,9.345
2005,JPN,T_2000,9.52
2006,JPN,T_2000,9.75
2007,JPN,T_2000,9.903
2008,JPN,T_2000,10.506
2009,JPN,T_2000,10.521
2010,JPN,T_2000,10.787
2011,JPN,T_2000,11.264
2012,JPN,T_2000,11.631
2013,JPN,T_2000,11.665
2014,JPN,T_2000,11.893
2015,JPN,T_2000,11.921
2016,JPN,T_2000,12.228
2017,JPN,T_2000,12.347
2018,JPN,T_2000,12.687
2019,JPN,T_2000,12.939
2020,JPN,T_2000,13.281
2021,JPN,T_2000,13.284
2022,JPN,T_2000,13.27
1990,KOR,T_2000,1.875
1991,KOR,T_2000,1.902
1992,KOR,T_2000,2.022
1993,KOR,T_2000,2.472
1994,KOR,T_2000,2.312
1995,KOR,T_2000,2.268
1996,KOR,T_2000,2.581
1997,KOR,T_2000,2.691
1998,KOR,T_2000,3.142
1999,KOR,T_2000,3.3
2000,KOR,T_2000,3.493
2001,KOR,T_2000,3.881
2002,KOR,T_2000,4.046
2003,KOR,T_2000,4.341
2004,KOR,T_2000,4.446
2005,KOR,T_2000,4.585
2006,KOR,T_2000,4.799
2007,KOR,T_2000,4.918
2008,KOR,T_2000,5.148
2009,KOR,T_2000,5.305
2010,KOR,T_2000,5.224
2011,KOR,T_2000,5.561
2012,KOR,T_2000,5.859
2013,KOR,T_2000,6.103
2014,KOR,T_2000,6.282
2015,KOR,T_2000,6.314
2016,KOR,T_2000,6.472
2017,KOR,T_2000,6.519
2018,KOR,T_2000,6.778
2019,KOR,T_2000,7.278
2020,KOR,T_2000,7.773
2021,KOR,T_2000,7.798
2022,KOR,T_2000,8.176
2023,KOR,T_2000,8.438
1995,LVA,T_2000,10.971
1996,LVA,T_2000,10.304
1997,LVA,T_2000,10.183
1998,LVA,T_2000,10.114
1999,LVA,T_2000,10.313
2000,LVA,T_2000,9.742
2001,LVA,T_2000,9.117
2002,LVA,T_2000,9.025
2003,LVA,T_2000,8.412
2004,LVA,T_2000,8.261
2005,LVA,T_2000,7.895
2006,LVA,T_2000,8.006
2007,LVA,T_2000,7.813
2008,LVA,T_2000,7.903
2009,LVA,T_2000,9.169
2010,LVA,T_2000,8.59
2011,LVA,T_2000,8.922
2012,LVA,T_2000,8.679
2013,LVA,T_2000,8.498
2014,LVA,T_2000,8.39
2015,LVA,T_2000,8.261
2016,LVA,T_2000,8.147
2017,LVA,T_2000,8.373
2018,LVA,T_2000,9.118
2019,LVA,T_2000,9.523
2020,LVA,T_2000,9.914
2021,LVA,T_2000,9.569
2022,LVA,T_2000,9.405
2023,LVA,T_2000,10.16
1995,LTU,T_2000,7.204
1996,LTU,T_2000,7.687
1997,LTU,T_2000,8.976
1998,LTU,T_2000,9.985
1999,LTU,T_2000,9.817
2000,LTU,T_2000,9.913
2001,LTU,T_2000,9.385
2002,LTU,T_2000,9.188
2003,LTU,T_2000,9.114
2004,LTU,T_2000,9.062
2005,LTU,T_2000,8.837
2006,LTU,T_2000,9.067
2007,LTU,T_2000,9.081
2008,LTU,T_2000,9.471
2009,LTU,T_2000,12.465
2010,LTU,T_2000,11.633
2011,LTU,T_2000,11.04
2012,LTU,T_2000,10.762
2013,LTU,T_2000,10.77
2014,LTU,T_2000,11.062
2015,LTU,T_2000,11.568
2016,LTU,T_2000,12.084
2017,LTU,T_2000,12.188
2018,LTU,T_2000,12.646
2019,LTU,T_2000,9.614
2020,LTU,T_2000,10.198
2021,LTU,T_2000,10.127
2022,LTU,T_2000,9.818
2023,LTU,T_2000,10.407
1990,LUX,T_2000,9.552
1991,LUX,T_2000,9.499
1992,LUX,T_2000,10.025
1993,LUX,T_2000,9.919
1994,LUX,T_2000,9.522
1995,LUX,T_2000,9.717
1996,LUX,T_2000,9.752
1997,LUX,T_2000,9.54
1998,LUX,T_2000,9.788
1999,LUX,T_2000,9.791
2000,LUX,T_2000,9.674
2001,LUX,T_2000,10.352
2002,LUX,T_2000,10.49
2003,LUX,T_2000,10.655
2004,LUX,T_2000,10.466
2005,LUX,T_2000,10.486
2006,LUX,T_2000,9.863
2007,LUX,T_2000,9.855
2008,LUX,T_2000,9.962
2009,LUX,T_2000,10.858
2010,LUX,T_2000,10.346
2011,LUX,T_2000,10.52
2012,LUX,T_2000,10.591
2013,LUX,T_2000,10.427
2014,LUX,T_2000,10.188
2015,LUX,T_2000,10.246
2016,LUX,T_2000,10.204
2017,LUX,T_2000,10.529
2018,LUX,T_2000,10.772
2019,LUX,T_2000,10.977
2020,LUX,T_2000,11.145
2021,LUX,T_2000,10.573
2022,LUX,T_2000,10.637
2023,LUX,T_2000,11.479
1990,MEX,T_2000,1.938
1991,MEX,T_2000,2.015
1992,MEX,T_2000,2.161
1993,MEX,T_2000,2.159
1994,MEX,T_2000,2.292
1995,MEX,T_2000,2.085
1996,MEX,T_2000,2.005
1997,MEX,T_2000,1.859
1998,MEX,T_2000,1.798
1999,MEX,T_2000,1.871
2000,MEX,T_2000,1.97
2001,MEX,T_2000,2.057
2002,MEX,T_2000,2.084
2003,MEX,T_2000,2.144
2004,MEX,T_2000,2.083
2005,MEX,T_2000,2.066
2006,MEX,T_2000,1.934
2007,MEX,T_2000,1.965
2008,MEX,T_2000,1.875
2009,MEX,T_2000,2.053
2010,MEX,T_2000,1.986
2011,MEX,T_2000,1.981
2012,MEX,T_2000,1.998
2013,MEX,T_2000,2.076
2014,MEX,T_2000,2.086
2015,MEX,T_2000,2.128
2016,MEX,T_2000,2.095
2017,MEX,T_2000,2.075
2018,MEX,T_2000,2.106
2019,MEX,T_2000,2.196
2020,MEX,T_2000,2.392
2021,MEX,T_2000,2.3
2022,MEX,T_2000,2.314
2023,MEX,T_2000,2.397
1990,NLD,T_2000,14.834
1991,NLD,T_2000,15.572
1992,NLD,T_2000,16.094
1993,NLD,T_2000,16.044
1994,NLD,T_2000,16.333
1995,NLD,T_2000,14.705
1996,NLD,T_2000,14.139
1997,NLD,T_2000,13.999
1998,NLD,T_2000,13.768
1999,NLD,T_2000,14.292
2000,NLD,T_2000,14.269
2001,NLD,T_2000,12.698
2002,NLD,T_2000,12.283
2003,NLD,T_2000,12.796
2004,NLD,T_2000,12.867
2005,NLD,T_2000,12.031
2006,NLD,T_2000,12.9
2007,NLD,T_2000,12.376
2008,NLD,T_2000,13.223
2009,NLD,T_2000,12.511
2010,NLD,T_2000,12.866
2011,NLD,T_2000,13.486
2012,NLD,T_2000,14.409
2013,NLD,T_2000,14.63
2014,NLD,T_2000,14.532
2015,NLD,T_2000,13.791
2016,NLD,T_2000,14.427
2017,NLD,T_2000,13.573
2018,NLD,T_2000,13.724
2019,NLD,T_2000,13.172
2020,NLD,T_2000,13.312
2021,NLD,T_2000,12.637
2022,NLD,T_2000,12.524
2023,NLD,T_2000,12.102
1990,NOR,T_2000,10.584
1991,NOR,T_2000,10.54
1992,NOR,T_2000,10.642
1993,NOR,T_2000,9.72
1994,NOR,T_2000,9.633
1995,NOR,T_2000,9.404
1996,NOR,T_2000,9.201
1997,NOR,T_2000,9.118
1998,NOR,T_2000,9.691
1999,NOR,T_2000,9.837
2000,NOR,T_2000,8.758
2001,NOR,T_2000,9.043
2002,NOR,T_2000,9.66
2003,NOR,T_2000,9.575
2004,NOR,T_2000,9.159
2005,NOR,T_2000,8.67
2006,NOR,T_2000,8.472
2007,NOR,T_2000,8.663
2008,NOR,T_2000,8.549
2009,NOR,T_2000,9.544
2010,NOR,T_2000,9.327
2011,NOR,T_2000,9.211
2012,NOR,T_2000,9.285
2013,NOR,T_2000,9.464
2014,NOR,T_2000,9.883
2015,NOR,T_2000,10.387
2016,NOR,T_2000,10.618
2017,NOR,T_2000,10.227
2018,NOR,T_2000,9.99
2019,NOR,T_2000,10.483
2020,NOR,T_2000,11.013
2021,NOR,T_2000,9.297
2022,NOR,T_2000,7.506
2023,NOR,T_2000,9.22
1991,POL,T_2000,10.834
1992,POL,T_2000,11.926
1993,POL,T_2000,12.104
1994,POL,T_2000,10.804
1995,POL,T_2000,11.088
1996,POL,T_2000,11.362
1997,POL,T_2000,11.511
1998,POL,T_2000,11.496
1999,POL,T_2000,13.64
2000,POL,T_2000,12.878
2001,POL,T_2000,13.412
2002,POL,T_2000,12.808
2003,POL,T_2000,12.595
2004,POL,T_2000,12.087
2005,POL,T_2000,12.145
2006,POL,T_2000,12.003
2007,POL,T_2000,11.797
2008,POL,T_2000,11.214
2009,POL,T_2000,11.081
2010,POL,T_2000,10.878
2011,POL,T_2000,11.213
2012,POL,T_2000,12.074
2013,POL,T_2000,12.428
2014,POL,T_2000,12.233
2015,POL,T_2000,12.426
2016,POL,T_2000,12.748
2017,POL,T_2000,12.857
2018,POL,T_2000,13.058
2019,POL,T_2000,13.21
2020,POL,T_2000,13.494
2021,POL,T_2000,12.968
2022,POL,T_2000,12.766
2023,POL,T_2000,13.37
1990,PRT,T_2000,7.192
1991,PRT,T_2000,7.467
1992,PRT,T_2000,7.496
1993,PRT,T_2000,7.516
1994,PRT,T_2000,7.569
1995,PRT,T_2000,7.67
1996,PRT,T_2000,7.543
1997,PRT,T_2000,7.721
1998,PRT,T_2000,7.703
1999,PRT,T_2000,7.772
2000,PRT,T_2000,7.918
2001,PRT,T_2000,8.18
2002,PRT,T_2000,8.237
2003,PRT,T_2000,8.256
2004,PRT,T_2000,8.127
2005,PRT,T_2000,8.216
2006,PRT,T_2000,8.113
2007,PRT,T_2000,8.152
2008,PRT,T_2000,8.373
2009,PRT,T_2000,8.558
2010,PRT,T_2000,8.609
2011,PRT,T_2000,8.9
2012,PRT,T_2000,8.688
2013,PRT,T_2000,8.88
2014,PRT,T_2000,9.001
2015,PRT,T_2000,9.004
2016,PRT,T_2000,9.07
2017,PRT,T_2000,9.163
2018,PRT,T_2000,9.324
2019,PRT,T_2000,9.61
2020,PRT,T_2000,10.444
2021,PRT,T_2000,10.401
2022,PRT,T_2000,10.206
2023,PRT,T_2000,10.405
1995,SVK,T_2000,14.678
1996,SVK,T_2000,15.541
1997,SVK,T_2000,14.65
1998,SVK,T_2000,14.598
1999,SVK,T_2000,13.752
2000,SVK,T_2000,13.926
2001,SVK,T_2000,14.084
2002,SVK,T_2000,14.411
2003,SVK,T_2000,13.611
2004,SVK,T_2000,12.881
2005,SVK,T_2000,12.434
2006,SVK,T_2000,11.544
2007,SVK,T_2000,11.469
2008,SVK,T_2000,11.62
2009,SVK,T_2000,12.358
2010,SVK,T_2000,11.857
2011,SVK,T_2000,11.895
2012,SVK,T_2000,12.174
2013,SVK,T_2000,13.219
2014,SVK,T_2000,13.395
2015,SVK,T_2000,13.6
2016,SVK,T_2000,14.109
2017,SVK,T_2000,14.527
2018,SVK,T_2000,14.629
2019,SVK,T_2000,14.916
2020,SVK,T_2000,15.227
2021,SVK,T_2000,15.224
2022,SVK,T_2000,14.548
2023,SVK,T_2000,15.065
1995,SVN,T_2000,17.285
1996,SVN,T_2000,15.575
1997,SVN,T_2000,14.823
1998,SVN,T_2000,14.931
1999,SVN,T_2000,14.727
2000,SVN,T_2000,14.931
2001,SVN,T_2000,15.103
2002,SVN,T_2000,15.005
2003,SVN,T_2000,14.888
2004,SVN,T_2000,14.901
2005,SVN,T_2000,15.072
2006,SVN,T_2000,14.74
2007,SVN,T_2000,14.36
2008,SVN,T_2000,14.657
2009,SVN,T_2000,15.524
2010,SVN,T_2000,15.802
2011,SVN,T_2000,15.601
2012,SVN,T_2000,15.823
2013,SVN,T_2000,15.492
2014,SVN,T_2000,15.269
2015,SVN,T_2000,15.399
2016,SVN,T_2000,15.386
2017,SVN,T_2000,15.406
2018,SVN,T_2000,15.434
2019,SVN,T_2000,15.616
2020,SVN,T_2000,16.803
2021,SVN,T_2000,16.372
2022,SVN,T_2000,16.014
2023,SVN,T_2000,15.825
1990,ESP,T_2000,11.172
1991,ESP,T_2000,11.312
1992,ESP,T_2000,11.938
1993,ESP,T_2000,12.068
1994,ESP,T_2000,11.9
1995,ESP,T_2000,11.263
1996,ESP,T_2000,11.08
1997,ESP,T_2000,11.225
1998,ESP,T_2000,11.295
1999,ESP,T_2000,11.503
2000,ESP,T_2000,11.528
2001,ESP,T_2000,11.703
2002,ESP,T_2000,11.69
2003,ESP,T_2000,11.746
2004,ESP,T_2000,11.789
2005,ESP,T_2000,11.761
2006,ESP,T_2000,11.78
2007,ESP,T_2000,11.816
2008,ESP,T_2000,11.895
2009,ESP,T_2000,12.02
2010,ESP,T_2000,11.861
2011,ESP,T_2000,11.834
2012,ESP,T_2000,11.687
2013,ESP,T_2000,11.451
2014,ESP,T_2000,11.632
2015,ESP,T_2000,11.394
2016,ESP,T_2000,11.404
2017,ESP,T_2000,11.538
2018,ESP,T_2000,11.736
2019,ESP,T_2000,12.246
2020,ESP,T_2000,13.79
2021,ESP,T_2000,13.403
2022,ESP,T_2000,12.808
2023,ESP,T_2000,12.947
1990,SWE,T_2000,13.302
1991,SWE,T_2000,13.635
1992,SWE,T_2000,13.071
1993,SWE,T_2000,11.952
1994,SWE,T_2000,11.979
1995,SWE,T_2000,12.47
1996,SWE,T_2000,13.378
1997,SWE,T_2000,13.352
1998,SWE,T_2000,13.115
1999,SWE,T_2000,11.526
2000,SWE,T_2000,12.744
2001,SWE,T_2000,13.203
2002,SWE,T_2000,13.012
2003,SWE,T_2000,12.703
2004,SWE,T_2000,12.46
2005,SWE,T_2000,12.435
2006,SWE,T_2000,11.712
2007,SWE,T_2000,11.73
2008,SWE,T_2000,10.99
2009,SWE,T_2000,10.748
2010,SWE,T_2000,10.831
2011,SWE,T_2000,9.771
2012,SWE,T_2000,10.085
2013,SWE,T_2000,9.9
2014,SWE,T_2000,9.805
2015,SWE,T_2000,9.567
2016,SWE,T_2000,9.968
2017,SWE,T_2000,9.669
2018,SWE,T_2000,9.668
2019,SWE,T_2000,9.196
2020,SWE,T_2000,9.07
2021,SWE,T_2000,8.964
2022,SWE,T_2000,8.839
2023,SWE,T_2000,8.87
1990,CHE,T_2000,5.396
1991,CHE,T_2000,5.575
1992,CHE,T_2000,5.689
1993,CHE,T_2000,6.406
1994,CHE,T_2000,6.245
1995,CHE,T_2000,6.694
1996,CHE,T_2000,6.731
1997,CHE,T_2000,6.699
1998,CHE,T_2000,6.427
1999,CHE,T_2000,6.572
2000,CHE,T_2000,6.54
2001,CHE,T_2000,6.729
2002,CHE,T_2000,6.895
2003,CHE,T_2000,6.651
2004,CHE,T_2000,6.299
2005,CHE,T_2000,6.184
2006,CHE,T_2000,6.007
2007,CHE,T_2000,5.919
2008,CHE,T_2000,5.992
2009,CHE,T_2000,6.319
2010,CHE,T_2000,6.128
2011,CHE,T_2000,6.434
2012,CHE,T_2000,6.495
2013,CHE,T_2000,6.525
2014,CHE,T_2000,6.518
2015,CHE,T_2000,6.606
2016,CHE,T_2000,6.583
2017,CHE,T_2000,6.59
2018,CHE,T_2000,6.475
2019,CHE,T_2000,6.567
2020,CHE,T_2000,7.022
2021,CHE,T_2000,6.793
2022,CHE,T_2000,6.675
2023,CHE,T_2000,6.687
1990,TUR,T_2000,2.857
1991,TUR,T_2000,2.99
1992,TUR,T_2000,3.317
1993,TUR,T_2000,3.241
1994,TUR,T_2000,2.553
1995,TUR,T_2000,1.978
1996,TUR,T_2000,2.907
1997,TUR,T_2000,2.932
1998,TUR,T_2000,2.982
1999,TUR,T_2000,4.175
2000,TUR,T_2000,4.398
2001,TUR,T_2000,5.461
2002,TUR,T_2000,4.713
2003,TUR,T_2000,5.197
2004,TUR,T_2000,5.515
2005,TUR,T_2000,5.192
2006,TUR,T_2000,5.23
2007,TUR,T_2000,4.962
2008,TUR,T_2000,5.748
2009,TUR,T_2000,5.723
2010,TUR,T_2000,6.14
2011,TUR,T_2000,7.167
2012,TUR,T_2000,6.728
2013,TUR,T_2000,6.903
2014,TUR,T_2000,6.978
2015,TUR,T_2000,7.243
2016,TUR,T_2000,7.243
2017,TUR,T_2000,7.235
2018,TUR,T_2000,7.177
2019,TUR,T_2000,7.245
2020,TUR,T_2000,7.085
2021,TUR,T_2000,6.631
2022,TUR,T_2000,5.113
2023,TUR,T_2000,6.209
1990,GBR,T_2000,5.597
1991,GBR,T_2000,5.586
1992,GBR,T_2000,5.505
1993,GBR,T_2000,5.547
1994,GBR,T_2000,5.645
1995,GBR,T_2000,5.212
1996,GBR,T_2000,5.11
1997,GBR,T_2000,5.308
1998,GBR,T_2000,5.307
1999,GBR,T_2000,5.439
2000,GBR,T_2000,5.474
2001,GBR,T_2000,5.508
2002,GBR,T_2000,5.322
2003,GBR,T_2000,5.685
2004,GBR,T_2000,5.99
2005,GBR,T_2000,6.038
2006,GBR,T_2000,6.083
2007,GBR,T_2000,6.034
2008,GBR,T_2000,6.17
2009,GBR,T_2000,6.098
2010,GBR,T_2000,6.052
2011,GBR,T_2000,6.101
2012,GBR,T_2000,6.087
2013,GBR,T_2000,5.955
2014,GBR,T_2000,5.859
2015,GBR,T_2000,5.958
2016,GBR,T_2000,6.124
2017,GBR,T_2000,6.264
2018,GBR,T_2000,6.29
2019,GBR,T_2000,6.444
2020,GBR,T_2000,6.825
2021,GBR,T_2000,6.839
2022,GBR,T_2000,7.061
2023,GBR,T_2000,6.703
1990,USA,T_2000,6.657
1991,USA,T_2000,6.743
1992,USA,T_2000,6.714
1993,USA,T_2000,6.68
1994,USA,T_2000,6.691
1995,USA,T_2000,6.682
1996,USA,T_2000,6.61
1997,USA,T_2000,6.593
1998,USA,T_2000,6.653
1999,USA,T_2000,6.63
2000,USA,T_2000,6.664
2001,USA,T_2000,6.69
2002,USA,T_2000,6.622
2003,USA,T_2000,6.533
2004,USA,T_2000,6.499
2005,USA,T_2000,6.376
2006,USA,T_2000,6.32
2007,USA,T_2000,6.269
2008,USA,T_2000,6.298
2009,USA,T_2000,6.233
2010,USA,T_2000,6.096
2011,USA,T_2000,5.431
2012,USA,T_2000,5.416
2013,USA,T_2000,6.102
2014,USA,T_2000,6.116
2015,USA,T_2000,6.152
2016,USA,T_2000,6.132
2017,USA,T_2000,6.145
2018,USA,T_2000,6.08
2019,USA,T_2000,6.097
2020,USA,T_2000,6.227
2021,USA,T_2000,6.062
2022,USA,T_2000,6.047
2023,USA,T_2000,6.054
1990,ARG,T_2000,3.352
1991,ARG,T_2000,3.832
1992,ARG,T_2000,4.435
1993,ARG,T_2000,4.988
1994,ARG,T_2000,4.832
1995,ARG,T_2000,4.246
1996,ARG,T_2000,3.536
1997,ARG,T_2000,3.391
1998,ARG,T_2000,3.296
1999,ARG,T_2000,3.173
2000,ARG,T_2000,3.043
2001,ARG,T_2000,2.89
2002,ARG,T_2000,2.53
2003,ARG,T_2000,2.529
2004,ARG,T_2000,2.803
2005,ARG,T_2000,2.987
2006,ARG,T_2000,3.457
2007,ARG,T_2000,4.082
2008,ARG,T_2000,4.572
2009,ARG,T_2000,6.189
2010,ARG,T_2000,6.166
2011,ARG,T_2000,6.296
2012,ARG,T_2000,6.815
2013,ARG,T_2000,7.05
2014,ARG,T_2000,6.719
2015,ARG,T_2000,6.976
2016,ARG,T_2000,6.758
2017,ARG,T_2000,6.878
2018,ARG,T_2000,6.202
2019,ARG,T_2000,5.685
2020,ARG,T_2000,5.689
2021,ARG,T_2000,5.189
2022,ARG,T_2000,5.241
2023,ARG,T_2000,5.08
1990,BRA,T_2000,6.769
1991,BRA,T_2000,6.015
1992,BRA,T_2000,6.055
1993,BRA,T_2000,6.863
1994,BRA,T_2000,6.929
1995,BRA,T_2000,6.688
1996,BRA,T_2000,6.834
1997,BRA,T_2000,6.68
1998,BRA,T_2000,7.029
1999,BRA,T_2000,6.696
2000,BRA,T_2000,6.961
2001,BRA,T_2000,7.008
2002,BRA,T_2000,7.284
2003,BRA,T_2000,7.129
2004,BRA,T_2000,7.409
2005,BRA,T_2000,7.754
2006,BRA,T_2000,7.859
2007,BRA,T_2000,7.886
2008,BRA,T_2000,7.817
2009,BRA,T_2000,8.179
2010,BRA,T_2000,8.146
2011,BRA,T_2000,8.298
2012,BRA,T_2000,8.42
2013,BRA,T_2000,8.347
2014,BRA,T_2000,8.35
2015,BRA,T_2000,8.393
2016,BRA,T_2000,8.566
2017,BRA,T_2000,8.594
2018,BRA,T_2000,8.347
2019,BRA,T_2000,8.35
2020,BRA,T_2000,8.02
2021,BRA,T_2000,7.71
2022,BRA,T_2000,7.917
2023,BRA,T_2000,8.055
1995,BGR,T_2000,6.629
1996,BGR,T_2000,6.586
1997,BGR,T_2000,7.448
1998,BGR,T_2000,7.767
1999,BGR,T_2000,9.528
2000,BGR,T_2000,10.552
2001,BGR,T_2000,9.603
2002,BGR,T_2000,9.321
2003,BGR,T_2000,10.078
2004,BGR,T_2000,9.901
2005,BGR,T_2000,9.401
2006,BGR,T_2000,8.015
2007,BGR,T_2000,7.702
2008,BGR,T_2000,7.403
2009,BGR,T_2000,7.205
2010,BGR,T_2000,6.636
2011,BGR,T_2000,6.677
2012,BGR,T_2000,6.771
1990,AUS,T_1000,16.022
1991,AUS,T_1000,14.898
1992,AUS,T_1000,14.462
1993,AUS,T_1000,14.38
1994,AUS,T_1000,14.903
1995,AUS,T_1000,15.618
1996,AUS,T_1000,16.246
1997,AUS,T_1000,16.185
1998,AUS,T_1000,17.303
1999,AUS,T_1000,17.841
2000,AUS,T_1000,17.589
2001,AUS,T_1000,16.216
2002,AUS,T_1000,16.69
2003,AUS,T_1000,16.814
2004,AUS,T_1000,17.561
2005,AUS,T_1000,17.577
2006,AUS,T_1000,17.202
2007,AUS,T_1000,17.474
2008,AUS,T_1000,15.749
2009,AUS,T_1000,14.134
2010,AUS,T_1000,14.252
2011,AUS,T_1000,15.182
2012,AUS,T_1000,15.534
2013,AUS,T_1000,15.383
2014,AUS,T_1000,15.693
2015,AUS,T_1000,15.754
2016,AUS,T_1000,15.77
2017,AUS,T_1000,16.738
2018,AUS,T_1000,17.17
2019,AUS,T_1000,16.366
2008,AUT,T_1000,12.67
2009,AUT,T_1000,11.38
2010,AUT,T_1000,11.498
2011,AUT,T_1000,11.632
2012,AUT,T_1000,11.946
2013,AUT,T_1000,12.285
2014,AUT,T_1000,12.527
2015,AUT,T_1000,13.012
2016,AUT,T_1000,11.682
2017,AUT,T_1000,11.841
2018,AUT,T_1000,12.396
2019,AUT,T_1000,12.561
2020,AUT,T_1000,11.696
2021,AUT,T_1000,12.801
2022,AUT,T_1000,13.353
2023,AUT,T_1000,12.909
1990,BEL,T_1000,15.275
1991,BEL,T_1000,15.042
1992,BEL,T_1000,14.495
1993,BEL,T_1000,15.486
1994,BEL,T_1000,15.792
1995,BEL,T_1000,16.328
1996,BEL,T_1000,16.331
1997,BEL,T_1000,16.734
1998,BEL,T_1000,17.294
1999,BEL,T_1000,16.78
2000,BEL,T_1000,16.936
2001,BEL,T_1000,17.111
2002,BEL,T_1000,17.001
2003,BEL,T_1000,16.506
2004,BEL,T_1000,16.501
2005,BEL,T_1000,15.767
2006,BEL,T_1000,15.608
2007,BEL,T_1000,15.366
2008,BEL,T_1000,15.692
2009,BEL,T_1000,14.47
2010,BEL,T_1000,14.662
2011,BEL,T_1000,15.101
2012,BEL,T_1000,15.357
2013,BEL,T_1000,15.963
2014,BEL,T_1000,16.021
2015,BEL,T_1000,15.724
2016,BEL,T_1000,15.382
2017,BEL,T_1000,15.995
2018,BEL,T_1000,16.136
2019,BEL,T_1000,15.0
2020,BEL,T_1000,15.017
2021,BEL,T_1000,15.015
2022,BEL,T_1000,15.863
2023,BEL,T_1000,15.784
1990,CAN,T_1000,17.032
1991,CAN,T_1000,16.703
1992,CAN,T_1000,15.691
1993,CAN,T_1000,15.257
1994,CAN,T_1000,15.399
1995,CAN,T_1000,16.08
1996,CAN,T_1000,16.475
1997,CAN,T_1000,17.483
1998,CAN,T_1000,17.269
1999,CAN,T_1000,17.692
2000,CAN,T_1000,17.354
2001,CAN,T_1000,16.295
2002,CAN,T_1000,14.957
2003,CAN,T_1000,14.72
2004,CAN,T_1000,15.111
2005,CAN,T_1000,15.359
2006,CAN,T_1000,15.851
2007,CAN,T_1000,15.922
2008,CAN,T_1000,15.427
2009,CAN,T_1000,15.455
2010,CAN,T_1000,14.463
2011,CAN,T_1000,14.579
2012,CAN,T_1000,14.796
2013,CAN,T_1000,14.813
2014,CAN,T_1000,15.035
2015,CAN,T_1000,15.818
2016,CAN,T_1000,16.008
2017,CAN,T_1000,15.99
2018,CAN,T_1000,16.492
2019,CAN,T_1000,16.199
2020,CAN,T_1000,17.42
2021,CAN,T_1000,17.951
2022,CAN,T_1000,17.451
2023,CAN,T_1000,17.854
1990,CHL,T_1000,3.898
1991,CHL,T_1000,4.318
1992,CHL,T_1000,4.355
1993,CHL,T_1000,4.061
1994,CHL,T_1000,4.392
1995,CHL,T_1000,4.585
1996,CHL,T_1000,4.894
1997,CHL,T_1000,4.5
1998,CHL,T_1000,4.062
1999,CHL,T_1000,3.587
2000,CHL,T_1000,4.362
2001,CHL,T_1000,4.456
2002,CHL,T_1000,4.567
2003,CHL,T_1000,4.697
2004,CHL,T_1000,5.686
2005,CHL,T_1000,7.553
2006,CHL,T_1000,10.049
2007,CHL,T_1000,10.439
2008,CHL,T_1000,8.029
2009,CHL,T_1000,5.369
2010,CHL,T_1000,7.519
2011,CHL,T_1000,8.496
2012,CHL,T_1000,8.312
2013,CHL,T_1000,6.934
2014,CHL,T_1000,6.508
2015,CHL,T_1000,7.465
2016,CHL,T_1000,6.782
2017,CHL,T_1000,6.98
2018,CHL,T_1000,7.612
2019,CHL,T_1000,7.305
2020,CHL,T_1000,6.231
2021,CHL,T_1000,8.539
2022,CHL,T_1000,10.42
2023,CHL,T_1000,7.249
1990,COL,T_1000,3.395
1991,COL,T_1000,4.38
1992,COL,T_1000,4.56
1993,COL,T_1000,4.678
1994,COL,T_1000,4.163
1995,COL,T_1000,3.912
1996,COL,T_1000,3.655
1997,COL,T_1000,3.909
1998,COL,T_1000,3.853
1999,COL,T_1000,3.678
2000,COL,T_1000,3.641
2001,COL,T_1000,4.512
2002,COL,T_1000,4.344
2003,COL,T_1000,4.433
2004,COL,T_1000,5.051
2005,COL,T_1000,5.133
2006,COL,T_1000,5.519
2007,COL,T_1000,5.603
2008,COL,T_1000,5.13
2009,COL,T_1000,5.606
2010,COL,T_1000,4.819
2011,COL,T_1000,5.404
2012,COL,T_1000,6.552
2013,COL,T_1000,6.686
2014,COL,T_1000,6.565
2015,COL,T_1000,6.544
2016,COL,T_1000,6.289
2017,COL,T_1000,6.259
2018,COL,T_1000,6.484
2019,COL,T_1000,6.369
2020,COL,T_1000,6.191
2021,COL,T_1000,6.14
2022,COL,T_1000,6.525
2023,COL,T_1000,8.913
1990,CRI,T_1000,2.25
1991,CRI,T_1000,1.651
1992,CRI,T_1000,1.651
1993,CRI,T_1000,1.977
1994,CRI,T_1000,2.33
1995,CRI,T_1000,2.292
1996,CRI,T_1000,2.168
1997,CRI,T_1000,2.154
1998,CRI,T_1000,2.419
1999,CRI,T_1000,3.135
2000,CRI,T_1000,2.784
2001,CRI,T_1000,3.103
2002,CRI,T_1000,3.111
2003,CRI,T_1000,3.385
2004,CRI,T_1000,3.281
2005,CRI,T_1000,3.385
2006,CRI,T_1000,3.393
2007,CRI,T_1000,3.827
2008,CRI,T_1000,4.252
2009,CRI,T_1000,3.9
2010,CRI,T_1000,3.778
2011,CRI,T_1000,3.832
2012,CRI,T_1000,3.754
2013,CRI,T_1000,3.984
2014,CRI,T_1000,3.898
2015,CRI,T_1000,4.134
2016,CRI,T_1000,4.418
2017,CRI,T_1000,4.548
2018,CRI,T_1000,4.718
2019,CRI,T_1000,4.903
2020,CRI,T_1000,4.525
2021,CRI,T_1000,5.118
2022,CRI,T_1000,5.423
2023,CRI,T_1000,5.284
1993,CZE,T_1000,9.277
1994,CZE,T_1000,8.742
1995,CZE,T_1000,8.56
1996,CZE,T_1000,7.428
1997,CZE,T_1000,7.905
1998,CZE,T_1000,7.428
1999,CZE,T_1000,7.605
2000,CZE,T_1000,7.328
2001,CZE,T_1000,7.71
2002,CZE,T_1000,8.197
2003,CZE,T_1000,8.639
2004,CZE,T_1000,8.6
2005,CZE,T_1000,8.318
2006,CZE,T_1000,8.321
2007,CZE,T_1000,8.499
2008,CZE,T_1000,7.556
2009,CZE,T_1000,6.827
2010,CZE,T_1000,6.445
2011,CZE,T_1000,6.653
2012,CZE,T_1000,6.8
2013,CZE,T_1000,6.962
2014,CZE,T_1000,6.983
2015,CZE,T_1000,7.089
2016,CZE,T_1000,7.472
2017,CZE,T_1000,7.541
2018,CZE,T_1000,7.798
2019,CZE,T_1000,7.791
2020,CZE,T_1000,7.806
2021,CZE,T_1000,6.994
2022,CZE,T_1000,7.31
2023,CZE,T_1000,7.954
1990,DNK,T_1000,27.208
1991,DNK,T_1000,26.904
1992,DNK,T_1000,27.557
1993,DNK,T_1000,28.513
1994,DNK,T_1000,29.276
1995,DNK,T_1000,29.496
1996,DNK,T_1000,29.433
1997,DNK,T_1000,29.275
1998,DNK,T_1000,28.829
1999,DNK,T_1000,28.917
2000,DNK,T_1000,28.722
2001,DNK,T_1000,27.79
2002,DNK,T_1000,27.644
2003,DNK,T_1000,28.026
2004,DNK,T_1000,28.433
2005,DNK,T_1000,29.692
2006,DNK,T_1000,28.37
2007,DNK,T_1000,27.99
2008,DNK,T_1000,27.297
2009,DNK,T_1000,27.46
2010,DNK,T_1000,27.638
2011,DNK,T_1000,27.515
2012,DNK,T_1000,28.294
2013,DNK,T_1000,28.864
2014,DNK,T_1000,31.833
2015,DNK,T_1000,29.455
2016,DNK,T_1000,28.82
2017,DNK,T_1000,28.874
2018,DNK,T_1000,27.562
2019,DNK,T_1000,30.539
2020,DNK,T_1000,30.521
2021,DNK,T_1000,31.367
2022,DNK,T_1000,27.097
2023,DNK,T_1000,29.04
1995,EST,T_1000,10.515
1996,EST,T_1000,9.109
1997,EST,T_1000,9.04
1998,EST,T_1000,10.209
1999,EST,T_1000,9.653
2000,EST,T_1000,7.714
2001,EST,T_1000,7.172
2002,EST,T_1000,7.477
2003,EST,T_1000,8.019
2004,EST,T_1000,7.867
2005,EST,T_1000,6.891
2006,EST,T_1000,6.971
2007,EST,T_1000,7.296
2008,EST,T_1000,7.685
2009,EST,T_1000,7.393
2010,EST,T_1000,6.581
2011,EST,T_1000,6.253
2012,EST,T_1000,6.545
2013,EST,T_1000,7.082
2014,EST,T_1000,7.26
2015,EST,T_1000,7.647
2016,EST,T_1000,7.336
2017,EST,T_1000,7.032
2018,EST,T_1000,7.296
2019,EST,T_1000,7.167
2020,EST,T_1000,7.546
2021,EST,T_1000,8.354
2022,EST,T_1000,7.892
2023,EST,T_1000,8.139
1990,FIN,T_1000,16.846
1991,FIN,T_1000,16.923
1992,FIN,T_1000,15.876
1993,FIN,T_1000,14.692
1994,FIN,T_1000,15.924
1995,FIN,T_1000,16.084
1996,FIN,T_1000,17.672
1997,FIN,T_1000,17.208
1998,FIN,T_1000,17.63
1999,FIN,T_1000,17.183
2000,FIN,T_1000,19.723
2001,FIN,T_1000,17.605
2002,FIN,T_1000,17.541
2003,FIN,T_1000,16.38
2004,FIN,T_1000,16.084
2005,FIN,T_1000,16.066
2006,FIN,T_1000,15.994
2007,FIN,T_1000,16.228
2008,FIN,T_1000,15.991
2009,FIN,T_1000,14.583
2010,FIN,T_1000,14.406
2011,FIN,T_1000,14.815
2012,FIN,T_1000,14.526
2013,FIN,T_1000,15.073
2014,FIN,T_1000,15.215
2015,FIN,T_1000,15.314
2016,FIN,T_1000,15.141
2017,FIN,T_1000,15.203
2018,FIN,T_1000,14.78
2019,FIN,T_1000,14.788
2020,FIN,T_1000,14.688
2021,FIN,T_1000,15.605
2022,FIN,T_1000,15.937
2023,FIN,T_1000,15.544
1990,FRA,T_1000,6.671
1991,FRA,T_1000,7.061
1992,FRA,T_1000,6.708
1993,FRA,T_1000,6.813
1994,FRA,T_1000,6.939
1995,FRA,T_1000,6.904
1996,FRA,T_1000,7.365
1997,FRA,T_1000,7.94
1998,FRA,T_1000,10.072
1999,FRA,T_1000,10.593
2000,FRA,T_1000,10.823
2001,FRA,T_1000,11.081
2002,FRA,T_1000,10.271
2003,FRA,T_1000,9.924
2004,FRA,T_1000,10.04
2005,FRA,T_1000,10.179
2006,FRA,T_1000,10.574
2007,FRA,T_1000,10.385
2008,FRA,T_1000,10.492
2009,FRA,T_1000,9.097
2010,FRA,T_1000,9.584
2011,FRA,T_1000,10.048
2012,FRA,T_1000,10.629
2013,FRA,T_1000,11.01
2014,FRA,T_1000,10.717
2015,FRA,T_1000,10.607
2016,FRA,T_1000,10.457
2017,FRA,T_1000,10.816
2018,FRA,T_1000,11.416
2019,FRA,T_1000,11.415
2020,FRA,T_1000,11.728
2021,FRA,T_1000,11.741
2022,FRA,T_1000,12.543
2023,FRA,T_1000,11.743
1990,DEU,T_1000,11.27
1991,DEU,T_1000,11.104
1992,DEU,T_1000,11.509
1993,DEU,T_1000,11.052
1994,DEU,T_1000,10.697
1995,DEU,T_1000,10.991
1996,DEU,T_1000,10.207
1997,DEU,T_1000,9.952
1998,DEU,T_1000,10.439
1999,DEU,T_1000,10.815
2000,DEU,T_1000,10.964
2001,DEU,T_1000,10.112
2002,DEU,T_1000,9.666
2003,DEU,T_1000,9.532
2004,DEU,T_1000,9.292
2005,DEU,T_1000,9.597
2006,DEU,T_1000,10.503
2007,DEU,T_1000,10.946
2008,DEU,T_1000,11.35
2009,DEU,T_1000,10.487
2010,DEU,T_1000,10.054
2011,DEU,T_1000,10.546
2012,DEU,T_1000,11.14
2013,DEU,T_1000,11.38
2014,DEU,T_1000,11.38
2015,DEU,T_1000,11.612
2016,DEU,T_1000,12.015
2017,DEU,T_1000,12.272
2018,DEU,T_1000,12.594
2019,DEU,T_1000,12.58
2020,DEU,T_1000,11.861
2021,DEU,T_1000,12.807
2022,DEU,T_1000,13.052
2023,DEU,T_1000,12.379
1990,GRC,T_1000,5.012
1991,GRC,T_1000,5.09
1992,GRC,T_1000,4.933
1993,GRC,T_1000,5.044
1994,GRC,T_1000,5.802
1995,GRC,T_1000,5.863
1996,GRC,T_1000,5.652
1997,GRC,T_1000,6.387
1998,GRC,T_1000,7.7
1999,GRC,T_1000,8.055
2000,GRC,T_1000,8.964
2001,GRC,T_1000,7.793
2002,GRC,T_1000,7.964
2003,GRC,T_1000,7.252
2004,GRC,T_1000,7.187
2005,GRC,T_1000,8.081
2006,GRC,T_1000,7.39
2007,GRC,T_1000,7.381
2008,GRC,T_1000,7.286
2009,GRC,T_1000,7.522
2010,GRC,T_1000,7.118
2011,GRC,T_1000,7.354
2012,GRC,T_1000,8.615
2013,GRC,T_1000,7.791
2014,GRC,T_1000,8.583
2015,GRC,T_1000,8.27
2016,GRC,T_1000,8.96
2017,GRC,T_1000,8.82
2018,GRC,T_1000,9.171
2019,GRC,T_1000,8.21
2020,GRC,T_1000,8.158
2021,GRC,T_1000,8.358
2022,GRC,T_1000,8.451
2023,GRC,T_1000,9.539
1991,HUN,T_1000,12.297
1992,HUN,T_1000,9.662
1993,HUN,T_1000,9.363
1994,HUN,T_1000,8.97
1995,HUN,T_1000,8.543
1996,HUN,T_1000,8.673
1997,HUN,T_1000,8.2
1998,HUN,T_1000,8.37
1999,HUN,T_1000,8.956
2000,HUN,T_1000,9.362
2001,HUN,T_1000,9.652
2002,HUN,T_1000,9.84
2003,HUN,T_1000,9.18
2004,HUN,T_1000,8.69
2005,HUN,T_1000,8.593
2006,HUN,T_1000,8.908
2007,HUN,T_1000,9.865
2008,HUN,T_1000,10.157
2009,HUN,T_1000,9.454
2010,HUN,T_1000,7.618
2011,HUN,T_1000,6.119
2012,HUN,T_1000,6.771
2013,HUN,T_1000,6.619
2014,HUN,T_1000,6.807
2015,HUN,T_1000,6.938
2016,HUN,T_1000,7.414
2017,HUN,T_1000,7.289
2018,HUN,T_1000,6.712
2019,HUN,T_1000,6.389
2020,HUN,T_1000,6.535
2021,HUN,T_1000,5.456
2022,HUN,T_1000,7.003
2023,HUN,T_1000,7.489
1990,ISL,T_1000,9.046
1991,ISL,T_1000,8.979
1992,ISL,T_1000,9.351
1993,ISL,T_1000,9.964
1994,ISL,T_1000,10.077
1995,ISL,T_1000,10.487
1996,ISL,T_1000,11.127
1997,ISL,T_1000,11.324
1998,ISL,T_1000,12.7
1999,ISL,T_1000,13.825
2000,ISL,T_1000,14.303
2001,ISL,T_1000,14.748
2002,ISL,T_1000,14.606
2003,ISL,T_1000,15.347
2004,ISL,T_1000,15.431
2005,ISL,T_1000,16.974
2006,ISL,T_1000,17.429
2007,ISL,T_1000,17.404
2008,ISL,T_1000,16.573
2009,ISL,T_1000,14.75
2010,ISL,T_1000,14.257
2011,ISL,T_1000,15.117
2012,ISL,T_1000,15.35
2013,ISL,T_1000,16.018
2014,ISL,T_1000,17.278
2015,ISL,T_1000,16.487
2016,ISL,T_1000,17.099
2017,ISL,T_1000,18.32
2018,ISL,T_1000,17.993
2019,ISL,T_1000,17.521
2020,ISL,T_1000,18.505
2021,ISL,T_1000,17.388
2022,ISL,T_1000,18.104
2023,ISL,T_1000,18.686
1990,IRL,T_1000,12.317
1991,IRL,T_1000,12.961
1992,IRL,T_1000,13.339
1993,IRL,T_1000,13.794
1994,IRL,T_1000,14.236
1995,IRL,T_1000,12.823
1996,IRL,T_1000,13.31
1997,IRL,T_1000,13.292
1998,IRL,T_1000,13.068
1999,IRL,T_1000,13.407
2000,IRL,T_1000,13.412
2001,IRL,T_1000,12.319
2002,IRL,T_1000,11.743
2003,IRL,T_1000,12.105
2004,IRL,T_1000,12.546
2005,IRL,T_1000,12.44
2006,IRL,T_1000,13.297
2007,IRL,T_1000,12.871
2008,IRL,T_1000,11.836
2009,IRL,T_1000,11.278
2010,IRL,T_1000,11.118
2011,IRL,T_1000,11.209
2012,IRL,T_1000,11.779
2013,IRL,T_1000,11.626
2014,IRL,T_1000,11.461
2015,IRL,T_1000,9.76
2016,IRL,T_1000,10.099
2017,IRL,T_1000,9.596
2018,IRL,T_1000,9.937
2019,IRL,T_1000,9.778
2020,IRL,T_1000,9.506
2021,IRL,T_1000,9.959
2022,IRL,T_1000,10.688
2023,IRL,T_1000,11.557
1995,ISR,T_1000,11.773
1996,ISR,T_1000,11.364
1997,ISR,T_1000,12.179
1998,ISR,T_1000,11.967
1999,ISR,T_1000,11.852
2000,ISR,T_1000,13.393
2001,ISR,T_1000,13.226
2002,ISR,T_1000,11.608
2003,ISR,T_1000,10.859
2004,ISR,T_1000,10.643
2005,ISR,T_1000,11.045
2006,ISR,T_1000,12.24
2007,ISR,T_1000,12.063
2008,ISR,T_1000,10.29
2009,ISR,T_1000,8.678
2010,ISR,T_1000,8.733
2011,ISR,T_1000,8.99
2012,ISR,T_1000,8.902
2013,ISR,T_1000,9.416
2014,ISR,T_1000,9.349
2015,ISR,T_1000,9.663
2016,ISR,T_1000,9.752
2017,ISR,T_1000,11.422
2018,ISR,T_1000,10.001
2019,ISR,T_1000,9.814
2020,ISR,T_1000,9.769
2021,ISR,T_1000,11.495
2022,ISR,T_1000,12.205
2023,ISR,T_1000,11.045
1990,ITA,T_1000,13.23
1991,ITA,T_1000,13.236
1992,ITA,T_1000,14.603
1993,ITA,T_1000,14.97
1994,ITA,T_1000,13.388
1995,ITA,T_1000,13.571
1996,ITA,T_1000,13.906
1997,ITA,T_1000,14.681
1998,ITA,T_1000,13.061
1999,ITA,T_1000,13.857
2000,ITA,T_1000,13.444
2001,ITA,T_1000,13.697
2002,ITA,T_1000,12.86
2003,ITA,T_1000,12.367
2004,ITA,T_1000,12.337
2005,ITA,T_1000,12.324
2006,ITA,T_1000,13.327
2007,ITA,T_1000,14.026
2008,ITA,T_1000,14.234
2009,ITA,T_1000,13.662
2010,ITA,T_1000,13.626
2011,ITA,T_1000,13.296
2012,ITA,T_1000,14.231
2013,ITA,T_1000,14.466
2014,ITA,T_1000,13.837
2015,ITA,T_1000,13.649
2016,ITA,T_1000,13.463
2017,ITA,T_1000,13.336
2018,ITA,T_1000,12.956
2019,ITA,T_1000,13.35
2020,ITA,T_1000,13.96
2021,ITA,T_1000,13.51
2022,ITA,T_1000,14.044
2023,ITA,T_1000,14.668
1990,JPN,T_1000,13.9
1991,JPN,T_1000,13.297
1992,JPN,T_1000,11.487
1993,JPN,T_1000,10.981
1994,JPN,T_1000,9.803
1995,JPN,T_1000,9.71
1996,JPN,T_1000,9.659
1997,JPN,T_1000,9.525
1998,JPN,T_1000,8.487
1999,JPN,T_1000,7.948
2000,JPN,T_1000,8.816
2001,JPN,T_1000,8.525
2002,JPN,T_1000,7.495
2003,JPN,T_1000,7.371
2004,JPN,T_1000,7.92
2005,JPN,T_1000,8.731
2006,JPN,T_1000,9.423
2007,JPN,T_1000,9.875
2008,JPN,T_1000,9.076
2009,JPN,T_1000,7.588
2010,JPN,T_1000,7.93
2011,JPN,T_1000,8.181
2012,JPN,T_1000,8.68
2013,JPN,T_1000,9.272
2014,JPN,T_1000,9.541
2015,JPN,T_1000,9.426
2016,JPN,T_1000,9.259
2017,JPN,T_1000,9.476
2018,JPN,T_1000,10.077
2019,JPN,T_1000,9.697
2020,JPN,T_1000,10.01
2021,JPN,T_1000,10.815
2022,JPN,T_1000,11.197
2023,JPN,T_1000,10.35
1990,KOR,T_1000,6.085
1991,KOR,T_1000,5.381
1992,KOR,T_1000,5.377
1993,KOR,T_1000,5.212
1994,KOR,T_1000,5.365
1995,KOR,T_1000,5.653
1996,KOR,T_1000,5.522
1997,KOR,T_1000,4.966
1998,KOR,T_1000,5.769
1999,KOR,T_1000,4.769
2000,KOR,T_1000,6.024
2001,KOR,T_1000,5.597
2002,KOR,T_1000,5.429
2003,KOR,T_1000,6.138
2004,KOR,T_1000,5.894
2005,KOR,T_1000,6.33
2006,KOR,T_1000,6.678
2007,KOR,T_1000,7.547
2008,KOR,T_1000,7.305
2009,KOR,T_1000,6.463
2010,KOR,T_1000,6.268
2011,KOR,T_1000,6.973
2012,KOR,T_1000,7.079
2013,KOR,T_1000,6.782
2014,KOR,T_1000,6.805
2015,KOR,T_1000,7.186
2016,KOR,T_1000,7.727
2017,KOR,T_1000,8.14
2018,KOR,T_1000,9.113
2019,KOR,T_1000,9.043
2020,KOR,T_1000,8.583
2021,KOR,T_1000,9.882
2022,KOR,T_1000,11.944
2023,KOR,T_1000,9.877
1995,LVA,T_1000,6.529
1996,LVA,T_1000,6.625
1997,LVA,T_1000,7.228
1998,LVA,T_1000,7.496
1999,LVA,T_1000,7.417
2000,LVA,T_1000,6.995
2001,LVA,T_1000,7.345
2002,LVA,T_1000,7.399
2003,LVA,T_1000,6.978
2004,LVA,T_1000,7.336
2005,LVA,T_1000,7.258
2006,LVA,T_1000,7.681
2007,LVA,T_1000,8.178
2008,LVA,T_1000,8.911
2009,LVA,T_1000,6.854
2010,LVA,T_1000,7.142
2011,LVA,T_1000,7.191
2012,LVA,T_1000,7.353
2013,LVA,T_1000,7.427
2014,LVA,T_1000,7.454
2015,LVA,T_1000,7.461
2016,LVA,T_1000,7.928
2017,LVA,T_1000,8.169
2018,LVA,T_1000,7.029
2019,LVA,T_1000,6.626
2020,LVA,T_1000,6.706
2021,LVA,T_1000,6.886
2022,LVA,T_1000,6.911
2023,LVA,T_1000,7.605
1995,LTU,T_1000,8.328
1996,LTU,T_1000,7.93
1997,LTU,T_1000,8.679
1998,LTU,T_1000,8.93
1999,LTU,T_1000,9.058
2000,LTU,T_1000,8.319
2001,LTU,T_1000,7.732
2002,LTU,T_1000,7.393
2003,LTU,T_1000,7.854
2004,LTU,T_1000,8.63
2005,LTU,T_1000,8.919
2006,LTU,T_1000,9.53
2007,LTU,T_1000,9.048
2008,LTU,T_1000,9.203
2009,LTU,T_1000,5.898
2010,LTU,T_1000,4.57
2011,LTU,T_1000,4.297
2012,LTU,T_1000,4.767
2013,LTU,T_1000,4.927
2014,LTU,T_1000,4.989
2015,LTU,T_1000,5.391
2016,LTU,T_1000,5.593
2017,LTU,T_1000,5.517
2018,LTU,T_1000,5.767
2019,LTU,T_1000,8.759
2020,LTU,T_1000,8.928
2021,LTU,T_1000,9.518
2022,LTU,T_1000,9.902
2023,LTU,T_1000,10.585
1990,LUX,T_1000,13.945
1991,LUX,T_1000,12.415
1992,LUX,T_1000,11.749
1993,LUX,T_1000,13.36
1994,LUX,T_1000,13.803
1995,LUX,T_1000,14.461
1996,LUX,T_1000,14.702
1997,LUX,T_1000,14.729
1998,LUX,T_1000,14.547
1999,LUX,T_1000,13.415
2000,LUX,T_1000,13.512
2001,LUX,T_1000,13.57
2002,LUX,T_1000,13.808
2003,LUX,T_1000,13.661
2004,LUX,T_1000,12.048
2005,LUX,T_1000,12.925
2006,LUX,T_1000,12.365
2007,LUX,T_1000,12.365
2008,LUX,T_1000,12.594
2009,LUX,T_1000,12.781
2010,LUX,T_1000,12.892
2011,LUX,T_1000,12.849
2012,LUX,T_1000,12.8
2013,LUX,T_1000,12.779
2014,LUX,T_1000,12.487
2015,LUX,T_1000,12.949
2016,LUX,T_1000,13.242
2017,LUX,T_1000,13.68
2018,LUX,T_1000,15.621
2019,LUX,T_1000,15.502
2020,LUX,T_1000,14.521
2021,LUX,T_1000,14.637
2022,LUX,T_1000,14.75
2023,LUX,T_1000,16.567
1990,MEX,T_1000,3.916
1991,MEX,T_1000,3.886
1992,MEX,T_1000,4.298
1993,MEX,T_1000,4.191
1994,MEX,T_1000,3.976
1995,MEX,T_1000,3.121
1996,MEX,T_1000,3.113
1997,MEX,T_1000,3.489
1998,MEX,T_1000,3.569
1999,MEX,T_1000,3.836
2000,MEX,T_1000,3.941
2001,MEX,T_1000,4.099
2002,MEX,T_1000,4.183
2003,MEX,T_1000,4.21
2004,MEX,T_1000,3.89
2005,MEX,T_1000,4.021
2006,MEX,T_1000,4.25
2007,MEX,T_1000,4.6
2008,MEX,T_1000,4.867
2009,MEX,T_1000,4.643
2010,MEX,T_1000,4.894
2011,MEX,T_1000,5.061
2012,MEX,T_1000,4.859
2013,MEX,T_1000,5.646
2014,MEX,T_1000,5.399
2015,MEX,T_1000,6.4
2016,MEX,T_1000,6.875
2017,MEX,T_1000,6.975
2018,MEX,T_1000,6.914
2019,MEX,T_1000,6.738
2020,MEX,T_1000,7.342
2021,MEX,T_1000,7.149
2022,MEX,T_1000,7.744
2023,MEX,T_1000,7.915
1990,NLD,T_1000,12.789
1991,NLD,T_1000,13.93
1992,NLD,T_1000,12.987
1993,NLD,T_1000,13.575
1994,NLD,T_1000,11.134
1995,NLD,T_1000,10.157
1996,NLD,T_1000,10.458
1997,NLD,T_1000,10.035
1998,NLD,T_1000,9.728
1999,NLD,T_1000,9.656
2000,NLD,T_1000,9.566
2001,NLD,T_1000,9.642
2002,NLD,T_1000,9.636
2003,NLD,T_1000,8.888
2004,NLD,T_1000,8.616
2005,NLD,T_1000,9.517
2006,NLD,T_1000,9.769
2007,NLD,T_1000,10.03
2008,NLD,T_1000,9.737
2009,NLD,T_1000,9.757
2010,NLD,T_1000,9.888
2011,NLD,T_1000,9.44
2012,NLD,T_1000,8.944
2013,NLD,T_1000,8.877
2014,NLD,T_1000,9.382
2015,NLD,T_1000,10.133
2016,NLD,T_1000,10.274
2017,NLD,T_1000,11.422
2018,NLD,T_1000,11.276
2019,NLD,T_1000,11.931
2020,NLD,T_1000,11.98
2021,NLD,T_1000,12.096
2022,NLD,T_1000,12.46
2023,NLD,T_1000,13.788
1990,NZL,T_1000,21.562
1991,NZL,T_1000,19.999
1992,NZL,T_1000,20.29
1993,NZL,T_1000,20.434
1994,NZL,T_1000,21.599
1995,NZL,T_1000,21.782
1996,NZL,T_1000,20.067
1997,NZL,T_1000,20.263
1998,NZL,T_1000,18.75
1999,NZL,T_1000,18.748
2000,NZL,T_1000,19.525
2001,NZL,T_1000,18.897
2002,NZL,T_1000,19.864
2003,NZL,T_1000,19.771
2004,NZL,T_1000,20.905
2005,NZL,T_1000,22.728
2006,NZL,T_1000,21.932
2007,NZL,T_1000,21.345
2008,NZL,T_1000,19.865
2009,NZL,T_1000,17.199
2010,NZL,T_1000,16.285
2011,NZL,T_1000,15.954
2012,NZL,T_1000,17.358
2013,NZL,T_1000,16.63
2014,NZL,T_1000,17.023
2015,NZL,T_1000,17.286
2016,NZL,T_1000,17.457
2017,NZL,T_1000,17.418
2018,NZL,T_1000,18.119
2019,NZL,T_1000,17.311
2020,NZL,T_1000,19.052
2021,NZL,T_1000,20.224
2022,NZL,T_1000,19.281
2023,NZL,T_1000,19.917
1990,NOR,T_1000,14.175
1991,NOR,T_1000,14.519
1992,NOR,T_1000,12.96
1993,NOR,T_1000,13.052
1994,NOR,T_1000,13.885
1995,NOR,T_1000,14.056
1996,NOR,T_1000,14.504
1997,NOR,T_1000,15.429
1998,NOR,T_1000,15.349
1999,NOR,T_1000,15.624
2000,NOR,T_1000,18.875
2001,NOR,T_1000,18.975
2002,NOR,T_1000,18.534
2003,NOR,T_1000,18.277
2004,NOR,T_1000,19.732
2005,NOR,T_1000,20.992
2006,NOR,T_1000,21.462
2007,NOR,T_1000,20.181
2008,NOR,T_1000,20.875
2009,NOR,T_1000,18.851
2010,NOR,T_1000,19.687
2011,NOR,T_1000,20.378
2012,NOR,T_1000,19.998
2013,NOR,T_1000,18.125
2014,NOR,T_1000,16.474
2015,NOR,T_1000,15.216
2016,NOR,T_1000,14.78
2017,NOR,T_1000,15.134
2018,NOR,T_1000,16.445
2019,NOR,T_1000,16.365
2020,NOR,T_1000,14.12
2021,NOR,T_1000,20.381
2022,NOR,T_1000,26.465
2023,NOR,T_1000,21.378
1991,POL,T_1000,7.426
1992,POL,T_1000,10.948
1993,POL,T_1000,11.99
1994,POL,T_1000,11.052
1995,POL,T_1000,10.917
1996,POL,T_1000,10.398
1997,POL,T_1000,10.17
1998,POL,T_1000,10.09
1999,POL,T_1000,7.214
2000,POL,T_1000,6.716
2001,POL,T_1000,6.013
2002,POL,T_1000,6.148
2003,POL,T_1000,5.892
2004,POL,T_1000,5.922
2005,POL,T_1000,6.41
2006,POL,T_1000,6.99
2007,POL,T_1000,7.898
2008,POL,T_1000,7.974
2009,POL,T_1000,6.769
2010,POL,T_1000,6.346
2011,POL,T_1000,6.405
2012,POL,T_1000,6.602
2013,POL,T_1000,6.353
2014,POL,T_1000,6.396
2015,POL,T_1000,6.51
2016,POL,T_1000,6.705
2017,POL,T_1000,6.934
2018,POL,T_1000,7.382
2019,POL,T_1000,7.539
2020,POL,T_1000,7.522
2021,POL,T_1000,7.953
2022,POL,T_1000,7.286
2023,POL,T_1000,6.936
1990,PRT,T_1000,6.798
1991,PRT,T_1000,7.604
1992,PRT,T_1000,8.491
1993,PRT,T_1000,7.713
1994,PRT,T_1000,7.518
1995,PRT,T_1000,7.71
1996,PRT,T_1000,8.346
1997,PRT,T_1000,8.419
1998,PRT,T_1000,8.215
1999,PRT,T_1000,8.656
2000,PRT,T_1000,9.104
2001,PRT,T_1000,8.654
2002,PRT,T_1000,8.488
2003,PRT,T_1000,7.561
2004,PRT,T_1000,7.887
2005,PRT,T_1000,7.759
2006,PRT,T_1000,8.047
2007,PRT,T_1000,8.859
2008,PRT,T_1000,8.976
2009,PRT,T_1000,8.311
2010,PRT,T_1000,8.12
2011,PRT,T_1000,9.107
2012,PRT,T_1000,8.568
2013,PRT,T_1000,10.947
2014,PRT,T_1000,10.548
2015,PRT,T_1000,10.44
2016,PRT,T_1000,9.806
2017,PRT,T_1000,9.632
2018,PRT,T_1000,9.803
2019,PRT,T_1000,9.451
2020,PRT,T_1000,9.742
2021,PRT,T_1000,9.34
2022,PRT,T_1000,10.313
2023,PRT,T_1000,10.434
1995,SVK,T_1000,10.081
1996,SVK,T_1000,8.848
1997,SVK,T_1000,8.57
1998,SVK,T_1000,8.389
1999,SVK,T_1000,8.417
2000,SVK,T_1000,6.89
2001,SVK,T_1000,6.949
2002,SVK,T_1000,6.539
2003,SVK,T_1000,6.571
2004,SVK,T_1000,5.966
2005,SVK,T_1000,5.88
2006,SVK,T_1000,6.01
2007,SVK,T_1000,6.086
2008,SVK,T_1000,6.398
2009,SVK,T_1000,5.502
2010,SVK,T_1000,5.237
2011,SVK,T_1000,5.352
2012,SVK,T_1000,5.438
2013,SVK,T_1000,6.001
2014,SVK,T_1000,6.489
2015,SVK,T_1000,6.917
2016,SVK,T_1000,6.985
2017,SVK,T_1000,7.038
2018,SVK,T_1000,7.088
2019,SVK,T_1000,7.05
2020,SVK,T_1000,6.993
2021,SVK,T_1000,7.663
2022,SVK,T_1000,7.701
2023,SVK,T_1000,7.659
1995,SVN,T_1000,6.37
1996,SVN,T_1000,6.86
1997,SVN,T_1000,6.919
1998,SVN,T_1000,6.715
1999,SVN,T_1000,6.743
2000,SVN,T_1000,6.791
2001,SVN,T_1000,6.974
2002,SVN,T_1000,7.276
2003,SVN,T_1000,7.441
2004,SVN,T_1000,7.664
2005,SVN,T_1000,8.198
2006,SVN,T_1000,8.615
2007,SVN,T_1000,8.67
2008,SVN,T_1000,8.226
2009,SVN,T_1000,7.509
2010,SVN,T_1000,7.402
2011,SVN,T_1000,7.206
2012,SVN,T_1000,6.881
2013,SVN,T_1000,6.268
2014,SVN,T_1000,6.477
2015,SVN,T_1000,6.556
2016,SVN,T_1000,6.84
2017,SVN,T_1000,6.875
2018,SVN,T_1000,7.299
2019,SVN,T_1000,7.21
2020,SVN,T_1000,7.228
2021,SVN,T_1000,7.885
2022,SVN,T_1000,7.519
2023,SVN,T_1000,7.518
1990,ESP,T_1000,9.663
1991,ESP,T_1000,9.884
1992,ESP,T_1000,9.843
1993,ESP,T_1000,9.515
1994,ESP,T_1000,9.021
1995,ESP,T_1000,9.107
1996,ESP,T_1000,9.059
1997,ESP,T_1000,9.341
1998,ESP,T_1000,9.472
1999,ESP,T_1000,9.297
2000,ESP,T_1000,9.284
2001,ESP,T_1000,9.229
2002,ESP,T_1000,9.714
2003,ESP,T_1000,9.232
2004,ESP,T_1000,9.608
2005,ESP,T_1000,10.351
2006,ESP,T_1000,10.998
2007,ESP,T_1000,12.094
2008,ESP,T_1000,9.774
2009,ESP,T_1000,8.823
2010,ESP,T_1000,8.744
2011,ESP,T_1000,8.955
2012,ESP,T_1000,9.609
2013,ESP,T_1000,9.569
2014,ESP,T_1000,9.691
2015,ESP,T_1000,9.521
2016,ESP,T_1000,9.433
2017,ESP,T_1000,9.618
2018,ESP,T_1000,10.138
2019,ESP,T_1000,9.927
2020,ESP,T_1000,10.704
2021,ESP,T_1000,11.269
2022,ESP,T_1000,11.788
2023,ESP,T_1000,12.046
1990,SWE,T_1000,20.341
1991,SWE,T_1000,17.362
1992,SWE,T_1000,16.949
1993,SWE,T_1000,17.922
1994,SWE,T_1000,18.702
1995,SWE,T_1000,17.712
1996,SWE,T_1000,18.29
1997,SWE,T_1000,18.748
1998,SWE,T_1000,18.58
1999,SWE,T_1000,19.482
2000,SWE,T_1000,21.369
2001,SWE,T_1000,18.278
2002,SWE,T_1000,16.34
2003,SWE,T_1000,17.011
2004,SWE,T_1000,17.898
2005,SWE,T_1000,19.107
2006,SWE,T_1000,18.214
2007,SWE,T_1000,17.523
2008,SWE,T_1000,16.091
2009,SWE,T_1000,15.549
2010,SWE,T_1000,15.393
2011,SWE,T_1000,14.793
2012,SWE,T_1000,14.546
2013,SWE,T_1000,14.881
2014,SWE,T_1000,14.965
2015,SWE,T_1000,15.538
2016,SWE,T_1000,16.029
2017,SWE,T_1000,16.254
2018,SWE,T_1000,15.881
2019,SWE,T_1000,15.34
2020,SWE,T_1000,15.304
2021,SWE,T_1000,15.708
2022,SWE,T_1000,15.309
2023,SWE,T_1000,14.615
1990,CHE,T_1000,10.834
1991,CHE,T_1000,10.747
1992,CHE,T_1000,11.153
1993,CHE,T_1000,10.784
1994,CHE,T_1000,11.308
1995,CHE,T_1000,10.782
1996,CHE,T_1000,11.173
1997,CHE,T_1000,10.815
1998,CHE,T_1000,11.358
1999,CHE,T_1000,10.903
2000,CHE,T_1000,11.838
2001,CHE,T_1000,11.109
2002,CHE,T_1000,11.643
2003,CHE,T_1000,11.268
2004,CHE,T_1000,11.267
2005,CHE,T_1000,11.579
2006,CHE,T_1000,11.656
2007,CHE,T_1000,11.741
2008,CHE,T_1000,12.122
2009,CHE,T_1000,12.072
2010,CHE,T_1000,11.789
2011,CHE,T_1000,11.903
2012,CHE,T_1000,11.846
2013,CHE,T_1000,11.96
2014,CHE,T_1000,11.914
2015,CHE,T_1000,12.524
2016,CHE,T_1000,12.539
2017,CHE,T_1000,13.128
2018,CHE,T_1000,12.952
2019,CHE,T_1000,13.326
2020,CHE,T_1000,12.899
2021,CHE,T_1000,13.37
2022,CHE,T_1000,12.549
2023,CHE,T_1000,12.653
1990,TUR,T_1000,4.865
1991,TUR,T_1000,5.295
1992,TUR,T_1000,5.297
1993,TUR,T_1000,5.263
1994,TUR,T_1000,4.79
1995,TUR,T_1000,4.638
1996,TUR,T_1000,4.832
1997,TUR,T_1000,5.55
1998,TUR,T_1000,6.834
1999,TUR,T_1000,7.073
2000,TUR,T_1000,6.933
2001,TUR,T_1000,7.317
2002,TUR,T_1000,5.908
2003,TUR,T_1000,5.917
2004,TUR,T_1000,5.104
2005,TUR,T_1000,5.047
2006,TUR,T_1000,5.044
2007,TUR,T_1000,5.429
2008,TUR,T_1000,5.478
2009,TUR,T_1000,5.611
2010,TUR,T_1000,5.251
2011,TUR,T_1000,5.395
2012,TUR,T_1000,5.407
2013,TUR,T_1000,5.086
2014,TUR,T_1000,5.168
2015,TUR,T_1000,5.068
2016,TUR,T_1000,5.314
2017,TUR,T_1000,5.275
2018,TUR,T_1000,5.787
2019,TUR,T_1000,5.594
2020,TUR,T_1000,5.227
2021,TUR,T_1000,5.48
2022,TUR,T_1000,5.755
2023,TUR,T_1000,5.634
1990,GBR,T_1000,12.925
1991,GBR,T_1000,11.89
1992,GBR,T_1000,11.168
1993,GBR,T_1000,10.505
1994,GBR,T_1000,10.995
1995,GBR,T_1000,10.817
1996,GBR,T_1000,10.649
1997,GBR,T_1000,11.014
1998,GBR,T_1000,12.157
1999,GBR,T_1000,12.25
2000,GBR,T_1000,12.931
2001,GBR,T_1000,12.679
2002,GBR,T_1000,11.97
2003,GBR,T_1000,11.38
2004,GBR,T_1000,11.926
2005,GBR,T_1000,12.665
2006,GBR,T_1000,12.891
2007,GBR,T_1000,13.033
2008,GBR,T_1000,12.573
2009,GBR,T_1000,11.923
2010,GBR,T_1000,11.984
2011,GBR,T_1000,11.919
2012,GBR,T_1000,11.322
2013,GBR,T_1000,11.264
2014,GBR,T_1000,11.013
2015,GBR,T_1000,11.1
2016,GBR,T_1000,11.435
2017,GBR,T_1000,11.553
2018,GBR,T_1000,11.514
2019,GBR,T_1000,11.193
2020,GBR,T_1000,11.807
2021,GBR,T_1000,12.918
2022,GBR,T_1000,13.377
2023,GBR,T_1000,14.172
1990,USA,T_1000,11.768
1991,USA,T_1000,11.216
1992,USA,T_1000,11.148
1993,USA,T_1000,11.461
1994,USA,T_1000,11.619
1995,USA,T_1000,12.089
1996,USA,T_1000,12.752
1997,USA,T_1000,13.245
1998,USA,T_1000,13.6
1999,USA,T_1000,13.731
2000,USA,T_1000,14.183
2001,USA,T_1000,13.171
2002,USA,T_1000,10.948
2003,USA,T_1000,10.478
2004,USA,T_1000,10.71
2005,USA,T_1000,12.059
2006,USA,T_1000,12.804
2007,USA,T_1000,12.886
2008,USA,T_1000,11.828
2009,USA,T_1000,9.226
2010,USA,T_1000,9.892
2011,USA,T_1000,10.976
2012,USA,T_1000,11.207
2013,USA,T_1000,11.949
2014,USA,T_1000,12.326
2015,USA,T_1000,12.655
2016,USA,T_1000,12.304
2017,USA,T_1000,11.847
2018,USA,T_1000,11.365
2019,USA,T_1000,11.483
2020,USA,T_1000,11.911
2021,USA,T_1000,13.232
2022,USA,T_1000,14.197
2023,USA,T_1000,12.121
1990,ARG,T_1000,0.703
1991,ARG,T_1000,1.032
1992,ARG,T_1000,1.326
1993,ARG,T_1000,1.816
1994,ARG,T_1000,2.182
1995,ARG,T_1000,2.244
1996,ARG,T_1000,2.296
1997,ARG,T_1000,2.592
1998,ARG,T_1000,2.874
1999,ARG,T_1000,3.18
2000,ARG,T_1000,3.557
2001,ARG,T_1000,3.568
2002,ARG,T_1000,2.722
2003,ARG,T_1000,3.847
2004,ARG,T_1000,4.857
2005,ARG,T_1000,5.013
2006,ARG,T_1000,4.856
2007,ARG,T_1000,4.931
2008,ARG,T_1000,4.76
2009,ARG,T_1000,4.558
2010,ARG,T_1000,4.72
2011,ARG,T_1000,5.054
2012,ARG,T_1000,5.311
2013,ARG,T_1000,5.546
2014,ARG,T_1000,5.892
2015,ARG,T_1000,6.458
2016,ARG,T_1000,5.31
2017,ARG,T_1000,5.251
2018,ARG,T_1000,5.066
2019,ARG,T_1000,5.116
2020,ARG,T_1000,5.404
2021,ARG,T_1000,5.089
2022,ARG,T_1000,5.72
2023,ARG,T_1000,4.606
1990,BRA,T_1000,5.093
1991,BRA,T_1000,3.723
1992,BRA,T_1000,4.521
1993,BRA,T_1000,4.73
1994,BRA,T_1000,5.001
1995,BRA,T_1000,5.206
1996,BRA,T_1000,4.963
1997,BRA,T_1000,4.82
1998,BRA,T_1000,5.414
1999,BRA,T_1000,5.698
2000,BRA,T_1000,5.727
2001,BRA,T_1000,6.015
2002,BRA,T_1000,6.445
2003,BRA,T_1000,6.224
2004,BRA,T_1000,6.114
2005,BRA,T_1000,6.867
2006,BRA,T_1000,6.738
2007,BRA,T_1000,7.097
2008,BRA,T_1000,7.552
2009,BRA,T_1000,7.033
2010,BRA,T_1000,6.658
2011,BRA,T_1000,7.182
2012,BRA,T_1000,6.677
2013,BRA,T_1000,6.763
2014,BRA,T_1000,6.607
2015,BRA,T_1000,6.688
2016,BRA,T_1000,7.228
2017,BRA,T_1000,6.965
2018,BRA,T_1000,7.006
2019,BRA,T_1000,7.28
2020,BRA,T_1000,6.907
2021,BRA,T_1000,7.746
2022,BRA,T_1000,9.018
2023,BRA,T_1000,8.664
1995,BGR,T_1000,4.969
1996,BGR,T_1000,5.711
1997,BGR,T_1000,12.051
1998,BGR,T_1000,9.872
1999,BGR,T_1000,10.174
2000,BGR,T_1000,9.678
2001,BGR,T_1000,9.739
2002,BGR,T_1000,8.664
2003,BGR,T_1000,6.203
2004,BGR,T_1000,5.525
2005,BGR,T_1000,5.039
2006,BGR,T_1000,5.446
2007,BGR,T_1000,6.107
2008,BGR,T_1000,5.636
2009,BGR,T_1000,4.882
2010,BGR,T_1000,4.548
2011,BGR,T_1000,4.493
2012,BGR,T_1000,4.485
1990,AUS,T_4000,2.511
1991,AUS,T_4000,2.602
1992,AUS,T_4000,2.61
1993,AUS,T_4000,2.729
1994,AUS,T_4000,2.548
1995,AUS,T_4000,2.482
1996,AUS,T_4000,2.593
1997,AUS,T_4000,2.631
1998,AUS,T_4000,2.642
1999,AUS,T_4000,2.738
2000,AUS,T_4000,2.661
2001,AUS,T_4000,2.539
2002,AUS,T_4000,2.667
2003,AUS,T_4000,2.823
2004,AUS,T_4000,2.622
2005,AUS,T_4000,2.569
2006,AUS,T_4000,2.69
2007,AUS,T_4000,2.639
2008,AUS,T_4000,2.212
2009,AUS,T_4000,2.445
2010,AUS,T_4000,2.361
2011,AUS,T_4000,2.238
2012,AUS,T_4000,2.342
2013,AUS,T_4000,2.559
2014,AUS,T_4000,2.786
2015,AUS,T_4000,2.964
2016,AUS,T_4000,2.959
2017,AUS,T_4000,2.87
2018,AUS,T_4000,2.724
2019,AUS,T_4000,2.72
2008,AUT,T_4000,0.522
2009,AUT,T_4000,0.525
2010,AUT,T_4000,0.525
2011,AUT,T_4000,0.508
2012,AUT,T_4000,0.554
2013,AUT,T_4000,0.723
2014,AUT,T_4000,0.597
2015,AUT,T_4000,0.571
2016,AUT,T_4000,0.546
2017,AUT,T_4000,0.526
2018,AUT,T_4000,0.545
2019,AUT,T_4000,0.543
2020,AUT,T_4000,0.576
2021,AUT,T_4000,0.631
2022,AUT,T_4000,0.589
2023,AUT,T_4000,0.46
1990,BEL,T_4000,1.575
1991,BEL,T_4000,1.539
1992,BEL,T_4000,1.527
1993,BEL,T_4000,1.685
1994,BEL,T_4000,1.729
1995,BEL,T_4000,1.636
1996,BEL,T_4000,1.781
1997,BEL,T_4000,1.923
1998,BEL,T_4000,2.074
1999,BEL,T_4000,2.062
2000,BEL,T_4000,2.06
2001,BEL,T_4000,1.983
2002,BEL,T_4000,1.972
2003,BEL,T_4000,2.044
2004,BEL,T_4000,2.281
2005,BEL,T_4000,3.023
2006,BEL,T_4000,3.143
2007,BEL,T_4000,3.07
2008,BEL,T_4000,3.06
2009,BEL,T_4000,2.958
2010,BEL,T_4000,3.099
2011,BEL,T_4000,3.175
2012,BEL,T_4000,3.274
2013,BEL,T_4000,3.514
2014,BEL,T_4000,3.537
2015,BEL,T_4000,3.458
2016,BEL,T_4000,3.474
2017,BEL,T_4000,3.459
2018,BEL,T_4000,3.441
2019,BEL,T_4000,3.418
2020,BEL,T_4000,3.391
2021,BEL,T_4000,3.543
2022,BEL,T_4000,3.253
2023,BEL,T_4000,3.147
1990,CAN,T_4000,3.515
1991,CAN,T_4000,3.711
1992,CAN,T_4000,3.901
1993,CAN,T_4000,3.876
1994,CAN,T_4000,3.8
1995,CAN,T_4000,3.692
1996,CAN,T_4000,3.677
1997,CAN,T_4000,3.67
1998,CAN,T_4000,3.706
1999,CAN,T_4000,3.57
2000,CAN,T_4000,3.301
2001,CAN,T_4000,3.664
2002,CAN,T_4000,3.579
2003,CAN,T_4000,3.538
2004,CAN,T_4000,3.531
2005,CAN,T_4000,3.503
2006,CAN,T_4000,3.465
2007,CAN,T_4000,3.455
2008,CAN,T_4000,3.597
2009,CAN,T_4000,3.931
2010,CAN,T_4000,3.826
2011,CAN,T_4000,3.687
2012,CAN,T_4000,3.705
2013,CAN,T_4000,3.704
2014,CAN,T_4000,3.674
2015,CAN,T_4000,3.908
2016,CAN,T_4000,4.008
2017,CAN,T_4000,3.931
2018,CAN,T_4000,3.851
2019,CAN,T_4000,3.868
2020,CAN,T_4000,4.045
2021,CAN,T_4000,3.892
2022,CAN,T_4000,3.503
2023,CAN,T_4000,3.426
1990,CHL,T_4000,1.032
1991,CHL,T_4000,1.057
1992,CHL,T_4000,1.126
1993,CHL,T_4000,1.253
1994,CHL,T_4000,1.152
1995,CHL,T_4000,1.142
1996,CHL,T_4000,1.247
1997,CHL,T_4000,1.3
1998,CHL,T_4000,1.311
1999,CHL,T_4000,1.401
2000,CHL,T_4000,1.312
2001,CHL,T_4000,1.405
2002,CHL,T_4000,1.446
2003,CHL,T_4000,1.422
2004,CHL,T_4000,1.298
2005,CHL,T_4000,1.317
2006,CHL,T_4000,1.186
2007,CHL,T_4000,1.124
2008,CHL,T_4000,1.177
2009,CHL,T_4000,0.91
2010,CHL,T_4000,0.783
2011,CHL,T_4000,0.895
2012,CHL,T_4000,0.955
2013,CHL,T_4000,0.827
2014,CHL,T_4000,0.83
2015,CHL,T_4000,0.895
2016,CHL,T_4000,1.025
2017,CHL,T_4000,1.097
2018,CHL,T_4000,1.1
2019,CHL,T_4000,1.145
2020,CHL,T_4000,1.124
2021,CHL,T_4000,1.204
2022,CHL,T_4000,1.314
2023,CHL,T_4000,1.331
1990,COL,T_4000,0.247
1991,COL,T_4000,0.27
1992,COL,T_4000,0.306
1993,COL,T_4000,0.339
1994,COL,T_4000,0.411
1995,COL,T_4000,0.421
1996,COL,T_4000,0.491
1997,COL,T_4000,0.5
1998,COL,T_4000,0.555
1999,COL,T_4000,1.113
2000,COL,T_4000,1.039
2001,COL,T_4000,1.185
2002,COL,T_4000,1.691
2003,COL,T_4000,1.631
2004,COL,T_4000,1.469
2005,COL,T_4000,1.432
2006,COL,T_4000,1.414
2007,COL,T_4000,1.507
2008,COL,T_4000,1.874
2009,COL,T_4000,1.639
2010,COL,T_4000,1.569
2011,COL,T_4000,2.087
2012,COL,T_4000,2.051
2013,COL,T_4000,2.088
2014,COL,T_4000,2.095
2015,COL,T_4000,2.256
2016,COL,T_4000,2.094
2017,COL,T_4000,1.95
2018,COL,T_4000,1.545
2019,COL,T_4000,1.791
2020,COL,T_4000,1.82
2021,COL,T_4000,1.732
2022,COL,T_4000,1.533
2023,COL,T_4000,1.647
1990,CRI,T_4000,0.298
1991,CRI,T_4000,0.2
1992,CRI,T_4000,0.231
1993,CRI,T_4000,0.252
1994,CRI,T_4000,0.215
1995,CRI,T_4000,0.195
1996,CRI,T_4000,0.292
1997,CRI,T_4000,0.291
1998,CRI,T_4000,0.196
1999,CRI,T_4000,0.16
2000,CRI,T_4000,0.181
2001,CRI,T_4000,0.194
2002,CRI,T_4000,0.209
2003,CRI,T_4000,0.213
2004,CRI,T_4000,0.241
2005,CRI,T_4000,0.262
2006,CRI,T_4000,0.314
2007,CRI,T_4000,0.307
2008,CRI,T_4000,0.288
2009,CRI,T_4000,0.27
2010,CRI,T_4000,0.322
2011,CRI,T_4000,0.329
2012,CRI,T_4000,0.345
2013,CRI,T_4000,0.389
2014,CRI,T_4000,0.408
2015,CRI,T_4000,0.409
2016,CRI,T_4000,0.419
2017,CRI,T_4000,0.425
2018,CRI,T_4000,0.415
2019,CRI,T_4000,0.444
2020,CRI,T_4000,0.446
2021,CRI,T_4000,0.517
2022,CRI,T_4000,0.493
2023,CRI,T_4000,0.469
1993,CZE,T_4000,0.386
1994,CZE,T_4000,0.435
1995,CZE,T_4000,0.475
1996,CZE,T_4000,0.486
1997,CZE,T_4000,0.514
1998,CZE,T_4000,0.505
1999,CZE,T_4000,0.452
2000,CZE,T_4000,0.454
2001,CZE,T_4000,0.478
2002,CZE,T_4000,0.477
2003,CZE,T_4000,0.477
2004,CZE,T_4000,0.378
2005,CZE,T_4000,0.396
2006,CZE,T_4000,0.398
2007,CZE,T_4000,0.402
2008,CZE,T_4000,0.377
2009,CZE,T_4000,0.357
2010,CZE,T_4000,0.406
2011,CZE,T_4000,0.499
2012,CZE,T_4000,0.499
2013,CZE,T_4000,0.461
2014,CZE,T_4000,0.446
2015,CZE,T_4000,0.471
2016,CZE,T_4000,0.484
2017,CZE,T_4000,0.46
2018,CZE,T_4000,0.45
2019,CZE,T_4000,0.409
2020,CZE,T_4000,0.199
2021,CZE,T_4000,0.189
2022,CZE,T_4000,0.177
2023,CZE,T_4000,0.164
1990,DNK,T_4000,1.899
1991,DNK,T_4000,1.69
1992,DNK,T_4000,1.816
1993,DNK,T_4000,1.949
1994,DNK,T_4000,1.801
1995,DNK,T_4000,1.669
1996,DNK,T_4000,1.602
1997,DNK,T_4000,1.626
1998,DNK,T_4000,1.767
1999,DNK,T_4000,1.769
2000,DNK,T_4000,1.564
2001,DNK,T_4000,1.629
2002,DNK,T_4000,1.678
2003,DNK,T_4000,1.772
2004,DNK,T_4000,1.788
2005,DNK,T_4000,1.842
2006,DNK,T_4000,1.823
2007,DNK,T_4000,1.81
2008,DNK,T_4000,1.899
2009,DNK,T_4000,1.819
2010,DNK,T_4000,1.849
2011,DNK,T_4000,1.888
2012,DNK,T_4000,1.779
2013,DNK,T_4000,1.808
2014,DNK,T_4000,1.833
2015,DNK,T_4000,1.939
2016,DNK,T_4000,1.84
2017,DNK,T_4000,1.792
2018,DNK,T_4000,1.836
2019,DNK,T_4000,2.011
2020,DNK,T_4000,1.96
2021,DNK,T_4000,1.835
2022,DNK,T_4000,1.703
2023,DNK,T_4000,1.657
1995,EST,T_4000,0.351
1996,EST,T_4000,0.366
1997,EST,T_4000,0.377
1998,EST,T_4000,0.372
1999,EST,T_4000,0.367
2000,EST,T_4000,0.388
2001,EST,T_4000,0.363
2002,EST,T_4000,0.344
2003,EST,T_4000,0.328
2004,EST,T_4000,0.311
2005,EST,T_4000,0.285
2006,EST,T_4000,0.244
2007,EST,T_4000,0.215
2008,EST,T_4000,0.29
2009,EST,T_4000,0.341
2010,EST,T_4000,0.348
2011,EST,T_4000,0.307
2012,EST,T_4000,0.324
2013,EST,T_4000,0.299
2014,EST,T_4000,0.289
2015,EST,T_4000,0.276
2016,EST,T_4000,0.266
2017,EST,T_4000,0.237
2018,EST,T_4000,0.219
2019,EST,T_4000,0.204
2020,EST,T_4000,0.21
2021,EST,T_4000,0.189
2022,EST,T_4000,0.162
2023,EST,T_4000,0.155
1990,FIN,T_4000,1.051
1991,FIN,T_4000,1.003
1992,FIN,T_4000,0.964
1993,FIN,T_4000,1.169
1994,FIN,T_4000,1.116
1995,FIN,T_4000,0.988
1996,FIN,T_4000,1.03
1997,FIN,T_4000,1.045
1998,FIN,T_4000,1.071
1999,FIN,T_4000,1.053
2000,FIN,T_4000,1.113
2001,FIN,T_4000,1.003
2002,FIN,T_4000,1.038
2003,FIN,T_4000,0.994
2004,FIN,T_4000,1.072
2005,FIN,T_4000,1.15
2006,FIN,T_4000,1.064
2007,FIN,T_4000,1.076
2008,FIN,T_4000,1.054
2009,FIN,T_4000,1.047
2010,FIN,T_4000,1.109
2011,FIN,T_4000,1.08
2012,FIN,T_4000,1.174
2013,FIN,T_4000,1.272
2014,FIN,T_4000,1.314
2015,FIN,T_4000,1.427
2016,FIN,T_4000,1.41
2017,FIN,T_4000,1.528
2018,FIN,T_4000,1.434
2019,FIN,T_4000,1.45
2020,FIN,T_4000,1.499
2021,FIN,T_4000,1.511
2022,FIN,T_4000,1.443
2023,FIN,T_4000,1.402
1990,FRA,T_4000,2.628
1991,FRA,T_4000,2.642
1992,FRA,T_4000,3.212
1993,FRA,T_4000,2.773
1994,FRA,T_4000,2.903
1995,FRA,T_4000,2.838
1996,FRA,T_4000,2.946
1997,FRA,T_4000,3.117
1998,FRA,T_4000,3.105
1999,FRA,T_4000,3.162
2000,FRA,T_4000,2.991
2001,FRA,T_4000,2.962
2002,FRA,T_4000,2.99
2003,FRA,T_4000,3.055
2004,FRA,T_4000,3.186
2005,FRA,T_4000,3.321
2006,FRA,T_4000,3.383
2007,FRA,T_4000,3.373
2008,FRA,T_4000,3.257
2009,FRA,T_4000,3.335
2010,FRA,T_4000,3.547
2011,FRA,T_4000,3.653
2012,FRA,T_4000,3.792
2013,FRA,T_4000,3.852
2014,FRA,T_4000,3.912
2015,FRA,T_4000,4.077
2016,FRA,T_4000,4.147
2017,FRA,T_4000,4.289
2018,FRA,T_4000,4.034
2019,FRA,T_4000,3.936
2020,FRA,T_4000,4.001
2021,FRA,T_4000,3.887
2022,FRA,T_4000,3.702
2023,FRA,T_4000,3.457
1990,DEU,T_4000,1.173
1991,DEU,T_4000,1.001
1992,DEU,T_4000,0.972
1993,DEU,T_4000,0.978
1994,DEU,T_4000,1.011
1995,DEU,T_4000,1.005
1996,DEU,T_4000,1.083
1997,DEU,T_4000,0.974
1998,DEU,T_4000,0.844
1999,DEU,T_4000,0.898
2000,DEU,T_4000,0.83
2001,DEU,T_4000,0.803
2002,DEU,T_4000,0.79
2003,DEU,T_4000,0.819
2004,DEU,T_4000,0.838
2005,DEU,T_4000,0.84
2006,DEU,T_4000,0.852
2007,DEU,T_4000,0.875
2008,DEU,T_4000,0.836
2009,DEU,T_4000,0.832
2010,DEU,T_4000,0.819
2011,DEU,T_4000,0.855
2012,DEU,T_4000,0.895
2013,DEU,T_4000,0.929
2014,DEU,T_4000,0.962
2015,DEU,T_4000,1.072
2016,DEU,T_4000,1.087
2017,DEU,T_4000,1.049
2018,DEU,T_4000,1.079
2019,DEU,T_4000,1.113
2020,DEU,T_4000,1.246
2021,DEU,T_4000,1.239
2022,DEU,T_4000,1.115
2023,DEU,T_4000,0.937
1990,GRC,T_4000,1.169
1991,GRC,T_4000,0.989
1992,GRC,T_4000,1.186
1993,GRC,T_4000,0.982
1994,GRC,T_4000,0.944
1995,GRC,T_4000,1.69
1996,GRC,T_4000,1.8
1997,GRC,T_4000,1.968
1998,GRC,T_4000,1.969
1999,GRC,T_4000,2.39
2000,GRC,T_4000,2.571
2001,GRC,T_4000,2.161
2002,GRC,T_4000,1.974
2003,GRC,T_4000,1.907
2004,GRC,T_4000,1.811
2005,GRC,T_4000,1.923
2006,GRC,T_4000,2.085
2007,GRC,T_4000,2.109
2008,GRC,T_4000,2.158
2009,GRC,T_4000,1.989
2010,GRC,T_4000,1.669
2011,GRC,T_4000,2.523
2012,GRC,T_4000,2.746
2013,GRC,T_4000,3.168
2014,GRC,T_4000,2.896
2015,GRC,T_4000,3.072
2016,GRC,T_4000,3.147
2017,GRC,T_4000,3.144
2018,GRC,T_4000,3.094
2019,GRC,T_4000,3.055
2020,GRC,T_4000,3.055
2021,GRC,T_4000,2.915
2022,GRC,T_4000,2.739
2023,GRC,T_4000,2.825
1991,HUN,T_4000,0.517
1992,HUN,T_4000,0.446
1993,HUN,T_4000,0.367
1994,HUN,T_4000,0.439
1995,HUN,T_4000,0.497
1996,HUN,T_4000,0.598
1997,HUN,T_4000,0.58
1998,HUN,T_4000,0.587
1999,HUN,T_4000,0.634
2000,HUN,T_4000,0.668
2001,HUN,T_4000,0.69
2002,HUN,T_4000,0.688
2003,HUN,T_4000,0.801
2004,HUN,T_4000,0.833
2005,HUN,T_4000,0.827
2006,HUN,T_4000,0.813
2007,HUN,T_4000,0.787
2008,HUN,T_4000,0.847
2009,HUN,T_4000,0.811
2010,HUN,T_4000,1.135
2011,HUN,T_4000,1.111
2012,HUN,T_4000,1.211
2013,HUN,T_4000,1.281
2014,HUN,T_4000,1.272
2015,HUN,T_4000,1.251
2016,HUN,T_4000,1.083
2017,HUN,T_4000,1.041
2018,HUN,T_4000,0.963
2019,HUN,T_4000,0.937
2020,HUN,T_4000,1.047
2021,HUN,T_4000,0.874
2022,HUN,T_4000,0.807
2023,HUN,T_4000,0.736
1990,ISL,T_4000,2.57
1991,ISL,T_4000,2.717
1992,ISL,T_4000,2.861
1993,ISL,T_4000,2.926
1994,ISL,T_4000,2.84
1995,ISL,T_4000,2.793
1996,ISL,T_4000,2.64
1997,ISL,T_4000,2.556
1998,ISL,T_4000,2.145
1999,ISL,T_4000,2.155
2000,ISL,T_4000,2.373
2001,ISL,T_4000,2.289
2002,ISL,T_4000,2.102
2003,ISL,T_4000,1.811
2004,ISL,T_4000,1.767
2005,ISL,T_4000,1.714
2006,ISL,T_4000,1.506
2007,ISL,T_4000,1.661
2008,ISL,T_4000,1.734
2009,ISL,T_4000,1.837
2010,ISL,T_4000,2.107
2011,ISL,T_4000,2.062
2012,ISL,T_4000,2.219
2013,ISL,T_4000,2.158
2014,ISL,T_4000,2.212
2015,ISL,T_4000,1.695
2016,ISL,T_4000,17.026
2017,ISL,T_4000,1.869
2018,ISL,T_4000,1.823
2019,ISL,T_4000,1.929
2020,ISL,T_4000,2.264
2021,ISL,T_4000,2.068
2022,ISL,T_4000,1.962
2023,ISL,T_4000,2.009
1990,IRL,T_4000,1.504
1991,IRL,T_4000,1.506
1992,IRL,T_4000,1.449
1993,IRL,T_4000,1.375
1994,IRL,T_4000,1.52
1995,IRL,T_4000,1.421
1996,IRL,T_4000,1.506
1997,IRL,T_4000,1.52
1998,IRL,T_4000,1.564
1999,IRL,T_4000,1.691
2000,IRL,T_4000,1.753
2001,IRL,T_4000,1.679
2002,IRL,T_4000,1.499
2003,IRL,T_4000,1.865
2004,IRL,T_4000,2.013
2005,IRL,T_4000,2.209
2006,IRL,T_4000,2.696
2007,IRL,T_4000,2.43
2008,IRL,T_4000,1.779
2009,IRL,T_4000,1.452
2010,IRL,T_4000,1.427
2011,IRL,T_4000,1.641
2012,IRL,T_4000,1.738
2013,IRL,T_4000,1.982
2014,IRL,T_4000,2.112
2015,IRL,T_4000,1.438
2016,IRL,T_4000,1.391
2017,IRL,T_4000,1.249
2018,IRL,T_4000,1.289
2019,IRL,T_4000,1.219
2020,IRL,T_4000,0.965
2021,IRL,T_4000,1.078
2022,IRL,T_4000,0.962
2023,IRL,T_4000,1.009
1995,ISR,T_4000,3.613
1996,ISR,T_4000,3.489
1997,ISR,T_4000,3.312
1998,ISR,T_4000,3.248
1999,ISR,T_4000,3.279
2000,ISR,T_4000,3.231
2001,ISR,T_4000,2.971
2002,ISR,T_4000,2.915
2003,ISR,T_4000,2.871
2004,ISR,T_4000,3.184
2005,ISR,T_4000,3.322
2006,ISR,T_4000,3.184
2007,ISR,T_4000,3.301
2008,ISR,T_4000,3.263
2009,ISR,T_4000,3.132
2010,ISR,T_4000,3.351
2011,ISR,T_4000,3.389
2012,ISR,T_4000,3.106
2013,ISR,T_4000,3.168
2014,ISR,T_4000,3.202
2015,ISR,T_4000,3.443
2016,ISR,T_4000,3.338
2017,ISR,T_4000,3.351
2018,ISR,T_4000,3.306
2019,ISR,T_4000,3.204
2020,ISR,T_4000,3.061
2021,ISR,T_4000,3.898
2022,ISR,T_4000,4.026
2023,ISR,T_4000,3.236
1990,ITA,T_4000,0.818
1991,ITA,T_4000,0.911
1992,ITA,T_4000,1.363
1993,ITA,T_4000,2.191
1994,ITA,T_4000,2.096
1995,ITA,T_4000,2.172
1996,ITA,T_4000,2.154
1997,ITA,T_4000,2.106
1998,ITA,T_4000,1.916
1999,ITA,T_4000,1.859
2000,ITA,T_4000,1.882
2001,ITA,T_4000,1.769
2002,ITA,T_4000,2.041
2003,ITA,T_4000,3.107
2004,ITA,T_4000,2.407
2005,ITA,T_4000,1.955
2006,ITA,T_4000,2.036
2007,ITA,T_4000,2.022
2008,ITA,T_4000,1.786
2009,ITA,T_4000,2.599
2010,ITA,T_4000,2.013
2011,ITA,T_4000,2.189
2012,ITA,T_4000,2.687
2013,ITA,T_4000,2.721
2014,ITA,T_4000,2.88
2015,ITA,T_4000,2.795
2016,ITA,T_4000,2.765
2017,ITA,T_4000,2.503
2018,ITA,T_4000,2.489
2019,ITA,T_4000,2.407
2020,ITA,T_4000,2.434
2021,ITA,T_4000,2.473
2022,ITA,T_4000,2.453
2023,ITA,T_4000,2.25
1990,JPN,T_4000,2.602
1991,JPN,T_4000,2.652
1992,JPN,T_4000,2.833
1993,JPN,T_4000,3.003
1994,JPN,T_4000,2.998
1995,JPN,T_4000,3.087
1996,JPN,T_4000,2.989
1997,JPN,T_4000,2.89
1998,JPN,T_4000,2.785
1999,JPN,T_4000,2.788
2000,JPN,T_4000,2.659
2001,JPN,T_4000,2.684
2002,JPN,T_4000,2.643
2003,JPN,T_4000,2.493
2004,JPN,T_4000,2.474
2005,JPN,T_4000,2.495
2006,JPN,T_4000,2.418
2007,JPN,T_4000,2.44
2008,JPN,T_4000,2.54
2009,JPN,T_4000,2.604
2010,JPN,T_4000,2.551
2011,JPN,T_4000,2.62
2012,JPN,T_4000,2.546
2013,JPN,T_4000,2.524
2014,JPN,T_4000,2.542
2015,JPN,T_4000,2.478
2016,JPN,T_4000,2.528
2017,JPN,T_4000,2.532
2018,JPN,T_4000,2.551
2019,JPN,T_4000,2.575
2020,JPN,T_4000,2.659
2021,JPN,T_4000,2.664
2022,JPN,T_4000,2.711
2023,JPN,T_4000,2.589
1990,KOR,T_4000,2.188
1991,KOR,T_4000,2.305
1992,KOR,T_4000,2.313
1993,KOR,T_4000,2.587
1994,KOR,T_4000,2.676
1995,KOR,T_4000,2.618
1996,KOR,T_4000,2.498
1997,KOR,T_4000,2.415
1998,KOR,T_4000,2.061
1999,KOR,T_4000,2.631
2000,KOR,T_4000,2.585
2001,KOR,T_4000,2.421
2002,KOR,T_4000,2.71
2003,KOR,T_4000,2.59
2004,KOR,T_4000,2.382
2005,KOR,T_4000,2.579
2006,KOR,T_4000,2.984
2007,KOR,T_4000,3.038
2008,KOR,T_4000,2.813
2009,KOR,T_4000,2.638
2010,KOR,T_4000,2.534
2011,KOR,T_4000,2.632
2012,KOR,T_4000,2.515
2013,KOR,T_4000,2.388
2014,KOR,T_4000,2.579
2015,KOR,T_4000,2.933
2016,KOR,T_4000,2.862
2017,KOR,T_4000,2.964
2018,KOR,T_4000,3.098
2019,KOR,T_4000,3.104
2020,KOR,T_4000,3.942
2021,KOR,T_4000,4.483
2022,KOR,T_4000,3.796
2023,KOR,T_4000,3.323
1995,LVA,T_4000,1.004
1996,LVA,T_4000,1.07
1997,LVA,T_4000,1.135
1998,LVA,T_4000,1.274
1999,LVA,T_4000,1.0
2000,LVA,T_4000,1.1
2001,LVA,T_4000,1.062
2002,LVA,T_4000,0.986
2003,LVA,T_4000,1.024
2004,LVA,T_4000,1.021
2005,LVA,T_4000,0.99
2006,LVA,T_4000,0.987
2007,LVA,T_4000,0.86
2008,LVA,T_4000,0.631
2009,LVA,T_4000,0.702
2010,LVA,T_4000,0.868
2011,LVA,T_4000,0.999
2012,LVA,T_4000,0.964
2013,LVA,T_4000,0.971
2014,LVA,T_4000,1.046
2015,LVA,T_4000,1.013
2016,LVA,T_4000,1.069
2017,LVA,T_4000,1.039
2018,LVA,T_4000,0.955
2019,LVA,T_4000,0.94
2020,LVA,T_4000,0.933
2021,LVA,T_4000,0.889
2022,LVA,T_4000,0.767
2023,LVA,T_4000,0.728
1995,LTU,T_4000,0.322
1996,LTU,T_4000,0.362
1997,LTU,T_4000,0.405
1998,LTU,T_4000,0.411
1999,LTU,T_4000,0.454
2000,LTU,T_4000,0.461
2001,LTU,T_4000,0.484
2002,LTU,T_4000,0.484
2003,LTU,T_4000,0.43
2004,LTU,T_4000,0.394
2005,LTU,T_4000,0.344
2006,LTU,T_4000,0.329
2007,LTU,T_4000,0.288
2008,LTU,T_4000,0.273
2009,LTU,T_4000,0.351
2010,LTU,T_4000,0.366
2011,LTU,T_4000,0.31
2012,LTU,T_4000,0.284
2013,LTU,T_4000,0.276
2014,LTU,T_4000,0.296
2015,LTU,T_4000,0.338
2016,LTU,T_4000,0.328
2017,LTU,T_4000,0.305
2018,LTU,T_4000,0.301
2019,LTU,T_4000,0.304
2020,LTU,T_4000,0.301
2021,LTU,T_4000,0.294
2022,LTU,T_4000,0.288
2023,LTU,T_4000,0.305
1990,LUX,T_4000,2.921
1991,LUX,T_4000,2.515
1992,LUX,T_4000,2.683
1993,LUX,T_4000,2.835
1994,LUX,T_4000,2.754
1995,LUX,T_4000,2.573
1996,LUX,T_4000,2.796
1997,LUX,T_4000,2.953
1998,LUX,T_4000,3.267
1999,LUX,T_4000,3.653
2000,LUX,T_4000,3.957
2001,LUX,T_4000,3.627
2002,LUX,T_4000,3.015
2003,LUX,T_4000,2.797
2004,LUX,T_4000,2.827
2005,LUX,T_4000,3.18
2006,LUX,T_4000,3.298
2007,LUX,T_4000,3.438
2008,LUX,T_4000,2.585
2009,LUX,T_4000,2.397
2010,LUX,T_4000,2.505
2011,LUX,T_4000,2.506
2012,LUX,T_4000,2.56
2013,LUX,T_4000,2.64
2014,LUX,T_4000,2.81
2015,LUX,T_4000,3.167
2016,LUX,T_4000,3.334
2017,LUX,T_4000,3.551
2018,LUX,T_4000,3.85
2019,LUX,T_4000,3.869
2020,LUX,T_4000,3.817
2021,LUX,T_4000,4.024
2022,LUX,T_4000,3.693
2023,LUX,T_4000,3.52
1990,MEX,T_4000,0.216
1991,MEX,T_4000,0.265
1992,MEX,T_4000,0.307
1993,MEX,T_4000,0.285
1994,MEX,T_4000,0.272
1995,MEX,T_4000,0.231
1996,MEX,T_4000,0.208
1997,MEX,T_4000,0.193
1998,MEX,T_4000,0.192
1999,MEX,T_4000,0.191
2000,MEX,T_4000,0.199
2001,MEX,T_4000,0.225
2002,MEX,T_4000,0.248
2003,MEX,T_4000,0.249
2004,MEX,T_4000,0.248
2005,MEX,T_4000,0.268
2006,MEX,T_4000,0.266
2007,MEX,T_4000,0.275
2008,MEX,T_4000,0.277
2009,MEX,T_4000,0.278
2010,MEX,T_4000,0.279
2011,MEX,T_4000,0.27
2012,MEX,T_4000,0.273
2013,MEX,T_4000,0.273
2014,MEX,T_4000,0.303
2015,MEX,T_4000,0.3
2016,MEX,T_4000,0.305
2017,MEX,T_4000,0.301
2018,MEX,T_4000,0.319
2019,MEX,T_4000,0.315
2020,MEX,T_4000,0.329
2021,MEX,T_4000,0.339
2022,MEX,T_4000,0.357
2023,MEX,T_4000,0.301
1990,NLD,T_4000,1.449
1991,NLD,T_4000,1.489
1992,NLD,T_4000,1.488
1993,NLD,T_4000,1.578
1994,NLD,T_4000,1.66
1995,NLD,T_4000,1.566
1996,NLD,T_4000,1.687
1997,NLD,T_4000,1.763
1998,NLD,T_4000,1.805
1999,NLD,T_4000,1.896
2000,NLD,T_4000,1.945
2001,NLD,T_4000,1.794
2002,NLD,T_4000,1.843
2003,NLD,T_4000,1.759
2004,NLD,T_4000,1.824
2005,NLD,T_4000,1.912
2006,NLD,T_4000,1.674
2007,NLD,T_4000,1.664
2008,NLD,T_4000,1.519
2009,NLD,T_4000,1.375
2010,NLD,T_4000,1.364
2011,NLD,T_4000,1.206
2012,NLD,T_4000,1.073
2013,NLD,T_4000,1.215
2014,NLD,T_4000,1.416
2015,NLD,T_4000,1.397
2016,NLD,T_4000,1.495
2017,NLD,T_4000,1.53
2018,NLD,T_4000,1.542
2019,NLD,T_4000,1.468
2020,NLD,T_4000,1.659
2021,NLD,T_4000,1.583
2022,NLD,T_4000,1.487
2023,NLD,T_4000,1.243
1990,NZL,T_4000,2.476
1991,NZL,T_4000,2.202
1992,NZL,T_4000,2.093
1993,NZL,T_4000,1.934
1994,NZL,T_4000,1.893
1995,NZL,T_4000,1.91
1996,NZL,T_4000,1.879
1997,NZL,T_4000,1.828
1998,NZL,T_4000,1.813
1999,NZL,T_4000,1.886
2000,NZL,T_4000,1.728
2001,NZL,T_4000,1.67
2002,NZL,T_4000,1.703
2003,NZL,T_4000,1.7
2004,NZL,T_4000,1.723
2005,NZL,T_4000,1.77
2006,NZL,T_4000,1.828
2007,NZL,T_4000,1.809
2008,NZL,T_4000,1.945
2009,NZL,T_4000,1.96
2010,NZL,T_4000,2.003
2011,NZL,T_4000,1.999
2012,NZL,T_4000,2.005
2013,NZL,T_4000,1.935
2014,NZL,T_4000,1.951
2015,NZL,T_4000,1.95
2016,NZL,T_4000,1.908
2017,NZL,T_4000,1.872
2018,NZL,T_4000,1.881
2019,NZL,T_4000,1.935
2020,NZL,T_4000,1.855
2021,NZL,T_4000,1.918
2022,NZL,T_4000,1.918
2023,NZL,T_4000,2.023
1990,NOR,T_4000,1.185
1991,NOR,T_4000,1.161
1992,NOR,T_4000,1.147
1993,NOR,T_4000,1.045
1994,NOR,T_4000,1.091
1995,NOR,T_4000,1.126
1996,NOR,T_4000,1.119
1997,NOR,T_4000,1.086
1998,NOR,T_4000,0.99
1999,NOR,T_4000,1.027
2000,NOR,T_4000,0.912
2001,NOR,T_4000,0.917
2002,NOR,T_4000,0.953
2003,NOR,T_4000,0.988
2004,NOR,T_4000,0.992
2005,NOR,T_4000,0.982
2006,NOR,T_4000,0.953
2007,NOR,T_4000,1.049
2008,NOR,T_4000,0.936
2009,NOR,T_4000,1.078
2010,NOR,T_4000,1.07
2011,NOR,T_4000,1.036
2012,NOR,T_4000,1.032
2013,NOR,T_4000,1.063
2014,NOR,T_4000,1.055
2015,NOR,T_4000,1.057
2016,NOR,T_4000,1.137
2017,NOR,T_4000,1.164
2018,NOR,T_4000,1.114
2019,NOR,T_4000,1.171
2020,NOR,T_4000,1.27
2021,NOR,T_4000,1.102
2022,NOR,T_4000,0.968
2023,NOR,T_4000,1.197
1991,POL,T_4000,1.337
1992,POL,T_4000,1.256
1993,POL,T_4000,1.349
1994,POL,T_4000,1.223
1995,POL,T_4000,1.266
1996,POL,T_4000,1.308
1997,POL,T_4000,1.348
1998,POL,T_4000,1.372
1999,POL,T_4000,1.446
2000,POL,T_4000,1.414
2001,POL,T_4000,1.668
2002,POL,T_4000,1.626
2003,POL,T_4000,1.519
2004,POL,T_4000,1.489
2005,POL,T_4000,1.486
2006,POL,T_4000,1.446
2007,POL,T_4000,1.441
2008,POL,T_4000,1.426
2009,POL,T_4000,1.344
2010,POL,T_4000,1.329
2011,POL,T_4000,1.293
2012,POL,T_4000,1.348
2013,POL,T_4000,1.418
2014,POL,T_4000,1.411
2015,POL,T_4000,1.37
2016,POL,T_4000,1.382
2017,POL,T_4000,1.367
2018,POL,T_4000,1.31
2019,POL,T_4000,1.267
2020,POL,T_4000,1.296
2021,POL,T_4000,1.277
2022,POL,T_4000,1.164
2023,POL,T_4000,1.141
1990,PRT,T_4000,0.718
1991,PRT,T_4000,0.738
1992,PRT,T_4000,0.682
1993,PRT,T_4000,0.683
1994,PRT,T_4000,0.691
1995,PRT,T_4000,0.927
1996,PRT,T_4000,0.874
1997,PRT,T_4000,0.881
1998,PRT,T_4000,1.004
1999,PRT,T_4000,1.157
2000,PRT,T_4000,1.143
2001,PRT,T_4000,1.068
2002,PRT,T_4000,1.139
2003,PRT,T_4000,1.108
2004,PRT,T_4000,1.071
2005,PRT,T_4000,1.166
2006,PRT,T_4000,1.219
2007,PRT,T_4000,1.328
2008,PRT,T_4000,1.227
2009,PRT,T_4000,1.123
2010,PRT,T_4000,1.129
2011,PRT,T_4000,1.096
2012,PRT,T_4000,1.183
2013,PRT,T_4000,1.123
2014,PRT,T_4000,1.23
2015,PRT,T_4000,1.284
2016,PRT,T_4000,1.282
2017,PRT,T_4000,1.356
2018,PRT,T_4000,1.445
2019,PRT,T_4000,1.436
2020,PRT,T_4000,1.44
2021,PRT,T_4000,1.541
2022,PRT,T_4000,1.54
2023,PRT,T_4000,1.423
1995,SVK,T_4000,0.561
1996,SVK,T_4000,0.652
1997,SVK,T_4000,0.644
1998,SVK,T_4000,0.632
1999,SVK,T_4000,0.638
2000,SVK,T_4000,0.612
2001,SVK,T_4000,0.577
2002,SVK,T_4000,0.585
2003,SVK,T_4000,0.568
2004,SVK,T_4000,0.536
2005,SVK,T_4000,0.49
2006,SVK,T_4000,0.435
2007,SVK,T_4000,0.388
2008,SVK,T_4000,0.366
2009,SVK,T_4000,0.417
2010,SVK,T_4000,0.403
2011,SVK,T_4000,0.399
2012,SVK,T_4000,0.429
2013,SVK,T_4000,0.439
2014,SVK,T_4000,0.433
2015,SVK,T_4000,0.418
2016,SVK,T_4000,0.428
2017,SVK,T_4000,0.426
2018,SVK,T_4000,0.411
2019,SVK,T_4000,0.4
2020,SVK,T_4000,0.468
2021,SVK,T_4000,0.465
2022,SVK,T_4000,0.427
2023,SVK,T_4000,0.415
1995,SVN,T_4000,0.544
1996,SVN,T_4000,0.528
1997,SVN,T_4000,0.624
1998,SVN,T_4000,0.813
1999,SVN,T_4000,0.741
2000,SVN,T_4000,0.639
2001,SVN,T_4000,0.684
2002,SVN,T_4000,0.644
2003,SVN,T_4000,0.561
2004,SVN,T_4000,0.595
2005,SVN,T_4000,0.584
2006,SVN,T_4000,0.6
2007,SVN,T_4000,0.588
2008,SVN,T_4000,0.564
2009,SVN,T_4000,0.578
2010,SVN,T_4000,0.61
2011,SVN,T_4000,0.592
2012,SVN,T_4000,0.625
2013,SVN,T_4000,0.636
2014,SVN,T_4000,0.619
2015,SVN,T_4000,0.62
2016,SVN,T_4000,0.629
2017,SVN,T_4000,0.643
2018,SVN,T_4000,0.602
2019,SVN,T_4000,0.615
2020,SVN,T_4000,0.627
2021,SVN,T_4000,0.615
2022,SVN,T_4000,0.609
2023,SVN,T_4000,0.556
1990,ESP,T_4000,1.74
1991,ESP,T_4000,1.576
1992,ESP,T_4000,1.573
1993,ESP,T_4000,1.599
1994,ESP,T_4000,1.797
1995,ESP,T_4000,1.783
1996,ESP,T_4000,1.761
1997,ESP,T_4000,2.001
1998,ESP,T_4000,1.962
1999,ESP,T_4000,2.052
2000,ESP,T_4000,2.134
2001,ESP,T_4000,2.062
2002,ESP,T_4000,2.226
2003,ESP,T_4000,2.461
2004,ESP,T_4000,2.737
2005,ESP,T_4000,3.017
2006,ESP,T_4000,3.216
2007,ESP,T_4000,2.988
2008,ESP,T_4000,2.308
2009,ESP,T_4000,2.031
2010,ESP,T_4000,2.067
2011,ESP,T_4000,1.957
2012,ESP,T_4000,2.123
2013,ESP,T_4000,2.376
2014,ESP,T_4000,2.516
2015,ESP,T_4000,2.584
2016,ESP,T_4000,2.569
2017,ESP,T_4000,2.534
2018,ESP,T_4000,2.538
2019,ESP,T_4000,2.454
2020,ESP,T_4000,2.482
2021,ESP,T_4000,2.755
2022,ESP,T_4000,2.595
2023,ESP,T_4000,2.324
1990,SWE,T_4000,1.721
1991,SWE,T_4000,1.891
1992,SWE,T_4000,1.593
1993,SWE,T_4000,1.404
1994,SWE,T_4000,1.414
1995,SWE,T_4000,1.221
1996,SWE,T_4000,1.696
1997,SWE,T_4000,1.806
1998,SWE,T_4000,1.709
1999,SWE,T_4000,1.702
2000,SWE,T_4000,1.656
2001,SWE,T_4000,1.467
2002,SWE,T_4000,1.435
2003,SWE,T_4000,1.429
2004,SWE,T_4000,1.44
2005,SWE,T_4000,1.37
2006,SWE,T_4000,1.347
2007,SWE,T_4000,1.094
2008,SWE,T_4000,1.021
2009,SWE,T_4000,1.031
2010,SWE,T_4000,1.028
2011,SWE,T_4000,0.986
2012,SWE,T_4000,1.008
2013,SWE,T_4000,1.082
2014,SWE,T_4000,1.058
2015,SWE,T_4000,1.036
2016,SWE,T_4000,1.051
2017,SWE,T_4000,0.992
2018,SWE,T_4000,0.957
2019,SWE,T_4000,0.939
2020,SWE,T_4000,0.954
2021,SWE,T_4000,0.955
2022,SWE,T_4000,0.938
2023,SWE,T_4000,0.814
1990,CHE,T_4000,2.053
1991,CHE,T_4000,1.873
1992,CHE,T_4000,1.904
1993,CHE,T_4000,2.022
1994,CHE,T_4000,2.091
1995,CHE,T_4000,2.018
1996,CHE,T_4000,2.121
1997,CHE,T_4000,2.213
1998,CHE,T_4000,2.478
1999,CHE,T_4000,2.595
2000,CHE,T_4000,2.611
2001,CHE,T_4000,2.494
2002,CHE,T_4000,2.446
2003,CHE,T_4000,2.314
2004,CHE,T_4000,2.347
2005,CHE,T_4000,2.201
2006,CHE,T_4000,2.181
2007,CHE,T_4000,2.073
2008,CHE,T_4000,1.991
2009,CHE,T_4000,2.031
2010,CHE,T_4000,1.983
2011,CHE,T_4000,1.926
2012,CHE,T_4000,1.795
2013,CHE,T_4000,1.837
2014,CHE,T_4000,1.885
2015,CHE,T_4000,1.965
2016,CHE,T_4000,1.996
2017,CHE,T_4000,2.094
2018,CHE,T_4000,2.042
2019,CHE,T_4000,2.122
2020,CHE,T_4000,2.258
2021,CHE,T_4000,2.24
2022,CHE,T_4000,2.172
2023,CHE,T_4000,2.191
1990,TUR,T_4000,0.331
1991,TUR,T_4000,0.34
1992,TUR,T_4000,0.332
1993,TUR,T_4000,0.352
1994,TUR,T_4000,1.306
1995,TUR,T_4000,0.499
1996,TUR,T_4000,0.331
1997,TUR,T_4000,0.546
1998,TUR,T_4000,0.712
1999,TUR,T_4000,0.636
2000,TUR,T_4000,0.742
2001,TUR,T_4000,0.616
2002,TUR,T_4000,0.683
2003,TUR,T_4000,0.811
2004,TUR,T_4000,0.706
2005,TUR,T_4000,0.772
2006,TUR,T_4000,0.834
2007,TUR,T_4000,0.858
2008,TUR,T_4000,0.834
2009,TUR,T_4000,0.846
2010,TUR,T_4000,1.001
2011,TUR,T_4000,1.044
2012,TUR,T_4000,1.044
2013,TUR,T_4000,1.167
2014,TUR,T_4000,1.191
2015,TUR,T_4000,1.216
2016,TUR,T_4000,1.213
2017,TUR,T_4000,1.112
2018,TUR,T_4000,1.035
2019,TUR,T_4000,0.966
2020,TUR,T_4000,1.061
2021,TUR,T_4000,0.967
2022,TUR,T_4000,0.729
2023,TUR,T_4000,0.7
1990,GBR,T_4000,2.686
1991,GBR,T_4000,2.373
1992,GBR,T_4000,2.274
1993,GBR,T_4000,2.995
1994,GBR,T_4000,3.195
1995,GBR,T_4000,2.939
1996,GBR,T_4000,2.991
1997,GBR,T_4000,3.104
1998,GBR,T_4000,3.254
1999,GBR,T_4000,3.444
2000,GBR,T_4000,3.735
2001,GBR,T_4000,3.686
2002,GBR,T_4000,3.748
2003,GBR,T_4000,3.704
2004,GBR,T_4000,3.81
2005,GBR,T_4000,3.849
2006,GBR,T_4000,4.053
2007,GBR,T_4000,4.104
2008,GBR,T_4000,3.771
2009,GBR,T_4000,3.771
2010,GBR,T_4000,3.84
2011,GBR,T_4000,3.814
2012,GBR,T_4000,3.812
2013,GBR,T_4000,3.93
2014,GBR,T_4000,4.005
2015,GBR,T_4000,3.986
2016,GBR,T_4000,4.077
2017,GBR,T_4000,4.108
2018,GBR,T_4000,4.118
2019,GBR,T_4000,4.041
2020,GBR,T_4000,3.799
2021,GBR,T_4000,3.922
2022,GBR,T_4000,4.014
2023,GBR,T_4000,3.72
1990,USA,T_4000,3.059
1991,USA,T_4000,3.195
1992,USA,T_4000,3.162
1993,USA,T_4000,3.076
1994,USA,T_4000,3.103
1995,USA,T_4000,3.0
1996,USA,T_4000,3.009
1997,USA,T_4000,3.008
1998,USA,T_4000,3.004
1999,USA,T_4000,3.001
2000,USA,T_4000,2.922
2001,USA,T_4000,2.965
2002,USA,T_4000,3.058
2003,USA,T_4000,3.095
2004,USA,T_4000,3.113
2005,USA,T_4000,3.168
2006,USA,T_4000,3.174
2007,USA,T_4000,3.199
2008,USA,T_4000,3.191
2009,USA,T_4000,3.311
2010,USA,T_4000,3.146
2011,USA,T_4000,3.012
2012,USA,T_4000,2.958
2013,USA,T_4000,2.967
2014,USA,T_4000,2.943
2015,USA,T_4000,2.94
2016,USA,T_4000,2.977
2017,USA,T_4000,4.188
2018,USA,T_4000,2.946
2019,USA,T_4000,2.958
2020,USA,T_4000,3.098
2021,USA,T_4000,2.931
2022,USA,T_4000,2.862
2023,USA,T_4000,2.771
1990,ARG,T_4000,1.511
1991,ARG,T_4000,1.846
1992,ARG,T_4000,1.347
1993,ARG,T_4000,1.065
1994,ARG,T_4000,0.991
1995,ARG,T_4000,0.969
1996,ARG,T_4000,1.06
1997,ARG,T_4000,1.032
1998,ARG,T_4000,1.134
1999,ARG,T_4000,1.178
2000,ARG,T_4000,1.217
2001,ARG,T_4000,2.082
2002,ARG,T_4000,2.268
2003,ARG,T_4000,2.591
2004,ARG,T_4000,2.767
2005,ARG,T_4000,2.746
2006,ARG,T_4000,2.672
2007,ARG,T_4000,2.673
2008,ARG,T_4000,2.684
2009,ARG,T_4000,2.658
2010,ARG,T_4000,2.62
2011,ARG,T_4000,2.641
2012,ARG,T_4000,2.744
2013,ARG,T_4000,2.887
2014,ARG,T_4000,2.816
2015,ARG,T_4000,2.791
2016,ARG,T_4000,2.727
2017,ARG,T_4000,2.846
2018,ARG,T_4000,2.682
2019,ARG,T_4000,2.611
2020,ARG,T_4000,3.248
2021,ARG,T_4000,3.07
2022,ARG,T_4000,2.905
2023,ARG,T_4000,2.772
1990,BRA,T_4000,1.646
1991,BRA,T_4000,1.171
1992,BRA,T_4000,1.034
1993,BRA,T_4000,1.037
1994,BRA,T_4000,2.062
1995,BRA,T_4000,1.002
1996,BRA,T_4000,0.86
1997,BRA,T_4000,1.676
1998,BRA,T_4000,1.721
1999,BRA,T_4000,1.695
2000,BRA,T_4000,1.962
2001,BRA,T_4000,2.093
2002,BRA,T_4000,2.307
2003,BRA,T_4000,2.278
2004,BRA,T_4000,2.268
2005,BRA,T_4000,2.258
2006,BRA,T_4000,2.257
2007,BRA,T_4000,2.274
2008,BRA,T_4000,1.321
2009,BRA,T_4000,1.227
2010,BRA,T_4000,1.377
2011,BRA,T_4000,1.442
2012,BRA,T_4000,1.359
2013,BRA,T_4000,1.29
2014,BRA,T_4000,1.274
2015,BRA,T_4000,1.412
2016,BRA,T_4000,1.391
2017,BRA,T_4000,1.412
2018,BRA,T_4000,1.45
2019,BRA,T_4000,1.524
2020,BRA,T_4000,1.211
2021,BRA,T_4000,1.574
2022,BRA,T_4000,1.546
2023,BRA,T_4000,1.544
1995,BGR,T_4000,0.177
1996,BGR,T_4000,0.187
1997,BGR,T_4000,0.087
1998,BGR,T_4000,0.204
1999,BGR,T_4000,0.236
2000,BGR,T_4000,0.231
2001,BGR,T_4000,0.242
2002,BGR,T_4000,0.265
2003,BGR,T_4000,0.323
2004,BGR,T_4000,0.352
2005,BGR,T_4000,0.396
2006,BGR,T_4000,0.551
2007,BGR,T_4000,0.67
2008,BGR,T_4000,0.689
2009,BGR,T_4000,0.503
2010,BGR,T_4000,0.489
2011,BGR,T_4000,0.523
2012,BGR,T_4000,0.526
1990,AUS,_T,28.051
1991,AUS,_T,26.615
1992,AUS,_T,26.085
1993,AUS,_T,26.555
1994,AUS,_T,27.436
1995,AUS,_T,28.211
1996,AUS,_T,28.852
1997,AUS,_T,28.61
1998,AUS,_T,29.353
1999,AUS,_T,29.78
2000,AUS,_T,30.358
2001,AUS,_T,28.843
2002,AUS,_T,29.72
2003,AUS,_T,29.816
2004,AUS,_T,30.118
2005,AUS,_T,29.815
2006,AUS,_T,29.265
2007,AUS,_T,29.397
2008,AUS,_T,26.723
2009,AUS,_T,25.395
2010,AUS,_T,25.147
2011,AUS,_T,25.774
2012,AUS,_T,26.803
2013,AUS,_T,26.955
2014,AUS,_T,27.15
2015,AUS,_T,27.773
2016,AUS,_T,27.511
2017,AUS,_T,28.517
2018,AUS,_T,28.571
2019,AUS,_T,27.657
2009,AUT,_T,40.98
2010,AUT,_T,40.958
2011,AUT,_T,41.119
2012,AUT,_T,41.767
2013,AUT,_T,42.635
2014,AUT,_T,42.699
2015,AUT,_T,43.126
2016,AUT,_T,41.753
2017,AUT,_T,41.871
2018,AUT,_T,42.261
2019,AUT,_T,42.617
2020,AUT,_T,42.102
2021,AUT,_T,43.383
2022,AUT,_T,43.181
2023,AUT,_T,42.665
1990,BEL,_T,41.393
1991,BEL,_T,41.608
1992,BEL,_T,41.18
1993,BEL,_T,42.632
1994,BEL,_T,42.913
1995,BEL,_T,42.837
1996,BEL,_T,43.351
1997,BEL,_T,43.812
1998,BEL,_T,44.437
1999,BEL,_T,44.239
2000,BEL,_T,43.849
2001,BEL,_T,43.692
2002,BEL,_T,43.913
2003,BEL,_T,43.344
2004,BEL,_T,43.471
2005,BEL,_T,43.357
2006,BEL,_T,43.218
2007,BEL,_T,42.92
2008,BEL,_T,43.593
2009,BEL,_T,42.699
2010,BEL,_T,42.882
2011,BEL,_T,43.508
2012,BEL,_T,44.331
2013,BEL,_T,45.033
2014,BEL,_T,44.75
2015,BEL,_T,44.115
2016,BEL,_T,43.288
2017,BEL,_T,43.797
2018,BEL,_T,43.824
2019,BEL,_T,42.385
2020,BEL,_T,42.219
2021,BEL,_T,42.065
2022,BEL,_T,42.377
2023,BEL,_T,42.58
1990,CAN,_T,35.072
1991,CAN,_T,35.503
1992,CAN,_T,35.067
1993,CAN,_T,34.444
1994,CAN,_T,34.403
1995,CAN,_T,34.628
1996,CAN,_T,34.941
1997,CAN,_T,35.791
1998,CAN,_T,35.711
1999,CAN,_T,35.487
2000,CAN,_T,34.673
2001,CAN,_T,34.085
2002,CAN,_T,33.081
2003,CAN,_T,32.7
2004,CAN,_T,32.713
2005,CAN,_T,32.661
2006,CAN,_T,32.725
2007,CAN,_T,32.495
2008,CAN,_T,31.235
2009,CAN,_T,32.346
2010,CAN,_T,31.007
2011,CAN,_T,30.803
2012,CAN,_T,31.177
2013,CAN,_T,31.132
2014,CAN,_T,31.266
2015,CAN,_T,32.82
2016,CAN,_T,33.258
2017,CAN,_T,33.044
2018,CAN,_T,33.482
2019,CAN,_T,33.082
2020,CAN,_T,34.468
2021,CAN,_T,34.799
2022,CAN,_T,33.832
2023,CAN,_T,34.778
1990,CHL,_T,16.774
1991,CHL,_T,17.665
1992,CHL,_T,18.333
1993,CHL,_T,18.527
1994,CHL,_T,18.28
1995,CHL,_T,18.176
1996,CHL,_T,19.408
1997,CHL,_T,18.876
1998,CHL,_T,18.739
1999,CHL,_T,17.978
2000,CHL,_T,18.718
2001,CHL,_T,18.903
2002,CHL,_T,18.94
2003,CHL,_T,18.627
2004,CHL,_T,19.112
2005,CHL,_T,20.835
2006,CHL,_T,22.114
2007,CHL,_T,22.847
2008,CHL,_T,21.403
2009,CHL,_T,17.397
2010,CHL,_T,19.693
2011,CHL,_T,21.195
2012,CHL,_T,21.323
2013,CHL,_T,19.939
2014,CHL,_T,19.699
2015,CHL,_T,20.51
2016,CHL,_T,20.223
2017,CHL,_T,20.223
2018,CHL,_T,21.282
2019,CHL,_T,20.982
2020,CHL,_T,19.29
2021,CHL,_T,22.317
2022,CHL,_T,23.841
2023,CHL,_T,20.615
1990,COL,_T,11.347
1991,COL,_T,13.318
1992,COL,_T,13.909
1993,COL,_T,14.372
1994,COL,_T,15.745
1995,COL,_T,16.032
1996,COL,_T,16.708
1997,COL,_T,17.382
1998,COL,_T,16.352
1999,COL,_T,16.204
2000,COL,_T,15.683
2001,COL,_T,17.328
2002,COL,_T,17.153
2003,COL,_T,17.292
2004,COL,_T,17.969
2005,COL,_T,18.259
2006,COL,_T,19.267
2007,COL,_T,19.299
2008,COL,_T,19.032
2009,COL,_T,18.817
2010,COL,_T,18.096
2011,COL,_T,18.932
2012,COL,_T,19.721
2013,COL,_T,20.022
2014,COL,_T,19.55
2015,COL,_T,19.903
2016,COL,_T,19.079
2017,COL,_T,18.983
2018,COL,_T,19.265
2019,COL,_T,19.692
2020,COL,_T,18.773
2021,COL,_T,19.193
2022,COL,_T,19.652
2023,COL,_T,22.243
1990,CRI,_T,22.408
1991,CRI,_T,17.594
1992,CRI,_T,18.609
1993,CRI,_T,18.798
1994,CRI,_T,19.586
1995,CRI,_T,18.927
1996,CRI,_T,19.862
1997,CRI,_T,20.153
1998,CRI,_T,20.466
1999,CRI,_T,21.199
2000,CRI,_T,21.139
2001,CRI,_T,21.763
2002,CRI,_T,21.839
2003,CRI,_T,21.842
2004,CRI,_T,21.326
2005,CRI,_T,21.77
2006,CRI,_T,22.047
2007,CRI,_T,23.136
2008,CRI,_T,23.692
2009,CRI,_T,22.108
2010,CRI,_T,22.131
2011,CRI,_T,22.649
2012,CRI,_T,22.565
2013,CRI,_T,22.979
2014,CRI,_T,22.609
2015,CRI,_T,22.947
2016,CRI,_T,23.486
2017,CRI,_T,22.984
2018,CRI,_T,23.157
2019,CRI,_T,23.408
2020,CRI,_T,22.566
2021,CRI,_T,24.845
2022,CRI,_T,25.186
2023,CRI,_T,24.931
1993,CZE,_T,36.474
1994,CZE,_T,35.23
1995,CZE,_T,34.255
1996,CZE,_T,32.905
1997,CZE,_T,33.204
1998,CZE,_T,32.116
1999,CZE,_T,32.913
2000,CZE,_T,32.154
2001,CZE,_T,32.25
2002,CZE,_T,33.109
2003,CZE,_T,33.981
2004,CZE,_T,34.399
2005,CZE,_T,34.204
2006,CZE,_T,33.848
2007,CZE,_T,34.128
2008,CZE,_T,33.342
2009,CZE,_T,32.159
2010,CZE,_T,31.909
2011,CZE,_T,32.758
2012,CZE,_T,33.199
2013,CZE,_T,33.498
2014,CZE,_T,32.61
2015,CZE,_T,32.946
2016,CZE,_T,33.707
2017,CZE,_T,33.982
2018,CZE,_T,34.559
2019,CZE,_T,34.203
2020,CZE,_T,34.046
2021,CZE,_T,33.654
2022,CZE,_T,33.187
2023,CZE,_T,33.7
1990,DNK,_T,44.551
1991,DNK,_T,43.946
1992,DNK,_T,44.486
1993,DNK,_T,45.834
1994,DNK,_T,46.724
1995,DNK,_T,46.603
1996,DNK,_T,46.875
1997,DNK,_T,46.828
1998,DNK,_T,47.468
1999,DNK,_T,48.045
2000,DNK,_T,46.792
2001,DNK,_T,45.935
2002,DNK,_T,45.468
2003,DNK,_T,45.693
2004,DNK,_T,46.3
2005,DNK,_T,47.885
2006,DNK,_T,46.47
2007,DNK,_T,46.488
2008,DNK,_T,44.761
2009,DNK,_T,44.737
2010,DNK,_T,44.794
2011,DNK,_T,44.867
2012,DNK,_T,45.626
2013,DNK,_T,45.97
2014,DNK,_T,48.776
2015,DNK,_T,46.487
2016,DNK,_T,45.799
2017,DNK,_T,45.457
2018,DNK,_T,44.445
2019,DNK,_T,47.146
2020,DNK,_T,47.237
2021,DNK,_T,47.249
2022,DNK,_T,41.934
2023,DNK,_T,43.391
1995,EST,_T,34.998
1996,EST,_T,33.824
1997,EST,_T,33.553
1998,EST,_T,33.622
1999,EST,_T,32.37
2000,EST,_T,31.087
2001,EST,_T,30.295
2002,EST,_T,30.973
2003,EST,_T,30.764
2004,EST,_T,30.978
2005,EST,_T,29.75
2006,EST,_T,30.432
2007,EST,_T,30.982
2008,EST,_T,31.237
2009,EST,_T,34.95
2010,EST,_T,33.195
2011,EST,_T,31.373
2012,EST,_T,31.402
2013,EST,_T,31.249
2014,EST,_T,31.635
2015,EST,_T,32.719
2016,EST,_T,32.851
2017,EST,_T,31.902
2018,EST,_T,32.271
2019,EST,_T,32.655
2020,EST,_T,32.79
2021,EST,_T,33.502
2022,EST,_T,32.554
2023,EST,_T,33.51
1990,FIN,_T,42.934
1991,FIN,_T,44.48
1992,FIN,_T,44.0
1993,FIN,_T,43.497
1994,FIN,_T,45.518
1995,FIN,_T,44.5
1996,FIN,_T,45.69
1997,FIN,_T,44.938
1998,FIN,_T,44.792
1999,FIN,_T,44.262
2000,FIN,_T,45.759
2001,FIN,_T,43.115
2002,FIN,_T,43.275
2003,FIN,_T,42.338
2004,FIN,_T,41.748
2005,FIN,_T,42.037
2006,FIN,_T,42.085
2007,FIN,_T,41.4
2008,FIN,_T,41.09
2009,FIN,_T,40.773
2010,FIN,_T,40.562
2011,FIN,_T,41.794
2012,FIN,_T,42.415
2013,FIN,_T,43.406
2014,FIN,_T,43.513
2015,FIN,_T,43.524
2016,FIN,_T,43.727
2017,FIN,_T,42.857
2018,FIN,_T,42.387
2019,FIN,_T,42.291
2020,FIN,_T,41.846
2021,FIN,_T,43.211
2022,FIN,_T,43.175
2023,FIN,_T,42.45
1990,FRA,_T,41.55
1991,FRA,_T,41.892
1992,FRA,_T,41.928
1993,FRA,_T,43.018
1994,FRA,_T,43.072
1995,FRA,_T,42.697
1996,FRA,_T,43.831
1997,FRA,_T,43.963
1998,FRA,_T,43.797
1999,FRA,_T,44.517
2000,FRA,_T,43.666
2001,FRA,_T,43.549
2002,FRA,_T,42.854
2003,FRA,_T,42.659
2004,FRA,_T,42.815
2005,FRA,_T,43.142
2006,FRA,_T,43.522
2007,FRA,_T,42.921
2008,FRA,_T,42.737
2009,FRA,_T,42.109
2010,FRA,_T,42.238
2011,FRA,_T,43.319
2012,FRA,_T,44.461
2013,FRA,_T,45.329
2014,FRA,_T,45.406
2015,FRA,_T,45.363
2016,FRA,_T,45.397
2017,FRA,_T,46.239
2018,FRA,_T,46.022
2019,FRA,_T,45.024
2020,FRA,_T,45.239
2021,FRA,_T,45.059
2022,FRA,_T,45.774
2023,FRA,_T,43.814
1990,DEU,_T,34.803
1991,DEU,_T,34.874
1992,DEU,_T,35.758
1993,DEU,_T,35.781
1994,DEU,_T,36.186
1995,DEU,_T,36.312
1996,DEU,_T,35.666
1997,DEU,_T,35.35
1998,DEU,_T,35.539
1999,DEU,_T,36.253
2000,DEU,_T,36.369
2001,DEU,_T,35.127
2002,DEU,_T,34.559
2003,DEU,_T,34.745
2004,DEU,_T,34.521
2005,DEU,_T,34.649
2006,DEU,_T,35.213
2007,DEU,_T,35.697
2008,DEU,_T,36.179
2009,DEU,_T,37.121
2010,DEU,_T,35.869
2011,DEU,_T,36.589
2012,DEU,_T,37.342
2013,DEU,_T,37.675
2014,DEU,_T,37.614
2015,DEU,_T,38.052
2016,DEU,_T,38.518
2017,DEU,_T,38.528
2018,DEU,_T,39.196
2019,DEU,_T,39.326
2020,DEU,_T,38.652
2021,DEU,_T,39.781
2022,DEU,_T,39.647
2023,DEU,_T,38.057
1990,GRC,_T,25.191
1991,GRC,_T,25.292
1992,GRC,_T,26.123
1993,GRC,_T,26.57
1994,GRC,_T,26.834
1995,GRC,_T,28.313
1996,GRC,_T,28.455
1997,GRC,_T,29.561
1998,GRC,_T,30.755
1999,GRC,_T,31.817
2000,GRC,_T,33.424
2001,GRC,_T,31.937
2002,GRC,_T,33.147
2003,GRC,_T,31.493
2004,GRC,_T,30.466
2005,GRC,_T,31.874
2006,GRC,_T,31.05
2007,GRC,_T,31.797
2008,GRC,_T,31.803
2009,GRC,_T,30.752
2010,GRC,_T,32.31
2011,GRC,_T,34.258
2012,GRC,_T,36.702
2013,GRC,_T,36.254
2014,GRC,_T,36.687
2015,GRC,_T,36.946
2016,GRC,_T,39.212
2017,GRC,_T,39.722
2018,GRC,_T,40.345
2019,GRC,_T,39.492
2020,GRC,_T,39.509
2021,GRC,_T,40.041
2022,GRC,_T,41.212
2023,GRC,_T,39.779
1991,HUN,_T,44.622
1992,HUN,_T,44.354
1993,HUN,_T,45.197
1994,HUN,_T,42.735
1995,HUN,_T,40.77
1996,HUN,_T,39.421
1997,HUN,_T,37.743
1998,HUN,_T,37.461
1999,HUN,_T,38.23
2000,HUN,_T,38.521
2001,HUN,_T,37.6
2002,HUN,_T,37.389
2003,HUN,_T,37.193
2004,HUN,_T,36.916
2005,HUN,_T,36.395
2006,HUN,_T,36.347
2007,HUN,_T,39.232
2008,HUN,_T,39.333
2009,HUN,_T,38.735
2010,HUN,_T,36.826
2011,HUN,_T,36.373
2012,HUN,_T,38.901
2013,HUN,_T,38.444
2014,HUN,_T,38.362
2015,HUN,_T,38.666
2016,HUN,_T,39.038
2017,HUN,_T,37.818
2018,HUN,_T,36.79
2019,HUN,_T,36.306
2020,HUN,_T,35.969
2021,HUN,_T,33.777
2022,HUN,_T,35.149
2023,HUN,_T,34.19
1990,ISL,_T,30.484
1991,ISL,_T,30.838
1992,ISL,_T,31.666
1993,ISL,_T,30.599
1994,ISL,_T,30.147
1995,ISL,_T,30.725
1996,ISL,_T,31.886
1997,ISL,_T,31.588
1998,ISL,_T,33.628
1999,ISL,_T,35.922
2000,ISL,_T,35.877
2001,ISL,_T,34.064
2002,ISL,_T,33.769
2003,ISL,_T,35.267
2004,ISL,_T,36.328
2005,ISL,_T,39.318
2006,ISL,_T,39.614
2007,ISL,_T,38.413
2008,ISL,_T,34.264
2009,ISL,_T,31.276
2010,ISL,_T,32.218
2011,ISL,_T,33.197
2012,ISL,_T,33.951
2013,ISL,_T,34.319
2014,ISL,_T,37.111
2015,ISL,_T,35.139
2016,ISL,_T,50.286
2017,ISL,_T,37.13
2018,ISL,_T,36.457
2019,ISL,_T,35.094
2020,ISL,_T,36.225
2021,ISL,_T,34.797
2022,ISL,_T,35.166
2023,ISL,_T,35.924
1990,IRL,_T,32.389
1991,IRL,_T,32.956
1992,IRL,_T,33.297
1993,IRL,_T,33.296
1994,IRL,_T,34.366
1995,IRL,_T,31.772
1996,IRL,_T,32.311
1997,IRL,_T,31.356
1998,IRL,_T,30.797
1999,IRL,_T,30.835
2000,IRL,_T,30.751
2001,IRL,_T,28.654
2002,IRL,_T,27.872
2003,IRL,_T,28.526
2004,IRL,_T,29.575
2005,IRL,_T,30.042
2006,IRL,_T,31.426
2007,IRL,_T,30.847
2008,IRL,_T,29.093
2009,IRL,_T,28.067
2010,IRL,_T,27.71
2011,IRL,_T,27.553
2012,IRL,_T,27.913
2013,IRL,_T,28.09
2014,IRL,_T,27.899
2015,IRL,_T,22.344
2016,IRL,_T,23.032
2017,IRL,_T,21.741
2018,IRL,_T,21.758
2019,IRL,_T,21.444
2020,IRL,_T,19.37
2021,IRL,_T,20.041
2022,IRL,_T,20.255
2023,IRL,_T,21.897
1995,ISR,_T,33.929
1996,ISR,_T,33.506
1997,ISR,_T,34.198
1998,ISR,_T,33.256
1999,ISR,_T,33.185
2000,ISR,_T,34.009
2001,ISR,_T,33.759
2002,ISR,_T,32.943
2003,ISR,_T,32.231
2004,ISR,_T,32.298
2005,ISR,_T,32.684
2006,ISR,_T,33.275
2007,ISR,_T,33.216
2008,ISR,_T,31.323
2009,ISR,_T,29.124
2010,ISR,_T,30.092
2011,ISR,_T,30.309
2012,ISR,_T,29.469
2013,ISR,_T,30.329
2014,ISR,_T,30.642
2015,ISR,_T,31.035
2016,ISR,_T,30.998
2017,ISR,_T,32.196
2018,ISR,_T,30.761
2019,ISR,_T,30.125
2020,ISR,_T,29.581
2021,ISR,_T,32.305
2022,ISR,_T,32.78
2023,ISR,_T,29.805
1990,ITA,_T,36.271
1991,ITA,_T,36.665
1992,ITA,_T,38.921
1993,ITA,_T,40.505
1994,ITA,_T,38.581
1995,ITA,_T,38.455
1996,ITA,_T,40.154
1997,ITA,_T,41.574
1998,ITA,_T,39.92
1999,ITA,_T,40.793
2000,ITA,_T,40.523
2001,ITA,_T,40.135
2002,ITA,_T,39.619
2003,ITA,_T,39.953
2004,ITA,_T,39.225
2005,ITA,_T,39.047
2006,ITA,_T,40.464
2007,ITA,_T,41.564
2008,ITA,_T,41.596
2009,ITA,_T,41.97
2010,ITA,_T,41.701
2011,ITA,_T,41.637
2012,ITA,_T,43.617
2013,ITA,_T,43.828
2014,ITA,_T,43.325
2015,ITA,_T,42.958
2016,ITA,_T,42.242
2017,ITA,_T,41.912
2018,ITA,_T,41.731
2019,ITA,_T,42.272
2020,ITA,_T,42.582
2021,ITA,_T,42.461
2022,ITA,_T,42.837
2023,ITA,_T,42.844
1990,JPN,_T,27.69
1991,JPN,_T,27.356
1992,JPN,_T,25.858
1993,JPN,_T,25.844
1994,JPN,_T,25.001
1995,JPN,_T,25.401
1996,JPN,_T,25.343
1997,JPN,_T,25.736
1998,JPN,_T,25.259
1999,JPN,_T,24.802
2000,JPN,_T,25.341
2001,JPN,_T,25.534
2002,JPN,_T,24.504
2003,JPN,_T,24.136
2004,JPN,_T,24.76
2005,JPN,_T,25.827
2006,JPN,_T,26.618
2007,JPN,_T,27.159
2008,JPN,_T,27.049
2009,JPN,_T,25.686
2010,JPN,_T,26.241
2011,JPN,_T,27.132
2012,JPN,_T,27.952
2013,JPN,_T,28.557
2014,JPN,_T,29.973
2015,JPN,_T,30.242
2016,JPN,_T,30.279
2017,JPN,_T,30.916
2018,JPN,_T,31.548
2019,JPN,_T,31.507
2020,JPN,_T,32.909
2021,JPN,_T,33.883
2022,JPN,_T,34.441
1990,KOR,_T,18.579
1991,KOR,_T,18.264
1992,KOR,_T,18.162
1993,KOR,_T,18.467
1994,KOR,_T,18.57
1995,KOR,_T,18.766
1996,KOR,_T,19.359
1997,KOR,_T,18.988
1998,KOR,_T,18.954
1999,KOR,_T,19.234
2000,KOR,_T,20.916
2001,KOR,_T,21.201
2002,KOR,_T,21.312
2003,KOR,_T,21.991
2004,KOR,_T,21.177
2005,KOR,_T,21.656
2006,KOR,_T,22.632
2007,KOR,_T,23.73
2008,KOR,_T,23.583
2009,KOR,_T,22.703
2010,KOR,_T,22.378
2011,KOR,_T,23.177
2012,KOR,_T,23.702
2013,KOR,_T,23.143
2014,KOR,_T,23.381
2015,KOR,_T,23.737
2016,KOR,_T,24.745
2017,KOR,_T,25.357
2018,KOR,_T,26.686
2019,KOR,_T,27.227
2020,KOR,_T,27.745
2021,KOR,_T,29.761
2022,KOR,_T,31.976
2023,KOR,_T,28.852
1995,LVA,_T,29.715
1996,LVA,_T,29.167
1997,LVA,_T,30.251
1998,LVA,_T,31.26
1999,LVA,_T,30.252
2000,LVA,_T,29.05
2001,LVA,_T,28.121
2002,LVA,_T,27.815
2003,LVA,_T,27.411
2004,LVA,_T,27.548
2005,LVA,_T,27.805
2006,LVA,_T,28.577
2007,LVA,_T,28.195
2008,LVA,_T,27.815
2009,LVA,_T,28.067
2010,LVA,_T,28.54
2011,LVA,_T,29.134
2012,LVA,_T,29.111
2013,LVA,_T,29.43
2014,LVA,_T,29.715
2015,LVA,_T,29.79
2016,LVA,_T,30.73
2017,LVA,_T,31.091
2018,LVA,_T,31.052
2019,LVA,_T,31.013
2020,LVA,_T,31.134
2021,LVA,_T,30.746
2022,LVA,_T,30.762
2023,LVA,_T,31.882
1995,LTU,_T,27.652
1996,LTU,_T,27.264
1997,LTU,_T,31.248
1998,LTU,_T,32.761
1999,LTU,_T,32.662
2000,LTU,_T,30.822
2001,LTU,_T,29.357
2002,LTU,_T,29.028
2003,LTU,_T,28.663
2004,LTU,_T,29.025
2005,LTU,_T,29.234
2006,LTU,_T,30.165
2007,LTU,_T,30.061
2008,LTU,_T,30.611
2009,LTU,_T,30.214
2010,LTU,_T,28.285
2011,LTU,_T,27.166
2012,LTU,_T,26.919
2013,LTU,_T,26.905
2014,LTU,_T,27.477
2015,LTU,_T,28.942
2016,LTU,_T,29.656
2017,LTU,_T,29.61
2018,LTU,_T,30.238
2019,LTU,_T,30.217
2020,LTU,_T,31.244
2021,LTU,_T,31.895
2022,LTU,_T,31.555
2023,LTU,_T,32.596
1990,LUX,_T,34.679
1991,LUX,_T,32.504
1992,LUX,_T,33.376
1993,LUX,_T,35.43
1994,LUX,_T,35.831
1995,LUX,_T,35.992
1996,LUX,_T,36.459
1997,LUX,_T,36.705
1998,LUX,_T,37.382
1999,LUX,_T,36.717
2000,LUX,_T,37.025
2001,LUX,_T,37.229
2002,LUX,_T,37.415
2003,LUX,_T,37.395
2004,LUX,_T,36.235
2005,LUX,_T,37.436
2006,LUX,_T,35.305
2007,LUX,_T,35.747
2008,LUX,_T,35.028
2009,LUX,_T,36.275
2010,LUX,_T,35.652
2011,LUX,_T,36.126
2012,LUX,_T,36.408
2013,LUX,_T,36.183
2014,LUX,_T,36.08
2015,LUX,_T,34.777
2016,LUX,_T,35.461
2017,LUX,_T,36.649
2018,LUX,_T,39.355
2019,LUX,_T,39.509
2020,LUX,_T,38.272
2021,LUX,_T,38.187
2022,LUX,_T,38.257
2023,LUX,_T,40.925
1990,MEX,_T,11.519
1991,MEX,_T,11.677
1992,MEX,_T,12.196
1993,MEX,_T,11.335
1994,MEX,_T,11.442
1995,MEX,_T,9.575
1996,MEX,_T,9.426
1997,MEX,_T,10.038
1998,MEX,_T,10.354
1999,MEX,_T,11.152
2000,MEX,_T,10.934
2001,MEX,_T,11.591
2002,MEX,_T,12.01
2003,MEX,_T,12.071
2004,MEX,_T,11.034
2005,MEX,_T,10.865
2006,MEX,_T,11.078
2007,MEX,_T,11.473
2008,MEX,_T,12.04
2009,MEX,_T,11.894
2010,MEX,_T,12.287
2011,MEX,_T,12.263
2012,MEX,_T,12.105
2013,MEX,_T,12.773
2014,MEX,_T,13.201
2015,MEX,_T,15.36
2016,MEX,_T,16.106
2017,MEX,_T,15.651
2018,MEX,_T,15.709
2019,MEX,_T,15.892
2020,MEX,_T,17.228
2021,MEX,_T,16.726
2022,MEX,_T,16.801
2023,MEX,_T,17.749
1990,NLD,_T,39.639
1991,NLD,_T,41.666
1992,NLD,_T,41.328
1993,NLD,_T,41.52
1994,NLD,_T,39.674
1995,NLD,_T,37.193
1996,NLD,_T,37.272
1997,NLD,_T,36.737
1998,NLD,_T,36.204
1999,NLD,_T,37.097
2000,NLD,_T,36.892
2001,NLD,_T,35.534
2002,NLD,_T,34.891
2003,NLD,_T,34.663
2004,NLD,_T,34.659
2005,NLD,_T,34.871
2006,NLD,_T,35.869
2007,NLD,_T,35.478
2008,NLD,_T,35.72
2009,NLD,_T,34.643
2010,NLD,_T,35.444
2011,NLD,_T,35.138
2012,NLD,_T,35.302
2013,NLD,_T,35.832
2014,NLD,_T,36.661
2015,NLD,_T,36.521
2016,NLD,_T,37.774
2017,NLD,_T,38.046
2018,NLD,_T,38.144
2019,NLD,_T,38.473
2020,NLD,_T,39.022
2021,NLD,_T,38.264
2022,NLD,_T,38.066
2023,NLD,_T,38.526
1990,NZL,_T,36.184
1991,NZL,_T,34.348
1992,NZL,_T,34.752
1993,NZL,_T,34.869
1994,NZL,_T,35.438
1995,NZL,_T,35.56
1996,NZL,_T,33.766
1997,NZL,_T,33.893
1998,NZL,_T,32.288
1999,NZL,_T,32.324
2000,NZL,_T,32.539
2001,NZL,_T,31.956
2002,NZL,_T,33.243
2003,NZL,_T,33.167
2004,NZL,_T,34.201
2005,NZL,_T,36.092
2006,NZL,_T,35.298
2007,NZL,_T,33.915
2008,NZL,_T,32.925
2009,NZL,_T,30.227
2010,NZL,_T,30.295
2011,NZL,_T,30.083
2012,NZL,_T,31.638
2013,NZL,_T,30.457
2014,NZL,_T,31.186
2015,NZL,_T,31.5
2016,NZL,_T,31.4
2017,NZL,_T,31.322
2018,NZL,_T,32.18
2019,NZL,_T,31.404
2020,NZL,_T,33.727
2021,NZL,_T,34.542
2022,NZL,_T,33.12
2023,NZL,_T,33.986
1990,NOR,_T,40.447
1991,NOR,_T,40.575
1992,NOR,_T,39.743
1993,NOR,_T,38.866
1994,NOR,_T,40.164
1995,NOR,_T,39.584
1996,NOR,_T,39.503
1997,NOR,_T,40.298
1998,NOR,_T,41.41
1999,NOR,_T,41.72
2000,NOR,_T,41.796
2001,NOR,_T,42.001
2002,NOR,_T,42.332
2003,NOR,_T,41.632
2004,NOR,_T,42.363
2005,NOR,_T,42.552
2006,NOR,_T,42.686
2007,NOR,_T,41.97
2008,NOR,_T,41.169
2009,NOR,_T,41.077
2010,NOR,_T,41.736
2011,NOR,_T,41.811
2012,NOR,_T,41.29
2013,NOR,_T,39.719
2014,NOR,_T,38.637
2015,NOR,_T,38.337
2016,NOR,_T,38.807
2017,NOR,_T,38.601
2018,NOR,_T,39.253
2019,NOR,_T,39.854
2020,NOR,_T,38.714
2021,NOR,_T,41.344
2022,NOR,_T,43.437
2023,NOR,_T,41.443
1991,POL,_T,33.99
1992,POL,_T,36.139
1993,POL,_T,39.175
1994,POL,_T,36.398
1995,POL,_T,36.577
1996,POL,_T,36.555
1997,POL,_T,36.059
1998,POL,_T,35.268
1999,POL,_T,34.956
2000,POL,_T,32.872
2001,POL,_T,32.829
2002,POL,_T,32.969
2003,POL,_T,32.443
2004,POL,_T,31.935
2005,POL,_T,32.965
2006,POL,_T,33.632
2007,POL,_T,34.634
2008,POL,_T,34.281
2009,POL,_T,31.368
2010,POL,_T,31.6
2011,POL,_T,32.067
2012,POL,_T,32.378
2013,POL,_T,32.395
2014,POL,_T,32.272
2015,POL,_T,32.474
2016,POL,_T,33.556
2017,POL,_T,34.239
2018,POL,_T,35.061
2019,POL,_T,35.178
2020,POL,_T,35.56
2021,POL,_T,36.698
2022,POL,_T,34.38
2023,POL,_T,35.13
1990,PRT,_T,26.486
1991,PRT,_T,27.53
1992,PRT,_T,29.454
1993,PRT,_T,28.029
1994,PRT,_T,28.804
1995,PRT,_T,29.184
1996,PRT,_T,29.862
1997,PRT,_T,29.799
1998,PRT,_T,30.058
1999,PRT,_T,30.837
2000,PRT,_T,30.92
2001,PRT,_T,30.707
2002,PRT,_T,31.139
2003,PRT,_T,30.108
2004,PRT,_T,30.224
2005,PRT,_T,30.943
2006,PRT,_T,31.412
2007,PRT,_T,31.846
2008,PRT,_T,31.739
2009,PRT,_T,29.796
2010,PRT,_T,30.366
2011,PRT,_T,32.228
2012,PRT,_T,31.667
2013,PRT,_T,33.968
2014,PRT,_T,34.182
2015,PRT,_T,34.382
2016,PRT,_T,34.051
2017,PRT,_T,34.112
2018,PRT,_T,34.656
2019,PRT,_T,34.498
2020,PRT,_T,35.164
2021,PRT,_T,35.183
2022,PRT,_T,36.014
2023,PRT,_T,35.755
1995,SVK,_T,39.481
1996,SVK,_T,38.577
1997,SVK,_T,36.48
1998,SVK,_T,36.097
1999,SVK,_T,34.845
2000,SVK,_T,33.633
2001,SVK,_T,32.705
2002,SVK,_T,32.828
2003,SVK,_T,32.552
2004,SVK,_T,31.531
2005,SVK,_T,31.291
2006,SVK,_T,29.333
2007,SVK,_T,29.22
2008,SVK,_T,29.066
2009,SVK,_T,28.891
2010,SVK,_T,27.862
2011,SVK,_T,28.876
2012,SVK,_T,28.711
2013,SVK,_T,30.985
2014,SVK,_T,31.861
2015,SVK,_T,32.51
2016,SVK,_T,33.071
2017,SVK,_T,33.966
2018,SVK,_T,34.027
2019,SVK,_T,34.534
2020,SVK,_T,34.778
2021,SVK,_T,35.41
2022,SVK,_T,35.011
2023,SVK,_T,35.489
1995,SVN,_T,39.137
1996,SVN,_T,38.141
1997,SVN,_T,37.063
1998,SVN,_T,37.848
1999,SVN,_T,38.214
2000,SVN,_T,37.699
2001,SVN,_T,37.783
2002,SVN,_T,38.282
2003,SVN,_T,38.401
2004,SVN,_T,38.462
2005,SVN,_T,39.145
2006,SVN,_T,38.687
2007,SVN,_T,38.041
2008,SVN,_T,37.302
2009,SVN,_T,37.099
2010,SVN,_T,37.788
2011,SVN,_T,37.33
2012,SVN,_T,37.638
2013,SVN,_T,37.242
2014,SVN,_T,37.179
2015,SVN,_T,37.311
2016,SVN,_T,37.385
2017,SVN,_T,37.067
2018,SVN,_T,37.239
2019,SVN,_T,37.539
2020,SVN,_T,37.555
2021,SVN,_T,38.251
2022,SVN,_T,37.402
2023,SVN,_T,36.886
1990,ESP,_T,31.537
1991,ESP,_T,31.808
1992,ESP,_T,32.811
1993,ESP,_T,31.865
1994,ESP,_T,31.898
1995,ESP,_T,31.307
1996,ESP,_T,31.11
1997,ESP,_T,31.949
1998,ESP,_T,32.762
1999,ESP,_T,33.136
2000,ESP,_T,33.05
2001,ESP,_T,32.796
2002,ESP,_T,33.244
2003,ESP,_T,33.095
2004,ESP,_T,34.042
2005,ESP,_T,35.243
2006,ESP,_T,35.999
2007,ESP,_T,36.414
2008,ESP,_T,32.103
2009,ESP,_T,29.679
2010,ESP,_T,31.282
2011,ESP,_T,31.19
2012,ESP,_T,32.368
2013,ESP,_T,33.105
2014,ESP,_T,33.872
2015,ESP,_T,33.827
2016,ESP,_T,33.58
2017,ESP,_T,33.852
2018,ESP,_T,34.645
2019,ESP,_T,34.663
2020,ESP,_T,36.844
2021,ESP,_T,37.813
2022,ESP,_T,37.59
2023,ESP,_T,37.328
1990,SWE,_T,48.847
1991,SWE,_T,46.922
1992,SWE,_T,44.472
1993,SWE,_T,43.795
1994,SWE,_T,44.081
1995,SWE,_T,45.106
1996,SWE,_T,46.748
1997,SWE,_T,47.641
1998,SWE,_T,47.695
1999,SWE,_T,48.186
2000,SWE,_T,50.017
2001,SWE,_T,47.103
2002,SWE,_T,45.038
2003,SWE,_T,45.562
2004,SWE,_T,46.012
2005,SWE,_T,47.369
2006,SWE,_T,45.969
2007,SWE,_T,45.022
2008,SWE,_T,44.234
2009,SWE,_T,43.923
2010,SWE,_T,43.144
2011,SWE,_T,42.223
2012,SWE,_T,42.335
2013,SWE,_T,42.697
2014,SWE,_T,42.49
2015,SWE,_T,42.918
2016,SWE,_T,44.219
2017,SWE,_T,44.495
2018,SWE,_T,44.11
2019,SWE,_T,42.971
2020,SWE,_T,42.58
2021,SWE,_T,42.761
2022,SWE,_T,42.512
2023,SWE,_T,41.365
1990,CHE,_T,23.167
1991,CHE,_T,23.026
1992,CHE,_T,23.458
1993,CHE,_T,23.998
1994,CHE,_T,24.41
1995,CHE,_T,24.968
1996,CHE,_T,25.425
1997,CHE,_T,25.103
1998,CHE,_T,25.829
1999,CHE,_T,26.048
2000,CHE,_T,27.033
2001,CHE,_T,26.347
2002,CHE,_T,26.951
2003,CHE,_T,26.279
2004,CHE,_T,25.989
2005,CHE,_T,25.951
2006,CHE,_T,25.711
2007,CHE,_T,25.543
2008,CHE,_T,25.922
2009,CHE,_T,26.268
2010,CHE,_T,25.816
2011,CHE,_T,26.18
2012,CHE,_T,26.093
2013,CHE,_T,26.246
2014,CHE,_T,26.189
2015,CHE,_T,26.956
2016,CHE,_T,26.938
2017,CHE,_T,27.716
2018,CHE,_T,27.182
2019,CHE,_T,27.66
2020,CHE,_T,27.912
2021,CHE,_T,28.035
2022,CHE,_T,26.91
2023,CHE,_T,27.093
1990,TUR,_T,14.537
1991,TUR,_T,15.235
1992,TUR,_T,16.282
1993,TUR,_T,16.457
1994,TUR,_T,16.145
1995,TUR,_T,16.378
1996,TUR,_T,18.451
1997,TUR,_T,20.229
1998,TUR,_T,20.6
1999,TUR,_T,22.546
2000,TUR,_T,23.478
2001,TUR,_T,25.361
2002,TUR,_T,23.826
2003,TUR,_T,24.979
2004,TUR,_T,23.088
2005,TUR,_T,23.14
2006,TUR,_T,23.371
2007,TUR,_T,22.874
2008,TUR,_T,22.961
2009,TUR,_T,23.318
2010,TUR,_T,24.654
2011,TUR,_T,25.706
2012,TUR,_T,24.76
2013,TUR,_T,25.156
2014,TUR,_T,24.457
2015,TUR,_T,24.957
2016,TUR,_T,25.128
2017,TUR,_T,24.68
2018,TUR,_T,23.968
2019,TUR,_T,23.103
2020,TUR,_T,23.861
2021,TUR,_T,22.914
2022,TUR,_T,20.945
2023,TUR,_T,23.455
1990,GBR,_T,32.869
1991,GBR,_T,31.684
1992,GBR,_T,30.893
1993,GBR,_T,29.875
1994,GBR,_T,30.601
1995,GBR,_T,29.301
1996,GBR,_T,29.097
1997,GBR,_T,29.817
1998,GBR,_T,31.252
1999,GBR,_T,31.864
2000,GBR,_T,32.658
2001,GBR,_T,32.176
2002,GBR,_T,31.404
2003,GBR,_T,31.168
2004,GBR,_T,32.095
2005,GBR,_T,32.499
2006,GBR,_T,32.829
2007,GBR,_T,32.967
2008,GBR,_T,32.145
2009,GBR,_T,31.077
2010,GBR,_T,32.045
2011,GBR,_T,32.852
2012,GBR,_T,32.122
2013,GBR,_T,32.007
2014,GBR,_T,31.693
2015,GBR,_T,31.907
2016,GBR,_T,32.45
2017,GBR,_T,32.733
2018,GBR,_T,32.768
2019,GBR,_T,32.49
2020,GBR,_T,32.812
2021,GBR,_T,34.227
2022,GBR,_T,35.42
2023,GBR,_T,35.335
1990,USA,_T,26.033
1991,USA,_T,25.855
1992,USA,_T,25.746
1993,USA,_T,25.95
1994,USA,_T,26.286
1995,USA,_T,26.55
1996,USA,_T,27.044
1997,USA,_T,27.484
1998,USA,_T,27.867
1999,USA,_T,27.932
2000,USA,_T,28.295
2001,USA,_T,27.261
2002,USA,_T,25.011
2003,USA,_T,24.484
2004,USA,_T,24.762
2005,USA,_T,26.097
2006,USA,_T,26.775
2007,USA,_T,26.728
2008,USA,_T,25.643
2009,USA,_T,22.911
2010,USA,_T,23.371
2011,USA,_T,23.761
2012,USA,_T,23.916
2013,USA,_T,25.413
2014,USA,_T,25.786
2015,USA,_T,26.087
2016,USA,_T,25.713
2017,USA,_T,26.459
2018,USA,_T,24.816
2019,USA,_T,24.982
2020,USA,_T,25.57
2021,USA,_T,26.709
2022,USA,_T,27.607
2023,USA,_T,25.184
1990,ARG,_T,13.259
1991,ARG,_T,15.11
1992,ARG,_T,17.644
1993,ARG,_T,19.343
1994,ARG,_T,19.198
1995,ARG,_T,18.125
1996,ARG,_T,17.66
1997,ARG,_T,18.448
1998,ARG,_T,18.814
1999,ARG,_T,18.934
2000,ARG,_T,19.223
2001,ARG,_T,18.732
2002,ARG,_T,17.818
2003,ARG,_T,20.964
2004,ARG,_T,24.327
2005,ARG,_T,24.532
2006,ARG,_T,25.079
2007,ARG,_T,26.368
2008,ARG,_T,27.624
2009,ARG,_T,28.924
2010,ARG,_T,29.067
2011,ARG,_T,29.299
2012,ARG,_T,30.635
2013,ARG,_T,31.179
2014,ARG,_T,31.123
2015,ARG,_T,31.454
2016,ARG,_T,30.673
2017,ARG,_T,30.041
2018,ARG,_T,28.513
2019,ARG,_T,28.503
2020,ARG,_T,29.746
2021,ARG,_T,29.129
2022,ARG,_T,29.558
2023,ARG,_T,27.842
1990,BRA,_T,27.837
1991,BRA,_T,22.852
1992,BRA,_T,23.791
1993,BRA,_T,25.216
1994,BRA,_T,29.102
1995,BRA,_T,26.775
1996,BRA,_T,25.924
1997,BRA,_T,26.08
1998,BRA,_T,26.636
1999,BRA,_T,27.925
2000,BRA,_T,29.394
2001,BRA,_T,30.45
2002,BRA,_T,31.356
2003,BRA,_T,30.594
2004,BRA,_T,31.515
2005,BRA,_T,32.675
2006,BRA,_T,32.421
2007,BRA,_T,32.792
2008,BRA,_T,32.655
2009,BRA,_T,31.177
2010,BRA,_T,31.759
2011,BRA,_T,32.582
2012,BRA,_T,31.854
2013,BRA,_T,31.811
2014,BRA,_T,31.113
2015,BRA,_T,31.343
2016,BRA,_T,31.616
2017,BRA,_T,31.731
2018,BRA,_T,31.986
2019,BRA,_T,31.932
2020,BRA,_T,30.453
2021,BRA,_T,32.098
2022,BRA,_T,32.54
2023,BRA,_T,32.003
1995,BGR,_T,20.178
1996,BGR,_T,21.429
1997,BGR,_T,29.059
1998,BGR,_T,30.327
1999,BGR,_T,32.914
2000,BGR,_T,34.041
2001,BGR,_T,32.655
2002,BGR,_T,30.534
2003,BGR,_T,30.663
2004,BGR,_T,31.422
2005,BGR,_T,30.821
2006,BGR,_T,30.524
2007,BGR,_T,30.537
2008,BGR,_T,30.601
2009,BGR,_T,26.734
2010,BGR,_T,25.398
2011,BGR,_T,25.478
2012,BGR,_T,26.079
1990,AUS,T_5000,7.805
1991,AUS,T_5000,7.39
1992,AUS,T_5000,7.387
1993,AUS,T_5000,7.834
1994,AUS,T_5000,8.085
1995,AUS,T_5000,8.186
1996,AUS,T_5000,8.065
1997,AUS,T_5000,7.88
1998,AUS,T_5000,8.035
1999,AUS,T_5000,7.835
2000,AUS,T_5000,8.747
2001,AUS,T_5000,8.789
2002,AUS,T_5000,9.067
2003,AUS,T_5000,8.881
2004,AUS,T_5000,8.606
2005,AUS,T_5000,8.322
2006,AUS,T_5000,8.021
2007,AUS,T_5000,7.892
2008,AUS,T_5000,7.39
2009,AUS,T_5000,7.489
2010,AUS,T_5000,7.23
2011,AUS,T_5000,7.002
2012,AUS,T_5000,7.533
2013,AUS,T_5000,7.626
2014,AUS,T_5000,7.269
2015,AUS,T_5000,7.647
2016,AUS,T_5000,7.429
2017,AUS,T_5000,7.525
2018,AUS,T_5000,7.297
2019,AUS,T_5000,7.276
2008,AUT,T_5000,11.504
2009,AUT,T_5000,11.799
2010,AUT,T_5000,11.74
2011,AUT,T_5000,11.884
2012,AUT,T_5000,11.996
2013,AUT,T_5000,11.948
2014,AUT,T_5000,11.902
2015,AUT,T_5000,11.928
2016,AUT,T_5000,11.914
2017,AUT,T_5000,11.918
2018,AUT,T_5000,11.705
2019,AUT,T_5000,11.717
2020,AUT,T_5000,11.409
2021,AUT,T_5000,11.604
2022,AUT,T_5000,11.622
2023,AUT,T_5000,11.603
1990,BEL,T_5000,10.794
1991,BEL,T_5000,10.754
1992,BEL,T_5000,10.694
1993,BEL,T_5000,10.781
1994,BEL,T_5000,11.034
1995,BEL,T_5000,10.834
1996,BEL,T_5000,11.134
1997,BEL,T_5000,11.228
1998,BEL,T_5000,11.09
1999,BEL,T_5000,11.478
2000,BEL,T_5000,11.345
2001,BEL,T_5000,10.911
2002,BEL,T_5000,11.008
2003,BEL,T_5000,10.966
2004,BEL,T_5000,11.166
2005,BEL,T_5000,11.244
2006,BEL,T_5000,11.18
2007,BEL,T_5000,11.113
2008,BEL,T_5000,11.034
2009,BEL,T_5000,10.974
2010,BEL,T_5000,11.199
2011,BEL,T_5000,11.136
2012,BEL,T_5000,11.424
2013,BEL,T_5000,11.205
2014,BEL,T_5000,11.015
2015,BEL,T_5000,10.842
2016,BEL,T_5000,10.949
2017,BEL,T_5000,10.931
2018,BEL,T_5000,10.98
2019,BEL,T_5000,10.78
2020,BEL,T_5000,10.304
2021,BEL,T_5000,10.613
2022,BEL,T_5000,10.371
2023,BEL,T_5000,10.462
1990,CAN,T_5000,9.063
1991,CAN,T_5000,9.192
1992,CAN,T_5000,9.236
1993,CAN,T_5000,9.189
1994,CAN,T_5000,9.002
1995,CAN,T_5000,8.797
1996,CAN,T_5000,8.724
1997,CAN,T_5000,8.744
1998,CAN,T_5000,8.837
1999,CAN,T_5000,8.541
2000,CAN,T_5000,8.394
2001,CAN,T_5000,8.427
2002,CAN,T_5000,8.669
2003,CAN,T_5000,8.59
2004,CAN,T_5000,8.419
2005,CAN,T_5000,8.225
2006,CAN,T_5000,7.976
2007,CAN,T_5000,7.787
2008,CAN,T_5000,7.028
2009,CAN,T_5000,7.398
2010,CAN,T_5000,7.428
2011,CAN,T_5000,7.311
2012,CAN,T_5000,7.288
2013,CAN,T_5000,7.17
2014,CAN,T_5000,7.193
2015,CAN,T_5000,7.55
2016,CAN,T_5000,7.642
2017,CAN,T_5000,7.792
2018,CAN,T_5000,7.785
2019,CAN,T_5000,7.537
2020,CAN,T_5000,7.348
2021,CAN,T_5000,7.362
2022,CAN,T_5000,7.357
2023,CAN,T_5000,7.509
1990,CHL,T_5000,10.559
1991,CHL,T_5000,11.111
1992,CHL,T_5000,11.592
1993,CHL,T_5000,12.035
1994,CHL,T_5000,11.631
1995,CHL,T_5000,11.371
1996,CHL,T_5000,12.205
1997,CHL,T_5000,12.008
1998,CHL,T_5000,12.154
1999,CHL,T_5000,11.725
2000,CHL,T_5000,11.943
2001,CHL,T_5000,11.742
2002,CHL,T_5000,11.682
2003,CHL,T_5000,11.278
2004,CHL,T_5000,10.837
2005,CHL,T_5000,10.73
2006,CHL,T_5000,9.555
2007,CHL,T_5000,10.009
2008,CHL,T_5000,10.813
2009,CHL,T_5000,9.696
2010,CHL,T_5000,10.097
2011,CHL,T_5000,10.452
2012,CHL,T_5000,10.674
2013,CHL,T_5000,10.764
2014,CHL,T_5000,10.901
2015,CHL,T_5000,11.094
2016,CHL,T_5000,11.038
2017,CHL,T_5000,11.076
2018,CHL,T_5000,11.333
2019,CHL,T_5000,11.125
2020,CHL,T_5000,10.571
2021,CHL,T_5000,11.842
2022,CHL,T_5000,11.401
2023,CHL,T_5000,11.173
1990,COL,T_5000,6.109
1991,COL,T_5000,6.176
1992,COL,T_5000,6.486
1993,COL,T_5000,6.48
1994,COL,T_5000,7.235
1995,COL,T_5000,6.936
1996,COL,T_5000,7.412
1997,COL,T_5000,7.35
1998,COL,T_5000,7.076
1999,COL,T_5000,6.66
2000,COL,T_5000,7.268
2001,COL,T_5000,7.878
2002,COL,T_5000,7.554
2003,COL,T_5000,7.957
2004,COL,T_5000,7.893
2005,COL,T_5000,8.181
2006,COL,T_5000,8.727
2007,COL,T_5000,8.58
2008,COL,T_5000,8.67
2009,COL,T_5000,8.023
2010,COL,T_5000,8.163
2011,COL,T_5000,8.341
2012,COL,T_5000,7.988
2013,COL,T_5000,7.742
2014,COL,T_5000,7.992
2015,COL,T_5000,8.167
2016,COL,T_5000,7.752
2017,COL,T_5000,8.189
2018,COL,T_5000,8.241
2019,COL,T_5000,8.471
2020,COL,T_5000,7.787
2021,COL,T_5000,8.323
2022,COL,T_5000,8.799
2023,COL,T_5000,8.786
1990,CRI,T_5000,10.186
1991,CRI,T_5000,8.219
1992,CRI,T_5000,9.619
1993,CRI,T_5000,8.975
1994,CRI,T_5000,9.191
1995,CRI,T_5000,8.999
1996,CRI,T_5000,9.615
1997,CRI,T_5000,9.704
1998,CRI,T_5000,9.982
1999,CRI,T_5000,9.417
2000,CRI,T_5000,9.873
2001,CRI,T_5000,10.155
2002,CRI,T_5000,9.99
2003,CRI,T_5000,9.873
2004,CRI,T_5000,9.773
2005,CRI,T_5000,9.863
2006,CRI,T_5000,10.256
2007,CRI,T_5000,10.84
2008,CRI,T_5000,10.748
2009,CRI,T_5000,9.128
2010,CRI,T_5000,8.923
2011,CRI,T_5000,9.105
2012,CRI,T_5000,9.053
2013,CRI,T_5000,9.044
2014,CRI,T_5000,8.814
2015,CRI,T_5000,8.822
2016,CRI,T_5000,8.717
2017,CRI,T_5000,8.372
2018,CRI,T_5000,8.104
2019,CRI,T_5000,8.146
2020,CRI,T_5000,7.522
2021,CRI,T_5000,8.651
2022,CRI,T_5000,8.201
2023,CRI,T_5000,8.323
1993,CZE,T_5000,12.153
1994,CZE,T_5000,11.804
1995,CZE,T_5000,11.011
1996,CZE,T_5000,10.829
1997,CZE,T_5000,10.307
1998,CZE,T_5000,9.948
1999,CZE,T_5000,10.528
2000,CZE,T_5000,10.125
2001,CZE,T_5000,9.841
2002,CZE,T_5000,9.831
2003,CZE,T_5000,10.063
2004,CZE,T_5000,10.847
2005,CZE,T_5000,10.842
2006,CZE,T_5000,10.356
2007,CZE,T_5000,10.358
2008,CZE,T_5000,10.659
2009,CZE,T_5000,10.835
2010,CZE,T_5000,10.771
2011,CZE,T_5000,11.221
2012,CZE,T_5000,11.403
2013,CZE,T_5000,11.608
2014,CZE,T_5000,10.891
2015,CZE,T_5000,11.194
2016,CZE,T_5000,11.295
2017,CZE,T_5000,11.344
2018,CZE,T_5000,11.155
2019,CZE,T_5000,10.9
2020,CZE,T_5000,10.567
2021,CZE,T_5000,10.538
2022,CZE,T_5000,10.459
2023,CZE,T_5000,10.351
1990,DNK,T_5000,15.141
1991,DNK,T_5000,15.044
1992,DNK,T_5000,14.816
1993,DNK,T_5000,14.843
1994,DNK,T_5000,15.378
1995,DNK,T_5000,15.165
1996,DNK,T_5000,15.566
1997,DNK,T_5000,15.541
1998,DNK,T_5000,16.364
1999,DNK,T_5000,16.375
2000,DNK,T_5000,15.669
2001,DNK,T_5000,15.611
2002,DNK,T_5000,15.776
2003,DNK,T_5000,15.566
2004,DNK,T_5000,15.764
2005,DNK,T_5000,16.049
2006,DNK,T_5000,15.975
2007,DNK,T_5000,16.333
2008,DNK,T_5000,15.228
2009,DNK,T_5000,15.118
2010,DNK,T_5000,14.941
2011,DNK,T_5000,15.067
2012,DNK,T_5000,15.101
2013,DNK,T_5000,14.759
2014,DNK,T_5000,14.576
2015,DNK,T_5000,14.574
2016,DNK,T_5000,14.729
2017,DNK,T_5000,14.418
2018,DNK,T_5000,14.649
2019,DNK,T_5000,14.194
2020,DNK,T_5000,14.43
2021,DNK,T_5000,13.638
2022,DNK,T_5000,12.752
2023,DNK,T_5000,12.301
1995,EST,T_5000,12.252
1996,EST,T_5000,12.856
1997,EST,T_5000,13.023
1998,EST,T_5000,11.995
1999,EST,T_5000,11.375
2000,EST,T_5000,12.071
2001,EST,T_5000,12.127
2002,EST,T_5000,12.243
2003,EST,T_5000,11.865
2004,EST,T_5000,12.55
2005,EST,T_5000,12.466
2006,EST,T_5000,13.243
2007,EST,T_5000,13.208
2008,EST,T_5000,11.884
2009,EST,T_5000,14.343
2010,EST,T_5000,13.517
2011,EST,T_5000,13.255
2012,EST,T_5000,13.474
2013,EST,T_5000,13.027
2014,EST,T_5000,13.363
2015,EST,T_5000,13.847
2016,EST,T_5000,14.234
2017,EST,T_5000,13.722
2018,EST,T_5000,13.49
2019,EST,T_5000,13.847
2020,EST,T_5000,13.078
2021,EST,T_5000,13.348
2022,EST,T_5000,13.187
2023,EST,T_5000,13.226
1990,FIN,T_5000,13.975
1991,FIN,T_5000,14.138
1992,FIN,T_5000,13.945
1993,FIN,T_5000,13.734
1994,FIN,T_5000,13.938
1995,FIN,T_5000,13.619
1996,FIN,T_5000,13.683
1997,FIN,T_5000,14.213
1998,FIN,T_5000,13.837
1999,FIN,T_5000,13.831
2000,FIN,T_5000,13.354
2001,FIN,T_5000,12.863
2002,FIN,T_5000,13.178
2003,FIN,T_5000,13.622
2004,FIN,T_5000,13.368
2005,FIN,T_5000,13.316
2006,FIN,T_5000,13.266
2007,FIN,T_5000,12.628
2008,FIN,T_5000,12.51
2009,FIN,T_5000,12.969
2010,FIN,T_5000,12.973
2011,FIN,T_5000,13.854
2012,FIN,T_5000,14.112
2013,FIN,T_5000,14.485
2014,FIN,T_5000,14.375
2015,FIN,T_5000,14.142
2016,FIN,T_5000,14.429
2017,FIN,T_5000,14.167
2018,FIN,T_5000,14.312
2019,FIN,T_5000,14.236
2020,FIN,T_5000,14.149
2021,FIN,T_5000,14.01
2022,FIN,T_5000,13.826
2023,FIN,T_5000,13.194
1990,FRA,T_5000,11.804
1991,FRA,T_5000,11.399
1992,FRA,T_5000,11.102
1993,FRA,T_5000,11.276
1994,FRA,T_5000,11.657
1995,FRA,T_5000,12.034
1996,FRA,T_5000,12.434
1997,FRA,T_5000,12.272
1998,FRA,T_5000,12.032
1999,FRA,T_5000,12.046
2000,FRA,T_5000,11.486
2001,FRA,T_5000,11.182
2002,FRA,T_5000,11.194
2003,FRA,T_5000,11.061
2004,FRA,T_5000,11.115
2005,FRA,T_5000,11.157
2006,FRA,T_5000,11.028
2007,FRA,T_5000,10.81
2008,FRA,T_5000,10.661
2009,FRA,T_5000,10.639
2010,FRA,T_5000,11.175
2011,FRA,T_5000,11.442
2012,FRA,T_5000,11.636
2013,FRA,T_5000,11.649
2014,FRA,T_5000,11.756
2015,FRA,T_5000,11.855
2016,FRA,T_5000,12.004
2017,FRA,T_5000,12.22
2018,FRA,T_5000,12.396
2019,FRA,T_5000,12.411
2020,FRA,T_5000,12.211
2021,FRA,T_5000,12.194
2022,FRA,T_5000,11.945
2023,FRA,T_5000,11.267
1990,DEU,T_5000,9.304
1991,DEU,T_5000,9.433
1992,DEU,T_5000,9.687
1993,DEU,T_5000,10.015
1994,DEU,T_5000,10.45
1995,DEU,T_5000,10.16
1996,DEU,T_5000,10.013
1997,DEU,T_5000,9.867
1998,DEU,T_5000,9.869
1999,DEU,T_5000,10.297
2000,DEU,T_5000,10.369
2001,DEU,T_5000,10.239
2002,DEU,T_5000,10.179
2003,DEU,T_5000,10.313
2004,DEU,T_5000,10.55
2005,DEU,T_5000,10.594
2006,DEU,T_5000,10.565
2007,DEU,T_5000,11.04
2008,DEU,T_5000,11.092
2009,DEU,T_5000,11.706
2010,DEU,T_5000,11.175
2011,DEU,T_5000,11.388
2012,DEU,T_5000,11.344
2013,DEU,T_5000,11.405
2014,DEU,T_5000,11.339
2015,DEU,T_5000,11.323
2016,DEU,T_5000,11.201
2017,DEU,T_5000,10.9
2018,DEU,T_5000,11.026
2019,DEU,T_5000,10.997
2020,DEU,T_5000,10.488
2021,DEU,T_5000,10.956
2022,DEU,T_5000,10.843
2023,DEU,T_5000,10.081
1990,GRC,T_5000,11.219
1991,GRC,T_5000,11.707
1992,GRC,T_5000,12.506
1993,GRC,T_5000,12.147
1994,GRC,T_5000,11.608
1995,GRC,T_5000,11.765
1996,GRC,T_5000,11.945
1997,GRC,T_5000,11.937
1998,GRC,T_5000,11.608
1999,GRC,T_5000,11.775
2000,GRC,T_5000,11.777
2001,GRC,T_5000,11.79
2002,GRC,T_5000,12.119
2003,GRC,T_5000,11.328
2004,GRC,T_5000,10.953
2005,GRC,T_5000,11.161
2006,GRC,T_5000,11.316
2007,GRC,T_5000,11.589
2008,GRC,T_5000,11.62
2009,GRC,T_5000,11.073
2010,GRC,T_5000,12.481
2011,GRC,T_5000,13.492
2012,GRC,T_5000,14.23
2013,GRC,T_5000,14.536
2014,GRC,T_5000,14.728
2015,GRC,T_5000,14.941
2016,GRC,T_5000,16.037
2017,GRC,T_5000,16.013
2018,GRC,T_5000,16.136
2019,GRC,T_5000,16.086
2020,GRC,T_5000,15.356
2021,GRC,T_5000,15.866
2022,GRC,T_5000,17.833
2023,GRC,T_5000,15.954
1991,HUN,T_5000,14.801
1992,HUN,T_5000,15.952
1993,HUN,T_5000,16.782
1994,HUN,T_5000,15.839
1995,HUN,T_5000,16.566
1996,HUN,T_5000,16.037
1997,HUN,T_5000,14.837
1998,HUN,T_5000,14.605
1999,HUN,T_5000,15.441
2000,HUN,T_5000,15.622
2001,HUN,T_5000,14.584
2002,HUN,T_5000,14.014
2003,HUN,T_5000,14.624
2004,HUN,T_5000,15.119
2005,HUN,T_5000,14.548
2006,HUN,T_5000,14.049
2007,HUN,T_5000,14.888
2008,HUN,T_5000,14.659
2009,HUN,T_5000,15.417
2010,HUN,T_5000,15.95
2011,HUN,T_5000,15.915
2012,HUN,T_5000,17.057
2013,HUN,T_5000,16.894
2014,HUN,T_5000,16.799
2015,HUN,T_5000,16.978
2016,HUN,T_5000,16.52
2017,HUN,T_5000,16.26
2018,HUN,T_5000,16.477
2019,HUN,T_5000,16.24
2020,HUN,T_5000,16.233
2021,HUN,T_5000,15.923
2022,HUN,T_5000,16.682
2023,HUN,T_5000,15.621
1990,ISL,T_5000,15.634
1991,ISL,T_5000,15.712
1992,ISL,T_5000,15.686
1993,ISL,T_5000,15.243
1994,ISL,T_5000,14.781
1995,ISL,T_5000,14.96
1996,ISL,T_5000,15.373
1997,ISL,T_5000,14.955
1998,ISL,T_5000,15.923
1999,ISL,T_5000,17.023
2000,ISL,T_5000,16.262
2001,ISL,T_5000,14.128
2002,ISL,T_5000,14.131
2003,ISL,T_5000,14.926
2004,ISL,T_5000,16.002
2005,ISL,T_5000,17.361
2006,ISL,T_5000,17.384
2007,ISL,T_5000,16.257
2008,ISL,T_5000,13.06
2009,ISL,T_5000,11.333
2010,ISL,T_5000,11.546
2011,ISL,T_5000,11.633
2012,ISL,T_5000,12.03
2013,ISL,T_5000,11.704
2014,ISL,T_5000,11.666
2015,ISL,T_5000,11.561
2016,ISL,T_5000,11.874
2017,ISL,T_5000,12.625
2018,ISL,T_5000,12.289
2019,ISL,T_5000,11.509
2020,ISL,T_5000,11.47
2021,ISL,T_5000,11.683
2022,ISL,T_5000,11.5
2023,ISL,T_5000,11.596
1990,IRL,T_5000,13.58
1991,IRL,T_5000,13.304
1992,IRL,T_5000,13.268
1993,IRL,T_5000,12.639
1994,IRL,T_5000,13.342
1995,IRL,T_5000,12.84
1996,IRL,T_5000,12.72
1997,IRL,T_5000,12.366
1998,IRL,T_5000,12.22
1999,IRL,T_5000,12.036
2000,IRL,T_5000,11.916
2001,IRL,T_5000,10.726
2002,IRL,T_5000,10.75
2003,IRL,T_5000,10.687
2004,IRL,T_5000,11.012
2005,IRL,T_5000,11.361
2006,IRL,T_5000,11.357
2007,IRL,T_5000,11.205
2008,IRL,T_5000,10.798
2009,IRL,T_5000,9.914
2010,IRL,T_5000,9.925
2011,IRL,T_5000,9.419
2012,IRL,T_5000,9.491
2013,IRL,T_5000,9.455
2014,IRL,T_5000,9.457
2015,IRL,T_5000,7.343
2016,IRL,T_5000,7.598
2017,IRL,T_5000,7.155
2018,IRL,T_5000,6.746
2019,IRL,T_5000,6.627
2020,IRL,T_5000,5.5
2021,IRL,T_5000,5.754
2022,IRL,T_5000,5.355
2023,IRL,T_5000,5.714
1995,ISR,T_5000,12.261
1996,ISR,T_5000,12.34
1997,ISR,T_5000,12.215
1998,ISR,T_5000,11.721
1999,ISR,T_5000,11.794
2000,ISR,T_5000,11.201
2001,ISR,T_5000,11.07
2002,ISR,T_5000,11.713
2003,ISR,T_5000,11.638
2004,ISR,T_5000,11.719
2005,ISR,T_5000,11.589
2006,ISR,T_5000,11.359
2007,ISR,T_5000,11.549
2008,ISR,T_5000,11.51
2009,ISR,T_5000,11.262
2010,ISR,T_5000,11.801
2011,ISR,T_5000,11.707
2012,ISR,T_5000,11.341
2013,ISR,T_5000,11.607
2014,ISR,T_5000,11.938
2015,ISR,T_5000,11.713
2016,ISR,T_5000,11.645
2017,ISR,T_5000,11.095
2018,ISR,T_5000,11.064
2019,ISR,T_5000,10.755
2020,ISR,T_5000,10.451
2021,ISR,T_5000,10.895
2022,ISR,T_5000,10.624
2023,ISR,T_5000,9.635
1990,ITA,T_5000,10.162
1991,ITA,T_5000,10.293
1992,ITA,T_5000,10.564
1993,ITA,T_5000,10.495
1994,ITA,T_5000,10.927
1995,ITA,T_5000,10.494
1996,ITA,T_5000,10.351
1997,ITA,T_5000,10.754
1998,ITA,T_5000,11.086
1999,ITA,T_5000,11.335
2000,ITA,T_5000,11.426
2001,ITA,T_5000,10.88
2002,ITA,T_5000,10.782
2003,ITA,T_5000,10.378
2004,ITA,T_5000,10.47
2005,ITA,T_5000,10.437
2006,ITA,T_5000,10.741
2007,ITA,T_5000,10.643
2008,ITA,T_5000,10.444
2009,ITA,T_5000,10.538
2010,ITA,T_5000,11.101
2011,ITA,T_5000,11.317
2012,ITA,T_5000,11.672
2013,ITA,T_5000,11.608
2014,ITA,T_5000,11.857
2015,ITA,T_5000,11.869
2016,ITA,T_5000,12.094
2017,ITA,T_5000,12.088
2018,ITA,T_5000,11.969
2019,ITA,T_5000,11.956
2020,ITA,T_5000,11.491
2021,ITA,T_5000,12.024
2022,ITA,T_5000,11.843
2023,ITA,T_5000,11.876
1990,JPN,T_5000,3.792
1991,JPN,T_5000,3.817
1992,JPN,T_5000,3.8
1993,JPN,T_5000,3.911
1994,JPN,T_5000,4.036
1995,JPN,T_5000,4.015
1996,JPN,T_5000,4.057
1997,JPN,T_5000,4.435
1998,JPN,T_5000,4.961
1999,JPN,T_5000,5.085
2000,JPN,T_5000,4.878
2001,JPN,T_5000,4.94
2002,JPN,T_5000,4.929
2003,JPN,T_5000,4.901
2004,JPN,T_5000,4.956
2005,JPN,T_5000,5.015
2006,JPN,T_5000,4.961
2007,JPN,T_5000,4.876
2008,JPN,T_5000,4.855
2009,JPN,T_5000,4.899
2010,JPN,T_5000,4.898
2011,JPN,T_5000,4.993
2012,JPN,T_5000,5.017
2013,JPN,T_5000,5.021
2014,JPN,T_5000,5.921
2015,JPN,T_5000,6.341
2016,JPN,T_5000,6.187
2017,JPN,T_5000,6.484
2018,JPN,T_5000,6.154
2019,JPN,T_5000,6.214
2020,JPN,T_5000,6.877
2021,JPN,T_5000,7.031
2022,JPN,T_5000,7.18
2023,JPN,T_5000,6.847
1990,KOR,T_5000,8.226
1991,KOR,T_5000,7.688
1992,KOR,T_5000,7.838
1993,KOR,T_5000,7.623
1994,KOR,T_5000,7.632
1995,KOR,T_5000,7.64
1996,KOR,T_5000,8.069
1997,KOR,T_5000,8.114
1998,KOR,T_5000,7.189
1999,KOR,T_5000,7.741
2000,KOR,T_5000,8.022
2001,KOR,T_5000,8.398
2002,KOR,T_5000,8.254
2003,KOR,T_5000,8.144
2004,KOR,T_5000,7.663
2005,KOR,T_5000,7.42
2006,KOR,T_5000,7.363
2007,KOR,T_5000,7.421
2008,KOR,T_5000,7.459
2009,KOR,T_5000,7.221
2010,KOR,T_5000,7.543
2011,KOR,T_5000,7.239
2012,KOR,T_5000,7.388
2013,KOR,T_5000,7.111
2014,KOR,T_5000,7.003
2015,KOR,T_5000,6.654
2016,KOR,T_5000,6.962
2017,KOR,T_5000,7.031
2018,KOR,T_5000,7.012
2019,KOR,T_5000,7.029
2020,KOR,T_5000,6.768
2021,KOR,T_5000,6.879
2022,KOR,T_5000,7.252
2023,KOR,T_5000,6.533
1995,LVA,T_5000,11.211
1996,LVA,T_5000,11.169
1997,LVA,T_5000,11.706
1998,LVA,T_5000,12.375
1999,LVA,T_5000,11.521
2000,LVA,T_5000,11.213
2001,LVA,T_5000,10.598
2002,LVA,T_5000,10.405
2003,LVA,T_5000,10.917
2004,LVA,T_5000,10.886
2005,LVA,T_5000,11.629
2006,LVA,T_5000,11.88
2007,LVA,T_5000,11.328
2008,LVA,T_5000,10.355
2009,LVA,T_5000,11.326
2010,LVA,T_5000,11.924
2011,LVA,T_5000,12.006
2012,LVA,T_5000,12.103
2013,LVA,T_5000,12.522
2014,LVA,T_5000,12.812
2015,LVA,T_5000,13.043
2016,LVA,T_5000,13.574
2017,LVA,T_5000,13.498
2018,LVA,T_5000,13.939
2019,LVA,T_5000,13.914
2020,LVA,T_5000,13.571
2021,LVA,T_5000,13.394
2022,LVA,T_5000,13.671
2023,LVA,T_5000,13.382
1995,LTU,T_5000,11.799
1996,LTU,T_5000,11.284
1997,LTU,T_5000,13.188
1998,LTU,T_5000,13.435
1999,LTU,T_5000,13.334
2000,LTU,T_5000,12.129
2001,LTU,T_5000,11.756
2002,LTU,T_5000,11.963
2003,LTU,T_5000,11.264
2004,LTU,T_5000,10.94
2005,LTU,T_5000,11.134
2006,LTU,T_5000,11.239
2007,LTU,T_5000,11.644
2008,LTU,T_5000,11.664
2009,LTU,T_5000,11.5
2010,LTU,T_5000,11.716
2011,LTU,T_5000,11.52
2012,LTU,T_5000,11.105
2013,LTU,T_5000,10.931
2014,LTU,T_5000,11.129
2015,LTU,T_5000,11.644
2016,LTU,T_5000,11.651
2017,LTU,T_5000,11.6
2018,LTU,T_5000,11.525
2019,LTU,T_5000,11.54
2020,LTU,T_5000,11.817
2021,LTU,T_5000,11.956
2022,LTU,T_5000,11.546
2023,LTU,T_5000,11.298
1990,LUX,T_5000,8.197
1991,LUX,T_5000,8.017
1992,LUX,T_5000,8.864
1993,LUX,T_5000,9.266
1994,LUX,T_5000,9.705
1995,LUX,T_5000,9.195
1996,LUX,T_5000,9.165
1997,LUX,T_5000,9.439
1998,LUX,T_5000,9.713
1999,LUX,T_5000,9.797
2000,LUX,T_5000,9.832
2001,LUX,T_5000,9.634
2002,LUX,T_5000,9.989
2003,LUX,T_5000,10.232
2004,LUX,T_5000,10.848
2005,LUX,T_5000,10.802
2006,LUX,T_5000,9.757
2007,LUX,T_5000,10.052
2008,LUX,T_5000,9.851
2009,LUX,T_5000,10.189
2010,LUX,T_5000,9.858
2011,LUX,T_5000,10.204
2012,LUX,T_5000,10.403
2013,LUX,T_5000,10.29
2014,LUX,T_5000,10.559
2015,LUX,T_5000,8.363
2016,LUX,T_5000,8.62
2017,LUX,T_5000,8.843
2018,LUX,T_5000,9.065
2019,LUX,T_5000,9.114
2020,LUX,T_5000,8.754
2021,LUX,T_5000,8.912
2022,LUX,T_5000,9.139
2023,LUX,T_5000,9.325
1990,MEX,T_5000,5.063
1991,MEX,T_5000,5.031
1992,MEX,T_5000,4.923
1993,MEX,T_5000,4.196
1994,MEX,T_5000,4.492
1995,MEX,T_5000,3.789
1996,MEX,T_5000,3.726
1997,MEX,T_5000,4.096
1998,MEX,T_5000,4.491
1999,MEX,T_5000,4.94
2000,MEX,T_5000,4.555
2001,MEX,T_5000,4.922
2002,MEX,T_5000,5.152
2003,MEX,T_5000,5.073
2004,MEX,T_5000,4.526
2005,MEX,T_5000,4.19
2006,MEX,T_5000,4.284
2007,MEX,T_5000,4.26
2008,MEX,T_5000,4.636
2009,MEX,T_5000,4.456
2010,MEX,T_5000,4.667
2011,MEX,T_5000,4.464
2012,MEX,T_5000,4.46
2013,MEX,T_5000,4.222
2014,MEX,T_5000,4.853
2015,MEX,T_5000,5.935
2016,MEX,T_5000,6.241
2017,MEX,T_5000,5.693
2018,MEX,T_5000,5.715
2019,MEX,T_5000,5.983
2020,MEX,T_5000,6.412
2021,MEX,T_5000,6.191
2022,MEX,T_5000,5.513
2023,MEX,T_5000,6.24
1990,NLD,T_5000,10.472
1991,NLD,T_5000,10.584
1992,NLD,T_5000,10.658
1993,NLD,T_5000,10.21
1994,NLD,T_5000,10.442
1995,NLD,T_5000,10.617
1996,NLD,T_5000,10.846
1997,NLD,T_5000,10.809
1998,NLD,T_5000,10.781
1999,NLD,T_5000,11.077
2000,NLD,T_5000,10.941
2001,NLD,T_5000,11.184
2002,NLD,T_5000,10.915
2003,NLD,T_5000,11.057
2004,NLD,T_5000,11.207
2005,NLD,T_5000,11.232
2006,NLD,T_5000,11.388
2007,NLD,T_5000,11.254
2008,NLD,T_5000,11.097
2009,NLD,T_5000,10.842
2010,NLD,T_5000,11.176
2011,NLD,T_5000,10.857
2012,NLD,T_5000,10.785
2013,NLD,T_5000,10.942
2014,NLD,T_5000,11.149
2015,NLD,T_5000,11.14
2016,NLD,T_5000,11.478
2017,NLD,T_5000,11.407
2018,NLD,T_5000,11.499
2019,NLD,T_5000,11.808
2020,NLD,T_5000,11.885
2021,NLD,T_5000,11.835
2022,NLD,T_5000,11.475
2023,NLD,T_5000,11.264
1990,NZL,T_5000,12.144
1991,NZL,T_5000,12.145
1992,NZL,T_5000,12.365
1993,NZL,T_5000,12.5
1994,NZL,T_5000,11.945
1995,NZL,T_5000,11.867
1996,NZL,T_5000,11.82
1997,NZL,T_5000,11.802
1998,NZL,T_5000,11.724
1999,NZL,T_5000,11.69
2000,NZL,T_5000,11.286
2001,NZL,T_5000,11.389
2002,NZL,T_5000,11.676
2003,NZL,T_5000,11.696
2004,NZL,T_5000,11.573
2005,NZL,T_5000,11.586
2006,NZL,T_5000,11.529
2007,NZL,T_5000,10.744
2008,NZL,T_5000,11.111
2009,NZL,T_5000,11.064
2010,NZL,T_5000,12.005
2011,NZL,T_5000,12.127
2012,NZL,T_5000,12.274
2013,NZL,T_5000,11.891
2014,NZL,T_5000,12.211
2015,NZL,T_5000,12.263
2016,NZL,T_5000,12.033
2017,NZL,T_5000,12.033
2018,NZL,T_5000,12.18
2019,NZL,T_5000,12.158
2020,NZL,T_5000,12.819
2021,NZL,T_5000,12.399
2022,NZL,T_5000,11.921
2023,NZL,T_5000,12.046
1990,NOR,T_5000,14.502
1991,NOR,T_5000,14.353
1992,NOR,T_5000,14.992
1993,NOR,T_5000,15.047
1994,NOR,T_5000,15.554
1995,NOR,T_5000,14.995
1996,NOR,T_5000,14.677
1997,NOR,T_5000,14.664
1998,NOR,T_5000,15.377
1999,NOR,T_5000,15.179
2000,NOR,T_5000,13.251
2001,NOR,T_5000,13.065
2002,NOR,T_5000,13.185
2003,NOR,T_5000,12.792
2004,NOR,T_5000,12.48
2005,NOR,T_5000,11.908
2006,NOR,T_5000,11.799
2007,NOR,T_5000,12.077
2008,NOR,T_5000,10.81
2009,NOR,T_5000,11.603
2010,NOR,T_5000,11.652
2011,NOR,T_5000,11.187
2012,NOR,T_5000,10.975
2013,NOR,T_5000,11.067
2014,NOR,T_5000,11.225
2015,NOR,T_5000,11.677
2016,NOR,T_5000,12.272
2017,NOR,T_5000,12.019
2018,NOR,T_5000,11.648
2019,NOR,T_5000,11.78
2020,NOR,T_5000,12.251
2021,NOR,T_5000,10.513
2022,NOR,T_5000,8.456
2023,NOR,T_5000,9.598
1991,POL,T_5000,8.738
1992,POL,T_5000,10.316
1993,POL,T_5000,12.93
1994,POL,T_5000,12.832
1995,POL,T_5000,12.99
1996,POL,T_5000,13.192
1997,POL,T_5000,12.719
1998,POL,T_5000,12.04
1999,POL,T_5000,12.439
2000,POL,T_5000,11.607
2001,POL,T_5000,11.515
2002,POL,T_5000,12.163
2003,POL,T_5000,12.2
2004,POL,T_5000,12.172
2005,POL,T_5000,12.636
2006,POL,T_5000,12.899
2007,POL,T_5000,13.194
2008,POL,T_5000,13.331
2009,POL,T_5000,11.851
2010,POL,T_5000,12.746
2011,POL,T_5000,12.845
2012,POL,T_5000,12.043
2013,POL,T_5000,11.887
2014,POL,T_5000,11.929
2015,POL,T_5000,11.908
2016,POL,T_5000,12.447
2017,POL,T_5000,12.806
2018,POL,T_5000,13.039
2019,POL,T_5000,12.853
2020,POL,T_5000,12.877
2021,POL,T_5000,13.899
2022,POL,T_5000,12.557
2023,POL,T_5000,11.021
1990,PRT,T_5000,11.711
1991,PRT,T_5000,11.659
1992,PRT,T_5000,12.712
1993,PRT,T_5000,11.997
1994,PRT,T_5000,12.883
1995,PRT,T_5000,12.863
1996,PRT,T_5000,13.065
1997,PRT,T_5000,12.744
1998,PRT,T_5000,13.085
1999,PRT,T_5000,13.194
2000,PRT,T_5000,12.68
2001,PRT,T_5000,12.727
2002,PRT,T_5000,13.118
2003,PRT,T_5000,13.1
2004,PRT,T_5000,13.047
2005,PRT,T_5000,13.694
2006,PRT,T_5000,13.903
2007,PRT,T_5000,13.388
2008,PRT,T_5000,13.037
2009,PRT,T_5000,11.672
2010,PRT,T_5000,12.381
2011,PRT,T_5000,13.001
2012,PRT,T_5000,13.097
2013,PRT,T_5000,12.878
2014,PRT,T_5000,13.224
2015,PRT,T_5000,13.463
2016,PRT,T_5000,13.681
2017,PRT,T_5000,13.814
2018,PRT,T_5000,13.884
2019,PRT,T_5000,13.852
2020,PRT,T_5000,13.316
2021,PRT,T_5000,13.705
2022,PRT,T_5000,13.782
2023,PRT,T_5000,13.329
1995,SVK,T_5000,14.161
1996,SVK,T_5000,13.536
1997,SVK,T_5000,12.616
1998,SVK,T_5000,12.478
1999,SVK,T_5000,12.037
2000,SVK,T_5000,12.205
2001,SVK,T_5000,11.094
2002,SVK,T_5000,11.294
2003,SVK,T_5000,11.802
2004,SVK,T_5000,12.147
2005,SVK,T_5000,12.487
2006,SVK,T_5000,11.345
2007,SVK,T_5000,11.277
2008,SVK,T_5000,10.681
2009,SVK,T_5000,10.614
2010,SVK,T_5000,10.365
2011,SVK,T_5000,11.229
2012,SVK,T_5000,10.67
2013,SVK,T_5000,11.325
2014,SVK,T_5000,11.544
2015,SVK,T_5000,11.575
2016,SVK,T_5000,11.549
2017,SVK,T_5000,11.975
2018,SVK,T_5000,11.9
2019,SVK,T_5000,12.168
2020,SVK,T_5000,12.09
2021,SVK,T_5000,12.058
2022,SVK,T_5000,12.336
2023,SVK,T_5000,12.35
1995,SVN,T_5000,14.786
1996,SVN,T_5000,14.549
1997,SVN,T_5000,13.563
1998,SVN,T_5000,14.138
1999,SVN,T_5000,14.658
2000,SVN,T_5000,13.804
2001,SVN,T_5000,13.347
2002,SVN,T_5000,13.674
2003,SVN,T_5000,13.744
2004,SVN,T_5000,13.515
2005,SVN,T_5000,13.501
2006,SVN,T_5000,13.243
2007,SVN,T_5000,13.231
2008,SVN,T_5000,13.176
2009,SVN,T_5000,13.414
2010,SVN,T_5000,13.897
2011,SVN,T_5000,13.851
2012,SVN,T_5000,14.239
2013,SVN,T_5000,14.782
2014,SVN,T_5000,14.761
2015,SVN,T_5000,14.685
2016,SVN,T_5000,14.482
2017,SVN,T_5000,14.094
2018,SVN,T_5000,13.857
2019,SVN,T_5000,14.05
2020,SVN,T_5000,12.851
2021,SVN,T_5000,13.334
2022,SVN,T_5000,13.213
2023,SVN,T_5000,12.943
1990,ESP,T_5000,8.956
1991,ESP,T_5000,9.019
1992,ESP,T_5000,9.431
1993,ESP,T_5000,8.697
1994,ESP,T_5000,9.136
1995,ESP,T_5000,9.151
1996,ESP,T_5000,9.209
1997,ESP,T_5000,9.379
1998,ESP,T_5000,10.033
1999,ESP,T_5000,10.283
2000,ESP,T_5000,10.104
2001,ESP,T_5000,9.802
2002,ESP,T_5000,9.613
2003,ESP,T_5000,9.656
2004,ESP,T_5000,9.908
2005,ESP,T_5000,10.113
2006,ESP,T_5000,10.005
2007,ESP,T_5000,9.515
2008,ESP,T_5000,8.126
2009,ESP,T_5000,6.804
2010,ESP,T_5000,8.608
2011,ESP,T_5000,8.443
2012,ESP,T_5000,8.948
2013,ESP,T_5000,9.702
2014,ESP,T_5000,10.015
2015,ESP,T_5000,10.311
2016,ESP,T_5000,10.159
2017,ESP,T_5000,10.152
2018,ESP,T_5000,10.217
2019,ESP,T_5000,10.024
2020,ESP,T_5000,9.857
2021,ESP,T_5000,10.372
2022,ESP,T_5000,10.384
2023,ESP,T_5000,9.999
1990,SWE,T_5000,12.194
1991,SWE,T_5000,12.384
1992,SWE,T_5000,11.53
1993,SWE,T_5000,11.922
1994,SWE,T_5000,11.37
1995,SWE,T_5000,12.693
1996,SWE,T_5000,12.238
1997,SWE,T_5000,12.208
1998,SWE,T_5000,12.05
1999,SWE,T_5000,11.964
2000,SWE,T_5000,12.106
2001,SWE,T_5000,12.037
2002,SWE,T_5000,12.094
2003,SWE,T_5000,12.169
2004,SWE,T_5000,12.018
2005,SWE,T_5000,12.278
2006,SWE,T_5000,12.126
2007,SWE,T_5000,12.108
2008,SWE,T_5000,12.412
2009,SWE,T_5000,12.846
2010,SWE,T_5000,12.824
2011,SWE,T_5000,12.433
2012,SWE,T_5000,12.342
2013,SWE,T_5000,12.262
2014,SWE,T_5000,12.152
2015,SWE,T_5000,12.157
2016,SWE,T_5000,12.502
2017,SWE,T_5000,12.442
2018,SWE,T_5000,12.451
2019,SWE,T_5000,12.123
2020,SWE,T_5000,12.109
2021,SWE,T_5000,11.947
2022,SWE,T_5000,12.233
2023,SWE,T_5000,11.747
1990,CHE,T_5000,4.847
1991,CHE,T_5000,4.791
1992,CHE,T_5000,4.675
1993,CHE,T_5000,4.747
1994,CHE,T_5000,4.721
1995,CHE,T_5000,5.43
1996,CHE,T_5000,5.357
1997,CHE,T_5000,5.331
1998,CHE,T_5000,5.519
1999,CHE,T_5000,5.932
2000,CHE,T_5000,5.999
2001,CHE,T_5000,5.972
2002,CHE,T_5000,5.92
2003,CHE,T_5000,5.997
2004,CHE,T_5000,6.028
2005,CHE,T_5000,5.94
2006,CHE,T_5000,5.822
2007,CHE,T_5000,5.768
2008,CHE,T_5000,5.735
2009,CHE,T_5000,5.748
2010,CHE,T_5000,5.821
2011,CHE,T_5000,5.823
2012,CHE,T_5000,5.863
2013,CHE,T_5000,5.822
2014,CHE,T_5000,5.758
2015,CHE,T_5000,5.742
2016,CHE,T_5000,5.688
2017,CHE,T_5000,5.763
2018,CHE,T_5000,5.568
2019,CHE,T_5000,5.504
2020,CHE,T_5000,5.583
2021,CHE,T_5000,5.489
2022,CHE,T_5000,5.365
2023,CHE,T_5000,5.414
1990,TUR,T_5000,4.059
1991,TUR,T_5000,4.457
1992,TUR,T_5000,4.848
1993,TUR,T_5000,5.234
1994,TUR,T_5000,5.993
1995,TUR,T_5000,6.154
1996,TUR,T_5000,7.066
1997,TUR,T_5000,7.512
1998,TUR,T_5000,7.429
1999,TUR,T_5000,8.085
2000,TUR,T_5000,9.855
2001,TUR,T_5000,10.171
2002,TUR,T_5000,11.177
2003,TUR,T_5000,12.347
2004,TUR,T_5000,11.019
2005,TUR,T_5000,11.408
2006,TUR,T_5000,11.383
2007,TUR,T_5000,10.901
2008,TUR,T_5000,10.439
2009,TUR,T_5000,10.645
2010,TUR,T_5000,11.754
2011,TUR,T_5000,11.627
2012,TUR,T_5000,11.148
2013,TUR,T_5000,11.586
2014,TUR,T_5000,10.786
2015,TUR,T_5000,11.058
2016,TUR,T_5000,10.963
2017,TUR,T_5000,10.73
2018,TUR,T_5000,9.704
2019,TUR,T_5000,9.011
2020,TUR,T_5000,10.246
2021,TUR,T_5000,9.597
2022,TUR,T_5000,9.127
2023,TUR,T_5000,10.692
1990,GBR,T_5000,10.197
1991,GBR,T_5000,10.527
1992,GBR,T_5000,10.725
1993,GBR,T_5000,10.529
1994,GBR,T_5000,10.766
1995,GBR,T_5000,10.333
1996,GBR,T_5000,10.347
1997,GBR,T_5000,10.392
1998,GBR,T_5000,10.535
1999,GBR,T_5000,10.731
2000,GBR,T_5000,10.519
2001,GBR,T_5000,10.304
2002,GBR,T_5000,10.364
2003,GBR,T_5000,10.399
2004,GBR,T_5000,10.369
2005,GBR,T_5000,9.947
2006,GBR,T_5000,9.803
2007,GBR,T_5000,9.795
2008,GBR,T_5000,9.631
2009,GBR,T_5000,9.284
2010,GBR,T_5000,10.169
2011,GBR,T_5000,11.018
2012,GBR,T_5000,10.901
2013,GBR,T_5000,10.858
2014,GBR,T_5000,10.816
2015,GBR,T_5000,10.863
2016,GBR,T_5000,10.814
2017,GBR,T_5000,10.72
2018,GBR,T_5000,10.725
2019,GBR,T_5000,10.688
2020,GBR,T_5000,10.244
2021,GBR,T_5000,10.409
2022,GBR,T_5000,10.828
2023,GBR,T_5000,10.597
1990,USA,T_5000,4.55
1991,USA,T_5000,4.702
1992,USA,T_5000,4.722
1993,USA,T_5000,4.733
1994,USA,T_5000,4.873
1995,USA,T_5000,4.779
1996,USA,T_5000,4.674
1997,USA,T_5000,4.639
1998,USA,T_5000,4.61
1999,USA,T_5000,4.571
2000,USA,T_5000,4.526
2001,USA,T_5000,4.435
2002,USA,T_5000,4.383
2003,USA,T_5000,4.377
2004,USA,T_5000,4.44
2005,USA,T_5000,4.493
2006,USA,T_5000,4.477
2007,USA,T_5000,4.371
2008,USA,T_5000,4.324
2009,USA,T_5000,4.139
2010,USA,T_5000,4.222
2011,USA,T_5000,4.332
2012,USA,T_5000,4.325
2013,USA,T_5000,4.385
2014,USA,T_5000,4.392
2015,USA,T_5000,4.33
2016,USA,T_5000,4.29
2017,USA,T_5000,4.268
2018,USA,T_5000,4.415
2019,USA,T_5000,4.433
2020,USA,T_5000,4.318
2021,USA,T_5000,4.469
2022,USA,T_5000,4.487
2023,USA,T_5000,4.224
1990,ARG,T_5000,7.314
1991,ARG,T_5000,7.762
1992,ARG,T_5000,9.948
1993,ARG,T_5000,10.78
1994,ARG,T_5000,10.628
1995,ARG,T_5000,10.096
1996,ARG,T_5000,10.457
1997,ARG,T_5000,11.052
1998,ARG,T_5000,11.102
1999,ARG,T_5000,10.893
2000,ARG,T_5000,10.87
2001,ARG,T_5000,9.744
2002,ARG,T_5000,9.809
2003,ARG,T_5000,11.6
2004,ARG,T_5000,13.433
2005,ARG,T_5000,13.383
2006,ARG,T_5000,13.605
2007,ARG,T_5000,14.307
2008,ARG,T_5000,15.242
2009,ARG,T_5000,15.093
2010,ARG,T_5000,15.231
2011,ARG,T_5000,15.009
2012,ARG,T_5000,15.456
2013,ARG,T_5000,15.458
2014,ARG,T_5000,15.406
2015,ARG,T_5000,14.935
2016,ARG,T_5000,14.301
2017,ARG,T_5000,14.364
2018,ARG,T_5000,14.377
2019,ARG,T_5000,14.886
2020,ARG,T_5000,15.186
2021,ARG,T_5000,15.607
2022,ARG,T_5000,15.534
2023,ARG,T_5000,15.247
1990,BRA,T_5000,13.544
1991,BRA,T_5000,11.311
1992,BRA,T_5000,11.447
1993,BRA,T_5000,11.906
1994,BRA,T_5000,14.208
1995,BRA,T_5000,13.02
1996,BRA,T_5000,12.503
1997,BRA,T_5000,12.161
1998,BRA,T_5000,11.775
1999,BRA,T_5000,13.124
2000,BRA,T_5000,14.109
2001,BRA,T_5000,14.633
2002,BRA,T_5000,14.793
2003,BRA,T_5000,14.484
2004,BRA,T_5000,15.21
2005,BRA,T_5000,15.285
2006,BRA,T_5000,15.017
2007,BRA,T_5000,14.954
2008,BRA,T_5000,15.444
2009,BRA,T_5000,14.215
2010,BRA,T_5000,15.016
2011,BRA,T_5000,15.062
2012,BRA,T_5000,14.801
2013,BRA,T_5000,14.782
2014,BRA,T_5000,14.247
2015,BRA,T_5000,14.217
2016,BRA,T_5000,13.801
2017,BRA,T_5000,14.142
2018,BRA,T_5000,14.576
2019,BRA,T_5000,14.197
2020,BRA,T_5000,13.784
2021,BRA,T_5000,14.541
2022,BRA,T_5000,13.515
2023,BRA,T_5000,13.034
1995,BGR,T_5000,8.402
1996,BGR,T_5000,8.944
1997,BGR,T_5000,9.473
1998,BGR,T_5000,12.397
1999,BGR,T_5000,12.655
2000,BGR,T_5000,13.308
2001,BGR,T_5000,12.812
2002,BGR,T_5000,12.01
2003,BGR,T_5000,13.822
2004,BGR,T_5000,15.399
2005,BGR,T_5000,15.806
2006,BGR,T_5000,16.373
2007,BGR,T_5000,16.012
2008,BGR,T_5000,16.847
2009,BGR,T_5000,14.123
2010,BGR,T_5000,13.707
2011,BGR,T_5000,13.763
2012,BGR,T_5000,14.281
