TIME_PERIOD,REF_AREA,STANDARD_REVENUE,value
1990,Cabo Verde,Social security contributions (SSC),0.0
1991,Cabo Verde,Social security contributions (SSC),0.0
1992,Cabo Verde,Social security contributions (SSC),0.0
1993,Cabo Verde,Social security contributions (SSC),0.0
1994,Cabo Verde,Social security contributions (SSC),0.0
1995,Cabo Verde,Social security contributions (SSC),0.0
1996,Cabo Verde,Social security contributions (SSC),0.0
1997,Cabo Verde,Social security contributions (SSC),0.0
1998,Cabo Verde,Social security contributions (SSC),0.0
1999,Cabo Verde,Social security contributions (SSC),0.0
2000,Singapore,Social security contributions (SSC),0.0
2001,Singapore,Social security contributions (SSC),0.0
2002,Singapore,Social security contributions (SSC),0.0
2003,Singapore,Social security contributions (SSC),0.0
2004,Singapore,Social security contributions (SSC),0.0
2005,Singapore,Social security contributions (SSC),0.0
2006,Singapore,Social security contributions (SSC),0.0
2007,Singapore,Social security contributions (SSC),0.0
2008,Singapore,Social security contributions (SSC),0.0
2009,Singapore,Social security contributions (SSC),0.0
2010,Singapore,Social security contributions (SSC),0.0
2011,Singapore,Social security contributions (SSC),0.0
2012,Singapore,Social security contributions (SSC),0.0
2013,Singapore,Social security contributions (SSC),0.0
2014,Singapore,Social security contributions (SSC),0.0
2015,Singapore,Social security contributions (SSC),0.0
2016,Singapore,Social security contributions (SSC),0.0
2017,Singapore,Social security contributions (SSC),0.0
2018,Singapore,Social security contributions (SSC),0.0
2019,Singapore,Social security contributions (SSC),0.0
2020,Singapore,Social security contributions (SSC),0.0
2021,Singapore,Social security contributions (SSC),0.0
2022,Singapore,Social security contributions (SSC),0.0
2023,Singapore,Social security contributions (SSC),0.0
1990,South Africa,Social security contributions (SSC),0.0
1991,South Africa,Social security contributions (SSC),0.0
1992,South Africa,Social security contributions (SSC),0.0
1993,South Africa,Social security contributions (SSC),0.0
1994,South Africa,Social security contributions (SSC),0.0
1995,South Africa,Social security contributions (SSC),0.0
1996,South Africa,Social security contributions (SSC),0.0
1997,South Africa,Social security contributions (SSC),0.0
1998,South Africa,Social security contributions (SSC),0.0
1999,South Africa,Social security contributions (SSC),0.0
2000,South Africa,Social security contributions (SSC),0.0
2013,Bulgaria,Social security contributions (SSC),7.436
2014,Bulgaria,Social security contributions (SSC),7.814
2015,Bulgaria,Social security contributions (SSC),7.777
2016,Bulgaria,Social security contributions (SSC),7.729
2017,Bulgaria,Social security contributions (SSC),8.236
2018,Bulgaria,Social security contributions (SSC),8.666
2019,Bulgaria,Social security contributions (SSC),8.852
2020,Bulgaria,Social security contributions (SSC),9.085
2021,Bulgaria,Social security contributions (SSC),8.821
2022,Bulgaria,Social security contributions (SSC),8.245
2023,Bulgaria,Social security contributions (SSC),8.505
2000,Cabo Verde,Social security contributions (SSC),0.807
2001,Cabo Verde,Social security contributions (SSC),0.474
2002,Cabo Verde,Social security contributions (SSC),0.404
2003,Cabo Verde,Social security contributions (SSC),0.555
2004,Cabo Verde,Social security contributions (SSC),0.566
2005,Cabo Verde,Social security contributions (SSC),0.577
2006,Cabo Verde,Social security contributions (SSC),0.522
2007,Cabo Verde,Social security contributions (SSC),0.087
2008,Cabo Verde,Social security contributions (SSC),0.046
2009,Cabo Verde,Social security contributions (SSC),0.035
2010,Cabo Verde,Social security contributions (SSC),0.028
2011,Cabo Verde,Social security contributions (SSC),0.023
2012,Cabo Verde,Social security contributions (SSC),0.025
2013,Cabo Verde,Social security contributions (SSC),0.026
2014,Cabo Verde,Social security contributions (SSC),0.033
2015,Cabo Verde,Social security contributions (SSC),0.026
2016,Cabo Verde,Social security contributions (SSC),0.03
2017,Cabo Verde,Social security contributions (SSC),0.031
2018,Cabo Verde,Social security contributions (SSC),0.037
2019,Cabo Verde,Social security contributions (SSC),0.034
2020,Cabo Verde,Social security contributions (SSC),0.044
2021,Cabo Verde,Social security contributions (SSC),0.042
2022,Cabo Verde,Social security contributions (SSC),0.035
1993,Cameroon,Social security contributions (SSC),0.934
1994,Cameroon,Social security contributions (SSC),0.838
1995,Cameroon,Social security contributions (SSC),0.769
1996,Cameroon,Social security contributions (SSC),0.771
1997,Cameroon,Social security contributions (SSC),0.742
1998,Cameroon,Social security contributions (SSC),0.736
1999,Cameroon,Social security contributions (SSC),0.777
2000,Cameroon,Social security contributions (SSC),0.873
2001,Cameroon,Social security contributions (SSC),0.926
2002,Cameroon,Social security contributions (SSC),0.919
2003,Cameroon,Social security contributions (SSC),0.895
2004,Cameroon,Social security contributions (SSC),0.878
2005,Cameroon,Social security contributions (SSC),0.816
2006,Cameroon,Social security contributions (SSC),0.767
2007,Cameroon,Social security contributions (SSC),0.783
2008,Cameroon,Social security contributions (SSC),0.808
2009,Cameroon,Social security contributions (SSC),0.831
2010,Cameroon,Social security contributions (SSC),0.997
2011,Cameroon,Social security contributions (SSC),0.996
2012,Cameroon,Social security contributions (SSC),0.958
2013,Cameroon,Social security contributions (SSC),0.961
2014,Cameroon,Social security contributions (SSC),0.856
2015,Cameroon,Social security contributions (SSC),0.845
2016,Cameroon,Social security contributions (SSC),1.003
2017,Cameroon,Social security contributions (SSC),1.02
2018,Cameroon,Social security contributions (SSC),1.021
2019,Cameroon,Social security contributions (SSC),1.015
2020,Cameroon,Social security contributions (SSC),1.038
2021,Cameroon,Social security contributions (SSC),1.02
2022,Cameroon,Social security contributions (SSC),0.959
2019,China (People’s Republic of),Social security contributions (SSC),5.964
2020,China (People’s Republic of),Social security contributions (SSC),4.757
2021,China (People’s Republic of),Social security contributions (SSC),5.887
2022,China (People’s Republic of),Social security contributions (SSC),6.076
2023,China (People’s Republic of),Social security contributions (SSC),6.443
1995,Croatia,Social security contributions (SSC),15.368
1996,Croatia,Social security contributions (SSC),15.565
1997,Croatia,Social security contributions (SSC),15.126
1998,Croatia,Social security contributions (SSC),13.997
1999,Croatia,Social security contributions (SSC),13.856
2000,Croatia,Social security contributions (SSC),13.264
2001,Croatia,Social security contributions (SSC),12.762
2002,Croatia,Social security contributions (SSC),11.82
2003,Croatia,Social security contributions (SSC),11.682
2004,Croatia,Social security contributions (SSC),11.632
2005,Croatia,Social security contributions (SSC),11.532
2006,Croatia,Social security contributions (SSC),11.465
2007,Croatia,Social security contributions (SSC),11.693
2008,Croatia,Social security contributions (SSC),11.72
2009,Croatia,Social security contributions (SSC),11.919
2010,Croatia,Social security contributions (SSC),11.722
2011,Croatia,Social security contributions (SSC),11.626
2012,Croatia,Social security contributions (SSC),11.382
2013,Croatia,Social security contributions (SSC),11.134
2014,Croatia,Social security contributions (SSC),11.622
2015,Croatia,Social security contributions (SSC),11.4
2016,Croatia,Social security contributions (SSC),11.243
2017,Croatia,Social security contributions (SSC),11.223
2018,Croatia,Social security contributions (SSC),11.201
2019,Croatia,Social security contributions (SSC),11.078
2020,Croatia,Social security contributions (SSC),11.318
2021,Croatia,Social security contributions (SSC),10.914
2022,Croatia,Social security contributions (SSC),10.672
2000,Morocco,Social security contributions (SSC),2.234
2001,Morocco,Social security contributions (SSC),2.973
2002,Morocco,Social security contributions (SSC),3.009
2003,Morocco,Social security contributions (SSC),3.113
2004,Morocco,Social security contributions (SSC),3.268
2005,Morocco,Social security contributions (SSC),3.843
2006,Morocco,Social security contributions (SSC),4.34
2007,Morocco,Social security contributions (SSC),4.371
2008,Morocco,Social security contributions (SSC),4.219
2009,Morocco,Social security contributions (SSC),4.372
2010,Morocco,Social security contributions (SSC),4.466
2011,Morocco,Social security contributions (SSC),4.781
2012,Morocco,Social security contributions (SSC),4.98
2013,Morocco,Social security contributions (SSC),4.915
2014,Morocco,Social security contributions (SSC),4.99
2015,Morocco,Social security contributions (SSC),4.862
2016,Morocco,Social security contributions (SSC),5.117
2017,Morocco,Social security contributions (SSC),5.232
2018,Morocco,Social security contributions (SSC),5.45
2019,Morocco,Social security contributions (SSC),5.938
2020,Morocco,Social security contributions (SSC),6.766
2021,Morocco,Social security contributions (SSC),6.448
2022,Morocco,Social security contributions (SSC),6.734
1995,Romania,Social security contributions (SSC),7.663
1996,Romania,Social security contributions (SSC),7.253
1997,Romania,Social security contributions (SSC),6.967
1998,Romania,Social security contributions (SSC),9.231
1999,Romania,Social security contributions (SSC),11.019
2000,Romania,Social security contributions (SSC),11.1
2001,Romania,Social security contributions (SSC),11.003
2002,Romania,Social security contributions (SSC),10.715
2003,Romania,Social security contributions (SSC),9.771
2004,Romania,Social security contributions (SSC),9.32
2005,Romania,Social security contributions (SSC),9.727
2006,Romania,Social security contributions (SSC),9.817
2007,Romania,Social security contributions (SSC),9.593
2008,Romania,Social security contributions (SSC),9.005
2009,Romania,Social security contributions (SSC),8.961
2010,Romania,Social security contributions (SSC),8.468
2011,Romania,Social security contributions (SSC),8.65
2012,Romania,Social security contributions (SSC),8.36
2013,Romania,Social security contributions (SSC),8.678
2014,Romania,Social security contributions (SSC),8.518
2015,Romania,Social security contributions (SSC),8.084
2016,Romania,Social security contributions (SSC),8.144
2017,Romania,Social security contributions (SSC),8.506
2018,Romania,Social security contributions (SSC),10.472
2019,Romania,Social security contributions (SSC),10.453
2020,Romania,Social security contributions (SSC),10.987
2021,Romania,Social security contributions (SSC),10.428
2022,Romania,Social security contributions (SSC),10.082
1997,Senegal,Social security contributions (SSC),0.481
1998,Senegal,Social security contributions (SSC),0.483
1999,Senegal,Social security contributions (SSC),0.496
2000,Senegal,Social security contributions (SSC),0.52
2001,Senegal,Social security contributions (SSC),0.515
2002,Senegal,Social security contributions (SSC),0.558
2003,Senegal,Social security contributions (SSC),0.589
2004,Senegal,Social security contributions (SSC),0.623
2005,Senegal,Social security contributions (SSC),0.63
2006,Senegal,Social security contributions (SSC),0.661
2007,Senegal,Social security contributions (SSC),0.66
2008,Senegal,Social security contributions (SSC),0.691
2009,Senegal,Social security contributions (SSC),0.71
2010,Senegal,Social security contributions (SSC),0.915
2011,Senegal,Social security contributions (SSC),0.71
2012,Senegal,Social security contributions (SSC),1.058
2013,Senegal,Social security contributions (SSC),1.035
2014,Senegal,Social security contributions (SSC),1.068
2015,Senegal,Social security contributions (SSC),1.106
2016,Senegal,Social security contributions (SSC),1.136
2017,Senegal,Social security contributions (SSC),1.165
2018,Senegal,Social security contributions (SSC),1.168
2019,Senegal,Social security contributions (SSC),1.189
2020,Senegal,Social security contributions (SSC),1.092
2021,Senegal,Social security contributions (SSC),0.975
2022,Senegal,Social security contributions (SSC),0.923
2001,South Africa,Social security contributions (SSC),0.002
2002,South Africa,Social security contributions (SSC),0.214
2003,South Africa,Social security contributions (SSC),0.343
2004,South Africa,Social security contributions (SSC),0.353
2005,South Africa,Social security contributions (SSC),0.353
2006,South Africa,Social security contributions (SSC),0.373
2007,South Africa,Social security contributions (SSC),0.375
2008,South Africa,Social security contributions (SSC),0.383
2009,South Africa,Social security contributions (SSC),0.379
2010,South Africa,Social security contributions (SSC),0.364
2011,South Africa,Social security contributions (SSC),0.377
2012,South Africa,Social security contributions (SSC),0.395
2013,South Africa,Social security contributions (SSC),0.367
2014,South Africa,Social security contributions (SSC),0.377
2015,South Africa,Social security contributions (SSC),0.388
2016,South Africa,Social security contributions (SSC),0.374
2017,South Africa,Social security contributions (SSC),0.367
2018,South Africa,Social security contributions (SSC),0.355
2019,South Africa,Social security contributions (SSC),0.352
2020,South Africa,Social security contributions (SSC),0.34
2021,South Africa,Social security contributions (SSC),0.335
2022,South Africa,Social security contributions (SSC),0.347
2013,Bulgaria,Taxes on property,0.564
2014,Bulgaria,Taxes on property,0.575
2015,Bulgaria,Taxes on property,0.566
2016,Bulgaria,Taxes on property,0.594
2017,Bulgaria,Taxes on property,0.58
2018,Bulgaria,Taxes on property,0.563
2019,Bulgaria,Taxes on property,0.543
2020,Bulgaria,Taxes on property,0.559
2021,Bulgaria,Taxes on property,0.631
2022,Bulgaria,Taxes on property,0.549
2023,Bulgaria,Taxes on property,0.504
1990,Cabo Verde,Taxes on property,0.879
1991,Cabo Verde,Taxes on property,0.837
1992,Cabo Verde,Taxes on property,0.809
1993,Cabo Verde,Taxes on property,0.934
1994,Cabo Verde,Taxes on property,0.827
1995,Cabo Verde,Taxes on property,0.806
1996,Cabo Verde,Taxes on property,0.822
1997,Cabo Verde,Taxes on property,0.783
1998,Cabo Verde,Taxes on property,0.612
1999,Cabo Verde,Taxes on property,0.677
2000,Cabo Verde,Taxes on property,0.828
2001,Cabo Verde,Taxes on property,0.79
2002,Cabo Verde,Taxes on property,0.917
2003,Cabo Verde,Taxes on property,0.845
2004,Cabo Verde,Taxes on property,0.876
2005,Cabo Verde,Taxes on property,0.877
2006,Cabo Verde,Taxes on property,1.091
2007,Cabo Verde,Taxes on property,1.49
2008,Cabo Verde,Taxes on property,1.814
2009,Cabo Verde,Taxes on property,1.169
2010,Cabo Verde,Taxes on property,0.947
2011,Cabo Verde,Taxes on property,1.082
2012,Cabo Verde,Taxes on property,0.934
2013,Cabo Verde,Taxes on property,0.957
2014,Cabo Verde,Taxes on property,0.95
2015,Cabo Verde,Taxes on property,0.924
2016,Cabo Verde,Taxes on property,0.879
2017,Cabo Verde,Taxes on property,0.587
2018,Cabo Verde,Taxes on property,0.914
2019,Cabo Verde,Taxes on property,0.85
2020,Cabo Verde,Taxes on property,0.88
2021,Cabo Verde,Taxes on property,0.345
2022,Cabo Verde,Taxes on property,0.321
1993,Cameroon,Taxes on property,0.154
1994,Cameroon,Taxes on property,0.128
1995,Cameroon,Taxes on property,0.151
1996,Cameroon,Taxes on property,0.08
1997,Cameroon,Taxes on property,0.073
1998,Cameroon,Taxes on property,0.079
1999,Cameroon,Taxes on property,0.103
2000,Cameroon,Taxes on property,0.175
2001,Cameroon,Taxes on property,0.163
2002,Cameroon,Taxes on property,0.16
2003,Cameroon,Taxes on property,0.134
2004,Cameroon,Taxes on property,0.116
2005,Cameroon,Taxes on property,0.13
2006,Cameroon,Taxes on property,0.144
2007,Cameroon,Taxes on property,0.152
2008,Cameroon,Taxes on property,0.149
2009,Cameroon,Taxes on property,0.136
2010,Cameroon,Taxes on property,0.132
2011,Cameroon,Taxes on property,0.09
2012,Cameroon,Taxes on property,0.098
2013,Cameroon,Taxes on property,0.125
2014,Cameroon,Taxes on property,0.117
2015,Cameroon,Taxes on property,0.134
2016,Cameroon,Taxes on property,0.152
2017,Cameroon,Taxes on property,0.159
2018,Cameroon,Taxes on property,0.114
2019,Cameroon,Taxes on property,0.117
2020,Cameroon,Taxes on property,0.109
2021,Cameroon,Taxes on property,0.116
2022,Cameroon,Taxes on property,0.097
2007,China (People’s Republic of),Taxes on property,1.615
2008,China (People’s Republic of),Taxes on property,1.269
2009,China (People’s Republic of),Taxes on property,1.229
2010,China (People’s Republic of),Taxes on property,1.289
2011,China (People’s Republic of),Taxes on property,1.237
2012,China (People’s Republic of),Taxes on property,1.237
2013,China (People’s Republic of),Taxes on property,1.39
2014,China (People’s Republic of),Taxes on property,1.431
2015,China (People’s Republic of),Taxes on property,1.642
2016,China (People’s Republic of),Taxes on property,1.443
2017,China (People’s Republic of),Taxes on property,1.426
2018,China (People’s Republic of),Taxes on property,1.411
2019,China (People’s Republic of),Taxes on property,1.378
2020,China (People’s Republic of),Taxes on property,1.454
2021,China (People’s Republic of),Taxes on property,1.44
2022,China (People’s Republic of),Taxes on property,1.297
2023,China (People’s Republic of),Taxes on property,1.229
1995,Croatia,Taxes on property,0.711
1996,Croatia,Taxes on property,1.074
1997,Croatia,Taxes on property,1.156
1998,Croatia,Taxes on property,1.116
1999,Croatia,Taxes on property,1.105
2000,Croatia,Taxes on property,1.084
2001,Croatia,Taxes on property,1.115
2002,Croatia,Taxes on property,1.068
2003,Croatia,Taxes on property,1.007
2004,Croatia,Taxes on property,1.034
2005,Croatia,Taxes on property,1.053
2006,Croatia,Taxes on property,1.152
2007,Croatia,Taxes on property,1.254
2008,Croatia,Taxes on property,1.32
2009,Croatia,Taxes on property,1.247
2010,Croatia,Taxes on property,1.152
2011,Croatia,Taxes on property,1.242
2012,Croatia,Taxes on property,1.147
2013,Croatia,Taxes on property,1.165
2014,Croatia,Taxes on property,1.146
2015,Croatia,Taxes on property,1.12
2016,Croatia,Taxes on property,1.115
2017,Croatia,Taxes on property,1.094
2018,Croatia,Taxes on property,1.176
2019,Croatia,Taxes on property,1.154
2020,Croatia,Taxes on property,1.092
2021,Croatia,Taxes on property,1.094
2022,Croatia,Taxes on property,1.064
2000,Morocco,Taxes on property,1.21
2001,Morocco,Taxes on property,1.228
2002,Morocco,Taxes on property,1.295
2003,Morocco,Taxes on property,1.283
2004,Morocco,Taxes on property,1.291
2005,Morocco,Taxes on property,1.405
2006,Morocco,Taxes on property,1.426
2007,Morocco,Taxes on property,1.63
2008,Morocco,Taxes on property,1.538
2009,Morocco,Taxes on property,1.356
2010,Morocco,Taxes on property,1.496
2011,Morocco,Taxes on property,1.48
2012,Morocco,Taxes on property,1.684
2013,Morocco,Taxes on property,1.75
2014,Morocco,Taxes on property,1.79
2015,Morocco,Taxes on property,1.812
2016,Morocco,Taxes on property,1.844
2017,Morocco,Taxes on property,1.453
2018,Morocco,Taxes on property,1.395
2019,Morocco,Taxes on property,1.334
2020,Morocco,Taxes on property,1.167
2021,Morocco,Taxes on property,1.458
2022,Morocco,Taxes on property,1.492
1995,Romania,Taxes on property,0.603
1996,Romania,Taxes on property,0.249
1997,Romania,Taxes on property,0.193
1998,Romania,Taxes on property,0.184
1999,Romania,Taxes on property,0.445
2000,Romania,Taxes on property,0.484
2001,Romania,Taxes on property,0.565
2002,Romania,Taxes on property,0.524
2003,Romania,Taxes on property,0.558
2004,Romania,Taxes on property,0.52
2005,Romania,Taxes on property,0.556
2006,Romania,Taxes on property,0.67
2007,Romania,Taxes on property,0.885
2008,Romania,Taxes on property,0.742
2009,Romania,Taxes on property,0.691
2010,Romania,Taxes on property,0.755
2011,Romania,Taxes on property,0.717
2012,Romania,Taxes on property,0.689
2013,Romania,Taxes on property,0.736
2014,Romania,Taxes on property,0.966
2015,Romania,Taxes on property,0.86
2016,Romania,Taxes on property,0.837
2017,Romania,Taxes on property,0.628
2018,Romania,Taxes on property,0.551
2019,Romania,Taxes on property,0.53
2020,Romania,Taxes on property,0.525
2021,Romania,Taxes on property,0.547
2022,Romania,Taxes on property,0.489
1997,Senegal,Taxes on property,0.289
1998,Senegal,Taxes on property,0.23
1999,Senegal,Taxes on property,0.283
2000,Senegal,Taxes on property,0.262
2001,Senegal,Taxes on property,0.302
2002,Senegal,Taxes on property,0.315
2003,Senegal,Taxes on property,0.385
2004,Senegal,Taxes on property,0.376
2005,Senegal,Taxes on property,0.4
2006,Senegal,Taxes on property,0.399
2007,Senegal,Taxes on property,0.415
2008,Senegal,Taxes on property,0.428
2009,Senegal,Taxes on property,0.437
2010,Senegal,Taxes on property,0.49
2011,Senegal,Taxes on property,0.455
2012,Senegal,Taxes on property,0.413
2013,Senegal,Taxes on property,0.392
2014,Senegal,Taxes on property,0.405
2015,Senegal,Taxes on property,0.395
2016,Senegal,Taxes on property,0.461
2017,Senegal,Taxes on property,0.434
2018,Senegal,Taxes on property,0.437
2019,Senegal,Taxes on property,0.444
2020,Senegal,Taxes on property,0.444
2021,Senegal,Taxes on property,0.601
2022,Senegal,Taxes on property,0.451
2000,Singapore,Taxes on property,1.696
2001,Singapore,Taxes on property,1.422
2002,Singapore,Taxes on property,1.198
2003,Singapore,Taxes on property,1.291
2004,Singapore,Taxes on property,1.449
2005,Singapore,Taxes on property,1.319
2006,Singapore,Taxes on property,1.692
2007,Singapore,Taxes on property,2.253
2008,Singapore,Taxes on property,1.606
2009,Singapore,Taxes on property,1.48
2010,Singapore,Taxes on property,1.812
2011,Singapore,Taxes on property,1.988
2012,Singapore,Taxes on property,2.174
2013,Singapore,Taxes on property,2.09
2014,Singapore,Taxes on property,1.759
2015,Singapore,Taxes on property,1.693
2016,Singapore,Taxes on property,1.694
2017,Singapore,Taxes on property,1.945
2018,Singapore,Taxes on property,1.803
2019,Singapore,Taxes on property,1.747
2020,Singapore,Taxes on property,1.428
2021,Singapore,Taxes on property,1.854
2022,Singapore,Taxes on property,1.576
2023,Singapore,Taxes on property,1.701
1990,South Africa,Taxes on property,0.346
1991,South Africa,Taxes on property,0.306
1992,South Africa,Taxes on property,0.268
1993,South Africa,Taxes on property,0.288
1994,South Africa,Taxes on property,0.366
1995,South Africa,Taxes on property,0.342
1996,South Africa,Taxes on property,0.335
1997,South Africa,Taxes on property,0.333
1998,South Africa,Taxes on property,0.314
1999,South Africa,Taxes on property,0.401
2000,South Africa,Taxes on property,0.364
2001,South Africa,Taxes on property,0.378
2002,South Africa,Taxes on property,0.376
2003,South Africa,Taxes on property,0.587
2004,South Africa,Taxes on property,1.014
2005,South Africa,Taxes on property,1.281
2006,South Africa,Taxes on property,0.834
2007,South Africa,Taxes on property,1.308
2008,South Africa,Taxes on property,1.277
2009,South Africa,Taxes on property,1.279
2010,South Africa,Taxes on property,1.313
2011,South Africa,Taxes on property,1.27
2012,South Africa,Taxes on property,1.298
2013,South Africa,Taxes on property,1.33
2014,South Africa,Taxes on property,1.41
2015,South Africa,Taxes on property,1.337
2016,South Africa,Taxes on property,1.419
2017,South Africa,Taxes on property,1.576
2018,South Africa,Taxes on property,1.558
2019,South Africa,Taxes on property,1.641
2020,South Africa,Taxes on property,1.696
2021,South Africa,Taxes on property,1.081
2022,South Africa,Taxes on property,1.236
2013,Bulgaria,"Taxes on income, profits and capital gains of individuals and corporations",4.859
2014,Bulgaria,"Taxes on income, profits and capital gains of individuals and corporations",5.09
2015,Bulgaria,"Taxes on income, profits and capital gains of individuals and corporations",5.264
2016,Bulgaria,"Taxes on income, profits and capital gains of individuals and corporations",5.399
2017,Bulgaria,"Taxes on income, profits and capital gains of individuals and corporations",5.682
2018,Bulgaria,"Taxes on income, profits and capital gains of individuals and corporations",5.628
2019,Bulgaria,"Taxes on income, profits and capital gains of individuals and corporations",5.672
2020,Bulgaria,"Taxes on income, profits and capital gains of individuals and corporations",5.628
2021,Bulgaria,"Taxes on income, profits and capital gains of individuals and corporations",6.213
2022,Bulgaria,"Taxes on income, profits and capital gains of individuals and corporations",6.032
2023,Bulgaria,"Taxes on income, profits and capital gains of individuals and corporations",6.228
1990,Cabo Verde,"Taxes on income, profits and capital gains of individuals and corporations",3.655
1991,Cabo Verde,"Taxes on income, profits and capital gains of individuals and corporations",3.74
1992,Cabo Verde,"Taxes on income, profits and capital gains of individuals and corporations",4.165
1993,Cabo Verde,"Taxes on income, profits and capital gains of individuals and corporations",4.786
1994,Cabo Verde,"Taxes on income, profits and capital gains of individuals and corporations",5.156
1995,Cabo Verde,"Taxes on income, profits and capital gains of individuals and corporations",5.107
1996,Cabo Verde,"Taxes on income, profits and capital gains of individuals and corporations",5.07
1997,Cabo Verde,"Taxes on income, profits and capital gains of individuals and corporations",5.112
1998,Cabo Verde,"Taxes on income, profits and capital gains of individuals and corporations",5.096
1999,Cabo Verde,"Taxes on income, profits and capital gains of individuals and corporations",5.443
2000,Cabo Verde,"Taxes on income, profits and capital gains of individuals and corporations",5.547
2001,Cabo Verde,"Taxes on income, profits and capital gains of individuals and corporations",5.849
2002,Cabo Verde,"Taxes on income, profits and capital gains of individuals and corporations",6.917
2003,Cabo Verde,"Taxes on income, profits and capital gains of individuals and corporations",6.382
2004,Cabo Verde,"Taxes on income, profits and capital gains of individuals and corporations",6.448
2005,Cabo Verde,"Taxes on income, profits and capital gains of individuals and corporations",6.299
2006,Cabo Verde,"Taxes on income, profits and capital gains of individuals and corporations",7.264
2007,Cabo Verde,"Taxes on income, profits and capital gains of individuals and corporations",7.712
2008,Cabo Verde,"Taxes on income, profits and capital gains of individuals and corporations",7.688
2009,Cabo Verde,"Taxes on income, profits and capital gains of individuals and corporations",6.061
2010,Cabo Verde,"Taxes on income, profits and capital gains of individuals and corporations",5.193
2011,Cabo Verde,"Taxes on income, profits and capital gains of individuals and corporations",5.348
2012,Cabo Verde,"Taxes on income, profits and capital gains of individuals and corporations",5.217
2013,Cabo Verde,"Taxes on income, profits and capital gains of individuals and corporations",5.1
2014,Cabo Verde,"Taxes on income, profits and capital gains of individuals and corporations",4.569
2015,Cabo Verde,"Taxes on income, profits and capital gains of individuals and corporations",5.56
2016,Cabo Verde,"Taxes on income, profits and capital gains of individuals and corporations",5.45
2017,Cabo Verde,"Taxes on income, profits and capital gains of individuals and corporations",5.782
2018,Cabo Verde,"Taxes on income, profits and capital gains of individuals and corporations",5.971
2019,Cabo Verde,"Taxes on income, profits and capital gains of individuals and corporations",5.776
2020,Cabo Verde,"Taxes on income, profits and capital gains of individuals and corporations",5.65
2021,Cabo Verde,"Taxes on income, profits and capital gains of individuals and corporations",4.94
2022,Cabo Verde,"Taxes on income, profits and capital gains of individuals and corporations",4.347
1993,Cameroon,"Taxes on income, profits and capital gains of individuals and corporations",2.088
1994,Cameroon,"Taxes on income, profits and capital gains of individuals and corporations",1.892
1995,Cameroon,"Taxes on income, profits and capital gains of individuals and corporations",2.207
1996,Cameroon,"Taxes on income, profits and capital gains of individuals and corporations",2.201
1997,Cameroon,"Taxes on income, profits and capital gains of individuals and corporations",2.279
1998,Cameroon,"Taxes on income, profits and capital gains of individuals and corporations",2.886
1999,Cameroon,"Taxes on income, profits and capital gains of individuals and corporations",2.496
2000,Cameroon,"Taxes on income, profits and capital gains of individuals and corporations",3.04
2001,Cameroon,"Taxes on income, profits and capital gains of individuals and corporations",3.678
2002,Cameroon,"Taxes on income, profits and capital gains of individuals and corporations",3.697
2003,Cameroon,"Taxes on income, profits and capital gains of individuals and corporations",2.979
2004,Cameroon,"Taxes on income, profits and capital gains of individuals and corporations",2.741
2005,Cameroon,"Taxes on income, profits and capital gains of individuals and corporations",3.167
2006,Cameroon,"Taxes on income, profits and capital gains of individuals and corporations",3.28
2007,Cameroon,"Taxes on income, profits and capital gains of individuals and corporations",3.685
2008,Cameroon,"Taxes on income, profits and capital gains of individuals and corporations",3.599
2009,Cameroon,"Taxes on income, profits and capital gains of individuals and corporations",3.979
2010,Cameroon,"Taxes on income, profits and capital gains of individuals and corporations",3.128
2011,Cameroon,"Taxes on income, profits and capital gains of individuals and corporations",3.503
2012,Cameroon,"Taxes on income, profits and capital gains of individuals and corporations",4.14
2013,Cameroon,"Taxes on income, profits and capital gains of individuals and corporations",4.162
2014,Cameroon,"Taxes on income, profits and capital gains of individuals and corporations",4.364
2015,Cameroon,"Taxes on income, profits and capital gains of individuals and corporations",4.557
2016,Cameroon,"Taxes on income, profits and capital gains of individuals and corporations",3.848
2017,Cameroon,"Taxes on income, profits and capital gains of individuals and corporations",3.538
2018,Cameroon,"Taxes on income, profits and capital gains of individuals and corporations",3.821
2019,Cameroon,"Taxes on income, profits and capital gains of individuals and corporations",3.795
2020,Cameroon,"Taxes on income, profits and capital gains of individuals and corporations",3.677
2021,Cameroon,"Taxes on income, profits and capital gains of individuals and corporations",3.645
2022,Cameroon,"Taxes on income, profits and capital gains of individuals and corporations",4.24
2007,China (People’s Republic of),"Taxes on income, profits and capital gains of individuals and corporations",4.511
2008,China (People’s Republic of),"Taxes on income, profits and capital gains of individuals and corporations",4.759
2009,China (People’s Republic of),"Taxes on income, profits and capital gains of individuals and corporations",4.571
2010,China (People’s Republic of),"Taxes on income, profits and capital gains of individuals and corporations",4.522
2011,China (People’s Republic of),"Taxes on income, profits and capital gains of individuals and corporations",5.02
2012,China (People’s Republic of),"Taxes on income, profits and capital gains of individuals and corporations",5.149
2013,China (People’s Republic of),"Taxes on income, profits and capital gains of individuals and corporations",5.343
2014,China (People’s Republic of),"Taxes on income, profits and capital gains of individuals and corporations",5.479
2015,China (People’s Republic of),"Taxes on income, profits and capital gains of individuals and corporations",5.635
2016,China (People’s Republic of),"Taxes on income, profits and capital gains of individuals and corporations",5.669
2017,China (People’s Republic of),"Taxes on income, profits and capital gains of individuals and corporations",5.782
2018,China (People’s Republic of),"Taxes on income, profits and capital gains of individuals and corporations",5.859
2019,China (People’s Republic of),"Taxes on income, profits and capital gains of individuals and corporations",5.384
2020,China (People’s Republic of),"Taxes on income, profits and capital gains of individuals and corporations",5.263
2021,China (People’s Republic of),"Taxes on income, profits and capital gains of individuals and corporations",5.361
2022,China (People’s Republic of),"Taxes on income, profits and capital gains of individuals and corporations",5.265
2023,China (People’s Republic of),"Taxes on income, profits and capital gains of individuals and corporations",4.726
1995,Croatia,"Taxes on income, profits and capital gains of individuals and corporations",6.024
1996,Croatia,"Taxes on income, profits and capital gains of individuals and corporations",6.659
1997,Croatia,"Taxes on income, profits and capital gains of individuals and corporations",6.226
1998,Croatia,"Taxes on income, profits and capital gains of individuals and corporations",7.039
1999,Croatia,"Taxes on income, profits and capital gains of individuals and corporations",6.472
2000,Croatia,"Taxes on income, profits and capital gains of individuals and corporations",5.468
2001,Croatia,"Taxes on income, profits and capital gains of individuals and corporations",5.106
2002,Croatia,"Taxes on income, profits and capital gains of individuals and corporations",5.569
2003,Croatia,"Taxes on income, profits and capital gains of individuals and corporations",5.509
2004,Croatia,"Taxes on income, profits and capital gains of individuals and corporations",5.464
2005,Croatia,"Taxes on income, profits and capital gains of individuals and corporations",5.665
2006,Croatia,"Taxes on income, profits and capital gains of individuals and corporations",6.283
2007,Croatia,"Taxes on income, profits and capital gains of individuals and corporations",6.794
2008,Croatia,"Taxes on income, profits and capital gains of individuals and corporations",6.618
2009,Croatia,"Taxes on income, profits and capital gains of individuals and corporations",6.599
2010,Croatia,"Taxes on income, profits and capital gains of individuals and corporations",5.87
2011,Croatia,"Taxes on income, profits and capital gains of individuals and corporations",5.629
2012,Croatia,"Taxes on income, profits and capital gains of individuals and corporations",5.54
2013,Croatia,"Taxes on income, profits and capital gains of individuals and corporations",5.884
2014,Croatia,"Taxes on income, profits and capital gains of individuals and corporations",5.548
2015,Croatia,"Taxes on income, profits and capital gains of individuals and corporations",5.401
2016,Croatia,"Taxes on income, profits and capital gains of individuals and corporations",5.814
2017,Croatia,"Taxes on income, profits and capital gains of individuals and corporations",5.577
2018,Croatia,"Taxes on income, profits and capital gains of individuals and corporations",5.766
2019,Croatia,"Taxes on income, profits and capital gains of individuals and corporations",5.925
2020,Croatia,"Taxes on income, profits and capital gains of individuals and corporations",5.895
2021,Croatia,"Taxes on income, profits and capital gains of individuals and corporations",5.193
2022,Croatia,"Taxes on income, profits and capital gains of individuals and corporations",6.475
2000,Morocco,"Taxes on income, profits and capital gains of individuals and corporations",5.294
2001,Morocco,"Taxes on income, profits and capital gains of individuals and corporations",5.63
2002,Morocco,"Taxes on income, profits and capital gains of individuals and corporations",5.765
2003,Morocco,"Taxes on income, profits and capital gains of individuals and corporations",6.051
2004,Morocco,"Taxes on income, profits and capital gains of individuals and corporations",6.265
2005,Morocco,"Taxes on income, profits and capital gains of individuals and corporations",7.125
2006,Morocco,"Taxes on income, profits and capital gains of individuals and corporations",7.551
2007,Morocco,"Taxes on income, profits and capital gains of individuals and corporations",8.35
2008,Morocco,"Taxes on income, profits and capital gains of individuals and corporations",10.337
2009,Morocco,"Taxes on income, profits and capital gains of individuals and corporations",8.613
2010,Morocco,"Taxes on income, profits and capital gains of individuals and corporations",7.378
2011,Morocco,"Taxes on income, profits and capital gains of individuals and corporations",7.783
2012,Morocco,"Taxes on income, profits and capital gains of individuals and corporations",8.426
2013,Morocco,"Taxes on income, profits and capital gains of individuals and corporations",7.784
2014,Morocco,"Taxes on income, profits and capital gains of individuals and corporations",7.623
2015,Morocco,"Taxes on income, profits and capital gains of individuals and corporations",7.323
2016,Morocco,"Taxes on income, profits and capital gains of individuals and corporations",7.687
2017,Morocco,"Taxes on income, profits and capital gains of individuals and corporations",8.04
2018,Morocco,"Taxes on income, profits and capital gains of individuals and corporations",8.034
2019,Morocco,"Taxes on income, profits and capital gains of individuals and corporations",7.927
2020,Morocco,"Taxes on income, profits and capital gains of individuals and corporations",8.28
2021,Morocco,"Taxes on income, profits and capital gains of individuals and corporations",7.709
2022,Morocco,"Taxes on income, profits and capital gains of individuals and corporations",9.216
1995,Romania,"Taxes on income, profits and capital gains of individuals and corporations",10.636
1996,Romania,"Taxes on income, profits and capital gains of individuals and corporations",9.829
1997,Romania,"Taxes on income, profits and capital gains of individuals and corporations",9.51
1998,Romania,"Taxes on income, profits and capital gains of individuals and corporations",8.305
1999,Romania,"Taxes on income, profits and capital gains of individuals and corporations",7.351
2000,Romania,"Taxes on income, profits and capital gains of individuals and corporations",6.698
2001,Romania,"Taxes on income, profits and capital gains of individuals and corporations",5.865
2002,Romania,"Taxes on income, profits and capital gains of individuals and corporations",5.363
2003,Romania,"Taxes on income, profits and capital gains of individuals and corporations",5.845
2004,Romania,"Taxes on income, profits and capital gains of individuals and corporations",6.209
2005,Romania,"Taxes on income, profits and capital gains of individuals and corporations",5.09
2006,Romania,"Taxes on income, profits and capital gains of individuals and corporations",5.76
2007,Romania,"Taxes on income, profits and capital gains of individuals and corporations",6.222
2008,Romania,"Taxes on income, profits and capital gains of individuals and corporations",6.137
2009,Romania,"Taxes on income, profits and capital gains of individuals and corporations",5.665
2010,Romania,"Taxes on income, profits and capital gains of individuals and corporations",5.329
2011,Romania,"Taxes on income, profits and capital gains of individuals and corporations",5.462
2012,Romania,"Taxes on income, profits and capital gains of individuals and corporations",5.158
2013,Romania,"Taxes on income, profits and capital gains of individuals and corporations",5.527
2014,Romania,"Taxes on income, profits and capital gains of individuals and corporations",5.77
2015,Romania,"Taxes on income, profits and capital gains of individuals and corporations",6.189
2016,Romania,"Taxes on income, profits and capital gains of individuals and corporations",6.124
2017,Romania,"Taxes on income, profits and capital gains of individuals and corporations",5.761
2018,Romania,"Taxes on income, profits and capital gains of individuals and corporations",4.545
2019,Romania,"Taxes on income, profits and capital gains of individuals and corporations",4.521
2020,Romania,"Taxes on income, profits and capital gains of individuals and corporations",4.384
2021,Romania,"Taxes on income, profits and capital gains of individuals and corporations",4.795
2022,Romania,"Taxes on income, profits and capital gains of individuals and corporations",5.901
1997,Senegal,"Taxes on income, profits and capital gains of individuals and corporations",2.555
1998,Senegal,"Taxes on income, profits and capital gains of individuals and corporations",2.665
1999,Senegal,"Taxes on income, profits and capital gains of individuals and corporations",2.472
2000,Senegal,"Taxes on income, profits and capital gains of individuals and corporations",2.898
2001,Senegal,"Taxes on income, profits and capital gains of individuals and corporations",2.589
2002,Senegal,"Taxes on income, profits and capital gains of individuals and corporations",2.866
2003,Senegal,"Taxes on income, profits and capital gains of individuals and corporations",2.979
2004,Senegal,"Taxes on income, profits and capital gains of individuals and corporations",3.2
2005,Senegal,"Taxes on income, profits and capital gains of individuals and corporations",3.528
2006,Senegal,"Taxes on income, profits and capital gains of individuals and corporations",3.428
2007,Senegal,"Taxes on income, profits and capital gains of individuals and corporations",3.313
2008,Senegal,"Taxes on income, profits and capital gains of individuals and corporations",3.499
2009,Senegal,"Taxes on income, profits and capital gains of individuals and corporations",3.623
2010,Senegal,"Taxes on income, profits and capital gains of individuals and corporations",4.114
2011,Senegal,"Taxes on income, profits and capital gains of individuals and corporations",3.969
2012,Senegal,"Taxes on income, profits and capital gains of individuals and corporations",4.259
2013,Senegal,"Taxes on income, profits and capital gains of individuals and corporations",4.0
2014,Senegal,"Taxes on income, profits and capital gains of individuals and corporations",4.077
2015,Senegal,"Taxes on income, profits and capital gains of individuals and corporations",4.145
2016,Senegal,"Taxes on income, profits and capital gains of individuals and corporations",4.578
2017,Senegal,"Taxes on income, profits and capital gains of individuals and corporations",4.458
2018,Senegal,"Taxes on income, profits and capital gains of individuals and corporations",4.699
2019,Senegal,"Taxes on income, profits and capital gains of individuals and corporations",5.182
2020,Senegal,"Taxes on income, profits and capital gains of individuals and corporations",5.086
2021,Senegal,"Taxes on income, profits and capital gains of individuals and corporations",5.11
2022,Senegal,"Taxes on income, profits and capital gains of individuals and corporations",5.857
2000,Singapore,"Taxes on income, profits and capital gains of individuals and corporations",8.019
2001,Singapore,"Taxes on income, profits and capital gains of individuals and corporations",8.27
2002,Singapore,"Taxes on income, profits and capital gains of individuals and corporations",6.873
2003,Singapore,"Taxes on income, profits and capital gains of individuals and corporations",5.882
2004,Singapore,"Taxes on income, profits and capital gains of individuals and corporations",5.783
2005,Singapore,"Taxes on income, profits and capital gains of individuals and corporations",5.923
2006,Singapore,"Taxes on income, profits and capital gains of individuals and corporations",5.795
2007,Singapore,"Taxes on income, profits and capital gains of individuals and corporations",5.982
2008,Singapore,"Taxes on income, profits and capital gains of individuals and corporations",7.143
2009,Singapore,"Taxes on income, profits and capital gains of individuals and corporations",5.825
2010,Singapore,"Taxes on income, profits and capital gains of individuals and corporations",5.568
2011,Singapore,"Taxes on income, profits and capital gains of individuals and corporations",5.78
2012,Singapore,"Taxes on income, profits and capital gains of individuals and corporations",6.033
2013,Singapore,"Taxes on income, profits and capital gains of individuals and corporations",5.68
2014,Singapore,"Taxes on income, profits and capital gains of individuals and corporations",5.909
2015,Singapore,"Taxes on income, profits and capital gains of individuals and corporations",5.833
2016,Singapore,"Taxes on income, profits and capital gains of individuals and corporations",5.851
2017,Singapore,"Taxes on income, profits and capital gains of individuals and corporations",6.675
2018,Singapore,"Taxes on income, profits and capital gains of individuals and corporations",6.002
2019,Singapore,"Taxes on income, profits and capital gains of individuals and corporations",6.341
2020,Singapore,"Taxes on income, profits and capital gains of individuals and corporations",6.711
2021,Singapore,"Taxes on income, profits and capital gains of individuals and corporations",6.021
2022,Singapore,"Taxes on income, profits and capital gains of individuals and corporations",6.014
2023,Singapore,"Taxes on income, profits and capital gains of individuals and corporations",7.161
1990,South Africa,"Taxes on income, profits and capital gains of individuals and corporations",12.231
1991,South Africa,"Taxes on income, profits and capital gains of individuals and corporations",11.592
1992,South Africa,"Taxes on income, profits and capital gains of individuals and corporations",10.951
1993,South Africa,"Taxes on income, profits and capital gains of individuals and corporations",10.368
1994,South Africa,"Taxes on income, profits and capital gains of individuals and corporations",10.525
1995,South Africa,"Taxes on income, profits and capital gains of individuals and corporations",10.526
1996,South Africa,"Taxes on income, profits and capital gains of individuals and corporations",11.255
1997,South Africa,"Taxes on income, profits and capital gains of individuals and corporations",11.529
1998,South Africa,"Taxes on income, profits and capital gains of individuals and corporations",12.35
1999,South Africa,"Taxes on income, profits and capital gains of individuals and corporations",12.216
2000,South Africa,"Taxes on income, profits and capital gains of individuals and corporations",11.393
2001,South Africa,"Taxes on income, profits and capital gains of individuals and corporations",12.569
2002,South Africa,"Taxes on income, profits and capital gains of individuals and corporations",11.795
2003,South Africa,"Taxes on income, profits and capital gains of individuals and corporations",11.251
2004,South Africa,"Taxes on income, profits and capital gains of individuals and corporations",11.073
2005,South Africa,"Taxes on income, profits and capital gains of individuals and corporations",11.987
2006,South Africa,"Taxes on income, profits and capital gains of individuals and corporations",12.738
2007,South Africa,"Taxes on income, profits and capital gains of individuals and corporations",13.545
2008,South Africa,"Taxes on income, profits and capital gains of individuals and corporations",14.199
2009,South Africa,"Taxes on income, profits and capital gains of individuals and corporations",12.803
2010,South Africa,"Taxes on income, profits and capital gains of individuals and corporations",12.047
2011,South Africa,"Taxes on income, profits and capital gains of individuals and corporations",12.387
2012,South Africa,"Taxes on income, profits and capital gains of individuals and corporations",12.56
2013,South Africa,"Taxes on income, profits and capital gains of individuals and corporations",12.674
2014,South Africa,"Taxes on income, profits and capital gains of individuals and corporations",13.141
2015,South Africa,"Taxes on income, profits and capital gains of individuals and corporations",13.683
2016,South Africa,"Taxes on income, profits and capital gains of individuals and corporations",13.433
2017,South Africa,"Taxes on income, profits and capital gains of individuals and corporations",13.704
2018,South Africa,"Taxes on income, profits and capital gains of individuals and corporations",13.657
2019,South Africa,"Taxes on income, profits and capital gains of individuals and corporations",13.583
2020,South Africa,"Taxes on income, profits and capital gains of individuals and corporations",12.768
2021,South Africa,"Taxes on income, profits and capital gains of individuals and corporations",14.185
2022,South Africa,"Taxes on income, profits and capital gains of individuals and corporations",14.549
2013,Bulgaria,Total tax revenue,28.132
2014,Bulgaria,Total tax revenue,28.399
2015,Bulgaria,Total tax revenue,28.863
2016,Bulgaria,Total tax revenue,29.184
2017,Bulgaria,Total tax revenue,29.841
2018,Bulgaria,Total tax revenue,29.72
2019,Bulgaria,Total tax revenue,30.464
2020,Bulgaria,Total tax revenue,30.348
2021,Bulgaria,Total tax revenue,30.667
2022,Bulgaria,Total tax revenue,31.059
2023,Bulgaria,Total tax revenue,29.924
1990,Cabo Verde,Total tax revenue,10.451
1991,Cabo Verde,Total tax revenue,12.316
1992,Cabo Verde,Total tax revenue,14.136
1993,Cabo Verde,Total tax revenue,14.739
1994,Cabo Verde,Total tax revenue,14.918
1995,Cabo Verde,Total tax revenue,15.261
1996,Cabo Verde,Total tax revenue,14.967
1997,Cabo Verde,Total tax revenue,14.567
1998,Cabo Verde,Total tax revenue,14.852
1999,Cabo Verde,Total tax revenue,15.286
2000,Cabo Verde,Total tax revenue,15.558
2001,Cabo Verde,Total tax revenue,16.937
2002,Cabo Verde,Total tax revenue,19.273
2003,Cabo Verde,Total tax revenue,19.091
2004,Cabo Verde,Total tax revenue,20.291
2005,Cabo Verde,Total tax revenue,20.394
2006,Cabo Verde,Total tax revenue,23.807
2007,Cabo Verde,Total tax revenue,25.569
2008,Cabo Verde,Total tax revenue,26.262
2009,Cabo Verde,Total tax revenue,19.259
2010,Cabo Verde,Total tax revenue,17.301
2011,Cabo Verde,Total tax revenue,18.402
2012,Cabo Verde,Total tax revenue,16.645
2013,Cabo Verde,Total tax revenue,16.759
2014,Cabo Verde,Total tax revenue,15.943
2015,Cabo Verde,Total tax revenue,17.648
2016,Cabo Verde,Total tax revenue,17.465
2017,Cabo Verde,Total tax revenue,18.205
2018,Cabo Verde,Total tax revenue,19.583
2019,Cabo Verde,Total tax revenue,18.694
2020,Cabo Verde,Total tax revenue,18.736
2021,Cabo Verde,Total tax revenue,17.788
2022,Cabo Verde,Total tax revenue,18.257
1993,Cameroon,Total tax revenue,7.238
1994,Cameroon,Total tax revenue,7.409
1995,Cameroon,Total tax revenue,9.213
1996,Cameroon,Total tax revenue,9.31
1997,Cameroon,Total tax revenue,9.481
1998,Cameroon,Total tax revenue,10.131
1999,Cameroon,Total tax revenue,9.975
2000,Cameroon,Total tax revenue,10.8
2001,Cameroon,Total tax revenue,11.929
2002,Cameroon,Total tax revenue,11.02
2003,Cameroon,Total tax revenue,11.203
2004,Cameroon,Total tax revenue,10.461
2005,Cameroon,Total tax revenue,11.036
2006,Cameroon,Total tax revenue,11.494
2007,Cameroon,Total tax revenue,12.021
2008,Cameroon,Total tax revenue,11.988
2009,Cameroon,Total tax revenue,12.266
2010,Cameroon,Total tax revenue,11.548
2011,Cameroon,Total tax revenue,12.478
2012,Cameroon,Total tax revenue,12.985
2013,Cameroon,Total tax revenue,13.559
2014,Cameroon,Total tax revenue,13.837
2015,Cameroon,Total tax revenue,14.115
2016,Cameroon,Total tax revenue,13.693
2017,Cameroon,Total tax revenue,14.003
2018,Cameroon,Total tax revenue,14.171
2019,Cameroon,Total tax revenue,13.863
2020,Cameroon,Total tax revenue,12.833
2021,Cameroon,Total tax revenue,13.337
2022,Cameroon,Total tax revenue,14.041
2007,China (People’s Republic of),Total tax revenue,16.639
2008,China (People’s Republic of),Total tax revenue,16.718
2009,China (People’s Republic of),Total tax revenue,16.788
2010,China (People’s Republic of),Total tax revenue,17.462
2011,China (People’s Republic of),Total tax revenue,18.102
2012,China (People’s Republic of),Total tax revenue,18.376
2013,China (People’s Republic of),Total tax revenue,18.31
2014,China (People’s Republic of),Total tax revenue,18.173
2015,China (People’s Republic of),Total tax revenue,17.782
2016,China (People’s Republic of),Total tax revenue,17.125
2017,China (People’s Republic of),Total tax revenue,17.037
2018,China (People’s Republic of),Total tax revenue,16.71
2019,China (People’s Republic of),Total tax revenue,21.664
2020,China (People’s Republic of),Total tax revenue,19.664
2021,China (People’s Republic of),Total tax revenue,20.599
2022,China (People’s Republic of),Total tax revenue,19.574
2023,China (People’s Republic of),Total tax revenue,20.436
1995,Croatia,Total tax revenue,41.914
1996,Croatia,Total tax revenue,42.422
1997,Croatia,Total tax revenue,40.953
1998,Croatia,Total tax revenue,42.004
1999,Croatia,Total tax revenue,40.81
2000,Croatia,Total tax revenue,39.576
2001,Croatia,Total tax revenue,38.274
2002,Croatia,Total tax revenue,37.978
2003,Croatia,Total tax revenue,37.376
2004,Croatia,Total tax revenue,36.648
2005,Croatia,Total tax revenue,36.541
2006,Croatia,Total tax revenue,37.295
2007,Croatia,Total tax revenue,37.771
2008,Croatia,Total tax revenue,37.618
2009,Croatia,Total tax revenue,36.877
2010,Croatia,Total tax revenue,36.338
2011,Croatia,Total tax revenue,35.793
2012,Croatia,Total tax revenue,36.322
2013,Croatia,Total tax revenue,36.876
2014,Croatia,Total tax revenue,37.182
2015,Croatia,Total tax revenue,37.554
2016,Croatia,Total tax revenue,37.931
2017,Croatia,Total tax revenue,37.789
2018,Croatia,Total tax revenue,38.299
2019,Croatia,Total tax revenue,38.438
2020,Croatia,Total tax revenue,37.567
2021,Croatia,Total tax revenue,36.739
2022,Croatia,Total tax revenue,37.223
2000,Morocco,Total tax revenue,20.343
2001,Morocco,Total tax revenue,20.992
2002,Morocco,Total tax revenue,21.014
2003,Morocco,Total tax revenue,20.703
2004,Morocco,Total tax revenue,21.008
2005,Morocco,Total tax revenue,22.979
2006,Morocco,Total tax revenue,24.179
2007,Morocco,Total tax revenue,26.389
2008,Morocco,Total tax revenue,28.693
2009,Morocco,Total tax revenue,25.599
2010,Morocco,Total tax revenue,25.528
2011,Morocco,Total tax revenue,26.227
2012,Morocco,Total tax revenue,27.262
2013,Morocco,Total tax revenue,25.961
2014,Morocco,Total tax revenue,25.655
2015,Morocco,Total tax revenue,24.586
2016,Morocco,Total tax revenue,25.444
2017,Morocco,Total tax revenue,25.867
2018,Morocco,Total tax revenue,26.205
2019,Morocco,Total tax revenue,26.402
2020,Morocco,Total tax revenue,27.275
2021,Morocco,Total tax revenue,27.253
2022,Morocco,Total tax revenue,29.917
1995,Romania,Total tax revenue,27.611
1996,Romania,Total tax revenue,25.862
1997,Romania,Total tax revenue,26.406
1998,Romania,Total tax revenue,28.798
1999,Romania,Total tax revenue,30.835
2000,Romania,Total tax revenue,30.069
2001,Romania,Total tax revenue,28.587
2002,Romania,Total tax revenue,27.925
2003,Romania,Total tax revenue,28.342
2004,Romania,Total tax revenue,27.473
2005,Romania,Total tax revenue,27.922
2006,Romania,Total tax revenue,28.574
2007,Romania,Total tax revenue,28.318
2008,Romania,Total tax revenue,26.74
2009,Romania,Total tax revenue,25.174
2010,Romania,Total tax revenue,25.758
2011,Romania,Total tax revenue,26.91
2012,Romania,Total tax revenue,26.52
2013,Romania,Total tax revenue,27.461
2014,Romania,Total tax revenue,27.463
2015,Romania,Total tax revenue,27.997
2016,Romania,Total tax revenue,26.251
2017,Romania,Total tax revenue,25.052
2018,Romania,Total tax revenue,25.729
2019,Romania,Total tax revenue,25.838
2020,Romania,Total tax revenue,25.979
2021,Romania,Total tax revenue,26.252
2022,Romania,Total tax revenue,27.089
1997,Senegal,Total tax revenue,12.192
1998,Senegal,Total tax revenue,12.143
1999,Senegal,Total tax revenue,12.599
2000,Senegal,Total tax revenue,13.096
2001,Senegal,Total tax revenue,12.617
2002,Senegal,Total tax revenue,13.5
2003,Senegal,Total tax revenue,13.902
2004,Senegal,Total tax revenue,14.52
2005,Senegal,Total tax revenue,15.285
2006,Senegal,Total tax revenue,15.746
2007,Senegal,Total tax revenue,16.209
2008,Senegal,Total tax revenue,15.154
2009,Senegal,Total tax revenue,14.993
2010,Senegal,Total tax revenue,15.894
2011,Senegal,Total tax revenue,16.042
2012,Senegal,Total tax revenue,16.133
2013,Senegal,Total tax revenue,15.405
2014,Senegal,Total tax revenue,16.234
2015,Senegal,Total tax revenue,16.397
2016,Senegal,Total tax revenue,17.019
2017,Senegal,Total tax revenue,16.73
2018,Senegal,Total tax revenue,17.288
2019,Senegal,Total tax revenue,18.714
2020,Senegal,Total tax revenue,18.523
2021,Senegal,Total tax revenue,18.737
2022,Senegal,Total tax revenue,19.785
2000,Singapore,Total tax revenue,15.179
2001,Singapore,Total tax revenue,15.11
2002,Singapore,Total tax revenue,12.855
2003,Singapore,Total tax revenue,12.313
2004,Singapore,Total tax revenue,12.001
2005,Singapore,Total tax revenue,11.782
2006,Singapore,Total tax revenue,11.818
2007,Singapore,Total tax revenue,13.184
2008,Singapore,Total tax revenue,13.966
2009,Singapore,Total tax revenue,12.392
2010,Singapore,Total tax revenue,12.469
2011,Singapore,Total tax revenue,12.942
2012,Singapore,Total tax revenue,13.491
2013,Singapore,Total tax revenue,13.176
2014,Singapore,Total tax revenue,13.357
2015,Singapore,Total tax revenue,13.04
2016,Singapore,Total tax revenue,13.021
2017,Singapore,Total tax revenue,13.815
2018,Singapore,Total tax revenue,12.892
2019,Singapore,Total tax revenue,13.185
2020,Singapore,Total tax revenue,12.488
2021,Singapore,Total tax revenue,12.122
2022,Singapore,Total tax revenue,11.8
2023,Singapore,Total tax revenue,13.665
1990,South Africa,Total tax revenue,21.88
1991,South Africa,Total tax revenue,20.659
1992,South Africa,Total tax revenue,19.405
1993,South Africa,Total tax revenue,19.387
1994,South Africa,Total tax revenue,19.789
1995,South Africa,Total tax revenue,19.573
1996,South Africa,Total tax revenue,20.119
1997,South Africa,Total tax revenue,20.363
1998,South Africa,Total tax revenue,21.178
1999,South Africa,Total tax revenue,21.149
2000,South Africa,Total tax revenue,20.089
2001,South Africa,Total tax revenue,21.24
2002,South Africa,Total tax revenue,20.685
2003,South Africa,Total tax revenue,20.219
2004,South Africa,Total tax revenue,21.215
2005,South Africa,Total tax revenue,22.799
2006,South Africa,Total tax revenue,23.966
2007,South Africa,Total tax revenue,25.279
2008,South Africa,Total tax revenue,25.263
2009,South Africa,Total tax revenue,23.202
2010,South Africa,Total tax revenue,23.122
2011,South Africa,Total tax revenue,23.982
2012,South Africa,Total tax revenue,24.409
2013,South Africa,Total tax revenue,24.764
2014,South Africa,Total tax revenue,25.42
2015,South Africa,Total tax revenue,26.41
2016,South Africa,Total tax revenue,26.008
2017,South Africa,Total tax revenue,26.03
2018,South Africa,Total tax revenue,26.46
2019,South Africa,Total tax revenue,26.116
2020,South Africa,Total tax revenue,25.11
2021,South Africa,Total tax revenue,26.297
2022,South Africa,Total tax revenue,27.067
2013,Bulgaria,Taxes on goods and services,15.255
2014,Bulgaria,Taxes on goods and services,14.893
2015,Bulgaria,Taxes on goods and services,15.247
2016,Bulgaria,Taxes on goods and services,15.432
2017,Bulgaria,Taxes on goods and services,15.313
2018,Bulgaria,Taxes on goods and services,14.83
2019,Bulgaria,Taxes on goods and services,15.383
2020,Bulgaria,Taxes on goods and services,15.051
2021,Bulgaria,Taxes on goods and services,14.979
2022,Bulgaria,Taxes on goods and services,14.13
2023,Bulgaria,Taxes on goods and services,14.159
1990,Cabo Verde,Taxes on goods and services,5.917
1991,Cabo Verde,Taxes on goods and services,7.739
1992,Cabo Verde,Taxes on goods and services,9.162
1993,Cabo Verde,Taxes on goods and services,9.019
1994,Cabo Verde,Taxes on goods and services,8.935
1995,Cabo Verde,Taxes on goods and services,9.349
1996,Cabo Verde,Taxes on goods and services,9.075
1997,Cabo Verde,Taxes on goods and services,8.671
1998,Cabo Verde,Taxes on goods and services,9.144
1999,Cabo Verde,Taxes on goods and services,9.166
2000,Cabo Verde,Taxes on goods and services,8.376
2001,Cabo Verde,Taxes on goods and services,9.823
2002,Cabo Verde,Taxes on goods and services,11.036
2003,Cabo Verde,Taxes on goods and services,11.309
2004,Cabo Verde,Taxes on goods and services,12.401
2005,Cabo Verde,Taxes on goods and services,12.64
2006,Cabo Verde,Taxes on goods and services,14.93
2007,Cabo Verde,Taxes on goods and services,16.28
2008,Cabo Verde,Taxes on goods and services,16.714
2009,Cabo Verde,Taxes on goods and services,11.994
2010,Cabo Verde,Taxes on goods and services,11.132
2011,Cabo Verde,Taxes on goods and services,11.95
2012,Cabo Verde,Taxes on goods and services,10.468
2013,Cabo Verde,Taxes on goods and services,10.676
2014,Cabo Verde,Taxes on goods and services,10.391
2015,Cabo Verde,Taxes on goods and services,11.138
2016,Cabo Verde,Taxes on goods and services,11.105
2017,Cabo Verde,Taxes on goods and services,11.805
2018,Cabo Verde,Taxes on goods and services,12.661
2019,Cabo Verde,Taxes on goods and services,12.034
2020,Cabo Verde,Taxes on goods and services,12.163
2021,Cabo Verde,Taxes on goods and services,12.461
2022,Cabo Verde,Taxes on goods and services,13.555
1993,Cameroon,Taxes on goods and services,4.061
1994,Cameroon,Taxes on goods and services,4.552
1995,Cameroon,Taxes on goods and services,6.086
1996,Cameroon,Taxes on goods and services,6.253
1997,Cameroon,Taxes on goods and services,6.386
1998,Cameroon,Taxes on goods and services,6.43
1999,Cameroon,Taxes on goods and services,6.454
2000,Cameroon,Taxes on goods and services,6.713
2001,Cameroon,Taxes on goods and services,7.161
2002,Cameroon,Taxes on goods and services,6.243
2003,Cameroon,Taxes on goods and services,6.549
2004,Cameroon,Taxes on goods and services,6.396
2005,Cameroon,Taxes on goods and services,6.673
2006,Cameroon,Taxes on goods and services,6.943
2007,Cameroon,Taxes on goods and services,7.041
2008,Cameroon,Taxes on goods and services,7.12
2009,Cameroon,Taxes on goods and services,6.97
2010,Cameroon,Taxes on goods and services,6.939
2011,Cameroon,Taxes on goods and services,7.474
2012,Cameroon,Taxes on goods and services,7.319
2013,Cameroon,Taxes on goods and services,7.781
2014,Cameroon,Taxes on goods and services,8.062
2015,Cameroon,Taxes on goods and services,8.048
2016,Cameroon,Taxes on goods and services,8.198
2017,Cameroon,Taxes on goods and services,8.801
2018,Cameroon,Taxes on goods and services,8.819
2019,Cameroon,Taxes on goods and services,8.445
2020,Cameroon,Taxes on goods and services,7.51
2021,Cameroon,Taxes on goods and services,8.009
2022,Cameroon,Taxes on goods and services,8.193
2007,China (People’s Republic of),Taxes on goods and services,10.513
2008,China (People’s Republic of),Taxes on goods and services,10.69
2009,China (People’s Republic of),Taxes on goods and services,10.988
2010,China (People’s Republic of),Taxes on goods and services,11.651
2011,China (People’s Republic of),Taxes on goods and services,11.845
2012,China (People’s Republic of),Taxes on goods and services,11.989
2013,China (People’s Republic of),Taxes on goods and services,11.577
2014,China (People’s Republic of),Taxes on goods and services,11.262
2015,China (People’s Republic of),Taxes on goods and services,10.506
2016,China (People’s Republic of),Taxes on goods and services,10.012
2017,China (People’s Republic of),Taxes on goods and services,9.829
2018,China (People’s Republic of),Taxes on goods and services,9.44
2019,China (People’s Republic of),Taxes on goods and services,8.938
2020,China (People’s Republic of),Taxes on goods and services,8.19
2021,China (People’s Republic of),Taxes on goods and services,7.911
2022,China (People’s Republic of),Taxes on goods and services,6.937
2023,China (People’s Republic of),Taxes on goods and services,8.038
1995,Croatia,Taxes on goods and services,19.812
1996,Croatia,Taxes on goods and services,19.123
1997,Croatia,Taxes on goods and services,18.446
1998,Croatia,Taxes on goods and services,19.852
1999,Croatia,Taxes on goods and services,19.377
2000,Croatia,Taxes on goods and services,19.76
2001,Croatia,Taxes on goods and services,19.29
2002,Croatia,Taxes on goods and services,19.522
2003,Croatia,Taxes on goods and services,19.179
2004,Croatia,Taxes on goods and services,18.518
2005,Croatia,Taxes on goods and services,18.29
2006,Croatia,Taxes on goods and services,18.395
2007,Croatia,Taxes on goods and services,18.029
2008,Croatia,Taxes on goods and services,17.96
2009,Croatia,Taxes on goods and services,17.113
2010,Croatia,Taxes on goods and services,17.594
2011,Croatia,Taxes on goods and services,17.296
2012,Croatia,Taxes on goods and services,18.254
2013,Croatia,Taxes on goods and services,18.691
2014,Croatia,Taxes on goods and services,18.865
2015,Croatia,Taxes on goods and services,19.633
2016,Croatia,Taxes on goods and services,19.759
2017,Croatia,Taxes on goods and services,19.894
2018,Croatia,Taxes on goods and services,20.156
2019,Croatia,Taxes on goods and services,20.281
2020,Croatia,Taxes on goods and services,19.262
2021,Croatia,Taxes on goods and services,19.538
2022,Croatia,Taxes on goods and services,19.012
2000,Morocco,Taxes on goods and services,11.336
2001,Morocco,Taxes on goods and services,10.903
2002,Morocco,Taxes on goods and services,10.674
2003,Morocco,Taxes on goods and services,10.006
2004,Morocco,Taxes on goods and services,9.958
2005,Morocco,Taxes on goods and services,10.383
2006,Morocco,Taxes on goods and services,10.595
2007,Morocco,Taxes on goods and services,11.783
2008,Morocco,Taxes on goods and services,12.367
2009,Morocco,Taxes on goods and services,11.022
2010,Morocco,Taxes on goods and services,11.94
2011,Morocco,Taxes on goods and services,11.963
2012,Morocco,Taxes on goods and services,11.929
2013,Morocco,Taxes on goods and services,11.239
2014,Morocco,Taxes on goods and services,10.986
2015,Morocco,Taxes on goods and services,10.367
2016,Morocco,Taxes on goods and services,10.486
2017,Morocco,Taxes on goods and services,10.831
2018,Morocco,Taxes on goods and services,11.227
2019,Morocco,Taxes on goods and services,11.125
2020,Morocco,Taxes on goods and services,10.983
2021,Morocco,Taxes on goods and services,11.554
2022,Morocco,Taxes on goods and services,12.389
1995,Romania,Taxes on goods and services,8.709
1996,Romania,Taxes on goods and services,8.53
1997,Romania,Taxes on goods and services,9.012
1998,Romania,Taxes on goods and services,11.052
1999,Romania,Taxes on goods and services,11.824
2000,Romania,Taxes on goods and services,11.554
2001,Romania,Taxes on goods and services,10.936
2002,Romania,Taxes on goods and services,11.198
2003,Romania,Taxes on goods and services,12.144
2004,Romania,Taxes on goods and services,11.404
2005,Romania,Taxes on goods and services,12.526
2006,Romania,Taxes on goods and services,12.317
2007,Romania,Taxes on goods and services,11.607
2008,Romania,Taxes on goods and services,10.845
2009,Romania,Taxes on goods and services,9.848
2010,Romania,Taxes on goods and services,11.197
2011,Romania,Taxes on goods and services,12.072
2012,Romania,Taxes on goods and services,12.305
2013,Romania,Taxes on goods and services,12.513
2014,Romania,Taxes on goods and services,12.2
2015,Romania,Taxes on goods and services,12.856
2016,Romania,Taxes on goods and services,11.137
2017,Romania,Taxes on goods and services,10.148
2018,Romania,Taxes on goods and services,10.151
2019,Romania,Taxes on goods and services,10.326
2020,Romania,Taxes on goods and services,10.075
2021,Romania,Taxes on goods and services,10.473
2022,Romania,Taxes on goods and services,10.608
1997,Senegal,Taxes on goods and services,8.521
1998,Senegal,Taxes on goods and services,8.377
1999,Senegal,Taxes on goods and services,9.013
2000,Senegal,Taxes on goods and services,9.061
2001,Senegal,Taxes on goods and services,8.833
2002,Senegal,Taxes on goods and services,9.365
2003,Senegal,Taxes on goods and services,9.58
2004,Senegal,Taxes on goods and services,9.957
2005,Senegal,Taxes on goods and services,10.366
2006,Senegal,Taxes on goods and services,10.895
2007,Senegal,Taxes on goods and services,11.482
2008,Senegal,Taxes on goods and services,10.236
2009,Senegal,Taxes on goods and services,9.935
2010,Senegal,Taxes on goods and services,10.084
2011,Senegal,Taxes on goods and services,10.606
2012,Senegal,Taxes on goods and services,10.097
2013,Senegal,Taxes on goods and services,9.641
2014,Senegal,Taxes on goods and services,10.339
2015,Senegal,Taxes on goods and services,10.343
2016,Senegal,Taxes on goods and services,10.528
2017,Senegal,Taxes on goods and services,10.054
2018,Senegal,Taxes on goods and services,10.19
2019,Senegal,Taxes on goods and services,11.295
2020,Senegal,Taxes on goods and services,10.725
2021,Senegal,Taxes on goods and services,11.524
2022,Senegal,Taxes on goods and services,12.072
2000,Singapore,Taxes on goods and services,4.719
2001,Singapore,Taxes on goods and services,4.679
2002,Singapore,Taxes on goods and services,4.119
2003,Singapore,Taxes on goods and services,4.505
2004,Singapore,Taxes on goods and services,4.196
2005,Singapore,Taxes on goods and services,4.001
2006,Singapore,Taxes on goods and services,3.764
2007,Singapore,Taxes on goods and services,4.338
2008,Singapore,Taxes on goods and services,4.503
2009,Singapore,Taxes on goods and services,4.272
2010,Singapore,Taxes on goods and services,4.283
2011,Singapore,Taxes on goods and services,4.245
2012,Singapore,Taxes on goods and services,4.115
2013,Singapore,Taxes on goods and services,4.054
2014,Singapore,Taxes on goods and services,4.184
2015,Singapore,Taxes on goods and services,4.138
2016,Singapore,Taxes on goods and services,4.135
2017,Singapore,Taxes on goods and services,3.941
2018,Singapore,Taxes on goods and services,3.797
2019,Singapore,Taxes on goods and services,3.794
2020,Singapore,Taxes on goods and services,3.616
2021,Singapore,Taxes on goods and services,3.391
2022,Singapore,Taxes on goods and services,3.208
2023,Singapore,Taxes on goods and services,3.655
1990,South Africa,Taxes on goods and services,9.075
1991,South Africa,Taxes on goods and services,8.567
1992,South Africa,Taxes on goods and services,8.01
1993,South Africa,Taxes on goods and services,8.497
1994,South Africa,Taxes on goods and services,8.69
1995,South Africa,Taxes on goods and services,8.499
1996,South Africa,Taxes on goods and services,8.331
1997,South Africa,Taxes on goods and services,8.28
1998,South Africa,Taxes on goods and services,8.322
1999,South Africa,Taxes on goods and services,8.329
2000,South Africa,Taxes on goods and services,8.02
2001,South Africa,Taxes on goods and services,7.907
2002,South Africa,Taxes on goods and services,7.669
2003,South Africa,Taxes on goods and services,7.821
2004,South Africa,Taxes on goods and services,8.488
2005,South Africa,Taxes on goods and services,8.869
2006,South Africa,Taxes on goods and services,9.723
2007,South Africa,Taxes on goods and services,9.748
2008,South Africa,Taxes on goods and services,9.071
2009,South Africa,Taxes on goods and services,8.498
2010,South Africa,Taxes on goods and services,9.128
2011,South Africa,Taxes on goods and services,9.651
2012,South Africa,Taxes on goods and services,9.838
2013,South Africa,Taxes on goods and services,10.085
2014,South Africa,Taxes on goods and services,10.171
2015,South Africa,Taxes on goods and services,10.661
2016,South Africa,Taxes on goods and services,10.465
2017,South Africa,Taxes on goods and services,10.07
2018,South Africa,Taxes on goods and services,10.568
2019,South Africa,Taxes on goods and services,10.219
2020,South Africa,Taxes on goods and services,10.082
2021,South Africa,Taxes on goods and services,10.392
2022,South Africa,Taxes on goods and services,10.623
2020,Australia,Social security contributions (SSC),0.0
2021,Australia,Social security contributions (SSC),0.0
2022,Australia,Social security contributions (SSC),0.0
2008,Georgia,Social security contributions (SSC),0.0
2009,Georgia,Social security contributions (SSC),0.0
2010,Georgia,Social security contributions (SSC),0.0
2011,Georgia,Social security contributions (SSC),0.0
2012,Georgia,Social security contributions (SSC),0.0
2013,Georgia,Social security contributions (SSC),0.0
2014,Georgia,Social security contributions (SSC),0.0
2015,Georgia,Social security contributions (SSC),0.0
2016,Georgia,Social security contributions (SSC),0.0
2017,Georgia,Social security contributions (SSC),0.0
2018,Georgia,Social security contributions (SSC),0.0
2019,Georgia,Social security contributions (SSC),0.0
2020,Georgia,Social security contributions (SSC),0.0
2021,Georgia,Social security contributions (SSC),0.0
2022,Georgia,Social security contributions (SSC),0.0
2023,Georgia,Social security contributions (SSC),0.0
2010,Hong Kong (China),Social security contributions (SSC),0.0
2011,Hong Kong (China),Social security contributions (SSC),0.0
2012,Hong Kong (China),Social security contributions (SSC),0.0
2013,Hong Kong (China),Social security contributions (SSC),0.0
2014,Hong Kong (China),Social security contributions (SSC),0.0
2015,Hong Kong (China),Social security contributions (SSC),0.0
2016,Hong Kong (China),Social security contributions (SSC),0.0
2017,Hong Kong (China),Social security contributions (SSC),0.0
2018,Hong Kong (China),Social security contributions (SSC),0.0
2019,Hong Kong (China),Social security contributions (SSC),0.0
2020,Hong Kong (China),Social security contributions (SSC),0.0
2021,Hong Kong (China),Social security contributions (SSC),0.0
2022,Hong Kong (China),Social security contributions (SSC),0.0
2023,Hong Kong (China),Social security contributions (SSC),0.0
2020,Australia,Total tax revenue,28.251
2020,Australia,Taxes on property,2.849
2020,Australia,Taxes on goods and services,7.487
2020,Australia,"Taxes on income, profits and capital gains of individuals and corporations",16.652
2021,Australia,"Taxes on income, profits and capital gains of individuals and corporations",17.929
2021,Australia,Taxes on goods and services,6.789
2021,Australia,Taxes on property,3.178
2021,Australia,Total tax revenue,29.155
2022,Australia,Total tax revenue,29.398
2022,Australia,Taxes on property,2.728
2022,Australia,Taxes on goods and services,6.991
2022,Australia,"Taxes on income, profits and capital gains of individuals and corporations",18.3
2012,Zambia,Taxes on property,0.061
2012,Zambia,Taxes on goods and services,6.929
2012,Zambia,"Taxes on income, profits and capital gains of individuals and corporations",7.739
2012,Zambia,Total tax revenue,14.729
2013,Zambia,Total tax revenue,14.149
2013,Zambia,"Taxes on income, profits and capital gains of individuals and corporations",6.365
2013,Zambia,Taxes on goods and services,7.671
2013,Zambia,Taxes on property,0.114
2014,Zambia,Taxes on property,0.12
2014,Zambia,Taxes on goods and services,8.282
2014,Zambia,"Taxes on income, profits and capital gains of individuals and corporations",6.88
2014,Zambia,Total tax revenue,15.282
2015,Zambia,Total tax revenue,14.289
2015,Zambia,"Taxes on income, profits and capital gains of individuals and corporations",6.766
2015,Zambia,Taxes on goods and services,7.35
2015,Zambia,Taxes on property,0.172
2016,Zambia,Taxes on property,0.155
2016,Zambia,Taxes on goods and services,6.145
2016,Zambia,"Taxes on income, profits and capital gains of individuals and corporations",6.732
2016,Zambia,Total tax revenue,13.031
2017,Zambia,Total tax revenue,14.894
2017,Zambia,"Taxes on income, profits and capital gains of individuals and corporations",6.517
2017,Zambia,Taxes on goods and services,8.204
2017,Zambia,Taxes on property,0.109
2018,Zambia,Taxes on property,0.079
2018,Zambia,Taxes on goods and services,8.806
2018,Zambia,"Taxes on income, profits and capital gains of individuals and corporations",7.218
2018,Zambia,Total tax revenue,16.166
2019,Zambia,Total tax revenue,16.215
2019,Zambia,"Taxes on income, profits and capital gains of individuals and corporations",7.887
2019,Zambia,Taxes on goods and services,8.145
2019,Zambia,Taxes on property,0.123
2020,Zambia,Taxes on property,0.101
2020,Zambia,Taxes on goods and services,6.916
2020,Zambia,"Taxes on income, profits and capital gains of individuals and corporations",8.64
2020,Zambia,Total tax revenue,15.708
2021,Zambia,Total tax revenue,16.15
2021,Zambia,"Taxes on income, profits and capital gains of individuals and corporations",9.477
2021,Zambia,Taxes on goods and services,6.539
2021,Zambia,Taxes on property,0.084
2022,Zambia,Taxes on property,0.09
2022,Zambia,Taxes on goods and services,6.461
2022,Zambia,"Taxes on income, profits and capital gains of individuals and corporations",9.562
2022,Zambia,Total tax revenue,16.158
2010,Hong Kong (China),"Taxes on income, profits and capital gains of individuals and corporations",7.783
2010,Hong Kong (China),Taxes on property,3.404
2010,Hong Kong (China),Total tax revenue,13.298
2010,Hong Kong (China),Taxes on goods and services,1.695
2011,Hong Kong (China),Taxes on goods and services,1.663
2011,Hong Kong (China),Total tax revenue,14.076
2011,Hong Kong (China),Taxes on property,2.871
2011,Hong Kong (China),"Taxes on income, profits and capital gains of individuals and corporations",8.947
2012,Hong Kong (China),"Taxes on income, profits and capital gains of individuals and corporations",8.736
2012,Hong Kong (China),Taxes on property,2.738
2012,Hong Kong (China),Total tax revenue,13.554
2012,Hong Kong (China),Taxes on goods and services,1.699
2013,Hong Kong (China),Taxes on goods and services,1.773
2013,Hong Kong (China),Total tax revenue,13.312
2013,Hong Kong (China),Taxes on property,2.745
2013,Hong Kong (China),"Taxes on income, profits and capital gains of individuals and corporations",8.361
2014,Hong Kong (China),"Taxes on income, profits and capital gains of individuals and corporations",8.797
2014,Hong Kong (China),Taxes on property,4.365
2014,Hong Kong (China),Total tax revenue,15.417
2014,Hong Kong (China),Taxes on goods and services,1.802
2015,Hong Kong (China),Taxes on goods and services,1.766
2015,Hong Kong (China),Total tax revenue,14.266
2015,Hong Kong (China),Taxes on property,3.661
2015,Hong Kong (China),"Taxes on income, profits and capital gains of individuals and corporations",8.399
2016,Hong Kong (China),"Taxes on income, profits and capital gains of individuals and corporations",8.04
2016,Hong Kong (China),Taxes on property,3.418
2016,Hong Kong (China),Total tax revenue,13.744
2016,Hong Kong (China),Taxes on goods and services,1.656
2017,Hong Kong (China),Taxes on goods and services,1.622
2017,Hong Kong (China),Total tax revenue,14.067
2017,Hong Kong (China),Taxes on property,4.456
2017,Hong Kong (China),"Taxes on income, profits and capital gains of individuals and corporations",7.569
2018,Hong Kong (China),"Taxes on income, profits and capital gains of individuals and corporations",8.049
2018,Hong Kong (China),Taxes on property,3.488
2018,Hong Kong (China),Total tax revenue,13.497
2018,Hong Kong (China),Taxes on goods and services,1.561
2019,Hong Kong (China),Taxes on goods and services,1.481
2019,Hong Kong (China),Total tax revenue,12.179
2019,Hong Kong (China),Taxes on property,3.138
2019,Hong Kong (China),"Taxes on income, profits and capital gains of individuals and corporations",7.283
2020,Hong Kong (China),"Taxes on income, profits and capital gains of individuals and corporations",7.947
2020,Hong Kong (China),Taxes on property,4.106
2020,Hong Kong (China),Total tax revenue,13.788
2020,Hong Kong (China),Taxes on goods and services,1.445
2021,Hong Kong (China),Taxes on goods and services,1.509
2021,Hong Kong (China),Total tax revenue,14.603
2021,Hong Kong (China),Taxes on property,4.203
2021,Hong Kong (China),"Taxes on income, profits and capital gains of individuals and corporations",8.526
2022,Hong Kong (China),"Taxes on income, profits and capital gains of individuals and corporations",9.091
2022,Hong Kong (China),Taxes on property,3.244
2022,Hong Kong (China),Total tax revenue,14.143
2022,Hong Kong (China),Taxes on goods and services,1.507
2023,Hong Kong (China),Taxes on goods and services,1.552
2023,Hong Kong (China),Total tax revenue,13.087
2023,Hong Kong (China),Taxes on property,2.67
2023,Hong Kong (China),"Taxes on income, profits and capital gains of individuals and corporations",8.469
1995,Georgia,Taxes on goods and services,2.643
1995,Georgia,"Taxes on income, profits and capital gains of individuals and corporations",1.961
1995,Georgia,Social security contributions (SSC),1.62
1995,Georgia,Taxes on property,0.444
1995,Georgia,Total tax revenue,7.282
1996,Georgia,Total tax revenue,10.209
1996,Georgia,Taxes on property,0.493
1996,Georgia,Social security contributions (SSC),1.744
1996,Georgia,"Taxes on income, profits and capital gains of individuals and corporations",1.94
1996,Georgia,Taxes on goods and services,4.746
1997,Georgia,Taxes on goods and services,7.638
1997,Georgia,"Taxes on income, profits and capital gains of individuals and corporations",2.419
1997,Georgia,Social security contributions (SSC),1.496
1997,Georgia,Taxes on property,0.645
1997,Georgia,Total tax revenue,12.669
1998,Georgia,Total tax revenue,12.88
1998,Georgia,Taxes on property,0.776
1998,Georgia,Social security contributions (SSC),2.033
1998,Georgia,"Taxes on income, profits and capital gains of individuals and corporations",2.679
1998,Georgia,Taxes on goods and services,6.745
1999,Georgia,Taxes on goods and services,7.415
1999,Georgia,"Taxes on income, profits and capital gains of individuals and corporations",2.74
1999,Georgia,Social security contributions (SSC),1.833
1999,Georgia,Taxes on property,0.837
1999,Georgia,Total tax revenue,13.733
2000,Georgia,Total tax revenue,14.389
2000,Georgia,Taxes on property,0.747
2000,Georgia,Social security contributions (SSC),2.332
2000,Georgia,"Taxes on income, profits and capital gains of individuals and corporations",3.034
2000,Georgia,Taxes on goods and services,7.631
2001,Georgia,Taxes on goods and services,7.816
2001,Georgia,"Taxes on income, profits and capital gains of individuals and corporations",2.949
2001,Georgia,Social security contributions (SSC),2.326
2001,Georgia,Taxes on property,0.66
2001,Georgia,Total tax revenue,14.528
2002,Georgia,Total tax revenue,14.72
2002,Georgia,Taxes on property,0.75
2002,Georgia,Social security contributions (SSC),2.256
2002,Georgia,"Taxes on income, profits and capital gains of individuals and corporations",2.938
2002,Georgia,Taxes on goods and services,8.557
2003,Georgia,Taxes on goods and services,7.575
2003,Georgia,"Taxes on income, profits and capital gains of individuals and corporations",2.886
2003,Georgia,Social security contributions (SSC),2.529
2003,Georgia,Taxes on property,0.801
2003,Georgia,Total tax revenue,13.953
2004,Georgia,Total tax revenue,19.133
2004,Georgia,Taxes on property,0.46
2004,Georgia,Social security contributions (SSC),3.982
2004,Georgia,"Taxes on income, profits and capital gains of individuals and corporations",4.26
2004,Georgia,Taxes on goods and services,10.233
2005,Georgia,Taxes on goods and services,11.872
2005,Georgia,"Taxes on income, profits and capital gains of individuals and corporations",4.194
2005,Georgia,Social security contributions (SSC),3.589
2005,Georgia,Taxes on property,0.506
2005,Georgia,Total tax revenue,20.186
2006,Georgia,Total tax revenue,22.215
2006,Georgia,Taxes on property,0.605
2006,Georgia,Social security contributions (SSC),3.547
2006,Georgia,"Taxes on income, profits and capital gains of individuals and corporations",5.129
2006,Georgia,Taxes on goods and services,12.778
2007,Georgia,Taxes on goods and services,14.048
2007,Georgia,"Taxes on income, profits and capital gains of individuals and corporations",6.19
2007,Georgia,Social security contributions (SSC),4.133
2007,Georgia,Taxes on property,0.618
2007,Georgia,Total tax revenue,25.134
2008,Georgia,Total tax revenue,24.235
2008,Georgia,Taxes on property,0.673
2008,Georgia,"Taxes on income, profits and capital gains of individuals and corporations",9.629
2008,Georgia,Taxes on goods and services,13.459
2009,Georgia,Taxes on goods and services,13.687
2009,Georgia,"Taxes on income, profits and capital gains of individuals and corporations",8.851
2009,Georgia,Taxes on property,0.867
2009,Georgia,Total tax revenue,23.735
2010,Georgia,Total tax revenue,21.977
2010,Georgia,Taxes on property,0.866
2010,Georgia,"Taxes on income, profits and capital gains of individuals and corporations",8.028
2010,Georgia,Taxes on goods and services,12.797
2011,Georgia,Taxes on goods and services,13.382
2011,Georgia,"Taxes on income, profits and capital gains of individuals and corporations",9.132
2011,Georgia,Taxes on property,0.844
2011,Georgia,Total tax revenue,23.505
2012,Georgia,Total tax revenue,23.913
2012,Georgia,Taxes on property,0.824
2012,Georgia,"Taxes on income, profits and capital gains of individuals and corporations",9.377
2012,Georgia,Taxes on goods and services,13.586
2013,Georgia,Taxes on goods and services,12.559
2013,Georgia,"Taxes on income, profits and capital gains of individuals and corporations",9.406
2013,Georgia,Taxes on property,0.792
2013,Georgia,Total tax revenue,22.855
2014,Georgia,Total tax revenue,22.828
2014,Georgia,Taxes on property,0.775
2014,Georgia,"Taxes on income, profits and capital gains of individuals and corporations",8.724
2014,Georgia,Taxes on goods and services,13.251
2015,Georgia,Taxes on goods and services,12.867
2015,Georgia,"Taxes on income, profits and capital gains of individuals and corporations",9.403
2015,Georgia,Taxes on property,0.84
2015,Georgia,Total tax revenue,23.187
2016,Georgia,Total tax revenue,24.036
2016,Georgia,Taxes on property,0.994
2016,Georgia,"Taxes on income, profits and capital gains of individuals and corporations",9.493
2016,Georgia,Taxes on goods and services,12.109
2017,Georgia,Taxes on goods and services,13.655
2017,Georgia,"Taxes on income, profits and capital gains of individuals and corporations",8.891
2017,Georgia,Taxes on property,0.955
2017,Georgia,Total tax revenue,23.968
2018,Georgia,Total tax revenue,23.02
2018,Georgia,Taxes on property,0.972
2018,Georgia,"Taxes on income, profits and capital gains of individuals and corporations",8.78
2018,Georgia,Taxes on goods and services,13.148
2019,Georgia,Taxes on goods and services,13.725
2019,Georgia,"Taxes on income, profits and capital gains of individuals and corporations",8.746
2019,Georgia,Taxes on property,0.954
2019,Georgia,Total tax revenue,23.851
2020,Georgia,Total tax revenue,22.052
2020,Georgia,Taxes on property,0.871
2020,Georgia,"Taxes on income, profits and capital gains of individuals and corporations",8.528
2020,Georgia,Taxes on goods and services,12.506
2021,Georgia,Taxes on goods and services,13.385
2021,Georgia,"Taxes on income, profits and capital gains of individuals and corporations",7.89
2021,Georgia,Taxes on property,0.841
2021,Georgia,Total tax revenue,22.314
2022,Georgia,Total tax revenue,23.731
2022,Georgia,Taxes on property,0.828
2022,Georgia,"Taxes on income, profits and capital gains of individuals and corporations",9.558
2022,Georgia,Taxes on goods and services,13.134
2023,Georgia,Taxes on goods and services,13.086
2023,Georgia,"Taxes on income, profits and capital gains of individuals and corporations",10.002
2023,Georgia,Taxes on property,0.802
2023,Georgia,Total tax revenue,24.401
1997,Indonesia,"Taxes on income, profits and capital gains of individuals and corporations",3.586
1997,Indonesia,Taxes on goods and services,3.614
1997,Indonesia,Total tax revenue,7.599
1997,Indonesia,Taxes on property,0.32
1998,Indonesia,Taxes on property,0.23
1998,Indonesia,Total tax revenue,6.174
1998,Indonesia,Taxes on goods and services,2.909
1998,Indonesia,"Taxes on income, profits and capital gains of individuals and corporations",2.993
1999,Indonesia,"Taxes on income, profits and capital gains of individuals and corporations",4.231
1999,Indonesia,Taxes on goods and services,3.212
1999,Indonesia,Total tax revenue,7.76
1999,Indonesia,Taxes on property,0.284
2000,Indonesia,Taxes on property,0.293
2000,Indonesia,Total tax revenue,7.871
2000,Indonesia,Taxes on goods and services,3.521
2000,Indonesia,"Taxes on income, profits and capital gains of individuals and corporations",3.753
2001,Indonesia,"Taxes on income, profits and capital gains of individuals and corporations",5.25
2001,Indonesia,Taxes on goods and services,4.603
2001,Indonesia,Total tax revenue,10.895
2001,Indonesia,Taxes on property,0.37
2002,Indonesia,Taxes on property,0.393
2002,Indonesia,Total tax revenue,11.269
2002,Indonesia,Taxes on goods and services,4.962
2002,Indonesia,"Taxes on income, profits and capital gains of individuals and corporations",5.11
2003,Indonesia,"Taxes on income, profits and capital gains of individuals and corporations",5.22
2003,Indonesia,Taxes on goods and services,5.195
2003,Indonesia,Total tax revenue,11.807
2003,Indonesia,Taxes on property,0.495
2004,Indonesia,Taxes on property,0.585
2004,Indonesia,Total tax revenue,12.095
2004,Indonesia,Taxes on goods and services,5.752
2004,Indonesia,"Taxes on income, profits and capital gains of individuals and corporations",4.758
2005,Indonesia,"Taxes on income, profits and capital gains of individuals and corporations",5.783
2005,Indonesia,Taxes on goods and services,4.934
2005,Indonesia,Total tax revenue,12.358
2005,Indonesia,Taxes on property,0.647
2006,Indonesia,Taxes on property,0.658
2006,Indonesia,Total tax revenue,11.915
2006,Indonesia,Taxes on goods and services,4.763
2006,Indonesia,"Taxes on income, profits and capital gains of individuals and corporations",5.716
2007,Indonesia,"Taxes on income, profits and capital gains of individuals and corporations",5.515
2007,Indonesia,Taxes on goods and services,5.092
2007,Indonesia,Total tax revenue,12.224
2007,Indonesia,Taxes on property,0.744
2008,Indonesia,Taxes on property,0.624
2008,Indonesia,Total tax revenue,12.99
2008,Indonesia,Taxes on goods and services,5.489
2008,Indonesia,"Taxes on income, profits and capital gains of individuals and corporations",6.048
2009,Indonesia,"Taxes on income, profits and capital gains of individuals and corporations",5.284
2009,Indonesia,Taxes on goods and services,4.466
2009,Indonesia,Total tax revenue,11.043
2009,Indonesia,Taxes on property,0.562
2010,Indonesia,Taxes on property,0.591
2010,Indonesia,Total tax revenue,11.356
2010,Indonesia,Taxes on goods and services,4.745
2010,Indonesia,"Taxes on income, profits and capital gains of individuals and corporations",5.202
2011,Indonesia,"Taxes on income, profits and capital gains of individuals and corporations",5.505
2011,Indonesia,Taxes on goods and services,5.221
2011,Indonesia,Total tax revenue,12.171
2011,Indonesia,Taxes on property,0.427
2012,Indonesia,Taxes on property,0.381
2012,Indonesia,Total tax revenue,12.484
2012,Indonesia,Taxes on goods and services,5.598
2012,Indonesia,"Taxes on income, profits and capital gains of individuals and corporations",5.398
2013,Indonesia,"Taxes on income, profits and capital gains of individuals and corporations",5.305
2013,Indonesia,Taxes on goods and services,5.667
2013,Indonesia,Total tax revenue,12.495
2013,Indonesia,Taxes on property,0.31
2014,Indonesia,Taxes on property,0.269
2014,Indonesia,Total tax revenue,12.163
2014,Indonesia,Taxes on goods and services,5.405
2014,Indonesia,"Taxes on income, profits and capital gains of individuals and corporations",5.167
2015,Indonesia,Social security contributions (SSC),0.067
2015,Indonesia,"Taxes on income, profits and capital gains of individuals and corporations",5.225
2015,Indonesia,Taxes on goods and services,5.239
2015,Indonesia,Total tax revenue,12.111
2015,Indonesia,Taxes on property,0.293
2016,Indonesia,Taxes on property,0.196
2016,Indonesia,Total tax revenue,12.009
2016,Indonesia,Taxes on goods and services,4.776
2016,Indonesia,"Taxes on income, profits and capital gains of individuals and corporations",5.372
2016,Indonesia,Social security contributions (SSC),0.381
2017,Indonesia,Social security contributions (SSC),0.4
2017,Indonesia,"Taxes on income, profits and capital gains of individuals and corporations",4.759
2017,Indonesia,Taxes on goods and services,4.961
2017,Indonesia,Total tax revenue,11.612
2017,Indonesia,Taxes on property,0.161
2018,Indonesia,Taxes on property,0.168
2018,Indonesia,Total tax revenue,11.973
2018,Indonesia,Taxes on goods and services,5.01
2018,Indonesia,"Taxes on income, profits and capital gains of individuals and corporations",5.054
2018,Indonesia,Social security contributions (SSC),0.429
2019,Indonesia,Social security contributions (SSC),0.503
2019,Indonesia,"Taxes on income, profits and capital gains of individuals and corporations",4.878
2019,Indonesia,Taxes on goods and services,4.709
2019,Indonesia,Total tax revenue,11.588
2019,Indonesia,Taxes on property,0.169
2020,Indonesia,Taxes on property,0.169
2020,Indonesia,Total tax revenue,10.071
2020,Indonesia,Taxes on goods and services,4.299
2020,Indonesia,"Taxes on income, profits and capital gains of individuals and corporations",3.847
2020,Indonesia,Social security contributions (SSC),0.589
2021,Indonesia,Social security contributions (SSC),0.575
2021,Indonesia,"Taxes on income, profits and capital gains of individuals and corporations",4.16
2021,Indonesia,Taxes on goods and services,4.837
2021,Indonesia,Total tax revenue,10.866
2021,Indonesia,Taxes on property,0.111
2022,Indonesia,Taxes on property,0.153
2022,Indonesia,Total tax revenue,12.068
2022,Indonesia,Taxes on goods and services,5.135
2022,Indonesia,"Taxes on income, profits and capital gains of individuals and corporations",5.096
2022,Indonesia,Social security contributions (SSC),0.519
2023,Indonesia,Social security contributions (SSC),0.522
2023,Indonesia,"Taxes on income, profits and capital gains of individuals and corporations",5.08
2023,Indonesia,Taxes on goods and services,5.027
2023,Indonesia,Total tax revenue,12.048
2023,Indonesia,Taxes on property,0.191
1993,Madagascar,Taxes on property,0.085
1993,Madagascar,"Taxes on income, profits and capital gains of individuals and corporations",1.327
1993,Madagascar,Taxes on goods and services,5.047
1993,Madagascar,Total tax revenue,6.56
1994,Madagascar,Total tax revenue,6.328
1994,Madagascar,Taxes on goods and services,4.765
1994,Madagascar,"Taxes on income, profits and capital gains of individuals and corporations",1.191
1994,Madagascar,Taxes on property,0.087
1995,Madagascar,Taxes on property,0.073
1995,Madagascar,"Taxes on income, profits and capital gains of individuals and corporations",1.011
1995,Madagascar,Taxes on goods and services,5.371
1995,Madagascar,Total tax revenue,6.579
1996,Madagascar,Total tax revenue,6.768
1996,Madagascar,Taxes on goods and services,5.311
1996,Madagascar,"Taxes on income, profits and capital gains of individuals and corporations",1.274
1996,Madagascar,Taxes on property,0.075
1997,Madagascar,Taxes on property,0.108
1997,Madagascar,"Taxes on income, profits and capital gains of individuals and corporations",1.502
1997,Madagascar,Taxes on goods and services,5.974
1997,Madagascar,Total tax revenue,7.72
1998,Madagascar,Total tax revenue,8.262
1998,Madagascar,Taxes on goods and services,6.638
1998,Madagascar,"Taxes on income, profits and capital gains of individuals and corporations",1.437
1998,Madagascar,Taxes on property,0.064
1999,Madagascar,Taxes on property,0.071
1999,Madagascar,"Taxes on income, profits and capital gains of individuals and corporations",1.471
1999,Madagascar,Taxes on goods and services,7.846
1999,Madagascar,Total tax revenue,9.561
2000,Madagascar,Total tax revenue,9.447
2000,Madagascar,Taxes on goods and services,7.796
2000,Madagascar,"Taxes on income, profits and capital gains of individuals and corporations",1.484
2000,Madagascar,Taxes on property,0.069
2001,Madagascar,Taxes on property,0.067
2001,Madagascar,"Taxes on income, profits and capital gains of individuals and corporations",1.653
2001,Madagascar,Taxes on goods and services,6.265
2001,Madagascar,Total tax revenue,8.074
2002,Madagascar,Total tax revenue,6.265
2002,Madagascar,Taxes on goods and services,4.709
2002,Madagascar,"Taxes on income, profits and capital gains of individuals and corporations",1.436
2002,Madagascar,Taxes on property,0.052
2003,Madagascar,Taxes on property,0.075
2003,Madagascar,"Taxes on income, profits and capital gains of individuals and corporations",1.444
2003,Madagascar,Taxes on goods and services,6.942
2003,Madagascar,Total tax revenue,8.563
2004,Madagascar,Total tax revenue,9.346
2004,Madagascar,Taxes on goods and services,7.476
2004,Madagascar,"Taxes on income, profits and capital gains of individuals and corporations",1.684
2004,Madagascar,Taxes on property,0.082
2005,Madagascar,Taxes on property,0.073
2005,Madagascar,"Taxes on income, profits and capital gains of individuals and corporations",1.874
2005,Madagascar,Taxes on goods and services,6.617
2005,Madagascar,Total tax revenue,8.66
2006,Madagascar,Total tax revenue,9.183
2006,Madagascar,Taxes on goods and services,6.69
2006,Madagascar,"Taxes on income, profits and capital gains of individuals and corporations",2.329
2006,Madagascar,Taxes on property,0.066
2007,Madagascar,Taxes on property,0.228
2007,Madagascar,"Taxes on income, profits and capital gains of individuals and corporations",2.234
2007,Madagascar,Taxes on goods and services,7.272
2007,Madagascar,Total tax revenue,9.831
2008,Madagascar,Total tax revenue,11.373
2008,Madagascar,Taxes on goods and services,8.141
2008,Madagascar,"Taxes on income, profits and capital gains of individuals and corporations",2.908
2008,Madagascar,Taxes on property,0.159
2009,Madagascar,Taxes on property,0.056
2009,Madagascar,"Taxes on income, profits and capital gains of individuals and corporations",2.461
2009,Madagascar,Taxes on goods and services,6.883
2009,Madagascar,Total tax revenue,9.449
2010,Madagascar,Total tax revenue,8.513
2010,Madagascar,Taxes on goods and services,6.078
2010,Madagascar,"Taxes on income, profits and capital gains of individuals and corporations",2.35
2010,Madagascar,Taxes on property,0.051
2011,Madagascar,Taxes on property,0.065
2011,Madagascar,"Taxes on income, profits and capital gains of individuals and corporations",2.281
2011,Madagascar,Taxes on goods and services,6.3
2011,Madagascar,Total tax revenue,9.004
2011,Madagascar,Social security contributions (SSC),0.314
2012,Madagascar,Social security contributions (SSC),0.315
2012,Madagascar,Total tax revenue,8.659
2012,Madagascar,Taxes on goods and services,6.258
2012,Madagascar,"Taxes on income, profits and capital gains of individuals and corporations",2.017
2012,Madagascar,Taxes on property,0.054
2013,Madagascar,Taxes on property,0.056
2013,Madagascar,"Taxes on income, profits and capital gains of individuals and corporations",2.081
2013,Madagascar,Taxes on goods and services,6.618
2013,Madagascar,Total tax revenue,9.119
2013,Madagascar,Social security contributions (SSC),0.353
2014,Madagascar,Social security contributions (SSC),0.374
2014,Madagascar,Total tax revenue,8.833
2014,Madagascar,Taxes on goods and services,6.365
2014,Madagascar,"Taxes on income, profits and capital gains of individuals and corporations",2.022
2014,Madagascar,Taxes on property,0.061
2015,Madagascar,Taxes on property,0.073
2015,Madagascar,"Taxes on income, profits and capital gains of individuals and corporations",2.128
2015,Madagascar,Taxes on goods and services,6.738
2015,Madagascar,Total tax revenue,9.349
2015,Madagascar,Social security contributions (SSC),0.401
2016,Madagascar,Social security contributions (SSC),0.351
2016,Madagascar,Total tax revenue,9.596
2016,Madagascar,Taxes on goods and services,6.794
2016,Madagascar,"Taxes on income, profits and capital gains of individuals and corporations",2.345
2016,Madagascar,Taxes on property,0.067
2017,Madagascar,Taxes on property,0.063
2017,Madagascar,"Taxes on income, profits and capital gains of individuals and corporations",2.442
2017,Madagascar,Taxes on goods and services,7.485
2017,Madagascar,Total tax revenue,10.415
2017,Madagascar,Social security contributions (SSC),0.388
2018,Madagascar,Social security contributions (SSC),0.645
2018,Madagascar,Total tax revenue,10.911
2018,Madagascar,Taxes on goods and services,7.57
2018,Madagascar,"Taxes on income, profits and capital gains of individuals and corporations",2.56
2018,Madagascar,Taxes on property,0.089
2019,Madagascar,Taxes on property,0.062
2019,Madagascar,"Taxes on income, profits and capital gains of individuals and corporations",2.817
2019,Madagascar,Taxes on goods and services,7.621
2019,Madagascar,Total tax revenue,11.062
2019,Madagascar,Social security contributions (SSC),0.511
2020,Madagascar,Social security contributions (SSC),0.616
2020,Madagascar,Total tax revenue,10.137
2020,Madagascar,Taxes on goods and services,6.807
2020,Madagascar,"Taxes on income, profits and capital gains of individuals and corporations",2.641
2020,Madagascar,Taxes on property,0.061
2021,Madagascar,Taxes on property,0.065
2021,Madagascar,"Taxes on income, profits and capital gains of individuals and corporations",2.775
2021,Madagascar,Taxes on goods and services,7.392
2021,Madagascar,Total tax revenue,10.673
2021,Madagascar,Social security contributions (SSC),0.435
2022,Madagascar,Social security contributions (SSC),0.57
2022,Madagascar,Total tax revenue,11.473
2022,Madagascar,Taxes on goods and services,7.751
2022,Madagascar,"Taxes on income, profits and capital gains of individuals and corporations",3.071
2022,Madagascar,Taxes on property,0.065
1990,Austria,Total tax revenue,39.288
1990,Austria,Taxes on goods and services,12.384
1990,Austria,"Taxes on income, profits and capital gains of individuals and corporations",10.031
1990,Austria,Taxes on property,1.071
1990,Austria,Social security contributions (SSC),12.914
1991,Austria,Social security contributions (SSC),13.001
1991,Austria,Taxes on property,1.089
1991,Austria,"Taxes on income, profits and capital gains of individuals and corporations",10.556
1991,Austria,Taxes on goods and services,12.196
1991,Austria,Total tax revenue,39.748
1992,Austria,Total tax revenue,41.282
1992,Austria,Taxes on goods and services,12.471
1992,Austria,"Taxes on income, profits and capital gains of individuals and corporations",11.093
1992,Austria,Taxes on property,1.118
1992,Austria,Social security contributions (SSC),13.619
1993,Austria,Social security contributions (SSC),14.165
1993,Austria,Taxes on property,1.083
1993,Austria,"Taxes on income, profits and capital gains of individuals and corporations",11.241
1993,Austria,Taxes on goods and services,12.231
1993,Austria,Total tax revenue,41.688
1994,Austria,Total tax revenue,41.701
1994,Austria,Taxes on goods and services,12.903
1994,Austria,"Taxes on income, profits and capital gains of individuals and corporations",10.324
1994,Austria,Taxes on property,0.654
1994,Austria,Social security contributions (SSC),14.618
1995,Austria,Social security contributions (SSC),14.713
1995,Austria,Taxes on property,0.612
1995,Austria,"Taxes on income, profits and capital gains of individuals and corporations",10.784
1995,Austria,Taxes on goods and services,11.984
1995,Austria,Total tax revenue,41.271
1996,Austria,Total tax revenue,42.641
1996,Austria,Taxes on goods and services,12.371
1996,Austria,"Taxes on income, profits and capital gains of individuals and corporations",11.787
1996,Austria,Taxes on property,0.607
1996,Austria,Social security contributions (SSC),14.739
1997,Austria,Social security contributions (SSC),14.693
1997,Austria,Taxes on property,0.576
1997,Austria,"Taxes on income, profits and capital gains of individuals and corporations",12.378
1997,Austria,Taxes on goods and services,12.651
1997,Austria,Total tax revenue,43.44
1998,Austria,Total tax revenue,43.447
1998,Austria,Taxes on goods and services,12.587
1998,Austria,"Taxes on income, profits and capital gains of individuals and corporations",12.514
1998,Austria,Taxes on property,0.572
1998,Austria,Social security contributions (SSC),14.608
1999,Austria,Social security contributions (SSC),14.563
1999,Austria,Taxes on property,0.573
1999,Austria,"Taxes on income, profits and capital gains of individuals and corporations",12.151
1999,Austria,Taxes on goods and services,12.697
1999,Austria,Total tax revenue,43.09
2000,Austria,Total tax revenue,42.285
2000,Austria,Taxes on goods and services,12.404
2000,Austria,"Taxes on income, profits and capital gains of individuals and corporations",11.963
2000,Austria,Taxes on property,0.565
2000,Austria,Social security contributions (SSC),14.283
2001,Austria,Social security contributions (SSC),14.244
2001,Austria,Taxes on property,0.57
2001,Austria,"Taxes on income, profits and capital gains of individuals and corporations",13.618
2001,Austria,Taxes on goods and services,12.374
2001,Austria,Total tax revenue,43.886
2002,Austria,Total tax revenue,42.697
2002,Austria,Taxes on goods and services,12.505
2002,Austria,"Taxes on income, profits and capital gains of individuals and corporations",12.525
2002,Austria,Taxes on property,0.532
2002,Austria,Social security contributions (SSC),14.058
2003,Austria,Social security contributions (SSC),14.09
2003,Austria,Taxes on property,0.545
2003,Austria,"Taxes on income, profits and capital gains of individuals and corporations",12.354
2003,Austria,Taxes on goods and services,12.372
2003,Austria,Total tax revenue,42.409
2004,Austria,Total tax revenue,41.958
2004,Austria,Taxes on goods and services,12.265
2004,Austria,"Taxes on income, profits and capital gains of individuals and corporations",12.135
2004,Austria,Taxes on property,0.54
2004,Austria,Social security contributions (SSC),14.015
2005,Austria,Social security contributions (SSC),13.897
2005,Austria,Taxes on property,0.541
2005,Austria,"Taxes on income, profits and capital gains of individuals and corporations",11.62
2005,Austria,Taxes on goods and services,12.026
2005,Austria,Total tax revenue,41.012
2006,Austria,Total tax revenue,40.408
2006,Austria,Taxes on goods and services,11.602
2006,Austria,"Taxes on income, profits and capital gains of individuals and corporations",11.59
2006,Austria,Taxes on property,0.564
2006,Austria,Social security contributions (SSC),13.75
2007,Austria,Social security contributions (SSC),13.541
2007,Austria,Taxes on property,0.554
2007,Austria,"Taxes on income, profits and capital gains of individuals and corporations",12.085
2007,Austria,Taxes on goods and services,11.483
2007,Austria,Total tax revenue,40.548
2008,Austria,Total tax revenue,41.391
1995,Malta,"Taxes on income, profits and capital gains of individuals and corporations",8.31
1995,Malta,Taxes on property,1.073
1995,Malta,Social security contributions (SSC),6.433
1995,Malta,Total tax revenue,28.279
1995,Malta,Taxes on goods and services,12.442
1996,Malta,Taxes on goods and services,11.683
1996,Malta,Total tax revenue,25.726
1996,Malta,Social security contributions (SSC),6.333
1996,Malta,Taxes on property,0.96
1996,Malta,"Taxes on income, profits and capital gains of individuals and corporations",6.751
1997,Malta,"Taxes on income, profits and capital gains of individuals and corporations",7.69
1997,Malta,Taxes on property,0.886
1997,Malta,Social security contributions (SSC),6.435
1997,Malta,Total tax revenue,26.846
1997,Malta,Taxes on goods and services,11.834
1998,Malta,Taxes on goods and services,10.826
1998,Malta,Total tax revenue,24.548
1998,Malta,Social security contributions (SSC),5.99
1998,Malta,Taxes on property,0.813
1998,Malta,"Taxes on income, profits and capital gains of individuals and corporations",6.918
1999,Malta,"Taxes on income, profits and capital gains of individuals and corporations",7.832
1999,Malta,Taxes on property,0.768
1999,Malta,Social security contributions (SSC),5.959
1999,Malta,Total tax revenue,26.279
1999,Malta,Taxes on goods and services,11.72
2000,Malta,Taxes on goods and services,11.222
2000,Malta,Total tax revenue,25.671
2000,Malta,Social security contributions (SSC),5.902
2000,Malta,Taxes on property,0.717
2000,Malta,"Taxes on income, profits and capital gains of individuals and corporations",7.829
2001,Malta,"Taxes on income, profits and capital gains of individuals and corporations",8.359
2001,Malta,Taxes on property,0.796
2001,Malta,Social security contributions (SSC),6.021
2001,Malta,Total tax revenue,26.808
2001,Malta,Taxes on goods and services,11.632
2002,Malta,Taxes on goods and services,11.857
2002,Malta,Total tax revenue,28.013
2002,Malta,Social security contributions (SSC),5.995
2002,Malta,Taxes on property,1.028
2002,Malta,"Taxes on income, profits and capital gains of individuals and corporations",9.133
2003,Malta,"Taxes on income, profits and capital gains of individuals and corporations",9.961
2003,Malta,Taxes on property,1.081
2003,Malta,Social security contributions (SSC),6.005
2003,Malta,Total tax revenue,29.119
2003,Malta,Taxes on goods and services,12.071
2004,Malta,Taxes on goods and services,12.457
2004,Malta,Total tax revenue,29.555
2004,Malta,Social security contributions (SSC),5.968
2004,Malta,Taxes on property,1.512
2004,Malta,"Taxes on income, profits and capital gains of individuals and corporations",9.618
2005,Malta,"Taxes on income, profits and capital gains of individuals and corporations",10.067
2005,Malta,Taxes on property,1.51
2005,Malta,Social security contributions (SSC),5.971
2005,Malta,Total tax revenue,31.596
2005,Malta,Taxes on goods and services,14.048
2006,Malta,Taxes on goods and services,13.771
2006,Malta,Total tax revenue,31.892
2006,Malta,Social security contributions (SSC),5.848
2006,Malta,Taxes on property,1.467
2006,Malta,"Taxes on income, profits and capital gains of individuals and corporations",10.805
2007,Malta,"Taxes on income, profits and capital gains of individuals and corporations",11.913
2007,Malta,Taxes on property,1.559
2007,Malta,Social security contributions (SSC),5.572
2007,Malta,Total tax revenue,32.659
2007,Malta,Taxes on goods and services,13.615
2008,Malta,Taxes on goods and services,13.174
2008,Malta,Total tax revenue,31.483
2008,Malta,Social security contributions (SSC),5.637
2008,Malta,Taxes on property,1.218
2008,Malta,"Taxes on income, profits and capital gains of individuals and corporations",11.455
2009,Malta,"Taxes on income, profits and capital gains of individuals and corporations",12.038
2009,Malta,Taxes on property,1.007
2009,Malta,Social security contributions (SSC),5.592
2009,Malta,Total tax revenue,31.637
2009,Malta,Taxes on goods and services,13.0
2010,Malta,Taxes on goods and services,13.127
2010,Malta,Total tax revenue,30.691
2010,Malta,Social security contributions (SSC),5.399
2010,Malta,Taxes on property,0.957
2010,Malta,"Taxes on income, profits and capital gains of individuals and corporations",11.207
2011,Malta,"Taxes on income, profits and capital gains of individuals and corporations",11.5
2011,Malta,Taxes on property,0.967
2011,Malta,Social security contributions (SSC),5.671
2011,Malta,Total tax revenue,31.219
2011,Malta,Taxes on goods and services,13.08
2012,Malta,Taxes on goods and services,12.608
2012,Malta,Total tax revenue,30.99
2012,Malta,Social security contributions (SSC),5.51
2012,Malta,Taxes on property,0.931
2012,Malta,"Taxes on income, profits and capital gains of individuals and corporations",11.942
2013,Malta,"Taxes on income, profits and capital gains of individuals and corporations",12.291
2013,Malta,Taxes on property,0.838
2013,Malta,Social security contributions (SSC),5.332
2013,Malta,Total tax revenue,30.576
2013,Malta,Taxes on goods and services,12.115
2014,Malta,Taxes on goods and services,12.861
2014,Malta,Total tax revenue,30.868
2014,Malta,Social security contributions (SSC),5.183
2014,Malta,Taxes on property,0.835
2014,Malta,"Taxes on income, profits and capital gains of individuals and corporations",11.989
2015,Malta,"Taxes on income, profits and capital gains of individuals and corporations",11.564
2015,Malta,Taxes on property,0.932
2015,Malta,Social security contributions (SSC),4.885
2015,Malta,Total tax revenue,29.391
2015,Malta,Taxes on goods and services,12.01
2016,Malta,Taxes on goods and services,13.16
2016,Malta,Total tax revenue,31.421
2016,Malta,Social security contributions (SSC),4.972
2016,Malta,Taxes on property,1.065
2016,Malta,"Taxes on income, profits and capital gains of individuals and corporations",12.224
2017,Malta,"Taxes on income, profits and capital gains of individuals and corporations",12.053
2017,Malta,Taxes on property,1.017
2017,Malta,Social security contributions (SSC),4.732
2017,Malta,Total tax revenue,30.881
2017,Malta,Taxes on goods and services,13.079
2018,Malta,Taxes on goods and services,12.544
2018,Malta,Total tax revenue,30.358
2018,Malta,Social security contributions (SSC),4.806
2018,Malta,Taxes on property,1.202
2018,Malta,"Taxes on income, profits and capital gains of individuals and corporations",11.806
2019,Malta,"Taxes on income, profits and capital gains of individuals and corporations",12.247
2019,Malta,Taxes on property,1.091
2019,Malta,Social security contributions (SSC),4.771
2019,Malta,Total tax revenue,30.012
2019,Malta,Taxes on goods and services,11.903
2020,Malta,Taxes on goods and services,10.602
2020,Malta,Total tax revenue,27.754
2020,Malta,Social security contributions (SSC),5.112
2020,Malta,Taxes on property,0.642
2020,Malta,"Taxes on income, profits and capital gains of individuals and corporations",11.398
2021,Malta,"Taxes on income, profits and capital gains of individuals and corporations",11.912
2021,Malta,Taxes on property,0.76
2021,Malta,Social security contributions (SSC),4.841
2021,Malta,Total tax revenue,27.419
2021,Malta,Taxes on goods and services,9.906
2022,Malta,Taxes on goods and services,10.052
2022,Malta,Total tax revenue,27.649
2022,Malta,Social security contributions (SSC),4.839
2022,Malta,Taxes on property,0.758
2022,Malta,"Taxes on income, profits and capital gains of individuals and corporations",12.001
2023,Malta,"Taxes on income, profits and capital gains of individuals and corporations",11.47
2023,Malta,Taxes on property,0.831
2023,Malta,Social security contributions (SSC),4.646
2023,Malta,Total tax revenue,26.527
2023,Malta,Taxes on goods and services,9.579
1990,Australia,Social security contributions (SSC),0.0
1991,Australia,Social security contributions (SSC),0.0
1992,Australia,Social security contributions (SSC),0.0
1993,Australia,Social security contributions (SSC),0.0
1994,Australia,Social security contributions (SSC),0.0
1995,Australia,Social security contributions (SSC),0.0
1996,Australia,Social security contributions (SSC),0.0
1997,Australia,Social security contributions (SSC),0.0
1998,Australia,Social security contributions (SSC),0.0
1999,Australia,Social security contributions (SSC),0.0
2000,Australia,Social security contributions (SSC),0.0
2001,Australia,Social security contributions (SSC),0.0
2002,Australia,Social security contributions (SSC),0.0
2003,Australia,Social security contributions (SSC),0.0
2004,Australia,Social security contributions (SSC),0.0
2005,Australia,Social security contributions (SSC),0.0
2006,Australia,Social security contributions (SSC),0.0
2007,Australia,Social security contributions (SSC),0.0
2008,Australia,Social security contributions (SSC),0.0
2009,Australia,Social security contributions (SSC),0.0
2010,Australia,Social security contributions (SSC),0.0
2011,Australia,Social security contributions (SSC),0.0
2012,Australia,Social security contributions (SSC),0.0
2013,Australia,Social security contributions (SSC),0.0
2014,Australia,Social security contributions (SSC),0.0
2015,Australia,Social security contributions (SSC),0.0
2016,Australia,Social security contributions (SSC),0.0
2017,Australia,Social security contributions (SSC),0.0
2018,Australia,Social security contributions (SSC),0.0
2019,Australia,Social security contributions (SSC),0.0
1990,New Zealand,Social security contributions (SSC),0.0
1991,New Zealand,Social security contributions (SSC),0.0
1992,New Zealand,Social security contributions (SSC),0.0
1993,New Zealand,Social security contributions (SSC),0.0
1994,New Zealand,Social security contributions (SSC),0.0
1995,New Zealand,Social security contributions (SSC),0.0
1996,New Zealand,Social security contributions (SSC),0.0
1997,New Zealand,Social security contributions (SSC),0.0
1998,New Zealand,Social security contributions (SSC),0.0
1999,New Zealand,Social security contributions (SSC),0.0
2000,New Zealand,Social security contributions (SSC),0.0
2001,New Zealand,Social security contributions (SSC),0.0
2002,New Zealand,Social security contributions (SSC),0.0
2003,New Zealand,Social security contributions (SSC),0.0
2004,New Zealand,Social security contributions (SSC),0.0
2005,New Zealand,Social security contributions (SSC),0.0
2006,New Zealand,Social security contributions (SSC),0.0
2007,New Zealand,Social security contributions (SSC),0.0
2008,New Zealand,Social security contributions (SSC),0.0
2009,New Zealand,Social security contributions (SSC),0.0
2010,New Zealand,Social security contributions (SSC),0.0
2011,New Zealand,Social security contributions (SSC),0.0
2012,New Zealand,Social security contributions (SSC),0.0
2013,New Zealand,Social security contributions (SSC),0.0
2014,New Zealand,Social security contributions (SSC),0.0
2015,New Zealand,Social security contributions (SSC),0.0
2016,New Zealand,Social security contributions (SSC),0.0
2017,New Zealand,Social security contributions (SSC),0.0
2018,New Zealand,Social security contributions (SSC),0.0
2019,New Zealand,Social security contributions (SSC),0.0
2020,New Zealand,Social security contributions (SSC),0.0
2021,New Zealand,Social security contributions (SSC),0.0
2022,New Zealand,Social security contributions (SSC),0.0
2023,New Zealand,Social security contributions (SSC),0.0
2008,Austria,Social security contributions (SSC),13.673
2009,Austria,Social security contributions (SSC),14.106
2010,Austria,Social security contributions (SSC),13.999
2011,Austria,Social security contributions (SSC),13.978
2012,Austria,Social security contributions (SSC),14.096
2013,Austria,Social security contributions (SSC),14.462
2014,Austria,Social security contributions (SSC),14.501
2015,Austria,Social security contributions (SSC),14.485
2016,Austria,Social security contributions (SSC),14.493
2017,Austria,Social security contributions (SSC),14.598
2018,Austria,Social security contributions (SSC),14.709
2019,Austria,Social security contributions (SSC),14.877
2020,Austria,Social security contributions (SSC),15.498
2021,Austria,Social security contributions (SSC),15.363
2022,Austria,Social security contributions (SSC),14.734
2023,Austria,Social security contributions (SSC),14.837
1990,Belgium,Social security contributions (SSC),13.749
1991,Belgium,Social security contributions (SSC),14.272
1992,Belgium,Social security contributions (SSC),14.465
1993,Belgium,Social security contributions (SSC),14.679
1994,Belgium,Social security contributions (SSC),14.359
1995,Belgium,Social security contributions (SSC),14.038
1996,Belgium,Social security contributions (SSC),14.106
1997,Belgium,Social security contributions (SSC),13.927
1998,Belgium,Social security contributions (SSC),13.979
1999,Belgium,Social security contributions (SSC),13.919
2000,Belgium,Social security contributions (SSC),13.508
2001,Belgium,Social security contributions (SSC),13.686
2002,Belgium,Social security contributions (SSC),13.908
2003,Belgium,Social security contributions (SSC),13.804
2004,Belgium,Social security contributions (SSC),13.503
2005,Belgium,Social security contributions (SSC),13.301
2006,Belgium,Social security contributions (SSC),13.263
2007,Belgium,Social security contributions (SSC),13.351
2008,Belgium,Social security contributions (SSC),13.789
2009,Belgium,Social security contributions (SSC),14.279
2010,Belgium,Social security contributions (SSC),13.911
2011,Belgium,Social security contributions (SSC),14.081
2012,Belgium,Social security contributions (SSC),14.261
2013,Belgium,Social security contributions (SSC),14.338
2014,Belgium,Social security contributions (SSC),14.164
2015,Belgium,Social security contributions (SSC),14.08
2016,Belgium,Social security contributions (SSC),13.481
2017,Belgium,Social security contributions (SSC),13.411
2018,Belgium,Social security contributions (SSC),13.266
2019,Belgium,Social security contributions (SSC),13.186
2020,Belgium,Social security contributions (SSC),13.505
2021,Belgium,Social security contributions (SSC),12.894
2022,Belgium,Social security contributions (SSC),12.889
2023,Belgium,Social security contributions (SSC),13.186
1990,Canada,Social security contributions (SSC),4.26
1991,Canada,Social security contributions (SSC),4.666
1992,Canada,Social security contributions (SSC),4.983
1993,Canada,Social security contributions (SSC),4.89
1994,Canada,Social security contributions (SSC),5.016
1995,Canada,Social security contributions (SSC),4.845
1996,Canada,Social security contributions (SSC),4.892
1997,Canada,Social security contributions (SSC),4.765
1998,Canada,Social security contributions (SSC),4.956
1999,Canada,Social security contributions (SSC),4.75
2000,Canada,Social security contributions (SSC),4.719
2001,Canada,Social security contributions (SSC),4.838
2002,Canada,Social security contributions (SSC),5.033
2003,Canada,Social security contributions (SSC),5.057
2004,Canada,Social security contributions (SSC),4.887
2005,Canada,Social security contributions (SSC),4.821
2006,Canada,Social security contributions (SSC),4.768
2007,Canada,Social security contributions (SSC),4.673
2008,Canada,Social security contributions (SSC),4.521
2009,Canada,Social security contributions (SSC),4.861
2010,Canada,Social security contributions (SSC),4.609
2011,Canada,Social security contributions (SSC),4.538
2012,Canada,Social security contributions (SSC),4.699
2013,Canada,Social security contributions (SSC),4.752
2014,Canada,Social security contributions (SSC),4.68
2015,Canada,Social security contributions (SSC),4.842
2016,Canada,Social security contributions (SSC),4.888
2017,Canada,Social security contributions (SSC),4.624
2018,Canada,Social security contributions (SSC),4.65
2019,Canada,Social security contributions (SSC),4.685
2020,Canada,Social security contributions (SSC),4.841
2021,Canada,Social security contributions (SSC),4.804
2022,Canada,Social security contributions (SSC),4.748
2023,Canada,Social security contributions (SSC),5.186
1990,Chile,Social security contributions (SSC),1.506
1991,Chile,Social security contributions (SSC),1.359
1992,Chile,Social security contributions (SSC),1.415
1993,Chile,Social security contributions (SSC),1.342
1994,Chile,Social security contributions (SSC),1.276
1995,Chile,Social security contributions (SSC),1.177
1996,Chile,Social security contributions (SSC),1.244
1997,Chile,Social security contributions (SSC),1.25
1998,Chile,Social security contributions (SSC),1.316
1999,Chile,Social security contributions (SSC),1.37
2000,Chile,Social security contributions (SSC),1.366
2001,Chile,Social security contributions (SSC),1.383
2002,Chile,Social security contributions (SSC),1.402
2003,Chile,Social security contributions (SSC),1.376
2004,Chile,Social security contributions (SSC),1.37
2005,Chile,Social security contributions (SSC),1.361
2006,Chile,Social security contributions (SSC),1.288
2007,Chile,Social security contributions (SSC),1.274
2008,Chile,Social security contributions (SSC),1.373
2009,Chile,Social security contributions (SSC),1.427
2010,Chile,Social security contributions (SSC),1.349
2011,Chile,Social security contributions (SSC),1.336
2012,Chile,Social security contributions (SSC),1.387
2013,Chile,Social security contributions (SSC),1.434
2014,Chile,Social security contributions (SSC),1.426
2015,Chile,Social security contributions (SSC),1.42
2016,Chile,Social security contributions (SSC),1.447
2017,Chile,Social security contributions (SSC),1.465
2018,Chile,Social security contributions (SSC),1.471
2019,Chile,Social security contributions (SSC),1.532
2020,Chile,Social security contributions (SSC),1.543
2021,Chile,Social security contributions (SSC),1.175
2022,Chile,Social security contributions (SSC),0.98
2023,Chile,Social security contributions (SSC),1.164
1990,Colombia,Social security contributions (SSC),0.896
1991,Colombia,Social security contributions (SSC),1.849
1992,Colombia,Social security contributions (SSC),1.956
1993,Colombia,Social security contributions (SSC),2.193
1994,Colombia,Social security contributions (SSC),2.803
1995,Colombia,Social security contributions (SSC),3.642
1996,Colombia,Social security contributions (SSC),3.93
1997,Colombia,Social security contributions (SSC),4.09
1998,Colombia,Social security contributions (SSC),3.502
1999,Colombia,Social security contributions (SSC),3.238
2000,Colombia,Social security contributions (SSC),2.557
2001,Colombia,Social security contributions (SSC),2.533
2002,Colombia,Social security contributions (SSC),2.305
2003,Colombia,Social security contributions (SSC),2.114
2004,Colombia,Social security contributions (SSC),2.385
2005,Colombia,Social security contributions (SSC),2.321
2006,Colombia,Social security contributions (SSC),2.241
2007,Colombia,Social security contributions (SSC),2.262
2008,Colombia,Social security contributions (SSC),2.021
2009,Colombia,Social security contributions (SSC),2.061
2010,Colombia,Social security contributions (SSC),2.11
2011,Colombia,Social security contributions (SSC),1.665
2012,Colombia,Social security contributions (SSC),1.773
2013,Colombia,Social security contributions (SSC),2.331
2014,Colombia,Social security contributions (SSC),1.798
2015,Colombia,Social security contributions (SSC),1.688
2016,Colombia,Social security contributions (SSC),1.788
2017,Colombia,Social security contributions (SSC),1.451
2018,Colombia,Social security contributions (SSC),1.842
2019,Colombia,Social security contributions (SSC),1.845
2020,Colombia,Social security contributions (SSC),1.842
2021,Colombia,Social security contributions (SSC),1.817
2022,Colombia,Social security contributions (SSC),1.627
2023,Colombia,Social security contributions (SSC),1.614
1990,Costa Rica,Social security contributions (SSC),6.47
1991,Costa Rica,Social security contributions (SSC),4.801
1992,Costa Rica,Social security contributions (SSC),5.023
1993,Costa Rica,Social security contributions (SSC),5.376
1994,Costa Rica,Social security contributions (SSC),5.768
1995,Costa Rica,Social security contributions (SSC),5.665
1996,Costa Rica,Social security contributions (SSC),5.849
1997,Costa Rica,Social security contributions (SSC),5.848
1998,Costa Rica,Social security contributions (SSC),6.005
1999,Costa Rica,Social security contributions (SSC),6.385
2000,Costa Rica,Social security contributions (SSC),6.42
2001,Costa Rica,Social security contributions (SSC),6.563
2002,Costa Rica,Social security contributions (SSC),6.834
2003,Costa Rica,Social security contributions (SSC),6.549
2004,Costa Rica,Social security contributions (SSC),6.296
2005,Costa Rica,Social security contributions (SSC),6.45
2006,Costa Rica,Social security contributions (SSC),6.405
2007,Costa Rica,Social security contributions (SSC),6.372
2008,Costa Rica,Social security contributions (SSC),6.637
2009,Costa Rica,Social security contributions (SSC),7.05
2010,Costa Rica,Social security contributions (SSC),7.325
2011,Costa Rica,Social security contributions (SSC),7.547
2012,Costa Rica,Social security contributions (SSC),7.522
2013,Costa Rica,Social security contributions (SSC),7.572
2014,Costa Rica,Social security contributions (SSC),7.55
2015,Costa Rica,Social security contributions (SSC),7.64
2016,Costa Rica,Social security contributions (SSC),7.923
2017,Costa Rica,Social security contributions (SSC),7.689
2018,Costa Rica,Social security contributions (SSC),7.94
2019,Costa Rica,Social security contributions (SSC),8.0
2020,Costa Rica,Social security contributions (SSC),8.142
2021,Costa Rica,Social security contributions (SSC),8.941
2022,Costa Rica,Social security contributions (SSC),8.761
2023,Costa Rica,Social security contributions (SSC),8.908
1993,Czechia,Social security contributions (SSC),14.07
1994,Czechia,Social security contributions (SSC),14.119
1995,Czechia,Social security contributions (SSC),14.175
1996,Czechia,Social security contributions (SSC),14.141
1997,Czechia,Social security contributions (SSC),14.468
1998,Czechia,Social security contributions (SSC),14.227
1999,Czechia,Social security contributions (SSC),14.32
2000,Czechia,Social security contributions (SSC),14.233
2001,Czechia,Social security contributions (SSC),14.211
2002,Czechia,Social security contributions (SSC),14.596
2003,Czechia,Social security contributions (SSC),14.792
2004,Czechia,Social security contributions (SSC),14.565
2005,Czechia,Social security contributions (SSC),14.646
2006,Czechia,Social security contributions (SSC),14.772
2007,Czechia,Social security contributions (SSC),14.868
2008,Czechia,Social security contributions (SSC),14.75
2009,Czechia,Social security contributions (SSC),14.135
2010,Czechia,Social security contributions (SSC),14.283
2011,Czechia,Social security contributions (SSC),14.382
2012,Czechia,Social security contributions (SSC),14.492
2013,Czechia,Social security contributions (SSC),14.466
2014,Czechia,Social security contributions (SSC),14.288
2015,Czechia,Social security contributions (SSC),14.182
2016,Czechia,Social security contributions (SSC),14.446
2017,Czechia,Social security contributions (SSC),14.619
2018,Czechia,Social security contributions (SSC),15.152
2019,Czechia,Social security contributions (SSC),15.1
2020,Czechia,Social security contributions (SSC),15.471
2021,Czechia,Social security contributions (SSC),15.93
2022,Czechia,Social security contributions (SSC),15.237
2023,Czechia,Social security contributions (SSC),15.223
1990,Denmark,Social security contributions (SSC),0.012
1991,Denmark,Social security contributions (SSC),0.011
1992,Denmark,Social security contributions (SSC),0.011
1993,Denmark,Social security contributions (SSC),0.011
1994,Denmark,Social security contributions (SSC),0.011
1995,Denmark,Social security contributions (SSC),0.054
1996,Denmark,Social security contributions (SSC),0.064
1997,Denmark,Social security contributions (SSC),0.088
1998,Denmark,Social security contributions (SSC),0.085
1999,Denmark,Social security contributions (SSC),0.647
2000,Denmark,Social security contributions (SSC),0.637
2001,Denmark,Social security contributions (SSC),0.636
2002,Denmark,Social security contributions (SSC),0.114
2003,Denmark,Social security contributions (SSC),0.114
2004,Denmark,Social security contributions (SSC),0.11
2005,Denmark,Social security contributions (SSC),0.107
2006,Denmark,Social security contributions (SSC),0.099
2007,Denmark,Social security contributions (SSC),0.116
2008,Denmark,Social security contributions (SSC),0.093
2009,Denmark,Social security contributions (SSC),0.089
2010,Denmark,Social security contributions (SSC),0.126
2011,Denmark,Social security contributions (SSC),0.136
2012,Denmark,Social security contributions (SSC),0.123
2013,Denmark,Social security contributions (SSC),0.109
2014,Denmark,Social security contributions (SSC),0.097
2015,Denmark,Social security contributions (SSC),0.092
2016,Denmark,Social security contributions (SSC),0.08
2017,Denmark,Social security contributions (SSC),0.073
2018,Denmark,Social security contributions (SSC),0.077
2019,Denmark,Social security contributions (SSC),0.073
2020,Denmark,Social security contributions (SSC),0.093
2021,Denmark,Social security contributions (SSC),0.097
2022,Denmark,Social security contributions (SSC),0.082
2023,Denmark,Social security contributions (SSC),0.08
1995,Estonia,Social security contributions (SSC),11.881
1996,Estonia,Social security contributions (SSC),11.493
1997,Estonia,Social security contributions (SSC),11.112
1998,Estonia,Social security contributions (SSC),11.046
1999,Estonia,Social security contributions (SSC),10.975
2000,Estonia,Social security contributions (SSC),10.914
2001,Estonia,Social security contributions (SSC),10.632
2002,Estonia,Social security contributions (SSC),10.909
2003,Estonia,Social security contributions (SSC),10.551
2004,Estonia,Social security contributions (SSC),10.25
2005,Estonia,Social security contributions (SSC),10.108
2006,Estonia,Social security contributions (SSC),9.974
2007,Estonia,Social security contributions (SSC),10.263
2008,Estonia,Social security contributions (SSC),11.378
2009,Estonia,Social security contributions (SSC),12.873
2010,Estonia,Social security contributions (SSC),12.749
2011,Estonia,Social security contributions (SSC),11.556
2012,Estonia,Social security contributions (SSC),11.059
2013,Estonia,Social security contributions (SSC),10.841
2014,Estonia,Social security contributions (SSC),10.722
2015,Estonia,Social security contributions (SSC),10.948
2016,Estonia,Social security contributions (SSC),11.014
2017,Estonia,Social security contributions (SSC),10.911
2018,Estonia,Social security contributions (SSC),11.265
2019,Estonia,Social security contributions (SSC),11.437
2020,Estonia,Social security contributions (SSC),11.957
2021,Estonia,Social security contributions (SSC),11.611
2022,Estonia,Social security contributions (SSC),11.313
2023,Estonia,Social security contributions (SSC),11.991
1990,Finland,Social security contributions (SSC),11.007
1991,Finland,Social security contributions (SSC),12.357
1992,Finland,Social security contributions (SSC),13.134
1993,Finland,Social security contributions (SSC),13.823
1994,Finland,Social security contributions (SSC),14.443
1995,Finland,Social security contributions (SSC),13.717
1996,Finland,Social security contributions (SSC),13.214
1997,Finland,Social security contributions (SSC),12.422
1998,Finland,Social security contributions (SSC),12.211
1999,Finland,Social security contributions (SSC),12.168
2000,Finland,Social security contributions (SSC),11.548
2001,Finland,Social security contributions (SSC),11.604
2002,Finland,Social security contributions (SSC),11.474
2003,Finland,Social security contributions (SSC),11.304
2004,Finland,Social security contributions (SSC),11.189
2005,Finland,Social security contributions (SSC),11.464
2006,Finland,Social security contributions (SSC),11.727
2007,Finland,Social security contributions (SSC),11.431
2008,Finland,Social security contributions (SSC),11.497
2009,Finland,Social security contributions (SSC),12.135
2010,Finland,Social security contributions (SSC),12.038
2011,Finland,Social security contributions (SSC),12.008
2012,Finland,Social security contributions (SSC),12.565
2013,Finland,Social security contributions (SSC),12.545
2014,Finland,Social security contributions (SSC),12.572
2015,Finland,Social security contributions (SSC),12.602
2016,Finland,Social security contributions (SSC),12.702
2017,Finland,Social security contributions (SSC),11.931
2018,Finland,Social security contributions (SSC),11.842
2019,Finland,Social security contributions (SSC),11.797
2020,Finland,Social security contributions (SSC),11.48
2021,Finland,Social security contributions (SSC),12.042
2022,Finland,Social security contributions (SSC),11.937
2023,Finland,Social security contributions (SSC),12.281
1990,France,Social security contributions (SSC),18.309
1991,France,Social security contributions (SSC),18.362
1992,France,Social security contributions (SSC),18.446
1993,France,Social security contributions (SSC),19.581
1994,France,Social security contributions (SSC),18.945
1995,France,Social security contributions (SSC),18.125
1996,France,Social security contributions (SSC),18.185
1997,France,Social security contributions (SSC),17.696
1998,France,Social security contributions (SSC),15.688
1999,France,Social security contributions (SSC),15.865
2000,France,Social security contributions (SSC),15.62
2001,France,Social security contributions (SSC),15.65
2002,France,Social security contributions (SSC),15.746
2003,France,Social security contributions (SSC),15.969
2004,France,Social security contributions (SSC),15.751
2005,France,Social security contributions (SSC),15.76
2006,France,Social security contributions (SSC),15.895
2007,France,Social security contributions (SSC),15.674
2008,France,Social security contributions (SSC),15.668
2009,France,Social security contributions (SSC),16.197
2010,France,Social security contributions (SSC),16.023
2011,France,Social security contributions (SSC),16.13
2012,France,Social security contributions (SSC),16.381
2013,France,Social security contributions (SSC),16.638
2014,France,Social security contributions (SSC),16.813
2015,France,Social security contributions (SSC),16.632
2016,France,Social security contributions (SSC),16.62
2017,France,Social security contributions (SSC),16.732
2018,France,Social security contributions (SSC),15.998
2019,France,Social security contributions (SSC),14.793
2020,France,Social security contributions (SSC),14.695
2021,France,Social security contributions (SSC),14.719
2022,France,Social security contributions (SSC),14.81
2023,France,Social security contributions (SSC),14.561
1990,Germany,Social security contributions (SSC),13.044
1991,Germany,Social security contributions (SSC),13.324
1992,Germany,Social security contributions (SSC),13.582
1993,Germany,Social security contributions (SSC),13.727
1994,Germany,Social security contributions (SSC),14.018
1995,Germany,Social security contributions (SSC),14.148
1996,Germany,Social security contributions (SSC),14.356
1997,Germany,Social security contributions (SSC),14.551
1998,Germany,Social security contributions (SSC),14.38
1999,Germany,Social security contributions (SSC),14.237
2000,Germany,Social security contributions (SSC),14.198
2001,Germany,Social security contributions (SSC),13.965
2002,Germany,Social security contributions (SSC),13.918
2003,Germany,Social security contributions (SSC),14.075
2004,Germany,Social security contributions (SSC),13.837
2005,Germany,Social security contributions (SSC),13.614
2006,Germany,Social security contributions (SSC),13.289
2007,Germany,Social security contributions (SSC),12.832
2008,Germany,Social security contributions (SSC),12.897
2009,Germany,Social security contributions (SSC),14.092
2010,Germany,Social security contributions (SSC),13.817
2011,Germany,Social security contributions (SSC),13.795
2012,Germany,Social security contributions (SSC),13.959
2013,Germany,Social security contributions (SSC),13.957
2014,Germany,Social security contributions (SSC),13.926
2015,Germany,Social security contributions (SSC),14.039
2016,Germany,Social security contributions (SSC),14.207
2017,Germany,Social security contributions (SSC),14.299
2018,Germany,Social security contributions (SSC),14.49
2019,Germany,Social security contributions (SSC),14.626
2020,Germany,Social security contributions (SSC),15.051
2021,Germany,Social security contributions (SSC),14.772
2022,Germany,Social security contributions (SSC),14.628
2023,Germany,Social security contributions (SSC),14.65
1990,Greece,Social security contributions (SSC),7.611
1991,Greece,Social security contributions (SSC),7.38
1992,Greece,Social security contributions (SSC),7.318
1993,Greece,Social security contributions (SSC),8.238
1994,Greece,Social security contributions (SSC),8.285
1995,Greece,Social security contributions (SSC),8.995
1996,Greece,Social security contributions (SSC),9.057
1997,Greece,Social security contributions (SSC),9.269
1998,Greece,Social security contributions (SSC),9.478
1999,Greece,Social security contributions (SSC),9.596
2000,Greece,Social security contributions (SSC),10.113
2001,Greece,Social security contributions (SSC),10.194
2002,Greece,Social security contributions (SSC),11.09
2003,Greece,Social security contributions (SSC),11.005
2004,Greece,Social security contributions (SSC),10.515
2005,Greece,Social security contributions (SSC),10.709
2006,Greece,Social security contributions (SSC),10.259
2007,Greece,Social security contributions (SSC),10.718
2008,Greece,Social security contributions (SSC),10.738
2009,Greece,Social security contributions (SSC),10.167
2010,Greece,Social security contributions (SSC),11.042
2011,Greece,Social security contributions (SSC),10.889
2012,Greece,Social security contributions (SSC),11.112
2013,Greece,Social security contributions (SSC),10.759
2014,Greece,Social security contributions (SSC),10.48
2015,Greece,Social security contributions (SSC),10.663
2016,Greece,Social security contributions (SSC),11.068
2017,Greece,Social security contributions (SSC),11.745
2018,Greece,Social security contributions (SSC),11.944
2019,Greece,Social security contributions (SSC),12.141
2020,Greece,Social security contributions (SSC),12.939
2021,Greece,Social security contributions (SSC),12.902
2022,Greece,Social security contributions (SSC),12.19
2023,Greece,Social security contributions (SSC),11.461
1991,Hungary,Social security contributions (SSC),16.008
1992,Hungary,Social security contributions (SSC),17.306
1993,Hungary,Social security contributions (SSC),17.688
1994,Hungary,Social security contributions (SSC),16.53
1995,Hungary,Social security contributions (SSC),14.53
1996,Hungary,Social security contributions (SSC),13.522
1997,Hungary,Social security contributions (SSC),12.77
1998,Hungary,Social security contributions (SSC),12.555
1999,Hungary,Social security contributions (SSC),11.56
2000,Hungary,Social security contributions (SSC),11.309
2001,Hungary,Social security contributions (SSC),11.171
2002,Hungary,Social security contributions (SSC),12.206
2003,Hungary,Social security contributions (SSC),12.075
2004,Hungary,Social security contributions (SSC),11.743
2005,Hungary,Social security contributions (SSC),11.895
2006,Hungary,Social security contributions (SSC),12.072
2007,Hungary,Social security contributions (SSC),13.217
2008,Hungary,Social security contributions (SSC),13.167
2009,Hungary,Social security contributions (SSC),12.573
2010,Hungary,Social security contributions (SSC),11.568
2011,Hungary,Social security contributions (SSC),12.639
2012,Hungary,Social security contributions (SSC),13.206
2013,Hungary,Social security contributions (SSC),12.846
2014,Hungary,Social security contributions (SSC),12.684
2015,Hungary,Social security contributions (SSC),12.68
2016,Hungary,Social security contributions (SSC),13.169
2017,Hungary,Social security contributions (SSC),12.278
2018,Hungary,Social security contributions (SSC),11.639
2019,Hungary,Social security contributions (SSC),11.632
2020,Hungary,Social security contributions (SSC),11.073
2021,Hungary,Social security contributions (SSC),10.473
2022,Hungary,Social security contributions (SSC),9.828
2023,Hungary,Social security contributions (SSC),9.581
1990,Iceland,Social security contributions (SSC),0.957
1991,Iceland,Social security contributions (SSC),2.132
1992,Iceland,Social security contributions (SSC),2.486
1993,Iceland,Social security contributions (SSC),2.454
1994,Iceland,Social security contributions (SSC),2.442
1995,Iceland,Social security contributions (SSC),2.485
1996,Iceland,Social security contributions (SSC),2.746
1997,Iceland,Social security contributions (SSC),2.754
1998,Iceland,Social security contributions (SSC),2.666
1999,Iceland,Social security contributions (SSC),2.738
2000,Iceland,Social security contributions (SSC),2.774
2001,Iceland,Social security contributions (SSC),2.731
2002,Iceland,Social security contributions (SSC),2.739
2003,Iceland,Social security contributions (SSC),2.972
2004,Iceland,Social security contributions (SSC),2.923
2005,Iceland,Social security contributions (SSC),3.088
2006,Iceland,Social security contributions (SSC),3.134
2007,Iceland,Social security contributions (SSC),2.855
2008,Iceland,Social security contributions (SSC),2.62
2009,Iceland,Social security contributions (SSC),2.823
2010,Iceland,Social security contributions (SSC),3.783
2011,Iceland,Social security contributions (SSC),3.786
2012,Iceland,Social security contributions (SSC),3.516
2013,Iceland,Social security contributions (SSC),3.548
2014,Iceland,Social security contributions (SSC),3.52
2015,Iceland,Social security contributions (SSC),3.449
2016,Iceland,Social security contributions (SSC),3.398
2017,Iceland,Social security contributions (SSC),3.393
2018,Iceland,Social security contributions (SSC),3.454
2019,Iceland,Social security contributions (SSC),3.219
2020,Iceland,Social security contributions (SSC),3.017
2021,Iceland,Social security contributions (SSC),2.974
2022,Iceland,Social security contributions (SSC),2.976
2023,Iceland,Social security contributions (SSC),2.99
1990,Ireland,Social security contributions (SSC),4.568
1991,Ireland,Social security contributions (SSC),4.751
1992,Ireland,Social security contributions (SSC),4.805
1993,Ireland,Social security contributions (SSC),4.824
1994,Ireland,Social security contributions (SSC),4.701
1995,Ireland,Social security contributions (SSC),4.307
1996,Ireland,Social security contributions (SSC),4.058
1997,Ireland,Social security contributions (SSC),3.83
1998,Ireland,Social security contributions (SSC),3.591
1999,Ireland,Social security contributions (SSC),3.597
2000,Ireland,Social security contributions (SSC),3.656
2001,Ireland,Social security contributions (SSC),3.763
2002,Ireland,Social security contributions (SSC),3.703
2003,Ireland,Social security contributions (SSC),3.693
2004,Ireland,Social security contributions (SSC),3.824
2005,Ireland,Social security contributions (SSC),3.838
2006,Ireland,Social security contributions (SSC),3.877
2007,Ireland,Social security contributions (SSC),4.132
2008,Ireland,Social security contributions (SSC),4.459
2009,Ireland,Social security contributions (SSC),5.203
2010,Ireland,Social security contributions (SSC),5.051
2011,Ireland,Social security contributions (SSC),5.095
2012,Ireland,Social security contributions (SSC),4.732
2013,Ireland,Social security contributions (SSC),4.842
2014,Ireland,Social security contributions (SSC),4.691
2015,Ireland,Social security contributions (SSC),3.669
2016,Ireland,Social security contributions (SSC),3.8
2017,Ireland,Social security contributions (SSC),3.598
2018,Ireland,Social security contributions (SSC),3.614
2019,Ireland,Social security contributions (SSC),3.605
2020,Ireland,Social security contributions (SSC),3.209
2021,Ireland,Social security contributions (SSC),3.07
2022,Ireland,Social security contributions (SSC),3.065
2023,Ireland,Social security contributions (SSC),3.407
1995,Israel,Social security contributions (SSC),4.706
1996,Israel,Social security contributions (SSC),4.736
1997,Israel,Social security contributions (SSC),4.976
1998,Israel,Social security contributions (SSC),4.935
1999,Israel,Social security contributions (SSC),4.927
2000,Israel,Social security contributions (SSC),4.952
2001,Israel,Social security contributions (SSC),5.232
2002,Israel,Social security contributions (SSC),5.284
2003,Israel,Social security contributions (SSC),5.388
2004,Israel,Social security contributions (SSC),5.248
2005,Israel,Social security contributions (SSC),5.229
2006,Israel,Social security contributions (SSC),5.095
2007,Israel,Social security contributions (SSC),4.996
2008,Israel,Social security contributions (SSC),5.095
2009,Israel,Social security contributions (SSC),4.913
2010,Israel,Social security contributions (SSC),5.06
2011,Israel,Social security contributions (SSC),5.083
2012,Israel,Social security contributions (SSC),4.949
2013,Israel,Social security contributions (SSC),4.952
2014,Israel,Social security contributions (SSC),4.98
2015,Israel,Social security contributions (SSC),5.05
2016,Israel,Social security contributions (SSC),5.132
2017,Israel,Social security contributions (SSC),5.18
2018,Israel,Social security contributions (SSC),5.228
2019,Israel,Social security contributions (SSC),5.207
2020,Israel,Social security contributions (SSC),5.134
2021,Israel,Social security contributions (SSC),5.003
2022,Israel,Social security contributions (SSC),5.007
2023,Israel,Social security contributions (SSC),4.979
1990,Italy,Social security contributions (SSC),11.937
1991,Italy,Social security contributions (SSC),12.108
1992,Italy,Social security contributions (SSC),12.282
1993,Italy,Social security contributions (SSC),12.732
1994,Italy,Social security contributions (SSC),12.055
1995,Italy,Social security contributions (SSC),12.103
1996,Italy,Social security contributions (SSC),13.682
1997,Italy,Social security contributions (SSC),13.979
1998,Italy,Social security contributions (SSC),11.681
1999,Italy,Social security contributions (SSC),11.635
2000,Italy,Social security contributions (SSC),11.569
2001,Italy,Social security contributions (SSC),11.445
2002,Italy,Social security contributions (SSC),11.629
2003,Italy,Social security contributions (SSC),11.785
2004,Italy,Social security contributions (SSC),11.828
2005,Italy,Social security contributions (SSC),12.008
2006,Italy,Social security contributions (SSC),11.943
2007,Italy,Social security contributions (SSC),12.433
2008,Italy,Social security contributions (SSC),12.91
2009,Italy,Social security contributions (SSC),13.164
2010,Italy,Social security contributions (SSC),12.979
2011,Italy,Social security contributions (SSC),12.836
2012,Italy,Social security contributions (SSC),12.983
2013,Italy,Social security contributions (SSC),13.05
2014,Italy,Social security contributions (SSC),12.885
2015,Italy,Social security contributions (SSC),12.95
2016,Italy,Social security contributions (SSC),12.729
2017,Italy,Social security contributions (SSC),12.704
2018,Italy,Social security contributions (SSC),12.964
2019,Italy,Social security contributions (SSC),13.207
2020,Italy,Social security contributions (SSC),13.529
2021,Italy,Social security contributions (SSC),13.211
2022,Italy,Social security contributions (SSC),13.064
2023,Italy,Social security contributions (SSC),12.664
1990,Japan,Social security contributions (SSC),7.325
1991,Japan,Social security contributions (SSC),7.519
1992,Japan,Social security contributions (SSC),7.667
1993,Japan,Social security contributions (SSC),7.878
1994,Japan,Social security contributions (SSC),8.098
1995,Japan,Social security contributions (SSC),8.527
1996,Japan,Social security contributions (SSC),8.575
1997,Japan,Social security contributions (SSC),8.822
1998,Japan,Social security contributions (SSC),8.961
1999,Japan,Social security contributions (SSC),8.917
2000,Japan,Social security contributions (SSC),8.922
2001,Japan,Social security contributions (SSC),9.319
2002,Japan,Social security contributions (SSC),9.37
2003,Japan,Social security contributions (SSC),9.306
2004,Japan,Social security contributions (SSC),9.345
2005,Japan,Social security contributions (SSC),9.52
2006,Japan,Social security contributions (SSC),9.75
2007,Japan,Social security contributions (SSC),9.903
2008,Japan,Social security contributions (SSC),10.506
2009,Japan,Social security contributions (SSC),10.521
2010,Japan,Social security contributions (SSC),10.787
2011,Japan,Social security contributions (SSC),11.264
2012,Japan,Social security contributions (SSC),11.631
2013,Japan,Social security contributions (SSC),11.665
2014,Japan,Social security contributions (SSC),11.893
2015,Japan,Social security contributions (SSC),11.921
2016,Japan,Social security contributions (SSC),12.228
2017,Japan,Social security contributions (SSC),12.347
2018,Japan,Social security contributions (SSC),12.687
2019,Japan,Social security contributions (SSC),12.939
2020,Japan,Social security contributions (SSC),13.281
2021,Japan,Social security contributions (SSC),13.284
2022,Japan,Social security contributions (SSC),13.27
1990,Korea,Social security contributions (SSC),1.875
1991,Korea,Social security contributions (SSC),1.902
1992,Korea,Social security contributions (SSC),2.022
1993,Korea,Social security contributions (SSC),2.472
1994,Korea,Social security contributions (SSC),2.312
1995,Korea,Social security contributions (SSC),2.268
1996,Korea,Social security contributions (SSC),2.581
1997,Korea,Social security contributions (SSC),2.691
1998,Korea,Social security contributions (SSC),3.142
1999,Korea,Social security contributions (SSC),3.3
2000,Korea,Social security contributions (SSC),3.493
2001,Korea,Social security contributions (SSC),3.881
2002,Korea,Social security contributions (SSC),4.046
2003,Korea,Social security contributions (SSC),4.341
2004,Korea,Social security contributions (SSC),4.446
2005,Korea,Social security contributions (SSC),4.585
2006,Korea,Social security contributions (SSC),4.799
2007,Korea,Social security contributions (SSC),4.918
2008,Korea,Social security contributions (SSC),5.148
2009,Korea,Social security contributions (SSC),5.305
2010,Korea,Social security contributions (SSC),5.224
2011,Korea,Social security contributions (SSC),5.561
2012,Korea,Social security contributions (SSC),5.859
2013,Korea,Social security contributions (SSC),6.103
2014,Korea,Social security contributions (SSC),6.282
2015,Korea,Social security contributions (SSC),6.314
2016,Korea,Social security contributions (SSC),6.472
2017,Korea,Social security contributions (SSC),6.519
2018,Korea,Social security contributions (SSC),6.778
2019,Korea,Social security contributions (SSC),7.278
2020,Korea,Social security contributions (SSC),7.773
2021,Korea,Social security contributions (SSC),7.798
2022,Korea,Social security contributions (SSC),8.176
2023,Korea,Social security contributions (SSC),8.438
1995,Latvia,Social security contributions (SSC),10.971
1996,Latvia,Social security contributions (SSC),10.304
1997,Latvia,Social security contributions (SSC),10.183
1998,Latvia,Social security contributions (SSC),10.114
1999,Latvia,Social security contributions (SSC),10.313
2000,Latvia,Social security contributions (SSC),9.742
2001,Latvia,Social security contributions (SSC),9.117
2002,Latvia,Social security contributions (SSC),9.025
2003,Latvia,Social security contributions (SSC),8.412
2004,Latvia,Social security contributions (SSC),8.261
2005,Latvia,Social security contributions (SSC),7.895
2006,Latvia,Social security contributions (SSC),8.006
2007,Latvia,Social security contributions (SSC),7.813
2008,Latvia,Social security contributions (SSC),7.903
2009,Latvia,Social security contributions (SSC),9.169
2010,Latvia,Social security contributions (SSC),8.59
2011,Latvia,Social security contributions (SSC),8.922
2012,Latvia,Social security contributions (SSC),8.679
2013,Latvia,Social security contributions (SSC),8.498
2014,Latvia,Social security contributions (SSC),8.39
2015,Latvia,Social security contributions (SSC),8.261
2016,Latvia,Social security contributions (SSC),8.147
2017,Latvia,Social security contributions (SSC),8.373
2018,Latvia,Social security contributions (SSC),9.118
2019,Latvia,Social security contributions (SSC),9.523
2020,Latvia,Social security contributions (SSC),9.914
2021,Latvia,Social security contributions (SSC),9.569
2022,Latvia,Social security contributions (SSC),9.405
2023,Latvia,Social security contributions (SSC),10.16
1995,Lithuania,Social security contributions (SSC),7.204
1996,Lithuania,Social security contributions (SSC),7.687
1997,Lithuania,Social security contributions (SSC),8.976
1998,Lithuania,Social security contributions (SSC),9.985
1999,Lithuania,Social security contributions (SSC),9.817
2000,Lithuania,Social security contributions (SSC),9.913
2001,Lithuania,Social security contributions (SSC),9.385
2002,Lithuania,Social security contributions (SSC),9.188
2003,Lithuania,Social security contributions (SSC),9.114
2004,Lithuania,Social security contributions (SSC),9.062
2005,Lithuania,Social security contributions (SSC),8.837
2006,Lithuania,Social security contributions (SSC),9.067
2007,Lithuania,Social security contributions (SSC),9.081
2008,Lithuania,Social security contributions (SSC),9.471
2009,Lithuania,Social security contributions (SSC),12.465
2010,Lithuania,Social security contributions (SSC),11.633
2011,Lithuania,Social security contributions (SSC),11.04
2012,Lithuania,Social security contributions (SSC),10.762
2013,Lithuania,Social security contributions (SSC),10.77
2014,Lithuania,Social security contributions (SSC),11.062
2015,Lithuania,Social security contributions (SSC),11.568
2016,Lithuania,Social security contributions (SSC),12.084
2017,Lithuania,Social security contributions (SSC),12.188
2018,Lithuania,Social security contributions (SSC),12.646
2019,Lithuania,Social security contributions (SSC),9.614
2020,Lithuania,Social security contributions (SSC),10.198
2021,Lithuania,Social security contributions (SSC),10.127
2022,Lithuania,Social security contributions (SSC),9.818
2023,Lithuania,Social security contributions (SSC),10.407
1990,Luxembourg,Social security contributions (SSC),9.552
1991,Luxembourg,Social security contributions (SSC),9.499
1992,Luxembourg,Social security contributions (SSC),10.025
1993,Luxembourg,Social security contributions (SSC),9.919
1994,Luxembourg,Social security contributions (SSC),9.522
1995,Luxembourg,Social security contributions (SSC),9.717
1996,Luxembourg,Social security contributions (SSC),9.752
1997,Luxembourg,Social security contributions (SSC),9.54
1998,Luxembourg,Social security contributions (SSC),9.788
1999,Luxembourg,Social security contributions (SSC),9.791
2000,Luxembourg,Social security contributions (SSC),9.674
2001,Luxembourg,Social security contributions (SSC),10.352
2002,Luxembourg,Social security contributions (SSC),10.49
2003,Luxembourg,Social security contributions (SSC),10.655
2004,Luxembourg,Social security contributions (SSC),10.466
2005,Luxembourg,Social security contributions (SSC),10.486
2006,Luxembourg,Social security contributions (SSC),9.863
2007,Luxembourg,Social security contributions (SSC),9.855
2008,Luxembourg,Social security contributions (SSC),9.962
2009,Luxembourg,Social security contributions (SSC),10.858
2010,Luxembourg,Social security contributions (SSC),10.346
2011,Luxembourg,Social security contributions (SSC),10.52
2012,Luxembourg,Social security contributions (SSC),10.591
2013,Luxembourg,Social security contributions (SSC),10.427
2014,Luxembourg,Social security contributions (SSC),10.188
2015,Luxembourg,Social security contributions (SSC),10.246
2016,Luxembourg,Social security contributions (SSC),10.204
2017,Luxembourg,Social security contributions (SSC),10.529
2018,Luxembourg,Social security contributions (SSC),10.772
2019,Luxembourg,Social security contributions (SSC),10.977
2020,Luxembourg,Social security contributions (SSC),11.145
2021,Luxembourg,Social security contributions (SSC),10.573
2022,Luxembourg,Social security contributions (SSC),10.637
2023,Luxembourg,Social security contributions (SSC),11.479
1990,Mexico,Social security contributions (SSC),1.938
1991,Mexico,Social security contributions (SSC),2.015
1992,Mexico,Social security contributions (SSC),2.161
1993,Mexico,Social security contributions (SSC),2.159
1994,Mexico,Social security contributions (SSC),2.292
1995,Mexico,Social security contributions (SSC),2.085
1996,Mexico,Social security contributions (SSC),2.005
1997,Mexico,Social security contributions (SSC),1.859
1998,Mexico,Social security contributions (SSC),1.798
1999,Mexico,Social security contributions (SSC),1.871
2000,Mexico,Social security contributions (SSC),1.97
2001,Mexico,Social security contributions (SSC),2.057
2002,Mexico,Social security contributions (SSC),2.084
2003,Mexico,Social security contributions (SSC),2.144
2004,Mexico,Social security contributions (SSC),2.083
2005,Mexico,Social security contributions (SSC),2.066
2006,Mexico,Social security contributions (SSC),1.934
2007,Mexico,Social security contributions (SSC),1.965
2008,Mexico,Social security contributions (SSC),1.875
2009,Mexico,Social security contributions (SSC),2.053
2010,Mexico,Social security contributions (SSC),1.986
2011,Mexico,Social security contributions (SSC),1.981
2012,Mexico,Social security contributions (SSC),1.998
2013,Mexico,Social security contributions (SSC),2.076
2014,Mexico,Social security contributions (SSC),2.086
2015,Mexico,Social security contributions (SSC),2.128
2016,Mexico,Social security contributions (SSC),2.095
2017,Mexico,Social security contributions (SSC),2.075
2018,Mexico,Social security contributions (SSC),2.106
2019,Mexico,Social security contributions (SSC),2.196
2020,Mexico,Social security contributions (SSC),2.392
2021,Mexico,Social security contributions (SSC),2.3
2022,Mexico,Social security contributions (SSC),2.314
2023,Mexico,Social security contributions (SSC),2.397
1990,Netherlands,Social security contributions (SSC),14.834
1991,Netherlands,Social security contributions (SSC),15.572
1992,Netherlands,Social security contributions (SSC),16.094
1993,Netherlands,Social security contributions (SSC),16.044
1994,Netherlands,Social security contributions (SSC),16.333
1995,Netherlands,Social security contributions (SSC),14.705
1996,Netherlands,Social security contributions (SSC),14.139
1997,Netherlands,Social security contributions (SSC),13.999
1998,Netherlands,Social security contributions (SSC),13.768
1999,Netherlands,Social security contributions (SSC),14.292
2000,Netherlands,Social security contributions (SSC),14.269
2001,Netherlands,Social security contributions (SSC),12.698
2002,Netherlands,Social security contributions (SSC),12.283
2003,Netherlands,Social security contributions (SSC),12.796
2004,Netherlands,Social security contributions (SSC),12.867
2005,Netherlands,Social security contributions (SSC),12.031
2006,Netherlands,Social security contributions (SSC),12.9
2007,Netherlands,Social security contributions (SSC),12.376
2008,Netherlands,Social security contributions (SSC),13.223
2009,Netherlands,Social security contributions (SSC),12.511
2010,Netherlands,Social security contributions (SSC),12.866
2011,Netherlands,Social security contributions (SSC),13.486
2012,Netherlands,Social security contributions (SSC),14.409
2013,Netherlands,Social security contributions (SSC),14.63
2014,Netherlands,Social security contributions (SSC),14.532
2015,Netherlands,Social security contributions (SSC),13.791
2016,Netherlands,Social security contributions (SSC),14.427
2017,Netherlands,Social security contributions (SSC),13.573
2018,Netherlands,Social security contributions (SSC),13.724
2019,Netherlands,Social security contributions (SSC),13.172
2020,Netherlands,Social security contributions (SSC),13.312
2021,Netherlands,Social security contributions (SSC),12.637
2022,Netherlands,Social security contributions (SSC),12.524
2023,Netherlands,Social security contributions (SSC),12.102
1990,Norway,Social security contributions (SSC),10.584
1991,Norway,Social security contributions (SSC),10.54
1992,Norway,Social security contributions (SSC),10.642
1993,Norway,Social security contributions (SSC),9.72
1994,Norway,Social security contributions (SSC),9.633
1995,Norway,Social security contributions (SSC),9.404
1996,Norway,Social security contributions (SSC),9.201
1997,Norway,Social security contributions (SSC),9.118
1998,Norway,Social security contributions (SSC),9.691
1999,Norway,Social security contributions (SSC),9.837
2000,Norway,Social security contributions (SSC),8.758
2001,Norway,Social security contributions (SSC),9.043
2002,Norway,Social security contributions (SSC),9.66
2003,Norway,Social security contributions (SSC),9.575
2004,Norway,Social security contributions (SSC),9.159
2005,Norway,Social security contributions (SSC),8.67
2006,Norway,Social security contributions (SSC),8.472
2007,Norway,Social security contributions (SSC),8.663
2008,Norway,Social security contributions (SSC),8.549
2009,Norway,Social security contributions (SSC),9.544
2010,Norway,Social security contributions (SSC),9.327
2011,Norway,Social security contributions (SSC),9.211
2012,Norway,Social security contributions (SSC),9.285
2013,Norway,Social security contributions (SSC),9.464
2014,Norway,Social security contributions (SSC),9.883
2015,Norway,Social security contributions (SSC),10.387
2016,Norway,Social security contributions (SSC),10.618
2017,Norway,Social security contributions (SSC),10.227
2018,Norway,Social security contributions (SSC),9.99
2019,Norway,Social security contributions (SSC),10.483
2020,Norway,Social security contributions (SSC),11.013
2021,Norway,Social security contributions (SSC),9.297
2022,Norway,Social security contributions (SSC),7.506
2023,Norway,Social security contributions (SSC),9.22
1991,Poland,Social security contributions (SSC),10.834
1992,Poland,Social security contributions (SSC),11.926
1993,Poland,Social security contributions (SSC),12.104
1994,Poland,Social security contributions (SSC),10.804
1995,Poland,Social security contributions (SSC),11.088
1996,Poland,Social security contributions (SSC),11.362
1997,Poland,Social security contributions (SSC),11.511
1998,Poland,Social security contributions (SSC),11.496
1999,Poland,Social security contributions (SSC),13.64
2000,Poland,Social security contributions (SSC),12.878
2001,Poland,Social security contributions (SSC),13.412
2002,Poland,Social security contributions (SSC),12.808
2003,Poland,Social security contributions (SSC),12.595
2004,Poland,Social security contributions (SSC),12.087
2005,Poland,Social security contributions (SSC),12.145
2006,Poland,Social security contributions (SSC),12.003
2007,Poland,Social security contributions (SSC),11.797
2008,Poland,Social security contributions (SSC),11.214
2009,Poland,Social security contributions (SSC),11.081
2010,Poland,Social security contributions (SSC),10.878
2011,Poland,Social security contributions (SSC),11.213
2012,Poland,Social security contributions (SSC),12.074
2013,Poland,Social security contributions (SSC),12.428
2014,Poland,Social security contributions (SSC),12.233
2015,Poland,Social security contributions (SSC),12.426
2016,Poland,Social security contributions (SSC),12.748
2017,Poland,Social security contributions (SSC),12.857
2018,Poland,Social security contributions (SSC),13.058
2019,Poland,Social security contributions (SSC),13.21
2020,Poland,Social security contributions (SSC),13.494
2021,Poland,Social security contributions (SSC),12.968
2022,Poland,Social security contributions (SSC),12.766
2023,Poland,Social security contributions (SSC),13.37
1990,Portugal,Social security contributions (SSC),7.192
1991,Portugal,Social security contributions (SSC),7.467
1992,Portugal,Social security contributions (SSC),7.496
1993,Portugal,Social security contributions (SSC),7.516
1994,Portugal,Social security contributions (SSC),7.569
1995,Portugal,Social security contributions (SSC),7.67
1996,Portugal,Social security contributions (SSC),7.543
1997,Portugal,Social security contributions (SSC),7.721
1998,Portugal,Social security contributions (SSC),7.703
1999,Portugal,Social security contributions (SSC),7.772
2000,Portugal,Social security contributions (SSC),7.918
2001,Portugal,Social security contributions (SSC),8.18
2002,Portugal,Social security contributions (SSC),8.237
2003,Portugal,Social security contributions (SSC),8.256
2004,Portugal,Social security contributions (SSC),8.127
2005,Portugal,Social security contributions (SSC),8.216
2006,Portugal,Social security contributions (SSC),8.113
2007,Portugal,Social security contributions (SSC),8.152
2008,Portugal,Social security contributions (SSC),8.373
2009,Portugal,Social security contributions (SSC),8.558
2010,Portugal,Social security contributions (SSC),8.609
2011,Portugal,Social security contributions (SSC),8.9
2012,Portugal,Social security contributions (SSC),8.688
2013,Portugal,Social security contributions (SSC),8.88
2014,Portugal,Social security contributions (SSC),9.001
2015,Portugal,Social security contributions (SSC),9.004
2016,Portugal,Social security contributions (SSC),9.07
2017,Portugal,Social security contributions (SSC),9.163
2018,Portugal,Social security contributions (SSC),9.324
2019,Portugal,Social security contributions (SSC),9.61
2020,Portugal,Social security contributions (SSC),10.444
2021,Portugal,Social security contributions (SSC),10.401
2022,Portugal,Social security contributions (SSC),10.206
2023,Portugal,Social security contributions (SSC),10.405
1995,Slovak Republic,Social security contributions (SSC),14.678
1996,Slovak Republic,Social security contributions (SSC),15.541
1997,Slovak Republic,Social security contributions (SSC),14.65
1998,Slovak Republic,Social security contributions (SSC),14.598
1999,Slovak Republic,Social security contributions (SSC),13.752
2000,Slovak Republic,Social security contributions (SSC),13.926
2001,Slovak Republic,Social security contributions (SSC),14.084
2002,Slovak Republic,Social security contributions (SSC),14.411
2003,Slovak Republic,Social security contributions (SSC),13.611
2004,Slovak Republic,Social security contributions (SSC),12.881
2005,Slovak Republic,Social security contributions (SSC),12.434
2006,Slovak Republic,Social security contributions (SSC),11.544
2007,Slovak Republic,Social security contributions (SSC),11.469
2008,Slovak Republic,Social security contributions (SSC),11.62
2009,Slovak Republic,Social security contributions (SSC),12.358
2010,Slovak Republic,Social security contributions (SSC),11.857
2011,Slovak Republic,Social security contributions (SSC),11.895
2012,Slovak Republic,Social security contributions (SSC),12.174
2013,Slovak Republic,Social security contributions (SSC),13.219
2014,Slovak Republic,Social security contributions (SSC),13.395
2015,Slovak Republic,Social security contributions (SSC),13.6
2016,Slovak Republic,Social security contributions (SSC),14.109
2017,Slovak Republic,Social security contributions (SSC),14.527
2018,Slovak Republic,Social security contributions (SSC),14.629
2019,Slovak Republic,Social security contributions (SSC),14.916
2020,Slovak Republic,Social security contributions (SSC),15.227
2021,Slovak Republic,Social security contributions (SSC),15.224
2022,Slovak Republic,Social security contributions (SSC),14.548
2023,Slovak Republic,Social security contributions (SSC),15.065
1995,Slovenia,Social security contributions (SSC),17.285
1996,Slovenia,Social security contributions (SSC),15.575
1997,Slovenia,Social security contributions (SSC),14.823
1998,Slovenia,Social security contributions (SSC),14.931
1999,Slovenia,Social security contributions (SSC),14.727
2000,Slovenia,Social security contributions (SSC),14.931
2001,Slovenia,Social security contributions (SSC),15.103
2002,Slovenia,Social security contributions (SSC),15.005
2003,Slovenia,Social security contributions (SSC),14.888
2004,Slovenia,Social security contributions (SSC),14.901
2005,Slovenia,Social security contributions (SSC),15.072
2006,Slovenia,Social security contributions (SSC),14.74
2007,Slovenia,Social security contributions (SSC),14.36
2008,Slovenia,Social security contributions (SSC),14.657
2009,Slovenia,Social security contributions (SSC),15.524
2010,Slovenia,Social security contributions (SSC),15.802
2011,Slovenia,Social security contributions (SSC),15.601
2012,Slovenia,Social security contributions (SSC),15.823
2013,Slovenia,Social security contributions (SSC),15.492
2014,Slovenia,Social security contributions (SSC),15.269
2015,Slovenia,Social security contributions (SSC),15.399
2016,Slovenia,Social security contributions (SSC),15.386
2017,Slovenia,Social security contributions (SSC),15.406
2018,Slovenia,Social security contributions (SSC),15.434
2019,Slovenia,Social security contributions (SSC),15.616
2020,Slovenia,Social security contributions (SSC),16.803
2021,Slovenia,Social security contributions (SSC),16.372
2022,Slovenia,Social security contributions (SSC),16.014
2023,Slovenia,Social security contributions (SSC),15.825
1990,Spain,Social security contributions (SSC),11.172
1991,Spain,Social security contributions (SSC),11.312
1992,Spain,Social security contributions (SSC),11.938
1993,Spain,Social security contributions (SSC),12.068
1994,Spain,Social security contributions (SSC),11.9
1995,Spain,Social security contributions (SSC),11.263
1996,Spain,Social security contributions (SSC),11.08
1997,Spain,Social security contributions (SSC),11.225
1998,Spain,Social security contributions (SSC),11.295
1999,Spain,Social security contributions (SSC),11.503
2000,Spain,Social security contributions (SSC),11.528
2001,Spain,Social security contributions (SSC),11.703
2002,Spain,Social security contributions (SSC),11.69
2003,Spain,Social security contributions (SSC),11.746
2004,Spain,Social security contributions (SSC),11.789
2005,Spain,Social security contributions (SSC),11.761
2006,Spain,Social security contributions (SSC),11.78
2007,Spain,Social security contributions (SSC),11.816
2008,Spain,Social security contributions (SSC),11.895
2009,Spain,Social security contributions (SSC),12.02
2010,Spain,Social security contributions (SSC),11.861
2011,Spain,Social security contributions (SSC),11.834
2012,Spain,Social security contributions (SSC),11.687
2013,Spain,Social security contributions (SSC),11.451
2014,Spain,Social security contributions (SSC),11.632
2015,Spain,Social security contributions (SSC),11.394
2016,Spain,Social security contributions (SSC),11.404
2017,Spain,Social security contributions (SSC),11.538
2018,Spain,Social security contributions (SSC),11.736
2019,Spain,Social security contributions (SSC),12.246
2020,Spain,Social security contributions (SSC),13.79
2021,Spain,Social security contributions (SSC),13.403
2022,Spain,Social security contributions (SSC),12.808
2023,Spain,Social security contributions (SSC),12.947
1990,Sweden,Social security contributions (SSC),13.302
1991,Sweden,Social security contributions (SSC),13.635
1992,Sweden,Social security contributions (SSC),13.071
1993,Sweden,Social security contributions (SSC),11.952
1994,Sweden,Social security contributions (SSC),11.979
1995,Sweden,Social security contributions (SSC),12.47
1996,Sweden,Social security contributions (SSC),13.378
1997,Sweden,Social security contributions (SSC),13.352
1998,Sweden,Social security contributions (SSC),13.115
1999,Sweden,Social security contributions (SSC),11.526
2000,Sweden,Social security contributions (SSC),12.744
2001,Sweden,Social security contributions (SSC),13.203
2002,Sweden,Social security contributions (SSC),13.012
2003,Sweden,Social security contributions (SSC),12.703
2004,Sweden,Social security contributions (SSC),12.46
2005,Sweden,Social security contributions (SSC),12.435
2006,Sweden,Social security contributions (SSC),11.712
2007,Sweden,Social security contributions (SSC),11.73
2008,Sweden,Social security contributions (SSC),10.99
2009,Sweden,Social security contributions (SSC),10.748
2010,Sweden,Social security contributions (SSC),10.831
2011,Sweden,Social security contributions (SSC),9.771
2012,Sweden,Social security contributions (SSC),10.085
2013,Sweden,Social security contributions (SSC),9.9
2014,Sweden,Social security contributions (SSC),9.805
2015,Sweden,Social security contributions (SSC),9.567
2016,Sweden,Social security contributions (SSC),9.968
2017,Sweden,Social security contributions (SSC),9.669
2018,Sweden,Social security contributions (SSC),9.668
2019,Sweden,Social security contributions (SSC),9.196
2020,Sweden,Social security contributions (SSC),9.07
2021,Sweden,Social security contributions (SSC),8.964
2022,Sweden,Social security contributions (SSC),8.839
2023,Sweden,Social security contributions (SSC),8.87
1990,Switzerland,Social security contributions (SSC),5.396
1991,Switzerland,Social security contributions (SSC),5.575
1992,Switzerland,Social security contributions (SSC),5.689
1993,Switzerland,Social security contributions (SSC),6.406
1994,Switzerland,Social security contributions (SSC),6.245
1995,Switzerland,Social security contributions (SSC),6.694
1996,Switzerland,Social security contributions (SSC),6.731
1997,Switzerland,Social security contributions (SSC),6.699
1998,Switzerland,Social security contributions (SSC),6.427
1999,Switzerland,Social security contributions (SSC),6.572
2000,Switzerland,Social security contributions (SSC),6.54
2001,Switzerland,Social security contributions (SSC),6.729
2002,Switzerland,Social security contributions (SSC),6.895
2003,Switzerland,Social security contributions (SSC),6.651
2004,Switzerland,Social security contributions (SSC),6.299
2005,Switzerland,Social security contributions (SSC),6.184
2006,Switzerland,Social security contributions (SSC),6.007
2007,Switzerland,Social security contributions (SSC),5.919
2008,Switzerland,Social security contributions (SSC),5.992
2009,Switzerland,Social security contributions (SSC),6.319
2010,Switzerland,Social security contributions (SSC),6.128
2011,Switzerland,Social security contributions (SSC),6.434
2012,Switzerland,Social security contributions (SSC),6.495
2013,Switzerland,Social security contributions (SSC),6.525
2014,Switzerland,Social security contributions (SSC),6.518
2015,Switzerland,Social security contributions (SSC),6.606
2016,Switzerland,Social security contributions (SSC),6.583
2017,Switzerland,Social security contributions (SSC),6.59
2018,Switzerland,Social security contributions (SSC),6.475
2019,Switzerland,Social security contributions (SSC),6.567
2020,Switzerland,Social security contributions (SSC),7.022
2021,Switzerland,Social security contributions (SSC),6.793
2022,Switzerland,Social security contributions (SSC),6.675
2023,Switzerland,Social security contributions (SSC),6.687
1990,Türkiye,Social security contributions (SSC),2.857
1991,Türkiye,Social security contributions (SSC),2.99
1992,Türkiye,Social security contributions (SSC),3.317
1993,Türkiye,Social security contributions (SSC),3.241
1994,Türkiye,Social security contributions (SSC),2.553
1995,Türkiye,Social security contributions (SSC),1.978
1996,Türkiye,Social security contributions (SSC),2.907
1997,Türkiye,Social security contributions (SSC),2.932
1998,Türkiye,Social security contributions (SSC),2.982
1999,Türkiye,Social security contributions (SSC),4.175
2000,Türkiye,Social security contributions (SSC),4.398
2001,Türkiye,Social security contributions (SSC),5.461
2002,Türkiye,Social security contributions (SSC),4.713
2003,Türkiye,Social security contributions (SSC),5.197
2004,Türkiye,Social security contributions (SSC),5.515
2005,Türkiye,Social security contributions (SSC),5.192
2006,Türkiye,Social security contributions (SSC),5.23
2007,Türkiye,Social security contributions (SSC),4.962
2008,Türkiye,Social security contributions (SSC),5.748
2009,Türkiye,Social security contributions (SSC),5.723
2010,Türkiye,Social security contributions (SSC),6.14
2011,Türkiye,Social security contributions (SSC),7.167
2012,Türkiye,Social security contributions (SSC),6.728
2013,Türkiye,Social security contributions (SSC),6.903
2014,Türkiye,Social security contributions (SSC),6.978
2015,Türkiye,Social security contributions (SSC),7.243
2016,Türkiye,Social security contributions (SSC),7.243
2017,Türkiye,Social security contributions (SSC),7.235
2018,Türkiye,Social security contributions (SSC),7.177
2019,Türkiye,Social security contributions (SSC),7.245
2020,Türkiye,Social security contributions (SSC),7.085
2021,Türkiye,Social security contributions (SSC),6.631
2022,Türkiye,Social security contributions (SSC),5.113
2023,Türkiye,Social security contributions (SSC),6.209
1990,United Kingdom,Social security contributions (SSC),5.597
1991,United Kingdom,Social security contributions (SSC),5.586
1992,United Kingdom,Social security contributions (SSC),5.505
1993,United Kingdom,Social security contributions (SSC),5.547
1994,United Kingdom,Social security contributions (SSC),5.645
1995,United Kingdom,Social security contributions (SSC),5.212
1996,United Kingdom,Social security contributions (SSC),5.11
1997,United Kingdom,Social security contributions (SSC),5.308
1998,United Kingdom,Social security contributions (SSC),5.307
1999,United Kingdom,Social security contributions (SSC),5.439
2000,United Kingdom,Social security contributions (SSC),5.474
2001,United Kingdom,Social security contributions (SSC),5.508
2002,United Kingdom,Social security contributions (SSC),5.322
2003,United Kingdom,Social security contributions (SSC),5.685
2004,United Kingdom,Social security contributions (SSC),5.99
2005,United Kingdom,Social security contributions (SSC),6.038
2006,United Kingdom,Social security contributions (SSC),6.083
2007,United Kingdom,Social security contributions (SSC),6.034
2008,United Kingdom,Social security contributions (SSC),6.17
2009,United Kingdom,Social security contributions (SSC),6.098
2010,United Kingdom,Social security contributions (SSC),6.052
2011,United Kingdom,Social security contributions (SSC),6.101
2012,United Kingdom,Social security contributions (SSC),6.087
2013,United Kingdom,Social security contributions (SSC),5.955
2014,United Kingdom,Social security contributions (SSC),5.859
2015,United Kingdom,Social security contributions (SSC),5.958
2016,United Kingdom,Social security contributions (SSC),6.124
2017,United Kingdom,Social security contributions (SSC),6.264
2018,United Kingdom,Social security contributions (SSC),6.29
2019,United Kingdom,Social security contributions (SSC),6.444
2020,United Kingdom,Social security contributions (SSC),6.825
2021,United Kingdom,Social security contributions (SSC),6.839
2022,United Kingdom,Social security contributions (SSC),7.061
2023,United Kingdom,Social security contributions (SSC),6.703
1990,United States,Social security contributions (SSC),6.657
1991,United States,Social security contributions (SSC),6.743
1992,United States,Social security contributions (SSC),6.714
1993,United States,Social security contributions (SSC),6.68
1994,United States,Social security contributions (SSC),6.691
1995,United States,Social security contributions (SSC),6.682
1996,United States,Social security contributions (SSC),6.61
1997,United States,Social security contributions (SSC),6.593
1998,United States,Social security contributions (SSC),6.653
1999,United States,Social security contributions (SSC),6.63
2000,United States,Social security contributions (SSC),6.664
2001,United States,Social security contributions (SSC),6.69
2002,United States,Social security contributions (SSC),6.622
2003,United States,Social security contributions (SSC),6.533
2004,United States,Social security contributions (SSC),6.499
2005,United States,Social security contributions (SSC),6.376
2006,United States,Social security contributions (SSC),6.32
2007,United States,Social security contributions (SSC),6.269
2008,United States,Social security contributions (SSC),6.298
2009,United States,Social security contributions (SSC),6.233
2010,United States,Social security contributions (SSC),6.096
2011,United States,Social security contributions (SSC),5.431
2012,United States,Social security contributions (SSC),5.416
2013,United States,Social security contributions (SSC),6.102
2014,United States,Social security contributions (SSC),6.116
2015,United States,Social security contributions (SSC),6.152
2016,United States,Social security contributions (SSC),6.132
2017,United States,Social security contributions (SSC),6.145
2018,United States,Social security contributions (SSC),6.08
2019,United States,Social security contributions (SSC),6.097
2020,United States,Social security contributions (SSC),6.227
2021,United States,Social security contributions (SSC),6.062
2022,United States,Social security contributions (SSC),6.047
2023,United States,Social security contributions (SSC),6.054
1990,Argentina,Social security contributions (SSC),3.352
1991,Argentina,Social security contributions (SSC),3.832
1992,Argentina,Social security contributions (SSC),4.435
1993,Argentina,Social security contributions (SSC),4.988
1994,Argentina,Social security contributions (SSC),4.832
1995,Argentina,Social security contributions (SSC),4.246
1996,Argentina,Social security contributions (SSC),3.536
1997,Argentina,Social security contributions (SSC),3.391
1998,Argentina,Social security contributions (SSC),3.296
1999,Argentina,Social security contributions (SSC),3.173
2000,Argentina,Social security contributions (SSC),3.043
2001,Argentina,Social security contributions (SSC),2.89
2002,Argentina,Social security contributions (SSC),2.53
2003,Argentina,Social security contributions (SSC),2.529
2004,Argentina,Social security contributions (SSC),2.803
2005,Argentina,Social security contributions (SSC),2.987
2006,Argentina,Social security contributions (SSC),3.457
2007,Argentina,Social security contributions (SSC),4.082
2008,Argentina,Social security contributions (SSC),4.572
2009,Argentina,Social security contributions (SSC),6.189
2010,Argentina,Social security contributions (SSC),6.166
2011,Argentina,Social security contributions (SSC),6.296
2012,Argentina,Social security contributions (SSC),6.815
2013,Argentina,Social security contributions (SSC),7.05
2014,Argentina,Social security contributions (SSC),6.719
2015,Argentina,Social security contributions (SSC),6.976
2016,Argentina,Social security contributions (SSC),6.758
2017,Argentina,Social security contributions (SSC),6.878
2018,Argentina,Social security contributions (SSC),6.202
2019,Argentina,Social security contributions (SSC),5.685
2020,Argentina,Social security contributions (SSC),5.689
2021,Argentina,Social security contributions (SSC),5.189
2022,Argentina,Social security contributions (SSC),5.241
2023,Argentina,Social security contributions (SSC),5.08
1990,Brazil,Social security contributions (SSC),6.769
1991,Brazil,Social security contributions (SSC),6.015
1992,Brazil,Social security contributions (SSC),6.055
1993,Brazil,Social security contributions (SSC),6.863
1994,Brazil,Social security contributions (SSC),6.929
1995,Brazil,Social security contributions (SSC),6.688
1996,Brazil,Social security contributions (SSC),6.834
1997,Brazil,Social security contributions (SSC),6.68
1998,Brazil,Social security contributions (SSC),7.029
1999,Brazil,Social security contributions (SSC),6.696
2000,Brazil,Social security contributions (SSC),6.961
2001,Brazil,Social security contributions (SSC),7.008
2002,Brazil,Social security contributions (SSC),7.284
2003,Brazil,Social security contributions (SSC),7.129
2004,Brazil,Social security contributions (SSC),7.409
2005,Brazil,Social security contributions (SSC),7.754
2006,Brazil,Social security contributions (SSC),7.859
2007,Brazil,Social security contributions (SSC),7.886
2008,Brazil,Social security contributions (SSC),7.817
2009,Brazil,Social security contributions (SSC),8.179
2010,Brazil,Social security contributions (SSC),8.146
2011,Brazil,Social security contributions (SSC),8.298
2012,Brazil,Social security contributions (SSC),8.42
2013,Brazil,Social security contributions (SSC),8.347
2014,Brazil,Social security contributions (SSC),8.35
2015,Brazil,Social security contributions (SSC),8.393
2016,Brazil,Social security contributions (SSC),8.566
2017,Brazil,Social security contributions (SSC),8.594
2018,Brazil,Social security contributions (SSC),8.347
2019,Brazil,Social security contributions (SSC),8.35
2020,Brazil,Social security contributions (SSC),8.02
2021,Brazil,Social security contributions (SSC),7.71
2022,Brazil,Social security contributions (SSC),7.917
2023,Brazil,Social security contributions (SSC),8.055
1995,Bulgaria,Social security contributions (SSC),6.629
1996,Bulgaria,Social security contributions (SSC),6.586
1997,Bulgaria,Social security contributions (SSC),7.448
1998,Bulgaria,Social security contributions (SSC),7.767
1999,Bulgaria,Social security contributions (SSC),9.528
2000,Bulgaria,Social security contributions (SSC),10.552
2001,Bulgaria,Social security contributions (SSC),9.603
2002,Bulgaria,Social security contributions (SSC),9.321
2003,Bulgaria,Social security contributions (SSC),10.078
2004,Bulgaria,Social security contributions (SSC),9.901
2005,Bulgaria,Social security contributions (SSC),9.401
2006,Bulgaria,Social security contributions (SSC),8.015
2007,Bulgaria,Social security contributions (SSC),7.702
2008,Bulgaria,Social security contributions (SSC),7.403
2009,Bulgaria,Social security contributions (SSC),7.205
2010,Bulgaria,Social security contributions (SSC),6.636
2011,Bulgaria,Social security contributions (SSC),6.677
2012,Bulgaria,Social security contributions (SSC),6.771
1990,Australia,"Taxes on income, profits and capital gains of individuals and corporations",16.022
1991,Australia,"Taxes on income, profits and capital gains of individuals and corporations",14.898
1992,Australia,"Taxes on income, profits and capital gains of individuals and corporations",14.462
1993,Australia,"Taxes on income, profits and capital gains of individuals and corporations",14.38
1994,Australia,"Taxes on income, profits and capital gains of individuals and corporations",14.903
1995,Australia,"Taxes on income, profits and capital gains of individuals and corporations",15.618
1996,Australia,"Taxes on income, profits and capital gains of individuals and corporations",16.246
1997,Australia,"Taxes on income, profits and capital gains of individuals and corporations",16.185
1998,Australia,"Taxes on income, profits and capital gains of individuals and corporations",17.303
1999,Australia,"Taxes on income, profits and capital gains of individuals and corporations",17.841
2000,Australia,"Taxes on income, profits and capital gains of individuals and corporations",17.589
2001,Australia,"Taxes on income, profits and capital gains of individuals and corporations",16.216
2002,Australia,"Taxes on income, profits and capital gains of individuals and corporations",16.69
2003,Australia,"Taxes on income, profits and capital gains of individuals and corporations",16.814
2004,Australia,"Taxes on income, profits and capital gains of individuals and corporations",17.561
2005,Australia,"Taxes on income, profits and capital gains of individuals and corporations",17.577
2006,Australia,"Taxes on income, profits and capital gains of individuals and corporations",17.202
2007,Australia,"Taxes on income, profits and capital gains of individuals and corporations",17.474
2008,Australia,"Taxes on income, profits and capital gains of individuals and corporations",15.749
2009,Australia,"Taxes on income, profits and capital gains of individuals and corporations",14.134
2010,Australia,"Taxes on income, profits and capital gains of individuals and corporations",14.252
2011,Australia,"Taxes on income, profits and capital gains of individuals and corporations",15.182
2012,Australia,"Taxes on income, profits and capital gains of individuals and corporations",15.534
2013,Australia,"Taxes on income, profits and capital gains of individuals and corporations",15.383
2014,Australia,"Taxes on income, profits and capital gains of individuals and corporations",15.693
2015,Australia,"Taxes on income, profits and capital gains of individuals and corporations",15.754
2016,Australia,"Taxes on income, profits and capital gains of individuals and corporations",15.77
2017,Australia,"Taxes on income, profits and capital gains of individuals and corporations",16.738
2018,Australia,"Taxes on income, profits and capital gains of individuals and corporations",17.17
2019,Australia,"Taxes on income, profits and capital gains of individuals and corporations",16.366
2008,Austria,"Taxes on income, profits and capital gains of individuals and corporations",12.67
2009,Austria,"Taxes on income, profits and capital gains of individuals and corporations",11.38
2010,Austria,"Taxes on income, profits and capital gains of individuals and corporations",11.498
2011,Austria,"Taxes on income, profits and capital gains of individuals and corporations",11.632
2012,Austria,"Taxes on income, profits and capital gains of individuals and corporations",11.946
2013,Austria,"Taxes on income, profits and capital gains of individuals and corporations",12.285
2014,Austria,"Taxes on income, profits and capital gains of individuals and corporations",12.527
2015,Austria,"Taxes on income, profits and capital gains of individuals and corporations",13.012
2016,Austria,"Taxes on income, profits and capital gains of individuals and corporations",11.682
2017,Austria,"Taxes on income, profits and capital gains of individuals and corporations",11.841
2018,Austria,"Taxes on income, profits and capital gains of individuals and corporations",12.396
2019,Austria,"Taxes on income, profits and capital gains of individuals and corporations",12.561
2020,Austria,"Taxes on income, profits and capital gains of individuals and corporations",11.696
2021,Austria,"Taxes on income, profits and capital gains of individuals and corporations",12.801
2022,Austria,"Taxes on income, profits and capital gains of individuals and corporations",13.353
2023,Austria,"Taxes on income, profits and capital gains of individuals and corporations",12.909
1990,Belgium,"Taxes on income, profits and capital gains of individuals and corporations",15.275
1991,Belgium,"Taxes on income, profits and capital gains of individuals and corporations",15.042
1992,Belgium,"Taxes on income, profits and capital gains of individuals and corporations",14.495
1993,Belgium,"Taxes on income, profits and capital gains of individuals and corporations",15.486
1994,Belgium,"Taxes on income, profits and capital gains of individuals and corporations",15.792
1995,Belgium,"Taxes on income, profits and capital gains of individuals and corporations",16.328
1996,Belgium,"Taxes on income, profits and capital gains of individuals and corporations",16.331
1997,Belgium,"Taxes on income, profits and capital gains of individuals and corporations",16.734
1998,Belgium,"Taxes on income, profits and capital gains of individuals and corporations",17.294
1999,Belgium,"Taxes on income, profits and capital gains of individuals and corporations",16.78
2000,Belgium,"Taxes on income, profits and capital gains of individuals and corporations",16.936
2001,Belgium,"Taxes on income, profits and capital gains of individuals and corporations",17.111
2002,Belgium,"Taxes on income, profits and capital gains of individuals and corporations",17.001
2003,Belgium,"Taxes on income, profits and capital gains of individuals and corporations",16.506
2004,Belgium,"Taxes on income, profits and capital gains of individuals and corporations",16.501
2005,Belgium,"Taxes on income, profits and capital gains of individuals and corporations",15.767
2006,Belgium,"Taxes on income, profits and capital gains of individuals and corporations",15.608
2007,Belgium,"Taxes on income, profits and capital gains of individuals and corporations",15.366
2008,Belgium,"Taxes on income, profits and capital gains of individuals and corporations",15.692
2009,Belgium,"Taxes on income, profits and capital gains of individuals and corporations",14.47
2010,Belgium,"Taxes on income, profits and capital gains of individuals and corporations",14.662
2011,Belgium,"Taxes on income, profits and capital gains of individuals and corporations",15.101
2012,Belgium,"Taxes on income, profits and capital gains of individuals and corporations",15.357
2013,Belgium,"Taxes on income, profits and capital gains of individuals and corporations",15.963
2014,Belgium,"Taxes on income, profits and capital gains of individuals and corporations",16.021
2015,Belgium,"Taxes on income, profits and capital gains of individuals and corporations",15.724
2016,Belgium,"Taxes on income, profits and capital gains of individuals and corporations",15.382
2017,Belgium,"Taxes on income, profits and capital gains of individuals and corporations",15.995
2018,Belgium,"Taxes on income, profits and capital gains of individuals and corporations",16.136
2019,Belgium,"Taxes on income, profits and capital gains of individuals and corporations",15.0
2020,Belgium,"Taxes on income, profits and capital gains of individuals and corporations",15.017
2021,Belgium,"Taxes on income, profits and capital gains of individuals and corporations",15.015
2022,Belgium,"Taxes on income, profits and capital gains of individuals and corporations",15.863
2023,Belgium,"Taxes on income, profits and capital gains of individuals and corporations",15.784
1990,Canada,"Taxes on income, profits and capital gains of individuals and corporations",17.032
1991,Canada,"Taxes on income, profits and capital gains of individuals and corporations",16.703
1992,Canada,"Taxes on income, profits and capital gains of individuals and corporations",15.691
1993,Canada,"Taxes on income, profits and capital gains of individuals and corporations",15.257
1994,Canada,"Taxes on income, profits and capital gains of individuals and corporations",15.399
1995,Canada,"Taxes on income, profits and capital gains of individuals and corporations",16.08
1996,Canada,"Taxes on income, profits and capital gains of individuals and corporations",16.475
1997,Canada,"Taxes on income, profits and capital gains of individuals and corporations",17.483
1998,Canada,"Taxes on income, profits and capital gains of individuals and corporations",17.269
1999,Canada,"Taxes on income, profits and capital gains of individuals and corporations",17.692
2000,Canada,"Taxes on income, profits and capital gains of individuals and corporations",17.354
2001,Canada,"Taxes on income, profits and capital gains of individuals and corporations",16.295
2002,Canada,"Taxes on income, profits and capital gains of individuals and corporations",14.957
2003,Canada,"Taxes on income, profits and capital gains of individuals and corporations",14.72
2004,Canada,"Taxes on income, profits and capital gains of individuals and corporations",15.111
2005,Canada,"Taxes on income, profits and capital gains of individuals and corporations",15.359
2006,Canada,"Taxes on income, profits and capital gains of individuals and corporations",15.851
2007,Canada,"Taxes on income, profits and capital gains of individuals and corporations",15.922
2008,Canada,"Taxes on income, profits and capital gains of individuals and corporations",15.427
2009,Canada,"Taxes on income, profits and capital gains of individuals and corporations",15.455
2010,Canada,"Taxes on income, profits and capital gains of individuals and corporations",14.463
2011,Canada,"Taxes on income, profits and capital gains of individuals and corporations",14.579
2012,Canada,"Taxes on income, profits and capital gains of individuals and corporations",14.796
2013,Canada,"Taxes on income, profits and capital gains of individuals and corporations",14.813
2014,Canada,"Taxes on income, profits and capital gains of individuals and corporations",15.035
2015,Canada,"Taxes on income, profits and capital gains of individuals and corporations",15.818
2016,Canada,"Taxes on income, profits and capital gains of individuals and corporations",16.008
2017,Canada,"Taxes on income, profits and capital gains of individuals and corporations",15.99
2018,Canada,"Taxes on income, profits and capital gains of individuals and corporations",16.492
2019,Canada,"Taxes on income, profits and capital gains of individuals and corporations",16.199
2020,Canada,"Taxes on income, profits and capital gains of individuals and corporations",17.42
2021,Canada,"Taxes on income, profits and capital gains of individuals and corporations",17.951
2022,Canada,"Taxes on income, profits and capital gains of individuals and corporations",17.451
2023,Canada,"Taxes on income, profits and capital gains of individuals and corporations",17.854
1990,Chile,"Taxes on income, profits and capital gains of individuals and corporations",3.898
1991,Chile,"Taxes on income, profits and capital gains of individuals and corporations",4.318
1992,Chile,"Taxes on income, profits and capital gains of individuals and corporations",4.355
1993,Chile,"Taxes on income, profits and capital gains of individuals and corporations",4.061
1994,Chile,"Taxes on income, profits and capital gains of individuals and corporations",4.392
1995,Chile,"Taxes on income, profits and capital gains of individuals and corporations",4.585
1996,Chile,"Taxes on income, profits and capital gains of individuals and corporations",4.894
1997,Chile,"Taxes on income, profits and capital gains of individuals and corporations",4.5
1998,Chile,"Taxes on income, profits and capital gains of individuals and corporations",4.062
1999,Chile,"Taxes on income, profits and capital gains of individuals and corporations",3.587
2000,Chile,"Taxes on income, profits and capital gains of individuals and corporations",4.362
2001,Chile,"Taxes on income, profits and capital gains of individuals and corporations",4.456
2002,Chile,"Taxes on income, profits and capital gains of individuals and corporations",4.567
2003,Chile,"Taxes on income, profits and capital gains of individuals and corporations",4.697
2004,Chile,"Taxes on income, profits and capital gains of individuals and corporations",5.686
2005,Chile,"Taxes on income, profits and capital gains of individuals and corporations",7.553
2006,Chile,"Taxes on income, profits and capital gains of individuals and corporations",10.049
2007,Chile,"Taxes on income, profits and capital gains of individuals and corporations",10.439
2008,Chile,"Taxes on income, profits and capital gains of individuals and corporations",8.029
2009,Chile,"Taxes on income, profits and capital gains of individuals and corporations",5.369
2010,Chile,"Taxes on income, profits and capital gains of individuals and corporations",7.519
2011,Chile,"Taxes on income, profits and capital gains of individuals and corporations",8.496
2012,Chile,"Taxes on income, profits and capital gains of individuals and corporations",8.312
2013,Chile,"Taxes on income, profits and capital gains of individuals and corporations",6.934
2014,Chile,"Taxes on income, profits and capital gains of individuals and corporations",6.508
2015,Chile,"Taxes on income, profits and capital gains of individuals and corporations",7.465
2016,Chile,"Taxes on income, profits and capital gains of individuals and corporations",6.782
2017,Chile,"Taxes on income, profits and capital gains of individuals and corporations",6.98
2018,Chile,"Taxes on income, profits and capital gains of individuals and corporations",7.612
2019,Chile,"Taxes on income, profits and capital gains of individuals and corporations",7.305
2020,Chile,"Taxes on income, profits and capital gains of individuals and corporations",6.231
2021,Chile,"Taxes on income, profits and capital gains of individuals and corporations",8.539
2022,Chile,"Taxes on income, profits and capital gains of individuals and corporations",10.42
2023,Chile,"Taxes on income, profits and capital gains of individuals and corporations",7.249
1990,Colombia,"Taxes on income, profits and capital gains of individuals and corporations",3.395
1991,Colombia,"Taxes on income, profits and capital gains of individuals and corporations",4.38
1992,Colombia,"Taxes on income, profits and capital gains of individuals and corporations",4.56
1993,Colombia,"Taxes on income, profits and capital gains of individuals and corporations",4.678
1994,Colombia,"Taxes on income, profits and capital gains of individuals and corporations",4.163
1995,Colombia,"Taxes on income, profits and capital gains of individuals and corporations",3.912
1996,Colombia,"Taxes on income, profits and capital gains of individuals and corporations",3.655
1997,Colombia,"Taxes on income, profits and capital gains of individuals and corporations",3.909
1998,Colombia,"Taxes on income, profits and capital gains of individuals and corporations",3.853
1999,Colombia,"Taxes on income, profits and capital gains of individuals and corporations",3.678
2000,Colombia,"Taxes on income, profits and capital gains of individuals and corporations",3.641
2001,Colombia,"Taxes on income, profits and capital gains of individuals and corporations",4.512
2002,Colombia,"Taxes on income, profits and capital gains of individuals and corporations",4.344
2003,Colombia,"Taxes on income, profits and capital gains of individuals and corporations",4.433
2004,Colombia,"Taxes on income, profits and capital gains of individuals and corporations",5.051
2005,Colombia,"Taxes on income, profits and capital gains of individuals and corporations",5.133
2006,Colombia,"Taxes on income, profits and capital gains of individuals and corporations",5.519
2007,Colombia,"Taxes on income, profits and capital gains of individuals and corporations",5.603
2008,Colombia,"Taxes on income, profits and capital gains of individuals and corporations",5.13
2009,Colombia,"Taxes on income, profits and capital gains of individuals and corporations",5.606
2010,Colombia,"Taxes on income, profits and capital gains of individuals and corporations",4.819
2011,Colombia,"Taxes on income, profits and capital gains of individuals and corporations",5.404
2012,Colombia,"Taxes on income, profits and capital gains of individuals and corporations",6.552
2013,Colombia,"Taxes on income, profits and capital gains of individuals and corporations",6.686
2014,Colombia,"Taxes on income, profits and capital gains of individuals and corporations",6.565
2015,Colombia,"Taxes on income, profits and capital gains of individuals and corporations",6.544
2016,Colombia,"Taxes on income, profits and capital gains of individuals and corporations",6.289
2017,Colombia,"Taxes on income, profits and capital gains of individuals and corporations",6.259
2018,Colombia,"Taxes on income, profits and capital gains of individuals and corporations",6.484
2019,Colombia,"Taxes on income, profits and capital gains of individuals and corporations",6.369
2020,Colombia,"Taxes on income, profits and capital gains of individuals and corporations",6.191
2021,Colombia,"Taxes on income, profits and capital gains of individuals and corporations",6.14
2022,Colombia,"Taxes on income, profits and capital gains of individuals and corporations",6.525
2023,Colombia,"Taxes on income, profits and capital gains of individuals and corporations",8.913
1990,Costa Rica,"Taxes on income, profits and capital gains of individuals and corporations",2.25
1991,Costa Rica,"Taxes on income, profits and capital gains of individuals and corporations",1.651
1992,Costa Rica,"Taxes on income, profits and capital gains of individuals and corporations",1.651
1993,Costa Rica,"Taxes on income, profits and capital gains of individuals and corporations",1.977
1994,Costa Rica,"Taxes on income, profits and capital gains of individuals and corporations",2.33
1995,Costa Rica,"Taxes on income, profits and capital gains of individuals and corporations",2.292
1996,Costa Rica,"Taxes on income, profits and capital gains of individuals and corporations",2.168
1997,Costa Rica,"Taxes on income, profits and capital gains of individuals and corporations",2.154
1998,Costa Rica,"Taxes on income, profits and capital gains of individuals and corporations",2.419
1999,Costa Rica,"Taxes on income, profits and capital gains of individuals and corporations",3.135
2000,Costa Rica,"Taxes on income, profits and capital gains of individuals and corporations",2.784
2001,Costa Rica,"Taxes on income, profits and capital gains of individuals and corporations",3.103
2002,Costa Rica,"Taxes on income, profits and capital gains of individuals and corporations",3.111
2003,Costa Rica,"Taxes on income, profits and capital gains of individuals and corporations",3.385
2004,Costa Rica,"Taxes on income, profits and capital gains of individuals and corporations",3.281
2005,Costa Rica,"Taxes on income, profits and capital gains of individuals and corporations",3.385
2006,Costa Rica,"Taxes on income, profits and capital gains of individuals and corporations",3.393
2007,Costa Rica,"Taxes on income, profits and capital gains of individuals and corporations",3.827
2008,Costa Rica,"Taxes on income, profits and capital gains of individuals and corporations",4.252
2009,Costa Rica,"Taxes on income, profits and capital gains of individuals and corporations",3.9
2010,Costa Rica,"Taxes on income, profits and capital gains of individuals and corporations",3.778
2011,Costa Rica,"Taxes on income, profits and capital gains of individuals and corporations",3.832
2012,Costa Rica,"Taxes on income, profits and capital gains of individuals and corporations",3.754
2013,Costa Rica,"Taxes on income, profits and capital gains of individuals and corporations",3.984
2014,Costa Rica,"Taxes on income, profits and capital gains of individuals and corporations",3.898
2015,Costa Rica,"Taxes on income, profits and capital gains of individuals and corporations",4.134
2016,Costa Rica,"Taxes on income, profits and capital gains of individuals and corporations",4.418
2017,Costa Rica,"Taxes on income, profits and capital gains of individuals and corporations",4.548
2018,Costa Rica,"Taxes on income, profits and capital gains of individuals and corporations",4.718
2019,Costa Rica,"Taxes on income, profits and capital gains of individuals and corporations",4.903
2020,Costa Rica,"Taxes on income, profits and capital gains of individuals and corporations",4.525
2021,Costa Rica,"Taxes on income, profits and capital gains of individuals and corporations",5.118
2022,Costa Rica,"Taxes on income, profits and capital gains of individuals and corporations",5.423
2023,Costa Rica,"Taxes on income, profits and capital gains of individuals and corporations",5.284
1993,Czechia,"Taxes on income, profits and capital gains of individuals and corporations",9.277
1994,Czechia,"Taxes on income, profits and capital gains of individuals and corporations",8.742
1995,Czechia,"Taxes on income, profits and capital gains of individuals and corporations",8.56
1996,Czechia,"Taxes on income, profits and capital gains of individuals and corporations",7.428
1997,Czechia,"Taxes on income, profits and capital gains of individuals and corporations",7.905
1998,Czechia,"Taxes on income, profits and capital gains of individuals and corporations",7.428
1999,Czechia,"Taxes on income, profits and capital gains of individuals and corporations",7.605
2000,Czechia,"Taxes on income, profits and capital gains of individuals and corporations",7.328
2001,Czechia,"Taxes on income, profits and capital gains of individuals and corporations",7.71
2002,Czechia,"Taxes on income, profits and capital gains of individuals and corporations",8.197
2003,Czechia,"Taxes on income, profits and capital gains of individuals and corporations",8.639
2004,Czechia,"Taxes on income, profits and capital gains of individuals and corporations",8.6
2005,Czechia,"Taxes on income, profits and capital gains of individuals and corporations",8.318
2006,Czechia,"Taxes on income, profits and capital gains of individuals and corporations",8.321
2007,Czechia,"Taxes on income, profits and capital gains of individuals and corporations",8.499
2008,Czechia,"Taxes on income, profits and capital gains of individuals and corporations",7.556
2009,Czechia,"Taxes on income, profits and capital gains of individuals and corporations",6.827
2010,Czechia,"Taxes on income, profits and capital gains of individuals and corporations",6.445
2011,Czechia,"Taxes on income, profits and capital gains of individuals and corporations",6.653
2012,Czechia,"Taxes on income, profits and capital gains of individuals and corporations",6.8
2013,Czechia,"Taxes on income, profits and capital gains of individuals and corporations",6.962
2014,Czechia,"Taxes on income, profits and capital gains of individuals and corporations",6.983
2015,Czechia,"Taxes on income, profits and capital gains of individuals and corporations",7.089
2016,Czechia,"Taxes on income, profits and capital gains of individuals and corporations",7.472
2017,Czechia,"Taxes on income, profits and capital gains of individuals and corporations",7.541
2018,Czechia,"Taxes on income, profits and capital gains of individuals and corporations",7.798
2019,Czechia,"Taxes on income, profits and capital gains of individuals and corporations",7.791
2020,Czechia,"Taxes on income, profits and capital gains of individuals and corporations",7.806
2021,Czechia,"Taxes on income, profits and capital gains of individuals and corporations",6.994
2022,Czechia,"Taxes on income, profits and capital gains of individuals and corporations",7.31
2023,Czechia,"Taxes on income, profits and capital gains of individuals and corporations",7.954
1990,Denmark,"Taxes on income, profits and capital gains of individuals and corporations",27.208
1991,Denmark,"Taxes on income, profits and capital gains of individuals and corporations",26.904
1992,Denmark,"Taxes on income, profits and capital gains of individuals and corporations",27.557
1993,Denmark,"Taxes on income, profits and capital gains of individuals and corporations",28.513
1994,Denmark,"Taxes on income, profits and capital gains of individuals and corporations",29.276
1995,Denmark,"Taxes on income, profits and capital gains of individuals and corporations",29.496
1996,Denmark,"Taxes on income, profits and capital gains of individuals and corporations",29.433
1997,Denmark,"Taxes on income, profits and capital gains of individuals and corporations",29.275
1998,Denmark,"Taxes on income, profits and capital gains of individuals and corporations",28.829
1999,Denmark,"Taxes on income, profits and capital gains of individuals and corporations",28.917
2000,Denmark,"Taxes on income, profits and capital gains of individuals and corporations",28.722
2001,Denmark,"Taxes on income, profits and capital gains of individuals and corporations",27.79
2002,Denmark,"Taxes on income, profits and capital gains of individuals and corporations",27.644
2003,Denmark,"Taxes on income, profits and capital gains of individuals and corporations",28.026
2004,Denmark,"Taxes on income, profits and capital gains of individuals and corporations",28.433
2005,Denmark,"Taxes on income, profits and capital gains of individuals and corporations",29.692
2006,Denmark,"Taxes on income, profits and capital gains of individuals and corporations",28.37
2007,Denmark,"Taxes on income, profits and capital gains of individuals and corporations",27.99
2008,Denmark,"Taxes on income, profits and capital gains of individuals and corporations",27.297
2009,Denmark,"Taxes on income, profits and capital gains of individuals and corporations",27.46
2010,Denmark,"Taxes on income, profits and capital gains of individuals and corporations",27.638
2011,Denmark,"Taxes on income, profits and capital gains of individuals and corporations",27.515
2012,Denmark,"Taxes on income, profits and capital gains of individuals and corporations",28.294
2013,Denmark,"Taxes on income, profits and capital gains of individuals and corporations",28.864
2014,Denmark,"Taxes on income, profits and capital gains of individuals and corporations",31.833
2015,Denmark,"Taxes on income, profits and capital gains of individuals and corporations",29.455
2016,Denmark,"Taxes on income, profits and capital gains of individuals and corporations",28.82
2017,Denmark,"Taxes on income, profits and capital gains of individuals and corporations",28.874
2018,Denmark,"Taxes on income, profits and capital gains of individuals and corporations",27.562
2019,Denmark,"Taxes on income, profits and capital gains of individuals and corporations",30.539
2020,Denmark,"Taxes on income, profits and capital gains of individuals and corporations",30.521
2021,Denmark,"Taxes on income, profits and capital gains of individuals and corporations",31.367
2022,Denmark,"Taxes on income, profits and capital gains of individuals and corporations",27.097
2023,Denmark,"Taxes on income, profits and capital gains of individuals and corporations",29.04
1995,Estonia,"Taxes on income, profits and capital gains of individuals and corporations",10.515
1996,Estonia,"Taxes on income, profits and capital gains of individuals and corporations",9.109
1997,Estonia,"Taxes on income, profits and capital gains of individuals and corporations",9.04
1998,Estonia,"Taxes on income, profits and capital gains of individuals and corporations",10.209
1999,Estonia,"Taxes on income, profits and capital gains of individuals and corporations",9.653
2000,Estonia,"Taxes on income, profits and capital gains of individuals and corporations",7.714
2001,Estonia,"Taxes on income, profits and capital gains of individuals and corporations",7.172
2002,Estonia,"Taxes on income, profits and capital gains of individuals and corporations",7.477
2003,Estonia,"Taxes on income, profits and capital gains of individuals and corporations",8.019
2004,Estonia,"Taxes on income, profits and capital gains of individuals and corporations",7.867
2005,Estonia,"Taxes on income, profits and capital gains of individuals and corporations",6.891
2006,Estonia,"Taxes on income, profits and capital gains of individuals and corporations",6.971
2007,Estonia,"Taxes on income, profits and capital gains of individuals and corporations",7.296
2008,Estonia,"Taxes on income, profits and capital gains of individuals and corporations",7.685
2009,Estonia,"Taxes on income, profits and capital gains of individuals and corporations",7.393
2010,Estonia,"Taxes on income, profits and capital gains of individuals and corporations",6.581
2011,Estonia,"Taxes on income, profits and capital gains of individuals and corporations",6.253
2012,Estonia,"Taxes on income, profits and capital gains of individuals and corporations",6.545
2013,Estonia,"Taxes on income, profits and capital gains of individuals and corporations",7.082
2014,Estonia,"Taxes on income, profits and capital gains of individuals and corporations",7.26
2015,Estonia,"Taxes on income, profits and capital gains of individuals and corporations",7.647
2016,Estonia,"Taxes on income, profits and capital gains of individuals and corporations",7.336
2017,Estonia,"Taxes on income, profits and capital gains of individuals and corporations",7.032
2018,Estonia,"Taxes on income, profits and capital gains of individuals and corporations",7.296
2019,Estonia,"Taxes on income, profits and capital gains of individuals and corporations",7.167
2020,Estonia,"Taxes on income, profits and capital gains of individuals and corporations",7.546
2021,Estonia,"Taxes on income, profits and capital gains of individuals and corporations",8.354
2022,Estonia,"Taxes on income, profits and capital gains of individuals and corporations",7.892
2023,Estonia,"Taxes on income, profits and capital gains of individuals and corporations",8.139
1990,Finland,"Taxes on income, profits and capital gains of individuals and corporations",16.846
1991,Finland,"Taxes on income, profits and capital gains of individuals and corporations",16.923
1992,Finland,"Taxes on income, profits and capital gains of individuals and corporations",15.876
1993,Finland,"Taxes on income, profits and capital gains of individuals and corporations",14.692
1994,Finland,"Taxes on income, profits and capital gains of individuals and corporations",15.924
1995,Finland,"Taxes on income, profits and capital gains of individuals and corporations",16.084
1996,Finland,"Taxes on income, profits and capital gains of individuals and corporations",17.672
1997,Finland,"Taxes on income, profits and capital gains of individuals and corporations",17.208
1998,Finland,"Taxes on income, profits and capital gains of individuals and corporations",17.63
1999,Finland,"Taxes on income, profits and capital gains of individuals and corporations",17.183
2000,Finland,"Taxes on income, profits and capital gains of individuals and corporations",19.723
2001,Finland,"Taxes on income, profits and capital gains of individuals and corporations",17.605
2002,Finland,"Taxes on income, profits and capital gains of individuals and corporations",17.541
2003,Finland,"Taxes on income, profits and capital gains of individuals and corporations",16.38
2004,Finland,"Taxes on income, profits and capital gains of individuals and corporations",16.084
2005,Finland,"Taxes on income, profits and capital gains of individuals and corporations",16.066
2006,Finland,"Taxes on income, profits and capital gains of individuals and corporations",15.994
2007,Finland,"Taxes on income, profits and capital gains of individuals and corporations",16.228
2008,Finland,"Taxes on income, profits and capital gains of individuals and corporations",15.991
2009,Finland,"Taxes on income, profits and capital gains of individuals and corporations",14.583
2010,Finland,"Taxes on income, profits and capital gains of individuals and corporations",14.406
2011,Finland,"Taxes on income, profits and capital gains of individuals and corporations",14.815
2012,Finland,"Taxes on income, profits and capital gains of individuals and corporations",14.526
2013,Finland,"Taxes on income, profits and capital gains of individuals and corporations",15.073
2014,Finland,"Taxes on income, profits and capital gains of individuals and corporations",15.215
2015,Finland,"Taxes on income, profits and capital gains of individuals and corporations",15.314
2016,Finland,"Taxes on income, profits and capital gains of individuals and corporations",15.141
2017,Finland,"Taxes on income, profits and capital gains of individuals and corporations",15.203
2018,Finland,"Taxes on income, profits and capital gains of individuals and corporations",14.78
2019,Finland,"Taxes on income, profits and capital gains of individuals and corporations",14.788
2020,Finland,"Taxes on income, profits and capital gains of individuals and corporations",14.688
2021,Finland,"Taxes on income, profits and capital gains of individuals and corporations",15.605
2022,Finland,"Taxes on income, profits and capital gains of individuals and corporations",15.937
2023,Finland,"Taxes on income, profits and capital gains of individuals and corporations",15.544
1990,France,"Taxes on income, profits and capital gains of individuals and corporations",6.671
1991,France,"Taxes on income, profits and capital gains of individuals and corporations",7.061
1992,France,"Taxes on income, profits and capital gains of individuals and corporations",6.708
1993,France,"Taxes on income, profits and capital gains of individuals and corporations",6.813
1994,France,"Taxes on income, profits and capital gains of individuals and corporations",6.939
1995,France,"Taxes on income, profits and capital gains of individuals and corporations",6.904
1996,France,"Taxes on income, profits and capital gains of individuals and corporations",7.365
1997,France,"Taxes on income, profits and capital gains of individuals and corporations",7.94
1998,France,"Taxes on income, profits and capital gains of individuals and corporations",10.072
1999,France,"Taxes on income, profits and capital gains of individuals and corporations",10.593
2000,France,"Taxes on income, profits and capital gains of individuals and corporations",10.823
2001,France,"Taxes on income, profits and capital gains of individuals and corporations",11.081
2002,France,"Taxes on income, profits and capital gains of individuals and corporations",10.271
2003,France,"Taxes on income, profits and capital gains of individuals and corporations",9.924
2004,France,"Taxes on income, profits and capital gains of individuals and corporations",10.04
2005,France,"Taxes on income, profits and capital gains of individuals and corporations",10.179
2006,France,"Taxes on income, profits and capital gains of individuals and corporations",10.574
2007,France,"Taxes on income, profits and capital gains of individuals and corporations",10.385
2008,France,"Taxes on income, profits and capital gains of individuals and corporations",10.492
2009,France,"Taxes on income, profits and capital gains of individuals and corporations",9.097
2010,France,"Taxes on income, profits and capital gains of individuals and corporations",9.584
2011,France,"Taxes on income, profits and capital gains of individuals and corporations",10.048
2012,France,"Taxes on income, profits and capital gains of individuals and corporations",10.629
2013,France,"Taxes on income, profits and capital gains of individuals and corporations",11.01
2014,France,"Taxes on income, profits and capital gains of individuals and corporations",10.717
2015,France,"Taxes on income, profits and capital gains of individuals and corporations",10.607
2016,France,"Taxes on income, profits and capital gains of individuals and corporations",10.457
2017,France,"Taxes on income, profits and capital gains of individuals and corporations",10.816
2018,France,"Taxes on income, profits and capital gains of individuals and corporations",11.416
2019,France,"Taxes on income, profits and capital gains of individuals and corporations",11.415
2020,France,"Taxes on income, profits and capital gains of individuals and corporations",11.728
2021,France,"Taxes on income, profits and capital gains of individuals and corporations",11.741
2022,France,"Taxes on income, profits and capital gains of individuals and corporations",12.543
2023,France,"Taxes on income, profits and capital gains of individuals and corporations",11.743
1990,Germany,"Taxes on income, profits and capital gains of individuals and corporations",11.27
1991,Germany,"Taxes on income, profits and capital gains of individuals and corporations",11.104
1992,Germany,"Taxes on income, profits and capital gains of individuals and corporations",11.509
1993,Germany,"Taxes on income, profits and capital gains of individuals and corporations",11.052
1994,Germany,"Taxes on income, profits and capital gains of individuals and corporations",10.697
1995,Germany,"Taxes on income, profits and capital gains of individuals and corporations",10.991
1996,Germany,"Taxes on income, profits and capital gains of individuals and corporations",10.207
1997,Germany,"Taxes on income, profits and capital gains of individuals and corporations",9.952
1998,Germany,"Taxes on income, profits and capital gains of individuals and corporations",10.439
1999,Germany,"Taxes on income, profits and capital gains of individuals and corporations",10.815
2000,Germany,"Taxes on income, profits and capital gains of individuals and corporations",10.964
2001,Germany,"Taxes on income, profits and capital gains of individuals and corporations",10.112
2002,Germany,"Taxes on income, profits and capital gains of individuals and corporations",9.666
2003,Germany,"Taxes on income, profits and capital gains of individuals and corporations",9.532
2004,Germany,"Taxes on income, profits and capital gains of individuals and corporations",9.292
2005,Germany,"Taxes on income, profits and capital gains of individuals and corporations",9.597
2006,Germany,"Taxes on income, profits and capital gains of individuals and corporations",10.503
2007,Germany,"Taxes on income, profits and capital gains of individuals and corporations",10.946
2008,Germany,"Taxes on income, profits and capital gains of individuals and corporations",11.35
2009,Germany,"Taxes on income, profits and capital gains of individuals and corporations",10.487
2010,Germany,"Taxes on income, profits and capital gains of individuals and corporations",10.054
2011,Germany,"Taxes on income, profits and capital gains of individuals and corporations",10.546
2012,Germany,"Taxes on income, profits and capital gains of individuals and corporations",11.14
2013,Germany,"Taxes on income, profits and capital gains of individuals and corporations",11.38
2014,Germany,"Taxes on income, profits and capital gains of individuals and corporations",11.38
2015,Germany,"Taxes on income, profits and capital gains of individuals and corporations",11.612
2016,Germany,"Taxes on income, profits and capital gains of individuals and corporations",12.015
2017,Germany,"Taxes on income, profits and capital gains of individuals and corporations",12.272
2018,Germany,"Taxes on income, profits and capital gains of individuals and corporations",12.594
2019,Germany,"Taxes on income, profits and capital gains of individuals and corporations",12.58
2020,Germany,"Taxes on income, profits and capital gains of individuals and corporations",11.861
2021,Germany,"Taxes on income, profits and capital gains of individuals and corporations",12.807
2022,Germany,"Taxes on income, profits and capital gains of individuals and corporations",13.052
2023,Germany,"Taxes on income, profits and capital gains of individuals and corporations",12.379
1990,Greece,"Taxes on income, profits and capital gains of individuals and corporations",5.012
1991,Greece,"Taxes on income, profits and capital gains of individuals and corporations",5.09
1992,Greece,"Taxes on income, profits and capital gains of individuals and corporations",4.933
1993,Greece,"Taxes on income, profits and capital gains of individuals and corporations",5.044
1994,Greece,"Taxes on income, profits and capital gains of individuals and corporations",5.802
1995,Greece,"Taxes on income, profits and capital gains of individuals and corporations",5.863
1996,Greece,"Taxes on income, profits and capital gains of individuals and corporations",5.652
1997,Greece,"Taxes on income, profits and capital gains of individuals and corporations",6.387
1998,Greece,"Taxes on income, profits and capital gains of individuals and corporations",7.7
1999,Greece,"Taxes on income, profits and capital gains of individuals and corporations",8.055
2000,Greece,"Taxes on income, profits and capital gains of individuals and corporations",8.964
2001,Greece,"Taxes on income, profits and capital gains of individuals and corporations",7.793
2002,Greece,"Taxes on income, profits and capital gains of individuals and corporations",7.964
2003,Greece,"Taxes on income, profits and capital gains of individuals and corporations",7.252
2004,Greece,"Taxes on income, profits and capital gains of individuals and corporations",7.187
2005,Greece,"Taxes on income, profits and capital gains of individuals and corporations",8.081
2006,Greece,"Taxes on income, profits and capital gains of individuals and corporations",7.39
2007,Greece,"Taxes on income, profits and capital gains of individuals and corporations",7.381
2008,Greece,"Taxes on income, profits and capital gains of individuals and corporations",7.286
2009,Greece,"Taxes on income, profits and capital gains of individuals and corporations",7.522
2010,Greece,"Taxes on income, profits and capital gains of individuals and corporations",7.118
2011,Greece,"Taxes on income, profits and capital gains of individuals and corporations",7.354
2012,Greece,"Taxes on income, profits and capital gains of individuals and corporations",8.615
2013,Greece,"Taxes on income, profits and capital gains of individuals and corporations",7.791
2014,Greece,"Taxes on income, profits and capital gains of individuals and corporations",8.583
2015,Greece,"Taxes on income, profits and capital gains of individuals and corporations",8.27
2016,Greece,"Taxes on income, profits and capital gains of individuals and corporations",8.96
2017,Greece,"Taxes on income, profits and capital gains of individuals and corporations",8.82
2018,Greece,"Taxes on income, profits and capital gains of individuals and corporations",9.171
2019,Greece,"Taxes on income, profits and capital gains of individuals and corporations",8.21
2020,Greece,"Taxes on income, profits and capital gains of individuals and corporations",8.158
2021,Greece,"Taxes on income, profits and capital gains of individuals and corporations",8.358
2022,Greece,"Taxes on income, profits and capital gains of individuals and corporations",8.451
2023,Greece,"Taxes on income, profits and capital gains of individuals and corporations",9.539
1991,Hungary,"Taxes on income, profits and capital gains of individuals and corporations",12.297
1992,Hungary,"Taxes on income, profits and capital gains of individuals and corporations",9.662
1993,Hungary,"Taxes on income, profits and capital gains of individuals and corporations",9.363
1994,Hungary,"Taxes on income, profits and capital gains of individuals and corporations",8.97
1995,Hungary,"Taxes on income, profits and capital gains of individuals and corporations",8.543
1996,Hungary,"Taxes on income, profits and capital gains of individuals and corporations",8.673
1997,Hungary,"Taxes on income, profits and capital gains of individuals and corporations",8.2
1998,Hungary,"Taxes on income, profits and capital gains of individuals and corporations",8.37
1999,Hungary,"Taxes on income, profits and capital gains of individuals and corporations",8.956
2000,Hungary,"Taxes on income, profits and capital gains of individuals and corporations",9.362
2001,Hungary,"Taxes on income, profits and capital gains of individuals and corporations",9.652
2002,Hungary,"Taxes on income, profits and capital gains of individuals and corporations",9.84
2003,Hungary,"Taxes on income, profits and capital gains of individuals and corporations",9.18
2004,Hungary,"Taxes on income, profits and capital gains of individuals and corporations",8.69
2005,Hungary,"Taxes on income, profits and capital gains of individuals and corporations",8.593
2006,Hungary,"Taxes on income, profits and capital gains of individuals and corporations",8.908
2007,Hungary,"Taxes on income, profits and capital gains of individuals and corporations",9.865
2008,Hungary,"Taxes on income, profits and capital gains of individuals and corporations",10.157
2009,Hungary,"Taxes on income, profits and capital gains of individuals and corporations",9.454
2010,Hungary,"Taxes on income, profits and capital gains of individuals and corporations",7.618
2011,Hungary,"Taxes on income, profits and capital gains of individuals and corporations",6.119
2012,Hungary,"Taxes on income, profits and capital gains of individuals and corporations",6.771
2013,Hungary,"Taxes on income, profits and capital gains of individuals and corporations",6.619
2014,Hungary,"Taxes on income, profits and capital gains of individuals and corporations",6.807
2015,Hungary,"Taxes on income, profits and capital gains of individuals and corporations",6.938
2016,Hungary,"Taxes on income, profits and capital gains of individuals and corporations",7.414
2017,Hungary,"Taxes on income, profits and capital gains of individuals and corporations",7.289
2018,Hungary,"Taxes on income, profits and capital gains of individuals and corporations",6.712
2019,Hungary,"Taxes on income, profits and capital gains of individuals and corporations",6.389
2020,Hungary,"Taxes on income, profits and capital gains of individuals and corporations",6.535
2021,Hungary,"Taxes on income, profits and capital gains of individuals and corporations",5.456
2022,Hungary,"Taxes on income, profits and capital gains of individuals and corporations",7.003
2023,Hungary,"Taxes on income, profits and capital gains of individuals and corporations",7.489
1990,Iceland,"Taxes on income, profits and capital gains of individuals and corporations",9.046
1991,Iceland,"Taxes on income, profits and capital gains of individuals and corporations",8.979
1992,Iceland,"Taxes on income, profits and capital gains of individuals and corporations",9.351
1993,Iceland,"Taxes on income, profits and capital gains of individuals and corporations",9.964
1994,Iceland,"Taxes on income, profits and capital gains of individuals and corporations",10.077
1995,Iceland,"Taxes on income, profits and capital gains of individuals and corporations",10.487
1996,Iceland,"Taxes on income, profits and capital gains of individuals and corporations",11.127
1997,Iceland,"Taxes on income, profits and capital gains of individuals and corporations",11.324
1998,Iceland,"Taxes on income, profits and capital gains of individuals and corporations",12.7
1999,Iceland,"Taxes on income, profits and capital gains of individuals and corporations",13.825
2000,Iceland,"Taxes on income, profits and capital gains of individuals and corporations",14.303
2001,Iceland,"Taxes on income, profits and capital gains of individuals and corporations",14.748
2002,Iceland,"Taxes on income, profits and capital gains of individuals and corporations",14.606
2003,Iceland,"Taxes on income, profits and capital gains of individuals and corporations",15.347
2004,Iceland,"Taxes on income, profits and capital gains of individuals and corporations",15.431
2005,Iceland,"Taxes on income, profits and capital gains of individuals and corporations",16.974
2006,Iceland,"Taxes on income, profits and capital gains of individuals and corporations",17.429
2007,Iceland,"Taxes on income, profits and capital gains of individuals and corporations",17.404
2008,Iceland,"Taxes on income, profits and capital gains of individuals and corporations",16.573
2009,Iceland,"Taxes on income, profits and capital gains of individuals and corporations",14.75
2010,Iceland,"Taxes on income, profits and capital gains of individuals and corporations",14.257
2011,Iceland,"Taxes on income, profits and capital gains of individuals and corporations",15.117
2012,Iceland,"Taxes on income, profits and capital gains of individuals and corporations",15.35
2013,Iceland,"Taxes on income, profits and capital gains of individuals and corporations",16.018
2014,Iceland,"Taxes on income, profits and capital gains of individuals and corporations",17.278
2015,Iceland,"Taxes on income, profits and capital gains of individuals and corporations",16.487
2016,Iceland,"Taxes on income, profits and capital gains of individuals and corporations",17.099
2017,Iceland,"Taxes on income, profits and capital gains of individuals and corporations",18.32
2018,Iceland,"Taxes on income, profits and capital gains of individuals and corporations",17.993
2019,Iceland,"Taxes on income, profits and capital gains of individuals and corporations",17.521
2020,Iceland,"Taxes on income, profits and capital gains of individuals and corporations",18.505
2021,Iceland,"Taxes on income, profits and capital gains of individuals and corporations",17.388
2022,Iceland,"Taxes on income, profits and capital gains of individuals and corporations",18.104
2023,Iceland,"Taxes on income, profits and capital gains of individuals and corporations",18.686
1990,Ireland,"Taxes on income, profits and capital gains of individuals and corporations",12.317
1991,Ireland,"Taxes on income, profits and capital gains of individuals and corporations",12.961
1992,Ireland,"Taxes on income, profits and capital gains of individuals and corporations",13.339
1993,Ireland,"Taxes on income, profits and capital gains of individuals and corporations",13.794
1994,Ireland,"Taxes on income, profits and capital gains of individuals and corporations",14.236
1995,Ireland,"Taxes on income, profits and capital gains of individuals and corporations",12.823
1996,Ireland,"Taxes on income, profits and capital gains of individuals and corporations",13.31
1997,Ireland,"Taxes on income, profits and capital gains of individuals and corporations",13.292
1998,Ireland,"Taxes on income, profits and capital gains of individuals and corporations",13.068
1999,Ireland,"Taxes on income, profits and capital gains of individuals and corporations",13.407
2000,Ireland,"Taxes on income, profits and capital gains of individuals and corporations",13.412
2001,Ireland,"Taxes on income, profits and capital gains of individuals and corporations",12.319
2002,Ireland,"Taxes on income, profits and capital gains of individuals and corporations",11.743
2003,Ireland,"Taxes on income, profits and capital gains of individuals and corporations",12.105
2004,Ireland,"Taxes on income, profits and capital gains of individuals and corporations",12.546
2005,Ireland,"Taxes on income, profits and capital gains of individuals and corporations",12.44
2006,Ireland,"Taxes on income, profits and capital gains of individuals and corporations",13.297
2007,Ireland,"Taxes on income, profits and capital gains of individuals and corporations",12.871
2008,Ireland,"Taxes on income, profits and capital gains of individuals and corporations",11.836
2009,Ireland,"Taxes on income, profits and capital gains of individuals and corporations",11.278
2010,Ireland,"Taxes on income, profits and capital gains of individuals and corporations",11.118
2011,Ireland,"Taxes on income, profits and capital gains of individuals and corporations",11.209
2012,Ireland,"Taxes on income, profits and capital gains of individuals and corporations",11.779
2013,Ireland,"Taxes on income, profits and capital gains of individuals and corporations",11.626
2014,Ireland,"Taxes on income, profits and capital gains of individuals and corporations",11.461
2015,Ireland,"Taxes on income, profits and capital gains of individuals and corporations",9.76
2016,Ireland,"Taxes on income, profits and capital gains of individuals and corporations",10.099
2017,Ireland,"Taxes on income, profits and capital gains of individuals and corporations",9.596
2018,Ireland,"Taxes on income, profits and capital gains of individuals and corporations",9.937
2019,Ireland,"Taxes on income, profits and capital gains of individuals and corporations",9.778
2020,Ireland,"Taxes on income, profits and capital gains of individuals and corporations",9.506
2021,Ireland,"Taxes on income, profits and capital gains of individuals and corporations",9.959
2022,Ireland,"Taxes on income, profits and capital gains of individuals and corporations",10.688
2023,Ireland,"Taxes on income, profits and capital gains of individuals and corporations",11.557
1995,Israel,"Taxes on income, profits and capital gains of individuals and corporations",11.773
1996,Israel,"Taxes on income, profits and capital gains of individuals and corporations",11.364
1997,Israel,"Taxes on income, profits and capital gains of individuals and corporations",12.179
1998,Israel,"Taxes on income, profits and capital gains of individuals and corporations",11.967
1999,Israel,"Taxes on income, profits and capital gains of individuals and corporations",11.852
2000,Israel,"Taxes on income, profits and capital gains of individuals and corporations",13.393
2001,Israel,"Taxes on income, profits and capital gains of individuals and corporations",13.226
2002,Israel,"Taxes on income, profits and capital gains of individuals and corporations",11.608
2003,Israel,"Taxes on income, profits and capital gains of individuals and corporations",10.859
2004,Israel,"Taxes on income, profits and capital gains of individuals and corporations",10.643
2005,Israel,"Taxes on income, profits and capital gains of individuals and corporations",11.045
2006,Israel,"Taxes on income, profits and capital gains of individuals and corporations",12.24
2007,Israel,"Taxes on income, profits and capital gains of individuals and corporations",12.063
2008,Israel,"Taxes on income, profits and capital gains of individuals and corporations",10.29
2009,Israel,"Taxes on income, profits and capital gains of individuals and corporations",8.678
2010,Israel,"Taxes on income, profits and capital gains of individuals and corporations",8.733
2011,Israel,"Taxes on income, profits and capital gains of individuals and corporations",8.99
2012,Israel,"Taxes on income, profits and capital gains of individuals and corporations",8.902
2013,Israel,"Taxes on income, profits and capital gains of individuals and corporations",9.416
2014,Israel,"Taxes on income, profits and capital gains of individuals and corporations",9.349
2015,Israel,"Taxes on income, profits and capital gains of individuals and corporations",9.663
2016,Israel,"Taxes on income, profits and capital gains of individuals and corporations",9.752
2017,Israel,"Taxes on income, profits and capital gains of individuals and corporations",11.422
2018,Israel,"Taxes on income, profits and capital gains of individuals and corporations",10.001
2019,Israel,"Taxes on income, profits and capital gains of individuals and corporations",9.814
2020,Israel,"Taxes on income, profits and capital gains of individuals and corporations",9.769
2021,Israel,"Taxes on income, profits and capital gains of individuals and corporations",11.495
2022,Israel,"Taxes on income, profits and capital gains of individuals and corporations",12.205
2023,Israel,"Taxes on income, profits and capital gains of individuals and corporations",11.045
1990,Italy,"Taxes on income, profits and capital gains of individuals and corporations",13.23
1991,Italy,"Taxes on income, profits and capital gains of individuals and corporations",13.236
1992,Italy,"Taxes on income, profits and capital gains of individuals and corporations",14.603
1993,Italy,"Taxes on income, profits and capital gains of individuals and corporations",14.97
1994,Italy,"Taxes on income, profits and capital gains of individuals and corporations",13.388
1995,Italy,"Taxes on income, profits and capital gains of individuals and corporations",13.571
1996,Italy,"Taxes on income, profits and capital gains of individuals and corporations",13.906
1997,Italy,"Taxes on income, profits and capital gains of individuals and corporations",14.681
1998,Italy,"Taxes on income, profits and capital gains of individuals and corporations",13.061
1999,Italy,"Taxes on income, profits and capital gains of individuals and corporations",13.857
2000,Italy,"Taxes on income, profits and capital gains of individuals and corporations",13.444
2001,Italy,"Taxes on income, profits and capital gains of individuals and corporations",13.697
2002,Italy,"Taxes on income, profits and capital gains of individuals and corporations",12.86
2003,Italy,"Taxes on income, profits and capital gains of individuals and corporations",12.367
2004,Italy,"Taxes on income, profits and capital gains of individuals and corporations",12.337
2005,Italy,"Taxes on income, profits and capital gains of individuals and corporations",12.324
2006,Italy,"Taxes on income, profits and capital gains of individuals and corporations",13.327
2007,Italy,"Taxes on income, profits and capital gains of individuals and corporations",14.026
2008,Italy,"Taxes on income, profits and capital gains of individuals and corporations",14.234
2009,Italy,"Taxes on income, profits and capital gains of individuals and corporations",13.662
2010,Italy,"Taxes on income, profits and capital gains of individuals and corporations",13.626
2011,Italy,"Taxes on income, profits and capital gains of individuals and corporations",13.296
2012,Italy,"Taxes on income, profits and capital gains of individuals and corporations",14.231
2013,Italy,"Taxes on income, profits and capital gains of individuals and corporations",14.466
2014,Italy,"Taxes on income, profits and capital gains of individuals and corporations",13.837
2015,Italy,"Taxes on income, profits and capital gains of individuals and corporations",13.649
2016,Italy,"Taxes on income, profits and capital gains of individuals and corporations",13.463
2017,Italy,"Taxes on income, profits and capital gains of individuals and corporations",13.336
2018,Italy,"Taxes on income, profits and capital gains of individuals and corporations",12.956
2019,Italy,"Taxes on income, profits and capital gains of individuals and corporations",13.35
2020,Italy,"Taxes on income, profits and capital gains of individuals and corporations",13.96
2021,Italy,"Taxes on income, profits and capital gains of individuals and corporations",13.51
2022,Italy,"Taxes on income, profits and capital gains of individuals and corporations",14.044
2023,Italy,"Taxes on income, profits and capital gains of individuals and corporations",14.668
1990,Japan,"Taxes on income, profits and capital gains of individuals and corporations",13.9
1991,Japan,"Taxes on income, profits and capital gains of individuals and corporations",13.297
1992,Japan,"Taxes on income, profits and capital gains of individuals and corporations",11.487
1993,Japan,"Taxes on income, profits and capital gains of individuals and corporations",10.981
1994,Japan,"Taxes on income, profits and capital gains of individuals and corporations",9.803
1995,Japan,"Taxes on income, profits and capital gains of individuals and corporations",9.71
1996,Japan,"Taxes on income, profits and capital gains of individuals and corporations",9.659
1997,Japan,"Taxes on income, profits and capital gains of individuals and corporations",9.525
1998,Japan,"Taxes on income, profits and capital gains of individuals and corporations",8.487
1999,Japan,"Taxes on income, profits and capital gains of individuals and corporations",7.948
2000,Japan,"Taxes on income, profits and capital gains of individuals and corporations",8.816
2001,Japan,"Taxes on income, profits and capital gains of individuals and corporations",8.525
2002,Japan,"Taxes on income, profits and capital gains of individuals and corporations",7.495
2003,Japan,"Taxes on income, profits and capital gains of individuals and corporations",7.371
2004,Japan,"Taxes on income, profits and capital gains of individuals and corporations",7.92
2005,Japan,"Taxes on income, profits and capital gains of individuals and corporations",8.731
2006,Japan,"Taxes on income, profits and capital gains of individuals and corporations",9.423
2007,Japan,"Taxes on income, profits and capital gains of individuals and corporations",9.875
2008,Japan,"Taxes on income, profits and capital gains of individuals and corporations",9.076
2009,Japan,"Taxes on income, profits and capital gains of individuals and corporations",7.588
2010,Japan,"Taxes on income, profits and capital gains of individuals and corporations",7.93
2011,Japan,"Taxes on income, profits and capital gains of individuals and corporations",8.181
2012,Japan,"Taxes on income, profits and capital gains of individuals and corporations",8.68
2013,Japan,"Taxes on income, profits and capital gains of individuals and corporations",9.272
2014,Japan,"Taxes on income, profits and capital gains of individuals and corporations",9.541
2015,Japan,"Taxes on income, profits and capital gains of individuals and corporations",9.426
2016,Japan,"Taxes on income, profits and capital gains of individuals and corporations",9.259
2017,Japan,"Taxes on income, profits and capital gains of individuals and corporations",9.476
2018,Japan,"Taxes on income, profits and capital gains of individuals and corporations",10.077
2019,Japan,"Taxes on income, profits and capital gains of individuals and corporations",9.697
2020,Japan,"Taxes on income, profits and capital gains of individuals and corporations",10.01
2021,Japan,"Taxes on income, profits and capital gains of individuals and corporations",10.815
2022,Japan,"Taxes on income, profits and capital gains of individuals and corporations",11.197
2023,Japan,"Taxes on income, profits and capital gains of individuals and corporations",10.35
1990,Korea,"Taxes on income, profits and capital gains of individuals and corporations",6.085
1991,Korea,"Taxes on income, profits and capital gains of individuals and corporations",5.381
1992,Korea,"Taxes on income, profits and capital gains of individuals and corporations",5.377
1993,Korea,"Taxes on income, profits and capital gains of individuals and corporations",5.212
1994,Korea,"Taxes on income, profits and capital gains of individuals and corporations",5.365
1995,Korea,"Taxes on income, profits and capital gains of individuals and corporations",5.653
1996,Korea,"Taxes on income, profits and capital gains of individuals and corporations",5.522
1997,Korea,"Taxes on income, profits and capital gains of individuals and corporations",4.966
1998,Korea,"Taxes on income, profits and capital gains of individuals and corporations",5.769
1999,Korea,"Taxes on income, profits and capital gains of individuals and corporations",4.769
2000,Korea,"Taxes on income, profits and capital gains of individuals and corporations",6.024
2001,Korea,"Taxes on income, profits and capital gains of individuals and corporations",5.597
2002,Korea,"Taxes on income, profits and capital gains of individuals and corporations",5.429
2003,Korea,"Taxes on income, profits and capital gains of individuals and corporations",6.138
2004,Korea,"Taxes on income, profits and capital gains of individuals and corporations",5.894
2005,Korea,"Taxes on income, profits and capital gains of individuals and corporations",6.33
2006,Korea,"Taxes on income, profits and capital gains of individuals and corporations",6.678
2007,Korea,"Taxes on income, profits and capital gains of individuals and corporations",7.547
2008,Korea,"Taxes on income, profits and capital gains of individuals and corporations",7.305
2009,Korea,"Taxes on income, profits and capital gains of individuals and corporations",6.463
2010,Korea,"Taxes on income, profits and capital gains of individuals and corporations",6.268
2011,Korea,"Taxes on income, profits and capital gains of individuals and corporations",6.973
2012,Korea,"Taxes on income, profits and capital gains of individuals and corporations",7.079
2013,Korea,"Taxes on income, profits and capital gains of individuals and corporations",6.782
2014,Korea,"Taxes on income, profits and capital gains of individuals and corporations",6.805
2015,Korea,"Taxes on income, profits and capital gains of individuals and corporations",7.186
2016,Korea,"Taxes on income, profits and capital gains of individuals and corporations",7.727
2017,Korea,"Taxes on income, profits and capital gains of individuals and corporations",8.14
2018,Korea,"Taxes on income, profits and capital gains of individuals and corporations",9.113
2019,Korea,"Taxes on income, profits and capital gains of individuals and corporations",9.043
2020,Korea,"Taxes on income, profits and capital gains of individuals and corporations",8.583
2021,Korea,"Taxes on income, profits and capital gains of individuals and corporations",9.882
2022,Korea,"Taxes on income, profits and capital gains of individuals and corporations",11.944
2023,Korea,"Taxes on income, profits and capital gains of individuals and corporations",9.877
1995,Latvia,"Taxes on income, profits and capital gains of individuals and corporations",6.529
1996,Latvia,"Taxes on income, profits and capital gains of individuals and corporations",6.625
1997,Latvia,"Taxes on income, profits and capital gains of individuals and corporations",7.228
1998,Latvia,"Taxes on income, profits and capital gains of individuals and corporations",7.496
1999,Latvia,"Taxes on income, profits and capital gains of individuals and corporations",7.417
2000,Latvia,"Taxes on income, profits and capital gains of individuals and corporations",6.995
2001,Latvia,"Taxes on income, profits and capital gains of individuals and corporations",7.345
2002,Latvia,"Taxes on income, profits and capital gains of individuals and corporations",7.399
2003,Latvia,"Taxes on income, profits and capital gains of individuals and corporations",6.978
2004,Latvia,"Taxes on income, profits and capital gains of individuals and corporations",7.336
2005,Latvia,"Taxes on income, profits and capital gains of individuals and corporations",7.258
2006,Latvia,"Taxes on income, profits and capital gains of individuals and corporations",7.681
2007,Latvia,"Taxes on income, profits and capital gains of individuals and corporations",8.178
2008,Latvia,"Taxes on income, profits and capital gains of individuals and corporations",8.911
2009,Latvia,"Taxes on income, profits and capital gains of individuals and corporations",6.854
2010,Latvia,"Taxes on income, profits and capital gains of individuals and corporations",7.142
2011,Latvia,"Taxes on income, profits and capital gains of individuals and corporations",7.191
2012,Latvia,"Taxes on income, profits and capital gains of individuals and corporations",7.353
2013,Latvia,"Taxes on income, profits and capital gains of individuals and corporations",7.427
2014,Latvia,"Taxes on income, profits and capital gains of individuals and corporations",7.454
2015,Latvia,"Taxes on income, profits and capital gains of individuals and corporations",7.461
2016,Latvia,"Taxes on income, profits and capital gains of individuals and corporations",7.928
2017,Latvia,"Taxes on income, profits and capital gains of individuals and corporations",8.169
2018,Latvia,"Taxes on income, profits and capital gains of individuals and corporations",7.029
2019,Latvia,"Taxes on income, profits and capital gains of individuals and corporations",6.626
2020,Latvia,"Taxes on income, profits and capital gains of individuals and corporations",6.706
2021,Latvia,"Taxes on income, profits and capital gains of individuals and corporations",6.886
2022,Latvia,"Taxes on income, profits and capital gains of individuals and corporations",6.911
2023,Latvia,"Taxes on income, profits and capital gains of individuals and corporations",7.605
1995,Lithuania,"Taxes on income, profits and capital gains of individuals and corporations",8.328
1996,Lithuania,"Taxes on income, profits and capital gains of individuals and corporations",7.93
1997,Lithuania,"Taxes on income, profits and capital gains of individuals and corporations",8.679
1998,Lithuania,"Taxes on income, profits and capital gains of individuals and corporations",8.93
1999,Lithuania,"Taxes on income, profits and capital gains of individuals and corporations",9.058
2000,Lithuania,"Taxes on income, profits and capital gains of individuals and corporations",8.319
2001,Lithuania,"Taxes on income, profits and capital gains of individuals and corporations",7.732
2002,Lithuania,"Taxes on income, profits and capital gains of individuals and corporations",7.393
2003,Lithuania,"Taxes on income, profits and capital gains of individuals and corporations",7.854
2004,Lithuania,"Taxes on income, profits and capital gains of individuals and corporations",8.63
2005,Lithuania,"Taxes on income, profits and capital gains of individuals and corporations",8.919
2006,Lithuania,"Taxes on income, profits and capital gains of individuals and corporations",9.53
2007,Lithuania,"Taxes on income, profits and capital gains of individuals and corporations",9.048
2008,Lithuania,"Taxes on income, profits and capital gains of individuals and corporations",9.203
2009,Lithuania,"Taxes on income, profits and capital gains of individuals and corporations",5.898
2010,Lithuania,"Taxes on income, profits and capital gains of individuals and corporations",4.57
2011,Lithuania,"Taxes on income, profits and capital gains of individuals and corporations",4.297
2012,Lithuania,"Taxes on income, profits and capital gains of individuals and corporations",4.767
2013,Lithuania,"Taxes on income, profits and capital gains of individuals and corporations",4.927
2014,Lithuania,"Taxes on income, profits and capital gains of individuals and corporations",4.989
2015,Lithuania,"Taxes on income, profits and capital gains of individuals and corporations",5.391
2016,Lithuania,"Taxes on income, profits and capital gains of individuals and corporations",5.593
2017,Lithuania,"Taxes on income, profits and capital gains of individuals and corporations",5.517
2018,Lithuania,"Taxes on income, profits and capital gains of individuals and corporations",5.767
2019,Lithuania,"Taxes on income, profits and capital gains of individuals and corporations",8.759
2020,Lithuania,"Taxes on income, profits and capital gains of individuals and corporations",8.928
2021,Lithuania,"Taxes on income, profits and capital gains of individuals and corporations",9.518
2022,Lithuania,"Taxes on income, profits and capital gains of individuals and corporations",9.902
2023,Lithuania,"Taxes on income, profits and capital gains of individuals and corporations",10.585
1990,Luxembourg,"Taxes on income, profits and capital gains of individuals and corporations",13.945
1991,Luxembourg,"Taxes on income, profits and capital gains of individuals and corporations",12.415
1992,Luxembourg,"Taxes on income, profits and capital gains of individuals and corporations",11.749
1993,Luxembourg,"Taxes on income, profits and capital gains of individuals and corporations",13.36
1994,Luxembourg,"Taxes on income, profits and capital gains of individuals and corporations",13.803
1995,Luxembourg,"Taxes on income, profits and capital gains of individuals and corporations",14.461
1996,Luxembourg,"Taxes on income, profits and capital gains of individuals and corporations",14.702
1997,Luxembourg,"Taxes on income, profits and capital gains of individuals and corporations",14.729
1998,Luxembourg,"Taxes on income, profits and capital gains of individuals and corporations",14.547
1999,Luxembourg,"Taxes on income, profits and capital gains of individuals and corporations",13.415
2000,Luxembourg,"Taxes on income, profits and capital gains of individuals and corporations",13.512
2001,Luxembourg,"Taxes on income, profits and capital gains of individuals and corporations",13.57
2002,Luxembourg,"Taxes on income, profits and capital gains of individuals and corporations",13.808
2003,Luxembourg,"Taxes on income, profits and capital gains of individuals and corporations",13.661
2004,Luxembourg,"Taxes on income, profits and capital gains of individuals and corporations",12.048
2005,Luxembourg,"Taxes on income, profits and capital gains of individuals and corporations",12.925
2006,Luxembourg,"Taxes on income, profits and capital gains of individuals and corporations",12.365
2007,Luxembourg,"Taxes on income, profits and capital gains of individuals and corporations",12.365
2008,Luxembourg,"Taxes on income, profits and capital gains of individuals and corporations",12.594
2009,Luxembourg,"Taxes on income, profits and capital gains of individuals and corporations",12.781
2010,Luxembourg,"Taxes on income, profits and capital gains of individuals and corporations",12.892
2011,Luxembourg,"Taxes on income, profits and capital gains of individuals and corporations",12.849
2012,Luxembourg,"Taxes on income, profits and capital gains of individuals and corporations",12.8
2013,Luxembourg,"Taxes on income, profits and capital gains of individuals and corporations",12.779
2014,Luxembourg,"Taxes on income, profits and capital gains of individuals and corporations",12.487
2015,Luxembourg,"Taxes on income, profits and capital gains of individuals and corporations",12.949
2016,Luxembourg,"Taxes on income, profits and capital gains of individuals and corporations",13.242
2017,Luxembourg,"Taxes on income, profits and capital gains of individuals and corporations",13.68
2018,Luxembourg,"Taxes on income, profits and capital gains of individuals and corporations",15.621
2019,Luxembourg,"Taxes on income, profits and capital gains of individuals and corporations",15.502
2020,Luxembourg,"Taxes on income, profits and capital gains of individuals and corporations",14.521
2021,Luxembourg,"Taxes on income, profits and capital gains of individuals and corporations",14.637
2022,Luxembourg,"Taxes on income, profits and capital gains of individuals and corporations",14.75
2023,Luxembourg,"Taxes on income, profits and capital gains of individuals and corporations",16.567
1990,Mexico,"Taxes on income, profits and capital gains of individuals and corporations",3.916
1991,Mexico,"Taxes on income, profits and capital gains of individuals and corporations",3.886
1992,Mexico,"Taxes on income, profits and capital gains of individuals and corporations",4.298
1993,Mexico,"Taxes on income, profits and capital gains of individuals and corporations",4.191
1994,Mexico,"Taxes on income, profits and capital gains of individuals and corporations",3.976
1995,Mexico,"Taxes on income, profits and capital gains of individuals and corporations",3.121
1996,Mexico,"Taxes on income, profits and capital gains of individuals and corporations",3.113
1997,Mexico,"Taxes on income, profits and capital gains of individuals and corporations",3.489
1998,Mexico,"Taxes on income, profits and capital gains of individuals and corporations",3.569
1999,Mexico,"Taxes on income, profits and capital gains of individuals and corporations",3.836
2000,Mexico,"Taxes on income, profits and capital gains of individuals and corporations",3.941
2001,Mexico,"Taxes on income, profits and capital gains of individuals and corporations",4.099
2002,Mexico,"Taxes on income, profits and capital gains of individuals and corporations",4.183
2003,Mexico,"Taxes on income, profits and capital gains of individuals and corporations",4.21
2004,Mexico,"Taxes on income, profits and capital gains of individuals and corporations",3.89
2005,Mexico,"Taxes on income, profits and capital gains of individuals and corporations",4.021
2006,Mexico,"Taxes on income, profits and capital gains of individuals and corporations",4.25
2007,Mexico,"Taxes on income, profits and capital gains of individuals and corporations",4.6
2008,Mexico,"Taxes on income, profits and capital gains of individuals and corporations",4.867
2009,Mexico,"Taxes on income, profits and capital gains of individuals and corporations",4.643
2010,Mexico,"Taxes on income, profits and capital gains of individuals and corporations",4.894
2011,Mexico,"Taxes on income, profits and capital gains of individuals and corporations",5.061
2012,Mexico,"Taxes on income, profits and capital gains of individuals and corporations",4.859
2013,Mexico,"Taxes on income, profits and capital gains of individuals and corporations",5.646
2014,Mexico,"Taxes on income, profits and capital gains of individuals and corporations",5.399
2015,Mexico,"Taxes on income, profits and capital gains of individuals and corporations",6.4
2016,Mexico,"Taxes on income, profits and capital gains of individuals and corporations",6.875
2017,Mexico,"Taxes on income, profits and capital gains of individuals and corporations",6.975
2018,Mexico,"Taxes on income, profits and capital gains of individuals and corporations",6.914
2019,Mexico,"Taxes on income, profits and capital gains of individuals and corporations",6.738
2020,Mexico,"Taxes on income, profits and capital gains of individuals and corporations",7.342
2021,Mexico,"Taxes on income, profits and capital gains of individuals and corporations",7.149
2022,Mexico,"Taxes on income, profits and capital gains of individuals and corporations",7.744
2023,Mexico,"Taxes on income, profits and capital gains of individuals and corporations",7.915
1990,Netherlands,"Taxes on income, profits and capital gains of individuals and corporations",12.789
1991,Netherlands,"Taxes on income, profits and capital gains of individuals and corporations",13.93
1992,Netherlands,"Taxes on income, profits and capital gains of individuals and corporations",12.987
1993,Netherlands,"Taxes on income, profits and capital gains of individuals and corporations",13.575
1994,Netherlands,"Taxes on income, profits and capital gains of individuals and corporations",11.134
1995,Netherlands,"Taxes on income, profits and capital gains of individuals and corporations",10.157
1996,Netherlands,"Taxes on income, profits and capital gains of individuals and corporations",10.458
1997,Netherlands,"Taxes on income, profits and capital gains of individuals and corporations",10.035
1998,Netherlands,"Taxes on income, profits and capital gains of individuals and corporations",9.728
1999,Netherlands,"Taxes on income, profits and capital gains of individuals and corporations",9.656
2000,Netherlands,"Taxes on income, profits and capital gains of individuals and corporations",9.566
2001,Netherlands,"Taxes on income, profits and capital gains of individuals and corporations",9.642
2002,Netherlands,"Taxes on income, profits and capital gains of individuals and corporations",9.636
2003,Netherlands,"Taxes on income, profits and capital gains of individuals and corporations",8.888
2004,Netherlands,"Taxes on income, profits and capital gains of individuals and corporations",8.616
2005,Netherlands,"Taxes on income, profits and capital gains of individuals and corporations",9.517
2006,Netherlands,"Taxes on income, profits and capital gains of individuals and corporations",9.769
2007,Netherlands,"Taxes on income, profits and capital gains of individuals and corporations",10.03
2008,Netherlands,"Taxes on income, profits and capital gains of individuals and corporations",9.737
2009,Netherlands,"Taxes on income, profits and capital gains of individuals and corporations",9.757
2010,Netherlands,"Taxes on income, profits and capital gains of individuals and corporations",9.888
2011,Netherlands,"Taxes on income, profits and capital gains of individuals and corporations",9.44
2012,Netherlands,"Taxes on income, profits and capital gains of individuals and corporations",8.944
2013,Netherlands,"Taxes on income, profits and capital gains of individuals and corporations",8.877
2014,Netherlands,"Taxes on income, profits and capital gains of individuals and corporations",9.382
2015,Netherlands,"Taxes on income, profits and capital gains of individuals and corporations",10.133
2016,Netherlands,"Taxes on income, profits and capital gains of individuals and corporations",10.274
2017,Netherlands,"Taxes on income, profits and capital gains of individuals and corporations",11.422
2018,Netherlands,"Taxes on income, profits and capital gains of individuals and corporations",11.276
2019,Netherlands,"Taxes on income, profits and capital gains of individuals and corporations",11.931
2020,Netherlands,"Taxes on income, profits and capital gains of individuals and corporations",11.98
2021,Netherlands,"Taxes on income, profits and capital gains of individuals and corporations",12.096
2022,Netherlands,"Taxes on income, profits and capital gains of individuals and corporations",12.46
2023,Netherlands,"Taxes on income, profits and capital gains of individuals and corporations",13.788
1990,New Zealand,"Taxes on income, profits and capital gains of individuals and corporations",21.562
1991,New Zealand,"Taxes on income, profits and capital gains of individuals and corporations",19.999
1992,New Zealand,"Taxes on income, profits and capital gains of individuals and corporations",20.29
1993,New Zealand,"Taxes on income, profits and capital gains of individuals and corporations",20.434
1994,New Zealand,"Taxes on income, profits and capital gains of individuals and corporations",21.599
1995,New Zealand,"Taxes on income, profits and capital gains of individuals and corporations",21.782
1996,New Zealand,"Taxes on income, profits and capital gains of individuals and corporations",20.067
1997,New Zealand,"Taxes on income, profits and capital gains of individuals and corporations",20.263
1998,New Zealand,"Taxes on income, profits and capital gains of individuals and corporations",18.75
1999,New Zealand,"Taxes on income, profits and capital gains of individuals and corporations",18.748
2000,New Zealand,"Taxes on income, profits and capital gains of individuals and corporations",19.525
2001,New Zealand,"Taxes on income, profits and capital gains of individuals and corporations",18.897
2002,New Zealand,"Taxes on income, profits and capital gains of individuals and corporations",19.864
2003,New Zealand,"Taxes on income, profits and capital gains of individuals and corporations",19.771
2004,New Zealand,"Taxes on income, profits and capital gains of individuals and corporations",20.905
2005,New Zealand,"Taxes on income, profits and capital gains of individuals and corporations",22.728
2006,New Zealand,"Taxes on income, profits and capital gains of individuals and corporations",21.932
2007,New Zealand,"Taxes on income, profits and capital gains of individuals and corporations",21.345
2008,New Zealand,"Taxes on income, profits and capital gains of individuals and corporations",19.865
2009,New Zealand,"Taxes on income, profits and capital gains of individuals and corporations",17.199
2010,New Zealand,"Taxes on income, profits and capital gains of individuals and corporations",16.285
2011,New Zealand,"Taxes on income, profits and capital gains of individuals and corporations",15.954
2012,New Zealand,"Taxes on income, profits and capital gains of individuals and corporations",17.358
2013,New Zealand,"Taxes on income, profits and capital gains of individuals and corporations",16.63
2014,New Zealand,"Taxes on income, profits and capital gains of individuals and corporations",17.023
2015,New Zealand,"Taxes on income, profits and capital gains of individuals and corporations",17.286
2016,New Zealand,"Taxes on income, profits and capital gains of individuals and corporations",17.457
2017,New Zealand,"Taxes on income, profits and capital gains of individuals and corporations",17.418
2018,New Zealand,"Taxes on income, profits and capital gains of individuals and corporations",18.119
2019,New Zealand,"Taxes on income, profits and capital gains of individuals and corporations",17.311
2020,New Zealand,"Taxes on income, profits and capital gains of individuals and corporations",19.052
2021,New Zealand,"Taxes on income, profits and capital gains of individuals and corporations",20.224
2022,New Zealand,"Taxes on income, profits and capital gains of individuals and corporations",19.281
2023,New Zealand,"Taxes on income, profits and capital gains of individuals and corporations",19.917
1990,Norway,"Taxes on income, profits and capital gains of individuals and corporations",14.175
1991,Norway,"Taxes on income, profits and capital gains of individuals and corporations",14.519
1992,Norway,"Taxes on income, profits and capital gains of individuals and corporations",12.96
1993,Norway,"Taxes on income, profits and capital gains of individuals and corporations",13.052
1994,Norway,"Taxes on income, profits and capital gains of individuals and corporations",13.885
1995,Norway,"Taxes on income, profits and capital gains of individuals and corporations",14.056
1996,Norway,"Taxes on income, profits and capital gains of individuals and corporations",14.504
1997,Norway,"Taxes on income, profits and capital gains of individuals and corporations",15.429
1998,Norway,"Taxes on income, profits and capital gains of individuals and corporations",15.349
1999,Norway,"Taxes on income, profits and capital gains of individuals and corporations",15.624
2000,Norway,"Taxes on income, profits and capital gains of individuals and corporations",18.875
2001,Norway,"Taxes on income, profits and capital gains of individuals and corporations",18.975
2002,Norway,"Taxes on income, profits and capital gains of individuals and corporations",18.534
2003,Norway,"Taxes on income, profits and capital gains of individuals and corporations",18.277
2004,Norway,"Taxes on income, profits and capital gains of individuals and corporations",19.732
2005,Norway,"Taxes on income, profits and capital gains of individuals and corporations",20.992
2006,Norway,"Taxes on income, profits and capital gains of individuals and corporations",21.462
2007,Norway,"Taxes on income, profits and capital gains of individuals and corporations",20.181
2008,Norway,"Taxes on income, profits and capital gains of individuals and corporations",20.875
2009,Norway,"Taxes on income, profits and capital gains of individuals and corporations",18.851
2010,Norway,"Taxes on income, profits and capital gains of individuals and corporations",19.687
2011,Norway,"Taxes on income, profits and capital gains of individuals and corporations",20.378
2012,Norway,"Taxes on income, profits and capital gains of individuals and corporations",19.998
2013,Norway,"Taxes on income, profits and capital gains of individuals and corporations",18.125
2014,Norway,"Taxes on income, profits and capital gains of individuals and corporations",16.474
2015,Norway,"Taxes on income, profits and capital gains of individuals and corporations",15.216
2016,Norway,"Taxes on income, profits and capital gains of individuals and corporations",14.78
2017,Norway,"Taxes on income, profits and capital gains of individuals and corporations",15.134
2018,Norway,"Taxes on income, profits and capital gains of individuals and corporations",16.445
2019,Norway,"Taxes on income, profits and capital gains of individuals and corporations",16.365
2020,Norway,"Taxes on income, profits and capital gains of individuals and corporations",14.12
2021,Norway,"Taxes on income, profits and capital gains of individuals and corporations",20.381
2022,Norway,"Taxes on income, profits and capital gains of individuals and corporations",26.465
2023,Norway,"Taxes on income, profits and capital gains of individuals and corporations",21.378
1991,Poland,"Taxes on income, profits and capital gains of individuals and corporations",7.426
1992,Poland,"Taxes on income, profits and capital gains of individuals and corporations",10.948
1993,Poland,"Taxes on income, profits and capital gains of individuals and corporations",11.99
1994,Poland,"Taxes on income, profits and capital gains of individuals and corporations",11.052
1995,Poland,"Taxes on income, profits and capital gains of individuals and corporations",10.917
1996,Poland,"Taxes on income, profits and capital gains of individuals and corporations",10.398
1997,Poland,"Taxes on income, profits and capital gains of individuals and corporations",10.17
1998,Poland,"Taxes on income, profits and capital gains of individuals and corporations",10.09
1999,Poland,"Taxes on income, profits and capital gains of individuals and corporations",7.214
2000,Poland,"Taxes on income, profits and capital gains of individuals and corporations",6.716
2001,Poland,"Taxes on income, profits and capital gains of individuals and corporations",6.013
2002,Poland,"Taxes on income, profits and capital gains of individuals and corporations",6.148
2003,Poland,"Taxes on income, profits and capital gains of individuals and corporations",5.892
2004,Poland,"Taxes on income, profits and capital gains of individuals and corporations",5.922
2005,Poland,"Taxes on income, profits and capital gains of individuals and corporations",6.41
2006,Poland,"Taxes on income, profits and capital gains of individuals and corporations",6.99
2007,Poland,"Taxes on income, profits and capital gains of individuals and corporations",7.898
2008,Poland,"Taxes on income, profits and capital gains of individuals and corporations",7.974
2009,Poland,"Taxes on income, profits and capital gains of individuals and corporations",6.769
2010,Poland,"Taxes on income, profits and capital gains of individuals and corporations",6.346
2011,Poland,"Taxes on income, profits and capital gains of individuals and corporations",6.405
2012,Poland,"Taxes on income, profits and capital gains of individuals and corporations",6.602
2013,Poland,"Taxes on income, profits and capital gains of individuals and corporations",6.353
2014,Poland,"Taxes on income, profits and capital gains of individuals and corporations",6.396
2015,Poland,"Taxes on income, profits and capital gains of individuals and corporations",6.51
2016,Poland,"Taxes on income, profits and capital gains of individuals and corporations",6.705
2017,Poland,"Taxes on income, profits and capital gains of individuals and corporations",6.934
2018,Poland,"Taxes on income, profits and capital gains of individuals and corporations",7.382
2019,Poland,"Taxes on income, profits and capital gains of individuals and corporations",7.539
2020,Poland,"Taxes on income, profits and capital gains of individuals and corporations",7.522
2021,Poland,"Taxes on income, profits and capital gains of individuals and corporations",7.953
2022,Poland,"Taxes on income, profits and capital gains of individuals and corporations",7.286
2023,Poland,"Taxes on income, profits and capital gains of individuals and corporations",6.936
1990,Portugal,"Taxes on income, profits and capital gains of individuals and corporations",6.798
1991,Portugal,"Taxes on income, profits and capital gains of individuals and corporations",7.604
1992,Portugal,"Taxes on income, profits and capital gains of individuals and corporations",8.491
1993,Portugal,"Taxes on income, profits and capital gains of individuals and corporations",7.713
1994,Portugal,"Taxes on income, profits and capital gains of individuals and corporations",7.518
1995,Portugal,"Taxes on income, profits and capital gains of individuals and corporations",7.71
1996,Portugal,"Taxes on income, profits and capital gains of individuals and corporations",8.346
1997,Portugal,"Taxes on income, profits and capital gains of individuals and corporations",8.419
1998,Portugal,"Taxes on income, profits and capital gains of individuals and corporations",8.215
1999,Portugal,"Taxes on income, profits and capital gains of individuals and corporations",8.656
2000,Portugal,"Taxes on income, profits and capital gains of individuals and corporations",9.104
2001,Portugal,"Taxes on income, profits and capital gains of individuals and corporations",8.654
2002,Portugal,"Taxes on income, profits and capital gains of individuals and corporations",8.488
2003,Portugal,"Taxes on income, profits and capital gains of individuals and corporations",7.561
2004,Portugal,"Taxes on income, profits and capital gains of individuals and corporations",7.887
2005,Portugal,"Taxes on income, profits and capital gains of individuals and corporations",7.759
2006,Portugal,"Taxes on income, profits and capital gains of individuals and corporations",8.047
2007,Portugal,"Taxes on income, profits and capital gains of individuals and corporations",8.859
2008,Portugal,"Taxes on income, profits and capital gains of individuals and corporations",8.976
2009,Portugal,"Taxes on income, profits and capital gains of individuals and corporations",8.311
2010,Portugal,"Taxes on income, profits and capital gains of individuals and corporations",8.12
2011,Portugal,"Taxes on income, profits and capital gains of individuals and corporations",9.107
2012,Portugal,"Taxes on income, profits and capital gains of individuals and corporations",8.568
2013,Portugal,"Taxes on income, profits and capital gains of individuals and corporations",10.947
2014,Portugal,"Taxes on income, profits and capital gains of individuals and corporations",10.548
2015,Portugal,"Taxes on income, profits and capital gains of individuals and corporations",10.44
2016,Portugal,"Taxes on income, profits and capital gains of individuals and corporations",9.806
2017,Portugal,"Taxes on income, profits and capital gains of individuals and corporations",9.632
2018,Portugal,"Taxes on income, profits and capital gains of individuals and corporations",9.803
2019,Portugal,"Taxes on income, profits and capital gains of individuals and corporations",9.451
2020,Portugal,"Taxes on income, profits and capital gains of individuals and corporations",9.742
2021,Portugal,"Taxes on income, profits and capital gains of individuals and corporations",9.34
2022,Portugal,"Taxes on income, profits and capital gains of individuals and corporations",10.313
2023,Portugal,"Taxes on income, profits and capital gains of individuals and corporations",10.434
1995,Slovak Republic,"Taxes on income, profits and capital gains of individuals and corporations",10.081
1996,Slovak Republic,"Taxes on income, profits and capital gains of individuals and corporations",8.848
1997,Slovak Republic,"Taxes on income, profits and capital gains of individuals and corporations",8.57
1998,Slovak Republic,"Taxes on income, profits and capital gains of individuals and corporations",8.389
1999,Slovak Republic,"Taxes on income, profits and capital gains of individuals and corporations",8.417
2000,Slovak Republic,"Taxes on income, profits and capital gains of individuals and corporations",6.89
2001,Slovak Republic,"Taxes on income, profits and capital gains of individuals and corporations",6.949
2002,Slovak Republic,"Taxes on income, profits and capital gains of individuals and corporations",6.539
2003,Slovak Republic,"Taxes on income, profits and capital gains of individuals and corporations",6.571
2004,Slovak Republic,"Taxes on income, profits and capital gains of individuals and corporations",5.966
2005,Slovak Republic,"Taxes on income, profits and capital gains of individuals and corporations",5.88
2006,Slovak Republic,"Taxes on income, profits and capital gains of individuals and corporations",6.01
2007,Slovak Republic,"Taxes on income, profits and capital gains of individuals and corporations",6.086
2008,Slovak Republic,"Taxes on income, profits and capital gains of individuals and corporations",6.398
2009,Slovak Republic,"Taxes on income, profits and capital gains of individuals and corporations",5.502
2010,Slovak Republic,"Taxes on income, profits and capital gains of individuals and corporations",5.237
2011,Slovak Republic,"Taxes on income, profits and capital gains of individuals and corporations",5.352
2012,Slovak Republic,"Taxes on income, profits and capital gains of individuals and corporations",5.438
2013,Slovak Republic,"Taxes on income, profits and capital gains of individuals and corporations",6.001
2014,Slovak Republic,"Taxes on income, profits and capital gains of individuals and corporations",6.489
2015,Slovak Republic,"Taxes on income, profits and capital gains of individuals and corporations",6.917
2016,Slovak Republic,"Taxes on income, profits and capital gains of individuals and corporations",6.985
2017,Slovak Republic,"Taxes on income, profits and capital gains of individuals and corporations",7.038
2018,Slovak Republic,"Taxes on income, profits and capital gains of individuals and corporations",7.088
2019,Slovak Republic,"Taxes on income, profits and capital gains of individuals and corporations",7.05
2020,Slovak Republic,"Taxes on income, profits and capital gains of individuals and corporations",6.993
2021,Slovak Republic,"Taxes on income, profits and capital gains of individuals and corporations",7.663
2022,Slovak Republic,"Taxes on income, profits and capital gains of individuals and corporations",7.701
2023,Slovak Republic,"Taxes on income, profits and capital gains of individuals and corporations",7.659
1995,Slovenia,"Taxes on income, profits and capital gains of individuals and corporations",6.37
1996,Slovenia,"Taxes on income, profits and capital gains of individuals and corporations",6.86
1997,Slovenia,"Taxes on income, profits and capital gains of individuals and corporations",6.919
1998,Slovenia,"Taxes on income, profits and capital gains of individuals and corporations",6.715
1999,Slovenia,"Taxes on income, profits and capital gains of individuals and corporations",6.743
2000,Slovenia,"Taxes on income, profits and capital gains of individuals and corporations",6.791
2001,Slovenia,"Taxes on income, profits and capital gains of individuals and corporations",6.974
2002,Slovenia,"Taxes on income, profits and capital gains of individuals and corporations",7.276
2003,Slovenia,"Taxes on income, profits and capital gains of individuals and corporations",7.441
2004,Slovenia,"Taxes on income, profits and capital gains of individuals and corporations",7.664
2005,Slovenia,"Taxes on income, profits and capital gains of individuals and corporations",8.198
2006,Slovenia,"Taxes on income, profits and capital gains of individuals and corporations",8.615
2007,Slovenia,"Taxes on income, profits and capital gains of individuals and corporations",8.67
2008,Slovenia,"Taxes on income, profits and capital gains of individuals and corporations",8.226
2009,Slovenia,"Taxes on income, profits and capital gains of individuals and corporations",7.509
2010,Slovenia,"Taxes on income, profits and capital gains of individuals and corporations",7.402
2011,Slovenia,"Taxes on income, profits and capital gains of individuals and corporations",7.206
2012,Slovenia,"Taxes on income, profits and capital gains of individuals and corporations",6.881
2013,Slovenia,"Taxes on income, profits and capital gains of individuals and corporations",6.268
2014,Slovenia,"Taxes on income, profits and capital gains of individuals and corporations",6.477
2015,Slovenia,"Taxes on income, profits and capital gains of individuals and corporations",6.556
2016,Slovenia,"Taxes on income, profits and capital gains of individuals and corporations",6.84
2017,Slovenia,"Taxes on income, profits and capital gains of individuals and corporations",6.875
2018,Slovenia,"Taxes on income, profits and capital gains of individuals and corporations",7.299
2019,Slovenia,"Taxes on income, profits and capital gains of individuals and corporations",7.21
2020,Slovenia,"Taxes on income, profits and capital gains of individuals and corporations",7.228
2021,Slovenia,"Taxes on income, profits and capital gains of individuals and corporations",7.885
2022,Slovenia,"Taxes on income, profits and capital gains of individuals and corporations",7.519
2023,Slovenia,"Taxes on income, profits and capital gains of individuals and corporations",7.518
1990,Spain,"Taxes on income, profits and capital gains of individuals and corporations",9.663
1991,Spain,"Taxes on income, profits and capital gains of individuals and corporations",9.884
1992,Spain,"Taxes on income, profits and capital gains of individuals and corporations",9.843
1993,Spain,"Taxes on income, profits and capital gains of individuals and corporations",9.515
1994,Spain,"Taxes on income, profits and capital gains of individuals and corporations",9.021
1995,Spain,"Taxes on income, profits and capital gains of individuals and corporations",9.107
1996,Spain,"Taxes on income, profits and capital gains of individuals and corporations",9.059
1997,Spain,"Taxes on income, profits and capital gains of individuals and corporations",9.341
1998,Spain,"Taxes on income, profits and capital gains of individuals and corporations",9.472
1999,Spain,"Taxes on income, profits and capital gains of individuals and corporations",9.297
2000,Spain,"Taxes on income, profits and capital gains of individuals and corporations",9.284
2001,Spain,"Taxes on income, profits and capital gains of individuals and corporations",9.229
2002,Spain,"Taxes on income, profits and capital gains of individuals and corporations",9.714
2003,Spain,"Taxes on income, profits and capital gains of individuals and corporations",9.232
2004,Spain,"Taxes on income, profits and capital gains of individuals and corporations",9.608
2005,Spain,"Taxes on income, profits and capital gains of individuals and corporations",10.351
2006,Spain,"Taxes on income, profits and capital gains of individuals and corporations",10.998
2007,Spain,"Taxes on income, profits and capital gains of individuals and corporations",12.094
2008,Spain,"Taxes on income, profits and capital gains of individuals and corporations",9.774
2009,Spain,"Taxes on income, profits and capital gains of individuals and corporations",8.823
2010,Spain,"Taxes on income, profits and capital gains of individuals and corporations",8.744
2011,Spain,"Taxes on income, profits and capital gains of individuals and corporations",8.955
2012,Spain,"Taxes on income, profits and capital gains of individuals and corporations",9.609
2013,Spain,"Taxes on income, profits and capital gains of individuals and corporations",9.569
2014,Spain,"Taxes on income, profits and capital gains of individuals and corporations",9.691
2015,Spain,"Taxes on income, profits and capital gains of individuals and corporations",9.521
2016,Spain,"Taxes on income, profits and capital gains of individuals and corporations",9.433
2017,Spain,"Taxes on income, profits and capital gains of individuals and corporations",9.618
2018,Spain,"Taxes on income, profits and capital gains of individuals and corporations",10.138
2019,Spain,"Taxes on income, profits and capital gains of individuals and corporations",9.927
2020,Spain,"Taxes on income, profits and capital gains of individuals and corporations",10.704
2021,Spain,"Taxes on income, profits and capital gains of individuals and corporations",11.269
2022,Spain,"Taxes on income, profits and capital gains of individuals and corporations",11.788
2023,Spain,"Taxes on income, profits and capital gains of individuals and corporations",12.046
1990,Sweden,"Taxes on income, profits and capital gains of individuals and corporations",20.341
1991,Sweden,"Taxes on income, profits and capital gains of individuals and corporations",17.362
1992,Sweden,"Taxes on income, profits and capital gains of individuals and corporations",16.949
1993,Sweden,"Taxes on income, profits and capital gains of individuals and corporations",17.922
1994,Sweden,"Taxes on income, profits and capital gains of individuals and corporations",18.702
1995,Sweden,"Taxes on income, profits and capital gains of individuals and corporations",17.712
1996,Sweden,"Taxes on income, profits and capital gains of individuals and corporations",18.29
1997,Sweden,"Taxes on income, profits and capital gains of individuals and corporations",18.748
1998,Sweden,"Taxes on income, profits and capital gains of individuals and corporations",18.58
1999,Sweden,"Taxes on income, profits and capital gains of individuals and corporations",19.482
2000,Sweden,"Taxes on income, profits and capital gains of individuals and corporations",21.369
2001,Sweden,"Taxes on income, profits and capital gains of individuals and corporations",18.278
2002,Sweden,"Taxes on income, profits and capital gains of individuals and corporations",16.34
2003,Sweden,"Taxes on income, profits and capital gains of individuals and corporations",17.011
2004,Sweden,"Taxes on income, profits and capital gains of individuals and corporations",17.898
2005,Sweden,"Taxes on income, profits and capital gains of individuals and corporations",19.107
2006,Sweden,"Taxes on income, profits and capital gains of individuals and corporations",18.214
2007,Sweden,"Taxes on income, profits and capital gains of individuals and corporations",17.523
2008,Sweden,"Taxes on income, profits and capital gains of individuals and corporations",16.091
2009,Sweden,"Taxes on income, profits and capital gains of individuals and corporations",15.549
2010,Sweden,"Taxes on income, profits and capital gains of individuals and corporations",15.393
2011,Sweden,"Taxes on income, profits and capital gains of individuals and corporations",14.793
2012,Sweden,"Taxes on income, profits and capital gains of individuals and corporations",14.546
2013,Sweden,"Taxes on income, profits and capital gains of individuals and corporations",14.881
2014,Sweden,"Taxes on income, profits and capital gains of individuals and corporations",14.965
2015,Sweden,"Taxes on income, profits and capital gains of individuals and corporations",15.538
2016,Sweden,"Taxes on income, profits and capital gains of individuals and corporations",16.029
2017,Sweden,"Taxes on income, profits and capital gains of individuals and corporations",16.254
2018,Sweden,"Taxes on income, profits and capital gains of individuals and corporations",15.881
2019,Sweden,"Taxes on income, profits and capital gains of individuals and corporations",15.34
2020,Sweden,"Taxes on income, profits and capital gains of individuals and corporations",15.304
2021,Sweden,"Taxes on income, profits and capital gains of individuals and corporations",15.708
2022,Sweden,"Taxes on income, profits and capital gains of individuals and corporations",15.309
2023,Sweden,"Taxes on income, profits and capital gains of individuals and corporations",14.615
1990,Switzerland,"Taxes on income, profits and capital gains of individuals and corporations",10.834
1991,Switzerland,"Taxes on income, profits and capital gains of individuals and corporations",10.747
1992,Switzerland,"Taxes on income, profits and capital gains of individuals and corporations",11.153
1993,Switzerland,"Taxes on income, profits and capital gains of individuals and corporations",10.784
1994,Switzerland,"Taxes on income, profits and capital gains of individuals and corporations",11.308
1995,Switzerland,"Taxes on income, profits and capital gains of individuals and corporations",10.782
1996,Switzerland,"Taxes on income, profits and capital gains of individuals and corporations",11.173
1997,Switzerland,"Taxes on income, profits and capital gains of individuals and corporations",10.815
1998,Switzerland,"Taxes on income, profits and capital gains of individuals and corporations",11.358
1999,Switzerland,"Taxes on income, profits and capital gains of individuals and corporations",10.903
2000,Switzerland,"Taxes on income, profits and capital gains of individuals and corporations",11.838
2001,Switzerland,"Taxes on income, profits and capital gains of individuals and corporations",11.109
2002,Switzerland,"Taxes on income, profits and capital gains of individuals and corporations",11.643
2003,Switzerland,"Taxes on income, profits and capital gains of individuals and corporations",11.268
2004,Switzerland,"Taxes on income, profits and capital gains of individuals and corporations",11.267
2005,Switzerland,"Taxes on income, profits and capital gains of individuals and corporations",11.579
2006,Switzerland,"Taxes on income, profits and capital gains of individuals and corporations",11.656
2007,Switzerland,"Taxes on income, profits and capital gains of individuals and corporations",11.741
2008,Switzerland,"Taxes on income, profits and capital gains of individuals and corporations",12.122
2009,Switzerland,"Taxes on income, profits and capital gains of individuals and corporations",12.072
2010,Switzerland,"Taxes on income, profits and capital gains of individuals and corporations",11.789
2011,Switzerland,"Taxes on income, profits and capital gains of individuals and corporations",11.903
2012,Switzerland,"Taxes on income, profits and capital gains of individuals and corporations",11.846
2013,Switzerland,"Taxes on income, profits and capital gains of individuals and corporations",11.96
2014,Switzerland,"Taxes on income, profits and capital gains of individuals and corporations",11.914
2015,Switzerland,"Taxes on income, profits and capital gains of individuals and corporations",12.524
2016,Switzerland,"Taxes on income, profits and capital gains of individuals and corporations",12.539
2017,Switzerland,"Taxes on income, profits and capital gains of individuals and corporations",13.128
2018,Switzerland,"Taxes on income, profits and capital gains of individuals and corporations",12.952
2019,Switzerland,"Taxes on income, profits and capital gains of individuals and corporations",13.326
2020,Switzerland,"Taxes on income, profits and capital gains of individuals and corporations",12.899
2021,Switzerland,"Taxes on income, profits and capital gains of individuals and corporations",13.37
2022,Switzerland,"Taxes on income, profits and capital gains of individuals and corporations",12.549
2023,Switzerland,"Taxes on income, profits and capital gains of individuals and corporations",12.653
1990,Türkiye,"Taxes on income, profits and capital gains of individuals and corporations",4.865
1991,Türkiye,"Taxes on income, profits and capital gains of individuals and corporations",5.295
1992,Türkiye,"Taxes on income, profits and capital gains of individuals and corporations",5.297
1993,Türkiye,"Taxes on income, profits and capital gains of individuals and corporations",5.263
1994,Türkiye,"Taxes on income, profits and capital gains of individuals and corporations",4.79
1995,Türkiye,"Taxes on income, profits and capital gains of individuals and corporations",4.638
1996,Türkiye,"Taxes on income, profits and capital gains of individuals and corporations",4.832
1997,Türkiye,"Taxes on income, profits and capital gains of individuals and corporations",5.55
1998,Türkiye,"Taxes on income, profits and capital gains of individuals and corporations",6.834
1999,Türkiye,"Taxes on income, profits and capital gains of individuals and corporations",7.073
2000,Türkiye,"Taxes on income, profits and capital gains of individuals and corporations",6.933
2001,Türkiye,"Taxes on income, profits and capital gains of individuals and corporations",7.317
2002,Türkiye,"Taxes on income, profits and capital gains of individuals and corporations",5.908
2003,Türkiye,"Taxes on income, profits and capital gains of individuals and corporations",5.917
2004,Türkiye,"Taxes on income, profits and capital gains of individuals and corporations",5.104
2005,Türkiye,"Taxes on income, profits and capital gains of individuals and corporations",5.047
2006,Türkiye,"Taxes on income, profits and capital gains of individuals and corporations",5.044
2007,Türkiye,"Taxes on income, profits and capital gains of individuals and corporations",5.429
2008,Türkiye,"Taxes on income, profits and capital gains of individuals and corporations",5.478
2009,Türkiye,"Taxes on income, profits and capital gains of individuals and corporations",5.611
2010,Türkiye,"Taxes on income, profits and capital gains of individuals and corporations",5.251
2011,Türkiye,"Taxes on income, profits and capital gains of individuals and corporations",5.395
2012,Türkiye,"Taxes on income, profits and capital gains of individuals and corporations",5.407
2013,Türkiye,"Taxes on income, profits and capital gains of individuals and corporations",5.086
2014,Türkiye,"Taxes on income, profits and capital gains of individuals and corporations",5.168
2015,Türkiye,"Taxes on income, profits and capital gains of individuals and corporations",5.068
2016,Türkiye,"Taxes on income, profits and capital gains of individuals and corporations",5.314
2017,Türkiye,"Taxes on income, profits and capital gains of individuals and corporations",5.275
2018,Türkiye,"Taxes on income, profits and capital gains of individuals and corporations",5.787
2019,Türkiye,"Taxes on income, profits and capital gains of individuals and corporations",5.594
2020,Türkiye,"Taxes on income, profits and capital gains of individuals and corporations",5.227
2021,Türkiye,"Taxes on income, profits and capital gains of individuals and corporations",5.48
2022,Türkiye,"Taxes on income, profits and capital gains of individuals and corporations",5.755
2023,Türkiye,"Taxes on income, profits and capital gains of individuals and corporations",5.634
1990,United Kingdom,"Taxes on income, profits and capital gains of individuals and corporations",12.925
1991,United Kingdom,"Taxes on income, profits and capital gains of individuals and corporations",11.89
1992,United Kingdom,"Taxes on income, profits and capital gains of individuals and corporations",11.168
1993,United Kingdom,"Taxes on income, profits and capital gains of individuals and corporations",10.505
1994,United Kingdom,"Taxes on income, profits and capital gains of individuals and corporations",10.995
1995,United Kingdom,"Taxes on income, profits and capital gains of individuals and corporations",10.817
1996,United Kingdom,"Taxes on income, profits and capital gains of individuals and corporations",10.649
1997,United Kingdom,"Taxes on income, profits and capital gains of individuals and corporations",11.014
1998,United Kingdom,"Taxes on income, profits and capital gains of individuals and corporations",12.157
1999,United Kingdom,"Taxes on income, profits and capital gains of individuals and corporations",12.25
2000,United Kingdom,"Taxes on income, profits and capital gains of individuals and corporations",12.931
2001,United Kingdom,"Taxes on income, profits and capital gains of individuals and corporations",12.679
2002,United Kingdom,"Taxes on income, profits and capital gains of individuals and corporations",11.97
2003,United Kingdom,"Taxes on income, profits and capital gains of individuals and corporations",11.38
2004,United Kingdom,"Taxes on income, profits and capital gains of individuals and corporations",11.926
2005,United Kingdom,"Taxes on income, profits and capital gains of individuals and corporations",12.665
2006,United Kingdom,"Taxes on income, profits and capital gains of individuals and corporations",12.891
2007,United Kingdom,"Taxes on income, profits and capital gains of individuals and corporations",13.033
2008,United Kingdom,"Taxes on income, profits and capital gains of individuals and corporations",12.573
2009,United Kingdom,"Taxes on income, profits and capital gains of individuals and corporations",11.923
2010,United Kingdom,"Taxes on income, profits and capital gains of individuals and corporations",11.984
2011,United Kingdom,"Taxes on income, profits and capital gains of individuals and corporations",11.919
2012,United Kingdom,"Taxes on income, profits and capital gains of individuals and corporations",11.322
2013,United Kingdom,"Taxes on income, profits and capital gains of individuals and corporations",11.264
2014,United Kingdom,"Taxes on income, profits and capital gains of individuals and corporations",11.013
2015,United Kingdom,"Taxes on income, profits and capital gains of individuals and corporations",11.1
2016,United Kingdom,"Taxes on income, profits and capital gains of individuals and corporations",11.435
2017,United Kingdom,"Taxes on income, profits and capital gains of individuals and corporations",11.553
2018,United Kingdom,"Taxes on income, profits and capital gains of individuals and corporations",11.514
2019,United Kingdom,"Taxes on income, profits and capital gains of individuals and corporations",11.193
2020,United Kingdom,"Taxes on income, profits and capital gains of individuals and corporations",11.807
2021,United Kingdom,"Taxes on income, profits and capital gains of individuals and corporations",12.918
2022,United Kingdom,"Taxes on income, profits and capital gains of individuals and corporations",13.377
2023,United Kingdom,"Taxes on income, profits and capital gains of individuals and corporations",14.172
1990,United States,"Taxes on income, profits and capital gains of individuals and corporations",11.768
1991,United States,"Taxes on income, profits and capital gains of individuals and corporations",11.216
1992,United States,"Taxes on income, profits and capital gains of individuals and corporations",11.148
1993,United States,"Taxes on income, profits and capital gains of individuals and corporations",11.461
1994,United States,"Taxes on income, profits and capital gains of individuals and corporations",11.619
1995,United States,"Taxes on income, profits and capital gains of individuals and corporations",12.089
1996,United States,"Taxes on income, profits and capital gains of individuals and corporations",12.752
1997,United States,"Taxes on income, profits and capital gains of individuals and corporations",13.245
1998,United States,"Taxes on income, profits and capital gains of individuals and corporations",13.6
1999,United States,"Taxes on income, profits and capital gains of individuals and corporations",13.731
2000,United States,"Taxes on income, profits and capital gains of individuals and corporations",14.183
2001,United States,"Taxes on income, profits and capital gains of individuals and corporations",13.171
2002,United States,"Taxes on income, profits and capital gains of individuals and corporations",10.948
2003,United States,"Taxes on income, profits and capital gains of individuals and corporations",10.478
2004,United States,"Taxes on income, profits and capital gains of individuals and corporations",10.71
2005,United States,"Taxes on income, profits and capital gains of individuals and corporations",12.059
2006,United States,"Taxes on income, profits and capital gains of individuals and corporations",12.804
2007,United States,"Taxes on income, profits and capital gains of individuals and corporations",12.886
2008,United States,"Taxes on income, profits and capital gains of individuals and corporations",11.828
2009,United States,"Taxes on income, profits and capital gains of individuals and corporations",9.226
2010,United States,"Taxes on income, profits and capital gains of individuals and corporations",9.892
2011,United States,"Taxes on income, profits and capital gains of individuals and corporations",10.976
2012,United States,"Taxes on income, profits and capital gains of individuals and corporations",11.207
2013,United States,"Taxes on income, profits and capital gains of individuals and corporations",11.949
2014,United States,"Taxes on income, profits and capital gains of individuals and corporations",12.326
2015,United States,"Taxes on income, profits and capital gains of individuals and corporations",12.655
2016,United States,"Taxes on income, profits and capital gains of individuals and corporations",12.304
2017,United States,"Taxes on income, profits and capital gains of individuals and corporations",11.847
2018,United States,"Taxes on income, profits and capital gains of individuals and corporations",11.365
2019,United States,"Taxes on income, profits and capital gains of individuals and corporations",11.483
2020,United States,"Taxes on income, profits and capital gains of individuals and corporations",11.911
2021,United States,"Taxes on income, profits and capital gains of individuals and corporations",13.232
2022,United States,"Taxes on income, profits and capital gains of individuals and corporations",14.197
2023,United States,"Taxes on income, profits and capital gains of individuals and corporations",12.121
1990,Argentina,"Taxes on income, profits and capital gains of individuals and corporations",0.703
1991,Argentina,"Taxes on income, profits and capital gains of individuals and corporations",1.032
1992,Argentina,"Taxes on income, profits and capital gains of individuals and corporations",1.326
1993,Argentina,"Taxes on income, profits and capital gains of individuals and corporations",1.816
1994,Argentina,"Taxes on income, profits and capital gains of individuals and corporations",2.182
1995,Argentina,"Taxes on income, profits and capital gains of individuals and corporations",2.244
1996,Argentina,"Taxes on income, profits and capital gains of individuals and corporations",2.296
1997,Argentina,"Taxes on income, profits and capital gains of individuals and corporations",2.592
1998,Argentina,"Taxes on income, profits and capital gains of individuals and corporations",2.874
1999,Argentina,"Taxes on income, profits and capital gains of individuals and corporations",3.18
2000,Argentina,"Taxes on income, profits and capital gains of individuals and corporations",3.557
2001,Argentina,"Taxes on income, profits and capital gains of individuals and corporations",3.568
2002,Argentina,"Taxes on income, profits and capital gains of individuals and corporations",2.722
2003,Argentina,"Taxes on income, profits and capital gains of individuals and corporations",3.847
2004,Argentina,"Taxes on income, profits and capital gains of individuals and corporations",4.857
2005,Argentina,"Taxes on income, profits and capital gains of individuals and corporations",5.013
2006,Argentina,"Taxes on income, profits and capital gains of individuals and corporations",4.856
2007,Argentina,"Taxes on income, profits and capital gains of individuals and corporations",4.931
2008,Argentina,"Taxes on income, profits and capital gains of individuals and corporations",4.76
2009,Argentina,"Taxes on income, profits and capital gains of individuals and corporations",4.558
2010,Argentina,"Taxes on income, profits and capital gains of individuals and corporations",4.72
2011,Argentina,"Taxes on income, profits and capital gains of individuals and corporations",5.054
2012,Argentina,"Taxes on income, profits and capital gains of individuals and corporations",5.311
2013,Argentina,"Taxes on income, profits and capital gains of individuals and corporations",5.546
2014,Argentina,"Taxes on income, profits and capital gains of individuals and corporations",5.892
2015,Argentina,"Taxes on income, profits and capital gains of individuals and corporations",6.458
2016,Argentina,"Taxes on income, profits and capital gains of individuals and corporations",5.31
2017,Argentina,"Taxes on income, profits and capital gains of individuals and corporations",5.251
2018,Argentina,"Taxes on income, profits and capital gains of individuals and corporations",5.066
2019,Argentina,"Taxes on income, profits and capital gains of individuals and corporations",5.116
2020,Argentina,"Taxes on income, profits and capital gains of individuals and corporations",5.404
2021,Argentina,"Taxes on income, profits and capital gains of individuals and corporations",5.089
2022,Argentina,"Taxes on income, profits and capital gains of individuals and corporations",5.72
2023,Argentina,"Taxes on income, profits and capital gains of individuals and corporations",4.606
1990,Brazil,"Taxes on income, profits and capital gains of individuals and corporations",5.093
1991,Brazil,"Taxes on income, profits and capital gains of individuals and corporations",3.723
1992,Brazil,"Taxes on income, profits and capital gains of individuals and corporations",4.521
1993,Brazil,"Taxes on income, profits and capital gains of individuals and corporations",4.73
1994,Brazil,"Taxes on income, profits and capital gains of individuals and corporations",5.001
1995,Brazil,"Taxes on income, profits and capital gains of individuals and corporations",5.206
1996,Brazil,"Taxes on income, profits and capital gains of individuals and corporations",4.963
1997,Brazil,"Taxes on income, profits and capital gains of individuals and corporations",4.82
1998,Brazil,"Taxes on income, profits and capital gains of individuals and corporations",5.414
1999,Brazil,"Taxes on income, profits and capital gains of individuals and corporations",5.698
2000,Brazil,"Taxes on income, profits and capital gains of individuals and corporations",5.727
2001,Brazil,"Taxes on income, profits and capital gains of individuals and corporations",6.015
2002,Brazil,"Taxes on income, profits and capital gains of individuals and corporations",6.445
2003,Brazil,"Taxes on income, profits and capital gains of individuals and corporations",6.224
2004,Brazil,"Taxes on income, profits and capital gains of individuals and corporations",6.114
2005,Brazil,"Taxes on income, profits and capital gains of individuals and corporations",6.867
2006,Brazil,"Taxes on income, profits and capital gains of individuals and corporations",6.738
2007,Brazil,"Taxes on income, profits and capital gains of individuals and corporations",7.097
2008,Brazil,"Taxes on income, profits and capital gains of individuals and corporations",7.552
2009,Brazil,"Taxes on income, profits and capital gains of individuals and corporations",7.033
2010,Brazil,"Taxes on income, profits and capital gains of individuals and corporations",6.658
2011,Brazil,"Taxes on income, profits and capital gains of individuals and corporations",7.182
2012,Brazil,"Taxes on income, profits and capital gains of individuals and corporations",6.677
2013,Brazil,"Taxes on income, profits and capital gains of individuals and corporations",6.763
2014,Brazil,"Taxes on income, profits and capital gains of individuals and corporations",6.607
2015,Brazil,"Taxes on income, profits and capital gains of individuals and corporations",6.688
2016,Brazil,"Taxes on income, profits and capital gains of individuals and corporations",7.228
2017,Brazil,"Taxes on income, profits and capital gains of individuals and corporations",6.965
2018,Brazil,"Taxes on income, profits and capital gains of individuals and corporations",7.006
2019,Brazil,"Taxes on income, profits and capital gains of individuals and corporations",7.28
2020,Brazil,"Taxes on income, profits and capital gains of individuals and corporations",6.907
2021,Brazil,"Taxes on income, profits and capital gains of individuals and corporations",7.746
2022,Brazil,"Taxes on income, profits and capital gains of individuals and corporations",9.018
2023,Brazil,"Taxes on income, profits and capital gains of individuals and corporations",8.664
1995,Bulgaria,"Taxes on income, profits and capital gains of individuals and corporations",4.969
1996,Bulgaria,"Taxes on income, profits and capital gains of individuals and corporations",5.711
1997,Bulgaria,"Taxes on income, profits and capital gains of individuals and corporations",12.051
1998,Bulgaria,"Taxes on income, profits and capital gains of individuals and corporations",9.872
1999,Bulgaria,"Taxes on income, profits and capital gains of individuals and corporations",10.174
2000,Bulgaria,"Taxes on income, profits and capital gains of individuals and corporations",9.678
2001,Bulgaria,"Taxes on income, profits and capital gains of individuals and corporations",9.739
2002,Bulgaria,"Taxes on income, profits and capital gains of individuals and corporations",8.664
2003,Bulgaria,"Taxes on income, profits and capital gains of individuals and corporations",6.203
2004,Bulgaria,"Taxes on income, profits and capital gains of individuals and corporations",5.525
2005,Bulgaria,"Taxes on income, profits and capital gains of individuals and corporations",5.039
2006,Bulgaria,"Taxes on income, profits and capital gains of individuals and corporations",5.446
2007,Bulgaria,"Taxes on income, profits and capital gains of individuals and corporations",6.107
2008,Bulgaria,"Taxes on income, profits and capital gains of individuals and corporations",5.636
2009,Bulgaria,"Taxes on income, profits and capital gains of individuals and corporations",4.882
2010,Bulgaria,"Taxes on income, profits and capital gains of individuals and corporations",4.548
2011,Bulgaria,"Taxes on income, profits and capital gains of individuals and corporations",4.493
2012,Bulgaria,"Taxes on income, profits and capital gains of individuals and corporations",4.485
1990,Australia,Taxes on property,2.511
1991,Australia,Taxes on property,2.602
1992,Australia,Taxes on property,2.61
1993,Australia,Taxes on property,2.729
1994,Australia,Taxes on property,2.548
1995,Australia,Taxes on property,2.482
1996,Australia,Taxes on property,2.593
1997,Australia,Taxes on property,2.631
1998,Australia,Taxes on property,2.642
1999,Australia,Taxes on property,2.738
2000,Australia,Taxes on property,2.661
2001,Australia,Taxes on property,2.539
2002,Australia,Taxes on property,2.667
2003,Australia,Taxes on property,2.823
2004,Australia,Taxes on property,2.622
2005,Australia,Taxes on property,2.569
2006,Australia,Taxes on property,2.69
2007,Australia,Taxes on property,2.639
2008,Australia,Taxes on property,2.212
2009,Australia,Taxes on property,2.445
2010,Australia,Taxes on property,2.361
2011,Australia,Taxes on property,2.238
2012,Australia,Taxes on property,2.342
2013,Australia,Taxes on property,2.559
2014,Australia,Taxes on property,2.786
2015,Australia,Taxes on property,2.964
2016,Australia,Taxes on property,2.959
2017,Australia,Taxes on property,2.87
2018,Australia,Taxes on property,2.724
2019,Australia,Taxes on property,2.72
2008,Austria,Taxes on property,0.522
2009,Austria,Taxes on property,0.525
2010,Austria,Taxes on property,0.525
2011,Austria,Taxes on property,0.508
2012,Austria,Taxes on property,0.554
2013,Austria,Taxes on property,0.723
2014,Austria,Taxes on property,0.597
2015,Austria,Taxes on property,0.571
2016,Austria,Taxes on property,0.546
2017,Austria,Taxes on property,0.526
2018,Austria,Taxes on property,0.545
2019,Austria,Taxes on property,0.543
2020,Austria,Taxes on property,0.576
2021,Austria,Taxes on property,0.631
2022,Austria,Taxes on property,0.589
2023,Austria,Taxes on property,0.46
1990,Belgium,Taxes on property,1.575
1991,Belgium,Taxes on property,1.539
1992,Belgium,Taxes on property,1.527
1993,Belgium,Taxes on property,1.685
1994,Belgium,Taxes on property,1.729
1995,Belgium,Taxes on property,1.636
1996,Belgium,Taxes on property,1.781
1997,Belgium,Taxes on property,1.923
1998,Belgium,Taxes on property,2.074
1999,Belgium,Taxes on property,2.062
2000,Belgium,Taxes on property,2.06
2001,Belgium,Taxes on property,1.983
2002,Belgium,Taxes on property,1.972
2003,Belgium,Taxes on property,2.044
2004,Belgium,Taxes on property,2.281
2005,Belgium,Taxes on property,3.023
2006,Belgium,Taxes on property,3.143
2007,Belgium,Taxes on property,3.07
2008,Belgium,Taxes on property,3.06
2009,Belgium,Taxes on property,2.958
2010,Belgium,Taxes on property,3.099
2011,Belgium,Taxes on property,3.175
2012,Belgium,Taxes on property,3.274
2013,Belgium,Taxes on property,3.514
2014,Belgium,Taxes on property,3.537
2015,Belgium,Taxes on property,3.458
2016,Belgium,Taxes on property,3.474
2017,Belgium,Taxes on property,3.459
2018,Belgium,Taxes on property,3.441
2019,Belgium,Taxes on property,3.418
2020,Belgium,Taxes on property,3.391
2021,Belgium,Taxes on property,3.543
2022,Belgium,Taxes on property,3.253
2023,Belgium,Taxes on property,3.147
1990,Canada,Taxes on property,3.515
1991,Canada,Taxes on property,3.711
1992,Canada,Taxes on property,3.901
1993,Canada,Taxes on property,3.876
1994,Canada,Taxes on property,3.8
1995,Canada,Taxes on property,3.692
1996,Canada,Taxes on property,3.677
1997,Canada,Taxes on property,3.67
1998,Canada,Taxes on property,3.706
1999,Canada,Taxes on property,3.57
2000,Canada,Taxes on property,3.301
2001,Canada,Taxes on property,3.664
2002,Canada,Taxes on property,3.579
2003,Canada,Taxes on property,3.538
2004,Canada,Taxes on property,3.531
2005,Canada,Taxes on property,3.503
2006,Canada,Taxes on property,3.465
2007,Canada,Taxes on property,3.455
2008,Canada,Taxes on property,3.597
2009,Canada,Taxes on property,3.931
2010,Canada,Taxes on property,3.826
2011,Canada,Taxes on property,3.687
2012,Canada,Taxes on property,3.705
2013,Canada,Taxes on property,3.704
2014,Canada,Taxes on property,3.674
2015,Canada,Taxes on property,3.908
2016,Canada,Taxes on property,4.008
2017,Canada,Taxes on property,3.931
2018,Canada,Taxes on property,3.851
2019,Canada,Taxes on property,3.868
2020,Canada,Taxes on property,4.045
2021,Canada,Taxes on property,3.892
2022,Canada,Taxes on property,3.503
2023,Canada,Taxes on property,3.426
1990,Chile,Taxes on property,1.032
1991,Chile,Taxes on property,1.057
1992,Chile,Taxes on property,1.126
1993,Chile,Taxes on property,1.253
1994,Chile,Taxes on property,1.152
1995,Chile,Taxes on property,1.142
1996,Chile,Taxes on property,1.247
1997,Chile,Taxes on property,1.3
1998,Chile,Taxes on property,1.311
1999,Chile,Taxes on property,1.401
2000,Chile,Taxes on property,1.312
2001,Chile,Taxes on property,1.405
2002,Chile,Taxes on property,1.446
2003,Chile,Taxes on property,1.422
2004,Chile,Taxes on property,1.298
2005,Chile,Taxes on property,1.317
2006,Chile,Taxes on property,1.186
2007,Chile,Taxes on property,1.124
2008,Chile,Taxes on property,1.177
2009,Chile,Taxes on property,0.91
2010,Chile,Taxes on property,0.783
2011,Chile,Taxes on property,0.895
2012,Chile,Taxes on property,0.955
2013,Chile,Taxes on property,0.827
2014,Chile,Taxes on property,0.83
2015,Chile,Taxes on property,0.895
2016,Chile,Taxes on property,1.025
2017,Chile,Taxes on property,1.097
2018,Chile,Taxes on property,1.1
2019,Chile,Taxes on property,1.145
2020,Chile,Taxes on property,1.124
2021,Chile,Taxes on property,1.204
2022,Chile,Taxes on property,1.314
2023,Chile,Taxes on property,1.331
1990,Colombia,Taxes on property,0.247
1991,Colombia,Taxes on property,0.27
1992,Colombia,Taxes on property,0.306
1993,Colombia,Taxes on property,0.339
1994,Colombia,Taxes on property,0.411
1995,Colombia,Taxes on property,0.421
1996,Colombia,Taxes on property,0.491
1997,Colombia,Taxes on property,0.5
1998,Colombia,Taxes on property,0.555
1999,Colombia,Taxes on property,1.113
2000,Colombia,Taxes on property,1.039
2001,Colombia,Taxes on property,1.185
2002,Colombia,Taxes on property,1.691
2003,Colombia,Taxes on property,1.631
2004,Colombia,Taxes on property,1.469
2005,Colombia,Taxes on property,1.432
2006,Colombia,Taxes on property,1.414
2007,Colombia,Taxes on property,1.507
2008,Colombia,Taxes on property,1.874
2009,Colombia,Taxes on property,1.639
2010,Colombia,Taxes on property,1.569
2011,Colombia,Taxes on property,2.087
2012,Colombia,Taxes on property,2.051
2013,Colombia,Taxes on property,2.088
2014,Colombia,Taxes on property,2.095
2015,Colombia,Taxes on property,2.256
2016,Colombia,Taxes on property,2.094
2017,Colombia,Taxes on property,1.95
2018,Colombia,Taxes on property,1.545
2019,Colombia,Taxes on property,1.791
2020,Colombia,Taxes on property,1.82
2021,Colombia,Taxes on property,1.732
2022,Colombia,Taxes on property,1.533
2023,Colombia,Taxes on property,1.647
1990,Costa Rica,Taxes on property,0.298
1991,Costa Rica,Taxes on property,0.2
1992,Costa Rica,Taxes on property,0.231
1993,Costa Rica,Taxes on property,0.252
1994,Costa Rica,Taxes on property,0.215
1995,Costa Rica,Taxes on property,0.195
1996,Costa Rica,Taxes on property,0.292
1997,Costa Rica,Taxes on property,0.291
1998,Costa Rica,Taxes on property,0.196
1999,Costa Rica,Taxes on property,0.16
2000,Costa Rica,Taxes on property,0.181
2001,Costa Rica,Taxes on property,0.194
2002,Costa Rica,Taxes on property,0.209
2003,Costa Rica,Taxes on property,0.213
2004,Costa Rica,Taxes on property,0.241
2005,Costa Rica,Taxes on property,0.262
2006,Costa Rica,Taxes on property,0.314
2007,Costa Rica,Taxes on property,0.307
2008,Costa Rica,Taxes on property,0.288
2009,Costa Rica,Taxes on property,0.27
2010,Costa Rica,Taxes on property,0.322
2011,Costa Rica,Taxes on property,0.329
2012,Costa Rica,Taxes on property,0.345
2013,Costa Rica,Taxes on property,0.389
2014,Costa Rica,Taxes on property,0.408
2015,Costa Rica,Taxes on property,0.409
2016,Costa Rica,Taxes on property,0.419
2017,Costa Rica,Taxes on property,0.425
2018,Costa Rica,Taxes on property,0.415
2019,Costa Rica,Taxes on property,0.444
2020,Costa Rica,Taxes on property,0.446
2021,Costa Rica,Taxes on property,0.517
2022,Costa Rica,Taxes on property,0.493
2023,Costa Rica,Taxes on property,0.469
1993,Czechia,Taxes on property,0.386
1994,Czechia,Taxes on property,0.435
1995,Czechia,Taxes on property,0.475
1996,Czechia,Taxes on property,0.486
1997,Czechia,Taxes on property,0.514
1998,Czechia,Taxes on property,0.505
1999,Czechia,Taxes on property,0.452
2000,Czechia,Taxes on property,0.454
2001,Czechia,Taxes on property,0.478
2002,Czechia,Taxes on property,0.477
2003,Czechia,Taxes on property,0.477
2004,Czechia,Taxes on property,0.378
2005,Czechia,Taxes on property,0.396
2006,Czechia,Taxes on property,0.398
2007,Czechia,Taxes on property,0.402
2008,Czechia,Taxes on property,0.377
2009,Czechia,Taxes on property,0.357
2010,Czechia,Taxes on property,0.406
2011,Czechia,Taxes on property,0.499
2012,Czechia,Taxes on property,0.499
2013,Czechia,Taxes on property,0.461
2014,Czechia,Taxes on property,0.446
2015,Czechia,Taxes on property,0.471
2016,Czechia,Taxes on property,0.484
2017,Czechia,Taxes on property,0.46
2018,Czechia,Taxes on property,0.45
2019,Czechia,Taxes on property,0.409
2020,Czechia,Taxes on property,0.199
2021,Czechia,Taxes on property,0.189
2022,Czechia,Taxes on property,0.177
2023,Czechia,Taxes on property,0.164
1990,Denmark,Taxes on property,1.899
1991,Denmark,Taxes on property,1.69
1992,Denmark,Taxes on property,1.816
1993,Denmark,Taxes on property,1.949
1994,Denmark,Taxes on property,1.801
1995,Denmark,Taxes on property,1.669
1996,Denmark,Taxes on property,1.602
1997,Denmark,Taxes on property,1.626
1998,Denmark,Taxes on property,1.767
1999,Denmark,Taxes on property,1.769
2000,Denmark,Taxes on property,1.564
2001,Denmark,Taxes on property,1.629
2002,Denmark,Taxes on property,1.678
2003,Denmark,Taxes on property,1.772
2004,Denmark,Taxes on property,1.788
2005,Denmark,Taxes on property,1.842
2006,Denmark,Taxes on property,1.823
2007,Denmark,Taxes on property,1.81
2008,Denmark,Taxes on property,1.899
2009,Denmark,Taxes on property,1.819
2010,Denmark,Taxes on property,1.849
2011,Denmark,Taxes on property,1.888
2012,Denmark,Taxes on property,1.779
2013,Denmark,Taxes on property,1.808
2014,Denmark,Taxes on property,1.833
2015,Denmark,Taxes on property,1.939
2016,Denmark,Taxes on property,1.84
2017,Denmark,Taxes on property,1.792
2018,Denmark,Taxes on property,1.836
2019,Denmark,Taxes on property,2.011
2020,Denmark,Taxes on property,1.96
2021,Denmark,Taxes on property,1.835
2022,Denmark,Taxes on property,1.703
2023,Denmark,Taxes on property,1.657
1995,Estonia,Taxes on property,0.351
1996,Estonia,Taxes on property,0.366
1997,Estonia,Taxes on property,0.377
1998,Estonia,Taxes on property,0.372
1999,Estonia,Taxes on property,0.367
2000,Estonia,Taxes on property,0.388
2001,Estonia,Taxes on property,0.363
2002,Estonia,Taxes on property,0.344
2003,Estonia,Taxes on property,0.328
2004,Estonia,Taxes on property,0.311
2005,Estonia,Taxes on property,0.285
2006,Estonia,Taxes on property,0.244
2007,Estonia,Taxes on property,0.215
2008,Estonia,Taxes on property,0.29
2009,Estonia,Taxes on property,0.341
2010,Estonia,Taxes on property,0.348
2011,Estonia,Taxes on property,0.307
2012,Estonia,Taxes on property,0.324
2013,Estonia,Taxes on property,0.299
2014,Estonia,Taxes on property,0.289
2015,Estonia,Taxes on property,0.276
2016,Estonia,Taxes on property,0.266
2017,Estonia,Taxes on property,0.237
2018,Estonia,Taxes on property,0.219
2019,Estonia,Taxes on property,0.204
2020,Estonia,Taxes on property,0.21
2021,Estonia,Taxes on property,0.189
2022,Estonia,Taxes on property,0.162
2023,Estonia,Taxes on property,0.155
1990,Finland,Taxes on property,1.051
1991,Finland,Taxes on property,1.003
1992,Finland,Taxes on property,0.964
1993,Finland,Taxes on property,1.169
1994,Finland,Taxes on property,1.116
1995,Finland,Taxes on property,0.988
1996,Finland,Taxes on property,1.03
1997,Finland,Taxes on property,1.045
1998,Finland,Taxes on property,1.071
1999,Finland,Taxes on property,1.053
2000,Finland,Taxes on property,1.113
2001,Finland,Taxes on property,1.003
2002,Finland,Taxes on property,1.038
2003,Finland,Taxes on property,0.994
2004,Finland,Taxes on property,1.072
2005,Finland,Taxes on property,1.15
2006,Finland,Taxes on property,1.064
2007,Finland,Taxes on property,1.076
2008,Finland,Taxes on property,1.054
2009,Finland,Taxes on property,1.047
2010,Finland,Taxes on property,1.109
2011,Finland,Taxes on property,1.08
2012,Finland,Taxes on property,1.174
2013,Finland,Taxes on property,1.272
2014,Finland,Taxes on property,1.314
2015,Finland,Taxes on property,1.427
2016,Finland,Taxes on property,1.41
2017,Finland,Taxes on property,1.528
2018,Finland,Taxes on property,1.434
2019,Finland,Taxes on property,1.45
2020,Finland,Taxes on property,1.499
2021,Finland,Taxes on property,1.511
2022,Finland,Taxes on property,1.443
2023,Finland,Taxes on property,1.402
1990,France,Taxes on property,2.628
1991,France,Taxes on property,2.642
1992,France,Taxes on property,3.212
1993,France,Taxes on property,2.773
1994,France,Taxes on property,2.903
1995,France,Taxes on property,2.838
1996,France,Taxes on property,2.946
1997,France,Taxes on property,3.117
1998,France,Taxes on property,3.105
1999,France,Taxes on property,3.162
2000,France,Taxes on property,2.991
2001,France,Taxes on property,2.962
2002,France,Taxes on property,2.99
2003,France,Taxes on property,3.055
2004,France,Taxes on property,3.186
2005,France,Taxes on property,3.321
2006,France,Taxes on property,3.383
2007,France,Taxes on property,3.373
2008,France,Taxes on property,3.257
2009,France,Taxes on property,3.335
2010,France,Taxes on property,3.547
2011,France,Taxes on property,3.653
2012,France,Taxes on property,3.792
2013,France,Taxes on property,3.852
2014,France,Taxes on property,3.912
2015,France,Taxes on property,4.077
2016,France,Taxes on property,4.147
2017,France,Taxes on property,4.289
2018,France,Taxes on property,4.034
2019,France,Taxes on property,3.936
2020,France,Taxes on property,4.001
2021,France,Taxes on property,3.887
2022,France,Taxes on property,3.702
2023,France,Taxes on property,3.457
1990,Germany,Taxes on property,1.173
1991,Germany,Taxes on property,1.001
1992,Germany,Taxes on property,0.972
1993,Germany,Taxes on property,0.978
1994,Germany,Taxes on property,1.011
1995,Germany,Taxes on property,1.005
1996,Germany,Taxes on property,1.083
1997,Germany,Taxes on property,0.974
1998,Germany,Taxes on property,0.844
1999,Germany,Taxes on property,0.898
2000,Germany,Taxes on property,0.83
2001,Germany,Taxes on property,0.803
2002,Germany,Taxes on property,0.79
2003,Germany,Taxes on property,0.819
2004,Germany,Taxes on property,0.838
2005,Germany,Taxes on property,0.84
2006,Germany,Taxes on property,0.852
2007,Germany,Taxes on property,0.875
2008,Germany,Taxes on property,0.836
2009,Germany,Taxes on property,0.832
2010,Germany,Taxes on property,0.819
2011,Germany,Taxes on property,0.855
2012,Germany,Taxes on property,0.895
2013,Germany,Taxes on property,0.929
2014,Germany,Taxes on property,0.962
2015,Germany,Taxes on property,1.072
2016,Germany,Taxes on property,1.087
2017,Germany,Taxes on property,1.049
2018,Germany,Taxes on property,1.079
2019,Germany,Taxes on property,1.113
2020,Germany,Taxes on property,1.246
2021,Germany,Taxes on property,1.239
2022,Germany,Taxes on property,1.115
2023,Germany,Taxes on property,0.937
1990,Greece,Taxes on property,1.169
1991,Greece,Taxes on property,0.989
1992,Greece,Taxes on property,1.186
1993,Greece,Taxes on property,0.982
1994,Greece,Taxes on property,0.944
1995,Greece,Taxes on property,1.69
1996,Greece,Taxes on property,1.8
1997,Greece,Taxes on property,1.968
1998,Greece,Taxes on property,1.969
1999,Greece,Taxes on property,2.39
2000,Greece,Taxes on property,2.571
2001,Greece,Taxes on property,2.161
2002,Greece,Taxes on property,1.974
2003,Greece,Taxes on property,1.907
2004,Greece,Taxes on property,1.811
2005,Greece,Taxes on property,1.923
2006,Greece,Taxes on property,2.085
2007,Greece,Taxes on property,2.109
2008,Greece,Taxes on property,2.158
2009,Greece,Taxes on property,1.989
2010,Greece,Taxes on property,1.669
2011,Greece,Taxes on property,2.523
2012,Greece,Taxes on property,2.746
2013,Greece,Taxes on property,3.168
2014,Greece,Taxes on property,2.896
2015,Greece,Taxes on property,3.072
2016,Greece,Taxes on property,3.147
2017,Greece,Taxes on property,3.144
2018,Greece,Taxes on property,3.094
2019,Greece,Taxes on property,3.055
2020,Greece,Taxes on property,3.055
2021,Greece,Taxes on property,2.915
2022,Greece,Taxes on property,2.739
2023,Greece,Taxes on property,2.825
1991,Hungary,Taxes on property,0.517
1992,Hungary,Taxes on property,0.446
1993,Hungary,Taxes on property,0.367
1994,Hungary,Taxes on property,0.439
1995,Hungary,Taxes on property,0.497
1996,Hungary,Taxes on property,0.598
1997,Hungary,Taxes on property,0.58
1998,Hungary,Taxes on property,0.587
1999,Hungary,Taxes on property,0.634
2000,Hungary,Taxes on property,0.668
2001,Hungary,Taxes on property,0.69
2002,Hungary,Taxes on property,0.688
2003,Hungary,Taxes on property,0.801
2004,Hungary,Taxes on property,0.833
2005,Hungary,Taxes on property,0.827
2006,Hungary,Taxes on property,0.813
2007,Hungary,Taxes on property,0.787
2008,Hungary,Taxes on property,0.847
2009,Hungary,Taxes on property,0.811
2010,Hungary,Taxes on property,1.135
2011,Hungary,Taxes on property,1.111
2012,Hungary,Taxes on property,1.211
2013,Hungary,Taxes on property,1.281
2014,Hungary,Taxes on property,1.272
2015,Hungary,Taxes on property,1.251
2016,Hungary,Taxes on property,1.083
2017,Hungary,Taxes on property,1.041
2018,Hungary,Taxes on property,0.963
2019,Hungary,Taxes on property,0.937
2020,Hungary,Taxes on property,1.047
2021,Hungary,Taxes on property,0.874
2022,Hungary,Taxes on property,0.807
2023,Hungary,Taxes on property,0.736
1990,Iceland,Taxes on property,2.57
1991,Iceland,Taxes on property,2.717
1992,Iceland,Taxes on property,2.861
1993,Iceland,Taxes on property,2.926
1994,Iceland,Taxes on property,2.84
1995,Iceland,Taxes on property,2.793
1996,Iceland,Taxes on property,2.64
1997,Iceland,Taxes on property,2.556
1998,Iceland,Taxes on property,2.145
1999,Iceland,Taxes on property,2.155
2000,Iceland,Taxes on property,2.373
2001,Iceland,Taxes on property,2.289
2002,Iceland,Taxes on property,2.102
2003,Iceland,Taxes on property,1.811
2004,Iceland,Taxes on property,1.767
2005,Iceland,Taxes on property,1.714
2006,Iceland,Taxes on property,1.506
2007,Iceland,Taxes on property,1.661
2008,Iceland,Taxes on property,1.734
2009,Iceland,Taxes on property,1.837
2010,Iceland,Taxes on property,2.107
2011,Iceland,Taxes on property,2.062
2012,Iceland,Taxes on property,2.219
2013,Iceland,Taxes on property,2.158
2014,Iceland,Taxes on property,2.212
2015,Iceland,Taxes on property,1.695
2016,Iceland,Taxes on property,17.026
2017,Iceland,Taxes on property,1.869
2018,Iceland,Taxes on property,1.823
2019,Iceland,Taxes on property,1.929
2020,Iceland,Taxes on property,2.264
2021,Iceland,Taxes on property,2.068
2022,Iceland,Taxes on property,1.962
2023,Iceland,Taxes on property,2.009
1990,Ireland,Taxes on property,1.504
1991,Ireland,Taxes on property,1.506
1992,Ireland,Taxes on property,1.449
1993,Ireland,Taxes on property,1.375
1994,Ireland,Taxes on property,1.52
1995,Ireland,Taxes on property,1.421
1996,Ireland,Taxes on property,1.506
1997,Ireland,Taxes on property,1.52
1998,Ireland,Taxes on property,1.564
1999,Ireland,Taxes on property,1.691
2000,Ireland,Taxes on property,1.753
2001,Ireland,Taxes on property,1.679
2002,Ireland,Taxes on property,1.499
2003,Ireland,Taxes on property,1.865
2004,Ireland,Taxes on property,2.013
2005,Ireland,Taxes on property,2.209
2006,Ireland,Taxes on property,2.696
2007,Ireland,Taxes on property,2.43
2008,Ireland,Taxes on property,1.779
2009,Ireland,Taxes on property,1.452
2010,Ireland,Taxes on property,1.427
2011,Ireland,Taxes on property,1.641
2012,Ireland,Taxes on property,1.738
2013,Ireland,Taxes on property,1.982
2014,Ireland,Taxes on property,2.112
2015,Ireland,Taxes on property,1.438
2016,Ireland,Taxes on property,1.391
2017,Ireland,Taxes on property,1.249
2018,Ireland,Taxes on property,1.289
2019,Ireland,Taxes on property,1.219
2020,Ireland,Taxes on property,0.965
2021,Ireland,Taxes on property,1.078
2022,Ireland,Taxes on property,0.962
2023,Ireland,Taxes on property,1.009
1995,Israel,Taxes on property,3.613
1996,Israel,Taxes on property,3.489
1997,Israel,Taxes on property,3.312
1998,Israel,Taxes on property,3.248
1999,Israel,Taxes on property,3.279
2000,Israel,Taxes on property,3.231
2001,Israel,Taxes on property,2.971
2002,Israel,Taxes on property,2.915
2003,Israel,Taxes on property,2.871
2004,Israel,Taxes on property,3.184
2005,Israel,Taxes on property,3.322
2006,Israel,Taxes on property,3.184
2007,Israel,Taxes on property,3.301
2008,Israel,Taxes on property,3.263
2009,Israel,Taxes on property,3.132
2010,Israel,Taxes on property,3.351
2011,Israel,Taxes on property,3.389
2012,Israel,Taxes on property,3.106
2013,Israel,Taxes on property,3.168
2014,Israel,Taxes on property,3.202
2015,Israel,Taxes on property,3.443
2016,Israel,Taxes on property,3.338
2017,Israel,Taxes on property,3.351
2018,Israel,Taxes on property,3.306
2019,Israel,Taxes on property,3.204
2020,Israel,Taxes on property,3.061
2021,Israel,Taxes on property,3.898
2022,Israel,Taxes on property,4.026
2023,Israel,Taxes on property,3.236
1990,Italy,Taxes on property,0.818
1991,Italy,Taxes on property,0.911
1992,Italy,Taxes on property,1.363
1993,Italy,Taxes on property,2.191
1994,Italy,Taxes on property,2.096
1995,Italy,Taxes on property,2.172
1996,Italy,Taxes on property,2.154
1997,Italy,Taxes on property,2.106
1998,Italy,Taxes on property,1.916
1999,Italy,Taxes on property,1.859
2000,Italy,Taxes on property,1.882
2001,Italy,Taxes on property,1.769
2002,Italy,Taxes on property,2.041
2003,Italy,Taxes on property,3.107
2004,Italy,Taxes on property,2.407
2005,Italy,Taxes on property,1.955
2006,Italy,Taxes on property,2.036
2007,Italy,Taxes on property,2.022
2008,Italy,Taxes on property,1.786
2009,Italy,Taxes on property,2.599
2010,Italy,Taxes on property,2.013
2011,Italy,Taxes on property,2.189
2012,Italy,Taxes on property,2.687
2013,Italy,Taxes on property,2.721
2014,Italy,Taxes on property,2.88
2015,Italy,Taxes on property,2.795
2016,Italy,Taxes on property,2.765
2017,Italy,Taxes on property,2.503
2018,Italy,Taxes on property,2.489
2019,Italy,Taxes on property,2.407
2020,Italy,Taxes on property,2.434
2021,Italy,Taxes on property,2.473
2022,Italy,Taxes on property,2.453
2023,Italy,Taxes on property,2.25
1990,Japan,Taxes on property,2.602
1991,Japan,Taxes on property,2.652
1992,Japan,Taxes on property,2.833
1993,Japan,Taxes on property,3.003
1994,Japan,Taxes on property,2.998
1995,Japan,Taxes on property,3.087
1996,Japan,Taxes on property,2.989
1997,Japan,Taxes on property,2.89
1998,Japan,Taxes on property,2.785
1999,Japan,Taxes on property,2.788
2000,Japan,Taxes on property,2.659
2001,Japan,Taxes on property,2.684
2002,Japan,Taxes on property,2.643
2003,Japan,Taxes on property,2.493
2004,Japan,Taxes on property,2.474
2005,Japan,Taxes on property,2.495
2006,Japan,Taxes on property,2.418
2007,Japan,Taxes on property,2.44
2008,Japan,Taxes on property,2.54
2009,Japan,Taxes on property,2.604
2010,Japan,Taxes on property,2.551
2011,Japan,Taxes on property,2.62
2012,Japan,Taxes on property,2.546
2013,Japan,Taxes on property,2.524
2014,Japan,Taxes on property,2.542
2015,Japan,Taxes on property,2.478
2016,Japan,Taxes on property,2.528
2017,Japan,Taxes on property,2.532
2018,Japan,Taxes on property,2.551
2019,Japan,Taxes on property,2.575
2020,Japan,Taxes on property,2.659
2021,Japan,Taxes on property,2.664
2022,Japan,Taxes on property,2.711
2023,Japan,Taxes on property,2.589
1990,Korea,Taxes on property,2.188
1991,Korea,Taxes on property,2.305
1992,Korea,Taxes on property,2.313
1993,Korea,Taxes on property,2.587
1994,Korea,Taxes on property,2.676
1995,Korea,Taxes on property,2.618
1996,Korea,Taxes on property,2.498
1997,Korea,Taxes on property,2.415
1998,Korea,Taxes on property,2.061
1999,Korea,Taxes on property,2.631
2000,Korea,Taxes on property,2.585
2001,Korea,Taxes on property,2.421
2002,Korea,Taxes on property,2.71
2003,Korea,Taxes on property,2.59
2004,Korea,Taxes on property,2.382
2005,Korea,Taxes on property,2.579
2006,Korea,Taxes on property,2.984
2007,Korea,Taxes on property,3.038
2008,Korea,Taxes on property,2.813
2009,Korea,Taxes on property,2.638
2010,Korea,Taxes on property,2.534
2011,Korea,Taxes on property,2.632
2012,Korea,Taxes on property,2.515
2013,Korea,Taxes on property,2.388
2014,Korea,Taxes on property,2.579
2015,Korea,Taxes on property,2.933
2016,Korea,Taxes on property,2.862
2017,Korea,Taxes on property,2.964
2018,Korea,Taxes on property,3.098
2019,Korea,Taxes on property,3.104
2020,Korea,Taxes on property,3.942
2021,Korea,Taxes on property,4.483
2022,Korea,Taxes on property,3.796
2023,Korea,Taxes on property,3.323
1995,Latvia,Taxes on property,1.004
1996,Latvia,Taxes on property,1.07
1997,Latvia,Taxes on property,1.135
1998,Latvia,Taxes on property,1.274
1999,Latvia,Taxes on property,1.0
2000,Latvia,Taxes on property,1.1
2001,Latvia,Taxes on property,1.062
2002,Latvia,Taxes on property,0.986
2003,Latvia,Taxes on property,1.024
2004,Latvia,Taxes on property,1.021
2005,Latvia,Taxes on property,0.99
2006,Latvia,Taxes on property,0.987
2007,Latvia,Taxes on property,0.86
2008,Latvia,Taxes on property,0.631
2009,Latvia,Taxes on property,0.702
2010,Latvia,Taxes on property,0.868
2011,Latvia,Taxes on property,0.999
2012,Latvia,Taxes on property,0.964
2013,Latvia,Taxes on property,0.971
2014,Latvia,Taxes on property,1.046
2015,Latvia,Taxes on property,1.013
2016,Latvia,Taxes on property,1.069
2017,Latvia,Taxes on property,1.039
2018,Latvia,Taxes on property,0.955
2019,Latvia,Taxes on property,0.94
2020,Latvia,Taxes on property,0.933
2021,Latvia,Taxes on property,0.889
2022,Latvia,Taxes on property,0.767
2023,Latvia,Taxes on property,0.728
1995,Lithuania,Taxes on property,0.322
1996,Lithuania,Taxes on property,0.362
1997,Lithuania,Taxes on property,0.405
1998,Lithuania,Taxes on property,0.411
1999,Lithuania,Taxes on property,0.454
2000,Lithuania,Taxes on property,0.461
2001,Lithuania,Taxes on property,0.484
2002,Lithuania,Taxes on property,0.484
2003,Lithuania,Taxes on property,0.43
2004,Lithuania,Taxes on property,0.394
2005,Lithuania,Taxes on property,0.344
2006,Lithuania,Taxes on property,0.329
2007,Lithuania,Taxes on property,0.288
2008,Lithuania,Taxes on property,0.273
2009,Lithuania,Taxes on property,0.351
2010,Lithuania,Taxes on property,0.366
2011,Lithuania,Taxes on property,0.31
2012,Lithuania,Taxes on property,0.284
2013,Lithuania,Taxes on property,0.276
2014,Lithuania,Taxes on property,0.296
2015,Lithuania,Taxes on property,0.338
2016,Lithuania,Taxes on property,0.328
2017,Lithuania,Taxes on property,0.305
2018,Lithuania,Taxes on property,0.301
2019,Lithuania,Taxes on property,0.304
2020,Lithuania,Taxes on property,0.301
2021,Lithuania,Taxes on property,0.294
2022,Lithuania,Taxes on property,0.288
2023,Lithuania,Taxes on property,0.305
1990,Luxembourg,Taxes on property,2.921
1991,Luxembourg,Taxes on property,2.515
1992,Luxembourg,Taxes on property,2.683
1993,Luxembourg,Taxes on property,2.835
1994,Luxembourg,Taxes on property,2.754
1995,Luxembourg,Taxes on property,2.573
1996,Luxembourg,Taxes on property,2.796
1997,Luxembourg,Taxes on property,2.953
1998,Luxembourg,Taxes on property,3.267
1999,Luxembourg,Taxes on property,3.653
2000,Luxembourg,Taxes on property,3.957
2001,Luxembourg,Taxes on property,3.627
2002,Luxembourg,Taxes on property,3.015
2003,Luxembourg,Taxes on property,2.797
2004,Luxembourg,Taxes on property,2.827
2005,Luxembourg,Taxes on property,3.18
2006,Luxembourg,Taxes on property,3.298
2007,Luxembourg,Taxes on property,3.438
2008,Luxembourg,Taxes on property,2.585
2009,Luxembourg,Taxes on property,2.397
2010,Luxembourg,Taxes on property,2.505
2011,Luxembourg,Taxes on property,2.506
2012,Luxembourg,Taxes on property,2.56
2013,Luxembourg,Taxes on property,2.64
2014,Luxembourg,Taxes on property,2.81
2015,Luxembourg,Taxes on property,3.167
2016,Luxembourg,Taxes on property,3.334
2017,Luxembourg,Taxes on property,3.551
2018,Luxembourg,Taxes on property,3.85
2019,Luxembourg,Taxes on property,3.869
2020,Luxembourg,Taxes on property,3.817
2021,Luxembourg,Taxes on property,4.024
2022,Luxembourg,Taxes on property,3.693
2023,Luxembourg,Taxes on property,3.52
1990,Mexico,Taxes on property,0.216
1991,Mexico,Taxes on property,0.265
1992,Mexico,Taxes on property,0.307
1993,Mexico,Taxes on property,0.285
1994,Mexico,Taxes on property,0.272
1995,Mexico,Taxes on property,0.231
1996,Mexico,Taxes on property,0.208
1997,Mexico,Taxes on property,0.193
1998,Mexico,Taxes on property,0.192
1999,Mexico,Taxes on property,0.191
2000,Mexico,Taxes on property,0.199
2001,Mexico,Taxes on property,0.225
2002,Mexico,Taxes on property,0.248
2003,Mexico,Taxes on property,0.249
2004,Mexico,Taxes on property,0.248
2005,Mexico,Taxes on property,0.268
2006,Mexico,Taxes on property,0.266
2007,Mexico,Taxes on property,0.275
2008,Mexico,Taxes on property,0.277
2009,Mexico,Taxes on property,0.278
2010,Mexico,Taxes on property,0.279
2011,Mexico,Taxes on property,0.27
2012,Mexico,Taxes on property,0.273
2013,Mexico,Taxes on property,0.273
2014,Mexico,Taxes on property,0.303
2015,Mexico,Taxes on property,0.3
2016,Mexico,Taxes on property,0.305
2017,Mexico,Taxes on property,0.301
2018,Mexico,Taxes on property,0.319
2019,Mexico,Taxes on property,0.315
2020,Mexico,Taxes on property,0.329
2021,Mexico,Taxes on property,0.339
2022,Mexico,Taxes on property,0.357
2023,Mexico,Taxes on property,0.301
1990,Netherlands,Taxes on property,1.449
1991,Netherlands,Taxes on property,1.489
1992,Netherlands,Taxes on property,1.488
1993,Netherlands,Taxes on property,1.578
1994,Netherlands,Taxes on property,1.66
1995,Netherlands,Taxes on property,1.566
1996,Netherlands,Taxes on property,1.687
1997,Netherlands,Taxes on property,1.763
1998,Netherlands,Taxes on property,1.805
1999,Netherlands,Taxes on property,1.896
2000,Netherlands,Taxes on property,1.945
2001,Netherlands,Taxes on property,1.794
2002,Netherlands,Taxes on property,1.843
2003,Netherlands,Taxes on property,1.759
2004,Netherlands,Taxes on property,1.824
2005,Netherlands,Taxes on property,1.912
2006,Netherlands,Taxes on property,1.674
2007,Netherlands,Taxes on property,1.664
2008,Netherlands,Taxes on property,1.519
2009,Netherlands,Taxes on property,1.375
2010,Netherlands,Taxes on property,1.364
2011,Netherlands,Taxes on property,1.206
2012,Netherlands,Taxes on property,1.073
2013,Netherlands,Taxes on property,1.215
2014,Netherlands,Taxes on property,1.416
2015,Netherlands,Taxes on property,1.397
2016,Netherlands,Taxes on property,1.495
2017,Netherlands,Taxes on property,1.53
2018,Netherlands,Taxes on property,1.542
2019,Netherlands,Taxes on property,1.468
2020,Netherlands,Taxes on property,1.659
2021,Netherlands,Taxes on property,1.583
2022,Netherlands,Taxes on property,1.487
2023,Netherlands,Taxes on property,1.243
1990,New Zealand,Taxes on property,2.476
1991,New Zealand,Taxes on property,2.202
1992,New Zealand,Taxes on property,2.093
1993,New Zealand,Taxes on property,1.934
1994,New Zealand,Taxes on property,1.893
1995,New Zealand,Taxes on property,1.91
1996,New Zealand,Taxes on property,1.879
1997,New Zealand,Taxes on property,1.828
1998,New Zealand,Taxes on property,1.813
1999,New Zealand,Taxes on property,1.886
2000,New Zealand,Taxes on property,1.728
2001,New Zealand,Taxes on property,1.67
2002,New Zealand,Taxes on property,1.703
2003,New Zealand,Taxes on property,1.7
2004,New Zealand,Taxes on property,1.723
2005,New Zealand,Taxes on property,1.77
2006,New Zealand,Taxes on property,1.828
2007,New Zealand,Taxes on property,1.809
2008,New Zealand,Taxes on property,1.945
2009,New Zealand,Taxes on property,1.96
2010,New Zealand,Taxes on property,2.003
2011,New Zealand,Taxes on property,1.999
2012,New Zealand,Taxes on property,2.005
2013,New Zealand,Taxes on property,1.935
2014,New Zealand,Taxes on property,1.951
2015,New Zealand,Taxes on property,1.95
2016,New Zealand,Taxes on property,1.908
2017,New Zealand,Taxes on property,1.872
2018,New Zealand,Taxes on property,1.881
2019,New Zealand,Taxes on property,1.935
2020,New Zealand,Taxes on property,1.855
2021,New Zealand,Taxes on property,1.918
2022,New Zealand,Taxes on property,1.918
2023,New Zealand,Taxes on property,2.023
1990,Norway,Taxes on property,1.185
1991,Norway,Taxes on property,1.161
1992,Norway,Taxes on property,1.147
1993,Norway,Taxes on property,1.045
1994,Norway,Taxes on property,1.091
1995,Norway,Taxes on property,1.126
1996,Norway,Taxes on property,1.119
1997,Norway,Taxes on property,1.086
1998,Norway,Taxes on property,0.99
1999,Norway,Taxes on property,1.027
2000,Norway,Taxes on property,0.912
2001,Norway,Taxes on property,0.917
2002,Norway,Taxes on property,0.953
2003,Norway,Taxes on property,0.988
2004,Norway,Taxes on property,0.992
2005,Norway,Taxes on property,0.982
2006,Norway,Taxes on property,0.953
2007,Norway,Taxes on property,1.049
2008,Norway,Taxes on property,0.936
2009,Norway,Taxes on property,1.078
2010,Norway,Taxes on property,1.07
2011,Norway,Taxes on property,1.036
2012,Norway,Taxes on property,1.032
2013,Norway,Taxes on property,1.063
2014,Norway,Taxes on property,1.055
2015,Norway,Taxes on property,1.057
2016,Norway,Taxes on property,1.137
2017,Norway,Taxes on property,1.164
2018,Norway,Taxes on property,1.114
2019,Norway,Taxes on property,1.171
2020,Norway,Taxes on property,1.27
2021,Norway,Taxes on property,1.102
2022,Norway,Taxes on property,0.968
2023,Norway,Taxes on property,1.197
1991,Poland,Taxes on property,1.337
1992,Poland,Taxes on property,1.256
1993,Poland,Taxes on property,1.349
1994,Poland,Taxes on property,1.223
1995,Poland,Taxes on property,1.266
1996,Poland,Taxes on property,1.308
1997,Poland,Taxes on property,1.348
1998,Poland,Taxes on property,1.372
1999,Poland,Taxes on property,1.446
2000,Poland,Taxes on property,1.414
2001,Poland,Taxes on property,1.668
2002,Poland,Taxes on property,1.626
2003,Poland,Taxes on property,1.519
2004,Poland,Taxes on property,1.489
2005,Poland,Taxes on property,1.486
2006,Poland,Taxes on property,1.446
2007,Poland,Taxes on property,1.441
2008,Poland,Taxes on property,1.426
2009,Poland,Taxes on property,1.344
2010,Poland,Taxes on property,1.329
2011,Poland,Taxes on property,1.293
2012,Poland,Taxes on property,1.348
2013,Poland,Taxes on property,1.418
2014,Poland,Taxes on property,1.411
2015,Poland,Taxes on property,1.37
2016,Poland,Taxes on property,1.382
2017,Poland,Taxes on property,1.367
2018,Poland,Taxes on property,1.31
2019,Poland,Taxes on property,1.267
2020,Poland,Taxes on property,1.296
2021,Poland,Taxes on property,1.277
2022,Poland,Taxes on property,1.164
2023,Poland,Taxes on property,1.141
1990,Portugal,Taxes on property,0.718
1991,Portugal,Taxes on property,0.738
1992,Portugal,Taxes on property,0.682
1993,Portugal,Taxes on property,0.683
1994,Portugal,Taxes on property,0.691
1995,Portugal,Taxes on property,0.927
1996,Portugal,Taxes on property,0.874
1997,Portugal,Taxes on property,0.881
1998,Portugal,Taxes on property,1.004
1999,Portugal,Taxes on property,1.157
2000,Portugal,Taxes on property,1.143
2001,Portugal,Taxes on property,1.068
2002,Portugal,Taxes on property,1.139
2003,Portugal,Taxes on property,1.108
2004,Portugal,Taxes on property,1.071
2005,Portugal,Taxes on property,1.166
2006,Portugal,Taxes on property,1.219
2007,Portugal,Taxes on property,1.328
2008,Portugal,Taxes on property,1.227
2009,Portugal,Taxes on property,1.123
2010,Portugal,Taxes on property,1.129
2011,Portugal,Taxes on property,1.096
2012,Portugal,Taxes on property,1.183
2013,Portugal,Taxes on property,1.123
2014,Portugal,Taxes on property,1.23
2015,Portugal,Taxes on property,1.284
2016,Portugal,Taxes on property,1.282
2017,Portugal,Taxes on property,1.356
2018,Portugal,Taxes on property,1.445
2019,Portugal,Taxes on property,1.436
2020,Portugal,Taxes on property,1.44
2021,Portugal,Taxes on property,1.541
2022,Portugal,Taxes on property,1.54
2023,Portugal,Taxes on property,1.423
1995,Slovak Republic,Taxes on property,0.561
1996,Slovak Republic,Taxes on property,0.652
1997,Slovak Republic,Taxes on property,0.644
1998,Slovak Republic,Taxes on property,0.632
1999,Slovak Republic,Taxes on property,0.638
2000,Slovak Republic,Taxes on property,0.612
2001,Slovak Republic,Taxes on property,0.577
2002,Slovak Republic,Taxes on property,0.585
2003,Slovak Republic,Taxes on property,0.568
2004,Slovak Republic,Taxes on property,0.536
2005,Slovak Republic,Taxes on property,0.49
2006,Slovak Republic,Taxes on property,0.435
2007,Slovak Republic,Taxes on property,0.388
2008,Slovak Republic,Taxes on property,0.366
2009,Slovak Republic,Taxes on property,0.417
2010,Slovak Republic,Taxes on property,0.403
2011,Slovak Republic,Taxes on property,0.399
2012,Slovak Republic,Taxes on property,0.429
2013,Slovak Republic,Taxes on property,0.439
2014,Slovak Republic,Taxes on property,0.433
2015,Slovak Republic,Taxes on property,0.418
2016,Slovak Republic,Taxes on property,0.428
2017,Slovak Republic,Taxes on property,0.426
2018,Slovak Republic,Taxes on property,0.411
2019,Slovak Republic,Taxes on property,0.4
2020,Slovak Republic,Taxes on property,0.468
2021,Slovak Republic,Taxes on property,0.465
2022,Slovak Republic,Taxes on property,0.427
2023,Slovak Republic,Taxes on property,0.415
1995,Slovenia,Taxes on property,0.544
1996,Slovenia,Taxes on property,0.528
1997,Slovenia,Taxes on property,0.624
1998,Slovenia,Taxes on property,0.813
1999,Slovenia,Taxes on property,0.741
2000,Slovenia,Taxes on property,0.639
2001,Slovenia,Taxes on property,0.684
2002,Slovenia,Taxes on property,0.644
2003,Slovenia,Taxes on property,0.561
2004,Slovenia,Taxes on property,0.595
2005,Slovenia,Taxes on property,0.584
2006,Slovenia,Taxes on property,0.6
2007,Slovenia,Taxes on property,0.588
2008,Slovenia,Taxes on property,0.564
2009,Slovenia,Taxes on property,0.578
2010,Slovenia,Taxes on property,0.61
2011,Slovenia,Taxes on property,0.592
2012,Slovenia,Taxes on property,0.625
2013,Slovenia,Taxes on property,0.636
2014,Slovenia,Taxes on property,0.619
2015,Slovenia,Taxes on property,0.62
2016,Slovenia,Taxes on property,0.629
2017,Slovenia,Taxes on property,0.643
2018,Slovenia,Taxes on property,0.602
2019,Slovenia,Taxes on property,0.615
2020,Slovenia,Taxes on property,0.627
2021,Slovenia,Taxes on property,0.615
2022,Slovenia,Taxes on property,0.609
2023,Slovenia,Taxes on property,0.556
1990,Spain,Taxes on property,1.74
1991,Spain,Taxes on property,1.576
1992,Spain,Taxes on property,1.573
1993,Spain,Taxes on property,1.599
1994,Spain,Taxes on property,1.797
1995,Spain,Taxes on property,1.783
1996,Spain,Taxes on property,1.761
1997,Spain,Taxes on property,2.001
1998,Spain,Taxes on property,1.962
1999,Spain,Taxes on property,2.052
2000,Spain,Taxes on property,2.134
2001,Spain,Taxes on property,2.062
2002,Spain,Taxes on property,2.226
2003,Spain,Taxes on property,2.461
2004,Spain,Taxes on property,2.737
2005,Spain,Taxes on property,3.017
2006,Spain,Taxes on property,3.216
2007,Spain,Taxes on property,2.988
2008,Spain,Taxes on property,2.308
2009,Spain,Taxes on property,2.031
2010,Spain,Taxes on property,2.067
2011,Spain,Taxes on property,1.957
2012,Spain,Taxes on property,2.123
2013,Spain,Taxes on property,2.376
2014,Spain,Taxes on property,2.516
2015,Spain,Taxes on property,2.584
2016,Spain,Taxes on property,2.569
2017,Spain,Taxes on property,2.534
2018,Spain,Taxes on property,2.538
2019,Spain,Taxes on property,2.454
2020,Spain,Taxes on property,2.482
2021,Spain,Taxes on property,2.755
2022,Spain,Taxes on property,2.595
2023,Spain,Taxes on property,2.324
1990,Sweden,Taxes on property,1.721
1991,Sweden,Taxes on property,1.891
1992,Sweden,Taxes on property,1.593
1993,Sweden,Taxes on property,1.404
1994,Sweden,Taxes on property,1.414
1995,Sweden,Taxes on property,1.221
1996,Sweden,Taxes on property,1.696
1997,Sweden,Taxes on property,1.806
1998,Sweden,Taxes on property,1.709
1999,Sweden,Taxes on property,1.702
2000,Sweden,Taxes on property,1.656
2001,Sweden,Taxes on property,1.467
2002,Sweden,Taxes on property,1.435
2003,Sweden,Taxes on property,1.429
2004,Sweden,Taxes on property,1.44
2005,Sweden,Taxes on property,1.37
2006,Sweden,Taxes on property,1.347
2007,Sweden,Taxes on property,1.094
2008,Sweden,Taxes on property,1.021
2009,Sweden,Taxes on property,1.031
2010,Sweden,Taxes on property,1.028
2011,Sweden,Taxes on property,0.986
2012,Sweden,Taxes on property,1.008
2013,Sweden,Taxes on property,1.082
2014,Sweden,Taxes on property,1.058
2015,Sweden,Taxes on property,1.036
2016,Sweden,Taxes on property,1.051
2017,Sweden,Taxes on property,0.992
2018,Sweden,Taxes on property,0.957
2019,Sweden,Taxes on property,0.939
2020,Sweden,Taxes on property,0.954
2021,Sweden,Taxes on property,0.955
2022,Sweden,Taxes on property,0.938
2023,Sweden,Taxes on property,0.814
1990,Switzerland,Taxes on property,2.053
1991,Switzerland,Taxes on property,1.873
1992,Switzerland,Taxes on property,1.904
1993,Switzerland,Taxes on property,2.022
1994,Switzerland,Taxes on property,2.091
1995,Switzerland,Taxes on property,2.018
1996,Switzerland,Taxes on property,2.121
1997,Switzerland,Taxes on property,2.213
1998,Switzerland,Taxes on property,2.478
1999,Switzerland,Taxes on property,2.595
2000,Switzerland,Taxes on property,2.611
2001,Switzerland,Taxes on property,2.494
2002,Switzerland,Taxes on property,2.446
2003,Switzerland,Taxes on property,2.314
2004,Switzerland,Taxes on property,2.347
2005,Switzerland,Taxes on property,2.201
2006,Switzerland,Taxes on property,2.181
2007,Switzerland,Taxes on property,2.073
2008,Switzerland,Taxes on property,1.991
2009,Switzerland,Taxes on property,2.031
2010,Switzerland,Taxes on property,1.983
2011,Switzerland,Taxes on property,1.926
2012,Switzerland,Taxes on property,1.795
2013,Switzerland,Taxes on property,1.837
2014,Switzerland,Taxes on property,1.885
2015,Switzerland,Taxes on property,1.965
2016,Switzerland,Taxes on property,1.996
2017,Switzerland,Taxes on property,2.094
2018,Switzerland,Taxes on property,2.042
2019,Switzerland,Taxes on property,2.122
2020,Switzerland,Taxes on property,2.258
2021,Switzerland,Taxes on property,2.24
2022,Switzerland,Taxes on property,2.172
2023,Switzerland,Taxes on property,2.191
1990,Türkiye,Taxes on property,0.331
1991,Türkiye,Taxes on property,0.34
1992,Türkiye,Taxes on property,0.332
1993,Türkiye,Taxes on property,0.352
1994,Türkiye,Taxes on property,1.306
1995,Türkiye,Taxes on property,0.499
1996,Türkiye,Taxes on property,0.331
1997,Türkiye,Taxes on property,0.546
1998,Türkiye,Taxes on property,0.712
1999,Türkiye,Taxes on property,0.636
2000,Türkiye,Taxes on property,0.742
2001,Türkiye,Taxes on property,0.616
2002,Türkiye,Taxes on property,0.683
2003,Türkiye,Taxes on property,0.811
2004,Türkiye,Taxes on property,0.706
2005,Türkiye,Taxes on property,0.772
2006,Türkiye,Taxes on property,0.834
2007,Türkiye,Taxes on property,0.858
2008,Türkiye,Taxes on property,0.834
2009,Türkiye,Taxes on property,0.846
2010,Türkiye,Taxes on property,1.001
2011,Türkiye,Taxes on property,1.044
2012,Türkiye,Taxes on property,1.044
2013,Türkiye,Taxes on property,1.167
2014,Türkiye,Taxes on property,1.191
2015,Türkiye,Taxes on property,1.216
2016,Türkiye,Taxes on property,1.213
2017,Türkiye,Taxes on property,1.112
2018,Türkiye,Taxes on property,1.035
2019,Türkiye,Taxes on property,0.966
2020,Türkiye,Taxes on property,1.061
2021,Türkiye,Taxes on property,0.967
2022,Türkiye,Taxes on property,0.729
2023,Türkiye,Taxes on property,0.7
1990,United Kingdom,Taxes on property,2.686
1991,United Kingdom,Taxes on property,2.373
1992,United Kingdom,Taxes on property,2.274
1993,United Kingdom,Taxes on property,2.995
1994,United Kingdom,Taxes on property,3.195
1995,United Kingdom,Taxes on property,2.939
1996,United Kingdom,Taxes on property,2.991
1997,United Kingdom,Taxes on property,3.104
1998,United Kingdom,Taxes on property,3.254
1999,United Kingdom,Taxes on property,3.444
2000,United Kingdom,Taxes on property,3.735
2001,United Kingdom,Taxes on property,3.686
2002,United Kingdom,Taxes on property,3.748
2003,United Kingdom,Taxes on property,3.704
2004,United Kingdom,Taxes on property,3.81
2005,United Kingdom,Taxes on property,3.849
2006,United Kingdom,Taxes on property,4.053
2007,United Kingdom,Taxes on property,4.104
2008,United Kingdom,Taxes on property,3.771
2009,United Kingdom,Taxes on property,3.771
2010,United Kingdom,Taxes on property,3.84
2011,United Kingdom,Taxes on property,3.814
2012,United Kingdom,Taxes on property,3.812
2013,United Kingdom,Taxes on property,3.93
2014,United Kingdom,Taxes on property,4.005
2015,United Kingdom,Taxes on property,3.986
2016,United Kingdom,Taxes on property,4.077
2017,United Kingdom,Taxes on property,4.108
2018,United Kingdom,Taxes on property,4.118
2019,United Kingdom,Taxes on property,4.041
2020,United Kingdom,Taxes on property,3.799
2021,United Kingdom,Taxes on property,3.922
2022,United Kingdom,Taxes on property,4.014
2023,United Kingdom,Taxes on property,3.72
1990,United States,Taxes on property,3.059
1991,United States,Taxes on property,3.195
1992,United States,Taxes on property,3.162
1993,United States,Taxes on property,3.076
1994,United States,Taxes on property,3.103
1995,United States,Taxes on property,3.0
1996,United States,Taxes on property,3.009
1997,United States,Taxes on property,3.008
1998,United States,Taxes on property,3.004
1999,United States,Taxes on property,3.001
2000,United States,Taxes on property,2.922
2001,United States,Taxes on property,2.965
2002,United States,Taxes on property,3.058
2003,United States,Taxes on property,3.095
2004,United States,Taxes on property,3.113
2005,United States,Taxes on property,3.168
2006,United States,Taxes on property,3.174
2007,United States,Taxes on property,3.199
2008,United States,Taxes on property,3.191
2009,United States,Taxes on property,3.311
2010,United States,Taxes on property,3.146
2011,United States,Taxes on property,3.012
2012,United States,Taxes on property,2.958
2013,United States,Taxes on property,2.967
2014,United States,Taxes on property,2.943
2015,United States,Taxes on property,2.94
2016,United States,Taxes on property,2.977
2017,United States,Taxes on property,4.188
2018,United States,Taxes on property,2.946
2019,United States,Taxes on property,2.958
2020,United States,Taxes on property,3.098
2021,United States,Taxes on property,2.931
2022,United States,Taxes on property,2.862
2023,United States,Taxes on property,2.771
1990,Argentina,Taxes on property,1.511
1991,Argentina,Taxes on property,1.846
1992,Argentina,Taxes on property,1.347
1993,Argentina,Taxes on property,1.065
1994,Argentina,Taxes on property,0.991
1995,Argentina,Taxes on property,0.969
1996,Argentina,Taxes on property,1.06
1997,Argentina,Taxes on property,1.032
1998,Argentina,Taxes on property,1.134
1999,Argentina,Taxes on property,1.178
2000,Argentina,Taxes on property,1.217
2001,Argentina,Taxes on property,2.082
2002,Argentina,Taxes on property,2.268
2003,Argentina,Taxes on property,2.591
2004,Argentina,Taxes on property,2.767
2005,Argentina,Taxes on property,2.746
2006,Argentina,Taxes on property,2.672
2007,Argentina,Taxes on property,2.673
2008,Argentina,Taxes on property,2.684
2009,Argentina,Taxes on property,2.658
2010,Argentina,Taxes on property,2.62
2011,Argentina,Taxes on property,2.641
2012,Argentina,Taxes on property,2.744
2013,Argentina,Taxes on property,2.887
2014,Argentina,Taxes on property,2.816
2015,Argentina,Taxes on property,2.791
2016,Argentina,Taxes on property,2.727
2017,Argentina,Taxes on property,2.846
2018,Argentina,Taxes on property,2.682
2019,Argentina,Taxes on property,2.611
2020,Argentina,Taxes on property,3.248
2021,Argentina,Taxes on property,3.07
2022,Argentina,Taxes on property,2.905
2023,Argentina,Taxes on property,2.772
1990,Brazil,Taxes on property,1.646
1991,Brazil,Taxes on property,1.171
1992,Brazil,Taxes on property,1.034
1993,Brazil,Taxes on property,1.037
1994,Brazil,Taxes on property,2.062
1995,Brazil,Taxes on property,1.002
1996,Brazil,Taxes on property,0.86
1997,Brazil,Taxes on property,1.676
1998,Brazil,Taxes on property,1.721
1999,Brazil,Taxes on property,1.695
2000,Brazil,Taxes on property,1.962
2001,Brazil,Taxes on property,2.093
2002,Brazil,Taxes on property,2.307
2003,Brazil,Taxes on property,2.278
2004,Brazil,Taxes on property,2.268
2005,Brazil,Taxes on property,2.258
2006,Brazil,Taxes on property,2.257
2007,Brazil,Taxes on property,2.274
2008,Brazil,Taxes on property,1.321
2009,Brazil,Taxes on property,1.227
2010,Brazil,Taxes on property,1.377
2011,Brazil,Taxes on property,1.442
2012,Brazil,Taxes on property,1.359
2013,Brazil,Taxes on property,1.29
2014,Brazil,Taxes on property,1.274
2015,Brazil,Taxes on property,1.412
2016,Brazil,Taxes on property,1.391
2017,Brazil,Taxes on property,1.412
2018,Brazil,Taxes on property,1.45
2019,Brazil,Taxes on property,1.524
2020,Brazil,Taxes on property,1.211
2021,Brazil,Taxes on property,1.574
2022,Brazil,Taxes on property,1.546
2023,Brazil,Taxes on property,1.544
1995,Bulgaria,Taxes on property,0.177
1996,Bulgaria,Taxes on property,0.187
1997,Bulgaria,Taxes on property,0.087
1998,Bulgaria,Taxes on property,0.204
1999,Bulgaria,Taxes on property,0.236
2000,Bulgaria,Taxes on property,0.231
2001,Bulgaria,Taxes on property,0.242
2002,Bulgaria,Taxes on property,0.265
2003,Bulgaria,Taxes on property,0.323
2004,Bulgaria,Taxes on property,0.352
2005,Bulgaria,Taxes on property,0.396
2006,Bulgaria,Taxes on property,0.551
2007,Bulgaria,Taxes on property,0.67
2008,Bulgaria,Taxes on property,0.689
2009,Bulgaria,Taxes on property,0.503
2010,Bulgaria,Taxes on property,0.489
2011,Bulgaria,Taxes on property,0.523
2012,Bulgaria,Taxes on property,0.526
1990,Australia,Total tax revenue,28.051
1991,Australia,Total tax revenue,26.615
1992,Australia,Total tax revenue,26.085
1993,Australia,Total tax revenue,26.555
1994,Australia,Total tax revenue,27.436
1995,Australia,Total tax revenue,28.211
1996,Australia,Total tax revenue,28.852
1997,Australia,Total tax revenue,28.61
1998,Australia,Total tax revenue,29.353
1999,Australia,Total tax revenue,29.78
2000,Australia,Total tax revenue,30.358
2001,Australia,Total tax revenue,28.843
2002,Australia,Total tax revenue,29.72
2003,Australia,Total tax revenue,29.816
2004,Australia,Total tax revenue,30.118
2005,Australia,Total tax revenue,29.815
2006,Australia,Total tax revenue,29.265
2007,Australia,Total tax revenue,29.397
2008,Australia,Total tax revenue,26.723
2009,Australia,Total tax revenue,25.395
2010,Australia,Total tax revenue,25.147
2011,Australia,Total tax revenue,25.774
2012,Australia,Total tax revenue,26.803
2013,Australia,Total tax revenue,26.955
2014,Australia,Total tax revenue,27.15
2015,Australia,Total tax revenue,27.773
2016,Australia,Total tax revenue,27.511
2017,Australia,Total tax revenue,28.517
2018,Australia,Total tax revenue,28.571
2019,Australia,Total tax revenue,27.657
2009,Austria,Total tax revenue,40.98
2010,Austria,Total tax revenue,40.958
2011,Austria,Total tax revenue,41.119
2012,Austria,Total tax revenue,41.767
2013,Austria,Total tax revenue,42.635
2014,Austria,Total tax revenue,42.699
2015,Austria,Total tax revenue,43.126
2016,Austria,Total tax revenue,41.753
2017,Austria,Total tax revenue,41.871
2018,Austria,Total tax revenue,42.261
2019,Austria,Total tax revenue,42.617
2020,Austria,Total tax revenue,42.102
2021,Austria,Total tax revenue,43.383
2022,Austria,Total tax revenue,43.181
2023,Austria,Total tax revenue,42.665
1990,Belgium,Total tax revenue,41.393
1991,Belgium,Total tax revenue,41.608
1992,Belgium,Total tax revenue,41.18
1993,Belgium,Total tax revenue,42.632
1994,Belgium,Total tax revenue,42.913
1995,Belgium,Total tax revenue,42.837
1996,Belgium,Total tax revenue,43.351
1997,Belgium,Total tax revenue,43.812
1998,Belgium,Total tax revenue,44.437
1999,Belgium,Total tax revenue,44.239
2000,Belgium,Total tax revenue,43.849
2001,Belgium,Total tax revenue,43.692
2002,Belgium,Total tax revenue,43.913
2003,Belgium,Total tax revenue,43.344
2004,Belgium,Total tax revenue,43.471
2005,Belgium,Total tax revenue,43.357
2006,Belgium,Total tax revenue,43.218
2007,Belgium,Total tax revenue,42.92
2008,Belgium,Total tax revenue,43.593
2009,Belgium,Total tax revenue,42.699
2010,Belgium,Total tax revenue,42.882
2011,Belgium,Total tax revenue,43.508
2012,Belgium,Total tax revenue,44.331
2013,Belgium,Total tax revenue,45.033
2014,Belgium,Total tax revenue,44.75
2015,Belgium,Total tax revenue,44.115
2016,Belgium,Total tax revenue,43.288
2017,Belgium,Total tax revenue,43.797
2018,Belgium,Total tax revenue,43.824
2019,Belgium,Total tax revenue,42.385
2020,Belgium,Total tax revenue,42.219
2021,Belgium,Total tax revenue,42.065
2022,Belgium,Total tax revenue,42.377
2023,Belgium,Total tax revenue,42.58
1990,Canada,Total tax revenue,35.072
1991,Canada,Total tax revenue,35.503
1992,Canada,Total tax revenue,35.067
1993,Canada,Total tax revenue,34.444
1994,Canada,Total tax revenue,34.403
1995,Canada,Total tax revenue,34.628
1996,Canada,Total tax revenue,34.941
1997,Canada,Total tax revenue,35.791
1998,Canada,Total tax revenue,35.711
1999,Canada,Total tax revenue,35.487
2000,Canada,Total tax revenue,34.673
2001,Canada,Total tax revenue,34.085
2002,Canada,Total tax revenue,33.081
2003,Canada,Total tax revenue,32.7
2004,Canada,Total tax revenue,32.713
2005,Canada,Total tax revenue,32.661
2006,Canada,Total tax revenue,32.725
2007,Canada,Total tax revenue,32.495
2008,Canada,Total tax revenue,31.235
2009,Canada,Total tax revenue,32.346
2010,Canada,Total tax revenue,31.007
2011,Canada,Total tax revenue,30.803
2012,Canada,Total tax revenue,31.177
2013,Canada,Total tax revenue,31.132
2014,Canada,Total tax revenue,31.266
2015,Canada,Total tax revenue,32.82
2016,Canada,Total tax revenue,33.258
2017,Canada,Total tax revenue,33.044
2018,Canada,Total tax revenue,33.482
2019,Canada,Total tax revenue,33.082
2020,Canada,Total tax revenue,34.468
2021,Canada,Total tax revenue,34.799
2022,Canada,Total tax revenue,33.832
2023,Canada,Total tax revenue,34.778
1990,Chile,Total tax revenue,16.774
1991,Chile,Total tax revenue,17.665
1992,Chile,Total tax revenue,18.333
1993,Chile,Total tax revenue,18.527
1994,Chile,Total tax revenue,18.28
1995,Chile,Total tax revenue,18.176
1996,Chile,Total tax revenue,19.408
1997,Chile,Total tax revenue,18.876
1998,Chile,Total tax revenue,18.739
1999,Chile,Total tax revenue,17.978
2000,Chile,Total tax revenue,18.718
2001,Chile,Total tax revenue,18.903
2002,Chile,Total tax revenue,18.94
2003,Chile,Total tax revenue,18.627
2004,Chile,Total tax revenue,19.112
2005,Chile,Total tax revenue,20.835
2006,Chile,Total tax revenue,22.114
2007,Chile,Total tax revenue,22.847
2008,Chile,Total tax revenue,21.403
2009,Chile,Total tax revenue,17.397
2010,Chile,Total tax revenue,19.693
2011,Chile,Total tax revenue,21.195
2012,Chile,Total tax revenue,21.323
2013,Chile,Total tax revenue,19.939
2014,Chile,Total tax revenue,19.699
2015,Chile,Total tax revenue,20.51
2016,Chile,Total tax revenue,20.223
2017,Chile,Total tax revenue,20.223
2018,Chile,Total tax revenue,21.282
2019,Chile,Total tax revenue,20.982
2020,Chile,Total tax revenue,19.29
2021,Chile,Total tax revenue,22.317
2022,Chile,Total tax revenue,23.841
2023,Chile,Total tax revenue,20.615
1990,Colombia,Total tax revenue,11.347
1991,Colombia,Total tax revenue,13.318
1992,Colombia,Total tax revenue,13.909
1993,Colombia,Total tax revenue,14.372
1994,Colombia,Total tax revenue,15.745
1995,Colombia,Total tax revenue,16.032
1996,Colombia,Total tax revenue,16.708
1997,Colombia,Total tax revenue,17.382
1998,Colombia,Total tax revenue,16.352
1999,Colombia,Total tax revenue,16.204
2000,Colombia,Total tax revenue,15.683
2001,Colombia,Total tax revenue,17.328
2002,Colombia,Total tax revenue,17.153
2003,Colombia,Total tax revenue,17.292
2004,Colombia,Total tax revenue,17.969
2005,Colombia,Total tax revenue,18.259
2006,Colombia,Total tax revenue,19.267
2007,Colombia,Total tax revenue,19.299
2008,Colombia,Total tax revenue,19.032
2009,Colombia,Total tax revenue,18.817
2010,Colombia,Total tax revenue,18.096
2011,Colombia,Total tax revenue,18.932
2012,Colombia,Total tax revenue,19.721
2013,Colombia,Total tax revenue,20.022
2014,Colombia,Total tax revenue,19.55
2015,Colombia,Total tax revenue,19.903
2016,Colombia,Total tax revenue,19.079
2017,Colombia,Total tax revenue,18.983
2018,Colombia,Total tax revenue,19.265
2019,Colombia,Total tax revenue,19.692
2020,Colombia,Total tax revenue,18.773
2021,Colombia,Total tax revenue,19.193
2022,Colombia,Total tax revenue,19.652
2023,Colombia,Total tax revenue,22.243
1990,Costa Rica,Total tax revenue,22.408
1991,Costa Rica,Total tax revenue,17.594
1992,Costa Rica,Total tax revenue,18.609
1993,Costa Rica,Total tax revenue,18.798
1994,Costa Rica,Total tax revenue,19.586
1995,Costa Rica,Total tax revenue,18.927
1996,Costa Rica,Total tax revenue,19.862
1997,Costa Rica,Total tax revenue,20.153
1998,Costa Rica,Total tax revenue,20.466
1999,Costa Rica,Total tax revenue,21.199
2000,Costa Rica,Total tax revenue,21.139
2001,Costa Rica,Total tax revenue,21.763
2002,Costa Rica,Total tax revenue,21.839
2003,Costa Rica,Total tax revenue,21.842
2004,Costa Rica,Total tax revenue,21.326
2005,Costa Rica,Total tax revenue,21.77
2006,Costa Rica,Total tax revenue,22.047
2007,Costa Rica,Total tax revenue,23.136
2008,Costa Rica,Total tax revenue,23.692
2009,Costa Rica,Total tax revenue,22.108
2010,Costa Rica,Total tax revenue,22.131
2011,Costa Rica,Total tax revenue,22.649
2012,Costa Rica,Total tax revenue,22.565
2013,Costa Rica,Total tax revenue,22.979
2014,Costa Rica,Total tax revenue,22.609
2015,Costa Rica,Total tax revenue,22.947
2016,Costa Rica,Total tax revenue,23.486
2017,Costa Rica,Total tax revenue,22.984
2018,Costa Rica,Total tax revenue,23.157
2019,Costa Rica,Total tax revenue,23.408
2020,Costa Rica,Total tax revenue,22.566
2021,Costa Rica,Total tax revenue,24.845
2022,Costa Rica,Total tax revenue,25.186
2023,Costa Rica,Total tax revenue,24.931
1993,Czechia,Total tax revenue,36.474
1994,Czechia,Total tax revenue,35.23
1995,Czechia,Total tax revenue,34.255
1996,Czechia,Total tax revenue,32.905
1997,Czechia,Total tax revenue,33.204
1998,Czechia,Total tax revenue,32.116
1999,Czechia,Total tax revenue,32.913
2000,Czechia,Total tax revenue,32.154
2001,Czechia,Total tax revenue,32.25
2002,Czechia,Total tax revenue,33.109
2003,Czechia,Total tax revenue,33.981
2004,Czechia,Total tax revenue,34.399
2005,Czechia,Total tax revenue,34.204
2006,Czechia,Total tax revenue,33.848
2007,Czechia,Total tax revenue,34.128
2008,Czechia,Total tax revenue,33.342
2009,Czechia,Total tax revenue,32.159
2010,Czechia,Total tax revenue,31.909
2011,Czechia,Total tax revenue,32.758
2012,Czechia,Total tax revenue,33.199
2013,Czechia,Total tax revenue,33.498
2014,Czechia,Total tax revenue,32.61
2015,Czechia,Total tax revenue,32.946
2016,Czechia,Total tax revenue,33.707
2017,Czechia,Total tax revenue,33.982
2018,Czechia,Total tax revenue,34.559
2019,Czechia,Total tax revenue,34.203
2020,Czechia,Total tax revenue,34.046
2021,Czechia,Total tax revenue,33.654
2022,Czechia,Total tax revenue,33.187
2023,Czechia,Total tax revenue,33.7
1990,Denmark,Total tax revenue,44.551
1991,Denmark,Total tax revenue,43.946
1992,Denmark,Total tax revenue,44.486
1993,Denmark,Total tax revenue,45.834
1994,Denmark,Total tax revenue,46.724
1995,Denmark,Total tax revenue,46.603
1996,Denmark,Total tax revenue,46.875
1997,Denmark,Total tax revenue,46.828
1998,Denmark,Total tax revenue,47.468
1999,Denmark,Total tax revenue,48.045
2000,Denmark,Total tax revenue,46.792
2001,Denmark,Total tax revenue,45.935
2002,Denmark,Total tax revenue,45.468
2003,Denmark,Total tax revenue,45.693
2004,Denmark,Total tax revenue,46.3
2005,Denmark,Total tax revenue,47.885
2006,Denmark,Total tax revenue,46.47
2007,Denmark,Total tax revenue,46.488
2008,Denmark,Total tax revenue,44.761
2009,Denmark,Total tax revenue,44.737
2010,Denmark,Total tax revenue,44.794
2011,Denmark,Total tax revenue,44.867
2012,Denmark,Total tax revenue,45.626
2013,Denmark,Total tax revenue,45.97
2014,Denmark,Total tax revenue,48.776
2015,Denmark,Total tax revenue,46.487
2016,Denmark,Total tax revenue,45.799
2017,Denmark,Total tax revenue,45.457
2018,Denmark,Total tax revenue,44.445
2019,Denmark,Total tax revenue,47.146
2020,Denmark,Total tax revenue,47.237
2021,Denmark,Total tax revenue,47.249
2022,Denmark,Total tax revenue,41.934
2023,Denmark,Total tax revenue,43.391
1995,Estonia,Total tax revenue,34.998
1996,Estonia,Total tax revenue,33.824
1997,Estonia,Total tax revenue,33.553
1998,Estonia,Total tax revenue,33.622
1999,Estonia,Total tax revenue,32.37
2000,Estonia,Total tax revenue,31.087
2001,Estonia,Total tax revenue,30.295
2002,Estonia,Total tax revenue,30.973
2003,Estonia,Total tax revenue,30.764
2004,Estonia,Total tax revenue,30.978
2005,Estonia,Total tax revenue,29.75
2006,Estonia,Total tax revenue,30.432
2007,Estonia,Total tax revenue,30.982
2008,Estonia,Total tax revenue,31.237
2009,Estonia,Total tax revenue,34.95
2010,Estonia,Total tax revenue,33.195
2011,Estonia,Total tax revenue,31.373
2012,Estonia,Total tax revenue,31.402
2013,Estonia,Total tax revenue,31.249
2014,Estonia,Total tax revenue,31.635
2015,Estonia,Total tax revenue,32.719
2016,Estonia,Total tax revenue,32.851
2017,Estonia,Total tax revenue,31.902
2018,Estonia,Total tax revenue,32.271
2019,Estonia,Total tax revenue,32.655
2020,Estonia,Total tax revenue,32.79
2021,Estonia,Total tax revenue,33.502
2022,Estonia,Total tax revenue,32.554
2023,Estonia,Total tax revenue,33.51
1990,Finland,Total tax revenue,42.934
1991,Finland,Total tax revenue,44.48
1992,Finland,Total tax revenue,44.0
1993,Finland,Total tax revenue,43.497
1994,Finland,Total tax revenue,45.518
1995,Finland,Total tax revenue,44.5
1996,Finland,Total tax revenue,45.69
1997,Finland,Total tax revenue,44.938
1998,Finland,Total tax revenue,44.792
1999,Finland,Total tax revenue,44.262
2000,Finland,Total tax revenue,45.759
2001,Finland,Total tax revenue,43.115
2002,Finland,Total tax revenue,43.275
2003,Finland,Total tax revenue,42.338
2004,Finland,Total tax revenue,41.748
2005,Finland,Total tax revenue,42.037
2006,Finland,Total tax revenue,42.085
2007,Finland,Total tax revenue,41.4
2008,Finland,Total tax revenue,41.09
2009,Finland,Total tax revenue,40.773
2010,Finland,Total tax revenue,40.562
2011,Finland,Total tax revenue,41.794
2012,Finland,Total tax revenue,42.415
2013,Finland,Total tax revenue,43.406
2014,Finland,Total tax revenue,43.513
2015,Finland,Total tax revenue,43.524
2016,Finland,Total tax revenue,43.727
2017,Finland,Total tax revenue,42.857
2018,Finland,Total tax revenue,42.387
2019,Finland,Total tax revenue,42.291
2020,Finland,Total tax revenue,41.846
2021,Finland,Total tax revenue,43.211
2022,Finland,Total tax revenue,43.175
2023,Finland,Total tax revenue,42.45
1990,France,Total tax revenue,41.55
1991,France,Total tax revenue,41.892
1992,France,Total tax revenue,41.928
1993,France,Total tax revenue,43.018
1994,France,Total tax revenue,43.072
1995,France,Total tax revenue,42.697
1996,France,Total tax revenue,43.831
1997,France,Total tax revenue,43.963
1998,France,Total tax revenue,43.797
1999,France,Total tax revenue,44.517
2000,France,Total tax revenue,43.666
2001,France,Total tax revenue,43.549
2002,France,Total tax revenue,42.854
2003,France,Total tax revenue,42.659
2004,France,Total tax revenue,42.815
2005,France,Total tax revenue,43.142
2006,France,Total tax revenue,43.522
2007,France,Total tax revenue,42.921
2008,France,Total tax revenue,42.737
2009,France,Total tax revenue,42.109
2010,France,Total tax revenue,42.238
2011,France,Total tax revenue,43.319
2012,France,Total tax revenue,44.461
2013,France,Total tax revenue,45.329
2014,France,Total tax revenue,45.406
2015,France,Total tax revenue,45.363
2016,France,Total tax revenue,45.397
2017,France,Total tax revenue,46.239
2018,France,Total tax revenue,46.022
2019,France,Total tax revenue,45.024
2020,France,Total tax revenue,45.239
2021,France,Total tax revenue,45.059
2022,France,Total tax revenue,45.774
2023,France,Total tax revenue,43.814
1990,Germany,Total tax revenue,34.803
1991,Germany,Total tax revenue,34.874
1992,Germany,Total tax revenue,35.758
1993,Germany,Total tax revenue,35.781
1994,Germany,Total tax revenue,36.186
1995,Germany,Total tax revenue,36.312
1996,Germany,Total tax revenue,35.666
1997,Germany,Total tax revenue,35.35
1998,Germany,Total tax revenue,35.539
1999,Germany,Total tax revenue,36.253
2000,Germany,Total tax revenue,36.369
2001,Germany,Total tax revenue,35.127
2002,Germany,Total tax revenue,34.559
2003,Germany,Total tax revenue,34.745
2004,Germany,Total tax revenue,34.521
2005,Germany,Total tax revenue,34.649
2006,Germany,Total tax revenue,35.213
2007,Germany,Total tax revenue,35.697
2008,Germany,Total tax revenue,36.179
2009,Germany,Total tax revenue,37.121
2010,Germany,Total tax revenue,35.869
2011,Germany,Total tax revenue,36.589
2012,Germany,Total tax revenue,37.342
2013,Germany,Total tax revenue,37.675
2014,Germany,Total tax revenue,37.614
2015,Germany,Total tax revenue,38.052
2016,Germany,Total tax revenue,38.518
2017,Germany,Total tax revenue,38.528
2018,Germany,Total tax revenue,39.196
2019,Germany,Total tax revenue,39.326
2020,Germany,Total tax revenue,38.652
2021,Germany,Total tax revenue,39.781
2022,Germany,Total tax revenue,39.647
2023,Germany,Total tax revenue,38.057
1990,Greece,Total tax revenue,25.191
1991,Greece,Total tax revenue,25.292
1992,Greece,Total tax revenue,26.123
1993,Greece,Total tax revenue,26.57
1994,Greece,Total tax revenue,26.834
1995,Greece,Total tax revenue,28.313
1996,Greece,Total tax revenue,28.455
1997,Greece,Total tax revenue,29.561
1998,Greece,Total tax revenue,30.755
1999,Greece,Total tax revenue,31.817
2000,Greece,Total tax revenue,33.424
2001,Greece,Total tax revenue,31.937
2002,Greece,Total tax revenue,33.147
2003,Greece,Total tax revenue,31.493
2004,Greece,Total tax revenue,30.466
2005,Greece,Total tax revenue,31.874
2006,Greece,Total tax revenue,31.05
2007,Greece,Total tax revenue,31.797
2008,Greece,Total tax revenue,31.803
2009,Greece,Total tax revenue,30.752
2010,Greece,Total tax revenue,32.31
2011,Greece,Total tax revenue,34.258
2012,Greece,Total tax revenue,36.702
2013,Greece,Total tax revenue,36.254
2014,Greece,Total tax revenue,36.687
2015,Greece,Total tax revenue,36.946
2016,Greece,Total tax revenue,39.212
2017,Greece,Total tax revenue,39.722
2018,Greece,Total tax revenue,40.345
2019,Greece,Total tax revenue,39.492
2020,Greece,Total tax revenue,39.509
2021,Greece,Total tax revenue,40.041
2022,Greece,Total tax revenue,41.212
2023,Greece,Total tax revenue,39.779
1991,Hungary,Total tax revenue,44.622
1992,Hungary,Total tax revenue,44.354
1993,Hungary,Total tax revenue,45.197
1994,Hungary,Total tax revenue,42.735
1995,Hungary,Total tax revenue,40.77
1996,Hungary,Total tax revenue,39.421
1997,Hungary,Total tax revenue,37.743
1998,Hungary,Total tax revenue,37.461
1999,Hungary,Total tax revenue,38.23
2000,Hungary,Total tax revenue,38.521
2001,Hungary,Total tax revenue,37.6
2002,Hungary,Total tax revenue,37.389
2003,Hungary,Total tax revenue,37.193
2004,Hungary,Total tax revenue,36.916
2005,Hungary,Total tax revenue,36.395
2006,Hungary,Total tax revenue,36.347
2007,Hungary,Total tax revenue,39.232
2008,Hungary,Total tax revenue,39.333
2009,Hungary,Total tax revenue,38.735
2010,Hungary,Total tax revenue,36.826
2011,Hungary,Total tax revenue,36.373
2012,Hungary,Total tax revenue,38.901
2013,Hungary,Total tax revenue,38.444
2014,Hungary,Total tax revenue,38.362
2015,Hungary,Total tax revenue,38.666
2016,Hungary,Total tax revenue,39.038
2017,Hungary,Total tax revenue,37.818
2018,Hungary,Total tax revenue,36.79
2019,Hungary,Total tax revenue,36.306
2020,Hungary,Total tax revenue,35.969
2021,Hungary,Total tax revenue,33.777
2022,Hungary,Total tax revenue,35.149
2023,Hungary,Total tax revenue,34.19
1990,Iceland,Total tax revenue,30.484
1991,Iceland,Total tax revenue,30.838
1992,Iceland,Total tax revenue,31.666
1993,Iceland,Total tax revenue,30.599
1994,Iceland,Total tax revenue,30.147
1995,Iceland,Total tax revenue,30.725
1996,Iceland,Total tax revenue,31.886
1997,Iceland,Total tax revenue,31.588
1998,Iceland,Total tax revenue,33.628
1999,Iceland,Total tax revenue,35.922
2000,Iceland,Total tax revenue,35.877
2001,Iceland,Total tax revenue,34.064
2002,Iceland,Total tax revenue,33.769
2003,Iceland,Total tax revenue,35.267
2004,Iceland,Total tax revenue,36.328
2005,Iceland,Total tax revenue,39.318
2006,Iceland,Total tax revenue,39.614
2007,Iceland,Total tax revenue,38.413
2008,Iceland,Total tax revenue,34.264
2009,Iceland,Total tax revenue,31.276
2010,Iceland,Total tax revenue,32.218
2011,Iceland,Total tax revenue,33.197
2012,Iceland,Total tax revenue,33.951
2013,Iceland,Total tax revenue,34.319
2014,Iceland,Total tax revenue,37.111
2015,Iceland,Total tax revenue,35.139
2016,Iceland,Total tax revenue,50.286
2017,Iceland,Total tax revenue,37.13
2018,Iceland,Total tax revenue,36.457
2019,Iceland,Total tax revenue,35.094
2020,Iceland,Total tax revenue,36.225
2021,Iceland,Total tax revenue,34.797
2022,Iceland,Total tax revenue,35.166
2023,Iceland,Total tax revenue,35.924
1990,Ireland,Total tax revenue,32.389
1991,Ireland,Total tax revenue,32.956
1992,Ireland,Total tax revenue,33.297
1993,Ireland,Total tax revenue,33.296
1994,Ireland,Total tax revenue,34.366
1995,Ireland,Total tax revenue,31.772
1996,Ireland,Total tax revenue,32.311
1997,Ireland,Total tax revenue,31.356
1998,Ireland,Total tax revenue,30.797
1999,Ireland,Total tax revenue,30.835
2000,Ireland,Total tax revenue,30.751
2001,Ireland,Total tax revenue,28.654
2002,Ireland,Total tax revenue,27.872
2003,Ireland,Total tax revenue,28.526
2004,Ireland,Total tax revenue,29.575
2005,Ireland,Total tax revenue,30.042
2006,Ireland,Total tax revenue,31.426
2007,Ireland,Total tax revenue,30.847
2008,Ireland,Total tax revenue,29.093
2009,Ireland,Total tax revenue,28.067
2010,Ireland,Total tax revenue,27.71
2011,Ireland,Total tax revenue,27.553
2012,Ireland,Total tax revenue,27.913
2013,Ireland,Total tax revenue,28.09
2014,Ireland,Total tax revenue,27.899
2015,Ireland,Total tax revenue,22.344
2016,Ireland,Total tax revenue,23.032
2017,Ireland,Total tax revenue,21.741
2018,Ireland,Total tax revenue,21.758
2019,Ireland,Total tax revenue,21.444
2020,Ireland,Total tax revenue,19.37
2021,Ireland,Total tax revenue,20.041
2022,Ireland,Total tax revenue,20.255
2023,Ireland,Total tax revenue,21.897
1995,Israel,Total tax revenue,33.929
1996,Israel,Total tax revenue,33.506
1997,Israel,Total tax revenue,34.198
1998,Israel,Total tax revenue,33.256
1999,Israel,Total tax revenue,33.185
2000,Israel,Total tax revenue,34.009
2001,Israel,Total tax revenue,33.759
2002,Israel,Total tax revenue,32.943
2003,Israel,Total tax revenue,32.231
2004,Israel,Total tax revenue,32.298
2005,Israel,Total tax revenue,32.684
2006,Israel,Total tax revenue,33.275
2007,Israel,Total tax revenue,33.216
2008,Israel,Total tax revenue,31.323
2009,Israel,Total tax revenue,29.124
2010,Israel,Total tax revenue,30.092
2011,Israel,Total tax revenue,30.309
2012,Israel,Total tax revenue,29.469
2013,Israel,Total tax revenue,30.329
2014,Israel,Total tax revenue,30.642
2015,Israel,Total tax revenue,31.035
2016,Israel,Total tax revenue,30.998
2017,Israel,Total tax revenue,32.196
2018,Israel,Total tax revenue,30.761
2019,Israel,Total tax revenue,30.125
2020,Israel,Total tax revenue,29.581
2021,Israel,Total tax revenue,32.305
2022,Israel,Total tax revenue,32.78
2023,Israel,Total tax revenue,29.805
1990,Italy,Total tax revenue,36.271
1991,Italy,Total tax revenue,36.665
1992,Italy,Total tax revenue,38.921
1993,Italy,Total tax revenue,40.505
1994,Italy,Total tax revenue,38.581
1995,Italy,Total tax revenue,38.455
1996,Italy,Total tax revenue,40.154
1997,Italy,Total tax revenue,41.574
1998,Italy,Total tax revenue,39.92
1999,Italy,Total tax revenue,40.793
2000,Italy,Total tax revenue,40.523
2001,Italy,Total tax revenue,40.135
2002,Italy,Total tax revenue,39.619
2003,Italy,Total tax revenue,39.953
2004,Italy,Total tax revenue,39.225
2005,Italy,Total tax revenue,39.047
2006,Italy,Total tax revenue,40.464
2007,Italy,Total tax revenue,41.564
2008,Italy,Total tax revenue,41.596
2009,Italy,Total tax revenue,41.97
2010,Italy,Total tax revenue,41.701
2011,Italy,Total tax revenue,41.637
2012,Italy,Total tax revenue,43.617
2013,Italy,Total tax revenue,43.828
2014,Italy,Total tax revenue,43.325
2015,Italy,Total tax revenue,42.958
2016,Italy,Total tax revenue,42.242
2017,Italy,Total tax revenue,41.912
2018,Italy,Total tax revenue,41.731
2019,Italy,Total tax revenue,42.272
2020,Italy,Total tax revenue,42.582
2021,Italy,Total tax revenue,42.461
2022,Italy,Total tax revenue,42.837
2023,Italy,Total tax revenue,42.844
1990,Japan,Total tax revenue,27.69
1991,Japan,Total tax revenue,27.356
1992,Japan,Total tax revenue,25.858
1993,Japan,Total tax revenue,25.844
1994,Japan,Total tax revenue,25.001
1995,Japan,Total tax revenue,25.401
1996,Japan,Total tax revenue,25.343
1997,Japan,Total tax revenue,25.736
1998,Japan,Total tax revenue,25.259
1999,Japan,Total tax revenue,24.802
2000,Japan,Total tax revenue,25.341
2001,Japan,Total tax revenue,25.534
2002,Japan,Total tax revenue,24.504
2003,Japan,Total tax revenue,24.136
2004,Japan,Total tax revenue,24.76
2005,Japan,Total tax revenue,25.827
2006,Japan,Total tax revenue,26.618
2007,Japan,Total tax revenue,27.159
2008,Japan,Total tax revenue,27.049
2009,Japan,Total tax revenue,25.686
2010,Japan,Total tax revenue,26.241
2011,Japan,Total tax revenue,27.132
2012,Japan,Total tax revenue,27.952
2013,Japan,Total tax revenue,28.557
2014,Japan,Total tax revenue,29.973
2015,Japan,Total tax revenue,30.242
2016,Japan,Total tax revenue,30.279
2017,Japan,Total tax revenue,30.916
2018,Japan,Total tax revenue,31.548
2019,Japan,Total tax revenue,31.507
2020,Japan,Total tax revenue,32.909
2021,Japan,Total tax revenue,33.883
2022,Japan,Total tax revenue,34.441
1990,Korea,Total tax revenue,18.579
1991,Korea,Total tax revenue,18.264
1992,Korea,Total tax revenue,18.162
1993,Korea,Total tax revenue,18.467
1994,Korea,Total tax revenue,18.57
1995,Korea,Total tax revenue,18.766
1996,Korea,Total tax revenue,19.359
1997,Korea,Total tax revenue,18.988
1998,Korea,Total tax revenue,18.954
1999,Korea,Total tax revenue,19.234
2000,Korea,Total tax revenue,20.916
2001,Korea,Total tax revenue,21.201
2002,Korea,Total tax revenue,21.312
2003,Korea,Total tax revenue,21.991
2004,Korea,Total tax revenue,21.177
2005,Korea,Total tax revenue,21.656
2006,Korea,Total tax revenue,22.632
2007,Korea,Total tax revenue,23.73
2008,Korea,Total tax revenue,23.583
2009,Korea,Total tax revenue,22.703
2010,Korea,Total tax revenue,22.378
2011,Korea,Total tax revenue,23.177
2012,Korea,Total tax revenue,23.702
2013,Korea,Total tax revenue,23.143
2014,Korea,Total tax revenue,23.381
2015,Korea,Total tax revenue,23.737
2016,Korea,Total tax revenue,24.745
2017,Korea,Total tax revenue,25.357
2018,Korea,Total tax revenue,26.686
2019,Korea,Total tax revenue,27.227
2020,Korea,Total tax revenue,27.745
2021,Korea,Total tax revenue,29.761
2022,Korea,Total tax revenue,31.976
2023,Korea,Total tax revenue,28.852
1995,Latvia,Total tax revenue,29.715
1996,Latvia,Total tax revenue,29.167
1997,Latvia,Total tax revenue,30.251
1998,Latvia,Total tax revenue,31.26
1999,Latvia,Total tax revenue,30.252
2000,Latvia,Total tax revenue,29.05
2001,Latvia,Total tax revenue,28.121
2002,Latvia,Total tax revenue,27.815
2003,Latvia,Total tax revenue,27.411
2004,Latvia,Total tax revenue,27.548
2005,Latvia,Total tax revenue,27.805
2006,Latvia,Total tax revenue,28.577
2007,Latvia,Total tax revenue,28.195
2008,Latvia,Total tax revenue,27.815
2009,Latvia,Total tax revenue,28.067
2010,Latvia,Total tax revenue,28.54
2011,Latvia,Total tax revenue,29.134
2012,Latvia,Total tax revenue,29.111
2013,Latvia,Total tax revenue,29.43
2014,Latvia,Total tax revenue,29.715
2015,Latvia,Total tax revenue,29.79
2016,Latvia,Total tax revenue,30.73
2017,Latvia,Total tax revenue,31.091
2018,Latvia,Total tax revenue,31.052
2019,Latvia,Total tax revenue,31.013
2020,Latvia,Total tax revenue,31.134
2021,Latvia,Total tax revenue,30.746
2022,Latvia,Total tax revenue,30.762
2023,Latvia,Total tax revenue,31.882
1995,Lithuania,Total tax revenue,27.652
1996,Lithuania,Total tax revenue,27.264
1997,Lithuania,Total tax revenue,31.248
1998,Lithuania,Total tax revenue,32.761
1999,Lithuania,Total tax revenue,32.662
2000,Lithuania,Total tax revenue,30.822
2001,Lithuania,Total tax revenue,29.357
2002,Lithuania,Total tax revenue,29.028
2003,Lithuania,Total tax revenue,28.663
2004,Lithuania,Total tax revenue,29.025
2005,Lithuania,Total tax revenue,29.234
2006,Lithuania,Total tax revenue,30.165
2007,Lithuania,Total tax revenue,30.061
2008,Lithuania,Total tax revenue,30.611
2009,Lithuania,Total tax revenue,30.214
2010,Lithuania,Total tax revenue,28.285
2011,Lithuania,Total tax revenue,27.166
2012,Lithuania,Total tax revenue,26.919
2013,Lithuania,Total tax revenue,26.905
2014,Lithuania,Total tax revenue,27.477
2015,Lithuania,Total tax revenue,28.942
2016,Lithuania,Total tax revenue,29.656
2017,Lithuania,Total tax revenue,29.61
2018,Lithuania,Total tax revenue,30.238
2019,Lithuania,Total tax revenue,30.217
2020,Lithuania,Total tax revenue,31.244
2021,Lithuania,Total tax revenue,31.895
2022,Lithuania,Total tax revenue,31.555
2023,Lithuania,Total tax revenue,32.596
1990,Luxembourg,Total tax revenue,34.679
1991,Luxembourg,Total tax revenue,32.504
1992,Luxembourg,Total tax revenue,33.376
1993,Luxembourg,Total tax revenue,35.43
1994,Luxembourg,Total tax revenue,35.831
1995,Luxembourg,Total tax revenue,35.992
1996,Luxembourg,Total tax revenue,36.459
1997,Luxembourg,Total tax revenue,36.705
1998,Luxembourg,Total tax revenue,37.382
1999,Luxembourg,Total tax revenue,36.717
2000,Luxembourg,Total tax revenue,37.025
2001,Luxembourg,Total tax revenue,37.229
2002,Luxembourg,Total tax revenue,37.415
2003,Luxembourg,Total tax revenue,37.395
2004,Luxembourg,Total tax revenue,36.235
2005,Luxembourg,Total tax revenue,37.436
2006,Luxembourg,Total tax revenue,35.305
2007,Luxembourg,Total tax revenue,35.747
2008,Luxembourg,Total tax revenue,35.028
2009,Luxembourg,Total tax revenue,36.275
2010,Luxembourg,Total tax revenue,35.652
2011,Luxembourg,Total tax revenue,36.126
2012,Luxembourg,Total tax revenue,36.408
2013,Luxembourg,Total tax revenue,36.183
2014,Luxembourg,Total tax revenue,36.08
2015,Luxembourg,Total tax revenue,34.777
2016,Luxembourg,Total tax revenue,35.461
2017,Luxembourg,Total tax revenue,36.649
2018,Luxembourg,Total tax revenue,39.355
2019,Luxembourg,Total tax revenue,39.509
2020,Luxembourg,Total tax revenue,38.272
2021,Luxembourg,Total tax revenue,38.187
2022,Luxembourg,Total tax revenue,38.257
2023,Luxembourg,Total tax revenue,40.925
1990,Mexico,Total tax revenue,11.519
1991,Mexico,Total tax revenue,11.677
1992,Mexico,Total tax revenue,12.196
1993,Mexico,Total tax revenue,11.335
1994,Mexico,Total tax revenue,11.442
1995,Mexico,Total tax revenue,9.575
1996,Mexico,Total tax revenue,9.426
1997,Mexico,Total tax revenue,10.038
1998,Mexico,Total tax revenue,10.354
1999,Mexico,Total tax revenue,11.152
2000,Mexico,Total tax revenue,10.934
2001,Mexico,Total tax revenue,11.591
2002,Mexico,Total tax revenue,12.01
2003,Mexico,Total tax revenue,12.071
2004,Mexico,Total tax revenue,11.034
2005,Mexico,Total tax revenue,10.865
2006,Mexico,Total tax revenue,11.078
2007,Mexico,Total tax revenue,11.473
2008,Mexico,Total tax revenue,12.04
2009,Mexico,Total tax revenue,11.894
2010,Mexico,Total tax revenue,12.287
2011,Mexico,Total tax revenue,12.263
2012,Mexico,Total tax revenue,12.105
2013,Mexico,Total tax revenue,12.773
2014,Mexico,Total tax revenue,13.201
2015,Mexico,Total tax revenue,15.36
2016,Mexico,Total tax revenue,16.106
2017,Mexico,Total tax revenue,15.651
2018,Mexico,Total tax revenue,15.709
2019,Mexico,Total tax revenue,15.892
2020,Mexico,Total tax revenue,17.228
2021,Mexico,Total tax revenue,16.726
2022,Mexico,Total tax revenue,16.801
2023,Mexico,Total tax revenue,17.749
1990,Netherlands,Total tax revenue,39.639
1991,Netherlands,Total tax revenue,41.666
1992,Netherlands,Total tax revenue,41.328
1993,Netherlands,Total tax revenue,41.52
1994,Netherlands,Total tax revenue,39.674
1995,Netherlands,Total tax revenue,37.193
1996,Netherlands,Total tax revenue,37.272
1997,Netherlands,Total tax revenue,36.737
1998,Netherlands,Total tax revenue,36.204
1999,Netherlands,Total tax revenue,37.097
2000,Netherlands,Total tax revenue,36.892
2001,Netherlands,Total tax revenue,35.534
2002,Netherlands,Total tax revenue,34.891
2003,Netherlands,Total tax revenue,34.663
2004,Netherlands,Total tax revenue,34.659
2005,Netherlands,Total tax revenue,34.871
2006,Netherlands,Total tax revenue,35.869
2007,Netherlands,Total tax revenue,35.478
2008,Netherlands,Total tax revenue,35.72
2009,Netherlands,Total tax revenue,34.643
2010,Netherlands,Total tax revenue,35.444
2011,Netherlands,Total tax revenue,35.138
2012,Netherlands,Total tax revenue,35.302
2013,Netherlands,Total tax revenue,35.832
2014,Netherlands,Total tax revenue,36.661
2015,Netherlands,Total tax revenue,36.521
2016,Netherlands,Total tax revenue,37.774
2017,Netherlands,Total tax revenue,38.046
2018,Netherlands,Total tax revenue,38.144
2019,Netherlands,Total tax revenue,38.473
2020,Netherlands,Total tax revenue,39.022
2021,Netherlands,Total tax revenue,38.264
2022,Netherlands,Total tax revenue,38.066
2023,Netherlands,Total tax revenue,38.526
1990,New Zealand,Total tax revenue,36.184
1991,New Zealand,Total tax revenue,34.348
1992,New Zealand,Total tax revenue,34.752
1993,New Zealand,Total tax revenue,34.869
1994,New Zealand,Total tax revenue,35.438
1995,New Zealand,Total tax revenue,35.56
1996,New Zealand,Total tax revenue,33.766
1997,New Zealand,Total tax revenue,33.893
1998,New Zealand,Total tax revenue,32.288
1999,New Zealand,Total tax revenue,32.324
2000,New Zealand,Total tax revenue,32.539
2001,New Zealand,Total tax revenue,31.956
2002,New Zealand,Total tax revenue,33.243
2003,New Zealand,Total tax revenue,33.167
2004,New Zealand,Total tax revenue,34.201
2005,New Zealand,Total tax revenue,36.092
2006,New Zealand,Total tax revenue,35.298
2007,New Zealand,Total tax revenue,33.915
2008,New Zealand,Total tax revenue,32.925
2009,New Zealand,Total tax revenue,30.227
2010,New Zealand,Total tax revenue,30.295
2011,New Zealand,Total tax revenue,30.083
2012,New Zealand,Total tax revenue,31.638
2013,New Zealand,Total tax revenue,30.457
2014,New Zealand,Total tax revenue,31.186
2015,New Zealand,Total tax revenue,31.5
2016,New Zealand,Total tax revenue,31.4
2017,New Zealand,Total tax revenue,31.322
2018,New Zealand,Total tax revenue,32.18
2019,New Zealand,Total tax revenue,31.404
2020,New Zealand,Total tax revenue,33.727
2021,New Zealand,Total tax revenue,34.542
2022,New Zealand,Total tax revenue,33.12
2023,New Zealand,Total tax revenue,33.986
1990,Norway,Total tax revenue,40.447
1991,Norway,Total tax revenue,40.575
1992,Norway,Total tax revenue,39.743
1993,Norway,Total tax revenue,38.866
1994,Norway,Total tax revenue,40.164
1995,Norway,Total tax revenue,39.584
1996,Norway,Total tax revenue,39.503
1997,Norway,Total tax revenue,40.298
1998,Norway,Total tax revenue,41.41
1999,Norway,Total tax revenue,41.72
2000,Norway,Total tax revenue,41.796
2001,Norway,Total tax revenue,42.001
2002,Norway,Total tax revenue,42.332
2003,Norway,Total tax revenue,41.632
2004,Norway,Total tax revenue,42.363
2005,Norway,Total tax revenue,42.552
2006,Norway,Total tax revenue,42.686
2007,Norway,Total tax revenue,41.97
2008,Norway,Total tax revenue,41.169
2009,Norway,Total tax revenue,41.077
2010,Norway,Total tax revenue,41.736
2011,Norway,Total tax revenue,41.811
2012,Norway,Total tax revenue,41.29
2013,Norway,Total tax revenue,39.719
2014,Norway,Total tax revenue,38.637
2015,Norway,Total tax revenue,38.337
2016,Norway,Total tax revenue,38.807
2017,Norway,Total tax revenue,38.601
2018,Norway,Total tax revenue,39.253
2019,Norway,Total tax revenue,39.854
2020,Norway,Total tax revenue,38.714
2021,Norway,Total tax revenue,41.344
2022,Norway,Total tax revenue,43.437
2023,Norway,Total tax revenue,41.443
1991,Poland,Total tax revenue,33.99
1992,Poland,Total tax revenue,36.139
1993,Poland,Total tax revenue,39.175
1994,Poland,Total tax revenue,36.398
1995,Poland,Total tax revenue,36.577
1996,Poland,Total tax revenue,36.555
1997,Poland,Total tax revenue,36.059
1998,Poland,Total tax revenue,35.268
1999,Poland,Total tax revenue,34.956
2000,Poland,Total tax revenue,32.872
2001,Poland,Total tax revenue,32.829
2002,Poland,Total tax revenue,32.969
2003,Poland,Total tax revenue,32.443
2004,Poland,Total tax revenue,31.935
2005,Poland,Total tax revenue,32.965
2006,Poland,Total tax revenue,33.632
2007,Poland,Total tax revenue,34.634
2008,Poland,Total tax revenue,34.281
2009,Poland,Total tax revenue,31.368
2010,Poland,Total tax revenue,31.6
2011,Poland,Total tax revenue,32.067
2012,Poland,Total tax revenue,32.378
2013,Poland,Total tax revenue,32.395
2014,Poland,Total tax revenue,32.272
2015,Poland,Total tax revenue,32.474
2016,Poland,Total tax revenue,33.556
2017,Poland,Total tax revenue,34.239
2018,Poland,Total tax revenue,35.061
2019,Poland,Total tax revenue,35.178
2020,Poland,Total tax revenue,35.56
2021,Poland,Total tax revenue,36.698
2022,Poland,Total tax revenue,34.38
2023,Poland,Total tax revenue,35.13
1990,Portugal,Total tax revenue,26.486
1991,Portugal,Total tax revenue,27.53
1992,Portugal,Total tax revenue,29.454
1993,Portugal,Total tax revenue,28.029
1994,Portugal,Total tax revenue,28.804
1995,Portugal,Total tax revenue,29.184
1996,Portugal,Total tax revenue,29.862
1997,Portugal,Total tax revenue,29.799
1998,Portugal,Total tax revenue,30.058
1999,Portugal,Total tax revenue,30.837
2000,Portugal,Total tax revenue,30.92
2001,Portugal,Total tax revenue,30.707
2002,Portugal,Total tax revenue,31.139
2003,Portugal,Total tax revenue,30.108
2004,Portugal,Total tax revenue,30.224
2005,Portugal,Total tax revenue,30.943
2006,Portugal,Total tax revenue,31.412
2007,Portugal,Total tax revenue,31.846
2008,Portugal,Total tax revenue,31.739
2009,Portugal,Total tax revenue,29.796
2010,Portugal,Total tax revenue,30.366
2011,Portugal,Total tax revenue,32.228
2012,Portugal,Total tax revenue,31.667
2013,Portugal,Total tax revenue,33.968
2014,Portugal,Total tax revenue,34.182
2015,Portugal,Total tax revenue,34.382
2016,Portugal,Total tax revenue,34.051
2017,Portugal,Total tax revenue,34.112
2018,Portugal,Total tax revenue,34.656
2019,Portugal,Total tax revenue,34.498
2020,Portugal,Total tax revenue,35.164
2021,Portugal,Total tax revenue,35.183
2022,Portugal,Total tax revenue,36.014
2023,Portugal,Total tax revenue,35.755
1995,Slovak Republic,Total tax revenue,39.481
1996,Slovak Republic,Total tax revenue,38.577
1997,Slovak Republic,Total tax revenue,36.48
1998,Slovak Republic,Total tax revenue,36.097
1999,Slovak Republic,Total tax revenue,34.845
2000,Slovak Republic,Total tax revenue,33.633
2001,Slovak Republic,Total tax revenue,32.705
2002,Slovak Republic,Total tax revenue,32.828
2003,Slovak Republic,Total tax revenue,32.552
2004,Slovak Republic,Total tax revenue,31.531
2005,Slovak Republic,Total tax revenue,31.291
2006,Slovak Republic,Total tax revenue,29.333
2007,Slovak Republic,Total tax revenue,29.22
2008,Slovak Republic,Total tax revenue,29.066
2009,Slovak Republic,Total tax revenue,28.891
2010,Slovak Republic,Total tax revenue,27.862
2011,Slovak Republic,Total tax revenue,28.876
2012,Slovak Republic,Total tax revenue,28.711
2013,Slovak Republic,Total tax revenue,30.985
2014,Slovak Republic,Total tax revenue,31.861
2015,Slovak Republic,Total tax revenue,32.51
2016,Slovak Republic,Total tax revenue,33.071
2017,Slovak Republic,Total tax revenue,33.966
2018,Slovak Republic,Total tax revenue,34.027
2019,Slovak Republic,Total tax revenue,34.534
2020,Slovak Republic,Total tax revenue,34.778
2021,Slovak Republic,Total tax revenue,35.41
2022,Slovak Republic,Total tax revenue,35.011
2023,Slovak Republic,Total tax revenue,35.489
1995,Slovenia,Total tax revenue,39.137
1996,Slovenia,Total tax revenue,38.141
1997,Slovenia,Total tax revenue,37.063
1998,Slovenia,Total tax revenue,37.848
1999,Slovenia,Total tax revenue,38.214
2000,Slovenia,Total tax revenue,37.699
2001,Slovenia,Total tax revenue,37.783
2002,Slovenia,Total tax revenue,38.282
2003,Slovenia,Total tax revenue,38.401
2004,Slovenia,Total tax revenue,38.462
2005,Slovenia,Total tax revenue,39.145
2006,Slovenia,Total tax revenue,38.687
2007,Slovenia,Total tax revenue,38.041
2008,Slovenia,Total tax revenue,37.302
2009,Slovenia,Total tax revenue,37.099
2010,Slovenia,Total tax revenue,37.788
2011,Slovenia,Total tax revenue,37.33
2012,Slovenia,Total tax revenue,37.638
2013,Slovenia,Total tax revenue,37.242
2014,Slovenia,Total tax revenue,37.179
2015,Slovenia,Total tax revenue,37.311
2016,Slovenia,Total tax revenue,37.385
2017,Slovenia,Total tax revenue,37.067
2018,Slovenia,Total tax revenue,37.239
2019,Slovenia,Total tax revenue,37.539
2020,Slovenia,Total tax revenue,37.555
2021,Slovenia,Total tax revenue,38.251
2022,Slovenia,Total tax revenue,37.402
2023,Slovenia,Total tax revenue,36.886
1990,Spain,Total tax revenue,31.537
1991,Spain,Total tax revenue,31.808
1992,Spain,Total tax revenue,32.811
1993,Spain,Total tax revenue,31.865
1994,Spain,Total tax revenue,31.898
1995,Spain,Total tax revenue,31.307
1996,Spain,Total tax revenue,31.11
1997,Spain,Total tax revenue,31.949
1998,Spain,Total tax revenue,32.762
1999,Spain,Total tax revenue,33.136
2000,Spain,Total tax revenue,33.05
2001,Spain,Total tax revenue,32.796
2002,Spain,Total tax revenue,33.244
2003,Spain,Total tax revenue,33.095
2004,Spain,Total tax revenue,34.042
2005,Spain,Total tax revenue,35.243
2006,Spain,Total tax revenue,35.999
2007,Spain,Total tax revenue,36.414
2008,Spain,Total tax revenue,32.103
2009,Spain,Total tax revenue,29.679
2010,Spain,Total tax revenue,31.282
2011,Spain,Total tax revenue,31.19
2012,Spain,Total tax revenue,32.368
2013,Spain,Total tax revenue,33.105
2014,Spain,Total tax revenue,33.872
2015,Spain,Total tax revenue,33.827
2016,Spain,Total tax revenue,33.58
2017,Spain,Total tax revenue,33.852
2018,Spain,Total tax revenue,34.645
2019,Spain,Total tax revenue,34.663
2020,Spain,Total tax revenue,36.844
2021,Spain,Total tax revenue,37.813
2022,Spain,Total tax revenue,37.59
2023,Spain,Total tax revenue,37.328
1990,Sweden,Total tax revenue,48.847
1991,Sweden,Total tax revenue,46.922
1992,Sweden,Total tax revenue,44.472
1993,Sweden,Total tax revenue,43.795
1994,Sweden,Total tax revenue,44.081
1995,Sweden,Total tax revenue,45.106
1996,Sweden,Total tax revenue,46.748
1997,Sweden,Total tax revenue,47.641
1998,Sweden,Total tax revenue,47.695
1999,Sweden,Total tax revenue,48.186
2000,Sweden,Total tax revenue,50.017
2001,Sweden,Total tax revenue,47.103
2002,Sweden,Total tax revenue,45.038
2003,Sweden,Total tax revenue,45.562
2004,Sweden,Total tax revenue,46.012
2005,Sweden,Total tax revenue,47.369
2006,Sweden,Total tax revenue,45.969
2007,Sweden,Total tax revenue,45.022
2008,Sweden,Total tax revenue,44.234
2009,Sweden,Total tax revenue,43.923
2010,Sweden,Total tax revenue,43.144
2011,Sweden,Total tax revenue,42.223
2012,Sweden,Total tax revenue,42.335
2013,Sweden,Total tax revenue,42.697
2014,Sweden,Total tax revenue,42.49
2015,Sweden,Total tax revenue,42.918
2016,Sweden,Total tax revenue,44.219
2017,Sweden,Total tax revenue,44.495
2018,Sweden,Total tax revenue,44.11
2019,Sweden,Total tax revenue,42.971
2020,Sweden,Total tax revenue,42.58
2021,Sweden,Total tax revenue,42.761
2022,Sweden,Total tax revenue,42.512
2023,Sweden,Total tax revenue,41.365
1990,Switzerland,Total tax revenue,23.167
1991,Switzerland,Total tax revenue,23.026
1992,Switzerland,Total tax revenue,23.458
1993,Switzerland,Total tax revenue,23.998
1994,Switzerland,Total tax revenue,24.41
1995,Switzerland,Total tax revenue,24.968
1996,Switzerland,Total tax revenue,25.425
1997,Switzerland,Total tax revenue,25.103
1998,Switzerland,Total tax revenue,25.829
1999,Switzerland,Total tax revenue,26.048
2000,Switzerland,Total tax revenue,27.033
2001,Switzerland,Total tax revenue,26.347
2002,Switzerland,Total tax revenue,26.951
2003,Switzerland,Total tax revenue,26.279
2004,Switzerland,Total tax revenue,25.989
2005,Switzerland,Total tax revenue,25.951
2006,Switzerland,Total tax revenue,25.711
2007,Switzerland,Total tax revenue,25.543
2008,Switzerland,Total tax revenue,25.922
2009,Switzerland,Total tax revenue,26.268
2010,Switzerland,Total tax revenue,25.816
2011,Switzerland,Total tax revenue,26.18
2012,Switzerland,Total tax revenue,26.093
2013,Switzerland,Total tax revenue,26.246
2014,Switzerland,Total tax revenue,26.189
2015,Switzerland,Total tax revenue,26.956
2016,Switzerland,Total tax revenue,26.938
2017,Switzerland,Total tax revenue,27.716
2018,Switzerland,Total tax revenue,27.182
2019,Switzerland,Total tax revenue,27.66
2020,Switzerland,Total tax revenue,27.912
2021,Switzerland,Total tax revenue,28.035
2022,Switzerland,Total tax revenue,26.91
2023,Switzerland,Total tax revenue,27.093
1990,Türkiye,Total tax revenue,14.537
1991,Türkiye,Total tax revenue,15.235
1992,Türkiye,Total tax revenue,16.282
1993,Türkiye,Total tax revenue,16.457
1994,Türkiye,Total tax revenue,16.145
1995,Türkiye,Total tax revenue,16.378
1996,Türkiye,Total tax revenue,18.451
1997,Türkiye,Total tax revenue,20.229
1998,Türkiye,Total tax revenue,20.6
1999,Türkiye,Total tax revenue,22.546
2000,Türkiye,Total tax revenue,23.478
2001,Türkiye,Total tax revenue,25.361
2002,Türkiye,Total tax revenue,23.826
2003,Türkiye,Total tax revenue,24.979
2004,Türkiye,Total tax revenue,23.088
2005,Türkiye,Total tax revenue,23.14
2006,Türkiye,Total tax revenue,23.371
2007,Türkiye,Total tax revenue,22.874
2008,Türkiye,Total tax revenue,22.961
2009,Türkiye,Total tax revenue,23.318
2010,Türkiye,Total tax revenue,24.654
2011,Türkiye,Total tax revenue,25.706
2012,Türkiye,Total tax revenue,24.76
2013,Türkiye,Total tax revenue,25.156
2014,Türkiye,Total tax revenue,24.457
2015,Türkiye,Total tax revenue,24.957
2016,Türkiye,Total tax revenue,25.128
2017,Türkiye,Total tax revenue,24.68
2018,Türkiye,Total tax revenue,23.968
2019,Türkiye,Total tax revenue,23.103
2020,Türkiye,Total tax revenue,23.861
2021,Türkiye,Total tax revenue,22.914
2022,Türkiye,Total tax revenue,20.945
2023,Türkiye,Total tax revenue,23.455
1990,United Kingdom,Total tax revenue,32.869
1991,United Kingdom,Total tax revenue,31.684
1992,United Kingdom,Total tax revenue,30.893
1993,United Kingdom,Total tax revenue,29.875
1994,United Kingdom,Total tax revenue,30.601
1995,United Kingdom,Total tax revenue,29.301
1996,United Kingdom,Total tax revenue,29.097
1997,United Kingdom,Total tax revenue,29.817
1998,United Kingdom,Total tax revenue,31.252
1999,United Kingdom,Total tax revenue,31.864
2000,United Kingdom,Total tax revenue,32.658
2001,United Kingdom,Total tax revenue,32.176
2002,United Kingdom,Total tax revenue,31.404
2003,United Kingdom,Total tax revenue,31.168
2004,United Kingdom,Total tax revenue,32.095
2005,United Kingdom,Total tax revenue,32.499
2006,United Kingdom,Total tax revenue,32.829
2007,United Kingdom,Total tax revenue,32.967
2008,United Kingdom,Total tax revenue,32.145
2009,United Kingdom,Total tax revenue,31.077
2010,United Kingdom,Total tax revenue,32.045
2011,United Kingdom,Total tax revenue,32.852
2012,United Kingdom,Total tax revenue,32.122
2013,United Kingdom,Total tax revenue,32.007
2014,United Kingdom,Total tax revenue,31.693
2015,United Kingdom,Total tax revenue,31.907
2016,United Kingdom,Total tax revenue,32.45
2017,United Kingdom,Total tax revenue,32.733
2018,United Kingdom,Total tax revenue,32.768
2019,United Kingdom,Total tax revenue,32.49
2020,United Kingdom,Total tax revenue,32.812
2021,United Kingdom,Total tax revenue,34.227
2022,United Kingdom,Total tax revenue,35.42
2023,United Kingdom,Total tax revenue,35.335
1990,United States,Total tax revenue,26.033
1991,United States,Total tax revenue,25.855
1992,United States,Total tax revenue,25.746
1993,United States,Total tax revenue,25.95
1994,United States,Total tax revenue,26.286
1995,United States,Total tax revenue,26.55
1996,United States,Total tax revenue,27.044
1997,United States,Total tax revenue,27.484
1998,United States,Total tax revenue,27.867
1999,United States,Total tax revenue,27.932
2000,United States,Total tax revenue,28.295
2001,United States,Total tax revenue,27.261
2002,United States,Total tax revenue,25.011
2003,United States,Total tax revenue,24.484
2004,United States,Total tax revenue,24.762
2005,United States,Total tax revenue,26.097
2006,United States,Total tax revenue,26.775
2007,United States,Total tax revenue,26.728
2008,United States,Total tax revenue,25.643
2009,United States,Total tax revenue,22.911
2010,United States,Total tax revenue,23.371
2011,United States,Total tax revenue,23.761
2012,United States,Total tax revenue,23.916
2013,United States,Total tax revenue,25.413
2014,United States,Total tax revenue,25.786
2015,United States,Total tax revenue,26.087
2016,United States,Total tax revenue,25.713
2017,United States,Total tax revenue,26.459
2018,United States,Total tax revenue,24.816
2019,United States,Total tax revenue,24.982
2020,United States,Total tax revenue,25.57
2021,United States,Total tax revenue,26.709
2022,United States,Total tax revenue,27.607
2023,United States,Total tax revenue,25.184
1990,Argentina,Total tax revenue,13.259
1991,Argentina,Total tax revenue,15.11
1992,Argentina,Total tax revenue,17.644
1993,Argentina,Total tax revenue,19.343
1994,Argentina,Total tax revenue,19.198
1995,Argentina,Total tax revenue,18.125
1996,Argentina,Total tax revenue,17.66
1997,Argentina,Total tax revenue,18.448
1998,Argentina,Total tax revenue,18.814
1999,Argentina,Total tax revenue,18.934
2000,Argentina,Total tax revenue,19.223
2001,Argentina,Total tax revenue,18.732
2002,Argentina,Total tax revenue,17.818
2003,Argentina,Total tax revenue,20.964
2004,Argentina,Total tax revenue,24.327
2005,Argentina,Total tax revenue,24.532
2006,Argentina,Total tax revenue,25.079
2007,Argentina,Total tax revenue,26.368
2008,Argentina,Total tax revenue,27.624
2009,Argentina,Total tax revenue,28.924
2010,Argentina,Total tax revenue,29.067
2011,Argentina,Total tax revenue,29.299
2012,Argentina,Total tax revenue,30.635
2013,Argentina,Total tax revenue,31.179
2014,Argentina,Total tax revenue,31.123
2015,Argentina,Total tax revenue,31.454
2016,Argentina,Total tax revenue,30.673
2017,Argentina,Total tax revenue,30.041
2018,Argentina,Total tax revenue,28.513
2019,Argentina,Total tax revenue,28.503
2020,Argentina,Total tax revenue,29.746
2021,Argentina,Total tax revenue,29.129
2022,Argentina,Total tax revenue,29.558
2023,Argentina,Total tax revenue,27.842
1990,Brazil,Total tax revenue,27.837
1991,Brazil,Total tax revenue,22.852
1992,Brazil,Total tax revenue,23.791
1993,Brazil,Total tax revenue,25.216
1994,Brazil,Total tax revenue,29.102
1995,Brazil,Total tax revenue,26.775
1996,Brazil,Total tax revenue,25.924
1997,Brazil,Total tax revenue,26.08
1998,Brazil,Total tax revenue,26.636
1999,Brazil,Total tax revenue,27.925
2000,Brazil,Total tax revenue,29.394
2001,Brazil,Total tax revenue,30.45
2002,Brazil,Total tax revenue,31.356
2003,Brazil,Total tax revenue,30.594
2004,Brazil,Total tax revenue,31.515
2005,Brazil,Total tax revenue,32.675
2006,Brazil,Total tax revenue,32.421
2007,Brazil,Total tax revenue,32.792
2008,Brazil,Total tax revenue,32.655
2009,Brazil,Total tax revenue,31.177
2010,Brazil,Total tax revenue,31.759
2011,Brazil,Total tax revenue,32.582
2012,Brazil,Total tax revenue,31.854
2013,Brazil,Total tax revenue,31.811
2014,Brazil,Total tax revenue,31.113
2015,Brazil,Total tax revenue,31.343
2016,Brazil,Total tax revenue,31.616
2017,Brazil,Total tax revenue,31.731
2018,Brazil,Total tax revenue,31.986
2019,Brazil,Total tax revenue,31.932
2020,Brazil,Total tax revenue,30.453
2021,Brazil,Total tax revenue,32.098
2022,Brazil,Total tax revenue,32.54
2023,Brazil,Total tax revenue,32.003
1995,Bulgaria,Total tax revenue,20.178
1996,Bulgaria,Total tax revenue,21.429
1997,Bulgaria,Total tax revenue,29.059
1998,Bulgaria,Total tax revenue,30.327
1999,Bulgaria,Total tax revenue,32.914
2000,Bulgaria,Total tax revenue,34.041
2001,Bulgaria,Total tax revenue,32.655
2002,Bulgaria,Total tax revenue,30.534
2003,Bulgaria,Total tax revenue,30.663
2004,Bulgaria,Total tax revenue,31.422
2005,Bulgaria,Total tax revenue,30.821
2006,Bulgaria,Total tax revenue,30.524
2007,Bulgaria,Total tax revenue,30.537
2008,Bulgaria,Total tax revenue,30.601
2009,Bulgaria,Total tax revenue,26.734
2010,Bulgaria,Total tax revenue,25.398
2011,Bulgaria,Total tax revenue,25.478
2012,Bulgaria,Total tax revenue,26.079
1990,Australia,Taxes on goods and services,7.805
1991,Australia,Taxes on goods and services,7.39
1992,Australia,Taxes on goods and services,7.387
1993,Australia,Taxes on goods and services,7.834
1994,Australia,Taxes on goods and services,8.085
1995,Australia,Taxes on goods and services,8.186
1996,Australia,Taxes on goods and services,8.065
1997,Australia,Taxes on goods and services,7.88
1998,Australia,Taxes on goods and services,8.035
1999,Australia,Taxes on goods and services,7.835
2000,Australia,Taxes on goods and services,8.747
2001,Australia,Taxes on goods and services,8.789
2002,Australia,Taxes on goods and services,9.067
2003,Australia,Taxes on goods and services,8.881
2004,Australia,Taxes on goods and services,8.606
2005,Australia,Taxes on goods and services,8.322
2006,Australia,Taxes on goods and services,8.021
2007,Australia,Taxes on goods and services,7.892
2008,Australia,Taxes on goods and services,7.39
2009,Australia,Taxes on goods and services,7.489
2010,Australia,Taxes on goods and services,7.23
2011,Australia,Taxes on goods and services,7.002
2012,Australia,Taxes on goods and services,7.533
2013,Australia,Taxes on goods and services,7.626
2014,Australia,Taxes on goods and services,7.269
2015,Australia,Taxes on goods and services,7.647
2016,Australia,Taxes on goods and services,7.429
2017,Australia,Taxes on goods and services,7.525
2018,Australia,Taxes on goods and services,7.297
2019,Australia,Taxes on goods and services,7.276
2008,Austria,Taxes on goods and services,11.504
2009,Austria,Taxes on goods and services,11.799
2010,Austria,Taxes on goods and services,11.74
2011,Austria,Taxes on goods and services,11.884
2012,Austria,Taxes on goods and services,11.996
2013,Austria,Taxes on goods and services,11.948
2014,Austria,Taxes on goods and services,11.902
2015,Austria,Taxes on goods and services,11.928
2016,Austria,Taxes on goods and services,11.914
2017,Austria,Taxes on goods and services,11.918
2018,Austria,Taxes on goods and services,11.705
2019,Austria,Taxes on goods and services,11.717
2020,Austria,Taxes on goods and services,11.409
2021,Austria,Taxes on goods and services,11.604
2022,Austria,Taxes on goods and services,11.622
2023,Austria,Taxes on goods and services,11.603
1990,Belgium,Taxes on goods and services,10.794
1991,Belgium,Taxes on goods and services,10.754
1992,Belgium,Taxes on goods and services,10.694
1993,Belgium,Taxes on goods and services,10.781
1994,Belgium,Taxes on goods and services,11.034
1995,Belgium,Taxes on goods and services,10.834
1996,Belgium,Taxes on goods and services,11.134
1997,Belgium,Taxes on goods and services,11.228
1998,Belgium,Taxes on goods and services,11.09
1999,Belgium,Taxes on goods and services,11.478
2000,Belgium,Taxes on goods and services,11.345
2001,Belgium,Taxes on goods and services,10.911
2002,Belgium,Taxes on goods and services,11.008
2003,Belgium,Taxes on goods and services,10.966
2004,Belgium,Taxes on goods and services,11.166
2005,Belgium,Taxes on goods and services,11.244
2006,Belgium,Taxes on goods and services,11.18
2007,Belgium,Taxes on goods and services,11.113
2008,Belgium,Taxes on goods and services,11.034
2009,Belgium,Taxes on goods and services,10.974
2010,Belgium,Taxes on goods and services,11.199
2011,Belgium,Taxes on goods and services,11.136
2012,Belgium,Taxes on goods and services,11.424
2013,Belgium,Taxes on goods and services,11.205
2014,Belgium,Taxes on goods and services,11.015
2015,Belgium,Taxes on goods and services,10.842
2016,Belgium,Taxes on goods and services,10.949
2017,Belgium,Taxes on goods and services,10.931
2018,Belgium,Taxes on goods and services,10.98
2019,Belgium,Taxes on goods and services,10.78
2020,Belgium,Taxes on goods and services,10.304
2021,Belgium,Taxes on goods and services,10.613
2022,Belgium,Taxes on goods and services,10.371
2023,Belgium,Taxes on goods and services,10.462
1990,Canada,Taxes on goods and services,9.063
1991,Canada,Taxes on goods and services,9.192
1992,Canada,Taxes on goods and services,9.236
1993,Canada,Taxes on goods and services,9.189
1994,Canada,Taxes on goods and services,9.002
1995,Canada,Taxes on goods and services,8.797
1996,Canada,Taxes on goods and services,8.724
1997,Canada,Taxes on goods and services,8.744
1998,Canada,Taxes on goods and services,8.837
1999,Canada,Taxes on goods and services,8.541
2000,Canada,Taxes on goods and services,8.394
2001,Canada,Taxes on goods and services,8.427
2002,Canada,Taxes on goods and services,8.669
2003,Canada,Taxes on goods and services,8.59
2004,Canada,Taxes on goods and services,8.419
2005,Canada,Taxes on goods and services,8.225
2006,Canada,Taxes on goods and services,7.976
2007,Canada,Taxes on goods and services,7.787
2008,Canada,Taxes on goods and services,7.028
2009,Canada,Taxes on goods and services,7.398
2010,Canada,Taxes on goods and services,7.428
2011,Canada,Taxes on goods and services,7.311
2012,Canada,Taxes on goods and services,7.288
2013,Canada,Taxes on goods and services,7.17
2014,Canada,Taxes on goods and services,7.193
2015,Canada,Taxes on goods and services,7.55
2016,Canada,Taxes on goods and services,7.642
2017,Canada,Taxes on goods and services,7.792
2018,Canada,Taxes on goods and services,7.785
2019,Canada,Taxes on goods and services,7.537
2020,Canada,Taxes on goods and services,7.348
2021,Canada,Taxes on goods and services,7.362
2022,Canada,Taxes on goods and services,7.357
2023,Canada,Taxes on goods and services,7.509
1990,Chile,Taxes on goods and services,10.559
1991,Chile,Taxes on goods and services,11.111
1992,Chile,Taxes on goods and services,11.592
1993,Chile,Taxes on goods and services,12.035
1994,Chile,Taxes on goods and services,11.631
1995,Chile,Taxes on goods and services,11.371
1996,Chile,Taxes on goods and services,12.205
1997,Chile,Taxes on goods and services,12.008
1998,Chile,Taxes on goods and services,12.154
1999,Chile,Taxes on goods and services,11.725
2000,Chile,Taxes on goods and services,11.943
2001,Chile,Taxes on goods and services,11.742
2002,Chile,Taxes on goods and services,11.682
2003,Chile,Taxes on goods and services,11.278
2004,Chile,Taxes on goods and services,10.837
2005,Chile,Taxes on goods and services,10.73
2006,Chile,Taxes on goods and services,9.555
2007,Chile,Taxes on goods and services,10.009
2008,Chile,Taxes on goods and services,10.813
2009,Chile,Taxes on goods and services,9.696
2010,Chile,Taxes on goods and services,10.097
2011,Chile,Taxes on goods and services,10.452
2012,Chile,Taxes on goods and services,10.674
2013,Chile,Taxes on goods and services,10.764
2014,Chile,Taxes on goods and services,10.901
2015,Chile,Taxes on goods and services,11.094
2016,Chile,Taxes on goods and services,11.038
2017,Chile,Taxes on goods and services,11.076
2018,Chile,Taxes on goods and services,11.333
2019,Chile,Taxes on goods and services,11.125
2020,Chile,Taxes on goods and services,10.571
2021,Chile,Taxes on goods and services,11.842
2022,Chile,Taxes on goods and services,11.401
2023,Chile,Taxes on goods and services,11.173
1990,Colombia,Taxes on goods and services,6.109
1991,Colombia,Taxes on goods and services,6.176
1992,Colombia,Taxes on goods and services,6.486
1993,Colombia,Taxes on goods and services,6.48
1994,Colombia,Taxes on goods and services,7.235
1995,Colombia,Taxes on goods and services,6.936
1996,Colombia,Taxes on goods and services,7.412
1997,Colombia,Taxes on goods and services,7.35
1998,Colombia,Taxes on goods and services,7.076
1999,Colombia,Taxes on goods and services,6.66
2000,Colombia,Taxes on goods and services,7.268
2001,Colombia,Taxes on goods and services,7.878
2002,Colombia,Taxes on goods and services,7.554
2003,Colombia,Taxes on goods and services,7.957
2004,Colombia,Taxes on goods and services,7.893
2005,Colombia,Taxes on goods and services,8.181
2006,Colombia,Taxes on goods and services,8.727
2007,Colombia,Taxes on goods and services,8.58
2008,Colombia,Taxes on goods and services,8.67
2009,Colombia,Taxes on goods and services,8.023
2010,Colombia,Taxes on goods and services,8.163
2011,Colombia,Taxes on goods and services,8.341
2012,Colombia,Taxes on goods and services,7.988
2013,Colombia,Taxes on goods and services,7.742
2014,Colombia,Taxes on goods and services,7.992
2015,Colombia,Taxes on goods and services,8.167
2016,Colombia,Taxes on goods and services,7.752
2017,Colombia,Taxes on goods and services,8.189
2018,Colombia,Taxes on goods and services,8.241
2019,Colombia,Taxes on goods and services,8.471
2020,Colombia,Taxes on goods and services,7.787
2021,Colombia,Taxes on goods and services,8.323
2022,Colombia,Taxes on goods and services,8.799
2023,Colombia,Taxes on goods and services,8.786
1990,Costa Rica,Taxes on goods and services,10.186
1991,Costa Rica,Taxes on goods and services,8.219
1992,Costa Rica,Taxes on goods and services,9.619
1993,Costa Rica,Taxes on goods and services,8.975
1994,Costa Rica,Taxes on goods and services,9.191
1995,Costa Rica,Taxes on goods and services,8.999
1996,Costa Rica,Taxes on goods and services,9.615
1997,Costa Rica,Taxes on goods and services,9.704
1998,Costa Rica,Taxes on goods and services,9.982
1999,Costa Rica,Taxes on goods and services,9.417
2000,Costa Rica,Taxes on goods and services,9.873
2001,Costa Rica,Taxes on goods and services,10.155
2002,Costa Rica,Taxes on goods and services,9.99
2003,Costa Rica,Taxes on goods and services,9.873
2004,Costa Rica,Taxes on goods and services,9.773
2005,Costa Rica,Taxes on goods and services,9.863
2006,Costa Rica,Taxes on goods and services,10.256
2007,Costa Rica,Taxes on goods and services,10.84
2008,Costa Rica,Taxes on goods and services,10.748
2009,Costa Rica,Taxes on goods and services,9.128
2010,Costa Rica,Taxes on goods and services,8.923
2011,Costa Rica,Taxes on goods and services,9.105
2012,Costa Rica,Taxes on goods and services,9.053
2013,Costa Rica,Taxes on goods and services,9.044
2014,Costa Rica,Taxes on goods and services,8.814
2015,Costa Rica,Taxes on goods and services,8.822
2016,Costa Rica,Taxes on goods and services,8.717
2017,Costa Rica,Taxes on goods and services,8.372
2018,Costa Rica,Taxes on goods and services,8.104
2019,Costa Rica,Taxes on goods and services,8.146
2020,Costa Rica,Taxes on goods and services,7.522
2021,Costa Rica,Taxes on goods and services,8.651
2022,Costa Rica,Taxes on goods and services,8.201
2023,Costa Rica,Taxes on goods and services,8.323
1993,Czechia,Taxes on goods and services,12.153
1994,Czechia,Taxes on goods and services,11.804
1995,Czechia,Taxes on goods and services,11.011
1996,Czechia,Taxes on goods and services,10.829
1997,Czechia,Taxes on goods and services,10.307
1998,Czechia,Taxes on goods and services,9.948
1999,Czechia,Taxes on goods and services,10.528
2000,Czechia,Taxes on goods and services,10.125
2001,Czechia,Taxes on goods and services,9.841
2002,Czechia,Taxes on goods and services,9.831
2003,Czechia,Taxes on goods and services,10.063
2004,Czechia,Taxes on goods and services,10.847
2005,Czechia,Taxes on goods and services,10.842
2006,Czechia,Taxes on goods and services,10.356
2007,Czechia,Taxes on goods and services,10.358
2008,Czechia,Taxes on goods and services,10.659
2009,Czechia,Taxes on goods and services,10.835
2010,Czechia,Taxes on goods and services,10.771
2011,Czechia,Taxes on goods and services,11.221
2012,Czechia,Taxes on goods and services,11.403
2013,Czechia,Taxes on goods and services,11.608
2014,Czechia,Taxes on goods and services,10.891
2015,Czechia,Taxes on goods and services,11.194
2016,Czechia,Taxes on goods and services,11.295
2017,Czechia,Taxes on goods and services,11.344
2018,Czechia,Taxes on goods and services,11.155
2019,Czechia,Taxes on goods and services,10.9
2020,Czechia,Taxes on goods and services,10.567
2021,Czechia,Taxes on goods and services,10.538
2022,Czechia,Taxes on goods and services,10.459
2023,Czechia,Taxes on goods and services,10.351
1990,Denmark,Taxes on goods and services,15.141
1991,Denmark,Taxes on goods and services,15.044
1992,Denmark,Taxes on goods and services,14.816
1993,Denmark,Taxes on goods and services,14.843
1994,Denmark,Taxes on goods and services,15.378
1995,Denmark,Taxes on goods and services,15.165
1996,Denmark,Taxes on goods and services,15.566
1997,Denmark,Taxes on goods and services,15.541
1998,Denmark,Taxes on goods and services,16.364
1999,Denmark,Taxes on goods and services,16.375
2000,Denmark,Taxes on goods and services,15.669
2001,Denmark,Taxes on goods and services,15.611
2002,Denmark,Taxes on goods and services,15.776
2003,Denmark,Taxes on goods and services,15.566
2004,Denmark,Taxes on goods and services,15.764
2005,Denmark,Taxes on goods and services,16.049
2006,Denmark,Taxes on goods and services,15.975
2007,Denmark,Taxes on goods and services,16.333
2008,Denmark,Taxes on goods and services,15.228
2009,Denmark,Taxes on goods and services,15.118
2010,Denmark,Taxes on goods and services,14.941
2011,Denmark,Taxes on goods and services,15.067
2012,Denmark,Taxes on goods and services,15.101
2013,Denmark,Taxes on goods and services,14.759
2014,Denmark,Taxes on goods and services,14.576
2015,Denmark,Taxes on goods and services,14.574
2016,Denmark,Taxes on goods and services,14.729
2017,Denmark,Taxes on goods and services,14.418
2018,Denmark,Taxes on goods and services,14.649
2019,Denmark,Taxes on goods and services,14.194
2020,Denmark,Taxes on goods and services,14.43
2021,Denmark,Taxes on goods and services,13.638
2022,Denmark,Taxes on goods and services,12.752
2023,Denmark,Taxes on goods and services,12.301
1995,Estonia,Taxes on goods and services,12.252
1996,Estonia,Taxes on goods and services,12.856
1997,Estonia,Taxes on goods and services,13.023
1998,Estonia,Taxes on goods and services,11.995
1999,Estonia,Taxes on goods and services,11.375
2000,Estonia,Taxes on goods and services,12.071
2001,Estonia,Taxes on goods and services,12.127
2002,Estonia,Taxes on goods and services,12.243
2003,Estonia,Taxes on goods and services,11.865
2004,Estonia,Taxes on goods and services,12.55
2005,Estonia,Taxes on goods and services,12.466
2006,Estonia,Taxes on goods and services,13.243
2007,Estonia,Taxes on goods and services,13.208
2008,Estonia,Taxes on goods and services,11.884
2009,Estonia,Taxes on goods and services,14.343
2010,Estonia,Taxes on goods and services,13.517
2011,Estonia,Taxes on goods and services,13.255
2012,Estonia,Taxes on goods and services,13.474
2013,Estonia,Taxes on goods and services,13.027
2014,Estonia,Taxes on goods and services,13.363
2015,Estonia,Taxes on goods and services,13.847
2016,Estonia,Taxes on goods and services,14.234
2017,Estonia,Taxes on goods and services,13.722
2018,Estonia,Taxes on goods and services,13.49
2019,Estonia,Taxes on goods and services,13.847
2020,Estonia,Taxes on goods and services,13.078
2021,Estonia,Taxes on goods and services,13.348
2022,Estonia,Taxes on goods and services,13.187
2023,Estonia,Taxes on goods and services,13.226
1990,Finland,Taxes on goods and services,13.975
1991,Finland,Taxes on goods and services,14.138
1992,Finland,Taxes on goods and services,13.945
1993,Finland,Taxes on goods and services,13.734
1994,Finland,Taxes on goods and services,13.938
1995,Finland,Taxes on goods and services,13.619
1996,Finland,Taxes on goods and services,13.683
1997,Finland,Taxes on goods and services,14.213
1998,Finland,Taxes on goods and services,13.837
1999,Finland,Taxes on goods and services,13.831
2000,Finland,Taxes on goods and services,13.354
2001,Finland,Taxes on goods and services,12.863
2002,Finland,Taxes on goods and services,13.178
2003,Finland,Taxes on goods and services,13.622
2004,Finland,Taxes on goods and services,13.368
2005,Finland,Taxes on goods and services,13.316
2006,Finland,Taxes on goods and services,13.266
2007,Finland,Taxes on goods and services,12.628
2008,Finland,Taxes on goods and services,12.51
2009,Finland,Taxes on goods and services,12.969
2010,Finland,Taxes on goods and services,12.973
2011,Finland,Taxes on goods and services,13.854
2012,Finland,Taxes on goods and services,14.112
2013,Finland,Taxes on goods and services,14.485
2014,Finland,Taxes on goods and services,14.375
2015,Finland,Taxes on goods and services,14.142
2016,Finland,Taxes on goods and services,14.429
2017,Finland,Taxes on goods and services,14.167
2018,Finland,Taxes on goods and services,14.312
2019,Finland,Taxes on goods and services,14.236
2020,Finland,Taxes on goods and services,14.149
2021,Finland,Taxes on goods and services,14.01
2022,Finland,Taxes on goods and services,13.826
2023,Finland,Taxes on goods and services,13.194
1990,France,Taxes on goods and services,11.804
1991,France,Taxes on goods and services,11.399
1992,France,Taxes on goods and services,11.102
1993,France,Taxes on goods and services,11.276
1994,France,Taxes on goods and services,11.657
1995,France,Taxes on goods and services,12.034
1996,France,Taxes on goods and services,12.434
1997,France,Taxes on goods and services,12.272
1998,France,Taxes on goods and services,12.032
1999,France,Taxes on goods and services,12.046
2000,France,Taxes on goods and services,11.486
2001,France,Taxes on goods and services,11.182
2002,France,Taxes on goods and services,11.194
2003,France,Taxes on goods and services,11.061
2004,France,Taxes on goods and services,11.115
2005,France,Taxes on goods and services,11.157
2006,France,Taxes on goods and services,11.028
2007,France,Taxes on goods and services,10.81
2008,France,Taxes on goods and services,10.661
2009,France,Taxes on goods and services,10.639
2010,France,Taxes on goods and services,11.175
2011,France,Taxes on goods and services,11.442
2012,France,Taxes on goods and services,11.636
2013,France,Taxes on goods and services,11.649
2014,France,Taxes on goods and services,11.756
2015,France,Taxes on goods and services,11.855
2016,France,Taxes on goods and services,12.004
2017,France,Taxes on goods and services,12.22
2018,France,Taxes on goods and services,12.396
2019,France,Taxes on goods and services,12.411
2020,France,Taxes on goods and services,12.211
2021,France,Taxes on goods and services,12.194
2022,France,Taxes on goods and services,11.945
2023,France,Taxes on goods and services,11.267
1990,Germany,Taxes on goods and services,9.304
1991,Germany,Taxes on goods and services,9.433
1992,Germany,Taxes on goods and services,9.687
1993,Germany,Taxes on goods and services,10.015
1994,Germany,Taxes on goods and services,10.45
1995,Germany,Taxes on goods and services,10.16
1996,Germany,Taxes on goods and services,10.013
1997,Germany,Taxes on goods and services,9.867
1998,Germany,Taxes on goods and services,9.869
1999,Germany,Taxes on goods and services,10.297
2000,Germany,Taxes on goods and services,10.369
2001,Germany,Taxes on goods and services,10.239
2002,Germany,Taxes on goods and services,10.179
2003,Germany,Taxes on goods and services,10.313
2004,Germany,Taxes on goods and services,10.55
2005,Germany,Taxes on goods and services,10.594
2006,Germany,Taxes on goods and services,10.565
2007,Germany,Taxes on goods and services,11.04
2008,Germany,Taxes on goods and services,11.092
2009,Germany,Taxes on goods and services,11.706
2010,Germany,Taxes on goods and services,11.175
2011,Germany,Taxes on goods and services,11.388
2012,Germany,Taxes on goods and services,11.344
2013,Germany,Taxes on goods and services,11.405
2014,Germany,Taxes on goods and services,11.339
2015,Germany,Taxes on goods and services,11.323
2016,Germany,Taxes on goods and services,11.201
2017,Germany,Taxes on goods and services,10.9
2018,Germany,Taxes on goods and services,11.026
2019,Germany,Taxes on goods and services,10.997
2020,Germany,Taxes on goods and services,10.488
2021,Germany,Taxes on goods and services,10.956
2022,Germany,Taxes on goods and services,10.843
2023,Germany,Taxes on goods and services,10.081
1990,Greece,Taxes on goods and services,11.219
1991,Greece,Taxes on goods and services,11.707
1992,Greece,Taxes on goods and services,12.506
1993,Greece,Taxes on goods and services,12.147
1994,Greece,Taxes on goods and services,11.608
1995,Greece,Taxes on goods and services,11.765
1996,Greece,Taxes on goods and services,11.945
1997,Greece,Taxes on goods and services,11.937
1998,Greece,Taxes on goods and services,11.608
1999,Greece,Taxes on goods and services,11.775
2000,Greece,Taxes on goods and services,11.777
2001,Greece,Taxes on goods and services,11.79
2002,Greece,Taxes on goods and services,12.119
2003,Greece,Taxes on goods and services,11.328
2004,Greece,Taxes on goods and services,10.953
2005,Greece,Taxes on goods and services,11.161
2006,Greece,Taxes on goods and services,11.316
2007,Greece,Taxes on goods and services,11.589
2008,Greece,Taxes on goods and services,11.62
2009,Greece,Taxes on goods and services,11.073
2010,Greece,Taxes on goods and services,12.481
2011,Greece,Taxes on goods and services,13.492
2012,Greece,Taxes on goods and services,14.23
2013,Greece,Taxes on goods and services,14.536
2014,Greece,Taxes on goods and services,14.728
2015,Greece,Taxes on goods and services,14.941
2016,Greece,Taxes on goods and services,16.037
2017,Greece,Taxes on goods and services,16.013
2018,Greece,Taxes on goods and services,16.136
2019,Greece,Taxes on goods and services,16.086
2020,Greece,Taxes on goods and services,15.356
2021,Greece,Taxes on goods and services,15.866
2022,Greece,Taxes on goods and services,17.833
2023,Greece,Taxes on goods and services,15.954
1991,Hungary,Taxes on goods and services,14.801
1992,Hungary,Taxes on goods and services,15.952
1993,Hungary,Taxes on goods and services,16.782
1994,Hungary,Taxes on goods and services,15.839
1995,Hungary,Taxes on goods and services,16.566
1996,Hungary,Taxes on goods and services,16.037
1997,Hungary,Taxes on goods and services,14.837
1998,Hungary,Taxes on goods and services,14.605
1999,Hungary,Taxes on goods and services,15.441
2000,Hungary,Taxes on goods and services,15.622
2001,Hungary,Taxes on goods and services,14.584
2002,Hungary,Taxes on goods and services,14.014
2003,Hungary,Taxes on goods and services,14.624
2004,Hungary,Taxes on goods and services,15.119
2005,Hungary,Taxes on goods and services,14.548
2006,Hungary,Taxes on goods and services,14.049
2007,Hungary,Taxes on goods and services,14.888
2008,Hungary,Taxes on goods and services,14.659
2009,Hungary,Taxes on goods and services,15.417
2010,Hungary,Taxes on goods and services,15.95
2011,Hungary,Taxes on goods and services,15.915
2012,Hungary,Taxes on goods and services,17.057
2013,Hungary,Taxes on goods and services,16.894
2014,Hungary,Taxes on goods and services,16.799
2015,Hungary,Taxes on goods and services,16.978
2016,Hungary,Taxes on goods and services,16.52
2017,Hungary,Taxes on goods and services,16.26
2018,Hungary,Taxes on goods and services,16.477
2019,Hungary,Taxes on goods and services,16.24
2020,Hungary,Taxes on goods and services,16.233
2021,Hungary,Taxes on goods and services,15.923
2022,Hungary,Taxes on goods and services,16.682
2023,Hungary,Taxes on goods and services,15.621
1990,Iceland,Taxes on goods and services,15.634
1991,Iceland,Taxes on goods and services,15.712
1992,Iceland,Taxes on goods and services,15.686
1993,Iceland,Taxes on goods and services,15.243
1994,Iceland,Taxes on goods and services,14.781
1995,Iceland,Taxes on goods and services,14.96
1996,Iceland,Taxes on goods and services,15.373
1997,Iceland,Taxes on goods and services,14.955
1998,Iceland,Taxes on goods and services,15.923
1999,Iceland,Taxes on goods and services,17.023
2000,Iceland,Taxes on goods and services,16.262
2001,Iceland,Taxes on goods and services,14.128
2002,Iceland,Taxes on goods and services,14.131
2003,Iceland,Taxes on goods and services,14.926
2004,Iceland,Taxes on goods and services,16.002
2005,Iceland,Taxes on goods and services,17.361
2006,Iceland,Taxes on goods and services,17.384
2007,Iceland,Taxes on goods and services,16.257
2008,Iceland,Taxes on goods and services,13.06
2009,Iceland,Taxes on goods and services,11.333
2010,Iceland,Taxes on goods and services,11.546
2011,Iceland,Taxes on goods and services,11.633
2012,Iceland,Taxes on goods and services,12.03
2013,Iceland,Taxes on goods and services,11.704
2014,Iceland,Taxes on goods and services,11.666
2015,Iceland,Taxes on goods and services,11.561
2016,Iceland,Taxes on goods and services,11.874
2017,Iceland,Taxes on goods and services,12.625
2018,Iceland,Taxes on goods and services,12.289
2019,Iceland,Taxes on goods and services,11.509
2020,Iceland,Taxes on goods and services,11.47
2021,Iceland,Taxes on goods and services,11.683
2022,Iceland,Taxes on goods and services,11.5
2023,Iceland,Taxes on goods and services,11.596
1990,Ireland,Taxes on goods and services,13.58
1991,Ireland,Taxes on goods and services,13.304
1992,Ireland,Taxes on goods and services,13.268
1993,Ireland,Taxes on goods and services,12.639
1994,Ireland,Taxes on goods and services,13.342
1995,Ireland,Taxes on goods and services,12.84
1996,Ireland,Taxes on goods and services,12.72
1997,Ireland,Taxes on goods and services,12.366
1998,Ireland,Taxes on goods and services,12.22
1999,Ireland,Taxes on goods and services,12.036
2000,Ireland,Taxes on goods and services,11.916
2001,Ireland,Taxes on goods and services,10.726
2002,Ireland,Taxes on goods and services,10.75
2003,Ireland,Taxes on goods and services,10.687
2004,Ireland,Taxes on goods and services,11.012
2005,Ireland,Taxes on goods and services,11.361
2006,Ireland,Taxes on goods and services,11.357
2007,Ireland,Taxes on goods and services,11.205
2008,Ireland,Taxes on goods and services,10.798
2009,Ireland,Taxes on goods and services,9.914
2010,Ireland,Taxes on goods and services,9.925
2011,Ireland,Taxes on goods and services,9.419
2012,Ireland,Taxes on goods and services,9.491
2013,Ireland,Taxes on goods and services,9.455
2014,Ireland,Taxes on goods and services,9.457
2015,Ireland,Taxes on goods and services,7.343
2016,Ireland,Taxes on goods and services,7.598
2017,Ireland,Taxes on goods and services,7.155
2018,Ireland,Taxes on goods and services,6.746
2019,Ireland,Taxes on goods and services,6.627
2020,Ireland,Taxes on goods and services,5.5
2021,Ireland,Taxes on goods and services,5.754
2022,Ireland,Taxes on goods and services,5.355
2023,Ireland,Taxes on goods and services,5.714
1995,Israel,Taxes on goods and services,12.261
1996,Israel,Taxes on goods and services,12.34
1997,Israel,Taxes on goods and services,12.215
1998,Israel,Taxes on goods and services,11.721
1999,Israel,Taxes on goods and services,11.794
2000,Israel,Taxes on goods and services,11.201
2001,Israel,Taxes on goods and services,11.07
2002,Israel,Taxes on goods and services,11.713
2003,Israel,Taxes on goods and services,11.638
2004,Israel,Taxes on goods and services,11.719
2005,Israel,Taxes on goods and services,11.589
2006,Israel,Taxes on goods and services,11.359
2007,Israel,Taxes on goods and services,11.549
2008,Israel,Taxes on goods and services,11.51
2009,Israel,Taxes on goods and services,11.262
2010,Israel,Taxes on goods and services,11.801
2011,Israel,Taxes on goods and services,11.707
2012,Israel,Taxes on goods and services,11.341
2013,Israel,Taxes on goods and services,11.607
2014,Israel,Taxes on goods and services,11.938
2015,Israel,Taxes on goods and services,11.713
2016,Israel,Taxes on goods and services,11.645
2017,Israel,Taxes on goods and services,11.095
2018,Israel,Taxes on goods and services,11.064
2019,Israel,Taxes on goods and services,10.755
2020,Israel,Taxes on goods and services,10.451
2021,Israel,Taxes on goods and services,10.895
2022,Israel,Taxes on goods and services,10.624
2023,Israel,Taxes on goods and services,9.635
1990,Italy,Taxes on goods and services,10.162
1991,Italy,Taxes on goods and services,10.293
1992,Italy,Taxes on goods and services,10.564
1993,Italy,Taxes on goods and services,10.495
1994,Italy,Taxes on goods and services,10.927
1995,Italy,Taxes on goods and services,10.494
1996,Italy,Taxes on goods and services,10.351
1997,Italy,Taxes on goods and services,10.754
1998,Italy,Taxes on goods and services,11.086
1999,Italy,Taxes on goods and services,11.335
2000,Italy,Taxes on goods and services,11.426
2001,Italy,Taxes on goods and services,10.88
2002,Italy,Taxes on goods and services,10.782
2003,Italy,Taxes on goods and services,10.378
2004,Italy,Taxes on goods and services,10.47
2005,Italy,Taxes on goods and services,10.437
2006,Italy,Taxes on goods and services,10.741
2007,Italy,Taxes on goods and services,10.643
2008,Italy,Taxes on goods and services,10.444
2009,Italy,Taxes on goods and services,10.538
2010,Italy,Taxes on goods and services,11.101
2011,Italy,Taxes on goods and services,11.317
2012,Italy,Taxes on goods and services,11.672
2013,Italy,Taxes on goods and services,11.608
2014,Italy,Taxes on goods and services,11.857
2015,Italy,Taxes on goods and services,11.869
2016,Italy,Taxes on goods and services,12.094
2017,Italy,Taxes on goods and services,12.088
2018,Italy,Taxes on goods and services,11.969
2019,Italy,Taxes on goods and services,11.956
2020,Italy,Taxes on goods and services,11.491
2021,Italy,Taxes on goods and services,12.024
2022,Italy,Taxes on goods and services,11.843
2023,Italy,Taxes on goods and services,11.876
1990,Japan,Taxes on goods and services,3.792
1991,Japan,Taxes on goods and services,3.817
1992,Japan,Taxes on goods and services,3.8
1993,Japan,Taxes on goods and services,3.911
1994,Japan,Taxes on goods and services,4.036
1995,Japan,Taxes on goods and services,4.015
1996,Japan,Taxes on goods and services,4.057
1997,Japan,Taxes on goods and services,4.435
1998,Japan,Taxes on goods and services,4.961
1999,Japan,Taxes on goods and services,5.085
2000,Japan,Taxes on goods and services,4.878
2001,Japan,Taxes on goods and services,4.94
2002,Japan,Taxes on goods and services,4.929
2003,Japan,Taxes on goods and services,4.901
2004,Japan,Taxes on goods and services,4.956
2005,Japan,Taxes on goods and services,5.015
2006,Japan,Taxes on goods and services,4.961
2007,Japan,Taxes on goods and services,4.876
2008,Japan,Taxes on goods and services,4.855
2009,Japan,Taxes on goods and services,4.899
2010,Japan,Taxes on goods and services,4.898
2011,Japan,Taxes on goods and services,4.993
2012,Japan,Taxes on goods and services,5.017
2013,Japan,Taxes on goods and services,5.021
2014,Japan,Taxes on goods and services,5.921
2015,Japan,Taxes on goods and services,6.341
2016,Japan,Taxes on goods and services,6.187
2017,Japan,Taxes on goods and services,6.484
2018,Japan,Taxes on goods and services,6.154
2019,Japan,Taxes on goods and services,6.214
2020,Japan,Taxes on goods and services,6.877
2021,Japan,Taxes on goods and services,7.031
2022,Japan,Taxes on goods and services,7.18
2023,Japan,Taxes on goods and services,6.847
1990,Korea,Taxes on goods and services,8.226
1991,Korea,Taxes on goods and services,7.688
1992,Korea,Taxes on goods and services,7.838
1993,Korea,Taxes on goods and services,7.623
1994,Korea,Taxes on goods and services,7.632
1995,Korea,Taxes on goods and services,7.64
1996,Korea,Taxes on goods and services,8.069
1997,Korea,Taxes on goods and services,8.114
1998,Korea,Taxes on goods and services,7.189
1999,Korea,Taxes on goods and services,7.741
2000,Korea,Taxes on goods and services,8.022
2001,Korea,Taxes on goods and services,8.398
2002,Korea,Taxes on goods and services,8.254
2003,Korea,Taxes on goods and services,8.144
2004,Korea,Taxes on goods and services,7.663
2005,Korea,Taxes on goods and services,7.42
2006,Korea,Taxes on goods and services,7.363
2007,Korea,Taxes on goods and services,7.421
2008,Korea,Taxes on goods and services,7.459
2009,Korea,Taxes on goods and services,7.221
2010,Korea,Taxes on goods and services,7.543
2011,Korea,Taxes on goods and services,7.239
2012,Korea,Taxes on goods and services,7.388
2013,Korea,Taxes on goods and services,7.111
2014,Korea,Taxes on goods and services,7.003
2015,Korea,Taxes on goods and services,6.654
2016,Korea,Taxes on goods and services,6.962
2017,Korea,Taxes on goods and services,7.031
2018,Korea,Taxes on goods and services,7.012
2019,Korea,Taxes on goods and services,7.029
2020,Korea,Taxes on goods and services,6.768
2021,Korea,Taxes on goods and services,6.879
2022,Korea,Taxes on goods and services,7.252
2023,Korea,Taxes on goods and services,6.533
1995,Latvia,Taxes on goods and services,11.211
1996,Latvia,Taxes on goods and services,11.169
1997,Latvia,Taxes on goods and services,11.706
1998,Latvia,Taxes on goods and services,12.375
1999,Latvia,Taxes on goods and services,11.521
2000,Latvia,Taxes on goods and services,11.213
2001,Latvia,Taxes on goods and services,10.598
2002,Latvia,Taxes on goods and services,10.405
2003,Latvia,Taxes on goods and services,10.917
2004,Latvia,Taxes on goods and services,10.886
2005,Latvia,Taxes on goods and services,11.629
2006,Latvia,Taxes on goods and services,11.88
2007,Latvia,Taxes on goods and services,11.328
2008,Latvia,Taxes on goods and services,10.355
2009,Latvia,Taxes on goods and services,11.326
2010,Latvia,Taxes on goods and services,11.924
2011,Latvia,Taxes on goods and services,12.006
2012,Latvia,Taxes on goods and services,12.103
2013,Latvia,Taxes on goods and services,12.522
2014,Latvia,Taxes on goods and services,12.812
2015,Latvia,Taxes on goods and services,13.043
2016,Latvia,Taxes on goods and services,13.574
2017,Latvia,Taxes on goods and services,13.498
2018,Latvia,Taxes on goods and services,13.939
2019,Latvia,Taxes on goods and services,13.914
2020,Latvia,Taxes on goods and services,13.571
2021,Latvia,Taxes on goods and services,13.394
2022,Latvia,Taxes on goods and services,13.671
2023,Latvia,Taxes on goods and services,13.382
1995,Lithuania,Taxes on goods and services,11.799
1996,Lithuania,Taxes on goods and services,11.284
1997,Lithuania,Taxes on goods and services,13.188
1998,Lithuania,Taxes on goods and services,13.435
1999,Lithuania,Taxes on goods and services,13.334
2000,Lithuania,Taxes on goods and services,12.129
2001,Lithuania,Taxes on goods and services,11.756
2002,Lithuania,Taxes on goods and services,11.963
2003,Lithuania,Taxes on goods and services,11.264
2004,Lithuania,Taxes on goods and services,10.94
2005,Lithuania,Taxes on goods and services,11.134
2006,Lithuania,Taxes on goods and services,11.239
2007,Lithuania,Taxes on goods and services,11.644
2008,Lithuania,Taxes on goods and services,11.664
2009,Lithuania,Taxes on goods and services,11.5
2010,Lithuania,Taxes on goods and services,11.716
2011,Lithuania,Taxes on goods and services,11.52
2012,Lithuania,Taxes on goods and services,11.105
2013,Lithuania,Taxes on goods and services,10.931
2014,Lithuania,Taxes on goods and services,11.129
2015,Lithuania,Taxes on goods and services,11.644
2016,Lithuania,Taxes on goods and services,11.651
2017,Lithuania,Taxes on goods and services,11.6
2018,Lithuania,Taxes on goods and services,11.525
2019,Lithuania,Taxes on goods and services,11.54
2020,Lithuania,Taxes on goods and services,11.817
2021,Lithuania,Taxes on goods and services,11.956
2022,Lithuania,Taxes on goods and services,11.546
2023,Lithuania,Taxes on goods and services,11.298
1990,Luxembourg,Taxes on goods and services,8.197
1991,Luxembourg,Taxes on goods and services,8.017
1992,Luxembourg,Taxes on goods and services,8.864
1993,Luxembourg,Taxes on goods and services,9.266
1994,Luxembourg,Taxes on goods and services,9.705
1995,Luxembourg,Taxes on goods and services,9.195
1996,Luxembourg,Taxes on goods and services,9.165
1997,Luxembourg,Taxes on goods and services,9.439
1998,Luxembourg,Taxes on goods and services,9.713
1999,Luxembourg,Taxes on goods and services,9.797
2000,Luxembourg,Taxes on goods and services,9.832
2001,Luxembourg,Taxes on goods and services,9.634
2002,Luxembourg,Taxes on goods and services,9.989
2003,Luxembourg,Taxes on goods and services,10.232
2004,Luxembourg,Taxes on goods and services,10.848
2005,Luxembourg,Taxes on goods and services,10.802
2006,Luxembourg,Taxes on goods and services,9.757
2007,Luxembourg,Taxes on goods and services,10.052
2008,Luxembourg,Taxes on goods and services,9.851
2009,Luxembourg,Taxes on goods and services,10.189
2010,Luxembourg,Taxes on goods and services,9.858
2011,Luxembourg,Taxes on goods and services,10.204
2012,Luxembourg,Taxes on goods and services,10.403
2013,Luxembourg,Taxes on goods and services,10.29
2014,Luxembourg,Taxes on goods and services,10.559
2015,Luxembourg,Taxes on goods and services,8.363
2016,Luxembourg,Taxes on goods and services,8.62
2017,Luxembourg,Taxes on goods and services,8.843
2018,Luxembourg,Taxes on goods and services,9.065
2019,Luxembourg,Taxes on goods and services,9.114
2020,Luxembourg,Taxes on goods and services,8.754
2021,Luxembourg,Taxes on goods and services,8.912
2022,Luxembourg,Taxes on goods and services,9.139
2023,Luxembourg,Taxes on goods and services,9.325
1990,Mexico,Taxes on goods and services,5.063
1991,Mexico,Taxes on goods and services,5.031
1992,Mexico,Taxes on goods and services,4.923
1993,Mexico,Taxes on goods and services,4.196
1994,Mexico,Taxes on goods and services,4.492
1995,Mexico,Taxes on goods and services,3.789
1996,Mexico,Taxes on goods and services,3.726
1997,Mexico,Taxes on goods and services,4.096
1998,Mexico,Taxes on goods and services,4.491
1999,Mexico,Taxes on goods and services,4.94
2000,Mexico,Taxes on goods and services,4.555
2001,Mexico,Taxes on goods and services,4.922
2002,Mexico,Taxes on goods and services,5.152
2003,Mexico,Taxes on goods and services,5.073
2004,Mexico,Taxes on goods and services,4.526
2005,Mexico,Taxes on goods and services,4.19
2006,Mexico,Taxes on goods and services,4.284
2007,Mexico,Taxes on goods and services,4.26
2008,Mexico,Taxes on goods and services,4.636
2009,Mexico,Taxes on goods and services,4.456
2010,Mexico,Taxes on goods and services,4.667
2011,Mexico,Taxes on goods and services,4.464
2012,Mexico,Taxes on goods and services,4.46
2013,Mexico,Taxes on goods and services,4.222
2014,Mexico,Taxes on goods and services,4.853
2015,Mexico,Taxes on goods and services,5.935
2016,Mexico,Taxes on goods and services,6.241
2017,Mexico,Taxes on goods and services,5.693
2018,Mexico,Taxes on goods and services,5.715
2019,Mexico,Taxes on goods and services,5.983
2020,Mexico,Taxes on goods and services,6.412
2021,Mexico,Taxes on goods and services,6.191
2022,Mexico,Taxes on goods and services,5.513
2023,Mexico,Taxes on goods and services,6.24
1990,Netherlands,Taxes on goods and services,10.472
1991,Netherlands,Taxes on goods and services,10.584
1992,Netherlands,Taxes on goods and services,10.658
1993,Netherlands,Taxes on goods and services,10.21
1994,Netherlands,Taxes on goods and services,10.442
1995,Netherlands,Taxes on goods and services,10.617
1996,Netherlands,Taxes on goods and services,10.846
1997,Netherlands,Taxes on goods and services,10.809
1998,Netherlands,Taxes on goods and services,10.781
1999,Netherlands,Taxes on goods and services,11.077
2000,Netherlands,Taxes on goods and services,10.941
2001,Netherlands,Taxes on goods and services,11.184
2002,Netherlands,Taxes on goods and services,10.915
2003,Netherlands,Taxes on goods and services,11.057
2004,Netherlands,Taxes on goods and services,11.207
2005,Netherlands,Taxes on goods and services,11.232
2006,Netherlands,Taxes on goods and services,11.388
2007,Netherlands,Taxes on goods and services,11.254
2008,Netherlands,Taxes on goods and services,11.097
2009,Netherlands,Taxes on goods and services,10.842
2010,Netherlands,Taxes on goods and services,11.176
2011,Netherlands,Taxes on goods and services,10.857
2012,Netherlands,Taxes on goods and services,10.785
2013,Netherlands,Taxes on goods and services,10.942
2014,Netherlands,Taxes on goods and services,11.149
2015,Netherlands,Taxes on goods and services,11.14
2016,Netherlands,Taxes on goods and services,11.478
2017,Netherlands,Taxes on goods and services,11.407
2018,Netherlands,Taxes on goods and services,11.499
2019,Netherlands,Taxes on goods and services,11.808
2020,Netherlands,Taxes on goods and services,11.885
2021,Netherlands,Taxes on goods and services,11.835
2022,Netherlands,Taxes on goods and services,11.475
2023,Netherlands,Taxes on goods and services,11.264
1990,New Zealand,Taxes on goods and services,12.144
1991,New Zealand,Taxes on goods and services,12.145
1992,New Zealand,Taxes on goods and services,12.365
1993,New Zealand,Taxes on goods and services,12.5
1994,New Zealand,Taxes on goods and services,11.945
1995,New Zealand,Taxes on goods and services,11.867
1996,New Zealand,Taxes on goods and services,11.82
1997,New Zealand,Taxes on goods and services,11.802
1998,New Zealand,Taxes on goods and services,11.724
1999,New Zealand,Taxes on goods and services,11.69
2000,New Zealand,Taxes on goods and services,11.286
2001,New Zealand,Taxes on goods and services,11.389
2002,New Zealand,Taxes on goods and services,11.676
2003,New Zealand,Taxes on goods and services,11.696
2004,New Zealand,Taxes on goods and services,11.573
2005,New Zealand,Taxes on goods and services,11.586
2006,New Zealand,Taxes on goods and services,11.529
2007,New Zealand,Taxes on goods and services,10.744
2008,New Zealand,Taxes on goods and services,11.111
2009,New Zealand,Taxes on goods and services,11.064
2010,New Zealand,Taxes on goods and services,12.005
2011,New Zealand,Taxes on goods and services,12.127
2012,New Zealand,Taxes on goods and services,12.274
2013,New Zealand,Taxes on goods and services,11.891
2014,New Zealand,Taxes on goods and services,12.211
2015,New Zealand,Taxes on goods and services,12.263
2016,New Zealand,Taxes on goods and services,12.033
2017,New Zealand,Taxes on goods and services,12.033
2018,New Zealand,Taxes on goods and services,12.18
2019,New Zealand,Taxes on goods and services,12.158
2020,New Zealand,Taxes on goods and services,12.819
2021,New Zealand,Taxes on goods and services,12.399
2022,New Zealand,Taxes on goods and services,11.921
2023,New Zealand,Taxes on goods and services,12.046
1990,Norway,Taxes on goods and services,14.502
1991,Norway,Taxes on goods and services,14.353
1992,Norway,Taxes on goods and services,14.992
1993,Norway,Taxes on goods and services,15.047
1994,Norway,Taxes on goods and services,15.554
1995,Norway,Taxes on goods and services,14.995
1996,Norway,Taxes on goods and services,14.677
1997,Norway,Taxes on goods and services,14.664
1998,Norway,Taxes on goods and services,15.377
1999,Norway,Taxes on goods and services,15.179
2000,Norway,Taxes on goods and services,13.251
2001,Norway,Taxes on goods and services,13.065
2002,Norway,Taxes on goods and services,13.185
2003,Norway,Taxes on goods and services,12.792
2004,Norway,Taxes on goods and services,12.48
2005,Norway,Taxes on goods and services,11.908
2006,Norway,Taxes on goods and services,11.799
2007,Norway,Taxes on goods and services,12.077
2008,Norway,Taxes on goods and services,10.81
2009,Norway,Taxes on goods and services,11.603
2010,Norway,Taxes on goods and services,11.652
2011,Norway,Taxes on goods and services,11.187
2012,Norway,Taxes on goods and services,10.975
2013,Norway,Taxes on goods and services,11.067
2014,Norway,Taxes on goods and services,11.225
2015,Norway,Taxes on goods and services,11.677
2016,Norway,Taxes on goods and services,12.272
2017,Norway,Taxes on goods and services,12.019
2018,Norway,Taxes on goods and services,11.648
2019,Norway,Taxes on goods and services,11.78
2020,Norway,Taxes on goods and services,12.251
2021,Norway,Taxes on goods and services,10.513
2022,Norway,Taxes on goods and services,8.456
2023,Norway,Taxes on goods and services,9.598
1991,Poland,Taxes on goods and services,8.738
1992,Poland,Taxes on goods and services,10.316
1993,Poland,Taxes on goods and services,12.93
1994,Poland,Taxes on goods and services,12.832
1995,Poland,Taxes on goods and services,12.99
1996,Poland,Taxes on goods and services,13.192
1997,Poland,Taxes on goods and services,12.719
1998,Poland,Taxes on goods and services,12.04
1999,Poland,Taxes on goods and services,12.439
2000,Poland,Taxes on goods and services,11.607
2001,Poland,Taxes on goods and services,11.515
2002,Poland,Taxes on goods and services,12.163
2003,Poland,Taxes on goods and services,12.2
2004,Poland,Taxes on goods and services,12.172
2005,Poland,Taxes on goods and services,12.636
2006,Poland,Taxes on goods and services,12.899
2007,Poland,Taxes on goods and services,13.194
2008,Poland,Taxes on goods and services,13.331
2009,Poland,Taxes on goods and services,11.851
2010,Poland,Taxes on goods and services,12.746
2011,Poland,Taxes on goods and services,12.845
2012,Poland,Taxes on goods and services,12.043
2013,Poland,Taxes on goods and services,11.887
2014,Poland,Taxes on goods and services,11.929
2015,Poland,Taxes on goods and services,11.908
2016,Poland,Taxes on goods and services,12.447
2017,Poland,Taxes on goods and services,12.806
2018,Poland,Taxes on goods and services,13.039
2019,Poland,Taxes on goods and services,12.853
2020,Poland,Taxes on goods and services,12.877
2021,Poland,Taxes on goods and services,13.899
2022,Poland,Taxes on goods and services,12.557
2023,Poland,Taxes on goods and services,11.021
1990,Portugal,Taxes on goods and services,11.711
1991,Portugal,Taxes on goods and services,11.659
1992,Portugal,Taxes on goods and services,12.712
1993,Portugal,Taxes on goods and services,11.997
1994,Portugal,Taxes on goods and services,12.883
1995,Portugal,Taxes on goods and services,12.863
1996,Portugal,Taxes on goods and services,13.065
1997,Portugal,Taxes on goods and services,12.744
1998,Portugal,Taxes on goods and services,13.085
1999,Portugal,Taxes on goods and services,13.194
2000,Portugal,Taxes on goods and services,12.68
2001,Portugal,Taxes on goods and services,12.727
2002,Portugal,Taxes on goods and services,13.118
2003,Portugal,Taxes on goods and services,13.1
2004,Portugal,Taxes on goods and services,13.047
2005,Portugal,Taxes on goods and services,13.694
2006,Portugal,Taxes on goods and services,13.903
2007,Portugal,Taxes on goods and services,13.388
2008,Portugal,Taxes on goods and services,13.037
2009,Portugal,Taxes on goods and services,11.672
2010,Portugal,Taxes on goods and services,12.381
2011,Portugal,Taxes on goods and services,13.001
2012,Portugal,Taxes on goods and services,13.097
2013,Portugal,Taxes on goods and services,12.878
2014,Portugal,Taxes on goods and services,13.224
2015,Portugal,Taxes on goods and services,13.463
2016,Portugal,Taxes on goods and services,13.681
2017,Portugal,Taxes on goods and services,13.814
2018,Portugal,Taxes on goods and services,13.884
2019,Portugal,Taxes on goods and services,13.852
2020,Portugal,Taxes on goods and services,13.316
2021,Portugal,Taxes on goods and services,13.705
2022,Portugal,Taxes on goods and services,13.782
2023,Portugal,Taxes on goods and services,13.329
1995,Slovak Republic,Taxes on goods and services,14.161
1996,Slovak Republic,Taxes on goods and services,13.536
1997,Slovak Republic,Taxes on goods and services,12.616
1998,Slovak Republic,Taxes on goods and services,12.478
1999,Slovak Republic,Taxes on goods and services,12.037
2000,Slovak Republic,Taxes on goods and services,12.205
2001,Slovak Republic,Taxes on goods and services,11.094
2002,Slovak Republic,Taxes on goods and services,11.294
2003,Slovak Republic,Taxes on goods and services,11.802
2004,Slovak Republic,Taxes on goods and services,12.147
2005,Slovak Republic,Taxes on goods and services,12.487
2006,Slovak Republic,Taxes on goods and services,11.345
2007,Slovak Republic,Taxes on goods and services,11.277
2008,Slovak Republic,Taxes on goods and services,10.681
2009,Slovak Republic,Taxes on goods and services,10.614
2010,Slovak Republic,Taxes on goods and services,10.365
2011,Slovak Republic,Taxes on goods and services,11.229
2012,Slovak Republic,Taxes on goods and services,10.67
2013,Slovak Republic,Taxes on goods and services,11.325
2014,Slovak Republic,Taxes on goods and services,11.544
2015,Slovak Republic,Taxes on goods and services,11.575
2016,Slovak Republic,Taxes on goods and services,11.549
2017,Slovak Republic,Taxes on goods and services,11.975
2018,Slovak Republic,Taxes on goods and services,11.9
2019,Slovak Republic,Taxes on goods and services,12.168
2020,Slovak Republic,Taxes on goods and services,12.09
2021,Slovak Republic,Taxes on goods and services,12.058
2022,Slovak Republic,Taxes on goods and services,12.336
2023,Slovak Republic,Taxes on goods and services,12.35
1995,Slovenia,Taxes on goods and services,14.786
1996,Slovenia,Taxes on goods and services,14.549
1997,Slovenia,Taxes on goods and services,13.563
1998,Slovenia,Taxes on goods and services,14.138
1999,Slovenia,Taxes on goods and services,14.658
2000,Slovenia,Taxes on goods and services,13.804
2001,Slovenia,Taxes on goods and services,13.347
2002,Slovenia,Taxes on goods and services,13.674
2003,Slovenia,Taxes on goods and services,13.744
2004,Slovenia,Taxes on goods and services,13.515
2005,Slovenia,Taxes on goods and services,13.501
2006,Slovenia,Taxes on goods and services,13.243
2007,Slovenia,Taxes on goods and services,13.231
2008,Slovenia,Taxes on goods and services,13.176
2009,Slovenia,Taxes on goods and services,13.414
2010,Slovenia,Taxes on goods and services,13.897
2011,Slovenia,Taxes on goods and services,13.851
2012,Slovenia,Taxes on goods and services,14.239
2013,Slovenia,Taxes on goods and services,14.782
2014,Slovenia,Taxes on goods and services,14.761
2015,Slovenia,Taxes on goods and services,14.685
2016,Slovenia,Taxes on goods and services,14.482
2017,Slovenia,Taxes on goods and services,14.094
2018,Slovenia,Taxes on goods and services,13.857
2019,Slovenia,Taxes on goods and services,14.05
2020,Slovenia,Taxes on goods and services,12.851
2021,Slovenia,Taxes on goods and services,13.334
2022,Slovenia,Taxes on goods and services,13.213
2023,Slovenia,Taxes on goods and services,12.943
1990,Spain,Taxes on goods and services,8.956
1991,Spain,Taxes on goods and services,9.019
1992,Spain,Taxes on goods and services,9.431
1993,Spain,Taxes on goods and services,8.697
1994,Spain,Taxes on goods and services,9.136
1995,Spain,Taxes on goods and services,9.151
1996,Spain,Taxes on goods and services,9.209
1997,Spain,Taxes on goods and services,9.379
1998,Spain,Taxes on goods and services,10.033
1999,Spain,Taxes on goods and services,10.283
2000,Spain,Taxes on goods and services,10.104
2001,Spain,Taxes on goods and services,9.802
2002,Spain,Taxes on goods and services,9.613
2003,Spain,Taxes on goods and services,9.656
2004,Spain,Taxes on goods and services,9.908
2005,Spain,Taxes on goods and services,10.113
2006,Spain,Taxes on goods and services,10.005
2007,Spain,Taxes on goods and services,9.515
2008,Spain,Taxes on goods and services,8.126
2009,Spain,Taxes on goods and services,6.804
2010,Spain,Taxes on goods and services,8.608
2011,Spain,Taxes on goods and services,8.443
2012,Spain,Taxes on goods and services,8.948
2013,Spain,Taxes on goods and services,9.702
2014,Spain,Taxes on goods and services,10.015
2015,Spain,Taxes on goods and services,10.311
2016,Spain,Taxes on goods and services,10.159
2017,Spain,Taxes on goods and services,10.152
2018,Spain,Taxes on goods and services,10.217
2019,Spain,Taxes on goods and services,10.024
2020,Spain,Taxes on goods and services,9.857
2021,Spain,Taxes on goods and services,10.372
2022,Spain,Taxes on goods and services,10.384
2023,Spain,Taxes on goods and services,9.999
1990,Sweden,Taxes on goods and services,12.194
1991,Sweden,Taxes on goods and services,12.384
1992,Sweden,Taxes on goods and services,11.53
1993,Sweden,Taxes on goods and services,11.922
1994,Sweden,Taxes on goods and services,11.37
1995,Sweden,Taxes on goods and services,12.693
1996,Sweden,Taxes on goods and services,12.238
1997,Sweden,Taxes on goods and services,12.208
1998,Sweden,Taxes on goods and services,12.05
1999,Sweden,Taxes on goods and services,11.964
2000,Sweden,Taxes on goods and services,12.106
2001,Sweden,Taxes on goods and services,12.037
2002,Sweden,Taxes on goods and services,12.094
2003,Sweden,Taxes on goods and services,12.169
2004,Sweden,Taxes on goods and services,12.018
2005,Sweden,Taxes on goods and services,12.278
2006,Sweden,Taxes on goods and services,12.126
2007,Sweden,Taxes on goods and services,12.108
2008,Sweden,Taxes on goods and services,12.412
2009,Sweden,Taxes on goods and services,12.846
2010,Sweden,Taxes on goods and services,12.824
2011,Sweden,Taxes on goods and services,12.433
2012,Sweden,Taxes on goods and services,12.342
2013,Sweden,Taxes on goods and services,12.262
2014,Sweden,Taxes on goods and services,12.152
2015,Sweden,Taxes on goods and services,12.157
2016,Sweden,Taxes on goods and services,12.502
2017,Sweden,Taxes on goods and services,12.442
2018,Sweden,Taxes on goods and services,12.451
2019,Sweden,Taxes on goods and services,12.123
2020,Sweden,Taxes on goods and services,12.109
2021,Sweden,Taxes on goods and services,11.947
2022,Sweden,Taxes on goods and services,12.233
2023,Sweden,Taxes on goods and services,11.747
1990,Switzerland,Taxes on goods and services,4.847
1991,Switzerland,Taxes on goods and services,4.791
1992,Switzerland,Taxes on goods and services,4.675
1993,Switzerland,Taxes on goods and services,4.747
1994,Switzerland,Taxes on goods and services,4.721
1995,Switzerland,Taxes on goods and services,5.43
1996,Switzerland,Taxes on goods and services,5.357
1997,Switzerland,Taxes on goods and services,5.331
1998,Switzerland,Taxes on goods and services,5.519
1999,Switzerland,Taxes on goods and services,5.932
2000,Switzerland,Taxes on goods and services,5.999
2001,Switzerland,Taxes on goods and services,5.972
2002,Switzerland,Taxes on goods and services,5.92
2003,Switzerland,Taxes on goods and services,5.997
2004,Switzerland,Taxes on goods and services,6.028
2005,Switzerland,Taxes on goods and services,5.94
2006,Switzerland,Taxes on goods and services,5.822
2007,Switzerland,Taxes on goods and services,5.768
2008,Switzerland,Taxes on goods and services,5.735
2009,Switzerland,Taxes on goods and services,5.748
2010,Switzerland,Taxes on goods and services,5.821
2011,Switzerland,Taxes on goods and services,5.823
2012,Switzerland,Taxes on goods and services,5.863
2013,Switzerland,Taxes on goods and services,5.822
2014,Switzerland,Taxes on goods and services,5.758
2015,Switzerland,Taxes on goods and services,5.742
2016,Switzerland,Taxes on goods and services,5.688
2017,Switzerland,Taxes on goods and services,5.763
2018,Switzerland,Taxes on goods and services,5.568
2019,Switzerland,Taxes on goods and services,5.504
2020,Switzerland,Taxes on goods and services,5.583
2021,Switzerland,Taxes on goods and services,5.489
2022,Switzerland,Taxes on goods and services,5.365
2023,Switzerland,Taxes on goods and services,5.414
1990,Türkiye,Taxes on goods and services,4.059
1991,Türkiye,Taxes on goods and services,4.457
1992,Türkiye,Taxes on goods and services,4.848
1993,Türkiye,Taxes on goods and services,5.234
1994,Türkiye,Taxes on goods and services,5.993
1995,Türkiye,Taxes on goods and services,6.154
1996,Türkiye,Taxes on goods and services,7.066
1997,Türkiye,Taxes on goods and services,7.512
1998,Türkiye,Taxes on goods and services,7.429
1999,Türkiye,Taxes on goods and services,8.085
2000,Türkiye,Taxes on goods and services,9.855
2001,Türkiye,Taxes on goods and services,10.171
2002,Türkiye,Taxes on goods and services,11.177
2003,Türkiye,Taxes on goods and services,12.347
2004,Türkiye,Taxes on goods and services,11.019
2005,Türkiye,Taxes on goods and services,11.408
2006,Türkiye,Taxes on goods and services,11.383
2007,Türkiye,Taxes on goods and services,10.901
2008,Türkiye,Taxes on goods and services,10.439
2009,Türkiye,Taxes on goods and services,10.645
2010,Türkiye,Taxes on goods and services,11.754
2011,Türkiye,Taxes on goods and services,11.627
2012,Türkiye,Taxes on goods and services,11.148
2013,Türkiye,Taxes on goods and services,11.586
2014,Türkiye,Taxes on goods and services,10.786
2015,Türkiye,Taxes on goods and services,11.058
2016,Türkiye,Taxes on goods and services,10.963
2017,Türkiye,Taxes on goods and services,10.73
2018,Türkiye,Taxes on goods and services,9.704
2019,Türkiye,Taxes on goods and services,9.011
2020,Türkiye,Taxes on goods and services,10.246
2021,Türkiye,Taxes on goods and services,9.597
2022,Türkiye,Taxes on goods and services,9.127
2023,Türkiye,Taxes on goods and services,10.692
1990,United Kingdom,Taxes on goods and services,10.197
1991,United Kingdom,Taxes on goods and services,10.527
1992,United Kingdom,Taxes on goods and services,10.725
1993,United Kingdom,Taxes on goods and services,10.529
1994,United Kingdom,Taxes on goods and services,10.766
1995,United Kingdom,Taxes on goods and services,10.333
1996,United Kingdom,Taxes on goods and services,10.347
1997,United Kingdom,Taxes on goods and services,10.392
1998,United Kingdom,Taxes on goods and services,10.535
1999,United Kingdom,Taxes on goods and services,10.731
2000,United Kingdom,Taxes on goods and services,10.519
2001,United Kingdom,Taxes on goods and services,10.304
2002,United Kingdom,Taxes on goods and services,10.364
2003,United Kingdom,Taxes on goods and services,10.399
2004,United Kingdom,Taxes on goods and services,10.369
2005,United Kingdom,Taxes on goods and services,9.947
2006,United Kingdom,Taxes on goods and services,9.803
2007,United Kingdom,Taxes on goods and services,9.795
2008,United Kingdom,Taxes on goods and services,9.631
2009,United Kingdom,Taxes on goods and services,9.284
2010,United Kingdom,Taxes on goods and services,10.169
2011,United Kingdom,Taxes on goods and services,11.018
2012,United Kingdom,Taxes on goods and services,10.901
2013,United Kingdom,Taxes on goods and services,10.858
2014,United Kingdom,Taxes on goods and services,10.816
2015,United Kingdom,Taxes on goods and services,10.863
2016,United Kingdom,Taxes on goods and services,10.814
2017,United Kingdom,Taxes on goods and services,10.72
2018,United Kingdom,Taxes on goods and services,10.725
2019,United Kingdom,Taxes on goods and services,10.688
2020,United Kingdom,Taxes on goods and services,10.244
2021,United Kingdom,Taxes on goods and services,10.409
2022,United Kingdom,Taxes on goods and services,10.828
2023,United Kingdom,Taxes on goods and services,10.597
1990,United States,Taxes on goods and services,4.55
1991,United States,Taxes on goods and services,4.702
1992,United States,Taxes on goods and services,4.722
1993,United States,Taxes on goods and services,4.733
1994,United States,Taxes on goods and services,4.873
1995,United States,Taxes on goods and services,4.779
1996,United States,Taxes on goods and services,4.674
1997,United States,Taxes on goods and services,4.639
1998,United States,Taxes on goods and services,4.61
1999,United States,Taxes on goods and services,4.571
2000,United States,Taxes on goods and services,4.526
2001,United States,Taxes on goods and services,4.435
2002,United States,Taxes on goods and services,4.383
2003,United States,Taxes on goods and services,4.377
2004,United States,Taxes on goods and services,4.44
2005,United States,Taxes on goods and services,4.493
2006,United States,Taxes on goods and services,4.477
2007,United States,Taxes on goods and services,4.371
2008,United States,Taxes on goods and services,4.324
2009,United States,Taxes on goods and services,4.139
2010,United States,Taxes on goods and services,4.222
2011,United States,Taxes on goods and services,4.332
2012,United States,Taxes on goods and services,4.325
2013,United States,Taxes on goods and services,4.385
2014,United States,Taxes on goods and services,4.392
2015,United States,Taxes on goods and services,4.33
2016,United States,Taxes on goods and services,4.29
2017,United States,Taxes on goods and services,4.268
2018,United States,Taxes on goods and services,4.415
2019,United States,Taxes on goods and services,4.433
2020,United States,Taxes on goods and services,4.318
2021,United States,Taxes on goods and services,4.469
2022,United States,Taxes on goods and services,4.487
2023,United States,Taxes on goods and services,4.224
1990,Argentina,Taxes on goods and services,7.314
1991,Argentina,Taxes on goods and services,7.762
1992,Argentina,Taxes on goods and services,9.948
1993,Argentina,Taxes on goods and services,10.78
1994,Argentina,Taxes on goods and services,10.628
1995,Argentina,Taxes on goods and services,10.096
1996,Argentina,Taxes on goods and services,10.457
1997,Argentina,Taxes on goods and services,11.052
1998,Argentina,Taxes on goods and services,11.102
1999,Argentina,Taxes on goods and services,10.893
2000,Argentina,Taxes on goods and services,10.87
2001,Argentina,Taxes on goods and services,9.744
2002,Argentina,Taxes on goods and services,9.809
2003,Argentina,Taxes on goods and services,11.6
2004,Argentina,Taxes on goods and services,13.433
2005,Argentina,Taxes on goods and services,13.383
2006,Argentina,Taxes on goods and services,13.605
2007,Argentina,Taxes on goods and services,14.307
2008,Argentina,Taxes on goods and services,15.242
2009,Argentina,Taxes on goods and services,15.093
2010,Argentina,Taxes on goods and services,15.231
2011,Argentina,Taxes on goods and services,15.009
2012,Argentina,Taxes on goods and services,15.456
2013,Argentina,Taxes on goods and services,15.458
2014,Argentina,Taxes on goods and services,15.406
2015,Argentina,Taxes on goods and services,14.935
2016,Argentina,Taxes on goods and services,14.301
2017,Argentina,Taxes on goods and services,14.364
2018,Argentina,Taxes on goods and services,14.377
2019,Argentina,Taxes on goods and services,14.886
2020,Argentina,Taxes on goods and services,15.186
2021,Argentina,Taxes on goods and services,15.607
2022,Argentina,Taxes on goods and services,15.534
2023,Argentina,Taxes on goods and services,15.247
1990,Brazil,Taxes on goods and services,13.544
1991,Brazil,Taxes on goods and services,11.311
1992,Brazil,Taxes on goods and services,11.447
1993,Brazil,Taxes on goods and services,11.906
1994,Brazil,Taxes on goods and services,14.208
1995,Brazil,Taxes on goods and services,13.02
1996,Brazil,Taxes on goods and services,12.503
1997,Brazil,Taxes on goods and services,12.161
1998,Brazil,Taxes on goods and services,11.775
1999,Brazil,Taxes on goods and services,13.124
2000,Brazil,Taxes on goods and services,14.109
2001,Brazil,Taxes on goods and services,14.633
2002,Brazil,Taxes on goods and services,14.793
2003,Brazil,Taxes on goods and services,14.484
2004,Brazil,Taxes on goods and services,15.21
2005,Brazil,Taxes on goods and services,15.285
2006,Brazil,Taxes on goods and services,15.017
2007,Brazil,Taxes on goods and services,14.954
2008,Brazil,Taxes on goods and services,15.444
2009,Brazil,Taxes on goods and services,14.215
2010,Brazil,Taxes on goods and services,15.016
2011,Brazil,Taxes on goods and services,15.062
2012,Brazil,Taxes on goods and services,14.801
2013,Brazil,Taxes on goods and services,14.782
2014,Brazil,Taxes on goods and services,14.247
2015,Brazil,Taxes on goods and services,14.217
2016,Brazil,Taxes on goods and services,13.801
2017,Brazil,Taxes on goods and services,14.142
2018,Brazil,Taxes on goods and services,14.576
2019,Brazil,Taxes on goods and services,14.197
2020,Brazil,Taxes on goods and services,13.784
2021,Brazil,Taxes on goods and services,14.541
2022,Brazil,Taxes on goods and services,13.515
2023,Brazil,Taxes on goods and services,13.034
1995,Bulgaria,Taxes on goods and services,8.402
1996,Bulgaria,Taxes on goods and services,8.944
1997,Bulgaria,Taxes on goods and services,9.473
1998,Bulgaria,Taxes on goods and services,12.397
1999,Bulgaria,Taxes on goods and services,12.655
2000,Bulgaria,Taxes on goods and services,13.308
2001,Bulgaria,Taxes on goods and services,12.812
2002,Bulgaria,Taxes on goods and services,12.01
2003,Bulgaria,Taxes on goods and services,13.822
2004,Bulgaria,Taxes on goods and services,15.399
2005,Bulgaria,Taxes on goods and services,15.806
2006,Bulgaria,Taxes on goods and services,16.373
2007,Bulgaria,Taxes on goods and services,16.012
2008,Bulgaria,Taxes on goods and services,16.847
2009,Bulgaria,Taxes on goods and services,14.123
2010,Bulgaria,Taxes on goods and services,13.707
2011,Bulgaria,Taxes on goods and services,13.763
2012,Bulgaria,Taxes on goods and services,14.281
