TIME_PERIOD,REF_AREA,MEASURE,UNIT_MEASURE,TRANSFORMATION,ADJUSTMENT,SEX,AGE,ACTIVITY,FREQ,value
1990,JPN,Labour force,Persons,Not applicable,Calendar and seasonally adjusted,Total,From 15 to 64 years,Not applicable,Annual,60235.0
1991,JPN,Labour force,Persons,Not applicable,Calendar and seasonally adjusted,Total,From 15 to 64 years,Not applicable,Annual,61160.0
1992,JPN,Labour force,Persons,Not applicable,Calendar and seasonally adjusted,Total,From 15 to 64 years,Not applicable,Annual,61689.17
1993,JPN,Labour force,Persons,Not applicable,Calendar and seasonally adjusted,Total,From 15 to 64 years,Not applicable,Annual,61980.83
1994,JPN,Labour force,Persons,Not applicable,Calendar and seasonally adjusted,Total,From 15 to 64 years,Not applicable,Annual,62112.5
1995,JPN,Labour force,Persons,Not applicable,Calendar and seasonally adjusted,Total,From 15 to 64 years,Not applicable,Annual,62215.83
1996,JPN,Labour force,Persons,Not applicable,Calendar and seasonally adjusted,Total,From 15 to 64 years,Not applicable,Annual,62556.67
1997,JPN,Labour force,Persons,Not applicable,Calendar and seasonally adjusted,Total,From 15 to 64 years,Not applicable,Annual,63116.67
1998,JPN,Labour force,Persons,Not applicable,Calendar and seasonally adjusted,Total,From 15 to 64 years,Not applicable,Annual,63074.17
1999,JPN,Labour force,Persons,Not applicable,Calendar and seasonally adjusted,Total,From 15 to 64 years,Not applicable,Annual,62860.0
2000,JPN,Labour force,Persons,Not applicable,Calendar and seasonally adjusted,Total,From 15 to 64 years,Not applicable,Annual,62729.17
2001,JPN,Labour force,Persons,Not applicable,Calendar and seasonally adjusted,Total,From 15 to 64 years,Not applicable,Annual,62596.67
2002,JPN,Labour force,Persons,Not applicable,Calendar and seasonally adjusted,Total,From 15 to 64 years,Not applicable,Annual,62015.83
2003,JPN,Labour force,Persons,Not applicable,Calendar and seasonally adjusted,Total,From 15 to 64 years,Not applicable,Annual,61780.0
2004,JPN,Labour force,Persons,Not applicable,Calendar and seasonally adjusted,Total,From 15 to 64 years,Not applicable,Annual,61520.0
2005,JPN,Labour force,Persons,Not applicable,Calendar and seasonally adjusted,Total,From 15 to 64 years,Not applicable,Annual,61461.67
2006,JPN,Labour force,Persons,Not applicable,Calendar and seasonally adjusted,Total,From 15 to 64 years,Not applicable,Annual,61428.33
2007,JPN,Labour force,Persons,Not applicable,Calendar and seasonally adjusted,Total,From 15 to 64 years,Not applicable,Annual,61353.33
2008,JPN,Labour force,Persons,Not applicable,Calendar and seasonally adjusted,Total,From 15 to 64 years,Not applicable,Annual,61085.0
2009,JPN,Labour force,Persons,Not applicable,Calendar and seasonally adjusted,Total,From 15 to 64 years,Not applicable,Annual,60708.33
2010,JPN,Labour force,Persons,Not applicable,Calendar and seasonally adjusted,Total,From 15 to 64 years,Not applicable,Annual,60470.83
2012,JPN,Labour force,Persons,Not applicable,Calendar and seasonally adjusted,Total,From 15 to 64 years,Not applicable,Annual,59550.83
2013,JPN,Labour force,Persons,Not applicable,Calendar and seasonally adjusted,Total,From 15 to 64 years,Not applicable,Annual,59411.67
2014,JPN,Labour force,Persons,Not applicable,Calendar and seasonally adjusted,Total,From 15 to 64 years,Not applicable,Annual,59106.67
2015,JPN,Labour force,Persons,Not applicable,Calendar and seasonally adjusted,Total,From 15 to 64 years,Not applicable,Annual,58779.17
2016,JPN,Labour force,Persons,Not applicable,Calendar and seasonally adjusted,Total,From 15 to 64 years,Not applicable,Annual,58874.17
2017,JPN,Labour force,Persons,Not applicable,Calendar and seasonally adjusted,Total,From 15 to 64 years,Not applicable,Annual,58985.0
2018,JPN,Labour force,Persons,Not applicable,Calendar and seasonally adjusted,Total,From 15 to 64 years,Not applicable,Annual,59546.67
2019,JPN,Labour force,Persons,Not applicable,Calendar and seasonally adjusted,Total,From 15 to 64 years,Not applicable,Annual,59795.83
2020,JPN,Labour force,Persons,Not applicable,Calendar and seasonally adjusted,Total,From 15 to 64 years,Not applicable,Annual,59571.67
2021,JPN,Labour force,Persons,Not applicable,Calendar and seasonally adjusted,Total,From 15 to 64 years,Not applicable,Annual,59805.83
2022,JPN,Labour force,Persons,Not applicable,Calendar and seasonally adjusted,Total,From 15 to 64 years,Not applicable,Annual,59745.83
2023,JPN,Labour force,Persons,Not applicable,Calendar and seasonally adjusted,Total,From 15 to 64 years,Not applicable,Annual,59946.67
1990,USA,Labour force,Persons,Not applicable,Calendar and seasonally adjusted,Total,From 15 to 64 years,Not applicable,Annual,122389.3
1991,USA,Labour force,Persons,Not applicable,Calendar and seasonally adjusted,Total,From 15 to 64 years,Not applicable,Annual,122933.2
1992,USA,Labour force,Persons,Not applicable,Calendar and seasonally adjusted,Total,From 15 to 64 years,Not applicable,Annual,124631.8
1993,USA,Labour force,Persons,Not applicable,Calendar and seasonally adjusted,Total,From 15 to 64 years,Not applicable,Annual,125760.8
1994,USA,Labour force,Persons,Not applicable,Calendar and seasonally adjusted,Total,From 15 to 64 years,Not applicable,Annual,127226.8
1995,USA,Labour force,Persons,Not applicable,Calendar and seasonally adjusted,Total,From 15 to 64 years,Not applicable,Annual,128484.5
1996,USA,Labour force,Persons,Not applicable,Calendar and seasonally adjusted,Total,From 15 to 64 years,Not applicable,Annual,130115.1
1997,USA,Labour force,Persons,Not applicable,Calendar and seasonally adjusted,Total,From 15 to 64 years,Not applicable,Annual,132409.5
1998,USA,Labour force,Persons,Not applicable,Calendar and seasonally adjusted,Total,From 15 to 64 years,Not applicable,Annual,133826.5
1999,USA,Labour force,Persons,Not applicable,Calendar and seasonally adjusted,Total,From 15 to 64 years,Not applicable,Annual,135362.4
2000,USA,Labour force,Persons,Not applicable,Calendar and seasonally adjusted,Total,From 15 to 64 years,Not applicable,Annual,138271.1
2001,USA,Labour force,Persons,Not applicable,Calendar and seasonally adjusted,Total,From 15 to 64 years,Not applicable,Annual,139352.0
2002,USA,Labour force,Persons,Not applicable,Calendar and seasonally adjusted,Total,From 15 to 64 years,Not applicable,Annual,140394.5
2003,USA,Labour force,Persons,Not applicable,Calendar and seasonally adjusted,Total,From 15 to 64 years,Not applicable,Annual,141718.0
2004,USA,Labour force,Persons,Not applicable,Calendar and seasonally adjusted,Total,From 15 to 64 years,Not applicable,Annual,142403.5
2005,USA,Labour force,Persons,Not applicable,Calendar and seasonally adjusted,Total,From 15 to 64 years,Not applicable,Annual,144042.4
2006,USA,Labour force,Persons,Not applicable,Calendar and seasonally adjusted,Total,From 15 to 64 years,Not applicable,Annual,145943.9
2007,USA,Labour force,Persons,Not applicable,Calendar and seasonally adjusted,Total,From 15 to 64 years,Not applicable,Annual,147320.6
2008,USA,Labour force,Persons,Not applicable,Calendar and seasonally adjusted,Total,From 15 to 64 years,Not applicable,Annual,148043.3
2009,USA,Labour force,Persons,Not applicable,Calendar and seasonally adjusted,Total,From 15 to 64 years,Not applicable,Annual,147607.6
2010,USA,Labour force,Persons,Not applicable,Calendar and seasonally adjusted,Total,From 15 to 64 years,Not applicable,Annual,147171.1
2011,USA,Labour force,Persons,Not applicable,Calendar and seasonally adjusted,Total,From 15 to 64 years,Not applicable,Annual,146504.8
2012,USA,Labour force,Persons,Not applicable,Calendar and seasonally adjusted,Total,From 15 to 64 years,Not applicable,Annual,147247.4
2013,USA,Labour force,Persons,Not applicable,Calendar and seasonally adjusted,Total,From 15 to 64 years,Not applicable,Annual,147273.3
2014,USA,Labour force,Persons,Not applicable,Calendar and seasonally adjusted,Total,From 15 to 64 years,Not applicable,Annual,147564.0
2015,USA,Labour force,Persons,Not applicable,Calendar and seasonally adjusted,Total,From 15 to 64 years,Not applicable,Annual,148328.7
2016,USA,Labour force,Persons,Not applicable,Calendar and seasonally adjusted,Total,From 15 to 64 years,Not applicable,Annual,149915.7
2017,USA,Labour force,Persons,Not applicable,Calendar and seasonally adjusted,Total,From 15 to 64 years,Not applicable,Annual,150742.5
2018,USA,Labour force,Persons,Not applicable,Calendar and seasonally adjusted,Total,From 15 to 64 years,Not applicable,Annual,152042.5
2019,USA,Labour force,Persons,Not applicable,Calendar and seasonally adjusted,Total,From 15 to 64 years,Not applicable,Annual,152875.1
2020,USA,Labour force,Persons,Not applicable,Calendar and seasonally adjusted,Total,From 15 to 64 years,Not applicable,Annual,150129.6
2021,USA,Labour force,Persons,Not applicable,Calendar and seasonally adjusted,Total,From 15 to 64 years,Not applicable,Annual,150604.3
2022,USA,Labour force,Persons,Not applicable,Calendar and seasonally adjusted,Total,From 15 to 64 years,Not applicable,Annual,153389.8
2023,USA,Labour force,Persons,Not applicable,Calendar and seasonally adjusted,Total,From 15 to 64 years,Not applicable,Annual,155920.7
1990,CAN,Labour force,Persons,Not applicable,Calendar and seasonally adjusted,Total,From 15 to 64 years,Not applicable,Annual,14052.17
1991,CAN,Labour force,Persons,Not applicable,Calendar and seasonally adjusted,Total,From 15 to 64 years,Not applicable,Annual,14137.26
1992,CAN,Labour force,Persons,Not applicable,Calendar and seasonally adjusted,Total,From 15 to 64 years,Not applicable,Annual,14137.96
1993,CAN,Labour force,Persons,Not applicable,Calendar and seasonally adjusted,Total,From 15 to 64 years,Not applicable,Annual,14241.53
1994,CAN,Labour force,Persons,Not applicable,Calendar and seasonally adjusted,Total,From 15 to 64 years,Not applicable,Annual,14364.33
1995,CAN,Labour force,Persons,Not applicable,Calendar and seasonally adjusted,Total,From 15 to 64 years,Not applicable,Annual,14487.59
1996,CAN,Labour force,Persons,Not applicable,Calendar and seasonally adjusted,Total,From 15 to 64 years,Not applicable,Annual,14644.6
1997,CAN,Labour force,Persons,Not applicable,Calendar and seasonally adjusted,Total,From 15 to 64 years,Not applicable,Annual,14866.09
1998,CAN,Labour force,Persons,Not applicable,Calendar and seasonally adjusted,Total,From 15 to 64 years,Not applicable,Annual,15091.13
1999,CAN,Labour force,Persons,Not applicable,Calendar and seasonally adjusted,Total,From 15 to 64 years,Not applicable,Annual,15366.07
2000,CAN,Labour force,Persons,Not applicable,Calendar and seasonally adjusted,Total,From 15 to 64 years,Not applicable,Annual,15626.87
2001,CAN,Labour force,Persons,Not applicable,Calendar and seasonally adjusted,Total,From 15 to 64 years,Not applicable,Annual,15873.93
2002,CAN,Labour force,Persons,Not applicable,Calendar and seasonally adjusted,Total,From 15 to 64 years,Not applicable,Annual,16312.93
2003,CAN,Labour force,Persons,Not applicable,Calendar and seasonally adjusted,Total,From 15 to 64 years,Not applicable,Annual,16661.38
2004,CAN,Labour force,Persons,Not applicable,Calendar and seasonally adjusted,Total,From 15 to 64 years,Not applicable,Annual,16852.43
2005,CAN,Labour force,Persons,Not applicable,Calendar and seasonally adjusted,Total,From 15 to 64 years,Not applicable,Annual,16972.82
2006,CAN,Labour force,Persons,Not applicable,Calendar and seasonally adjusted,Total,From 15 to 64 years,Not applicable,Annual,17217.21
2007,CAN,Labour force,Persons,Not applicable,Calendar and seasonally adjusted,Total,From 15 to 64 years,Not applicable,Annual,17493.56
2008,CAN,Labour force,Persons,Not applicable,Calendar and seasonally adjusted,Total,From 15 to 64 years,Not applicable,Annual,17713.35
2009,CAN,Labour force,Persons,Not applicable,Calendar and seasonally adjusted,Total,From 15 to 64 years,Not applicable,Annual,17842.07
2010,CAN,Labour force,Persons,Not applicable,Calendar and seasonally adjusted,Total,From 15 to 64 years,Not applicable,Annual,17978.82
1990,AUS,Labour force,Persons,Not applicable,Calendar and seasonally adjusted,Total,From 15 to 64 years,Not applicable,Annual,8343.032
1991,AUS,Labour force,Persons,Not applicable,Calendar and seasonally adjusted,Total,From 15 to 64 years,Not applicable,Annual,8381.284
1992,AUS,Labour force,Persons,Not applicable,Calendar and seasonally adjusted,Total,From 15 to 64 years,Not applicable,Annual,8448.01
1993,AUS,Labour force,Persons,Not applicable,Calendar and seasonally adjusted,Total,From 15 to 64 years,Not applicable,Annual,8490.093
1994,AUS,Labour force,Persons,Not applicable,Calendar and seasonally adjusted,Total,From 15 to 64 years,Not applicable,Annual,8638.902
1995,AUS,Labour force,Persons,Not applicable,Calendar and seasonally adjusted,Total,From 15 to 64 years,Not applicable,Annual,8827.757
1996,AUS,Labour force,Persons,Not applicable,Calendar and seasonally adjusted,Total,From 15 to 64 years,Not applicable,Annual,8948.473
1997,AUS,Labour force,Persons,Not applicable,Calendar and seasonally adjusted,Total,From 15 to 64 years,Not applicable,Annual,8998.485
1998,AUS,Labour force,Persons,Not applicable,Calendar and seasonally adjusted,Total,From 15 to 64 years,Not applicable,Annual,9090.493
1999,AUS,Labour force,Persons,Not applicable,Calendar and seasonally adjusted,Total,From 15 to 64 years,Not applicable,Annual,9178.512
2000,AUS,Labour force,Persons,Not applicable,Calendar and seasonally adjusted,Total,From 15 to 64 years,Not applicable,Annual,9355.36
2001,AUS,Labour force,Persons,Not applicable,Calendar and seasonally adjusted,Total,From 15 to 64 years,Not applicable,Annual,9518.436
2002,AUS,Labour force,Persons,Not applicable,Calendar and seasonally adjusted,Total,From 15 to 64 years,Not applicable,Annual,9657.336
2003,AUS,Labour force,Persons,Not applicable,Calendar and seasonally adjusted,Total,From 15 to 64 years,Not applicable,Annual,9830.261
2004,AUS,Labour force,Persons,Not applicable,Calendar and seasonally adjusted,Total,From 15 to 64 years,Not applicable,Annual,9936.152
2006,AUS,Labour force,Persons,Not applicable,Calendar and seasonally adjusted,Total,From 15 to 64 years,Not applicable,Annual,10423.47
2007,AUS,Labour force,Persons,Not applicable,Calendar and seasonally adjusted,Total,From 15 to 64 years,Not applicable,Annual,10670.3
2008,AUS,Labour force,Persons,Not applicable,Calendar and seasonally adjusted,Total,From 15 to 64 years,Not applicable,Annual,10942.99
2009,AUS,Labour force,Persons,Not applicable,Calendar and seasonally adjusted,Total,From 15 to 64 years,Not applicable,Annual,11146.35
2010,AUS,Labour force,Persons,Not applicable,Calendar and seasonally adjusted,Total,From 15 to 64 years,Not applicable,Annual,11306.15
2011,AUS,Labour force,Persons,Not applicable,Calendar and seasonally adjusted,Total,From 15 to 64 years,Not applicable,Annual,11468.59
2012,AUS,Labour force,Persons,Not applicable,Calendar and seasonally adjusted,Total,From 15 to 64 years,Not applicable,Annual,11591.54
2013,AUS,Labour force,Persons,Not applicable,Calendar and seasonally adjusted,Total,From 15 to 64 years,Not applicable,Annual,11741.59
2014,AUS,Labour force,Persons,Not applicable,Calendar and seasonally adjusted,Total,From 15 to 64 years,Not applicable,Annual,11861.06
2015,AUS,Labour force,Persons,Not applicable,Calendar and seasonally adjusted,Total,From 15 to 64 years,Not applicable,Annual,12088.81
2020,AUS,Labour force,Persons,Not applicable,Calendar and seasonally adjusted,Total,From 15 to 64 years,Not applicable,Annual,12877.44
1999,AUT,Labour force,Persons,Not applicable,Calendar and seasonally adjusted,Total,From 15 to 64 years,Not applicable,Annual,3806.675
2000,AUT,Labour force,Persons,Not applicable,Calendar and seasonally adjusted,Total,From 15 to 64 years,Not applicable,Annual,3816.25
2001,AUT,Labour force,Persons,Not applicable,Calendar and seasonally adjusted,Total,From 15 to 64 years,Not applicable,Annual,3834.775
2002,AUT,Labour force,Persons,Not applicable,Calendar and seasonally adjusted,Total,From 15 to 64 years,Not applicable,Annual,3834.525
2007,AUT,Labour force,Persons,Not applicable,Calendar and seasonally adjusted,Total,From 15 to 64 years,Not applicable,Annual,4063.725
2008,AUT,Labour force,Persons,Not applicable,Calendar and seasonally adjusted,Total,From 15 to 64 years,Not applicable,Annual,4100.5
2009,AUT,Labour force,Persons,Not applicable,Calendar and seasonally adjusted,Total,From 15 to 64 years,Not applicable,Annual,4147.75
2010,AUT,Labour force,Persons,Not applicable,Calendar and seasonally adjusted,Total,From 15 to 64 years,Not applicable,Annual,4163.0
2011,AUT,Labour force,Persons,Not applicable,Calendar and seasonally adjusted,Total,From 15 to 64 years,Not applicable,Annual,4190.5
2012,AUT,Labour force,Persons,Not applicable,Calendar and seasonally adjusted,Total,From 15 to 64 years,Not applicable,Annual,4236.75
2013,AUT,Labour force,Persons,Not applicable,Calendar and seasonally adjusted,Total,From 15 to 64 years,Not applicable,Annual,4279.0
2014,AUT,Labour force,Persons,Not applicable,Calendar and seasonally adjusted,Total,From 15 to 64 years,Not applicable,Annual,4297.0
2015,AUT,Labour force,Persons,Not applicable,Calendar and seasonally adjusted,Total,From 15 to 64 years,Not applicable,Annual,4338.0
2016,AUT,Labour force,Persons,Not applicable,Calendar and seasonally adjusted,Total,From 15 to 64 years,Not applicable,Annual,4432.75
2017,AUT,Labour force,Persons,Not applicable,Calendar and seasonally adjusted,Total,From 15 to 64 years,Not applicable,Annual,4451.75
2018,AUT,Labour force,Persons,Not applicable,Calendar and seasonally adjusted,Total,From 15 to 64 years,Not applicable,Annual,4477.5
2019,AUT,Labour force,Persons,Not applicable,Calendar and seasonally adjusted,Total,From 15 to 64 years,Not applicable,Annual,4500.25
2020,AUT,Labour force,Persons,Not applicable,Calendar and seasonally adjusted,Total,From 15 to 64 years,Not applicable,Annual,4456.0
2021,AUT,Labour force,Persons,Not applicable,Calendar and seasonally adjusted,Total,From 15 to 64 years,Not applicable,Annual,4514.675
2022,AUT,Labour force,Persons,Not applicable,Calendar and seasonally adjusted,Total,From 15 to 64 years,Not applicable,Annual,4577.4
2023,AUT,Labour force,Persons,Not applicable,Calendar and seasonally adjusted,Total,From 15 to 64 years,Not applicable,Annual,4633.775
1999,BEL,Labour force,Persons,Not applicable,Calendar and seasonally adjusted,Total,From 15 to 64 years,Not applicable,Annual,4355.05
2001,BEL,Labour force,Persons,Not applicable,Calendar and seasonally adjusted,Total,From 15 to 64 years,Not applicable,Annual,4319.85
2002,BEL,Labour force,Persons,Not applicable,Calendar and seasonally adjusted,Total,From 15 to 64 years,Not applicable,Annual,4377.85
2003,BEL,Labour force,Persons,Not applicable,Calendar and seasonally adjusted,Total,From 15 to 64 years,Not applicable,Annual,4408.95
2006,BEL,Labour force,Persons,Not applicable,Calendar and seasonally adjusted,Total,From 15 to 64 years,Not applicable,Annual,4615.85
2007,BEL,Labour force,Persons,Not applicable,Calendar and seasonally adjusted,Total,From 15 to 64 years,Not applicable,Annual,4700.65
2009,BEL,Labour force,Persons,Not applicable,Calendar and seasonally adjusted,Total,From 15 to 64 years,Not applicable,Annual,4772.25
2010,BEL,Labour force,Persons,Not applicable,Calendar and seasonally adjusted,Total,From 15 to 64 years,Not applicable,Annual,4860.0
2011,BEL,Labour force,Persons,Not applicable,Calendar and seasonally adjusted,Total,From 15 to 64 years,Not applicable,Annual,4820.25
2012,BEL,Labour force,Persons,Not applicable,Calendar and seasonally adjusted,Total,From 15 to 64 years,Not applicable,Annual,4852.25
2013,BEL,Labour force,Persons,Not applicable,Calendar and seasonally adjusted,Total,From 15 to 64 years,Not applicable,Annual,4907.0
2014,BEL,Labour force,Persons,Not applicable,Calendar and seasonally adjusted,Total,From 15 to 64 years,Not applicable,Annual,4927.0
2015,BEL,Labour force,Persons,Not applicable,Calendar and seasonally adjusted,Total,From 15 to 64 years,Not applicable,Annual,4929.25
2017,BEL,Labour force,Persons,Not applicable,Calendar and seasonally adjusted,Total,From 15 to 64 years,Not applicable,Annual,4944.0
2018,BEL,Labour force,Persons,Not applicable,Calendar and seasonally adjusted,Total,From 15 to 64 years,Not applicable,Annual,5003.75
2019,BEL,Labour force,Persons,Not applicable,Calendar and seasonally adjusted,Total,From 15 to 64 years,Not applicable,Annual,5047.75
2020,BEL,Labour force,Persons,Not applicable,Calendar and seasonally adjusted,Total,From 15 to 64 years,Not applicable,Annual,5011.0
2021,BEL,Labour force,Persons,Not applicable,Calendar and seasonally adjusted,Total,From 15 to 64 years,Not applicable,Annual,5117.675
2022,BEL,Labour force,Persons,Not applicable,Calendar and seasonally adjusted,Total,From 15 to 64 years,Not applicable,Annual,5213.475
2023,BEL,Labour force,Persons,Not applicable,Calendar and seasonally adjusted,Total,From 15 to 64 years,Not applicable,Annual,5247.125
2007,COL,Labour force,Persons,Not applicable,Calendar and seasonally adjusted,Total,From 15 to 64 years,Not applicable,Annual,18083.37
2008,COL,Labour force,Persons,Not applicable,Calendar and seasonally adjusted,Total,From 15 to 64 years,Not applicable,Annual,18443.3
2009,COL,Labour force,Persons,Not applicable,Calendar and seasonally adjusted,Total,From 15 to 64 years,Not applicable,Annual,19568.57
2010,COL,Labour force,Persons,Not applicable,Calendar and seasonally adjusted,Total,From 15 to 64 years,Not applicable,Annual,20263.27
2011,COL,Labour force,Persons,Not applicable,Calendar and seasonally adjusted,Total,From 15 to 64 years,Not applicable,Annual,20797.32
2012,COL,Labour force,Persons,Not applicable,Calendar and seasonally adjusted,Total,From 15 to 64 years,Not applicable,Annual,21381.9
2013,COL,Labour force,Persons,Not applicable,Calendar and seasonally adjusted,Total,From 15 to 64 years,Not applicable,Annual,21544.21
2014,COL,Labour force,Persons,Not applicable,Calendar and seasonally adjusted,Total,From 15 to 64 years,Not applicable,Annual,21841.23
2015,COL,Labour force,Persons,Not applicable,Calendar and seasonally adjusted,Total,From 15 to 64 years,Not applicable,Annual,22265.96
2016,COL,Labour force,Persons,Not applicable,Calendar and seasonally adjusted,Total,From 15 to 64 years,Not applicable,Annual,22476.85
2017,COL,Labour force,Persons,Not applicable,Calendar and seasonally adjusted,Total,From 15 to 64 years,Not applicable,Annual,22808.88
2018,COL,Labour force,Persons,Not applicable,Calendar and seasonally adjusted,Total,From 15 to 64 years,Not applicable,Annual,23140.67
2019,COL,Labour force,Persons,Not applicable,Calendar and seasonally adjusted,Total,From 15 to 64 years,Not applicable,Annual,23501.59
2020,COL,Labour force,Persons,Not applicable,Calendar and seasonally adjusted,Total,From 15 to 64 years,Not applicable,Annual,22589.38
2021,COL,Labour force,Persons,Not applicable,Calendar and seasonally adjusted,Total,From 15 to 64 years,Not applicable,Annual,22601.48
2022,COL,Labour force,Persons,Not applicable,Calendar and seasonally adjusted,Total,From 15 to 64 years,Not applicable,Annual,23596.18
2023,COL,Labour force,Persons,Not applicable,Calendar and seasonally adjusted,Total,From 15 to 64 years,Not applicable,Annual,24057.11
2011,CRI,Labour force,Persons,Not applicable,Calendar and seasonally adjusted,Total,From 15 to 64 years,Not applicable,Annual,1986.278
2012,CRI,Labour force,Persons,Not applicable,Calendar and seasonally adjusted,Total,From 15 to 64 years,Not applicable,Annual,2134.301
2013,CRI,Labour force,Persons,Not applicable,Calendar and seasonally adjusted,Total,From 15 to 64 years,Not applicable,Annual,2156.84
2014,CRI,Labour force,Persons,Not applicable,Calendar and seasonally adjusted,Total,From 15 to 64 years,Not applicable,Annual,2213.74
2015,CRI,Labour force,Persons,Not applicable,Calendar and seasonally adjusted,Total,From 15 to 64 years,Not applicable,Annual,2201.233
2016,CRI,Labour force,Persons,Not applicable,Calendar and seasonally adjusted,Total,From 15 to 64 years,Not applicable,Annual,2142.684
2017,CRI,Labour force,Persons,Not applicable,Calendar and seasonally adjusted,Total,From 15 to 64 years,Not applicable,Annual,2179.182
2018,CRI,Labour force,Persons,Not applicable,Calendar and seasonally adjusted,Total,From 15 to 64 years,Not applicable,Annual,2268.854
2019,CRI,Labour force,Persons,Not applicable,Calendar and seasonally adjusted,Total,From 15 to 64 years,Not applicable,Annual,2360.334
2020,CRI,Labour force,Persons,Not applicable,Calendar and seasonally adjusted,Total,From 15 to 64 years,Not applicable,Annual,2307.796
2021,CRI,Labour force,Persons,Not applicable,Calendar and seasonally adjusted,Total,From 15 to 64 years,Not applicable,Annual,2346.62
2022,CRI,Labour force,Persons,Not applicable,Calendar and seasonally adjusted,Total,From 15 to 64 years,Not applicable,Annual,2368.358
2023,CRI,Labour force,Persons,Not applicable,Calendar and seasonally adjusted,Total,From 15 to 64 years,Not applicable,Annual,2219.813
1998,CZE,Labour force,Persons,Not applicable,Calendar and seasonally adjusted,Total,From 15 to 64 years,Not applicable,Annual,5088.75
1999,CZE,Labour force,Persons,Not applicable,Calendar and seasonally adjusted,Total,From 15 to 64 years,Not applicable,Annual,5101.55
2000,CZE,Labour force,Persons,Not applicable,Calendar and seasonally adjusted,Total,From 15 to 64 years,Not applicable,Annual,5076.225
2001,CZE,Labour force,Persons,Not applicable,Calendar and seasonally adjusted,Total,From 15 to 64 years,Not applicable,Annual,5044.95
2002,CZE,Labour force,Persons,Not applicable,Calendar and seasonally adjusted,Total,From 15 to 64 years,Not applicable,Annual,5048.225
2003,CZE,Labour force,Persons,Not applicable,Calendar and seasonally adjusted,Total,From 15 to 64 years,Not applicable,Annual,5043.725
2006,CZE,Labour force,Persons,Not applicable,Calendar and seasonally adjusted,Total,From 15 to 64 years,Not applicable,Annual,5139.625
2007,CZE,Labour force,Persons,Not applicable,Calendar and seasonally adjusted,Total,From 15 to 64 years,Not applicable,Annual,5131.725
2008,CZE,Labour force,Persons,Not applicable,Calendar and seasonally adjusted,Total,From 15 to 64 years,Not applicable,Annual,5162.775
2022,CZE,Labour force,Persons,Not applicable,Calendar and seasonally adjusted,Total,From 15 to 64 years,Not applicable,Annual,5140.325
2023,CZE,Labour force,Persons,Not applicable,Calendar and seasonally adjusted,Total,From 15 to 64 years,Not applicable,Annual,5023.1
1999,DNK,Labour force,Persons,Not applicable,Calendar and seasonally adjusted,Total,From 15 to 64 years,Not applicable,Annual,2839.825
2000,DNK,Labour force,Persons,Not applicable,Calendar and seasonally adjusted,Total,From 15 to 64 years,Not applicable,Annual,2824.475
2001,DNK,Labour force,Persons,Not applicable,Calendar and seasonally adjusted,Total,From 15 to 64 years,Not applicable,Annual,2831.4
2002,DNK,Labour force,Persons,Not applicable,Calendar and seasonally adjusted,Total,From 15 to 64 years,Not applicable,Annual,2815.05
2003,DNK,Labour force,Persons,Not applicable,Calendar and seasonally adjusted,Total,From 15 to 64 years,Not applicable,Annual,2819.85
2006,DNK,Labour force,Persons,Not applicable,Calendar and seasonally adjusted,Total,From 15 to 64 years,Not applicable,Annual,2875.3
2008,DNK,Labour force,Persons,Not applicable,Calendar and seasonally adjusted,Total,From 15 to 64 years,Not applicable,Annual,2858.7
2021,DNK,Labour force,Persons,Not applicable,Calendar and seasonally adjusted,Total,From 15 to 64 years,Not applicable,Annual,2946.15
2022,DNK,Labour force,Persons,Not applicable,Calendar and seasonally adjusted,Total,From 15 to 64 years,Not applicable,Annual,2999.975
2023,DNK,Labour force,Persons,Not applicable,Calendar and seasonally adjusted,Total,From 15 to 64 years,Not applicable,Annual,3040.025
2000,EST,Labour force,Persons,Not applicable,Calendar and seasonally adjusted,Total,From 15 to 64 years,Not applicable,Annual,665.775
2001,EST,Labour force,Persons,Not applicable,Calendar and seasonally adjusted,Total,From 15 to 64 years,Not applicable,Annual,658.95
2002,EST,Labour force,Persons,Not applicable,Calendar and seasonally adjusted,Total,From 15 to 64 years,Not applicable,Annual,644.45
2003,EST,Labour force,Persons,Not applicable,Calendar and seasonally adjusted,Total,From 15 to 64 years,Not applicable,Annual,651.425
2006,EST,Labour force,Persons,Not applicable,Calendar and seasonally adjusted,Total,From 15 to 64 years,Not applicable,Annual,666.575
2007,EST,Labour force,Persons,Not applicable,Calendar and seasonally adjusted,Total,From 15 to 64 years,Not applicable,Annual,663.825
2009,EST,Labour force,Persons,Not applicable,Calendar and seasonally adjusted,Total,From 15 to 64 years,Not applicable,Annual,669.5
2010,EST,Labour force,Persons,Not applicable,Calendar and seasonally adjusted,Total,From 15 to 64 years,Not applicable,Annual,668.0
2011,EST,Labour force,Persons,Not applicable,Calendar and seasonally adjusted,Total,From 15 to 64 years,Not applicable,Annual,669.25
2012,EST,Labour force,Persons,Not applicable,Calendar and seasonally adjusted,Total,From 15 to 64 years,Not applicable,Annual,666.0
2013,EST,Labour force,Persons,Not applicable,Calendar and seasonally adjusted,Total,From 15 to 64 years,Not applicable,Annual,661.0
2014,EST,Labour force,Persons,Not applicable,Calendar and seasonally adjusted,Total,From 15 to 64 years,Not applicable,Annual,654.25
2015,EST,Labour force,Persons,Not applicable,Calendar and seasonally adjusted,Total,From 15 to 64 years,Not applicable,Annual,653.75
2016,EST,Labour force,Persons,Not applicable,Calendar and seasonally adjusted,Total,From 15 to 64 years,Not applicable,Annual,658.5
2017,EST,Labour force,Persons,Not applicable,Calendar and seasonally adjusted,Total,From 15 to 64 years,Not applicable,Annual,664.0
2018,EST,Labour force,Persons,Not applicable,Calendar and seasonally adjusted,Total,From 15 to 64 years,Not applicable,Annual,663.5
2019,EST,Labour force,Persons,Not applicable,Calendar and seasonally adjusted,Total,From 15 to 64 years,Not applicable,Annual,662.5
2020,EST,Labour force,Persons,Not applicable,Calendar and seasonally adjusted,Total,From 15 to 64 years,Not applicable,Annual,665.75
2021,EST,Labour force,Persons,Not applicable,Calendar and seasonally adjusted,Total,From 15 to 64 years,Not applicable,Annual,658.65
2022,EST,Labour force,Persons,Not applicable,Calendar and seasonally adjusted,Total,From 15 to 64 years,Not applicable,Annual,676.2
2023,EST,Labour force,Persons,Not applicable,Calendar and seasonally adjusted,Total,From 15 to 64 years,Not applicable,Annual,698.95
2001,FIN,Labour force,Persons,Not applicable,Calendar and seasonally adjusted,Total,From 15 to 64 years,Not applicable,Annual,2587.55
2002,FIN,Labour force,Persons,Not applicable,Calendar and seasonally adjusted,Total,From 15 to 64 years,Not applicable,Annual,2591.35
2003,FIN,Labour force,Persons,Not applicable,Calendar and seasonally adjusted,Total,From 15 to 64 years,Not applicable,Annual,2579.625
2006,FIN,Labour force,Persons,Not applicable,Calendar and seasonally adjusted,Total,From 15 to 64 years,Not applicable,Annual,2620.375
2009,FIN,Labour force,Persons,Not applicable,Calendar and seasonally adjusted,Total,From 15 to 64 years,Not applicable,Annual,2615.0
2010,FIN,Labour force,Persons,Not applicable,Calendar and seasonally adjusted,Total,From 15 to 64 years,Not applicable,Annual,2600.0
2011,FIN,Labour force,Persons,Not applicable,Calendar and seasonally adjusted,Total,From 15 to 64 years,Not applicable,Annual,2605.0
2012,FIN,Labour force,Persons,Not applicable,Calendar and seasonally adjusted,Total,From 15 to 64 years,Not applicable,Annual,2607.0
2013,FIN,Labour force,Persons,Not applicable,Calendar and seasonally adjusted,Total,From 15 to 64 years,Not applicable,Annual,2595.25
2014,FIN,Labour force,Persons,Not applicable,Calendar and seasonally adjusted,Total,From 15 to 64 years,Not applicable,Annual,2590.25
2015,FIN,Labour force,Persons,Not applicable,Calendar and seasonally adjusted,Total,From 15 to 64 years,Not applicable,Annual,2583.5
2016,FIN,Labour force,Persons,Not applicable,Calendar and seasonally adjusted,Total,From 15 to 64 years,Not applicable,Annual,2584.75
2017,FIN,Labour force,Persons,Not applicable,Calendar and seasonally adjusted,Total,From 15 to 64 years,Not applicable,Annual,2604.25
2018,FIN,Labour force,Persons,Not applicable,Calendar and seasonally adjusted,Total,From 15 to 64 years,Not applicable,Annual,2634.0
2019,FIN,Labour force,Persons,Not applicable,Calendar and seasonally adjusted,Total,From 15 to 64 years,Not applicable,Annual,2637.0
2020,FIN,Labour force,Persons,Not applicable,Calendar and seasonally adjusted,Total,From 15 to 64 years,Not applicable,Annual,2627.75
2021,FIN,Labour force,Persons,Not applicable,Calendar and seasonally adjusted,Total,From 15 to 64 years,Not applicable,Annual,2679.025
2022,FIN,Labour force,Persons,Not applicable,Calendar and seasonally adjusted,Total,From 15 to 64 years,Not applicable,Annual,2713.45
2023,FIN,Labour force,Persons,Not applicable,Calendar and seasonally adjusted,Total,From 15 to 64 years,Not applicable,Annual,2731.675
2003,FRA,Labour force,Persons,Not applicable,Calendar and seasonally adjusted,Total,From 15 to 64 years,Not applicable,Annual,27673.75
2004,FRA,Labour force,Persons,Not applicable,Calendar and seasonally adjusted,Total,From 15 to 64 years,Not applicable,Annual,27902.25
2006,FRA,Labour force,Persons,Not applicable,Calendar and seasonally adjusted,Total,From 15 to 64 years,Not applicable,Annual,28304.75
2007,FRA,Labour force,Persons,Not applicable,Calendar and seasonally adjusted,Total,From 15 to 64 years,Not applicable,Annual,28503.5
2008,FRA,Labour force,Persons,Not applicable,Calendar and seasonally adjusted,Total,From 15 to 64 years,Not applicable,Annual,28690.25
2009,FRA,Labour force,Persons,Not applicable,Calendar and seasonally adjusted,Total,From 15 to 64 years,Not applicable,Annual,28935.25
2010,FRA,Labour force,Persons,Not applicable,Calendar and seasonally adjusted,Total,From 15 to 64 years,Not applicable,Annual,29040.0
2011,FRA,Labour force,Persons,Not applicable,Calendar and seasonally adjusted,Total,From 15 to 64 years,Not applicable,Annual,29011.0
2012,FRA,Labour force,Persons,Not applicable,Calendar and seasonally adjusted,Total,From 15 to 64 years,Not applicable,Annual,29208.0
2013,FRA,Labour force,Persons,Not applicable,Calendar and seasonally adjusted,Total,From 15 to 64 years,Not applicable,Annual,29352.0
2014,FRA,Labour force,Persons,Not applicable,Calendar and seasonally adjusted,Total,From 15 to 64 years,Not applicable,Annual,29360.25
2015,FRA,Labour force,Persons,Not applicable,Calendar and seasonally adjusted,Total,From 15 to 64 years,Not applicable,Annual,29414.25
2016,FRA,Labour force,Persons,Not applicable,Calendar and seasonally adjusted,Total,From 15 to 64 years,Not applicable,Annual,29425.75
2017,FRA,Labour force,Persons,Not applicable,Calendar and seasonally adjusted,Total,From 15 to 64 years,Not applicable,Annual,29447.75
2018,FRA,Labour force,Persons,Not applicable,Calendar and seasonally adjusted,Total,From 15 to 64 years,Not applicable,Annual,29578.25
2019,FRA,Labour force,Persons,Not applicable,Calendar and seasonally adjusted,Total,From 15 to 64 years,Not applicable,Annual,29470.25
2020,FRA,Labour force,Persons,Not applicable,Calendar and seasonally adjusted,Total,From 15 to 64 years,Not applicable,Annual,29200.0
2006,DEU,Labour force,Persons,Not applicable,Calendar and seasonally adjusted,Total,From 15 to 64 years,Not applicable,Annual,40874.43
2007,DEU,Labour force,Persons,Not applicable,Calendar and seasonally adjusted,Total,From 15 to 64 years,Not applicable,Annual,40991.93
2008,DEU,Labour force,Persons,Not applicable,Calendar and seasonally adjusted,Total,From 15 to 64 years,Not applicable,Annual,41032.35
2011,DEU,Labour force,Persons,Not applicable,Calendar and seasonally adjusted,Total,From 15 to 64 years,Not applicable,Annual,39767.25
1998,GRC,Labour force,Persons,Not applicable,Calendar and seasonally adjusted,Total,From 15 to 64 years,Not applicable,Annual,4422.725
1999,GRC,Labour force,Persons,Not applicable,Calendar and seasonally adjusted,Total,From 15 to 64 years,Not applicable,Annual,4490.625
2001,GRC,Labour force,Persons,Not applicable,Calendar and seasonally adjusted,Total,From 15 to 64 years,Not applicable,Annual,4621.075
2002,GRC,Labour force,Persons,Not applicable,Calendar and seasonally adjusted,Total,From 15 to 64 years,Not applicable,Annual,4666.85
2006,GRC,Labour force,Persons,Not applicable,Calendar and seasonally adjusted,Total,From 15 to 64 years,Not applicable,Annual,4887.425
2007,GRC,Labour force,Persons,Not applicable,Calendar and seasonally adjusted,Total,From 15 to 64 years,Not applicable,Annual,4893.55
2009,GRC,Labour force,Persons,Not applicable,Calendar and seasonally adjusted,Total,From 15 to 64 years,Not applicable,Annual,4949.0
2010,GRC,Labour force,Persons,Not applicable,Calendar and seasonally adjusted,Total,From 15 to 64 years,Not applicable,Annual,4936.0
2011,GRC,Labour force,Persons,Not applicable,Calendar and seasonally adjusted,Total,From 15 to 64 years,Not applicable,Annual,4850.25
2012,GRC,Labour force,Persons,Not applicable,Calendar and seasonally adjusted,Total,From 15 to 64 years,Not applicable,Annual,4812.75
2013,GRC,Labour force,Persons,Not applicable,Calendar and seasonally adjusted,Total,From 15 to 64 years,Not applicable,Annual,4775.75
2014,GRC,Labour force,Persons,Not applicable,Calendar and seasonally adjusted,Total,From 15 to 64 years,Not applicable,Annual,4735.75
2015,GRC,Labour force,Persons,Not applicable,Calendar and seasonally adjusted,Total,From 15 to 64 years,Not applicable,Annual,4733.25
2016,GRC,Labour force,Persons,Not applicable,Calendar and seasonally adjusted,Total,From 15 to 64 years,Not applicable,Annual,4728.25
2017,GRC,Labour force,Persons,Not applicable,Calendar and seasonally adjusted,Total,From 15 to 64 years,Not applicable,Annual,4695.75
2018,GRC,Labour force,Persons,Not applicable,Calendar and seasonally adjusted,Total,From 15 to 64 years,Not applicable,Annual,4649.0
2019,GRC,Labour force,Persons,Not applicable,Calendar and seasonally adjusted,Total,From 15 to 64 years,Not applicable,Annual,4636.5
2020,GRC,Labour force,Persons,Not applicable,Calendar and seasonally adjusted,Total,From 15 to 64 years,Not applicable,Annual,4387.25
2021,GRC,Labour force,Persons,Not applicable,Calendar and seasonally adjusted,Total,From 15 to 64 years,Not applicable,Annual,4491.575
2022,GRC,Labour force,Persons,Not applicable,Calendar and seasonally adjusted,Total,From 15 to 64 years,Not applicable,Annual,4609.125
2023,GRC,Labour force,Persons,Not applicable,Calendar and seasonally adjusted,Total,From 15 to 64 years,Not applicable,Annual,4591.0
1999,HUN,Labour force,Persons,Not applicable,Calendar and seasonally adjusted,Total,From 15 to 64 years,Not applicable,Annual,4054.1
2001,HUN,Labour force,Persons,Not applicable,Calendar and seasonally adjusted,Total,From 15 to 64 years,Not applicable,Annual,4084.525
2002,HUN,Labour force,Persons,Not applicable,Calendar and seasonally adjusted,Total,From 15 to 64 years,Not applicable,Annual,4089.775
2003,HUN,Labour force,Persons,Not applicable,Calendar and seasonally adjusted,Total,From 15 to 64 years,Not applicable,Annual,4141.55
2006,HUN,Labour force,Persons,Not applicable,Calendar and seasonally adjusted,Total,From 15 to 64 years,Not applicable,Annual,4221.925
2007,HUN,Labour force,Persons,Not applicable,Calendar and seasonally adjusted,Total,From 15 to 64 years,Not applicable,Annual,4184.35
2003,ISL,Labour force,Persons,Not applicable,Calendar and seasonally adjusted,Total,From 15 to 64 years,Not applicable,Annual,154.3
2004,ISL,Labour force,Persons,Not applicable,Calendar and seasonally adjusted,Total,From 15 to 64 years,Not applicable,Annual,153.8
2006,ISL,Labour force,Persons,Not applicable,Calendar and seasonally adjusted,Total,From 15 to 64 years,Not applicable,Annual,166.8
2008,ISL,Labour force,Persons,Not applicable,Calendar and seasonally adjusted,Total,From 15 to 64 years,Not applicable,Annual,175.85
2012,ISL,Labour force,Persons,Not applicable,Calendar and seasonally adjusted,Total,From 15 to 64 years,Not applicable,Annual,171.25
2016,ISL,Labour force,Persons,Not applicable,Calendar and seasonally adjusted,Total,From 15 to 64 years,Not applicable,Annual,185.5
2021,ISL,Labour force,Persons,Not applicable,Calendar and seasonally adjusted,Total,From 15 to 64 years,Not applicable,Annual,197.95
2022,ISL,Labour force,Persons,Not applicable,Calendar and seasonally adjusted,Total,From 15 to 64 years,Not applicable,Annual,206.925
2023,ISL,Labour force,Persons,Not applicable,Calendar and seasonally adjusted,Total,From 15 to 64 years,Not applicable,Annual,215.425
2000,IRL,Labour force,Persons,Not applicable,Calendar and seasonally adjusted,Total,From 15 to 64 years,Not applicable,Annual,1735.975
2001,IRL,Labour force,Persons,Not applicable,Calendar and seasonally adjusted,Total,From 15 to 64 years,Not applicable,Annual,1782.85
2002,IRL,Labour force,Persons,Not applicable,Calendar and seasonally adjusted,Total,From 15 to 64 years,Not applicable,Annual,1824.15
2003,IRL,Labour force,Persons,Not applicable,Calendar and seasonally adjusted,Total,From 15 to 64 years,Not applicable,Annual,1865.725
2007,IRL,Labour force,Persons,Not applicable,Calendar and seasonally adjusted,Total,From 15 to 64 years,Not applicable,Annual,2293.175
2009,IRL,Labour force,Persons,Not applicable,Calendar and seasonally adjusted,Total,From 15 to 64 years,Not applicable,Annual,2260.0
2010,IRL,Labour force,Persons,Not applicable,Calendar and seasonally adjusted,Total,From 15 to 64 years,Not applicable,Annual,2204.75
2011,IRL,Labour force,Persons,Not applicable,Calendar and seasonally adjusted,Total,From 15 to 64 years,Not applicable,Annual,2181.0
2012,IRL,Labour force,Persons,Not applicable,Calendar and seasonally adjusted,Total,From 15 to 64 years,Not applicable,Annual,2173.0
2013,IRL,Labour force,Persons,Not applicable,Calendar and seasonally adjusted,Total,From 15 to 64 years,Not applicable,Annual,2191.5
2014,IRL,Labour force,Persons,Not applicable,Calendar and seasonally adjusted,Total,From 15 to 64 years,Not applicable,Annual,2198.75
2015,IRL,Labour force,Persons,Not applicable,Calendar and seasonally adjusted,Total,From 15 to 64 years,Not applicable,Annual,2217.5
2016,IRL,Labour force,Persons,Not applicable,Calendar and seasonally adjusted,Total,From 15 to 64 years,Not applicable,Annual,2258.75
2017,IRL,Labour force,Persons,Not applicable,Calendar and seasonally adjusted,Total,From 15 to 64 years,Not applicable,Annual,2279.5
2018,IRL,Labour force,Persons,Not applicable,Calendar and seasonally adjusted,Total,From 15 to 64 years,Not applicable,Annual,2312.0
2019,IRL,Labour force,Persons,Not applicable,Calendar and seasonally adjusted,Total,From 15 to 64 years,Not applicable,Annual,2355.25
2020,IRL,Labour force,Persons,Not applicable,Calendar and seasonally adjusted,Total,From 15 to 64 years,Not applicable,Annual,2302.75
1995,ISR,Labour force,Persons,Not applicable,Calendar and seasonally adjusted,Total,From 15 to 64 years,Not applicable,Annual,2050.4
1996,ISR,Labour force,Persons,Not applicable,Calendar and seasonally adjusted,Total,From 15 to 64 years,Not applicable,Annual,2101.325
1997,ISR,Labour force,Persons,Not applicable,Calendar and seasonally adjusted,Total,From 15 to 64 years,Not applicable,Annual,2157.875
1998,ISR,Labour force,Persons,Not applicable,Calendar and seasonally adjusted,Total,From 15 to 64 years,Not applicable,Annual,2210.65
1999,ISR,Labour force,Persons,Not applicable,Calendar and seasonally adjusted,Total,From 15 to 64 years,Not applicable,Annual,2291.9
2000,ISR,Labour force,Persons,Not applicable,Calendar and seasonally adjusted,Total,From 15 to 64 years,Not applicable,Annual,2383.075
2001,ISR,Labour force,Persons,Not applicable,Calendar and seasonally adjusted,Total,From 15 to 64 years,Not applicable,Annual,2441.0
2002,ISR,Labour force,Persons,Not applicable,Calendar and seasonally adjusted,Total,From 15 to 64 years,Not applicable,Annual,2486.1
2003,ISR,Labour force,Persons,Not applicable,Calendar and seasonally adjusted,Total,From 15 to 64 years,Not applicable,Annual,2548.4
2004,ISR,Labour force,Persons,Not applicable,Calendar and seasonally adjusted,Total,From 15 to 64 years,Not applicable,Annual,2613.425
2006,ISR,Labour force,Persons,Not applicable,Calendar and seasonally adjusted,Total,From 15 to 64 years,Not applicable,Annual,2739.25
2007,ISR,Labour force,Persons,Not applicable,Calendar and seasonally adjusted,Total,From 15 to 64 years,Not applicable,Annual,2824.15
2008,ISR,Labour force,Persons,Not applicable,Calendar and seasonally adjusted,Total,From 15 to 64 years,Not applicable,Annual,2880.975
2009,ISR,Labour force,Persons,Not applicable,Calendar and seasonally adjusted,Total,From 15 to 64 years,Not applicable,Annual,2988.55
2010,ISR,Labour force,Persons,Not applicable,Calendar and seasonally adjusted,Total,From 15 to 64 years,Not applicable,Annual,3054.55
2012,ISR,Labour force,Persons,Not applicable,Calendar and seasonally adjusted,Total,From 15 to 64 years,Not applicable,Annual,3469.617
2013,ISR,Labour force,Persons,Not applicable,Calendar and seasonally adjusted,Total,From 15 to 64 years,Not applicable,Annual,3524.992
2014,ISR,Labour force,Persons,Not applicable,Calendar and seasonally adjusted,Total,From 15 to 64 years,Not applicable,Annual,3615.7
2015,ISR,Labour force,Persons,Not applicable,Calendar and seasonally adjusted,Total,From 15 to 64 years,Not applicable,Annual,3670.625
2016,ISR,Labour force,Persons,Not applicable,Calendar and seasonally adjusted,Total,From 15 to 64 years,Not applicable,Annual,3723.883
2017,ISR,Labour force,Persons,Not applicable,Calendar and seasonally adjusted,Total,From 15 to 64 years,Not applicable,Annual,3782.225
2018,ISR,Labour force,Persons,Not applicable,Calendar and seasonally adjusted,Total,From 15 to 64 years,Not applicable,Annual,3836.4
2019,ISR,Labour force,Persons,Not applicable,Calendar and seasonally adjusted,Total,From 15 to 64 years,Not applicable,Annual,3885.258
2020,ISR,Labour force,Persons,Not applicable,Calendar and seasonally adjusted,Total,From 15 to 64 years,Not applicable,Annual,3852.767
2021,ISR,Labour force,Persons,Not applicable,Calendar and seasonally adjusted,Total,From 15 to 64 years,Not applicable,Annual,3924.967
2022,ISR,Labour force,Persons,Not applicable,Calendar and seasonally adjusted,Total,From 15 to 64 years,Not applicable,Annual,4097.217
2023,ISR,Labour force,Persons,Not applicable,Calendar and seasonally adjusted,Total,From 15 to 64 years,Not applicable,Annual,4212.308
1998,ITA,Labour force,Persons,Not applicable,Calendar and seasonally adjusted,Total,From 15 to 64 years,Not applicable,Annual,22825.95
1999,ITA,Labour force,Persons,Not applicable,Calendar and seasonally adjusted,Total,From 15 to 64 years,Not applicable,Annual,23017.9
2000,ITA,Labour force,Persons,Not applicable,Calendar and seasonally adjusted,Total,From 15 to 64 years,Not applicable,Annual,23239.03
2001,ITA,Labour force,Persons,Not applicable,Calendar and seasonally adjusted,Total,From 15 to 64 years,Not applicable,Annual,23428.53
2002,ITA,Labour force,Persons,Not applicable,Calendar and seasonally adjusted,Total,From 15 to 64 years,Not applicable,Annual,23631.22
2006,ITA,Labour force,Persons,Not applicable,Calendar and seasonally adjusted,Total,From 15 to 64 years,Not applicable,Annual,24037.63
2007,ITA,Labour force,Persons,Not applicable,Calendar and seasonally adjusted,Total,From 15 to 64 years,Not applicable,Annual,23995.75
2009,ITA,Labour force,Persons,Not applicable,Calendar and seasonally adjusted,Total,From 15 to 64 years,Not applicable,Annual,24063.5
2010,ITA,Labour force,Persons,Not applicable,Calendar and seasonally adjusted,Total,From 15 to 64 years,Not applicable,Annual,24035.25
2011,ITA,Labour force,Persons,Not applicable,Calendar and seasonally adjusted,Total,From 15 to 64 years,Not applicable,Annual,24118.75
2012,ITA,Labour force,Persons,Not applicable,Calendar and seasonally adjusted,Total,From 15 to 64 years,Not applicable,Annual,24601.25
2013,ITA,Labour force,Persons,Not applicable,Calendar and seasonally adjusted,Total,From 15 to 64 years,Not applicable,Annual,24490.0
2014,ITA,Labour force,Persons,Not applicable,Calendar and seasonally adjusted,Total,From 15 to 64 years,Not applicable,Annual,24674.5
2015,ITA,Labour force,Persons,Not applicable,Calendar and seasonally adjusted,Total,From 15 to 64 years,Not applicable,Annual,24633.0
2016,ITA,Labour force,Persons,Not applicable,Calendar and seasonally adjusted,Total,From 15 to 64 years,Not applicable,Annual,24905.0
2017,ITA,Labour force,Persons,Not applicable,Calendar and seasonally adjusted,Total,From 15 to 64 years,Not applicable,Annual,25024.0
2018,ITA,Labour force,Persons,Not applicable,Calendar and seasonally adjusted,Total,From 15 to 64 years,Not applicable,Annual,25028.25
2019,ITA,Labour force,Persons,Not applicable,Calendar and seasonally adjusted,Total,From 15 to 64 years,Not applicable,Annual,24968.25
2021,ITA,Labour force,Persons,Not applicable,Calendar and seasonally adjusted,Total,From 15 to 64 years,Not applicable,Annual,24197.47
2022,ITA,Labour force,Persons,Not applicable,Calendar and seasonally adjusted,Total,From 15 to 64 years,Not applicable,Annual,24421.45
2023,ITA,Labour force,Persons,Not applicable,Calendar and seasonally adjusted,Total,From 15 to 64 years,Not applicable,Annual,24766.1
2000,KOR,Labour force,Persons,Not applicable,Calendar and seasonally adjusted,Total,From 15 to 64 years,Not applicable,Annual,21147.16
2001,KOR,Labour force,Persons,Not applicable,Calendar and seasonally adjusted,Total,From 15 to 64 years,Not applicable,Annual,21443.85
2002,KOR,Labour force,Persons,Not applicable,Calendar and seasonally adjusted,Total,From 15 to 64 years,Not applicable,Annual,21832.38
2003,KOR,Labour force,Persons,Not applicable,Calendar and seasonally adjusted,Total,From 15 to 64 years,Not applicable,Annual,21914.13
2004,KOR,Labour force,Persons,Not applicable,Calendar and seasonally adjusted,Total,From 15 to 64 years,Not applicable,Annual,22305.68
2006,KOR,Labour force,Persons,Not applicable,Calendar and seasonally adjusted,Total,From 15 to 64 years,Not applicable,Annual,22643.0
2007,KOR,Labour force,Persons,Not applicable,Calendar and seasonally adjusted,Total,From 15 to 64 years,Not applicable,Annual,22859.96
2008,KOR,Labour force,Persons,Not applicable,Calendar and seasonally adjusted,Total,From 15 to 64 years,Not applicable,Annual,23015.93
2009,KOR,Labour force,Persons,Not applicable,Calendar and seasonally adjusted,Total,From 15 to 64 years,Not applicable,Annual,23011.0
2010,KOR,Labour force,Persons,Not applicable,Calendar and seasonally adjusted,Total,From 15 to 64 years,Not applicable,Annual,23366.13
2011,KOR,Labour force,Persons,Not applicable,Calendar and seasonally adjusted,Total,From 15 to 64 years,Not applicable,Annual,23746.56
2012,KOR,Labour force,Persons,Not applicable,Calendar and seasonally adjusted,Total,From 15 to 64 years,Not applicable,Annual,24011.05
2013,KOR,Labour force,Persons,Not applicable,Calendar and seasonally adjusted,Total,From 15 to 64 years,Not applicable,Annual,24228.39
2014,KOR,Labour force,Persons,Not applicable,Calendar and seasonally adjusted,Total,From 15 to 64 years,Not applicable,Annual,24840.94
2015,KOR,Labour force,Persons,Not applicable,Calendar and seasonally adjusted,Total,From 15 to 64 years,Not applicable,Annual,25119.89
2016,KOR,Labour force,Persons,Not applicable,Calendar and seasonally adjusted,Total,From 15 to 64 years,Not applicable,Annual,25302.18
2017,KOR,Labour force,Persons,Not applicable,Calendar and seasonally adjusted,Total,From 15 to 64 years,Not applicable,Annual,25519.89
2018,KOR,Labour force,Persons,Not applicable,Calendar and seasonally adjusted,Total,From 15 to 64 years,Not applicable,Annual,25514.46
2019,KOR,Labour force,Persons,Not applicable,Calendar and seasonally adjusted,Total,From 15 to 64 years,Not applicable,Annual,25563.72
2020,KOR,Labour force,Persons,Not applicable,Calendar and seasonally adjusted,Total,From 15 to 64 years,Not applicable,Annual,25133.51
2021,KOR,Labour force,Persons,Not applicable,Calendar and seasonally adjusted,Total,From 15 to 64 years,Not applicable,Annual,25198.19
2022,KOR,Labour force,Persons,Not applicable,Calendar and seasonally adjusted,Total,From 15 to 64 years,Not applicable,Annual,25556.26
2023,KOR,Labour force,Persons,Not applicable,Calendar and seasonally adjusted,Total,From 15 to 64 years,Not applicable,Annual,25580.44
2002,LVA,Labour force,Persons,Not applicable,Calendar and seasonally adjusted,Total,From 15 to 64 years,Not applicable,Annual,1064.4
2003,LVA,Labour force,Persons,Not applicable,Calendar and seasonally adjusted,Total,From 15 to 64 years,Not applicable,Annual,1063.45
2006,LVA,Labour force,Persons,Not applicable,Calendar and seasonally adjusted,Total,From 15 to 64 years,Not applicable,Annual,1068.575
2007,LVA,Labour force,Persons,Not applicable,Calendar and seasonally adjusted,Total,From 15 to 64 years,Not applicable,Annual,1082.575
2009,LVA,Labour force,Persons,Not applicable,Calendar and seasonally adjusted,Total,From 15 to 64 years,Not applicable,Annual,1065.0
2010,LVA,Labour force,Persons,Not applicable,Calendar and seasonally adjusted,Total,From 15 to 64 years,Not applicable,Annual,1030.5
2011,LVA,Labour force,Persons,Not applicable,Calendar and seasonally adjusted,Total,From 15 to 64 years,Not applicable,Annual,1004.25
2012,LVA,Labour force,Persons,Not applicable,Calendar and seasonally adjusted,Total,From 15 to 64 years,Not applicable,Annual,1004.25
2013,LVA,Labour force,Persons,Not applicable,Calendar and seasonally adjusted,Total,From 15 to 64 years,Not applicable,Annual,983.5
2014,LVA,Labour force,Persons,Not applicable,Calendar and seasonally adjusted,Total,From 15 to 64 years,Not applicable,Annual,963.75
2015,LVA,Labour force,Persons,Not applicable,Calendar and seasonally adjusted,Total,From 15 to 64 years,Not applicable,Annual,964.75
2016,LVA,Labour force,Persons,Not applicable,Calendar and seasonally adjusted,Total,From 15 to 64 years,Not applicable,Annual,955.25
2017,LVA,Labour force,Persons,Not applicable,Calendar and seasonally adjusted,Total,From 15 to 64 years,Not applicable,Annual,945.0
2018,LVA,Labour force,Persons,Not applicable,Calendar and seasonally adjusted,Total,From 15 to 64 years,Not applicable,Annual,944.5
2019,LVA,Labour force,Persons,Not applicable,Calendar and seasonally adjusted,Total,From 15 to 64 years,Not applicable,Annual,930.5
2020,LVA,Labour force,Persons,Not applicable,Calendar and seasonally adjusted,Total,From 15 to 64 years,Not applicable,Annual,928.75
2021,LVA,Labour force,Persons,Not applicable,Calendar and seasonally adjusted,Total,From 15 to 64 years,Not applicable,Annual,892.2
2022,LVA,Labour force,Persons,Not applicable,Calendar and seasonally adjusted,Total,From 15 to 64 years,Not applicable,Annual,904.2
2023,LVA,Labour force,Persons,Not applicable,Calendar and seasonally adjusted,Total,From 15 to 64 years,Not applicable,Annual,893.975
2006,LTU,Labour force,Persons,Not applicable,Calendar and seasonally adjusted,Total,From 15 to 64 years,Not applicable,Annual,1492.325
2007,LTU,Labour force,Persons,Not applicable,Calendar and seasonally adjusted,Total,From 15 to 64 years,Not applicable,Annual,1486.85
2008,LTU,Labour force,Persons,Not applicable,Calendar and seasonally adjusted,Total,From 15 to 64 years,Not applicable,Annual,1484.3
2014,LTU,Labour force,Persons,Not applicable,Calendar and seasonally adjusted,Total,From 15 to 64 years,Not applicable,Annual,1445.5
2018,LTU,Labour force,Persons,Not applicable,Calendar and seasonally adjusted,Total,From 15 to 64 years,Not applicable,Annual,1413.25
2021,LTU,Labour force,Persons,Not applicable,Calendar and seasonally adjusted,Total,From 15 to 64 years,Not applicable,Annual,1414.375
2022,LTU,Labour force,Persons,Not applicable,Calendar and seasonally adjusted,Total,From 15 to 64 years,Not applicable,Annual,1443.875
2023,LTU,Labour force,Persons,Not applicable,Calendar and seasonally adjusted,Total,From 15 to 64 years,Not applicable,Annual,1473.05
2003,LUX,Labour force,Persons,Not applicable,Calendar and seasonally adjusted,Total,From 15 to 64 years,Not applicable,Annual,193.4
2007,LUX,Labour force,Persons,Not applicable,Calendar and seasonally adjusted,Total,From 15 to 64 years,Not applicable,Annual,211.2
2009,LUX,Labour force,Persons,Not applicable,Calendar and seasonally adjusted,Total,From 15 to 64 years,Not applicable,Annual,226.525
2010,LUX,Labour force,Persons,Not applicable,Calendar and seasonally adjusted,Total,From 15 to 64 years,Not applicable,Annual,228.65
2011,LUX,Labour force,Persons,Not applicable,Calendar and seasonally adjusted,Total,From 15 to 64 years,Not applicable,Annual,233.95
2012,LUX,Labour force,Persons,Not applicable,Calendar and seasonally adjusted,Total,From 15 to 64 years,Not applicable,Annual,246.475
2013,LUX,Labour force,Persons,Not applicable,Calendar and seasonally adjusted,Total,From 15 to 64 years,Not applicable,Annual,250.9
2015,LUX,Labour force,Persons,Not applicable,Calendar and seasonally adjusted,Total,From 15 to 64 years,Not applicable,Annual,273.5
2016,LUX,Labour force,Persons,Not applicable,Calendar and seasonally adjusted,Total,From 15 to 64 years,Not applicable,Annual,276.9
2017,LUX,Labour force,Persons,Not applicable,Calendar and seasonally adjusted,Total,From 15 to 64 years,Not applicable,Annual,285.675
2018,LUX,Labour force,Persons,Not applicable,Calendar and seasonally adjusted,Total,From 15 to 64 years,Not applicable,Annual,294.9
2019,LUX,Labour force,Persons,Not applicable,Calendar and seasonally adjusted,Total,From 15 to 64 years,Not applicable,Annual,304.35
2021,LUX,Labour force,Persons,Not applicable,Calendar and seasonally adjusted,Total,From 15 to 64 years,Not applicable,Annual,319.725
2022,LUX,Labour force,Persons,Not applicable,Calendar and seasonally adjusted,Total,From 15 to 64 years,Not applicable,Annual,323.6
2023,LUX,Labour force,Persons,Not applicable,Calendar and seasonally adjusted,Total,From 15 to 64 years,Not applicable,Annual,335.15
2006,MEX,Labour force,Persons,Not applicable,Calendar and seasonally adjusted,Total,From 15 to 64 years,Not applicable,Annual,42933.57
2007,MEX,Labour force,Persons,Not applicable,Calendar and seasonally adjusted,Total,From 15 to 64 years,Not applicable,Annual,43854.73
2008,MEX,Labour force,Persons,Not applicable,Calendar and seasonally adjusted,Total,From 15 to 64 years,Not applicable,Annual,44669.6
2009,MEX,Labour force,Persons,Not applicable,Calendar and seasonally adjusted,Total,From 15 to 64 years,Not applicable,Annual,45852.0
2010,MEX,Labour force,Persons,Not applicable,Calendar and seasonally adjusted,Total,From 15 to 64 years,Not applicable,Annual,46496.64
2011,MEX,Labour force,Persons,Not applicable,Calendar and seasonally adjusted,Total,From 15 to 64 years,Not applicable,Annual,47468.32
2012,MEX,Labour force,Persons,Not applicable,Calendar and seasonally adjusted,Total,From 15 to 64 years,Not applicable,Annual,48894.56
2013,MEX,Labour force,Persons,Not applicable,Calendar and seasonally adjusted,Total,From 15 to 64 years,Not applicable,Annual,49403.13
2014,MEX,Labour force,Persons,Not applicable,Calendar and seasonally adjusted,Total,From 15 to 64 years,Not applicable,Annual,49478.15
2015,MEX,Labour force,Persons,Not applicable,Calendar and seasonally adjusted,Total,From 15 to 64 years,Not applicable,Annual,50272.78
2016,MEX,Labour force,Persons,Not applicable,Calendar and seasonally adjusted,Total,From 15 to 64 years,Not applicable,Annual,51022.54
2017,MEX,Labour force,Persons,Not applicable,Calendar and seasonally adjusted,Total,From 15 to 64 years,Not applicable,Annual,50823.83
2018,MEX,Labour force,Persons,Not applicable,Calendar and seasonally adjusted,Total,From 15 to 64 years,Not applicable,Annual,52093.81
2019,MEX,Labour force,Persons,Not applicable,Calendar and seasonally adjusted,Total,From 15 to 64 years,Not applicable,Annual,53561.52
2021,MEX,Labour force,Persons,Not applicable,Calendar and seasonally adjusted,Total,From 15 to 64 years,Not applicable,Annual,54618.25
2022,MEX,Labour force,Persons,Not applicable,Calendar and seasonally adjusted,Total,From 15 to 64 years,Not applicable,Annual,56136.99
2023,MEX,Labour force,Persons,Not applicable,Calendar and seasonally adjusted,Total,From 15 to 64 years,Not applicable,Annual,57153.51
2000,NLD,Labour force,Persons,Not applicable,Calendar and seasonally adjusted,Total,From 15 to 64 years,Not applicable,Annual,8057.825
2001,NLD,Labour force,Persons,Not applicable,Calendar and seasonally adjusted,Total,From 15 to 64 years,Not applicable,Annual,8189.275
2002,NLD,Labour force,Persons,Not applicable,Calendar and seasonally adjusted,Total,From 15 to 64 years,Not applicable,Annual,8319.025
2003,NLD,Labour force,Persons,Not applicable,Calendar and seasonally adjusted,Total,From 15 to 64 years,Not applicable,Annual,8350.0
2006,NLD,Labour force,Persons,Not applicable,Calendar and seasonally adjusted,Total,From 15 to 64 years,Not applicable,Annual,8253.85
2007,NLD,Labour force,Persons,Not applicable,Calendar and seasonally adjusted,Total,From 15 to 64 years,Not applicable,Annual,8411.5
2009,NLD,Labour force,Persons,Not applicable,Calendar and seasonally adjusted,Total,From 15 to 64 years,Not applicable,Annual,8874.25
2010,NLD,Labour force,Persons,Not applicable,Calendar and seasonally adjusted,Total,From 15 to 64 years,Not applicable,Annual,8854.25
2011,NLD,Labour force,Persons,Not applicable,Calendar and seasonally adjusted,Total,From 15 to 64 years,Not applicable,Annual,8858.0
2012,NLD,Labour force,Persons,Not applicable,Calendar and seasonally adjusted,Total,From 15 to 64 years,Not applicable,Annual,8960.25
2013,NLD,Labour force,Persons,Not applicable,Calendar and seasonally adjusted,Total,From 15 to 64 years,Not applicable,Annual,9018.5
2014,NLD,Labour force,Persons,Not applicable,Calendar and seasonally adjusted,Total,From 15 to 64 years,Not applicable,Annual,8953.0
2015,NLD,Labour force,Persons,Not applicable,Calendar and seasonally adjusted,Total,From 15 to 64 years,Not applicable,Annual,8995.0
2016,NLD,Labour force,Persons,Not applicable,Calendar and seasonally adjusted,Total,From 15 to 64 years,Not applicable,Annual,9029.5
2017,NLD,Labour force,Persons,Not applicable,Calendar and seasonally adjusted,Total,From 15 to 64 years,Not applicable,Annual,9080.5
2018,NLD,Labour force,Persons,Not applicable,Calendar and seasonally adjusted,Total,From 15 to 64 years,Not applicable,Annual,9159.5
2019,NLD,Labour force,Persons,Not applicable,Calendar and seasonally adjusted,Total,From 15 to 64 years,Not applicable,Annual,9268.5
2020,NLD,Labour force,Persons,Not applicable,Calendar and seasonally adjusted,Total,From 15 to 64 years,Not applicable,Annual,9306.0
2021,NLD,Labour force,Persons,Not applicable,Calendar and seasonally adjusted,Total,From 15 to 64 years,Not applicable,Annual,9371.6
2022,NLD,Labour force,Persons,Not applicable,Calendar and seasonally adjusted,Total,From 15 to 64 years,Not applicable,Annual,9569.175
2023,NLD,Labour force,Persons,Not applicable,Calendar and seasonally adjusted,Total,From 15 to 64 years,Not applicable,Annual,9731.725
1990,NZL,Labour force,Persons,Not applicable,Calendar and seasonally adjusted,Total,From 15 to 64 years,Not applicable,Annual,1644.225
1991,NZL,Labour force,Persons,Not applicable,Calendar and seasonally adjusted,Total,From 15 to 64 years,Not applicable,Annual,1665.8
1992,NZL,Labour force,Persons,Not applicable,Calendar and seasonally adjusted,Total,From 15 to 64 years,Not applicable,Annual,1674.1
1993,NZL,Labour force,Persons,Not applicable,Calendar and seasonally adjusted,Total,From 15 to 64 years,Not applicable,Annual,1692.125
1994,NZL,Labour force,Persons,Not applicable,Calendar and seasonally adjusted,Total,From 15 to 64 years,Not applicable,Annual,1734.4
1995,NZL,Labour force,Persons,Not applicable,Calendar and seasonally adjusted,Total,From 15 to 64 years,Not applicable,Annual,1778.925
1996,NZL,Labour force,Persons,Not applicable,Calendar and seasonally adjusted,Total,From 15 to 64 years,Not applicable,Annual,1830.025
1997,NZL,Labour force,Persons,Not applicable,Calendar and seasonally adjusted,Total,From 15 to 64 years,Not applicable,Annual,1853.275
1998,NZL,Labour force,Persons,Not applicable,Calendar and seasonally adjusted,Total,From 15 to 64 years,Not applicable,Annual,1859.0
1999,NZL,Labour force,Persons,Not applicable,Calendar and seasonally adjusted,Total,From 15 to 64 years,Not applicable,Annual,1869.05
2000,NZL,Labour force,Persons,Not applicable,Calendar and seasonally adjusted,Total,From 15 to 64 years,Not applicable,Annual,1883.8
2001,NZL,Labour force,Persons,Not applicable,Calendar and seasonally adjusted,Total,From 15 to 64 years,Not applicable,Annual,1913.575
2002,NZL,Labour force,Persons,Not applicable,Calendar and seasonally adjusted,Total,From 15 to 64 years,Not applicable,Annual,1968.5
2003,NZL,Labour force,Persons,Not applicable,Calendar and seasonally adjusted,Total,From 15 to 64 years,Not applicable,Annual,2006.325
2004,NZL,Labour force,Persons,Not applicable,Calendar and seasonally adjusted,Total,From 15 to 64 years,Not applicable,Annual,2055.8
2006,NZL,Labour force,Persons,Not applicable,Calendar and seasonally adjusted,Total,From 15 to 64 years,Not applicable,Annual,2154.325
2007,NZL,Labour force,Persons,Not applicable,Calendar and seasonally adjusted,Total,From 15 to 64 years,Not applicable,Annual,2178.0
2008,NZL,Labour force,Persons,Not applicable,Calendar and seasonally adjusted,Total,From 15 to 64 years,Not applicable,Annual,2187.825
2009,NZL,Labour force,Persons,Not applicable,Calendar and seasonally adjusted,Total,From 15 to 64 years,Not applicable,Annual,2195.725
2010,NZL,Labour force,Persons,Not applicable,Calendar and seasonally adjusted,Total,From 15 to 64 years,Not applicable,Annual,2205.225
2011,NZL,Labour force,Persons,Not applicable,Calendar and seasonally adjusted,Total,From 15 to 64 years,Not applicable,Annual,2220.475
2012,NZL,Labour force,Persons,Not applicable,Calendar and seasonally adjusted,Total,From 15 to 64 years,Not applicable,Annual,2217.075
2013,NZL,Labour force,Persons,Not applicable,Calendar and seasonally adjusted,Total,From 15 to 64 years,Not applicable,Annual,2238.375
2014,NZL,Labour force,Persons,Not applicable,Calendar and seasonally adjusted,Total,From 15 to 64 years,Not applicable,Annual,2309.775
2015,NZL,Labour force,Persons,Not applicable,Calendar and seasonally adjusted,Total,From 15 to 64 years,Not applicable,Annual,2364.05
2016,NZL,Labour force,Persons,Not applicable,Calendar and seasonally adjusted,Total,From 15 to 64 years,Not applicable,Annual,2463.625
2017,NZL,Labour force,Persons,Not applicable,Calendar and seasonally adjusted,Total,From 15 to 64 years,Not applicable,Annual,2550.225
2018,NZL,Labour force,Persons,Not applicable,Calendar and seasonally adjusted,Total,From 15 to 64 years,Not applicable,Annual,2602.625
2020,NZL,Labour force,Persons,Not applicable,Calendar and seasonally adjusted,Total,From 15 to 64 years,Not applicable,Annual,2673.575
2000,NOR,Labour force,Persons,Not applicable,Calendar and seasonally adjusted,Total,From 15 to 64 years,Not applicable,Annual,2302.225
2001,NOR,Labour force,Persons,Not applicable,Calendar and seasonally adjusted,Total,From 15 to 64 years,Not applicable,Annual,2311.35
2002,NOR,Labour force,Persons,Not applicable,Calendar and seasonally adjusted,Total,From 15 to 64 years,Not applicable,Annual,2328.475
2003,NOR,Labour force,Persons,Not applicable,Calendar and seasonally adjusted,Total,From 15 to 64 years,Not applicable,Annual,2312.925
2021,NOR,Labour force,Persons,Not applicable,Calendar and seasonally adjusted,Total,From 15 to 64 years,Not applicable,Annual,2783.95
2022,NOR,Labour force,Persons,Not applicable,Calendar and seasonally adjusted,Total,From 15 to 64 years,Not applicable,Annual,2823.675
2023,NOR,Labour force,Persons,Not applicable,Calendar and seasonally adjusted,Total,From 15 to 64 years,Not applicable,Annual,2859.15
2001,POL,Labour force,Persons,Not applicable,Calendar and seasonally adjusted,Total,From 15 to 64 years,Not applicable,Annual,17029.72
2006,POL,Labour force,Persons,Not applicable,Calendar and seasonally adjusted,Total,From 15 to 64 years,Not applicable,Annual,16678.88
2007,POL,Labour force,Persons,Not applicable,Calendar and seasonally adjusted,Total,From 15 to 64 years,Not applicable,Annual,16610.3
2010,POL,Labour force,Persons,Not applicable,Calendar and seasonally adjusted,Total,From 15 to 64 years,Not applicable,Annual,16372.75
2011,POL,Labour force,Persons,Not applicable,Calendar and seasonally adjusted,Total,From 15 to 64 years,Not applicable,Annual,16487.75
2012,POL,Labour force,Persons,Not applicable,Calendar and seasonally adjusted,Total,From 15 to 64 years,Not applicable,Annual,16655.75
2013,POL,Labour force,Persons,Not applicable,Calendar and seasonally adjusted,Total,From 15 to 64 years,Not applicable,Annual,16696.0
2014,POL,Labour force,Persons,Not applicable,Calendar and seasonally adjusted,Total,From 15 to 64 years,Not applicable,Annual,16782.5
2015,POL,Labour force,Persons,Not applicable,Calendar and seasonally adjusted,Total,From 15 to 64 years,Not applicable,Annual,16779.0
2016,POL,Labour force,Persons,Not applicable,Calendar and seasonally adjusted,Total,From 15 to 64 years,Not applicable,Annual,16704.0
2017,POL,Labour force,Persons,Not applicable,Calendar and seasonally adjusted,Total,From 15 to 64 years,Not applicable,Annual,16710.5
2018,POL,Labour force,Persons,Not applicable,Calendar and seasonally adjusted,Total,From 15 to 64 years,Not applicable,Annual,16611.75
1998,PRT,Labour force,Persons,Not applicable,Calendar and seasonally adjusted,Total,From 15 to 64 years,Not applicable,Annual,4833.8
1999,PRT,Labour force,Persons,Not applicable,Calendar and seasonally adjusted,Total,From 15 to 64 years,Not applicable,Annual,4878.8
2000,PRT,Labour force,Persons,Not applicable,Calendar and seasonally adjusted,Total,From 15 to 64 years,Not applicable,Annual,4952.25
2001,PRT,Labour force,Persons,Not applicable,Calendar and seasonally adjusted,Total,From 15 to 64 years,Not applicable,Annual,5022.9
2002,PRT,Labour force,Persons,Not applicable,Calendar and seasonally adjusted,Total,From 15 to 64 years,Not applicable,Annual,5085.35
2003,PRT,Labour force,Persons,Not applicable,Calendar and seasonally adjusted,Total,From 15 to 64 years,Not applicable,Annual,5104.55
2006,PRT,Labour force,Persons,Not applicable,Calendar and seasonally adjusted,Total,From 15 to 64 years,Not applicable,Annual,5170.925
2007,PRT,Labour force,Persons,Not applicable,Calendar and seasonally adjusted,Total,From 15 to 64 years,Not applicable,Annual,5196.025
2009,PRT,Labour force,Persons,Not applicable,Calendar and seasonally adjusted,Total,From 15 to 64 years,Not applicable,Annual,4998.0
2010,PRT,Labour force,Persons,Not applicable,Calendar and seasonally adjusted,Total,From 15 to 64 years,Not applicable,Annual,5010.0
1999,SVK,Labour force,Persons,Not applicable,Calendar and seasonally adjusted,Total,From 15 to 64 years,Not applicable,Annual,2541.25
2000,SVK,Labour force,Persons,Not applicable,Calendar and seasonally adjusted,Total,From 15 to 64 years,Not applicable,Annual,2580.1
2001,SVK,Labour force,Persons,Not applicable,Calendar and seasonally adjusted,Total,From 15 to 64 years,Not applicable,Annual,2622.275
2003,SVK,Labour force,Persons,Not applicable,Calendar and seasonally adjusted,Total,From 15 to 64 years,Not applicable,Annual,2614.325
2006,SVK,Labour force,Persons,Not applicable,Calendar and seasonally adjusted,Total,From 15 to 64 years,Not applicable,Annual,2650.425
2007,SVK,Labour force,Persons,Not applicable,Calendar and seasonally adjusted,Total,From 15 to 64 years,Not applicable,Annual,2645.95
2009,SVK,Labour force,Persons,Not applicable,Calendar and seasonally adjusted,Total,From 15 to 64 years,Not applicable,Annual,2753.0
2011,SVK,Labour force,Persons,Not applicable,Calendar and seasonally adjusted,Total,From 15 to 64 years,Not applicable,Annual,2740.25
2012,SVK,Labour force,Persons,Not applicable,Calendar and seasonally adjusted,Total,From 15 to 64 years,Not applicable,Annual,2768.0
2013,SVK,Labour force,Persons,Not applicable,Calendar and seasonally adjusted,Total,From 15 to 64 years,Not applicable,Annual,2777.0
2014,SVK,Labour force,Persons,Not applicable,Calendar and seasonally adjusted,Total,From 15 to 64 years,Not applicable,Annual,2780.75
2015,SVK,Labour force,Persons,Not applicable,Calendar and seasonally adjusted,Total,From 15 to 64 years,Not applicable,Annual,2795.25
2016,SVK,Labour force,Persons,Not applicable,Calendar and seasonally adjusted,Total,From 15 to 64 years,Not applicable,Annual,2815.5
2017,SVK,Labour force,Persons,Not applicable,Calendar and seasonally adjusted,Total,From 15 to 64 years,Not applicable,Annual,2802.5
2018,SVK,Labour force,Persons,Not applicable,Calendar and seasonally adjusted,Total,From 15 to 64 years,Not applicable,Annual,2789.5
2019,SVK,Labour force,Persons,Not applicable,Calendar and seasonally adjusted,Total,From 15 to 64 years,Not applicable,Annual,2779.25
2020,SVK,Labour force,Persons,Not applicable,Calendar and seasonally adjusted,Total,From 15 to 64 years,Not applicable,Annual,2749.0
2021,SVK,Labour force,Persons,Not applicable,Calendar and seasonally adjusted,Total,From 15 to 64 years,Not applicable,Annual,2708.925
2022,SVK,Labour force,Persons,Not applicable,Calendar and seasonally adjusted,Total,From 15 to 64 years,Not applicable,Annual,2729.6
2023,SVK,Labour force,Persons,Not applicable,Calendar and seasonally adjusted,Total,From 15 to 64 years,Not applicable,Annual,2721.525
1999,SVN,Labour force,Persons,Not applicable,Calendar and seasonally adjusted,Total,From 15 to 64 years,Not applicable,Annual,931.2
2000,SVN,Labour force,Persons,Not applicable,Calendar and seasonally adjusted,Total,From 15 to 64 years,Not applicable,Annual,942.35
2001,SVN,Labour force,Persons,Not applicable,Calendar and seasonally adjusted,Total,From 15 to 64 years,Not applicable,Annual,952.95
2002,SVN,Labour force,Persons,Not applicable,Calendar and seasonally adjusted,Total,From 15 to 64 years,Not applicable,Annual,950.225
2003,SVN,Labour force,Persons,Not applicable,Calendar and seasonally adjusted,Total,From 15 to 64 years,Not applicable,Annual,943.025
2006,SVN,Labour force,Persons,Not applicable,Calendar and seasonally adjusted,Total,From 15 to 64 years,Not applicable,Annual,997.5
2007,SVN,Labour force,Persons,Not applicable,Calendar and seasonally adjusted,Total,From 15 to 64 years,Not applicable,Annual,1006.85
2009,SVN,Labour force,Persons,Not applicable,Calendar and seasonally adjusted,Total,From 15 to 64 years,Not applicable,Annual,1008.75
2010,SVN,Labour force,Persons,Not applicable,Calendar and seasonally adjusted,Total,From 15 to 64 years,Not applicable,Annual,1006.75
2011,SVN,Labour force,Persons,Not applicable,Calendar and seasonally adjusted,Total,From 15 to 64 years,Not applicable,Annual,989.5
2012,SVN,Labour force,Persons,Not applicable,Calendar and seasonally adjusted,Total,From 15 to 64 years,Not applicable,Annual,988.0
2013,SVN,Labour force,Persons,Not applicable,Calendar and seasonally adjusted,Total,From 15 to 64 years,Not applicable,Annual,982.0
2014,SVN,Labour force,Persons,Not applicable,Calendar and seasonally adjusted,Total,From 15 to 64 years,Not applicable,Annual,983.0
2015,SVN,Labour force,Persons,Not applicable,Calendar and seasonally adjusted,Total,From 15 to 64 years,Not applicable,Annual,983.75
2016,SVN,Labour force,Persons,Not applicable,Calendar and seasonally adjusted,Total,From 15 to 64 years,Not applicable,Annual,974.25
2017,SVN,Labour force,Persons,Not applicable,Calendar and seasonally adjusted,Total,From 15 to 64 years,Not applicable,Annual,1002.5
2018,SVN,Labour force,Persons,Not applicable,Calendar and seasonally adjusted,Total,From 15 to 64 years,Not applicable,Annual,1006.5
2019,SVN,Labour force,Persons,Not applicable,Calendar and seasonally adjusted,Total,From 15 to 64 years,Not applicable,Annual,1007.5
2020,SVN,Labour force,Persons,Not applicable,Calendar and seasonally adjusted,Total,From 15 to 64 years,Not applicable,Annual,1004.75
2021,SVN,Labour force,Persons,Not applicable,Calendar and seasonally adjusted,Total,From 15 to 64 years,Not applicable,Annual,1002.2
2022,SVN,Labour force,Persons,Not applicable,Calendar and seasonally adjusted,Total,From 15 to 64 years,Not applicable,Annual,1006.85
2023,SVN,Labour force,Persons,Not applicable,Calendar and seasonally adjusted,Total,From 15 to 64 years,Not applicable,Annual,1006.775
1999,ESP,Labour force,Persons,Not applicable,Calendar and seasonally adjusted,Total,From 15 to 64 years,Not applicable,Annual,17317.68
2001,ESP,Labour force,Persons,Not applicable,Calendar and seasonally adjusted,Total,From 15 to 64 years,Not applicable,Annual,17941.65
2002,ESP,Labour force,Persons,Not applicable,Calendar and seasonally adjusted,Total,From 15 to 64 years,Not applicable,Annual,18855.53
2003,ESP,Labour force,Persons,Not applicable,Calendar and seasonally adjusted,Total,From 15 to 64 years,Not applicable,Annual,19632.15
2006,ESP,Labour force,Persons,Not applicable,Calendar and seasonally adjusted,Total,From 15 to 64 years,Not applicable,Annual,21630.63
2007,ESP,Labour force,Persons,Not applicable,Calendar and seasonally adjusted,Total,From 15 to 64 years,Not applicable,Annual,22280.93
2008,ESP,Labour force,Persons,Not applicable,Calendar and seasonally adjusted,Total,From 15 to 64 years,Not applicable,Annual,22908.47
2016,ESP,Labour force,Persons,Not applicable,Calendar and seasonally adjusted,Total,From 15 to 64 years,Not applicable,Annual,22656.5
2001,SWE,Labour force,Persons,Not applicable,Calendar and seasonally adjusted,Total,From 15 to 64 years,Not applicable,Annual,4467.875
2002,SWE,Labour force,Persons,Not applicable,Calendar and seasonally adjusted,Total,From 15 to 64 years,Not applicable,Annual,4482.2
2003,SWE,Labour force,Persons,Not applicable,Calendar and seasonally adjusted,Total,From 15 to 64 years,Not applicable,Annual,4500.725
2006,CHE,Labour force,Persons,Not applicable,Calendar and seasonally adjusted,Total,From 15 to 64 years,Not applicable,Annual,4121.8
2007,CHE,Labour force,Persons,Not applicable,Calendar and seasonally adjusted,Total,From 15 to 64 years,Not applicable,Annual,4170.8
2008,CHE,Labour force,Persons,Not applicable,Calendar and seasonally adjusted,Total,From 15 to 64 years,Not applicable,Annual,4257.0
2017,CHE,Labour force,Persons,Not applicable,Calendar and seasonally adjusted,Total,From 15 to 64 years,Not applicable,Annual,4687.0
2006,TUR,Labour force,Persons,Not applicable,Calendar and seasonally adjusted,Total,From 15 to 64 years,Not applicable,Annual,21832.6
2007,TUR,Labour force,Persons,Not applicable,Calendar and seasonally adjusted,Total,From 15 to 64 years,Not applicable,Annual,22235.45
2008,TUR,Labour force,Persons,Not applicable,Calendar and seasonally adjusted,Total,From 15 to 64 years,Not applicable,Annual,22908.05
2009,TUR,Labour force,Persons,Not applicable,Calendar and seasonally adjusted,Total,From 15 to 64 years,Not applicable,Annual,23744.4
2010,TUR,Labour force,Persons,Not applicable,Calendar and seasonally adjusted,Total,From 15 to 64 years,Not applicable,Annual,24690.6
2011,TUR,Labour force,Persons,Not applicable,Calendar and seasonally adjusted,Total,From 15 to 64 years,Not applicable,Annual,25768.57
2012,TUR,Labour force,Persons,Not applicable,Calendar and seasonally adjusted,Total,From 15 to 64 years,Not applicable,Annual,26367.47
2014,TUR,Labour force,Persons,Not applicable,Calendar and seasonally adjusted,Total,From 15 to 64 years,Not applicable,Annual,28086.05
2015,TUR,Labour force,Persons,Not applicable,Calendar and seasonally adjusted,Total,From 15 to 64 years,Not applicable,Annual,28903.28
2016,TUR,Labour force,Persons,Not applicable,Calendar and seasonally adjusted,Total,From 15 to 64 years,Not applicable,Annual,29761.18
2017,TUR,Labour force,Persons,Not applicable,Calendar and seasonally adjusted,Total,From 15 to 64 years,Not applicable,Annual,30796.93
2018,TUR,Labour force,Persons,Not applicable,Calendar and seasonally adjusted,Total,From 15 to 64 years,Not applicable,Annual,31369.97
2019,TUR,Labour force,Persons,Not applicable,Calendar and seasonally adjusted,Total,From 15 to 64 years,Not applicable,Annual,31648.32
2021,TUR,Labour force,Persons,Not applicable,Calendar and seasonally adjusted,Total,From 15 to 64 years,Not applicable,Annual,31819.5
2022,TUR,Labour force,Persons,Not applicable,Calendar and seasonally adjusted,Total,From 15 to 64 years,Not applicable,Annual,33317.75
2023,TUR,Labour force,Persons,Not applicable,Calendar and seasonally adjusted,Total,From 15 to 64 years,Not applicable,Annual,33844.5
1993,GBR,Labour force,Persons,Not applicable,Calendar and seasonally adjusted,Total,From 15 to 64 years,Not applicable,Annual,27790.75
1994,GBR,Labour force,Persons,Not applicable,Calendar and seasonally adjusted,Total,From 15 to 64 years,Not applicable,Annual,27736.5
1995,GBR,Labour force,Persons,Not applicable,Calendar and seasonally adjusted,Total,From 15 to 64 years,Not applicable,Annual,27796.25
1996,GBR,Labour force,Persons,Not applicable,Calendar and seasonally adjusted,Total,From 15 to 64 years,Not applicable,Annual,27921.25
1997,GBR,Labour force,Persons,Not applicable,Calendar and seasonally adjusted,Total,From 15 to 64 years,Not applicable,Annual,28061.5
1998,GBR,Labour force,Persons,Not applicable,Calendar and seasonally adjusted,Total,From 15 to 64 years,Not applicable,Annual,28137.0
1999,GBR,Labour force,Persons,Not applicable,Calendar and seasonally adjusted,Total,From 15 to 64 years,Not applicable,Annual,28425.5
2000,GBR,Labour force,Persons,Not applicable,Calendar and seasonally adjusted,Total,From 15 to 64 years,Not applicable,Annual,28610.25
2001,GBR,Labour force,Persons,Not applicable,Calendar and seasonally adjusted,Total,From 15 to 64 years,Not applicable,Annual,28746.5
2002,GBR,Labour force,Persons,Not applicable,Calendar and seasonally adjusted,Total,From 15 to 64 years,Not applicable,Annual,28982.25
2003,GBR,Labour force,Persons,Not applicable,Calendar and seasonally adjusted,Total,From 15 to 64 years,Not applicable,Annual,29177.5
2004,GBR,Labour force,Persons,Not applicable,Calendar and seasonally adjusted,Total,From 15 to 64 years,Not applicable,Annual,29406.75
2006,GBR,Labour force,Persons,Not applicable,Calendar and seasonally adjusted,Total,From 15 to 64 years,Not applicable,Annual,30172.25
2007,GBR,Labour force,Persons,Not applicable,Calendar and seasonally adjusted,Total,From 15 to 64 years,Not applicable,Annual,30379.5
2008,GBR,Labour force,Persons,Not applicable,Calendar and seasonally adjusted,Total,From 15 to 64 years,Not applicable,Annual,30704.25
2009,GBR,Labour force,Persons,Not applicable,Calendar and seasonally adjusted,Total,From 15 to 64 years,Not applicable,Annual,30793.75
2010,GBR,Labour force,Persons,Not applicable,Calendar and seasonally adjusted,Total,From 15 to 64 years,Not applicable,Annual,30865.0
2011,GBR,Labour force,Persons,Not applicable,Calendar and seasonally adjusted,Total,From 15 to 64 years,Not applicable,Annual,31065.0
2012,GBR,Labour force,Persons,Not applicable,Calendar and seasonally adjusted,Total,From 15 to 64 years,Not applicable,Annual,31295.0
2013,GBR,Labour force,Persons,Not applicable,Calendar and seasonally adjusted,Total,From 15 to 64 years,Not applicable,Annual,31451.0
2014,GBR,Labour force,Persons,Not applicable,Calendar and seasonally adjusted,Total,From 15 to 64 years,Not applicable,Annual,31641.25
2015,GBR,Labour force,Persons,Not applicable,Calendar and seasonally adjusted,Total,From 15 to 64 years,Not applicable,Annual,31865.0
2016,GBR,Labour force,Persons,Not applicable,Calendar and seasonally adjusted,Total,From 15 to 64 years,Not applicable,Annual,32153.25
2017,GBR,Labour force,Persons,Not applicable,Calendar and seasonally adjusted,Total,From 15 to 64 years,Not applicable,Annual,32336.0
2018,GBR,Labour force,Persons,Not applicable,Calendar and seasonally adjusted,Total,From 15 to 64 years,Not applicable,Annual,32562.75
2006,G7,Labour force,Persons,Not applicable,Calendar and seasonally adjusted,Total,From 15 to 64 years,Not applicable,Annual,347978.5
2007,G7,Labour force,Persons,Not applicable,Calendar and seasonally adjusted,Total,From 15 to 64 years,Not applicable,Annual,350038.2
2006,EA20,Labour force,Persons,Not applicable,Calendar and seasonally adjusted,Total,From 15 to 64 years,Not applicable,Annual,153159.6
2007,EA20,Labour force,Persons,Not applicable,Calendar and seasonally adjusted,Total,From 15 to 64 years,Not applicable,Annual,154694.0
2008,EA20,Labour force,Persons,Not applicable,Calendar and seasonally adjusted,Total,From 15 to 64 years,Not applicable,Annual,156268.6
2009,EA20,Labour force,Persons,Not applicable,Calendar and seasonally adjusted,Total,From 15 to 64 years,Not applicable,Annual,158699.8
2010,EA20,Labour force,Persons,Not applicable,Calendar and seasonally adjusted,Total,From 15 to 64 years,Not applicable,Annual,158045.5
2006,EU27_2020,Labour force,Persons,Not applicable,Calendar and seasonally adjusted,Total,From 15 to 64 years,Not applicable,Annual,201428.5
2007,EU27_2020,Labour force,Persons,Not applicable,Calendar and seasonally adjusted,Total,From 15 to 64 years,Not applicable,Annual,203053.7
2008,EU27_2020,Labour force,Persons,Not applicable,Calendar and seasonally adjusted,Total,From 15 to 64 years,Not applicable,Annual,204847.8
2010,RUS,Labour force,Persons,Not applicable,Calendar and seasonally adjusted,Total,From 15 to 64 years,Not applicable,Annual,74637.85
2011,RUS,Labour force,Persons,Not applicable,Calendar and seasonally adjusted,Total,From 15 to 64 years,Not applicable,Annual,74937.66
2012,RUS,Labour force,Persons,Not applicable,Calendar and seasonally adjusted,Total,From 15 to 64 years,Not applicable,Annual,74852.1
2013,RUS,Labour force,Persons,Not applicable,Calendar and seasonally adjusted,Total,From 15 to 64 years,Not applicable,Annual,74666.16
2014,RUS,Labour force,Persons,Not applicable,Calendar and seasonally adjusted,Total,From 15 to 64 years,Not applicable,Annual,74573.8
2015,RUS,Labour force,Persons,Not applicable,Calendar and seasonally adjusted,Total,From 15 to 64 years,Not applicable,Annual,75659.69
2016,RUS,Labour force,Persons,Not applicable,Calendar and seasonally adjusted,Total,From 15 to 64 years,Not applicable,Annual,75667.43
2017,RUS,Labour force,Persons,Not applicable,Calendar and seasonally adjusted,Total,From 15 to 64 years,Not applicable,Annual,75086.11
2018,RUS,Labour force,Persons,Not applicable,Calendar and seasonally adjusted,Total,From 15 to 64 years,Not applicable,Annual,74875.23
2019,RUS,Labour force,Persons,Not applicable,Calendar and seasonally adjusted,Total,From 15 to 64 years,Not applicable,Annual,73943.48
2020,RUS,Labour force,Persons,Not applicable,Calendar and seasonally adjusted,Total,From 15 to 64 years,Not applicable,Annual,73482.38
2021,RUS,Labour force,Persons,Not applicable,Calendar and seasonally adjusted,Total,From 15 to 64 years,Not applicable,Annual,73933.27
2000,ZAF,Labour force,Persons,Not applicable,Calendar and seasonally adjusted,Total,From 15 to 64 years,Not applicable,Annual,16078.0
2001,ZAF,Labour force,Persons,Not applicable,Calendar and seasonally adjusted,Total,From 15 to 64 years,Not applicable,Annual,16182.0
2002,ZAF,Labour force,Persons,Not applicable,Calendar and seasonally adjusted,Total,From 15 to 64 years,Not applicable,Annual,16431.0
2003,ZAF,Labour force,Persons,Not applicable,Calendar and seasonally adjusted,Total,From 15 to 64 years,Not applicable,Annual,16208.0
2004,ZAF,Labour force,Persons,Not applicable,Calendar and seasonally adjusted,Total,From 15 to 64 years,Not applicable,Annual,15990.0
2006,ZAF,Labour force,Persons,Not applicable,Calendar and seasonally adjusted,Total,From 15 to 64 years,Not applicable,Annual,17341.0
2008,ZAF,Labour force,Persons,Not applicable,Calendar and seasonally adjusted,Total,From 15 to 64 years,Not applicable,Annual,18831.03
2009,ZAF,Labour force,Persons,Not applicable,Calendar and seasonally adjusted,Total,From 15 to 64 years,Not applicable,Annual,18596.81
2010,ZAF,Labour force,Persons,Not applicable,Calendar and seasonally adjusted,Total,From 15 to 64 years,Not applicable,Annual,18352.21
2011,ZAF,Labour force,Persons,Not applicable,Calendar and seasonally adjusted,Total,From 15 to 64 years,Not applicable,Annual,18706.36
2012,ZAF,Labour force,Persons,Not applicable,Calendar and seasonally adjusted,Total,From 15 to 64 years,Not applicable,Annual,19199.96
2013,ZAF,Labour force,Persons,Not applicable,Calendar and seasonally adjusted,Total,From 15 to 64 years,Not applicable,Annual,19751.67
2014,ZAF,Labour force,Persons,Not applicable,Calendar and seasonally adjusted,Total,From 15 to 64 years,Not applicable,Annual,20216.44
2015,ZAF,Labour force,Persons,Not applicable,Calendar and seasonally adjusted,Total,From 15 to 64 years,Not applicable,Annual,21084.66
2016,ZAF,Labour force,Persons,Not applicable,Calendar and seasonally adjusted,Total,From 15 to 64 years,Not applicable,Annual,21533.07
2017,ZAF,Labour force,Persons,Not applicable,Calendar and seasonally adjusted,Total,From 15 to 64 years,Not applicable,Annual,22289.0
2018,ZAF,Labour force,Persons,Not applicable,Calendar and seasonally adjusted,Total,From 15 to 64 years,Not applicable,Annual,22496.41
2019,ZAF,Labour force,Persons,Not applicable,Calendar and seasonally adjusted,Total,From 15 to 64 years,Not applicable,Annual,22928.84
2020,ZAF,Labour force,Persons,Not applicable,Calendar and seasonally adjusted,Total,From 15 to 64 years,Not applicable,Annual,21344.0
2021,ZAF,Labour force,Persons,Not applicable,Calendar and seasonally adjusted,Total,From 15 to 64 years,Not applicable,Annual,22348.98
2022,ZAF,Labour force,Persons,Not applicable,Calendar and seasonally adjusted,Total,From 15 to 64 years,Not applicable,Annual,23377.64
2023,ZAF,Labour force,Persons,Not applicable,Calendar and seasonally adjusted,Total,From 15 to 64 years,Not applicable,Annual,24401.28
2005,AUS,Labour force,Persons,Not applicable,Calendar and seasonally adjusted,Total,From 15 to 64 years,Not applicable,Annual,10210.99
2005,AUT,Labour force,Persons,Not applicable,Calendar and seasonally adjusted,Total,From 15 to 64 years,Not applicable,Annual,3934.375
2005,BEL,Labour force,Persons,Not applicable,Calendar and seasonally adjusted,Total,From 15 to 64 years,Not applicable,Annual,4589.35
2005,CZE,Labour force,Persons,Not applicable,Calendar and seasonally adjusted,Total,From 15 to 64 years,Not applicable,Annual,5118.45
2005,DNK,Labour force,Persons,Not applicable,Calendar and seasonally adjusted,Total,From 15 to 64 years,Not applicable,Annual,2845.675
2005,EST,Labour force,Persons,Not applicable,Calendar and seasonally adjusted,Total,From 15 to 64 years,Not applicable,Annual,647.025
2005,FIN,Labour force,Persons,Not applicable,Calendar and seasonally adjusted,Total,From 15 to 64 years,Not applicable,Annual,2597.15
2005,FRA,Labour force,Persons,Not applicable,Calendar and seasonally adjusted,Total,From 15 to 64 years,Not applicable,Annual,28104.5
2005,DEU,Labour force,Persons,Not applicable,Calendar and seasonally adjusted,Total,From 15 to 64 years,Not applicable,Annual,40411.15
2005,GRC,Labour force,Persons,Not applicable,Calendar and seasonally adjusted,Total,From 15 to 64 years,Not applicable,Annual,4852.825
2005,HUN,Labour force,Persons,Not applicable,Calendar and seasonally adjusted,Total,From 15 to 64 years,Not applicable,Annual,4180.025
2005,ISL,Labour force,Persons,Not applicable,Calendar and seasonally adjusted,Total,From 15 to 64 years,Not applicable,Annual,157.975
2005,IRL,Labour force,Persons,Not applicable,Calendar and seasonally adjusted,Total,From 15 to 64 years,Not applicable,Annual,2003.55
2005,ISR,Labour force,Persons,Not applicable,Calendar and seasonally adjusted,Total,From 15 to 64 years,Not applicable,Annual,2670.0
2005,ITA,Labour force,Persons,Not applicable,Calendar and seasonally adjusted,Total,From 15 to 64 years,Not applicable,Annual,23933.43
2005,KOR,Labour force,Persons,Not applicable,Calendar and seasonally adjusted,Total,From 15 to 64 years,Not applicable,Annual,22423.03
2005,LVA,Labour force,Persons,Not applicable,Calendar and seasonally adjusted,Total,From 15 to 64 years,Not applicable,Annual,1048.95
2005,LTU,Labour force,Persons,Not applicable,Calendar and seasonally adjusted,Total,From 15 to 64 years,Not applicable,Annual,1543.925
2005,LUX,Labour force,Persons,Not applicable,Calendar and seasonally adjusted,Total,From 15 to 64 years,Not applicable,Annual,202.3
2005,MEX,Labour force,Persons,Not applicable,Calendar and seasonally adjusted,Total,From 15 to 64 years,Not applicable,Annual,41627.2
2005,NLD,Labour force,Persons,Not applicable,Calendar and seasonally adjusted,Total,From 15 to 64 years,Not applicable,Annual,8212.5
2005,NZL,Labour force,Persons,Not applicable,Calendar and seasonally adjusted,Total,From 15 to 64 years,Not applicable,Annual,2109.675
2005,POL,Labour force,Persons,Not applicable,Calendar and seasonally adjusted,Total,From 15 to 64 years,Not applicable,Annual,16873.47
2005,PRT,Labour force,Persons,Not applicable,Calendar and seasonally adjusted,Total,From 15 to 64 years,Not applicable,Annual,5136.35
2005,SVK,Labour force,Persons,Not applicable,Calendar and seasonally adjusted,Total,From 15 to 64 years,Not applicable,Annual,2636.275
2005,SVN,Labour force,Persons,Not applicable,Calendar and seasonally adjusted,Total,From 15 to 64 years,Not applicable,Annual,990.925
2005,ESP,Labour force,Persons,Not applicable,Calendar and seasonally adjusted,Total,From 15 to 64 years,Not applicable,Annual,20998.3
2005,CHE,Labour force,Persons,Not applicable,Calendar and seasonally adjusted,Total,From 15 to 64 years,Not applicable,Annual,4071.2
2005,GBR,Labour force,Persons,Not applicable,Calendar and seasonally adjusted,Total,From 15 to 64 years,Not applicable,Annual,29723.25
2005,G7,Labour force,Persons,Not applicable,Calendar and seasonally adjusted,Total,From 15 to 64 years,Not applicable,Annual,344649.2
2005,EA20,Labour force,Persons,Not applicable,Calendar and seasonally adjusted,Total,From 15 to 64 years,Not applicable,Annual,151447.4
2005,EU27_2020,Labour force,Persons,Not applicable,Calendar and seasonally adjusted,Total,From 15 to 64 years,Not applicable,Annual,199452.6
2005,ZAF,Labour force,Persons,Not applicable,Calendar and seasonally adjusted,Total,From 15 to 64 years,Not applicable,Annual,16767.0
2007,DNK,Labour force,Persons,Not applicable,Calendar and seasonally adjusted,Total,From 15 to 64 years,Not applicable,Annual,2868.625
2007,FIN,Labour force,Persons,Not applicable,Calendar and seasonally adjusted,Total,From 15 to 64 years,Not applicable,Annual,2641.775
2007,ISL,Labour force,Persons,Not applicable,Calendar and seasonally adjusted,Total,From 15 to 64 years,Not applicable,Annual,173.5
2007,ZAF,Labour force,Persons,Not applicable,Calendar and seasonally adjusted,Total,From 15 to 64 years,Not applicable,Annual,17339.0
2006,AUT,Labour force,Persons,Not applicable,Calendar and seasonally adjusted,Total,From 15 to 64 years,Not applicable,Annual,3993.975
2006,IRL,Labour force,Persons,Not applicable,Calendar and seasonally adjusted,Total,From 15 to 64 years,Not applicable,Annual,2098.8
2006,LUX,Labour force,Persons,Not applicable,Calendar and seasonally adjusted,Total,From 15 to 64 years,Not applicable,Annual,204.6
2016,BEL,Labour force,Persons,Not applicable,Calendar and seasonally adjusted,Total,From 15 to 64 years,Not applicable,Annual,4934.25
2021,CZE,Labour force,Persons,Not applicable,Calendar and seasonally adjusted,Total,From 15 to 64 years,Not applicable,Annual,5216.2
1998,FIN,Labour force,Persons,Not applicable,Calendar and seasonally adjusted,Total,From 15 to 64 years,Not applicable,Annual,2471.45
1999,FIN,Labour force,Persons,Not applicable,Calendar and seasonally adjusted,Total,From 15 to 64 years,Not applicable,Annual,2541.875
2011,ISR,Labour force,Persons,Not applicable,Calendar and seasonally adjusted,Total,From 15 to 64 years,Not applicable,Annual,3100.825
2011,JPN,Labour force,Persons,Not applicable,Calendar and seasonally adjusted,Total,From 15 to 64 years,Not applicable,Annual,60105.83
2014,LUX,Labour force,Persons,Not applicable,Calendar and seasonally adjusted,Total,From 15 to 64 years,Not applicable,Annual,257.975
2020,LUX,Labour force,Persons,Not applicable,Calendar and seasonally adjusted,Total,From 15 to 64 years,Not applicable,Annual,311.225
2005,NOR,Labour force,Persons,Not applicable,Calendar and seasonally adjusted,Total,From 15 to 64 years,Not applicable,Annual,2346.95
2002,POL,Labour force,Persons,Not applicable,Calendar and seasonally adjusted,Total,From 15 to 64 years,Not applicable,Annual,16893.13
2002,SVK,Labour force,Persons,Not applicable,Calendar and seasonally adjusted,Total,From 15 to 64 years,Not applicable,Annual,2604.7
2010,SVK,Labour force,Persons,Not applicable,Calendar and seasonally adjusted,Total,From 15 to 64 years,Not applicable,Annual,2770.0
2009,CHE,Labour force,Persons,Not applicable,Calendar and seasonally adjusted,Total,From 15 to 64 years,Not applicable,Annual,4322.7
2013,TUR,Labour force,Persons,Not applicable,Calendar and seasonally adjusted,Total,From 15 to 64 years,Not applicable,Annual,27290.32
2020,TUR,Labour force,Persons,Not applicable,Calendar and seasonally adjusted,Total,From 15 to 64 years,Not applicable,Annual,30076.78
2003,AUT,Labour force,Persons,Not applicable,Calendar and seasonally adjusted,Total,From 15 to 64 years,Not applicable,Annual,3933.0
2003,GRC,Labour force,Persons,Not applicable,Calendar and seasonally adjusted,Total,From 15 to 64 years,Not applicable,Annual,4730.75
2003,ITA,Labour force,Persons,Not applicable,Calendar and seasonally adjusted,Total,From 15 to 64 years,Not applicable,Annual,23797.13
2003,POL,Labour force,Persons,Not applicable,Calendar and seasonally adjusted,Total,From 15 to 64 years,Not applicable,Annual,16643.63
2000,BEL,Labour force,Persons,Not applicable,Calendar and seasonally adjusted,Total,From 15 to 64 years,Not applicable,Annual,4375.825
2000,FIN,Labour force,Persons,Not applicable,Calendar and seasonally adjusted,Total,From 15 to 64 years,Not applicable,Annual,2572.25
2000,GRC,Labour force,Persons,Not applicable,Calendar and seasonally adjusted,Total,From 15 to 64 years,Not applicable,Annual,4518.625
2000,HUN,Labour force,Persons,Not applicable,Calendar and seasonally adjusted,Total,From 15 to 64 years,Not applicable,Annual,4067.7
2000,POL,Labour force,Persons,Not applicable,Calendar and seasonally adjusted,Total,From 15 to 64 years,Not applicable,Annual,16927.65
2000,ESP,Labour force,Persons,Not applicable,Calendar and seasonally adjusted,Total,From 15 to 64 years,Not applicable,Annual,17903.4
2008,BEL,Labour force,Persons,Not applicable,Calendar and seasonally adjusted,Total,From 15 to 64 years,Not applicable,Annual,4746.625
2008,EST,Labour force,Persons,Not applicable,Calendar and seasonally adjusted,Total,From 15 to 64 years,Not applicable,Annual,669.6
2008,FIN,Labour force,Persons,Not applicable,Calendar and seasonally adjusted,Total,From 15 to 64 years,Not applicable,Annual,2668.975
2008,GRC,Labour force,Persons,Not applicable,Calendar and seasonally adjusted,Total,From 15 to 64 years,Not applicable,Annual,4909.975
2008,IRL,Labour force,Persons,Not applicable,Calendar and seasonally adjusted,Total,From 15 to 64 years,Not applicable,Annual,2311.95
2008,ITA,Labour force,Persons,Not applicable,Calendar and seasonally adjusted,Total,From 15 to 64 years,Not applicable,Annual,24356.53
2008,LVA,Labour force,Persons,Not applicable,Calendar and seasonally adjusted,Total,From 15 to 64 years,Not applicable,Annual,1096.9
2008,LUX,Labour force,Persons,Not applicable,Calendar and seasonally adjusted,Total,From 15 to 64 years,Not applicable,Annual,212.6
2008,NLD,Labour force,Persons,Not applicable,Calendar and seasonally adjusted,Total,From 15 to 64 years,Not applicable,Annual,8554.225
2008,POL,Labour force,Persons,Not applicable,Calendar and seasonally adjusted,Total,From 15 to 64 years,Not applicable,Annual,16764.6
2008,PRT,Labour force,Persons,Not applicable,Calendar and seasonally adjusted,Total,From 15 to 64 years,Not applicable,Annual,5203.125
2008,SVK,Labour force,Persons,Not applicable,Calendar and seasonally adjusted,Total,From 15 to 64 years,Not applicable,Annual,2678.95
2008,SVN,Labour force,Persons,Not applicable,Calendar and seasonally adjusted,Total,From 15 to 64 years,Not applicable,Annual,1020.75
2008,G7,Labour force,Persons,Not applicable,Calendar and seasonally adjusted,Total,From 15 to 64 years,Not applicable,Annual,351625.0
2004,AUT,Labour force,Persons,Not applicable,Calendar and seasonally adjusted,Total,From 15 to 64 years,Not applicable,Annual,3864.525
2004,BEL,Labour force,Persons,Not applicable,Calendar and seasonally adjusted,Total,From 15 to 64 years,Not applicable,Annual,4492.725
2004,CZE,Labour force,Persons,Not applicable,Calendar and seasonally adjusted,Total,From 15 to 64 years,Not applicable,Annual,5063.0
2004,DNK,Labour force,Persons,Not applicable,Calendar and seasonally adjusted,Total,From 15 to 64 years,Not applicable,Annual,2852.475
2004,EST,Labour force,Persons,Not applicable,Calendar and seasonally adjusted,Total,From 15 to 64 years,Not applicable,Annual,646.975
2004,FIN,Labour force,Persons,Not applicable,Calendar and seasonally adjusted,Total,From 15 to 64 years,Not applicable,Annual,2573.575
2004,GRC,Labour force,Persons,Not applicable,Calendar and seasonally adjusted,Total,From 15 to 64 years,Not applicable,Annual,4829.275
2004,HUN,Labour force,Persons,Not applicable,Calendar and seasonally adjusted,Total,From 15 to 64 years,Not applicable,Annual,4126.7
2004,IRL,Labour force,Persons,Not applicable,Calendar and seasonally adjusted,Total,From 15 to 64 years,Not applicable,Annual,1918.6
2004,ITA,Labour force,Persons,Not applicable,Calendar and seasonally adjusted,Total,From 15 to 64 years,Not applicable,Annual,23958.18
2004,LVA,Labour force,Persons,Not applicable,Calendar and seasonally adjusted,Total,From 15 to 64 years,Not applicable,Annual,1062.525
2004,LUX,Labour force,Persons,Not applicable,Calendar and seasonally adjusted,Total,From 15 to 64 years,Not applicable,Annual,198.1
2004,NLD,Labour force,Persons,Not applicable,Calendar and seasonally adjusted,Total,From 15 to 64 years,Not applicable,Annual,8397.6
2004,NOR,Labour force,Persons,Not applicable,Calendar and seasonally adjusted,Total,From 15 to 64 years,Not applicable,Annual,2325.175
2004,POL,Labour force,Persons,Not applicable,Calendar and seasonally adjusted,Total,From 15 to 64 years,Not applicable,Annual,16727.4
2004,PRT,Labour force,Persons,Not applicable,Calendar and seasonally adjusted,Total,From 15 to 64 years,Not applicable,Annual,5100.575
2004,SVK,Labour force,Persons,Not applicable,Calendar and seasonally adjusted,Total,From 15 to 64 years,Not applicable,Annual,2642.475
2004,SVN,Labour force,Persons,Not applicable,Calendar and seasonally adjusted,Total,From 15 to 64 years,Not applicable,Annual,980.675
2004,ESP,Labour force,Persons,Not applicable,Calendar and seasonally adjusted,Total,From 15 to 64 years,Not applicable,Annual,20263.82
2013,OECD,Labour force,Persons,Not applicable,Calendar and seasonally adjusted,Total,From 15 to 64 years,Not applicable,Annual,604693.6
2014,OECD,Labour force,Persons,Not applicable,Calendar and seasonally adjusted,Total,From 15 to 64 years,Not applicable,Annual,607470.9
2016,OECD,Labour force,Persons,Not applicable,Calendar and seasonally adjusted,Total,From 15 to 64 years,Not applicable,Annual,617034.1
2017,OECD,Labour force,Persons,Not applicable,Calendar and seasonally adjusted,Total,From 15 to 64 years,Not applicable,Annual,620869.6
2019,OECD,Labour force,Persons,Not applicable,Calendar and seasonally adjusted,Total,From 15 to 64 years,Not applicable,Annual,631790.8
2019,DEU,Labour force,Persons,Not applicable,Calendar and seasonally adjusted,Total,From 15 to 64 years,Not applicable,Annual,41299.5
2019,G7,Labour force,Persons,Not applicable,Calendar and seasonally adjusted,Total,From 15 to 64 years,Not applicable,Annual,360612.4
2020,DEU,Labour force,Persons,Not applicable,Calendar and seasonally adjusted,Total,From 15 to 64 years,Not applicable,Annual,40611.75
2020,G7,Labour force,Persons,Not applicable,Calendar and seasonally adjusted,Total,From 15 to 64 years,Not applicable,Annual,355405.2
2011,G7,Labour force,Persons,Not applicable,Calendar and seasonally adjusted,Total,From 15 to 64 years,Not applicable,Annual,348669.1
2011,OECD,Labour force,Persons,Not applicable,Calendar and seasonally adjusted,Total,From 15 to 64 years,Not applicable,Annual,596653.8
2017,HUN,Labour force,Persons,Not applicable,Calendar and seasonally adjusted,Total,From 15 to 64 years,Not applicable,Annual,4564.875
2021,OECD,Labour force,Persons,Not applicable,Calendar and seasonally adjusted,Total,From 15 to 64 years,Not applicable,Annual,629345.9
2008,ROU,Labour force,Persons,Not applicable,Calendar and seasonally adjusted,Total,From 15 to 64 years,Not applicable,Annual,9457.35
2020,HUN,Labour force,Persons,Not applicable,Calendar and seasonally adjusted,Total,From 15 to 64 years,Not applicable,Annual,4541.625
2020,ISL,Labour force,Persons,Not applicable,Calendar and seasonally adjusted,Total,From 15 to 64 years,Not applicable,Annual,195.75
2020,ITA,Labour force,Persons,Not applicable,Calendar and seasonally adjusted,Total,From 15 to 64 years,Not applicable,Annual,24009.0
2020,NOR,Labour force,Persons,Not applicable,Calendar and seasonally adjusted,Total,From 15 to 64 years,Not applicable,Annual,2768.0
2020,OECD,Labour force,Persons,Not applicable,Calendar and seasonally adjusted,Total,From 15 to 64 years,Not applicable,Annual,618952.6
2012,OECD,Labour force,Persons,Not applicable,Calendar and seasonally adjusted,Total,From 15 to 64 years,Not applicable,Annual,602042.6
2015,OECD,Labour force,Persons,Not applicable,Calendar and seasonally adjusted,Total,From 15 to 64 years,Not applicable,Annual,611341.1
2018,OECD,Labour force,Persons,Not applicable,Calendar and seasonally adjusted,Total,From 15 to 64 years,Not applicable,Annual,626378.6
2009,G7,Labour force,Persons,Not applicable,Calendar and seasonally adjusted,Total,From 15 to 64 years,Not applicable,Annual,350257.2
2010,G7,Labour force,Persons,Not applicable,Calendar and seasonally adjusted,Total,From 15 to 64 years,Not applicable,Annual,349044.0
2012,G7,Labour force,Persons,Not applicable,Calendar and seasonally adjusted,Total,From 15 to 64 years,Not applicable,Annual,349974.2
2013,G7,Labour force,Persons,Not applicable,Calendar and seasonally adjusted,Total,From 15 to 64 years,Not applicable,Annual,350422.6
2014,G7,Labour force,Persons,Not applicable,Calendar and seasonally adjusted,Total,From 15 to 64 years,Not applicable,Annual,350925.7
2015,G7,Labour force,Persons,Not applicable,Calendar and seasonally adjusted,Total,From 15 to 64 years,Not applicable,Annual,351760.7
2016,G7,Labour force,Persons,Not applicable,Calendar and seasonally adjusted,Total,From 15 to 64 years,Not applicable,Annual,354859.4
2017,G7,Labour force,Persons,Not applicable,Calendar and seasonally adjusted,Total,From 15 to 64 years,Not applicable,Annual,356467.1
2018,G7,Labour force,Persons,Not applicable,Calendar and seasonally adjusted,Total,From 15 to 64 years,Not applicable,Annual,358819.7
2021,G7,Labour force,Persons,Not applicable,Calendar and seasonally adjusted,Total,From 15 to 64 years,Not applicable,Annual,357549.5
2022,G7,Labour force,Persons,Not applicable,Calendar and seasonally adjusted,Total,From 15 to 64 years,Not applicable,Annual,362030.5
2023,G7,Labour force,Persons,Not applicable,Calendar and seasonally adjusted,Total,From 15 to 64 years,Not applicable,Annual,366742.5
2009,DEU,Labour force,Persons,Not applicable,Calendar and seasonally adjusted,Total,From 15 to 64 years,Not applicable,Annual,40306.75
2010,DEU,Labour force,Persons,Not applicable,Calendar and seasonally adjusted,Total,From 15 to 64 years,Not applicable,Annual,39483.0
2012,DEU,Labour force,Persons,Not applicable,Calendar and seasonally adjusted,Total,From 15 to 64 years,Not applicable,Annual,39844.5
2013,DEU,Labour force,Persons,Not applicable,Calendar and seasonally adjusted,Total,From 15 to 64 years,Not applicable,Annual,40068.0
2014,DEU,Labour force,Persons,Not applicable,Calendar and seasonally adjusted,Total,From 15 to 64 years,Not applicable,Annual,40192.75
2015,DEU,Labour force,Persons,Not applicable,Calendar and seasonally adjusted,Total,From 15 to 64 years,Not applicable,Annual,40266.25
2016,DEU,Labour force,Persons,Not applicable,Calendar and seasonally adjusted,Total,From 15 to 64 years,Not applicable,Annual,41011.25
2017,DEU,Labour force,Persons,Not applicable,Calendar and seasonally adjusted,Total,From 15 to 64 years,Not applicable,Annual,41112.25
2018,DEU,Labour force,Persons,Not applicable,Calendar and seasonally adjusted,Total,From 15 to 64 years,Not applicable,Annual,41041.5
2021,DEU,Labour force,Persons,Not applicable,Calendar and seasonally adjusted,Total,From 15 to 64 years,Not applicable,Annual,41004.75
2022,DEU,Labour force,Persons,Not applicable,Calendar and seasonally adjusted,Total,From 15 to 64 years,Not applicable,Annual,41741.0
2023,DEU,Labour force,Persons,Not applicable,Calendar and seasonally adjusted,Total,From 15 to 64 years,Not applicable,Annual,42141.75
2011,CAN,Labour force,Persons,Not applicable,Calendar and seasonally adjusted,Total,From 15 to 64 years,Not applicable,Annual,18096.41
2012,CAN,Labour force,Persons,Not applicable,Calendar and seasonally adjusted,Total,From 15 to 64 years,Not applicable,Annual,18227.15
2013,CAN,Labour force,Persons,Not applicable,Calendar and seasonally adjusted,Total,From 15 to 64 years,Not applicable,Annual,18376.58
2014,CAN,Labour force,Persons,Not applicable,Calendar and seasonally adjusted,Total,From 15 to 64 years,Not applicable,Annual,18386.24
2015,CAN,Labour force,Persons,Not applicable,Calendar and seasonally adjusted,Total,From 15 to 64 years,Not applicable,Annual,18474.34
2016,CAN,Labour force,Persons,Not applicable,Calendar and seasonally adjusted,Total,From 15 to 64 years,Not applicable,Annual,18574.31
2017,CAN,Labour force,Persons,Not applicable,Calendar and seasonally adjusted,Total,From 15 to 64 years,Not applicable,Annual,18819.56
2018,CAN,Labour force,Persons,Not applicable,Calendar and seasonally adjusted,Total,From 15 to 64 years,Not applicable,Annual,19019.78
2019,CAN,Labour force,Persons,Not applicable,Calendar and seasonally adjusted,Total,From 15 to 64 years,Not applicable,Annual,19289.53
2020,CAN,Labour force,Persons,Not applicable,Calendar and seasonally adjusted,Total,From 15 to 64 years,Not applicable,Annual,19092.48
2008,HUN,Labour force,Persons,Not applicable,Calendar and seasonally adjusted,Total,From 15 to 64 years,Not applicable,Annual,4144.0
2009,HUN,Labour force,Persons,Not applicable,Calendar and seasonally adjusted,Total,From 15 to 64 years,Not applicable,Annual,4134.75
2010,HUN,Labour force,Persons,Not applicable,Calendar and seasonally adjusted,Total,From 15 to 64 years,Not applicable,Annual,4170.55
2011,HUN,Labour force,Persons,Not applicable,Calendar and seasonally adjusted,Total,From 15 to 64 years,Not applicable,Annual,4189.95
2012,HUN,Labour force,Persons,Not applicable,Calendar and seasonally adjusted,Total,From 15 to 64 years,Not applicable,Annual,4264.925
2013,HUN,Labour force,Persons,Not applicable,Calendar and seasonally adjusted,Total,From 15 to 64 years,Not applicable,Annual,4300.25
2014,HUN,Labour force,Persons,Not applicable,Calendar and seasonally adjusted,Total,From 15 to 64 years,Not applicable,Annual,4412.625
2015,HUN,Labour force,Persons,Not applicable,Calendar and seasonally adjusted,Total,From 15 to 64 years,Not applicable,Annual,4482.75
2016,HUN,Labour force,Persons,Not applicable,Calendar and seasonally adjusted,Total,From 15 to 64 years,Not applicable,Annual,4543.225
2018,HUN,Labour force,Persons,Not applicable,Calendar and seasonally adjusted,Total,From 15 to 64 years,Not applicable,Annual,4570.75
2019,HUN,Labour force,Persons,Not applicable,Calendar and seasonally adjusted,Total,From 15 to 64 years,Not applicable,Annual,4576.95
2016,AUS,Labour force,Persons,Not applicable,Calendar and seasonally adjusted,Total,From 15 to 64 years,Not applicable,Annual,12226.61
2017,AUS,Labour force,Persons,Not applicable,Calendar and seasonally adjusted,Total,From 15 to 64 years,Not applicable,Annual,12446.81
2018,AUS,Labour force,Persons,Not applicable,Calendar and seasonally adjusted,Total,From 15 to 64 years,Not applicable,Annual,12688.8
2019,AUS,Labour force,Persons,Not applicable,Calendar and seasonally adjusted,Total,From 15 to 64 years,Not applicable,Annual,12932.68
2019,NZL,Labour force,Persons,Not applicable,Calendar and seasonally adjusted,Total,From 15 to 64 years,Not applicable,Annual,2634.975
2005,CHL,Labour force,Persons,Not applicable,Calendar and seasonally adjusted,Total,From 15 to 64 years,Not applicable,Annual,6093.94
2006,CHL,Labour force,Persons,Not applicable,Calendar and seasonally adjusted,Total,From 15 to 64 years,Not applicable,Annual,6419.98
2007,CHL,Labour force,Persons,Not applicable,Calendar and seasonally adjusted,Total,From 15 to 64 years,Not applicable,Annual,6676.25
2008,CHL,Labour force,Persons,Not applicable,Calendar and seasonally adjusted,Total,From 15 to 64 years,Not applicable,Annual,6913.942
2009,CHL,Labour force,Persons,Not applicable,Calendar and seasonally adjusted,Total,From 15 to 64 years,Not applicable,Annual,6999.585
2010,CHL,Labour force,Persons,Not applicable,Calendar and seasonally adjusted,Total,From 15 to 64 years,Not applicable,Annual,7685.661
2011,CHL,Labour force,Persons,Not applicable,Calendar and seasonally adjusted,Total,From 15 to 64 years,Not applicable,Annual,7949.317
2012,CHL,Labour force,Persons,Not applicable,Calendar and seasonally adjusted,Total,From 15 to 64 years,Not applicable,Annual,8062.999
2013,CHL,Labour force,Persons,Not applicable,Calendar and seasonally adjusted,Total,From 15 to 64 years,Not applicable,Annual,8170.016
2014,CHL,Labour force,Persons,Not applicable,Calendar and seasonally adjusted,Total,From 15 to 64 years,Not applicable,Annual,8301.482
2015,CHL,Labour force,Persons,Not applicable,Calendar and seasonally adjusted,Total,From 15 to 64 years,Not applicable,Annual,8402.735
2016,CHL,Labour force,Persons,Not applicable,Calendar and seasonally adjusted,Total,From 15 to 64 years,Not applicable,Annual,8504.561
2017,CHL,Labour force,Persons,Not applicable,Calendar and seasonally adjusted,Total,From 15 to 64 years,Not applicable,Annual,8725.013
2018,CHL,Labour force,Persons,Not applicable,Calendar and seasonally adjusted,Total,From 15 to 64 years,Not applicable,Annual,8949.845
2019,CHL,Labour force,Persons,Not applicable,Calendar and seasonally adjusted,Total,From 15 to 64 years,Not applicable,Annual,9101.33
2020,CHL,Labour force,Persons,Not applicable,Calendar and seasonally adjusted,Total,From 15 to 64 years,Not applicable,Annual,8373.752
2022,AUS,Labour force,Persons,Not applicable,Calendar and seasonally adjusted,Total,From 15 to 64 years,Not applicable,Annual,13429.81
2022,CAN,Labour force,Persons,Not applicable,Calendar and seasonally adjusted,Total,From 15 to 64 years,Not applicable,Annual,19827.82
2022,CHL,Labour force,Persons,Not applicable,Calendar and seasonally adjusted,Total,From 15 to 64 years,Not applicable,Annual,9117.808
2022,FRA,Labour force,Persons,Not applicable,Calendar and seasonally adjusted,Total,From 15 to 64 years,Not applicable,Annual,30029.38
2022,HUN,Labour force,Persons,Not applicable,Calendar and seasonally adjusted,Total,From 15 to 64 years,Not applicable,Annual,4732.275
2022,NZL,Labour force,Persons,Not applicable,Calendar and seasonally adjusted,Total,From 15 to 64 years,Not applicable,Annual,2730.2
2022,PRT,Labour force,Persons,Not applicable,Calendar and seasonally adjusted,Total,From 15 to 64 years,Not applicable,Annual,5046.025
2022,CHE,Labour force,Persons,Not applicable,Calendar and seasonally adjusted,Total,From 15 to 64 years,Not applicable,Annual,4780.575
2022,OECD,Labour force,Persons,Not applicable,Calendar and seasonally adjusted,Total,From 15 to 64 years,Not applicable,Annual,640509.0
2022,EA20,Labour force,Persons,Not applicable,Calendar and seasonally adjusted,Total,From 15 to 64 years,Not applicable,Annual,163372.1
2022,EU27_2020,Labour force,Persons,Not applicable,Calendar and seasonally adjusted,Total,From 15 to 64 years,Not applicable,Annual,210125.8
2021,AUS,Labour force,Persons,Not applicable,Calendar and seasonally adjusted,Total,From 15 to 64 years,Not applicable,Annual,13043.12
2021,CAN,Labour force,Persons,Not applicable,Calendar and seasonally adjusted,Total,From 15 to 64 years,Not applicable,Annual,19548.7
2021,CHL,Labour force,Persons,Not applicable,Calendar and seasonally adjusted,Total,From 15 to 64 years,Not applicable,Annual,8662.666
2021,FRA,Labour force,Persons,Not applicable,Calendar and seasonally adjusted,Total,From 15 to 64 years,Not applicable,Annual,29620.03
2021,HUN,Labour force,Persons,Not applicable,Calendar and seasonally adjusted,Total,From 15 to 64 years,Not applicable,Annual,4701.55
2021,NZL,Labour force,Persons,Not applicable,Calendar and seasonally adjusted,Total,From 15 to 64 years,Not applicable,Annual,2702.925
2021,PRT,Labour force,Persons,Not applicable,Calendar and seasonally adjusted,Total,From 15 to 64 years,Not applicable,Annual,4936.725
2021,CHE,Labour force,Persons,Not applicable,Calendar and seasonally adjusted,Total,From 15 to 64 years,Not applicable,Annual,4770.9
2021,BGR,Labour force,Persons,Not applicable,Calendar and seasonally adjusted,Total,From 15 to 64 years,Not applicable,Annual,2939.625
2021,EA20,Labour force,Persons,Not applicable,Calendar and seasonally adjusted,Total,From 15 to 64 years,Not applicable,Annual,160835.9
2021,EU27_2020,Labour force,Persons,Not applicable,Calendar and seasonally adjusted,Total,From 15 to 64 years,Not applicable,Annual,207430.3
2023,AUS,Labour force,Persons,Not applicable,Calendar and seasonally adjusted,Total,From 15 to 64 years,Not applicable,Annual,13864.17
2023,CAN,Labour force,Persons,Not applicable,Calendar and seasonally adjusted,Total,From 15 to 64 years,Not applicable,Annual,20412.47
2023,CHL,Labour force,Persons,Not applicable,Calendar and seasonally adjusted,Total,From 15 to 64 years,Not applicable,Annual,9372.228
2023,FRA,Labour force,Persons,Not applicable,Calendar and seasonally adjusted,Total,From 15 to 64 years,Not applicable,Annual,30252.8
2023,HUN,Labour force,Persons,Not applicable,Calendar and seasonally adjusted,Total,From 15 to 64 years,Not applicable,Annual,4775.25
2023,NZL,Labour force,Persons,Not applicable,Calendar and seasonally adjusted,Total,From 15 to 64 years,Not applicable,Annual,2827.1
2023,PRT,Labour force,Persons,Not applicable,Calendar and seasonally adjusted,Total,From 15 to 64 years,Not applicable,Annual,5167.35
2023,CHE,Labour force,Persons,Not applicable,Calendar and seasonally adjusted,Total,From 15 to 64 years,Not applicable,Annual,4849.6
2023,OECD,Labour force,Persons,Not applicable,Calendar and seasonally adjusted,Total,From 15 to 64 years,Not applicable,Annual,649174.9
2023,EA20,Labour force,Persons,Not applicable,Calendar and seasonally adjusted,Total,From 15 to 64 years,Not applicable,Annual,165342.3
2023,EU27_2020,Labour force,Persons,Not applicable,Calendar and seasonally adjusted,Total,From 15 to 64 years,Not applicable,Annual,212050.6
2023,HRV,Labour force,Persons,Not applicable,Calendar and seasonally adjusted,Total,From 15 to 64 years,Not applicable,Annual,1694.65
2002,HRV,Labour force,Persons,Not applicable,Calendar and seasonally adjusted,Total,From 15 to 64 years,Not applicable,Annual,1744.6
2004,HRV,Labour force,Persons,Not applicable,Calendar and seasonally adjusted,Total,From 15 to 64 years,Not applicable,Annual,1751.8
2005,HRV,Labour force,Persons,Not applicable,Calendar and seasonally adjusted,Total,From 15 to 64 years,Not applicable,Annual,1737.6
2006,HRV,Labour force,Persons,Not applicable,Calendar and seasonally adjusted,Total,From 15 to 64 years,Not applicable,Annual,1724.45
2007,HRV,Labour force,Persons,Not applicable,Calendar and seasonally adjusted,Total,From 15 to 64 years,Not applicable,Annual,1884.175
2008,HRV,Labour force,Persons,Not applicable,Calendar and seasonally adjusted,Total,From 15 to 64 years,Not applicable,Annual,1889.95
2009,HRV,Labour force,Persons,Not applicable,Calendar and seasonally adjusted,Total,From 15 to 64 years,Not applicable,Annual,1886.075
2010,HRV,Labour force,Persons,Not applicable,Calendar and seasonally adjusted,Total,From 15 to 64 years,Not applicable,Annual,1870.8
2011,HRV,Labour force,Persons,Not applicable,Calendar and seasonally adjusted,Total,From 15 to 64 years,Not applicable,Annual,1840.75
2003,HRV,Labour force,Persons,Not applicable,Calendar and seasonally adjusted,Total,From 15 to 64 years,Not applicable,Annual,1734.35
2012,HRV,Labour force,Persons,Not applicable,Calendar and seasonally adjusted,Total,From 15 to 64 years,Not applicable,Annual,1813.025
2013,HRV,Labour force,Persons,Not applicable,Calendar and seasonally adjusted,Total,From 15 to 64 years,Not applicable,Annual,1790.5
2014,HRV,Labour force,Persons,Not applicable,Calendar and seasonally adjusted,Total,From 15 to 64 years,Not applicable,Annual,1831.55
2015,HRV,Labour force,Persons,Not applicable,Calendar and seasonally adjusted,Total,From 15 to 64 years,Not applicable,Annual,1825.975
2016,HRV,Labour force,Persons,Not applicable,Calendar and seasonally adjusted,Total,From 15 to 64 years,Not applicable,Annual,1755.55
2017,HRV,Labour force,Persons,Not applicable,Calendar and seasonally adjusted,Total,From 15 to 64 years,Not applicable,Annual,1734.475
2018,HRV,Labour force,Persons,Not applicable,Calendar and seasonally adjusted,Total,From 15 to 64 years,Not applicable,Annual,1694.725
2019,HRV,Labour force,Persons,Not applicable,Calendar and seasonally adjusted,Total,From 15 to 64 years,Not applicable,Annual,1672.5
2020,HRV,Labour force,Persons,Not applicable,Calendar and seasonally adjusted,Total,From 15 to 64 years,Not applicable,Annual,1664.95
2021,HRV,Labour force,Persons,Not applicable,Calendar and seasonally adjusted,Total,From 15 to 64 years,Not applicable,Annual,1685.25
2022,HRV,Labour force,Persons,Not applicable,Calendar and seasonally adjusted,Total,From 15 to 64 years,Not applicable,Annual,1695.85
1999,ROU,Labour force,Persons,Not applicable,Calendar and seasonally adjusted,Total,From 15 to 64 years,Not applicable,Annual,10388.08
2000,ROU,Labour force,Persons,Not applicable,Calendar and seasonally adjusted,Total,From 15 to 64 years,Not applicable,Annual,10410.88
2001,ROU,Labour force,Persons,Not applicable,Calendar and seasonally adjusted,Total,From 15 to 64 years,Not applicable,Annual,10278.7
2002,ROU,Labour force,Persons,Not applicable,Calendar and seasonally adjusted,Total,From 15 to 64 years,Not applicable,Annual,9716.825
2003,ROU,Labour force,Persons,Not applicable,Calendar and seasonally adjusted,Total,From 15 to 64 years,Not applicable,Annual,9293.2
2004,ROU,Labour force,Persons,Not applicable,Calendar and seasonally adjusted,Total,From 15 to 64 years,Not applicable,Annual,9433.55
2005,ROU,Labour force,Persons,Not applicable,Calendar and seasonally adjusted,Total,From 15 to 64 years,Not applicable,Annual,9355.525
2006,ROU,Labour force,Persons,Not applicable,Calendar and seasonally adjusted,Total,From 15 to 64 years,Not applicable,Annual,9565.5
2007,ROU,Labour force,Persons,Not applicable,Calendar and seasonally adjusted,Total,From 15 to 64 years,Not applicable,Annual,9482.725
2009,ROU,Labour force,Persons,Not applicable,Calendar and seasonally adjusted,Total,From 15 to 64 years,Not applicable,Annual,8128.5
2010,ROU,Labour force,Persons,Not applicable,Calendar and seasonally adjusted,Total,From 15 to 64 years,Not applicable,Annual,7912.75
2011,ROU,Labour force,Persons,Not applicable,Calendar and seasonally adjusted,Total,From 15 to 64 years,Not applicable,Annual,7842.0
2012,ROU,Labour force,Persons,Not applicable,Calendar and seasonally adjusted,Total,From 15 to 64 years,Not applicable,Annual,7872.75
2013,ROU,Labour force,Persons,Not applicable,Calendar and seasonally adjusted,Total,From 15 to 64 years,Not applicable,Annual,7878.0
2014,ROU,Labour force,Persons,Not applicable,Calendar and seasonally adjusted,Total,From 15 to 64 years,Not applicable,Annual,7952.75
2015,ROU,Labour force,Persons,Not applicable,Calendar and seasonally adjusted,Total,From 15 to 64 years,Not applicable,Annual,8034.75
2016,ROU,Labour force,Persons,Not applicable,Calendar and seasonally adjusted,Total,From 15 to 64 years,Not applicable,Annual,7980.5
2017,ROU,Labour force,Persons,Not applicable,Calendar and seasonally adjusted,Total,From 15 to 64 years,Not applicable,Annual,8095.75
2018,ROU,Labour force,Persons,Not applicable,Calendar and seasonally adjusted,Total,From 15 to 64 years,Not applicable,Annual,8063.25
2019,ROU,Labour force,Persons,Not applicable,Calendar and seasonally adjusted,Total,From 15 to 64 years,Not applicable,Annual,8090.75
2020,ROU,Labour force,Persons,Not applicable,Calendar and seasonally adjusted,Total,From 15 to 64 years,Not applicable,Annual,8087.75
2021,ROU,Labour force,Persons,Not applicable,Calendar and seasonally adjusted,Total,From 15 to 64 years,Not applicable,Annual,8124.5
2022,ROU,Labour force,Persons,Not applicable,Calendar and seasonally adjusted,Total,From 15 to 64 years,Not applicable,Annual,8191.1
2023,ROU,Labour force,Persons,Not applicable,Calendar and seasonally adjusted,Total,From 15 to 64 years,Not applicable,Annual,8066.775
2009,POL,Labour force,Persons,Not applicable,Calendar and seasonally adjusted,Total,From 15 to 64 years,Not applicable,Annual,16466.0
2004,SWE,Labour force,Persons,Not applicable,Calendar and seasonally adjusted,Total,From 15 to 64 years,Not applicable,Annual,4518.775
2023,IRL,Labour force,Persons,Not applicable,Calendar and seasonally adjusted,Total,From 15 to 64 years,Not applicable,Annual,2689.575
2023,POL,Labour force,Persons,Not applicable,Calendar and seasonally adjusted,Total,From 15 to 64 years,Not applicable,Annual,17362.88
2023,ESP,Labour force,Persons,Not applicable,Calendar and seasonally adjusted,Total,From 15 to 64 years,Not applicable,Annual,23765.28
2023,SWE,Labour force,Persons,Not applicable,Calendar and seasonally adjusted,Total,From 15 to 64 years,Not applicable,Annual,5488.925
2022,IRL,Labour force,Persons,Not applicable,Calendar and seasonally adjusted,Total,From 15 to 64 years,Not applicable,Annual,2609.7
2022,POL,Labour force,Persons,Not applicable,Calendar and seasonally adjusted,Total,From 15 to 64 years,Not applicable,Annual,17317.88
2022,ESP,Labour force,Persons,Not applicable,Calendar and seasonally adjusted,Total,From 15 to 64 years,Not applicable,Annual,23294.8
2022,SWE,Labour force,Persons,Not applicable,Calendar and seasonally adjusted,Total,From 15 to 64 years,Not applicable,Annual,5408.85
2021,IRL,Labour force,Persons,Not applicable,Calendar and seasonally adjusted,Total,From 15 to 64 years,Not applicable,Annual,2482.375
2021,POL,Labour force,Persons,Not applicable,Calendar and seasonally adjusted,Total,From 15 to 64 years,Not applicable,Annual,17339.7
2021,ESP,Labour force,Persons,Not applicable,Calendar and seasonally adjusted,Total,From 15 to 64 years,Not applicable,Annual,23005.8
2021,SWE,Labour force,Persons,Not applicable,Calendar and seasonally adjusted,Total,From 15 to 64 years,Not applicable,Annual,5326.725
2000,BGR,Labour force,Persons,Not applicable,Calendar and seasonally adjusted,Total,From 15 to 64 years,Not applicable,Annual,3335.875
2001,BGR,Labour force,Persons,Not applicable,Calendar and seasonally adjusted,Total,From 15 to 64 years,Not applicable,Annual,3358.275
2002,BGR,Labour force,Persons,Not applicable,Calendar and seasonally adjusted,Total,From 15 to 64 years,Not applicable,Annual,3315.6
2003,BGR,Labour force,Persons,Not applicable,Calendar and seasonally adjusted,Total,From 15 to 64 years,Not applicable,Annual,3233.05
2004,BGR,Labour force,Persons,Not applicable,Calendar and seasonally adjusted,Total,From 15 to 64 years,Not applicable,Annual,3276.5
2005,BGR,Labour force,Persons,Not applicable,Calendar and seasonally adjusted,Total,From 15 to 64 years,Not applicable,Annual,3280.975
2006,BGR,Labour force,Persons,Not applicable,Calendar and seasonally adjusted,Total,From 15 to 64 years,Not applicable,Annual,3376.325
2007,BGR,Labour force,Persons,Not applicable,Calendar and seasonally adjusted,Total,From 15 to 64 years,Not applicable,Annual,3447.875
2008,BGR,Labour force,Persons,Not applicable,Calendar and seasonally adjusted,Total,From 15 to 64 years,Not applicable,Annual,3504.675
2022,BGR,Labour force,Persons,Not applicable,Calendar and seasonally adjusted,Total,From 15 to 64 years,Not applicable,Annual,2965.4
2023,BGR,Labour force,Persons,Not applicable,Calendar and seasonally adjusted,Total,From 15 to 64 years,Not applicable,Annual,2951.375
2006,NOR,Labour force,Persons,Not applicable,Calendar and seasonally adjusted,Total,From 15 to 64 years,Not applicable,Annual,2417.75
2007,NOR,Labour force,Persons,Not applicable,Calendar and seasonally adjusted,Total,From 15 to 64 years,Not applicable,Annual,2473.5
2008,NOR,Labour force,Persons,Not applicable,Calendar and seasonally adjusted,Total,From 15 to 64 years,Not applicable,Annual,2543.25
2009,NOR,Labour force,Persons,Not applicable,Calendar and seasonally adjusted,Total,From 15 to 64 years,Not applicable,Annual,2541.5
2010,NOR,Labour force,Persons,Not applicable,Calendar and seasonally adjusted,Total,From 15 to 64 years,Not applicable,Annual,2552.0
2011,NOR,Labour force,Persons,Not applicable,Calendar and seasonally adjusted,Total,From 15 to 64 years,Not applicable,Annual,2582.75
2012,NOR,Labour force,Persons,Not applicable,Calendar and seasonally adjusted,Total,From 15 to 64 years,Not applicable,Annual,2617.75
2013,NOR,Labour force,Persons,Not applicable,Calendar and seasonally adjusted,Total,From 15 to 64 years,Not applicable,Annual,2646.25
2014,NOR,Labour force,Persons,Not applicable,Calendar and seasonally adjusted,Total,From 15 to 64 years,Not applicable,Annual,2659.25
2015,NOR,Labour force,Persons,Not applicable,Calendar and seasonally adjusted,Total,From 15 to 64 years,Not applicable,Annual,2695.25
2016,NOR,Labour force,Persons,Not applicable,Calendar and seasonally adjusted,Total,From 15 to 64 years,Not applicable,Annual,2708.25
2017,NOR,Labour force,Persons,Not applicable,Calendar and seasonally adjusted,Total,From 15 to 64 years,Not applicable,Annual,2702.0
2018,NOR,Labour force,Persons,Not applicable,Calendar and seasonally adjusted,Total,From 15 to 64 years,Not applicable,Annual,2729.5
2019,NOR,Labour force,Persons,Not applicable,Calendar and seasonally adjusted,Total,From 15 to 64 years,Not applicable,Annual,2756.0
2011,PRT,Labour force,Persons,Not applicable,Calendar and seasonally adjusted,Total,From 15 to 64 years,Not applicable,Annual,4994.25
2012,PRT,Labour force,Persons,Not applicable,Calendar and seasonally adjusted,Total,From 15 to 64 years,Not applicable,Annual,4933.75
2013,PRT,Labour force,Persons,Not applicable,Calendar and seasonally adjusted,Total,From 15 to 64 years,Not applicable,Annual,4881.0
2014,PRT,Labour force,Persons,Not applicable,Calendar and seasonally adjusted,Total,From 15 to 64 years,Not applicable,Annual,4879.0
2015,PRT,Labour force,Persons,Not applicable,Calendar and seasonally adjusted,Total,From 15 to 64 years,Not applicable,Annual,4874.75
2016,PRT,Labour force,Persons,Not applicable,Calendar and seasonally adjusted,Total,From 15 to 64 years,Not applicable,Annual,4879.75
2017,PRT,Labour force,Persons,Not applicable,Calendar and seasonally adjusted,Total,From 15 to 64 years,Not applicable,Annual,4926.25
2018,PRT,Labour force,Persons,Not applicable,Calendar and seasonally adjusted,Total,From 15 to 64 years,Not applicable,Annual,4944.0
2019,PRT,Labour force,Persons,Not applicable,Calendar and seasonally adjusted,Total,From 15 to 64 years,Not applicable,Annual,4955.5
2020,PRT,Labour force,Persons,Not applicable,Calendar and seasonally adjusted,Total,From 15 to 64 years,Not applicable,Annual,4868.5
2019,GBR,Labour force,Persons,Not applicable,Calendar and seasonally adjusted,Total,From 15 to 64 years,Not applicable,Annual,32914.0
2020,GBR,Labour force,Persons,Not applicable,Calendar and seasonally adjusted,Total,From 15 to 64 years,Not applicable,Annual,32790.75
2021,GBR,Labour force,Persons,Not applicable,Calendar and seasonally adjusted,Total,From 15 to 64 years,Not applicable,Annual,32768.5
2022,GBR,Labour force,Persons,Not applicable,Calendar and seasonally adjusted,Total,From 15 to 64 years,Not applicable,Annual,32875.25
2023,GBR,Labour force,Persons,Not applicable,Calendar and seasonally adjusted,Total,From 15 to 64 years,Not applicable,Annual,33302.0
2019,POL,Labour force,Persons,Not applicable,Calendar and seasonally adjusted,Total,From 15 to 64 years,Not applicable,Annual,16953.75
2020,POL,Labour force,Persons,Not applicable,Calendar and seasonally adjusted,Total,From 15 to 64 years,Not applicable,Annual,16908.75
2005,SWE,Labour force,Persons,Not applicable,Calendar and seasonally adjusted,Total,From 15 to 64 years,Not applicable,Annual,4604.0
2006,SWE,Labour force,Persons,Not applicable,Calendar and seasonally adjusted,Total,From 15 to 64 years,Not applicable,Annual,4653.75
2007,SWE,Labour force,Persons,Not applicable,Calendar and seasonally adjusted,Total,From 15 to 64 years,Not applicable,Annual,4717.0
2008,SWE,Labour force,Persons,Not applicable,Calendar and seasonally adjusted,Total,From 15 to 64 years,Not applicable,Annual,4764.25
2009,SWE,Labour force,Persons,Not applicable,Calendar and seasonally adjusted,Total,From 15 to 64 years,Not applicable,Annual,4763.5
2010,SWE,Labour force,Persons,Not applicable,Calendar and seasonally adjusted,Total,From 15 to 64 years,Not applicable,Annual,4791.5
2011,SWE,Labour force,Persons,Not applicable,Calendar and seasonally adjusted,Total,From 15 to 64 years,Not applicable,Annual,4853.0
2012,SWE,Labour force,Persons,Not applicable,Calendar and seasonally adjusted,Total,From 15 to 64 years,Not applicable,Annual,4876.75
2013,SWE,Labour force,Persons,Not applicable,Calendar and seasonally adjusted,Total,From 15 to 64 years,Not applicable,Annual,4928.5
2014,SWE,Labour force,Persons,Not applicable,Calendar and seasonally adjusted,Total,From 15 to 64 years,Not applicable,Annual,4970.5
2015,SWE,Labour force,Persons,Not applicable,Calendar and seasonally adjusted,Total,From 15 to 64 years,Not applicable,Annual,5007.5
2016,SWE,Labour force,Persons,Not applicable,Calendar and seasonally adjusted,Total,From 15 to 64 years,Not applicable,Annual,5062.75
2017,SWE,Labour force,Persons,Not applicable,Calendar and seasonally adjusted,Total,From 15 to 64 years,Not applicable,Annual,5149.75
2018,SWE,Labour force,Persons,Not applicable,Calendar and seasonally adjusted,Total,From 15 to 64 years,Not applicable,Annual,5211.75
2019,SWE,Labour force,Persons,Not applicable,Calendar and seasonally adjusted,Total,From 15 to 64 years,Not applicable,Annual,5268.5
2020,SWE,Labour force,Persons,Not applicable,Calendar and seasonally adjusted,Total,From 15 to 64 years,Not applicable,Annual,5269.75
2019,CZE,Labour force,Persons,Not applicable,Calendar and seasonally adjusted,Total,From 15 to 64 years,Not applicable,Annual,5259.5
2019,DNK,Labour force,Persons,Not applicable,Calendar and seasonally adjusted,Total,From 15 to 64 years,Not applicable,Annual,2929.5
2019,ISL,Labour force,Persons,Not applicable,Calendar and seasonally adjusted,Total,From 15 to 64 years,Not applicable,Annual,198.0
2019,LTU,Labour force,Persons,Not applicable,Calendar and seasonally adjusted,Total,From 15 to 64 years,Not applicable,Annual,1416.0
2019,ESP,Labour force,Persons,Not applicable,Calendar and seasonally adjusted,Total,From 15 to 64 years,Not applicable,Annual,22803.25
2019,CHE,Labour force,Persons,Not applicable,Calendar and seasonally adjusted,Total,From 15 to 64 years,Not applicable,Annual,4742.25
2019,EA20,Labour force,Persons,Not applicable,Calendar and seasonally adjusted,Total,From 15 to 64 years,Not applicable,Annual,161906.8
2019,EU27_2020,Labour force,Persons,Not applicable,Calendar and seasonally adjusted,Total,From 15 to 64 years,Not applicable,Annual,208190.5
2019,BGR,Labour force,Persons,Not applicable,Calendar and seasonally adjusted,Total,From 15 to 64 years,Not applicable,Annual,3077.25
2018,CZE,Labour force,Persons,Not applicable,Calendar and seasonally adjusted,Total,From 15 to 64 years,Not applicable,Annual,5267.25
2018,DNK,Labour force,Persons,Not applicable,Calendar and seasonally adjusted,Total,From 15 to 64 years,Not applicable,Annual,2891.75
2018,ISL,Labour force,Persons,Not applicable,Calendar and seasonally adjusted,Total,From 15 to 64 years,Not applicable,Annual,193.0
2018,ESP,Labour force,Persons,Not applicable,Calendar and seasonally adjusted,Total,From 15 to 64 years,Not applicable,Annual,22606.25
2018,CHE,Labour force,Persons,Not applicable,Calendar and seasonally adjusted,Total,From 15 to 64 years,Not applicable,Annual,4719.5
2018,EA20,Labour force,Persons,Not applicable,Calendar and seasonally adjusted,Total,From 15 to 64 years,Not applicable,Annual,161324.0
2018,EU27_2020,Labour force,Persons,Not applicable,Calendar and seasonally adjusted,Total,From 15 to 64 years,Not applicable,Annual,207309.0
2018,BGR,Labour force,Persons,Not applicable,Calendar and seasonally adjusted,Total,From 15 to 64 years,Not applicable,Annual,3235.0
2015,CZE,Labour force,Persons,Not applicable,Calendar and seasonally adjusted,Total,From 15 to 64 years,Not applicable,Annual,5201.25
2015,DNK,Labour force,Persons,Not applicable,Calendar and seasonally adjusted,Total,From 15 to 64 years,Not applicable,Annual,2803.5
2015,ISL,Labour force,Persons,Not applicable,Calendar and seasonally adjusted,Total,From 15 to 64 years,Not applicable,Annual,181.75
2015,LTU,Labour force,Persons,Not applicable,Calendar and seasonally adjusted,Total,From 15 to 64 years,Not applicable,Annual,1434.0
2015,ESP,Labour force,Persons,Not applicable,Calendar and seasonally adjusted,Total,From 15 to 64 years,Not applicable,Annual,22767.0
2015,CHE,Labour force,Persons,Not applicable,Calendar and seasonally adjusted,Total,From 15 to 64 years,Not applicable,Annual,4596.75
2015,EA20,Labour force,Persons,Not applicable,Calendar and seasonally adjusted,Total,From 15 to 64 years,Not applicable,Annual,159493.0
2015,EU27_2020,Labour force,Persons,Not applicable,Calendar and seasonally adjusted,Total,From 15 to 64 years,Not applicable,Annual,205197.0
2015,BGR,Labour force,Persons,Not applicable,Calendar and seasonally adjusted,Total,From 15 to 64 years,Not applicable,Annual,3271.0
2011,CZE,Labour force,Persons,Not applicable,Calendar and seasonally adjusted,Total,From 15 to 64 years,Not applicable,Annual,5146.0
2011,DNK,Labour force,Persons,Not applicable,Calendar and seasonally adjusted,Total,From 15 to 64 years,Not applicable,Annual,2811.0
2011,ISL,Labour force,Persons,Not applicable,Calendar and seasonally adjusted,Total,From 15 to 64 years,Not applicable,Annual,171.5
2011,LTU,Labour force,Persons,Not applicable,Calendar and seasonally adjusted,Total,From 15 to 64 years,Not applicable,Annual,1453.5
2011,ESP,Labour force,Persons,Not applicable,Calendar and seasonally adjusted,Total,From 15 to 64 years,Not applicable,Annual,23280.25
2011,CHE,Labour force,Persons,Not applicable,Calendar and seasonally adjusted,Total,From 15 to 64 years,Not applicable,Annual,4366.25
2011,EA20,Labour force,Persons,Not applicable,Calendar and seasonally adjusted,Total,From 15 to 64 years,Not applicable,Annual,158204.5
2011,EU27_2020,Labour force,Persons,Not applicable,Calendar and seasonally adjusted,Total,From 15 to 64 years,Not applicable,Annual,202972.3
2011,BGR,Labour force,Persons,Not applicable,Calendar and seasonally adjusted,Total,From 15 to 64 years,Not applicable,Annual,3294.75
2017,CZE,Labour force,Persons,Not applicable,Calendar and seasonally adjusted,Total,From 15 to 64 years,Not applicable,Annual,5248.25
2017,DNK,Labour force,Persons,Not applicable,Calendar and seasonally adjusted,Total,From 15 to 64 years,Not applicable,Annual,2870.25
2017,ISL,Labour force,Persons,Not applicable,Calendar and seasonally adjusted,Total,From 15 to 64 years,Not applicable,Annual,188.5
2017,LTU,Labour force,Persons,Not applicable,Calendar and seasonally adjusted,Total,From 15 to 64 years,Not applicable,Annual,1408.5
2017,ESP,Labour force,Persons,Not applicable,Calendar and seasonally adjusted,Total,From 15 to 64 years,Not applicable,Annual,22558.25
2017,EA20,Labour force,Persons,Not applicable,Calendar and seasonally adjusted,Total,From 15 to 64 years,Not applicable,Annual,160944.0
2017,EU27_2020,Labour force,Persons,Not applicable,Calendar and seasonally adjusted,Total,From 15 to 64 years,Not applicable,Annual,206982.3
2017,BGR,Labour force,Persons,Not applicable,Calendar and seasonally adjusted,Total,From 15 to 64 years,Not applicable,Annual,3271.75
2012,CZE,Labour force,Persons,Not applicable,Calendar and seasonally adjusted,Total,From 15 to 64 years,Not applicable,Annual,5174.75
2012,DNK,Labour force,Persons,Not applicable,Calendar and seasonally adjusted,Total,From 15 to 64 years,Not applicable,Annual,2788.0
2012,LTU,Labour force,Persons,Not applicable,Calendar and seasonally adjusted,Total,From 15 to 64 years,Not applicable,Annual,1441.25
2012,ESP,Labour force,Persons,Not applicable,Calendar and seasonally adjusted,Total,From 15 to 64 years,Not applicable,Annual,23281.5
2012,CHE,Labour force,Persons,Not applicable,Calendar and seasonally adjusted,Total,From 15 to 64 years,Not applicable,Annual,4417.5
2012,EA20,Labour force,Persons,Not applicable,Calendar and seasonally adjusted,Total,From 15 to 64 years,Not applicable,Annual,159077.0
2012,EU27_2020,Labour force,Persons,Not applicable,Calendar and seasonally adjusted,Total,From 15 to 64 years,Not applicable,Annual,204138.3
2012,BGR,Labour force,Persons,Not applicable,Calendar and seasonally adjusted,Total,From 15 to 64 years,Not applicable,Annual,3297.25
2013,CZE,Labour force,Persons,Not applicable,Calendar and seasonally adjusted,Total,From 15 to 64 years,Not applicable,Annual,5213.5
2013,DNK,Labour force,Persons,Not applicable,Calendar and seasonally adjusted,Total,From 15 to 64 years,Not applicable,Annual,2767.5
2013,ISL,Labour force,Persons,Not applicable,Calendar and seasonally adjusted,Total,From 15 to 64 years,Not applicable,Annual,175.0
2013,LTU,Labour force,Persons,Not applicable,Calendar and seasonally adjusted,Total,From 15 to 64 years,Not applicable,Annual,1436.75
2013,ESP,Labour force,Persons,Not applicable,Calendar and seasonally adjusted,Total,From 15 to 64 years,Not applicable,Annual,23043.5
2013,CHE,Labour force,Persons,Not applicable,Calendar and seasonally adjusted,Total,From 15 to 64 years,Not applicable,Annual,4463.5
2013,EA20,Labour force,Persons,Not applicable,Calendar and seasonally adjusted,Total,From 15 to 64 years,Not applicable,Annual,159178.5
2013,EU27_2020,Labour force,Persons,Not applicable,Calendar and seasonally adjusted,Total,From 15 to 64 years,Not applicable,Annual,204414.0
2013,BGR,Labour force,Persons,Not applicable,Calendar and seasonally adjusted,Total,From 15 to 64 years,Not applicable,Annual,3316.5
2014,CZE,Labour force,Persons,Not applicable,Calendar and seasonally adjusted,Total,From 15 to 64 years,Not applicable,Annual,5205.75
2014,DNK,Labour force,Persons,Not applicable,Calendar and seasonally adjusted,Total,From 15 to 64 years,Not applicable,Annual,2776.75
2014,ISL,Labour force,Persons,Not applicable,Calendar and seasonally adjusted,Total,From 15 to 64 years,Not applicable,Annual,178.0
2014,ESP,Labour force,Persons,Not applicable,Calendar and seasonally adjusted,Total,From 15 to 64 years,Not applicable,Annual,22813.75
2014,CHE,Labour force,Persons,Not applicable,Calendar and seasonally adjusted,Total,From 15 to 64 years,Not applicable,Annual,4532.0
2014,EA20,Labour force,Persons,Not applicable,Calendar and seasonally adjusted,Total,From 15 to 64 years,Not applicable,Annual,159294.3
2014,EU27_2020,Labour force,Persons,Not applicable,Calendar and seasonally adjusted,Total,From 15 to 64 years,Not applicable,Annual,204819.8
2014,BGR,Labour force,Persons,Not applicable,Calendar and seasonally adjusted,Total,From 15 to 64 years,Not applicable,Annual,3303.25
2016,CZE,Labour force,Persons,Not applicable,Calendar and seasonally adjusted,Total,From 15 to 64 years,Not applicable,Annual,5226.5
2016,DNK,Labour force,Persons,Not applicable,Calendar and seasonally adjusted,Total,From 15 to 64 years,Not applicable,Annual,2842.25
2016,LTU,Labour force,Persons,Not applicable,Calendar and seasonally adjusted,Total,From 15 to 64 years,Not applicable,Annual,1433.25
2016,CHE,Labour force,Persons,Not applicable,Calendar and seasonally adjusted,Total,From 15 to 64 years,Not applicable,Annual,4660.0
2016,EA20,Labour force,Persons,Not applicable,Calendar and seasonally adjusted,Total,From 15 to 64 years,Not applicable,Annual,160603.3
2016,EU27_2020,Labour force,Persons,Not applicable,Calendar and seasonally adjusted,Total,From 15 to 64 years,Not applicable,Annual,206287.8
2016,BGR,Labour force,Persons,Not applicable,Calendar and seasonally adjusted,Total,From 15 to 64 years,Not applicable,Annual,3194.75
2020,CZE,Labour force,Persons,Not applicable,Calendar and seasonally adjusted,Total,From 15 to 64 years,Not applicable,Annual,5223.5
2020,DNK,Labour force,Persons,Not applicable,Calendar and seasonally adjusted,Total,From 15 to 64 years,Not applicable,Annual,2922.0
2020,LTU,Labour force,Persons,Not applicable,Calendar and seasonally adjusted,Total,From 15 to 64 years,Not applicable,Annual,1423.0
2020,ESP,Labour force,Persons,Not applicable,Calendar and seasonally adjusted,Total,From 15 to 64 years,Not applicable,Annual,22474.75
2020,CHE,Labour force,Persons,Not applicable,Calendar and seasonally adjusted,Total,From 15 to 64 years,Not applicable,Annual,4754.0
2020,EA20,Labour force,Persons,Not applicable,Calendar and seasonally adjusted,Total,From 15 to 64 years,Not applicable,Annual,159271.0
2020,EU27_2020,Labour force,Persons,Not applicable,Calendar and seasonally adjusted,Total,From 15 to 64 years,Not applicable,Annual,205349.8
2020,BGR,Labour force,Persons,Not applicable,Calendar and seasonally adjusted,Total,From 15 to 64 years,Not applicable,Annual,2987.5
2010,CZE,Labour force,Persons,Not applicable,Calendar and seasonally adjusted,Total,From 15 to 64 years,Not applicable,Annual,5192.25
2010,DNK,Labour force,Persons,Not applicable,Calendar and seasonally adjusted,Total,From 15 to 64 years,Not applicable,Annual,2821.5
2010,ISL,Labour force,Persons,Not applicable,Calendar and seasonally adjusted,Total,From 15 to 64 years,Not applicable,Annual,172.0
2010,LTU,Labour force,Persons,Not applicable,Calendar and seasonally adjusted,Total,From 15 to 64 years,Not applicable,Annual,1494.5
2010,ESP,Labour force,Persons,Not applicable,Calendar and seasonally adjusted,Total,From 15 to 64 years,Not applicable,Annual,23210.0
2010,CHE,Labour force,Persons,Not applicable,Calendar and seasonally adjusted,Total,From 15 to 64 years,Not applicable,Annual,4298.5
2010,EU27_2020,Labour force,Persons,Not applicable,Calendar and seasonally adjusted,Total,From 15 to 64 years,Not applicable,Annual,202826.3
2010,BGR,Labour force,Persons,Not applicable,Calendar and seasonally adjusted,Total,From 15 to 64 years,Not applicable,Annual,3378.5
2009,CZE,Labour force,Persons,Not applicable,Calendar and seasonally adjusted,Total,From 15 to 64 years,Not applicable,Annual,5208.75
2009,DNK,Labour force,Persons,Not applicable,Calendar and seasonally adjusted,Total,From 15 to 64 years,Not applicable,Annual,2844.75
2009,ISL,Labour force,Persons,Not applicable,Calendar and seasonally adjusted,Total,From 15 to 64 years,Not applicable,Annual,172.5
2009,LTU,Labour force,Persons,Not applicable,Calendar and seasonally adjusted,Total,From 15 to 64 years,Not applicable,Annual,1499.75
2009,ESP,Labour force,Persons,Not applicable,Calendar and seasonally adjusted,Total,From 15 to 64 years,Not applicable,Annual,23107.0
2009,EU27_2020,Labour force,Persons,Not applicable,Calendar and seasonally adjusted,Total,From 15 to 64 years,Not applicable,Annual,203824.5
2009,BGR,Labour force,Persons,Not applicable,Calendar and seasonally adjusted,Total,From 15 to 64 years,Not applicable,Annual,3432.0
