STRUCTURE,STRUCTURE_ID,STRUCTURE_NAME,ACTION,REF_AREA,Reference area,MEASURE,Measure,SECTOR,Institutional sector,STANDARD_REVENUE,Revenue category,CTRY_SPECIFIC_REVENUE,Country-specific revenue category,UNIT_MEASURE,Unit of measure,FREQ,Frequency of observation,TIME_PERIOD,Time period,OBS_VALUE,Observation value,OBS_STATUS,Observation status,UNIT_MULT,Unit multiplier,REVENUE_CODE,Revenue code,DECIMALS,Decimals,CURRENCY,Currency
DATAFLOW,OECD.CTP.TPS:DSD_REV_COMP_GLOBAL@DF_RSGLOBAL(2.1),A comparative table of countries in the global database,I,AZE,Azerbaijan,TAX_REV,Tax revenue,S13,General government,_T,Total tax revenue,_T,Total,PT_B1GQ,Percentage of GDP,A,Annual,2018,,16.206,,A,Normal value,0,Units,TOTALTAX,,1,One,_Z,Not applicable
DATAFLOW,OECD.CTP.TPS:DSD_REV_COMP_GLOBAL@DF_RSGLOBAL(2.1),A comparative table of countries in the global database,I,AZE,Azerbaijan,TAX_REV,Tax revenue,S13,General government,_T,Total tax revenue,_T,Total,PT_B1GQ,Percentage of GDP,A,Annual,2017,,16.277,,A,Normal value,0,Units,TOTALTAX,,1,One,_Z,Not applicable
DATAFLOW,OECD.CTP.TPS:DSD_REV_COMP_GLOBAL@DF_RSGLOBAL(2.1),A comparative table of countries in the global database,I,AZE,Azerbaijan,TAX_REV,Tax revenue,S13,General government,_T,Total tax revenue,_T,Total,PT_B1GQ,Percentage of GDP,A,Annual,2016,,18.224,,A,Normal value,0,Units,TOTALTAX,,1,One,_Z,Not applicable
DATAFLOW,OECD.CTP.TPS:DSD_REV_COMP_GLOBAL@DF_RSGLOBAL(2.1),A comparative table of countries in the global database,I,AZE,Azerbaijan,TAX_REV,Tax revenue,S13,General government,_T,Total tax revenue,_T,Total,PT_B1GQ,Percentage of GDP,A,Annual,2015,,18.949,,A,Normal value,0,Units,TOTALTAX,,1,One,_Z,Not applicable
DATAFLOW,OECD.CTP.TPS:DSD_REV_COMP_GLOBAL@DF_RSGLOBAL(2.1),A comparative table of countries in the global database,I,AZE,Azerbaijan,TAX_REV,Tax revenue,S13,General government,_T,Total tax revenue,_T,Total,PT_B1GQ,Percentage of GDP,A,Annual,2014,,17.184,,A,Normal value,0,Units,TOTALTAX,,1,One,_Z,Not applicable
DATAFLOW,OECD.CTP.TPS:DSD_REV_COMP_GLOBAL@DF_RSGLOBAL(2.1),A comparative table of countries in the global database,I,BGR,Bulgaria,TAX_REV,Tax revenue,S13,General government,_T,Total tax revenue,_T,Total,PT_B1GQ,Percentage of GDP,A,Annual,2022,,31.059,,A,Normal value,0,Units,TOTALTAX,,1,One,_Z,Not applicable
DATAFLOW,OECD.CTP.TPS:DSD_REV_COMP_GLOBAL@DF_RSGLOBAL(2.1),A comparative table of countries in the global database,I,BGR,Bulgaria,TAX_REV,Tax revenue,S13,General government,_T,Total tax revenue,_T,Total,PT_B1GQ,Percentage of GDP,A,Annual,2021,,30.667,,A,Normal value,0,Units,TOTALTAX,,1,One,_Z,Not applicable
DATAFLOW,OECD.CTP.TPS:DSD_REV_COMP_GLOBAL@DF_RSGLOBAL(2.1),A comparative table of countries in the global database,I,BGR,Bulgaria,TAX_REV,Tax revenue,S13,General government,_T,Total tax revenue,_T,Total,PT_B1GQ,Percentage of GDP,A,Annual,2020,,30.348,,A,Normal value,0,Units,TOTALTAX,,1,One,_Z,Not applicable
DATAFLOW,OECD.CTP.TPS:DSD_REV_COMP_GLOBAL@DF_RSGLOBAL(2.1),A comparative table of countries in the global database,I,BGR,Bulgaria,TAX_REV,Tax revenue,S13,General government,_T,Total tax revenue,_T,Total,PT_B1GQ,Percentage of GDP,A,Annual,2019,,30.464,,A,Normal value,0,Units,TOTALTAX,,1,One,_Z,Not applicable
DATAFLOW,OECD.CTP.TPS:DSD_REV_COMP_GLOBAL@DF_RSGLOBAL(2.1),A comparative table of countries in the global database,I,BGR,Bulgaria,TAX_REV,Tax revenue,S13,General government,_T,Total tax revenue,_T,Total,PT_B1GQ,Percentage of GDP,A,Annual,2018,,29.72,,A,Normal value,0,Units,TOTALTAX,,1,One,_Z,Not applicable
DATAFLOW,OECD.CTP.TPS:DSD_REV_COMP_GLOBAL@DF_RSGLOBAL(2.1),A comparative table of countries in the global database,I,BGR,Bulgaria,TAX_REV,Tax revenue,S13,General government,_T,Total tax revenue,_T,Total,PT_B1GQ,Percentage of GDP,A,Annual,2017,,29.841,,A,Normal value,0,Units,TOTALTAX,,1,One,_Z,Not applicable
DATAFLOW,OECD.CTP.TPS:DSD_REV_COMP_GLOBAL@DF_RSGLOBAL(2.1),A comparative table of countries in the global database,I,BGR,Bulgaria,TAX_REV,Tax revenue,S13,General government,_T,Total tax revenue,_T,Total,PT_B1GQ,Percentage of GDP,A,Annual,2016,,29.184,,A,Normal value,0,Units,TOTALTAX,,1,One,_Z,Not applicable
DATAFLOW,OECD.CTP.TPS:DSD_REV_COMP_GLOBAL@DF_RSGLOBAL(2.1),A comparative table of countries in the global database,I,BGR,Bulgaria,TAX_REV,Tax revenue,S13,General government,_T,Total tax revenue,_T,Total,PT_B1GQ,Percentage of GDP,A,Annual,2015,,28.863,,A,Normal value,0,Units,TOTALTAX,,1,One,_Z,Not applicable
DATAFLOW,OECD.CTP.TPS:DSD_REV_COMP_GLOBAL@DF_RSGLOBAL(2.1),A comparative table of countries in the global database,I,BGR,Bulgaria,TAX_REV,Tax revenue,S13,General government,_T,Total tax revenue,_T,Total,PT_B1GQ,Percentage of GDP,A,Annual,2014,,28.399,,A,Normal value,0,Units,TOTALTAX,,1,One,_Z,Not applicable
DATAFLOW,OECD.CTP.TPS:DSD_REV_COMP_GLOBAL@DF_RSGLOBAL(2.1),A comparative table of countries in the global database,I,KHM,Cambodia,TAX_REV,Tax revenue,S13,General government,_T,Total tax revenue,_T,Total,PT_B1GQ,Percentage of GDP,A,Annual,2016,,11.876,,A,Normal value,0,Units,TOTALTAX,,1,One,_Z,Not applicable
DATAFLOW,OECD.CTP.TPS:DSD_REV_COMP_GLOBAL@DF_RSGLOBAL(2.1),A comparative table of countries in the global database,I,KHM,Cambodia,TAX_REV,Tax revenue,S13,General government,_T,Total tax revenue,_T,Total,PT_B1GQ,Percentage of GDP,A,Annual,2015,,11.663,,A,Normal value,0,Units,TOTALTAX,,1,One,_Z,Not applicable
DATAFLOW,OECD.CTP.TPS:DSD_REV_COMP_GLOBAL@DF_RSGLOBAL(2.1),A comparative table of countries in the global database,I,KHM,Cambodia,TAX_REV,Tax revenue,S13,General government,_T,Total tax revenue,_T,Total,PT_B1GQ,Percentage of GDP,A,Annual,2014,,11.75,,A,Normal value,0,Units,TOTALTAX,,1,One,_Z,Not applicable
DATAFLOW,OECD.CTP.TPS:DSD_REV_COMP_GLOBAL@DF_RSGLOBAL(2.1),A comparative table of countries in the global database,I,CPV,Cabo Verde,TAX_REV,Tax revenue,S13,General government,_T,Total tax revenue,_T,Total,PT_B1GQ,Percentage of GDP,A,Annual,2022,,18.257,,A,Normal value,0,Units,TOTALTAX,,1,One,_Z,Not applicable
DATAFLOW,OECD.CTP.TPS:DSD_REV_COMP_GLOBAL@DF_RSGLOBAL(2.1),A comparative table of countries in the global database,I,CPV,Cabo Verde,TAX_REV,Tax revenue,S13,General government,_T,Total tax revenue,_T,Total,PT_B1GQ,Percentage of GDP,A,Annual,2021,,17.788,,A,Normal value,0,Units,TOTALTAX,,1,One,_Z,Not applicable
DATAFLOW,OECD.CTP.TPS:DSD_REV_COMP_GLOBAL@DF_RSGLOBAL(2.1),A comparative table of countries in the global database,I,CPV,Cabo Verde,TAX_REV,Tax revenue,S13,General government,_T,Total tax revenue,_T,Total,PT_B1GQ,Percentage of GDP,A,Annual,2020,,18.736,,A,Normal value,0,Units,TOTALTAX,,1,One,_Z,Not applicable
DATAFLOW,OECD.CTP.TPS:DSD_REV_COMP_GLOBAL@DF_RSGLOBAL(2.1),A comparative table of countries in the global database,I,CPV,Cabo Verde,TAX_REV,Tax revenue,S13,General government,_T,Total tax revenue,_T,Total,PT_B1GQ,Percentage of GDP,A,Annual,2019,,18.694,,A,Normal value,0,Units,TOTALTAX,,1,One,_Z,Not applicable
DATAFLOW,OECD.CTP.TPS:DSD_REV_COMP_GLOBAL@DF_RSGLOBAL(2.1),A comparative table of countries in the global database,I,CPV,Cabo Verde,TAX_REV,Tax revenue,S13,General government,_T,Total tax revenue,_T,Total,PT_B1GQ,Percentage of GDP,A,Annual,2018,,19.583,,A,Normal value,0,Units,TOTALTAX,,1,One,_Z,Not applicable
DATAFLOW,OECD.CTP.TPS:DSD_REV_COMP_GLOBAL@DF_RSGLOBAL(2.1),A comparative table of countries in the global database,I,CPV,Cabo Verde,TAX_REV,Tax revenue,S13,General government,_T,Total tax revenue,_T,Total,PT_B1GQ,Percentage of GDP,A,Annual,2017,,18.205,,A,Normal value,0,Units,TOTALTAX,,1,One,_Z,Not applicable
DATAFLOW,OECD.CTP.TPS:DSD_REV_COMP_GLOBAL@DF_RSGLOBAL(2.1),A comparative table of countries in the global database,I,CPV,Cabo Verde,TAX_REV,Tax revenue,S13,General government,_T,Total tax revenue,_T,Total,PT_B1GQ,Percentage of GDP,A,Annual,2016,,17.465,,A,Normal value,0,Units,TOTALTAX,,1,One,_Z,Not applicable
DATAFLOW,OECD.CTP.TPS:DSD_REV_COMP_GLOBAL@DF_RSGLOBAL(2.1),A comparative table of countries in the global database,I,CPV,Cabo Verde,TAX_REV,Tax revenue,S13,General government,_T,Total tax revenue,_T,Total,PT_B1GQ,Percentage of GDP,A,Annual,2015,,17.648,,A,Normal value,0,Units,TOTALTAX,,1,One,_Z,Not applicable
DATAFLOW,OECD.CTP.TPS:DSD_REV_COMP_GLOBAL@DF_RSGLOBAL(2.1),A comparative table of countries in the global database,I,CPV,Cabo Verde,TAX_REV,Tax revenue,S13,General government,_T,Total tax revenue,_T,Total,PT_B1GQ,Percentage of GDP,A,Annual,2014,,15.943,,A,Normal value,0,Units,TOTALTAX,,1,One,_Z,Not applicable
DATAFLOW,OECD.CTP.TPS:DSD_REV_COMP_GLOBAL@DF_RSGLOBAL(2.1),A comparative table of countries in the global database,I,BFA,Burkina Faso,TAX_REV,Tax revenue,S13,General government,_T,Total tax revenue,_T,Total,PT_B1GQ,Percentage of GDP,A,Annual,2022,,18.413,,A,Normal value,0,Units,TOTALTAX,,1,One,_Z,Not applicable
DATAFLOW,OECD.CTP.TPS:DSD_REV_COMP_GLOBAL@DF_RSGLOBAL(2.1),A comparative table of countries in the global database,I,BFA,Burkina Faso,TAX_REV,Tax revenue,S13,General government,_T,Total tax revenue,_T,Total,PT_B1GQ,Percentage of GDP,A,Annual,2021,,15.423,,A,Normal value,0,Units,TOTALTAX,,1,One,_Z,Not applicable
DATAFLOW,OECD.CTP.TPS:DSD_REV_COMP_GLOBAL@DF_RSGLOBAL(2.1),A comparative table of countries in the global database,I,BFA,Burkina Faso,TAX_REV,Tax revenue,S13,General government,_T,Total tax revenue,_T,Total,PT_B1GQ,Percentage of GDP,A,Annual,2020,,15.914,,A,Normal value,0,Units,TOTALTAX,,1,One,_Z,Not applicable
DATAFLOW,OECD.CTP.TPS:DSD_REV_COMP_GLOBAL@DF_RSGLOBAL(2.1),A comparative table of countries in the global database,I,BFA,Burkina Faso,TAX_REV,Tax revenue,S13,General government,_T,Total tax revenue,_T,Total,PT_B1GQ,Percentage of GDP,A,Annual,2019,,17.275,,A,Normal value,0,Units,TOTALTAX,,1,One,_Z,Not applicable
DATAFLOW,OECD.CTP.TPS:DSD_REV_COMP_GLOBAL@DF_RSGLOBAL(2.1),A comparative table of countries in the global database,I,BFA,Burkina Faso,TAX_REV,Tax revenue,S13,General government,_T,Total tax revenue,_T,Total,PT_B1GQ,Percentage of GDP,A,Annual,2018,,16.802,,A,Normal value,0,Units,TOTALTAX,,1,One,_Z,Not applicable
DATAFLOW,OECD.CTP.TPS:DSD_REV_COMP_GLOBAL@DF_RSGLOBAL(2.1),A comparative table of countries in the global database,I,BFA,Burkina Faso,TAX_REV,Tax revenue,S13,General government,_T,Total tax revenue,_T,Total,PT_B1GQ,Percentage of GDP,A,Annual,2017,,16.198,,A,Normal value,0,Units,TOTALTAX,,1,One,_Z,Not applicable
DATAFLOW,OECD.CTP.TPS:DSD_REV_COMP_GLOBAL@DF_RSGLOBAL(2.1),A comparative table of countries in the global database,I,BFA,Burkina Faso,TAX_REV,Tax revenue,S13,General government,_T,Total tax revenue,_T,Total,PT_B1GQ,Percentage of GDP,A,Annual,2016,,15.272,,A,Normal value,0,Units,TOTALTAX,,1,One,_Z,Not applicable
DATAFLOW,OECD.CTP.TPS:DSD_REV_COMP_GLOBAL@DF_RSGLOBAL(2.1),A comparative table of countries in the global database,I,BFA,Burkina Faso,TAX_REV,Tax revenue,S13,General government,_T,Total tax revenue,_T,Total,PT_B1GQ,Percentage of GDP,A,Annual,2015,,14.563,,A,Normal value,0,Units,TOTALTAX,,1,One,_Z,Not applicable
DATAFLOW,OECD.CTP.TPS:DSD_REV_COMP_GLOBAL@DF_RSGLOBAL(2.1),A comparative table of countries in the global database,I,BFA,Burkina Faso,TAX_REV,Tax revenue,S13,General government,_T,Total tax revenue,_T,Total,PT_B1GQ,Percentage of GDP,A,Annual,2014,,14.275,,A,Normal value,0,Units,TOTALTAX,,1,One,_Z,Not applicable
DATAFLOW,OECD.CTP.TPS:DSD_REV_COMP_GLOBAL@DF_RSGLOBAL(2.1),A comparative table of countries in the global database,I,BGR,Bulgaria,TAX_REV,Tax revenue,S13,General government,_T,Total tax revenue,_T,Total,PT_B1GQ,Percentage of GDP,A,Annual,2023,,29.924,,A,Normal value,0,Units,TOTALTAX,,1,One,_Z,Not applicable
DATAFLOW,OECD.CTP.TPS:DSD_REV_COMP_GLOBAL@DF_RSGLOBAL(2.1),A comparative table of countries in the global database,I,COK,Cook Islands,TAX_REV,Tax revenue,S13,General government,_T,Total tax revenue,_T,Total,PT_B1GQ,Percentage of GDP,A,Annual,2016,,27.57,,A,Normal value,0,Units,TOTALTAX,,1,One,_Z,Not applicable
DATAFLOW,OECD.CTP.TPS:DSD_REV_COMP_GLOBAL@DF_RSGLOBAL(2.1),A comparative table of countries in the global database,I,COK,Cook Islands,TAX_REV,Tax revenue,S13,General government,_T,Total tax revenue,_T,Total,PT_B1GQ,Percentage of GDP,A,Annual,2015,,26.94,,A,Normal value,0,Units,TOTALTAX,,1,One,_Z,Not applicable
DATAFLOW,OECD.CTP.TPS:DSD_REV_COMP_GLOBAL@DF_RSGLOBAL(2.1),A comparative table of countries in the global database,I,COK,Cook Islands,TAX_REV,Tax revenue,S13,General government,_T,Total tax revenue,_T,Total,PT_B1GQ,Percentage of GDP,A,Annual,2014,,21.968,,A,Normal value,0,Units,TOTALTAX,,1,One,_Z,Not applicable
DATAFLOW,OECD.CTP.TPS:DSD_REV_COMP_GLOBAL@DF_RSGLOBAL(2.1),A comparative table of countries in the global database,I,COG,Congo,TAX_REV,Tax revenue,S13,General government,_T,Total tax revenue,_T,Total,PT_B1GQ,Percentage of GDP,A,Annual,2022,,8.891,,A,Normal value,0,Units,TOTALTAX,,1,One,_Z,Not applicable
DATAFLOW,OECD.CTP.TPS:DSD_REV_COMP_GLOBAL@DF_RSGLOBAL(2.1),A comparative table of countries in the global database,I,COG,Congo,TAX_REV,Tax revenue,S13,General government,_T,Total tax revenue,_T,Total,PT_B1GQ,Percentage of GDP,A,Annual,2021,,8.232,,A,Normal value,0,Units,TOTALTAX,,1,One,_Z,Not applicable
DATAFLOW,OECD.CTP.TPS:DSD_REV_COMP_GLOBAL@DF_RSGLOBAL(2.1),A comparative table of countries in the global database,I,COG,Congo,TAX_REV,Tax revenue,S13,General government,_T,Total tax revenue,_T,Total,PT_B1GQ,Percentage of GDP,A,Annual,2020,,9.817,,A,Normal value,0,Units,TOTALTAX,,1,One,_Z,Not applicable
DATAFLOW,OECD.CTP.TPS:DSD_REV_COMP_GLOBAL@DF_RSGLOBAL(2.1),A comparative table of countries in the global database,I,COG,Congo,TAX_REV,Tax revenue,S13,General government,_T,Total tax revenue,_T,Total,PT_B1GQ,Percentage of GDP,A,Annual,2019,,8.217,,A,Normal value,0,Units,TOTALTAX,,1,One,_Z,Not applicable
DATAFLOW,OECD.CTP.TPS:DSD_REV_COMP_GLOBAL@DF_RSGLOBAL(2.1),A comparative table of countries in the global database,I,COG,Congo,TAX_REV,Tax revenue,S13,General government,_T,Total tax revenue,_T,Total,PT_B1GQ,Percentage of GDP,A,Annual,2018,,7.591,,A,Normal value,0,Units,TOTALTAX,,1,One,_Z,Not applicable
DATAFLOW,OECD.CTP.TPS:DSD_REV_COMP_GLOBAL@DF_RSGLOBAL(2.1),A comparative table of countries in the global database,I,COG,Congo,TAX_REV,Tax revenue,S13,General government,_T,Total tax revenue,_T,Total,PT_B1GQ,Percentage of GDP,A,Annual,2017,,10.291,,A,Normal value,0,Units,TOTALTAX,,1,One,_Z,Not applicable
DATAFLOW,OECD.CTP.TPS:DSD_REV_COMP_GLOBAL@DF_RSGLOBAL(2.1),A comparative table of countries in the global database,I,COG,Congo,TAX_REV,Tax revenue,S13,General government,_T,Total tax revenue,_T,Total,PT_B1GQ,Percentage of GDP,A,Annual,2016,,12.475,,A,Normal value,0,Units,TOTALTAX,,1,One,_Z,Not applicable
DATAFLOW,OECD.CTP.TPS:DSD_REV_COMP_GLOBAL@DF_RSGLOBAL(2.1),A comparative table of countries in the global database,I,COG,Congo,TAX_REV,Tax revenue,S13,General government,_T,Total tax revenue,_T,Total,PT_B1GQ,Percentage of GDP,A,Annual,2015,,13.25,,A,Normal value,0,Units,TOTALTAX,,1,One,_Z,Not applicable
DATAFLOW,OECD.CTP.TPS:DSD_REV_COMP_GLOBAL@DF_RSGLOBAL(2.1),A comparative table of countries in the global database,I,COG,Congo,TAX_REV,Tax revenue,S13,General government,_T,Total tax revenue,_T,Total,PT_B1GQ,Percentage of GDP,A,Annual,2014,,9.817,,A,Normal value,0,Units,TOTALTAX,,1,One,_Z,Not applicable
DATAFLOW,OECD.CTP.TPS:DSD_REV_COMP_GLOBAL@DF_RSGLOBAL(2.1),A comparative table of countries in the global database,I,CHN,China (People’s Republic of),TAX_REV,Tax revenue,S13,General government,_T,Total tax revenue,_T,Total,PT_B1GQ,Percentage of GDP,A,Annual,2023,,20.436,,A,Normal value,0,Units,TOTALTAX,,1,One,_Z,Not applicable
DATAFLOW,OECD.CTP.TPS:DSD_REV_COMP_GLOBAL@DF_RSGLOBAL(2.1),A comparative table of countries in the global database,I,CHN,China (People’s Republic of),TAX_REV,Tax revenue,S13,General government,_T,Total tax revenue,_T,Total,PT_B1GQ,Percentage of GDP,A,Annual,2022,,19.574,,A,Normal value,0,Units,TOTALTAX,,1,One,_Z,Not applicable
DATAFLOW,OECD.CTP.TPS:DSD_REV_COMP_GLOBAL@DF_RSGLOBAL(2.1),A comparative table of countries in the global database,I,CHN,China (People’s Republic of),TAX_REV,Tax revenue,S13,General government,_T,Total tax revenue,_T,Total,PT_B1GQ,Percentage of GDP,A,Annual,2021,,20.599,,A,Normal value,0,Units,TOTALTAX,,1,One,_Z,Not applicable
DATAFLOW,OECD.CTP.TPS:DSD_REV_COMP_GLOBAL@DF_RSGLOBAL(2.1),A comparative table of countries in the global database,I,CHN,China (People’s Republic of),TAX_REV,Tax revenue,S13,General government,_T,Total tax revenue,_T,Total,PT_B1GQ,Percentage of GDP,A,Annual,2020,,19.664,,A,Normal value,0,Units,TOTALTAX,,1,One,_Z,Not applicable
DATAFLOW,OECD.CTP.TPS:DSD_REV_COMP_GLOBAL@DF_RSGLOBAL(2.1),A comparative table of countries in the global database,I,CHN,China (People’s Republic of),TAX_REV,Tax revenue,S13,General government,_T,Total tax revenue,_T,Total,PT_B1GQ,Percentage of GDP,A,Annual,2019,,21.664,,A,Normal value,0,Units,TOTALTAX,,1,One,_Z,Not applicable
DATAFLOW,OECD.CTP.TPS:DSD_REV_COMP_GLOBAL@DF_RSGLOBAL(2.1),A comparative table of countries in the global database,I,CHN,China (People’s Republic of),TAX_REV,Tax revenue,S13,General government,_T,Total tax revenue,_T,Total,PT_B1GQ,Percentage of GDP,A,Annual,2018,,16.71,,A,Normal value,0,Units,TOTALTAX,,1,One,_Z,Not applicable
DATAFLOW,OECD.CTP.TPS:DSD_REV_COMP_GLOBAL@DF_RSGLOBAL(2.1),A comparative table of countries in the global database,I,CHN,China (People’s Republic of),TAX_REV,Tax revenue,S13,General government,_T,Total tax revenue,_T,Total,PT_B1GQ,Percentage of GDP,A,Annual,2017,,17.037,,A,Normal value,0,Units,TOTALTAX,,1,One,_Z,Not applicable
DATAFLOW,OECD.CTP.TPS:DSD_REV_COMP_GLOBAL@DF_RSGLOBAL(2.1),A comparative table of countries in the global database,I,CHN,China (People’s Republic of),TAX_REV,Tax revenue,S13,General government,_T,Total tax revenue,_T,Total,PT_B1GQ,Percentage of GDP,A,Annual,2016,,17.125,,A,Normal value,0,Units,TOTALTAX,,1,One,_Z,Not applicable
DATAFLOW,OECD.CTP.TPS:DSD_REV_COMP_GLOBAL@DF_RSGLOBAL(2.1),A comparative table of countries in the global database,I,CHN,China (People’s Republic of),TAX_REV,Tax revenue,S13,General government,_T,Total tax revenue,_T,Total,PT_B1GQ,Percentage of GDP,A,Annual,2015,,17.782,,A,Normal value,0,Units,TOTALTAX,,1,One,_Z,Not applicable
DATAFLOW,OECD.CTP.TPS:DSD_REV_COMP_GLOBAL@DF_RSGLOBAL(2.1),A comparative table of countries in the global database,I,CHN,China (People’s Republic of),TAX_REV,Tax revenue,S13,General government,_T,Total tax revenue,_T,Total,PT_B1GQ,Percentage of GDP,A,Annual,2014,,18.173,,A,Normal value,0,Units,TOTALTAX,,1,One,_Z,Not applicable
DATAFLOW,OECD.CTP.TPS:DSD_REV_COMP_GLOBAL@DF_RSGLOBAL(2.1),A comparative table of countries in the global database,I,TCD,Chad,TAX_REV,Tax revenue,S13,General government,_T,Total tax revenue,_T,Total,PT_B1GQ,Percentage of GDP,A,Annual,2022,,10.65,,A,Normal value,0,Units,TOTALTAX,,1,One,_Z,Not applicable
DATAFLOW,OECD.CTP.TPS:DSD_REV_COMP_GLOBAL@DF_RSGLOBAL(2.1),A comparative table of countries in the global database,I,TCD,Chad,TAX_REV,Tax revenue,S13,General government,_T,Total tax revenue,_T,Total,PT_B1GQ,Percentage of GDP,A,Annual,2021,,7.334,,A,Normal value,0,Units,TOTALTAX,,1,One,_Z,Not applicable
DATAFLOW,OECD.CTP.TPS:DSD_REV_COMP_GLOBAL@DF_RSGLOBAL(2.1),A comparative table of countries in the global database,I,TCD,Chad,TAX_REV,Tax revenue,S13,General government,_T,Total tax revenue,_T,Total,PT_B1GQ,Percentage of GDP,A,Annual,2020,,10.737,,A,Normal value,0,Units,TOTALTAX,,1,One,_Z,Not applicable
DATAFLOW,OECD.CTP.TPS:DSD_REV_COMP_GLOBAL@DF_RSGLOBAL(2.1),A comparative table of countries in the global database,I,TCD,Chad,TAX_REV,Tax revenue,S13,General government,_T,Total tax revenue,_T,Total,PT_B1GQ,Percentage of GDP,A,Annual,2019,,5.943,,A,Normal value,0,Units,TOTALTAX,,1,One,_Z,Not applicable
DATAFLOW,OECD.CTP.TPS:DSD_REV_COMP_GLOBAL@DF_RSGLOBAL(2.1),A comparative table of countries in the global database,I,TCD,Chad,TAX_REV,Tax revenue,S13,General government,_T,Total tax revenue,_T,Total,PT_B1GQ,Percentage of GDP,A,Annual,2018,,5.671,,A,Normal value,0,Units,TOTALTAX,,1,One,_Z,Not applicable
DATAFLOW,OECD.CTP.TPS:DSD_REV_COMP_GLOBAL@DF_RSGLOBAL(2.1),A comparative table of countries in the global database,I,TCD,Chad,TAX_REV,Tax revenue,S13,General government,_T,Total tax revenue,_T,Total,PT_B1GQ,Percentage of GDP,A,Annual,2017,,4.67,,A,Normal value,0,Units,TOTALTAX,,1,One,_Z,Not applicable
DATAFLOW,OECD.CTP.TPS:DSD_REV_COMP_GLOBAL@DF_RSGLOBAL(2.1),A comparative table of countries in the global database,I,TCD,Chad,TAX_REV,Tax revenue,S13,General government,_T,Total tax revenue,_T,Total,PT_B1GQ,Percentage of GDP,A,Annual,2016,,3.581,,A,Normal value,0,Units,TOTALTAX,,1,One,_Z,Not applicable
DATAFLOW,OECD.CTP.TPS:DSD_REV_COMP_GLOBAL@DF_RSGLOBAL(2.1),A comparative table of countries in the global database,I,TCD,Chad,TAX_REV,Tax revenue,S13,General government,_T,Total tax revenue,_T,Total,PT_B1GQ,Percentage of GDP,A,Annual,2015,,4.363,,A,Normal value,0,Units,TOTALTAX,,1,One,_Z,Not applicable
DATAFLOW,OECD.CTP.TPS:DSD_REV_COMP_GLOBAL@DF_RSGLOBAL(2.1),A comparative table of countries in the global database,I,TCD,Chad,TAX_REV,Tax revenue,S13,General government,_T,Total tax revenue,_T,Total,PT_B1GQ,Percentage of GDP,A,Annual,2014,,8.187,,A,Normal value,0,Units,TOTALTAX,,1,One,_Z,Not applicable
DATAFLOW,OECD.CTP.TPS:DSD_REV_COMP_GLOBAL@DF_RSGLOBAL(2.1),A comparative table of countries in the global database,I,CMR,Cameroon,TAX_REV,Tax revenue,S13,General government,_T,Total tax revenue,_T,Total,PT_B1GQ,Percentage of GDP,A,Annual,2022,,14.041,,A,Normal value,0,Units,TOTALTAX,,1,One,_Z,Not applicable
DATAFLOW,OECD.CTP.TPS:DSD_REV_COMP_GLOBAL@DF_RSGLOBAL(2.1),A comparative table of countries in the global database,I,CMR,Cameroon,TAX_REV,Tax revenue,S13,General government,_T,Total tax revenue,_T,Total,PT_B1GQ,Percentage of GDP,A,Annual,2021,,13.337,,A,Normal value,0,Units,TOTALTAX,,1,One,_Z,Not applicable
DATAFLOW,OECD.CTP.TPS:DSD_REV_COMP_GLOBAL@DF_RSGLOBAL(2.1),A comparative table of countries in the global database,I,CMR,Cameroon,TAX_REV,Tax revenue,S13,General government,_T,Total tax revenue,_T,Total,PT_B1GQ,Percentage of GDP,A,Annual,2020,,12.833,,A,Normal value,0,Units,TOTALTAX,,1,One,_Z,Not applicable
DATAFLOW,OECD.CTP.TPS:DSD_REV_COMP_GLOBAL@DF_RSGLOBAL(2.1),A comparative table of countries in the global database,I,CMR,Cameroon,TAX_REV,Tax revenue,S13,General government,_T,Total tax revenue,_T,Total,PT_B1GQ,Percentage of GDP,A,Annual,2019,,13.863,,A,Normal value,0,Units,TOTALTAX,,1,One,_Z,Not applicable
DATAFLOW,OECD.CTP.TPS:DSD_REV_COMP_GLOBAL@DF_RSGLOBAL(2.1),A comparative table of countries in the global database,I,CMR,Cameroon,TAX_REV,Tax revenue,S13,General government,_T,Total tax revenue,_T,Total,PT_B1GQ,Percentage of GDP,A,Annual,2018,,14.171,,A,Normal value,0,Units,TOTALTAX,,1,One,_Z,Not applicable
DATAFLOW,OECD.CTP.TPS:DSD_REV_COMP_GLOBAL@DF_RSGLOBAL(2.1),A comparative table of countries in the global database,I,CMR,Cameroon,TAX_REV,Tax revenue,S13,General government,_T,Total tax revenue,_T,Total,PT_B1GQ,Percentage of GDP,A,Annual,2017,,14.003,,A,Normal value,0,Units,TOTALTAX,,1,One,_Z,Not applicable
DATAFLOW,OECD.CTP.TPS:DSD_REV_COMP_GLOBAL@DF_RSGLOBAL(2.1),A comparative table of countries in the global database,I,CMR,Cameroon,TAX_REV,Tax revenue,S13,General government,_T,Total tax revenue,_T,Total,PT_B1GQ,Percentage of GDP,A,Annual,2016,,13.693,,A,Normal value,0,Units,TOTALTAX,,1,One,_Z,Not applicable
DATAFLOW,OECD.CTP.TPS:DSD_REV_COMP_GLOBAL@DF_RSGLOBAL(2.1),A comparative table of countries in the global database,I,CMR,Cameroon,TAX_REV,Tax revenue,S13,General government,_T,Total tax revenue,_T,Total,PT_B1GQ,Percentage of GDP,A,Annual,2015,,14.115,,A,Normal value,0,Units,TOTALTAX,,1,One,_Z,Not applicable
DATAFLOW,OECD.CTP.TPS:DSD_REV_COMP_GLOBAL@DF_RSGLOBAL(2.1),A comparative table of countries in the global database,I,CMR,Cameroon,TAX_REV,Tax revenue,S13,General government,_T,Total tax revenue,_T,Total,PT_B1GQ,Percentage of GDP,A,Annual,2014,,13.837,,A,Normal value,0,Units,TOTALTAX,,1,One,_Z,Not applicable
DATAFLOW,OECD.CTP.TPS:DSD_REV_COMP_GLOBAL@DF_RSGLOBAL(2.1),A comparative table of countries in the global database,I,KHM,Cambodia,TAX_REV,Tax revenue,S13,General government,_T,Total tax revenue,_T,Total,PT_B1GQ,Percentage of GDP,A,Annual,2023,,13.041,,A,Normal value,0,Units,TOTALTAX,,1,One,_Z,Not applicable
DATAFLOW,OECD.CTP.TPS:DSD_REV_COMP_GLOBAL@DF_RSGLOBAL(2.1),A comparative table of countries in the global database,I,KHM,Cambodia,TAX_REV,Tax revenue,S13,General government,_T,Total tax revenue,_T,Total,PT_B1GQ,Percentage of GDP,A,Annual,2022,,14.743,,A,Normal value,0,Units,TOTALTAX,,1,One,_Z,Not applicable
DATAFLOW,OECD.CTP.TPS:DSD_REV_COMP_GLOBAL@DF_RSGLOBAL(2.1),A comparative table of countries in the global database,I,KHM,Cambodia,TAX_REV,Tax revenue,S13,General government,_T,Total tax revenue,_T,Total,PT_B1GQ,Percentage of GDP,A,Annual,2021,,13.18,,A,Normal value,0,Units,TOTALTAX,,1,One,_Z,Not applicable
DATAFLOW,OECD.CTP.TPS:DSD_REV_COMP_GLOBAL@DF_RSGLOBAL(2.1),A comparative table of countries in the global database,I,KHM,Cambodia,TAX_REV,Tax revenue,S13,General government,_T,Total tax revenue,_T,Total,PT_B1GQ,Percentage of GDP,A,Annual,2020,,14.654,,A,Normal value,0,Units,TOTALTAX,,1,One,_Z,Not applicable
DATAFLOW,OECD.CTP.TPS:DSD_REV_COMP_GLOBAL@DF_RSGLOBAL(2.1),A comparative table of countries in the global database,I,KHM,Cambodia,TAX_REV,Tax revenue,S13,General government,_T,Total tax revenue,_T,Total,PT_B1GQ,Percentage of GDP,A,Annual,2019,,15.989,,A,Normal value,0,Units,TOTALTAX,,1,One,_Z,Not applicable
DATAFLOW,OECD.CTP.TPS:DSD_REV_COMP_GLOBAL@DF_RSGLOBAL(2.1),A comparative table of countries in the global database,I,KHM,Cambodia,TAX_REV,Tax revenue,S13,General government,_T,Total tax revenue,_T,Total,PT_B1GQ,Percentage of GDP,A,Annual,2018,,13.823,,A,Normal value,0,Units,TOTALTAX,,1,One,_Z,Not applicable
DATAFLOW,OECD.CTP.TPS:DSD_REV_COMP_GLOBAL@DF_RSGLOBAL(2.1),A comparative table of countries in the global database,I,KHM,Cambodia,TAX_REV,Tax revenue,S13,General government,_T,Total tax revenue,_T,Total,PT_B1GQ,Percentage of GDP,A,Annual,2017,,12.777,,A,Normal value,0,Units,TOTALTAX,,1,One,_Z,Not applicable
DATAFLOW,OECD.CTP.TPS:DSD_REV_COMP_GLOBAL@DF_RSGLOBAL(2.1),A comparative table of countries in the global database,I,MAR,Morocco,TAX_REV,Tax revenue,S13,General government,_T,Total tax revenue,_T,Total,PT_B1GQ,Percentage of GDP,A,Annual,2018,,26.205,,A,Normal value,0,Units,TOTALTAX,,1,One,_Z,Not applicable
DATAFLOW,OECD.CTP.TPS:DSD_REV_COMP_GLOBAL@DF_RSGLOBAL(2.1),A comparative table of countries in the global database,I,MAR,Morocco,TAX_REV,Tax revenue,S13,General government,_T,Total tax revenue,_T,Total,PT_B1GQ,Percentage of GDP,A,Annual,2017,,25.867,,A,Normal value,0,Units,TOTALTAX,,1,One,_Z,Not applicable
DATAFLOW,OECD.CTP.TPS:DSD_REV_COMP_GLOBAL@DF_RSGLOBAL(2.1),A comparative table of countries in the global database,I,MAR,Morocco,TAX_REV,Tax revenue,S13,General government,_T,Total tax revenue,_T,Total,PT_B1GQ,Percentage of GDP,A,Annual,2016,,25.444,,A,Normal value,0,Units,TOTALTAX,,1,One,_Z,Not applicable
DATAFLOW,OECD.CTP.TPS:DSD_REV_COMP_GLOBAL@DF_RSGLOBAL(2.1),A comparative table of countries in the global database,I,MAR,Morocco,TAX_REV,Tax revenue,S13,General government,_T,Total tax revenue,_T,Total,PT_B1GQ,Percentage of GDP,A,Annual,2015,,24.586,,A,Normal value,0,Units,TOTALTAX,,1,One,_Z,Not applicable
DATAFLOW,OECD.CTP.TPS:DSD_REV_COMP_GLOBAL@DF_RSGLOBAL(2.1),A comparative table of countries in the global database,I,MAR,Morocco,TAX_REV,Tax revenue,S13,General government,_T,Total tax revenue,_T,Total,PT_B1GQ,Percentage of GDP,A,Annual,2014,,25.655,,A,Normal value,0,Units,TOTALTAX,,1,One,_Z,Not applicable
DATAFLOW,OECD.CTP.TPS:DSD_REV_COMP_GLOBAL@DF_RSGLOBAL(2.1),A comparative table of countries in the global database,I,MNG,Mongolia,TAX_REV,Tax revenue,S13,General government,_T,Total tax revenue,_T,Total,PT_B1GQ,Percentage of GDP,A,Annual,2023,,24.682,,A,Normal value,0,Units,TOTALTAX,,1,One,_Z,Not applicable
DATAFLOW,OECD.CTP.TPS:DSD_REV_COMP_GLOBAL@DF_RSGLOBAL(2.1),A comparative table of countries in the global database,I,MNG,Mongolia,TAX_REV,Tax revenue,S13,General government,_T,Total tax revenue,_T,Total,PT_B1GQ,Percentage of GDP,A,Annual,2022,,24.551,,A,Normal value,0,Units,TOTALTAX,,1,One,_Z,Not applicable
DATAFLOW,OECD.CTP.TPS:DSD_REV_COMP_GLOBAL@DF_RSGLOBAL(2.1),A comparative table of countries in the global database,I,MNG,Mongolia,TAX_REV,Tax revenue,S13,General government,_T,Total tax revenue,_T,Total,PT_B1GQ,Percentage of GDP,A,Annual,2021,,23.99,,A,Normal value,0,Units,TOTALTAX,,1,One,_Z,Not applicable
DATAFLOW,OECD.CTP.TPS:DSD_REV_COMP_GLOBAL@DF_RSGLOBAL(2.1),A comparative table of countries in the global database,I,MNG,Mongolia,TAX_REV,Tax revenue,S13,General government,_T,Total tax revenue,_T,Total,PT_B1GQ,Percentage of GDP,A,Annual,2020,,20.822,,A,Normal value,0,Units,TOTALTAX,,1,One,_Z,Not applicable
DATAFLOW,OECD.CTP.TPS:DSD_REV_COMP_GLOBAL@DF_RSGLOBAL(2.1),A comparative table of countries in the global database,I,MNG,Mongolia,TAX_REV,Tax revenue,S13,General government,_T,Total tax revenue,_T,Total,PT_B1GQ,Percentage of GDP,A,Annual,2019,,23.873,,A,Normal value,0,Units,TOTALTAX,,1,One,_Z,Not applicable
DATAFLOW,OECD.CTP.TPS:DSD_REV_COMP_GLOBAL@DF_RSGLOBAL(2.1),A comparative table of countries in the global database,I,MNG,Mongolia,TAX_REV,Tax revenue,S13,General government,_T,Total tax revenue,_T,Total,PT_B1GQ,Percentage of GDP,A,Annual,2018,,23.903,,A,Normal value,0,Units,TOTALTAX,,1,One,_Z,Not applicable
DATAFLOW,OECD.CTP.TPS:DSD_REV_COMP_GLOBAL@DF_RSGLOBAL(2.1),A comparative table of countries in the global database,I,MNG,Mongolia,TAX_REV,Tax revenue,S13,General government,_T,Total tax revenue,_T,Total,PT_B1GQ,Percentage of GDP,A,Annual,2017,,21.437,,A,Normal value,0,Units,TOTALTAX,,1,One,_Z,Not applicable
DATAFLOW,OECD.CTP.TPS:DSD_REV_COMP_GLOBAL@DF_RSGLOBAL(2.1),A comparative table of countries in the global database,I,MNG,Mongolia,TAX_REV,Tax revenue,S13,General government,_T,Total tax revenue,_T,Total,PT_B1GQ,Percentage of GDP,A,Annual,2016,,19.084,,A,Normal value,0,Units,TOTALTAX,,1,One,_Z,Not applicable
DATAFLOW,OECD.CTP.TPS:DSD_REV_COMP_GLOBAL@DF_RSGLOBAL(2.1),A comparative table of countries in the global database,I,MNG,Mongolia,TAX_REV,Tax revenue,S13,General government,_T,Total tax revenue,_T,Total,PT_B1GQ,Percentage of GDP,A,Annual,2015,,19.308,,A,Normal value,0,Units,TOTALTAX,,1,One,_Z,Not applicable
DATAFLOW,OECD.CTP.TPS:DSD_REV_COMP_GLOBAL@DF_RSGLOBAL(2.1),A comparative table of countries in the global database,I,MNG,Mongolia,TAX_REV,Tax revenue,S13,General government,_T,Total tax revenue,_T,Total,PT_B1GQ,Percentage of GDP,A,Annual,2014,,20.158,,A,Normal value,0,Units,TOTALTAX,,1,One,_Z,Not applicable
DATAFLOW,OECD.CTP.TPS:DSD_REV_COMP_GLOBAL@DF_RSGLOBAL(2.1),A comparative table of countries in the global database,I,MDA,Moldova,TAX_REV,Tax revenue,S13,General government,_T,Total tax revenue,_T,Total,PT_B1GQ,Percentage of GDP,A,Annual,2023,,30.317,,A,Normal value,0,Units,TOTALTAX,,1,One,_Z,Not applicable
DATAFLOW,OECD.CTP.TPS:DSD_REV_COMP_GLOBAL@DF_RSGLOBAL(2.1),A comparative table of countries in the global database,I,MDA,Moldova,TAX_REV,Tax revenue,S13,General government,_T,Total tax revenue,_T,Total,PT_B1GQ,Percentage of GDP,A,Annual,2022,,30.037,,A,Normal value,0,Units,TOTALTAX,,1,One,_Z,Not applicable
DATAFLOW,OECD.CTP.TPS:DSD_REV_COMP_GLOBAL@DF_RSGLOBAL(2.1),A comparative table of countries in the global database,I,MDA,Moldova,TAX_REV,Tax revenue,S13,General government,_T,Total tax revenue,_T,Total,PT_B1GQ,Percentage of GDP,A,Annual,2021,,29.423,,A,Normal value,0,Units,TOTALTAX,,1,One,_Z,Not applicable
DATAFLOW,OECD.CTP.TPS:DSD_REV_COMP_GLOBAL@DF_RSGLOBAL(2.1),A comparative table of countries in the global database,I,MDA,Moldova,TAX_REV,Tax revenue,S13,General government,_T,Total tax revenue,_T,Total,PT_B1GQ,Percentage of GDP,A,Annual,2020,,29.53,,A,Normal value,0,Units,TOTALTAX,,1,One,_Z,Not applicable
DATAFLOW,OECD.CTP.TPS:DSD_REV_COMP_GLOBAL@DF_RSGLOBAL(2.1),A comparative table of countries in the global database,I,MDA,Moldova,TAX_REV,Tax revenue,S13,General government,_T,Total tax revenue,_T,Total,PT_B1GQ,Percentage of GDP,A,Annual,2019,,28.342,,A,Normal value,0,Units,TOTALTAX,,1,One,_Z,Not applicable
DATAFLOW,OECD.CTP.TPS:DSD_REV_COMP_GLOBAL@DF_RSGLOBAL(2.1),A comparative table of countries in the global database,I,MDA,Moldova,TAX_REV,Tax revenue,S13,General government,_T,Total tax revenue,_T,Total,PT_B1GQ,Percentage of GDP,A,Annual,2018,,28.993,,A,Normal value,0,Units,TOTALTAX,,1,One,_Z,Not applicable
DATAFLOW,OECD.CTP.TPS:DSD_REV_COMP_GLOBAL@DF_RSGLOBAL(2.1),A comparative table of countries in the global database,I,MDA,Moldova,TAX_REV,Tax revenue,S13,General government,_T,Total tax revenue,_T,Total,PT_B1GQ,Percentage of GDP,A,Annual,2017,,28.401,,A,Normal value,0,Units,TOTALTAX,,1,One,_Z,Not applicable
DATAFLOW,OECD.CTP.TPS:DSD_REV_COMP_GLOBAL@DF_RSGLOBAL(2.1),A comparative table of countries in the global database,I,MDA,Moldova,TAX_REV,Tax revenue,S13,General government,_T,Total tax revenue,_T,Total,PT_B1GQ,Percentage of GDP,A,Annual,2016,,26.733,,A,Normal value,0,Units,TOTALTAX,,1,One,_Z,Not applicable
DATAFLOW,OECD.CTP.TPS:DSD_REV_COMP_GLOBAL@DF_RSGLOBAL(2.1),A comparative table of countries in the global database,I,MDA,Moldova,TAX_REV,Tax revenue,S13,General government,_T,Total tax revenue,_T,Total,PT_B1GQ,Percentage of GDP,A,Annual,2015,,26.168,,A,Normal value,0,Units,TOTALTAX,,1,One,_Z,Not applicable
DATAFLOW,OECD.CTP.TPS:DSD_REV_COMP_GLOBAL@DF_RSGLOBAL(2.1),A comparative table of countries in the global database,I,MDA,Moldova,TAX_REV,Tax revenue,S13,General government,_T,Total tax revenue,_T,Total,PT_B1GQ,Percentage of GDP,A,Annual,2014,,27.216,,A,Normal value,0,Units,TOTALTAX,,1,One,_Z,Not applicable
DATAFLOW,OECD.CTP.TPS:DSD_REV_COMP_GLOBAL@DF_RSGLOBAL(2.1),A comparative table of countries in the global database,I,EGY,Egypt,TAX_REV,Tax revenue,S13,General government,_T,Total tax revenue,_T,Total,PT_B1GQ,Percentage of GDP,A,Annual,2022,,14.188,,A,Normal value,0,Units,TOTALTAX,,1,One,_Z,Not applicable
DATAFLOW,OECD.CTP.TPS:DSD_REV_COMP_GLOBAL@DF_RSGLOBAL(2.1),A comparative table of countries in the global database,I,EGY,Egypt,TAX_REV,Tax revenue,S13,General government,_T,Total tax revenue,_T,Total,PT_B1GQ,Percentage of GDP,A,Annual,2021,,14.103,,A,Normal value,0,Units,TOTALTAX,,1,One,_Z,Not applicable
DATAFLOW,OECD.CTP.TPS:DSD_REV_COMP_GLOBAL@DF_RSGLOBAL(2.1),A comparative table of countries in the global database,I,EGY,Egypt,TAX_REV,Tax revenue,S13,General government,_T,Total tax revenue,_T,Total,PT_B1GQ,Percentage of GDP,A,Annual,2020,,13.573,,A,Normal value,0,Units,TOTALTAX,,1,One,_Z,Not applicable
DATAFLOW,OECD.CTP.TPS:DSD_REV_COMP_GLOBAL@DF_RSGLOBAL(2.1),A comparative table of countries in the global database,I,EGY,Egypt,TAX_REV,Tax revenue,S13,General government,_T,Total tax revenue,_T,Total,PT_B1GQ,Percentage of GDP,A,Annual,2019,,15.19,,A,Normal value,0,Units,TOTALTAX,,1,One,_Z,Not applicable
DATAFLOW,OECD.CTP.TPS:DSD_REV_COMP_GLOBAL@DF_RSGLOBAL(2.1),A comparative table of countries in the global database,I,EGY,Egypt,TAX_REV,Tax revenue,S13,General government,_T,Total tax revenue,_T,Total,PT_B1GQ,Percentage of GDP,A,Annual,2018,,15.518,,A,Normal value,0,Units,TOTALTAX,,1,One,_Z,Not applicable
DATAFLOW,OECD.CTP.TPS:DSD_REV_COMP_GLOBAL@DF_RSGLOBAL(2.1),A comparative table of countries in the global database,I,EGY,Egypt,TAX_REV,Tax revenue,S13,General government,_T,Total tax revenue,_T,Total,PT_B1GQ,Percentage of GDP,A,Annual,2017,,14.892,,A,Normal value,0,Units,TOTALTAX,,1,One,_Z,Not applicable
DATAFLOW,OECD.CTP.TPS:DSD_REV_COMP_GLOBAL@DF_RSGLOBAL(2.1),A comparative table of countries in the global database,I,EGY,Egypt,TAX_REV,Tax revenue,S13,General government,_T,Total tax revenue,_T,Total,PT_B1GQ,Percentage of GDP,A,Annual,2016,,15.023,,A,Normal value,0,Units,TOTALTAX,,1,One,_Z,Not applicable
DATAFLOW,OECD.CTP.TPS:DSD_REV_COMP_GLOBAL@DF_RSGLOBAL(2.1),A comparative table of countries in the global database,I,EGY,Egypt,TAX_REV,Tax revenue,S13,General government,_T,Total tax revenue,_T,Total,PT_B1GQ,Percentage of GDP,A,Annual,2015,,13.919,,A,Normal value,0,Units,TOTALTAX,,1,One,_Z,Not applicable
DATAFLOW,OECD.CTP.TPS:DSD_REV_COMP_GLOBAL@DF_RSGLOBAL(2.1),A comparative table of countries in the global database,I,EGY,Egypt,TAX_REV,Tax revenue,S13,General government,_T,Total tax revenue,_T,Total,PT_B1GQ,Percentage of GDP,A,Annual,2014,,14.01,,A,Normal value,0,Units,TOTALTAX,,1,One,_Z,Not applicable
DATAFLOW,OECD.CTP.TPS:DSD_REV_COMP_GLOBAL@DF_RSGLOBAL(2.1),A comparative table of countries in the global database,I,ECU,Ecuador,TAX_REV,Tax revenue,S13,General government,_T,Total tax revenue,_T,Total,PT_B1GQ,Percentage of GDP,A,Annual,2023,,20.591,,A,Normal value,0,Units,TOTALTAX,,1,One,_Z,Not applicable
DATAFLOW,OECD.CTP.TPS:DSD_REV_COMP_GLOBAL@DF_RSGLOBAL(2.1),A comparative table of countries in the global database,I,ECU,Ecuador,TAX_REV,Tax revenue,S13,General government,_T,Total tax revenue,_T,Total,PT_B1GQ,Percentage of GDP,A,Annual,2022,,20.921,,A,Normal value,0,Units,TOTALTAX,,1,One,_Z,Not applicable
DATAFLOW,OECD.CTP.TPS:DSD_REV_COMP_GLOBAL@DF_RSGLOBAL(2.1),A comparative table of countries in the global database,I,ECU,Ecuador,TAX_REV,Tax revenue,S13,General government,_T,Total tax revenue,_T,Total,PT_B1GQ,Percentage of GDP,A,Annual,2021,,19.448,,A,Normal value,0,Units,TOTALTAX,,1,One,_Z,Not applicable
DATAFLOW,OECD.CTP.TPS:DSD_REV_COMP_GLOBAL@DF_RSGLOBAL(2.1),A comparative table of countries in the global database,I,ECU,Ecuador,TAX_REV,Tax revenue,S13,General government,_T,Total tax revenue,_T,Total,PT_B1GQ,Percentage of GDP,A,Annual,2020,,18.675,,A,Normal value,0,Units,TOTALTAX,,1,One,_Z,Not applicable
DATAFLOW,OECD.CTP.TPS:DSD_REV_COMP_GLOBAL@DF_RSGLOBAL(2.1),A comparative table of countries in the global database,I,ECU,Ecuador,TAX_REV,Tax revenue,S13,General government,_T,Total tax revenue,_T,Total,PT_B1GQ,Percentage of GDP,A,Annual,2019,,19.888,,A,Normal value,0,Units,TOTALTAX,,1,One,_Z,Not applicable
DATAFLOW,OECD.CTP.TPS:DSD_REV_COMP_GLOBAL@DF_RSGLOBAL(2.1),A comparative table of countries in the global database,I,ECU,Ecuador,TAX_REV,Tax revenue,S13,General government,_T,Total tax revenue,_T,Total,PT_B1GQ,Percentage of GDP,A,Annual,2018,,21.063,,A,Normal value,0,Units,TOTALTAX,,1,One,_Z,Not applicable
DATAFLOW,OECD.CTP.TPS:DSD_REV_COMP_GLOBAL@DF_RSGLOBAL(2.1),A comparative table of countries in the global database,I,ECU,Ecuador,TAX_REV,Tax revenue,S13,General government,_T,Total tax revenue,_T,Total,PT_B1GQ,Percentage of GDP,A,Annual,2017,,20.169,,A,Normal value,0,Units,TOTALTAX,,1,One,_Z,Not applicable
DATAFLOW,OECD.CTP.TPS:DSD_REV_COMP_GLOBAL@DF_RSGLOBAL(2.1),A comparative table of countries in the global database,I,ECU,Ecuador,TAX_REV,Tax revenue,S13,General government,_T,Total tax revenue,_T,Total,PT_B1GQ,Percentage of GDP,A,Annual,2016,,19.866,,A,Normal value,0,Units,TOTALTAX,,1,One,_Z,Not applicable
DATAFLOW,OECD.CTP.TPS:DSD_REV_COMP_GLOBAL@DF_RSGLOBAL(2.1),A comparative table of countries in the global database,I,ECU,Ecuador,TAX_REV,Tax revenue,S13,General government,_T,Total tax revenue,_T,Total,PT_B1GQ,Percentage of GDP,A,Annual,2015,,21.815,,A,Normal value,0,Units,TOTALTAX,,1,One,_Z,Not applicable
DATAFLOW,OECD.CTP.TPS:DSD_REV_COMP_GLOBAL@DF_RSGLOBAL(2.1),A comparative table of countries in the global database,I,ECU,Ecuador,TAX_REV,Tax revenue,S13,General government,_T,Total tax revenue,_T,Total,PT_B1GQ,Percentage of GDP,A,Annual,2014,,19.206,,A,Normal value,0,Units,TOTALTAX,,1,One,_Z,Not applicable
DATAFLOW,OECD.CTP.TPS:DSD_REV_COMP_GLOBAL@DF_RSGLOBAL(2.1),A comparative table of countries in the global database,I,DOM,Dominican Republic,TAX_REV,Tax revenue,S13,General government,_T,Total tax revenue,_T,Total,PT_B1GQ,Percentage of GDP,A,Annual,2023,,14.29,,A,Normal value,0,Units,TOTALTAX,,1,One,_Z,Not applicable
DATAFLOW,OECD.CTP.TPS:DSD_REV_COMP_GLOBAL@DF_RSGLOBAL(2.1),A comparative table of countries in the global database,I,DOM,Dominican Republic,TAX_REV,Tax revenue,S13,General government,_T,Total tax revenue,_T,Total,PT_B1GQ,Percentage of GDP,A,Annual,2022,,13.944,,A,Normal value,0,Units,TOTALTAX,,1,One,_Z,Not applicable
DATAFLOW,OECD.CTP.TPS:DSD_REV_COMP_GLOBAL@DF_RSGLOBAL(2.1),A comparative table of countries in the global database,I,DOM,Dominican Republic,TAX_REV,Tax revenue,S13,General government,_T,Total tax revenue,_T,Total,PT_B1GQ,Percentage of GDP,A,Annual,2021,,14.486,,A,Normal value,0,Units,TOTALTAX,,1,One,_Z,Not applicable
DATAFLOW,OECD.CTP.TPS:DSD_REV_COMP_GLOBAL@DF_RSGLOBAL(2.1),A comparative table of countries in the global database,I,DOM,Dominican Republic,TAX_REV,Tax revenue,S13,General government,_T,Total tax revenue,_T,Total,PT_B1GQ,Percentage of GDP,A,Annual,2020,,12.485,,A,Normal value,0,Units,TOTALTAX,,1,One,_Z,Not applicable
DATAFLOW,OECD.CTP.TPS:DSD_REV_COMP_GLOBAL@DF_RSGLOBAL(2.1),A comparative table of countries in the global database,I,DOM,Dominican Republic,TAX_REV,Tax revenue,S13,General government,_T,Total tax revenue,_T,Total,PT_B1GQ,Percentage of GDP,A,Annual,2019,,13.405,,A,Normal value,0,Units,TOTALTAX,,1,One,_Z,Not applicable
DATAFLOW,OECD.CTP.TPS:DSD_REV_COMP_GLOBAL@DF_RSGLOBAL(2.1),A comparative table of countries in the global database,I,DOM,Dominican Republic,TAX_REV,Tax revenue,S13,General government,_T,Total tax revenue,_T,Total,PT_B1GQ,Percentage of GDP,A,Annual,2018,,13.123,,A,Normal value,0,Units,TOTALTAX,,1,One,_Z,Not applicable
DATAFLOW,OECD.CTP.TPS:DSD_REV_COMP_GLOBAL@DF_RSGLOBAL(2.1),A comparative table of countries in the global database,I,DOM,Dominican Republic,TAX_REV,Tax revenue,S13,General government,_T,Total tax revenue,_T,Total,PT_B1GQ,Percentage of GDP,A,Annual,2017,,13.123,,A,Normal value,0,Units,TOTALTAX,,1,One,_Z,Not applicable
DATAFLOW,OECD.CTP.TPS:DSD_REV_COMP_GLOBAL@DF_RSGLOBAL(2.1),A comparative table of countries in the global database,I,DOM,Dominican Republic,TAX_REV,Tax revenue,S13,General government,_T,Total tax revenue,_T,Total,PT_B1GQ,Percentage of GDP,A,Annual,2016,,12.989,,A,Normal value,0,Units,TOTALTAX,,1,One,_Z,Not applicable
DATAFLOW,OECD.CTP.TPS:DSD_REV_COMP_GLOBAL@DF_RSGLOBAL(2.1),A comparative table of countries in the global database,I,DOM,Dominican Republic,TAX_REV,Tax revenue,S13,General government,_T,Total tax revenue,_T,Total,PT_B1GQ,Percentage of GDP,A,Annual,2015,,12.911,,A,Normal value,0,Units,TOTALTAX,,1,One,_Z,Not applicable
DATAFLOW,OECD.CTP.TPS:DSD_REV_COMP_GLOBAL@DF_RSGLOBAL(2.1),A comparative table of countries in the global database,I,DOM,Dominican Republic,TAX_REV,Tax revenue,S13,General government,_T,Total tax revenue,_T,Total,PT_B1GQ,Percentage of GDP,A,Annual,2014,,13.422,,A,Normal value,0,Units,TOTALTAX,,1,One,_Z,Not applicable
DATAFLOW,OECD.CTP.TPS:DSD_REV_COMP_GLOBAL@DF_RSGLOBAL(2.1),A comparative table of countries in the global database,I,COD,Democratic Republic of the Congo,TAX_REV,Tax revenue,S13,General government,_T,Total tax revenue,_T,Total,PT_B1GQ,Percentage of GDP,A,Annual,2022,,12.506,,A,Normal value,0,Units,TOTALTAX,,1,One,_Z,Not applicable
DATAFLOW,OECD.CTP.TPS:DSD_REV_COMP_GLOBAL@DF_RSGLOBAL(2.1),A comparative table of countries in the global database,I,COD,Democratic Republic of the Congo,TAX_REV,Tax revenue,S13,General government,_T,Total tax revenue,_T,Total,PT_B1GQ,Percentage of GDP,A,Annual,2021,,8.863,,A,Normal value,0,Units,TOTALTAX,,1,One,_Z,Not applicable
DATAFLOW,OECD.CTP.TPS:DSD_REV_COMP_GLOBAL@DF_RSGLOBAL(2.1),A comparative table of countries in the global database,I,COD,Democratic Republic of the Congo,TAX_REV,Tax revenue,S13,General government,_T,Total tax revenue,_T,Total,PT_B1GQ,Percentage of GDP,A,Annual,2020,,7.2,,A,Normal value,0,Units,TOTALTAX,,1,One,_Z,Not applicable
DATAFLOW,OECD.CTP.TPS:DSD_REV_COMP_GLOBAL@DF_RSGLOBAL(2.1),A comparative table of countries in the global database,I,COD,Democratic Republic of the Congo,TAX_REV,Tax revenue,S13,General government,_T,Total tax revenue,_T,Total,PT_B1GQ,Percentage of GDP,A,Annual,2019,,7.609,,A,Normal value,0,Units,TOTALTAX,,1,One,_Z,Not applicable
DATAFLOW,OECD.CTP.TPS:DSD_REV_COMP_GLOBAL@DF_RSGLOBAL(2.1),A comparative table of countries in the global database,I,COD,Democratic Republic of the Congo,TAX_REV,Tax revenue,S13,General government,_T,Total tax revenue,_T,Total,PT_B1GQ,Percentage of GDP,A,Annual,2018,,7.608,,A,Normal value,0,Units,TOTALTAX,,1,One,_Z,Not applicable
DATAFLOW,OECD.CTP.TPS:DSD_REV_COMP_GLOBAL@DF_RSGLOBAL(2.1),A comparative table of countries in the global database,I,COD,Democratic Republic of the Congo,TAX_REV,Tax revenue,S13,General government,_T,Total tax revenue,_T,Total,PT_B1GQ,Percentage of GDP,A,Annual,2017,,6.737,,A,Normal value,0,Units,TOTALTAX,,1,One,_Z,Not applicable
DATAFLOW,OECD.CTP.TPS:DSD_REV_COMP_GLOBAL@DF_RSGLOBAL(2.1),A comparative table of countries in the global database,I,COD,Democratic Republic of the Congo,TAX_REV,Tax revenue,S13,General government,_T,Total tax revenue,_T,Total,PT_B1GQ,Percentage of GDP,A,Annual,2016,,8.306,,A,Normal value,0,Units,TOTALTAX,,1,One,_Z,Not applicable
DATAFLOW,OECD.CTP.TPS:DSD_REV_COMP_GLOBAL@DF_RSGLOBAL(2.1),A comparative table of countries in the global database,I,COD,Democratic Republic of the Congo,TAX_REV,Tax revenue,S13,General government,_T,Total tax revenue,_T,Total,PT_B1GQ,Percentage of GDP,A,Annual,2015,,9.379,,A,Normal value,0,Units,TOTALTAX,,1,One,_Z,Not applicable
DATAFLOW,OECD.CTP.TPS:DSD_REV_COMP_GLOBAL@DF_RSGLOBAL(2.1),A comparative table of countries in the global database,I,COD,Democratic Republic of the Congo,TAX_REV,Tax revenue,S13,General government,_T,Total tax revenue,_T,Total,PT_B1GQ,Percentage of GDP,A,Annual,2014,,9.069,,A,Normal value,0,Units,TOTALTAX,,1,One,_Z,Not applicable
DATAFLOW,OECD.CTP.TPS:DSD_REV_COMP_GLOBAL@DF_RSGLOBAL(2.1),A comparative table of countries in the global database,I,CUB,Cuba,TAX_REV,Tax revenue,S13,General government,_T,Total tax revenue,_T,Total,PT_B1GQ,Percentage of GDP,A,Annual,2023,,17.035,,A,Normal value,0,Units,TOTALTAX,,1,One,_Z,Not applicable
DATAFLOW,OECD.CTP.TPS:DSD_REV_COMP_GLOBAL@DF_RSGLOBAL(2.1),A comparative table of countries in the global database,I,CUB,Cuba,TAX_REV,Tax revenue,S13,General government,_T,Total tax revenue,_T,Total,PT_B1GQ,Percentage of GDP,A,Annual,2022,,18.33,,A,Normal value,0,Units,TOTALTAX,,1,One,_Z,Not applicable
DATAFLOW,OECD.CTP.TPS:DSD_REV_COMP_GLOBAL@DF_RSGLOBAL(2.1),A comparative table of countries in the global database,I,CUB,Cuba,TAX_REV,Tax revenue,S13,General government,_T,Total tax revenue,_T,Total,PT_B1GQ,Percentage of GDP,A,Annual,2021,,17.703,,A,Normal value,0,Units,TOTALTAX,,1,One,_Z,Not applicable
DATAFLOW,OECD.CTP.TPS:DSD_REV_COMP_GLOBAL@DF_RSGLOBAL(2.1),A comparative table of countries in the global database,I,CUB,Cuba,TAX_REV,Tax revenue,S13,General government,_T,Total tax revenue,_T,Total,PT_B1GQ,Percentage of GDP,A,Annual,2020,,37.506,,A,Normal value,0,Units,TOTALTAX,,1,One,_Z,Not applicable
DATAFLOW,OECD.CTP.TPS:DSD_REV_COMP_GLOBAL@DF_RSGLOBAL(2.1),A comparative table of countries in the global database,I,CUB,Cuba,TAX_REV,Tax revenue,S13,General government,_T,Total tax revenue,_T,Total,PT_B1GQ,Percentage of GDP,A,Annual,2019,,42.062,,A,Normal value,0,Units,TOTALTAX,,1,One,_Z,Not applicable
DATAFLOW,OECD.CTP.TPS:DSD_REV_COMP_GLOBAL@DF_RSGLOBAL(2.1),A comparative table of countries in the global database,I,CUB,Cuba,TAX_REV,Tax revenue,S13,General government,_T,Total tax revenue,_T,Total,PT_B1GQ,Percentage of GDP,A,Annual,2018,,42.285,,A,Normal value,0,Units,TOTALTAX,,1,One,_Z,Not applicable
DATAFLOW,OECD.CTP.TPS:DSD_REV_COMP_GLOBAL@DF_RSGLOBAL(2.1),A comparative table of countries in the global database,I,CUB,Cuba,TAX_REV,Tax revenue,S13,General government,_T,Total tax revenue,_T,Total,PT_B1GQ,Percentage of GDP,A,Annual,2017,,42.355,,A,Normal value,0,Units,TOTALTAX,,1,One,_Z,Not applicable
DATAFLOW,OECD.CTP.TPS:DSD_REV_COMP_GLOBAL@DF_RSGLOBAL(2.1),A comparative table of countries in the global database,I,CUB,Cuba,TAX_REV,Tax revenue,S13,General government,_T,Total tax revenue,_T,Total,PT_B1GQ,Percentage of GDP,A,Annual,2016,,41.148,,A,Normal value,0,Units,TOTALTAX,,1,One,_Z,Not applicable
DATAFLOW,OECD.CTP.TPS:DSD_REV_COMP_GLOBAL@DF_RSGLOBAL(2.1),A comparative table of countries in the global database,I,CUB,Cuba,TAX_REV,Tax revenue,S13,General government,_T,Total tax revenue,_T,Total,PT_B1GQ,Percentage of GDP,A,Annual,2015,,38.083,,A,Normal value,0,Units,TOTALTAX,,1,One,_Z,Not applicable
DATAFLOW,OECD.CTP.TPS:DSD_REV_COMP_GLOBAL@DF_RSGLOBAL(2.1),A comparative table of countries in the global database,I,CUB,Cuba,TAX_REV,Tax revenue,S13,General government,_T,Total tax revenue,_T,Total,PT_B1GQ,Percentage of GDP,A,Annual,2014,,37.121,,A,Normal value,0,Units,TOTALTAX,,1,One,_Z,Not applicable
DATAFLOW,OECD.CTP.TPS:DSD_REV_COMP_GLOBAL@DF_RSGLOBAL(2.1),A comparative table of countries in the global database,I,HRV,Croatia,TAX_REV,Tax revenue,S13,General government,_T,Total tax revenue,_T,Total,PT_B1GQ,Percentage of GDP,A,Annual,2022,,37.223,,A,Normal value,0,Units,TOTALTAX,,1,One,_Z,Not applicable
DATAFLOW,OECD.CTP.TPS:DSD_REV_COMP_GLOBAL@DF_RSGLOBAL(2.1),A comparative table of countries in the global database,I,HRV,Croatia,TAX_REV,Tax revenue,S13,General government,_T,Total tax revenue,_T,Total,PT_B1GQ,Percentage of GDP,A,Annual,2021,,36.739,,A,Normal value,0,Units,TOTALTAX,,1,One,_Z,Not applicable
DATAFLOW,OECD.CTP.TPS:DSD_REV_COMP_GLOBAL@DF_RSGLOBAL(2.1),A comparative table of countries in the global database,I,HRV,Croatia,TAX_REV,Tax revenue,S13,General government,_T,Total tax revenue,_T,Total,PT_B1GQ,Percentage of GDP,A,Annual,2020,,37.567,,A,Normal value,0,Units,TOTALTAX,,1,One,_Z,Not applicable
DATAFLOW,OECD.CTP.TPS:DSD_REV_COMP_GLOBAL@DF_RSGLOBAL(2.1),A comparative table of countries in the global database,I,HRV,Croatia,TAX_REV,Tax revenue,S13,General government,_T,Total tax revenue,_T,Total,PT_B1GQ,Percentage of GDP,A,Annual,2019,,38.438,,A,Normal value,0,Units,TOTALTAX,,1,One,_Z,Not applicable
DATAFLOW,OECD.CTP.TPS:DSD_REV_COMP_GLOBAL@DF_RSGLOBAL(2.1),A comparative table of countries in the global database,I,HRV,Croatia,TAX_REV,Tax revenue,S13,General government,_T,Total tax revenue,_T,Total,PT_B1GQ,Percentage of GDP,A,Annual,2018,,38.299,,A,Normal value,0,Units,TOTALTAX,,1,One,_Z,Not applicable
DATAFLOW,OECD.CTP.TPS:DSD_REV_COMP_GLOBAL@DF_RSGLOBAL(2.1),A comparative table of countries in the global database,I,HRV,Croatia,TAX_REV,Tax revenue,S13,General government,_T,Total tax revenue,_T,Total,PT_B1GQ,Percentage of GDP,A,Annual,2017,,37.789,,A,Normal value,0,Units,TOTALTAX,,1,One,_Z,Not applicable
DATAFLOW,OECD.CTP.TPS:DSD_REV_COMP_GLOBAL@DF_RSGLOBAL(2.1),A comparative table of countries in the global database,I,HRV,Croatia,TAX_REV,Tax revenue,S13,General government,_T,Total tax revenue,_T,Total,PT_B1GQ,Percentage of GDP,A,Annual,2016,,37.931,,A,Normal value,0,Units,TOTALTAX,,1,One,_Z,Not applicable
DATAFLOW,OECD.CTP.TPS:DSD_REV_COMP_GLOBAL@DF_RSGLOBAL(2.1),A comparative table of countries in the global database,I,HRV,Croatia,TAX_REV,Tax revenue,S13,General government,_T,Total tax revenue,_T,Total,PT_B1GQ,Percentage of GDP,A,Annual,2015,,37.554,,A,Normal value,0,Units,TOTALTAX,,1,One,_Z,Not applicable
DATAFLOW,OECD.CTP.TPS:DSD_REV_COMP_GLOBAL@DF_RSGLOBAL(2.1),A comparative table of countries in the global database,I,HRV,Croatia,TAX_REV,Tax revenue,S13,General government,_T,Total tax revenue,_T,Total,PT_B1GQ,Percentage of GDP,A,Annual,2014,,37.182,,A,Normal value,0,Units,TOTALTAX,,1,One,_Z,Not applicable
DATAFLOW,OECD.CTP.TPS:DSD_REV_COMP_GLOBAL@DF_RSGLOBAL(2.1),A comparative table of countries in the global database,I,CIV,Côte d’Ivoire,TAX_REV,Tax revenue,S13,General government,_T,Total tax revenue,_T,Total,PT_B1GQ,Percentage of GDP,A,Annual,2022,,12.873,,A,Normal value,0,Units,TOTALTAX,,1,One,_Z,Not applicable
DATAFLOW,OECD.CTP.TPS:DSD_REV_COMP_GLOBAL@DF_RSGLOBAL(2.1),A comparative table of countries in the global database,I,CIV,Côte d’Ivoire,TAX_REV,Tax revenue,S13,General government,_T,Total tax revenue,_T,Total,PT_B1GQ,Percentage of GDP,A,Annual,2021,,13.729,,A,Normal value,0,Units,TOTALTAX,,1,One,_Z,Not applicable
DATAFLOW,OECD.CTP.TPS:DSD_REV_COMP_GLOBAL@DF_RSGLOBAL(2.1),A comparative table of countries in the global database,I,CIV,Côte d’Ivoire,TAX_REV,Tax revenue,S13,General government,_T,Total tax revenue,_T,Total,PT_B1GQ,Percentage of GDP,A,Annual,2020,,13.051,,A,Normal value,0,Units,TOTALTAX,,1,One,_Z,Not applicable
DATAFLOW,OECD.CTP.TPS:DSD_REV_COMP_GLOBAL@DF_RSGLOBAL(2.1),A comparative table of countries in the global database,I,CIV,Côte d’Ivoire,TAX_REV,Tax revenue,S13,General government,_T,Total tax revenue,_T,Total,PT_B1GQ,Percentage of GDP,A,Annual,2019,,12.798,,A,Normal value,0,Units,TOTALTAX,,1,One,_Z,Not applicable
DATAFLOW,OECD.CTP.TPS:DSD_REV_COMP_GLOBAL@DF_RSGLOBAL(2.1),A comparative table of countries in the global database,I,CIV,Côte d’Ivoire,TAX_REV,Tax revenue,S13,General government,_T,Total tax revenue,_T,Total,PT_B1GQ,Percentage of GDP,A,Annual,2018,,12.904,,A,Normal value,0,Units,TOTALTAX,,1,One,_Z,Not applicable
DATAFLOW,OECD.CTP.TPS:DSD_REV_COMP_GLOBAL@DF_RSGLOBAL(2.1),A comparative table of countries in the global database,I,CIV,Côte d’Ivoire,TAX_REV,Tax revenue,S13,General government,_T,Total tax revenue,_T,Total,PT_B1GQ,Percentage of GDP,A,Annual,2017,,13.065,,A,Normal value,0,Units,TOTALTAX,,1,One,_Z,Not applicable
DATAFLOW,OECD.CTP.TPS:DSD_REV_COMP_GLOBAL@DF_RSGLOBAL(2.1),A comparative table of countries in the global database,I,CIV,Côte d’Ivoire,TAX_REV,Tax revenue,S13,General government,_T,Total tax revenue,_T,Total,PT_B1GQ,Percentage of GDP,A,Annual,2016,,13.025,,A,Normal value,0,Units,TOTALTAX,,1,One,_Z,Not applicable
DATAFLOW,OECD.CTP.TPS:DSD_REV_COMP_GLOBAL@DF_RSGLOBAL(2.1),A comparative table of countries in the global database,I,CIV,Côte d’Ivoire,TAX_REV,Tax revenue,S13,General government,_T,Total tax revenue,_T,Total,PT_B1GQ,Percentage of GDP,A,Annual,2015,,12.606,,A,Normal value,0,Units,TOTALTAX,,1,One,_Z,Not applicable
DATAFLOW,OECD.CTP.TPS:DSD_REV_COMP_GLOBAL@DF_RSGLOBAL(2.1),A comparative table of countries in the global database,I,CIV,Côte d’Ivoire,TAX_REV,Tax revenue,S13,General government,_T,Total tax revenue,_T,Total,PT_B1GQ,Percentage of GDP,A,Annual,2014,,12.206,,A,Normal value,0,Units,TOTALTAX,,1,One,_Z,Not applicable
DATAFLOW,OECD.CTP.TPS:DSD_REV_COMP_GLOBAL@DF_RSGLOBAL(2.1),A comparative table of countries in the global database,I,COK,Cook Islands,TAX_REV,Tax revenue,S13,General government,_T,Total tax revenue,_T,Total,PT_B1GQ,Percentage of GDP,A,Annual,2023,,25.476,,A,Normal value,0,Units,TOTALTAX,,1,One,_Z,Not applicable
DATAFLOW,OECD.CTP.TPS:DSD_REV_COMP_GLOBAL@DF_RSGLOBAL(2.1),A comparative table of countries in the global database,I,COK,Cook Islands,TAX_REV,Tax revenue,S13,General government,_T,Total tax revenue,_T,Total,PT_B1GQ,Percentage of GDP,A,Annual,2022,,22.116,,A,Normal value,0,Units,TOTALTAX,,1,One,_Z,Not applicable
DATAFLOW,OECD.CTP.TPS:DSD_REV_COMP_GLOBAL@DF_RSGLOBAL(2.1),A comparative table of countries in the global database,I,COK,Cook Islands,TAX_REV,Tax revenue,S13,General government,_T,Total tax revenue,_T,Total,PT_B1GQ,Percentage of GDP,A,Annual,2021,,26.851,,A,Normal value,0,Units,TOTALTAX,,1,One,_Z,Not applicable
DATAFLOW,OECD.CTP.TPS:DSD_REV_COMP_GLOBAL@DF_RSGLOBAL(2.1),A comparative table of countries in the global database,I,COK,Cook Islands,TAX_REV,Tax revenue,S13,General government,_T,Total tax revenue,_T,Total,PT_B1GQ,Percentage of GDP,A,Annual,2020,,25.823,,A,Normal value,0,Units,TOTALTAX,,1,One,_Z,Not applicable
DATAFLOW,OECD.CTP.TPS:DSD_REV_COMP_GLOBAL@DF_RSGLOBAL(2.1),A comparative table of countries in the global database,I,COK,Cook Islands,TAX_REV,Tax revenue,S13,General government,_T,Total tax revenue,_T,Total,PT_B1GQ,Percentage of GDP,A,Annual,2019,,26.078,,A,Normal value,0,Units,TOTALTAX,,1,One,_Z,Not applicable
DATAFLOW,OECD.CTP.TPS:DSD_REV_COMP_GLOBAL@DF_RSGLOBAL(2.1),A comparative table of countries in the global database,I,COK,Cook Islands,TAX_REV,Tax revenue,S13,General government,_T,Total tax revenue,_T,Total,PT_B1GQ,Percentage of GDP,A,Annual,2018,,28.354,,A,Normal value,0,Units,TOTALTAX,,1,One,_Z,Not applicable
DATAFLOW,OECD.CTP.TPS:DSD_REV_COMP_GLOBAL@DF_RSGLOBAL(2.1),A comparative table of countries in the global database,I,COK,Cook Islands,TAX_REV,Tax revenue,S13,General government,_T,Total tax revenue,_T,Total,PT_B1GQ,Percentage of GDP,A,Annual,2017,,27.057,,A,Normal value,0,Units,TOTALTAX,,1,One,_Z,Not applicable
DATAFLOW,OECD.CTP.TPS:DSD_REV_COMP_GLOBAL@DF_RSGLOBAL(2.1),A comparative table of countries in the global database,I,SGP,Singapore,TAX_REV,Tax revenue,S13,General government,_T,Total tax revenue,_T,Total,PT_B1GQ,Percentage of GDP,A,Annual,2019,,13.185,,A,Normal value,0,Units,TOTALTAX,,1,One,_Z,Not applicable
DATAFLOW,OECD.CTP.TPS:DSD_REV_COMP_GLOBAL@DF_RSGLOBAL(2.1),A comparative table of countries in the global database,I,SGP,Singapore,TAX_REV,Tax revenue,S13,General government,_T,Total tax revenue,_T,Total,PT_B1GQ,Percentage of GDP,A,Annual,2018,,12.892,,A,Normal value,0,Units,TOTALTAX,,1,One,_Z,Not applicable
DATAFLOW,OECD.CTP.TPS:DSD_REV_COMP_GLOBAL@DF_RSGLOBAL(2.1),A comparative table of countries in the global database,I,SGP,Singapore,TAX_REV,Tax revenue,S13,General government,_T,Total tax revenue,_T,Total,PT_B1GQ,Percentage of GDP,A,Annual,2017,,13.815,,A,Normal value,0,Units,TOTALTAX,,1,One,_Z,Not applicable
DATAFLOW,OECD.CTP.TPS:DSD_REV_COMP_GLOBAL@DF_RSGLOBAL(2.1),A comparative table of countries in the global database,I,SGP,Singapore,TAX_REV,Tax revenue,S13,General government,_T,Total tax revenue,_T,Total,PT_B1GQ,Percentage of GDP,A,Annual,2016,,13.021,,A,Normal value,0,Units,TOTALTAX,,1,One,_Z,Not applicable
DATAFLOW,OECD.CTP.TPS:DSD_REV_COMP_GLOBAL@DF_RSGLOBAL(2.1),A comparative table of countries in the global database,I,SGP,Singapore,TAX_REV,Tax revenue,S13,General government,_T,Total tax revenue,_T,Total,PT_B1GQ,Percentage of GDP,A,Annual,2015,,13.04,,A,Normal value,0,Units,TOTALTAX,,1,One,_Z,Not applicable
DATAFLOW,OECD.CTP.TPS:DSD_REV_COMP_GLOBAL@DF_RSGLOBAL(2.1),A comparative table of countries in the global database,I,SGP,Singapore,TAX_REV,Tax revenue,S13,General government,_T,Total tax revenue,_T,Total,PT_B1GQ,Percentage of GDP,A,Annual,2014,,13.357,,A,Normal value,0,Units,TOTALTAX,,1,One,_Z,Not applicable
DATAFLOW,OECD.CTP.TPS:DSD_REV_COMP_GLOBAL@DF_RSGLOBAL(2.1),A comparative table of countries in the global database,I,SLE,Sierra Leone,TAX_REV,Tax revenue,S13,General government,_T,Total tax revenue,_T,Total,PT_B1GQ,Percentage of GDP,A,Annual,2022,,11.421,,A,Normal value,0,Units,TOTALTAX,,1,One,_Z,Not applicable
DATAFLOW,OECD.CTP.TPS:DSD_REV_COMP_GLOBAL@DF_RSGLOBAL(2.1),A comparative table of countries in the global database,I,SLE,Sierra Leone,TAX_REV,Tax revenue,S13,General government,_T,Total tax revenue,_T,Total,PT_B1GQ,Percentage of GDP,A,Annual,2021,,13.29,,A,Normal value,0,Units,TOTALTAX,,1,One,_Z,Not applicable
DATAFLOW,OECD.CTP.TPS:DSD_REV_COMP_GLOBAL@DF_RSGLOBAL(2.1),A comparative table of countries in the global database,I,SLE,Sierra Leone,TAX_REV,Tax revenue,S13,General government,_T,Total tax revenue,_T,Total,PT_B1GQ,Percentage of GDP,A,Annual,2020,,12.496,,A,Normal value,0,Units,TOTALTAX,,1,One,_Z,Not applicable
DATAFLOW,OECD.CTP.TPS:DSD_REV_COMP_GLOBAL@DF_RSGLOBAL(2.1),A comparative table of countries in the global database,I,SLE,Sierra Leone,TAX_REV,Tax revenue,S13,General government,_T,Total tax revenue,_T,Total,PT_B1GQ,Percentage of GDP,A,Annual,2019,,13.27,,A,Normal value,0,Units,TOTALTAX,,1,One,_Z,Not applicable
DATAFLOW,OECD.CTP.TPS:DSD_REV_COMP_GLOBAL@DF_RSGLOBAL(2.1),A comparative table of countries in the global database,I,SLE,Sierra Leone,TAX_REV,Tax revenue,S13,General government,_T,Total tax revenue,_T,Total,PT_B1GQ,Percentage of GDP,A,Annual,2018,,12.462,,A,Normal value,0,Units,TOTALTAX,,1,One,_Z,Not applicable
DATAFLOW,OECD.CTP.TPS:DSD_REV_COMP_GLOBAL@DF_RSGLOBAL(2.1),A comparative table of countries in the global database,I,SLE,Sierra Leone,TAX_REV,Tax revenue,S13,General government,_T,Total tax revenue,_T,Total,PT_B1GQ,Percentage of GDP,A,Annual,2017,,10.753,,A,Normal value,0,Units,TOTALTAX,,1,One,_Z,Not applicable
DATAFLOW,OECD.CTP.TPS:DSD_REV_COMP_GLOBAL@DF_RSGLOBAL(2.1),A comparative table of countries in the global database,I,SLE,Sierra Leone,TAX_REV,Tax revenue,S13,General government,_T,Total tax revenue,_T,Total,PT_B1GQ,Percentage of GDP,A,Annual,2016,,10.648,,A,Normal value,0,Units,TOTALTAX,,1,One,_Z,Not applicable
DATAFLOW,OECD.CTP.TPS:DSD_REV_COMP_GLOBAL@DF_RSGLOBAL(2.1),A comparative table of countries in the global database,I,SLE,Sierra Leone,TAX_REV,Tax revenue,S13,General government,_T,Total tax revenue,_T,Total,PT_B1GQ,Percentage of GDP,A,Annual,2015,,9.893,,A,Normal value,0,Units,TOTALTAX,,1,One,_Z,Not applicable
DATAFLOW,OECD.CTP.TPS:DSD_REV_COMP_GLOBAL@DF_RSGLOBAL(2.1),A comparative table of countries in the global database,I,SLE,Sierra Leone,TAX_REV,Tax revenue,S13,General government,_T,Total tax revenue,_T,Total,PT_B1GQ,Percentage of GDP,A,Annual,2014,,8.677,,A,Normal value,0,Units,TOTALTAX,,1,One,_Z,Not applicable
DATAFLOW,OECD.CTP.TPS:DSD_REV_COMP_GLOBAL@DF_RSGLOBAL(2.1),A comparative table of countries in the global database,I,SYC,Seychelles,TAX_REV,Tax revenue,S13,General government,_T,Total tax revenue,_T,Total,PT_B1GQ,Percentage of GDP,A,Annual,2022,,27.233,,A,Normal value,0,Units,TOTALTAX,,1,One,_Z,Not applicable
DATAFLOW,OECD.CTP.TPS:DSD_REV_COMP_GLOBAL@DF_RSGLOBAL(2.1),A comparative table of countries in the global database,I,SYC,Seychelles,TAX_REV,Tax revenue,S13,General government,_T,Total tax revenue,_T,Total,PT_B1GQ,Percentage of GDP,A,Annual,2021,,28.425,,A,Normal value,0,Units,TOTALTAX,,1,One,_Z,Not applicable
DATAFLOW,OECD.CTP.TPS:DSD_REV_COMP_GLOBAL@DF_RSGLOBAL(2.1),A comparative table of countries in the global database,I,SYC,Seychelles,TAX_REV,Tax revenue,S13,General government,_T,Total tax revenue,_T,Total,PT_B1GQ,Percentage of GDP,A,Annual,2020,,27.805,,A,Normal value,0,Units,TOTALTAX,,1,One,_Z,Not applicable
DATAFLOW,OECD.CTP.TPS:DSD_REV_COMP_GLOBAL@DF_RSGLOBAL(2.1),A comparative table of countries in the global database,I,SYC,Seychelles,TAX_REV,Tax revenue,S13,General government,_T,Total tax revenue,_T,Total,PT_B1GQ,Percentage of GDP,A,Annual,2019,,29.046,,A,Normal value,0,Units,TOTALTAX,,1,One,_Z,Not applicable
DATAFLOW,OECD.CTP.TPS:DSD_REV_COMP_GLOBAL@DF_RSGLOBAL(2.1),A comparative table of countries in the global database,I,SYC,Seychelles,TAX_REV,Tax revenue,S13,General government,_T,Total tax revenue,_T,Total,PT_B1GQ,Percentage of GDP,A,Annual,2018,,30.122,,A,Normal value,0,Units,TOTALTAX,,1,One,_Z,Not applicable
DATAFLOW,OECD.CTP.TPS:DSD_REV_COMP_GLOBAL@DF_RSGLOBAL(2.1),A comparative table of countries in the global database,I,SYC,Seychelles,TAX_REV,Tax revenue,S13,General government,_T,Total tax revenue,_T,Total,PT_B1GQ,Percentage of GDP,A,Annual,2017,,29.414,,A,Normal value,0,Units,TOTALTAX,,1,One,_Z,Not applicable
DATAFLOW,OECD.CTP.TPS:DSD_REV_COMP_GLOBAL@DF_RSGLOBAL(2.1),A comparative table of countries in the global database,I,SYC,Seychelles,TAX_REV,Tax revenue,S13,General government,_T,Total tax revenue,_T,Total,PT_B1GQ,Percentage of GDP,A,Annual,2016,,29.286,,A,Normal value,0,Units,TOTALTAX,,1,One,_Z,Not applicable
DATAFLOW,OECD.CTP.TPS:DSD_REV_COMP_GLOBAL@DF_RSGLOBAL(2.1),A comparative table of countries in the global database,I,SYC,Seychelles,TAX_REV,Tax revenue,S13,General government,_T,Total tax revenue,_T,Total,PT_B1GQ,Percentage of GDP,A,Annual,2015,,28.705,,A,Normal value,0,Units,TOTALTAX,,1,One,_Z,Not applicable
DATAFLOW,OECD.CTP.TPS:DSD_REV_COMP_GLOBAL@DF_RSGLOBAL(2.1),A comparative table of countries in the global database,I,SYC,Seychelles,TAX_REV,Tax revenue,S13,General government,_T,Total tax revenue,_T,Total,PT_B1GQ,Percentage of GDP,A,Annual,2014,,29.582,,A,Normal value,0,Units,TOTALTAX,,1,One,_Z,Not applicable
DATAFLOW,OECD.CTP.TPS:DSD_REV_COMP_GLOBAL@DF_RSGLOBAL(2.1),A comparative table of countries in the global database,I,SEN,Senegal,TAX_REV,Tax revenue,S13,General government,_T,Total tax revenue,_T,Total,PT_B1GQ,Percentage of GDP,A,Annual,2022,,19.785,,A,Normal value,0,Units,TOTALTAX,,1,One,_Z,Not applicable
DATAFLOW,OECD.CTP.TPS:DSD_REV_COMP_GLOBAL@DF_RSGLOBAL(2.1),A comparative table of countries in the global database,I,SEN,Senegal,TAX_REV,Tax revenue,S13,General government,_T,Total tax revenue,_T,Total,PT_B1GQ,Percentage of GDP,A,Annual,2021,,18.737,,A,Normal value,0,Units,TOTALTAX,,1,One,_Z,Not applicable
DATAFLOW,OECD.CTP.TPS:DSD_REV_COMP_GLOBAL@DF_RSGLOBAL(2.1),A comparative table of countries in the global database,I,SEN,Senegal,TAX_REV,Tax revenue,S13,General government,_T,Total tax revenue,_T,Total,PT_B1GQ,Percentage of GDP,A,Annual,2020,,18.523,,A,Normal value,0,Units,TOTALTAX,,1,One,_Z,Not applicable
DATAFLOW,OECD.CTP.TPS:DSD_REV_COMP_GLOBAL@DF_RSGLOBAL(2.1),A comparative table of countries in the global database,I,SEN,Senegal,TAX_REV,Tax revenue,S13,General government,_T,Total tax revenue,_T,Total,PT_B1GQ,Percentage of GDP,A,Annual,2019,,18.714,,A,Normal value,0,Units,TOTALTAX,,1,One,_Z,Not applicable
DATAFLOW,OECD.CTP.TPS:DSD_REV_COMP_GLOBAL@DF_RSGLOBAL(2.1),A comparative table of countries in the global database,I,SEN,Senegal,TAX_REV,Tax revenue,S13,General government,_T,Total tax revenue,_T,Total,PT_B1GQ,Percentage of GDP,A,Annual,2018,,17.288,,A,Normal value,0,Units,TOTALTAX,,1,One,_Z,Not applicable
DATAFLOW,OECD.CTP.TPS:DSD_REV_COMP_GLOBAL@DF_RSGLOBAL(2.1),A comparative table of countries in the global database,I,SEN,Senegal,TAX_REV,Tax revenue,S13,General government,_T,Total tax revenue,_T,Total,PT_B1GQ,Percentage of GDP,A,Annual,2017,,16.73,,A,Normal value,0,Units,TOTALTAX,,1,One,_Z,Not applicable
DATAFLOW,OECD.CTP.TPS:DSD_REV_COMP_GLOBAL@DF_RSGLOBAL(2.1),A comparative table of countries in the global database,I,SEN,Senegal,TAX_REV,Tax revenue,S13,General government,_T,Total tax revenue,_T,Total,PT_B1GQ,Percentage of GDP,A,Annual,2016,,17.019,,A,Normal value,0,Units,TOTALTAX,,1,One,_Z,Not applicable
DATAFLOW,OECD.CTP.TPS:DSD_REV_COMP_GLOBAL@DF_RSGLOBAL(2.1),A comparative table of countries in the global database,I,SEN,Senegal,TAX_REV,Tax revenue,S13,General government,_T,Total tax revenue,_T,Total,PT_B1GQ,Percentage of GDP,A,Annual,2015,,16.397,,A,Normal value,0,Units,TOTALTAX,,1,One,_Z,Not applicable
DATAFLOW,OECD.CTP.TPS:DSD_REV_COMP_GLOBAL@DF_RSGLOBAL(2.1),A comparative table of countries in the global database,I,SEN,Senegal,TAX_REV,Tax revenue,S13,General government,_T,Total tax revenue,_T,Total,PT_B1GQ,Percentage of GDP,A,Annual,2014,,16.234,,A,Normal value,0,Units,TOTALTAX,,1,One,_Z,Not applicable
DATAFLOW,OECD.CTP.TPS:DSD_REV_COMP_GLOBAL@DF_RSGLOBAL(2.1),A comparative table of countries in the global database,I,WSM,Samoa,TAX_REV,Tax revenue,S13,General government,_T,Total tax revenue,_T,Total,PT_B1GQ,Percentage of GDP,A,Annual,2023,,24.687,,A,Normal value,0,Units,TOTALTAX,,1,One,_Z,Not applicable
DATAFLOW,OECD.CTP.TPS:DSD_REV_COMP_GLOBAL@DF_RSGLOBAL(2.1),A comparative table of countries in the global database,I,WSM,Samoa,TAX_REV,Tax revenue,S13,General government,_T,Total tax revenue,_T,Total,PT_B1GQ,Percentage of GDP,A,Annual,2022,,25.036,,A,Normal value,0,Units,TOTALTAX,,1,One,_Z,Not applicable
DATAFLOW,OECD.CTP.TPS:DSD_REV_COMP_GLOBAL@DF_RSGLOBAL(2.1),A comparative table of countries in the global database,I,WSM,Samoa,TAX_REV,Tax revenue,S13,General government,_T,Total tax revenue,_T,Total,PT_B1GQ,Percentage of GDP,A,Annual,2021,,25.824,,A,Normal value,0,Units,TOTALTAX,,1,One,_Z,Not applicable
DATAFLOW,OECD.CTP.TPS:DSD_REV_COMP_GLOBAL@DF_RSGLOBAL(2.1),A comparative table of countries in the global database,I,WSM,Samoa,TAX_REV,Tax revenue,S13,General government,_T,Total tax revenue,_T,Total,PT_B1GQ,Percentage of GDP,A,Annual,2020,,26.243,,A,Normal value,0,Units,TOTALTAX,,1,One,_Z,Not applicable
DATAFLOW,OECD.CTP.TPS:DSD_REV_COMP_GLOBAL@DF_RSGLOBAL(2.1),A comparative table of countries in the global database,I,WSM,Samoa,TAX_REV,Tax revenue,S13,General government,_T,Total tax revenue,_T,Total,PT_B1GQ,Percentage of GDP,A,Annual,2019,,23.812,,A,Normal value,0,Units,TOTALTAX,,1,One,_Z,Not applicable
DATAFLOW,OECD.CTP.TPS:DSD_REV_COMP_GLOBAL@DF_RSGLOBAL(2.1),A comparative table of countries in the global database,I,WSM,Samoa,TAX_REV,Tax revenue,S13,General government,_T,Total tax revenue,_T,Total,PT_B1GQ,Percentage of GDP,A,Annual,2018,,23.666,,A,Normal value,0,Units,TOTALTAX,,1,One,_Z,Not applicable
DATAFLOW,OECD.CTP.TPS:DSD_REV_COMP_GLOBAL@DF_RSGLOBAL(2.1),A comparative table of countries in the global database,I,WSM,Samoa,TAX_REV,Tax revenue,S13,General government,_T,Total tax revenue,_T,Total,PT_B1GQ,Percentage of GDP,A,Annual,2017,,23.418,,A,Normal value,0,Units,TOTALTAX,,1,One,_Z,Not applicable
DATAFLOW,OECD.CTP.TPS:DSD_REV_COMP_GLOBAL@DF_RSGLOBAL(2.1),A comparative table of countries in the global database,I,WSM,Samoa,TAX_REV,Tax revenue,S13,General government,_T,Total tax revenue,_T,Total,PT_B1GQ,Percentage of GDP,A,Annual,2016,,23.166,,A,Normal value,0,Units,TOTALTAX,,1,One,_Z,Not applicable
DATAFLOW,OECD.CTP.TPS:DSD_REV_COMP_GLOBAL@DF_RSGLOBAL(2.1),A comparative table of countries in the global database,I,WSM,Samoa,TAX_REV,Tax revenue,S13,General government,_T,Total tax revenue,_T,Total,PT_B1GQ,Percentage of GDP,A,Annual,2015,,22.925,,A,Normal value,0,Units,TOTALTAX,,1,One,_Z,Not applicable
DATAFLOW,OECD.CTP.TPS:DSD_REV_COMP_GLOBAL@DF_RSGLOBAL(2.1),A comparative table of countries in the global database,I,WSM,Samoa,TAX_REV,Tax revenue,S13,General government,_T,Total tax revenue,_T,Total,PT_B1GQ,Percentage of GDP,A,Annual,2014,,22.02,,A,Normal value,0,Units,TOTALTAX,,1,One,_Z,Not applicable
DATAFLOW,OECD.CTP.TPS:DSD_REV_COMP_GLOBAL@DF_RSGLOBAL(2.1),A comparative table of countries in the global database,I,LCA,Saint Lucia,TAX_REV,Tax revenue,S13,General government,_T,Total tax revenue,_T,Total,PT_B1GQ,Percentage of GDP,A,Annual,2023,,20.779,,A,Normal value,0,Units,TOTALTAX,,1,One,_Z,Not applicable
DATAFLOW,OECD.CTP.TPS:DSD_REV_COMP_GLOBAL@DF_RSGLOBAL(2.1),A comparative table of countries in the global database,I,LCA,Saint Lucia,TAX_REV,Tax revenue,S13,General government,_T,Total tax revenue,_T,Total,PT_B1GQ,Percentage of GDP,A,Annual,2022,,19.956,,A,Normal value,0,Units,TOTALTAX,,1,One,_Z,Not applicable
DATAFLOW,OECD.CTP.TPS:DSD_REV_COMP_GLOBAL@DF_RSGLOBAL(2.1),A comparative table of countries in the global database,I,LCA,Saint Lucia,TAX_REV,Tax revenue,S13,General government,_T,Total tax revenue,_T,Total,PT_B1GQ,Percentage of GDP,A,Annual,2021,,19.506,,A,Normal value,0,Units,TOTALTAX,,1,One,_Z,Not applicable
DATAFLOW,OECD.CTP.TPS:DSD_REV_COMP_GLOBAL@DF_RSGLOBAL(2.1),A comparative table of countries in the global database,I,LCA,Saint Lucia,TAX_REV,Tax revenue,S13,General government,_T,Total tax revenue,_T,Total,PT_B1GQ,Percentage of GDP,A,Annual,2020,,21.476,,A,Normal value,0,Units,TOTALTAX,,1,One,_Z,Not applicable
DATAFLOW,OECD.CTP.TPS:DSD_REV_COMP_GLOBAL@DF_RSGLOBAL(2.1),A comparative table of countries in the global database,I,LCA,Saint Lucia,TAX_REV,Tax revenue,S13,General government,_T,Total tax revenue,_T,Total,PT_B1GQ,Percentage of GDP,A,Annual,2019,,20.863,,A,Normal value,0,Units,TOTALTAX,,1,One,_Z,Not applicable
DATAFLOW,OECD.CTP.TPS:DSD_REV_COMP_GLOBAL@DF_RSGLOBAL(2.1),A comparative table of countries in the global database,I,LCA,Saint Lucia,TAX_REV,Tax revenue,S13,General government,_T,Total tax revenue,_T,Total,PT_B1GQ,Percentage of GDP,A,Annual,2018,,20.705,,A,Normal value,0,Units,TOTALTAX,,1,One,_Z,Not applicable
DATAFLOW,OECD.CTP.TPS:DSD_REV_COMP_GLOBAL@DF_RSGLOBAL(2.1),A comparative table of countries in the global database,I,LCA,Saint Lucia,TAX_REV,Tax revenue,S13,General government,_T,Total tax revenue,_T,Total,PT_B1GQ,Percentage of GDP,A,Annual,2017,,20.364,,A,Normal value,0,Units,TOTALTAX,,1,One,_Z,Not applicable
DATAFLOW,OECD.CTP.TPS:DSD_REV_COMP_GLOBAL@DF_RSGLOBAL(2.1),A comparative table of countries in the global database,I,LCA,Saint Lucia,TAX_REV,Tax revenue,S13,General government,_T,Total tax revenue,_T,Total,PT_B1GQ,Percentage of GDP,A,Annual,2016,,21.243,,A,Normal value,0,Units,TOTALTAX,,1,One,_Z,Not applicable
DATAFLOW,OECD.CTP.TPS:DSD_REV_COMP_GLOBAL@DF_RSGLOBAL(2.1),A comparative table of countries in the global database,I,LCA,Saint Lucia,TAX_REV,Tax revenue,S13,General government,_T,Total tax revenue,_T,Total,PT_B1GQ,Percentage of GDP,A,Annual,2015,,21.243,,A,Normal value,0,Units,TOTALTAX,,1,One,_Z,Not applicable
DATAFLOW,OECD.CTP.TPS:DSD_REV_COMP_GLOBAL@DF_RSGLOBAL(2.1),A comparative table of countries in the global database,I,LCA,Saint Lucia,TAX_REV,Tax revenue,S13,General government,_T,Total tax revenue,_T,Total,PT_B1GQ,Percentage of GDP,A,Annual,2014,,20.586,,A,Normal value,0,Units,TOTALTAX,,1,One,_Z,Not applicable
DATAFLOW,OECD.CTP.TPS:DSD_REV_COMP_GLOBAL@DF_RSGLOBAL(2.1),A comparative table of countries in the global database,I,RWA,Rwanda,TAX_REV,Tax revenue,S13,General government,_T,Total tax revenue,_T,Total,PT_B1GQ,Percentage of GDP,A,Annual,2022,,16.524,,A,Normal value,0,Units,TOTALTAX,,1,One,_Z,Not applicable
DATAFLOW,OECD.CTP.TPS:DSD_REV_COMP_GLOBAL@DF_RSGLOBAL(2.1),A comparative table of countries in the global database,I,RWA,Rwanda,TAX_REV,Tax revenue,S13,General government,_T,Total tax revenue,_T,Total,PT_B1GQ,Percentage of GDP,A,Annual,2021,,17.019,,A,Normal value,0,Units,TOTALTAX,,1,One,_Z,Not applicable
DATAFLOW,OECD.CTP.TPS:DSD_REV_COMP_GLOBAL@DF_RSGLOBAL(2.1),A comparative table of countries in the global database,I,RWA,Rwanda,TAX_REV,Tax revenue,S13,General government,_T,Total tax revenue,_T,Total,PT_B1GQ,Percentage of GDP,A,Annual,2020,,17.121,,A,Normal value,0,Units,TOTALTAX,,1,One,_Z,Not applicable
DATAFLOW,OECD.CTP.TPS:DSD_REV_COMP_GLOBAL@DF_RSGLOBAL(2.1),A comparative table of countries in the global database,I,RWA,Rwanda,TAX_REV,Tax revenue,S13,General government,_T,Total tax revenue,_T,Total,PT_B1GQ,Percentage of GDP,A,Annual,2019,,17.321,,A,Normal value,0,Units,TOTALTAX,,1,One,_Z,Not applicable
DATAFLOW,OECD.CTP.TPS:DSD_REV_COMP_GLOBAL@DF_RSGLOBAL(2.1),A comparative table of countries in the global database,I,RWA,Rwanda,TAX_REV,Tax revenue,S13,General government,_T,Total tax revenue,_T,Total,PT_B1GQ,Percentage of GDP,A,Annual,2018,,16.89,,A,Normal value,0,Units,TOTALTAX,,1,One,_Z,Not applicable
DATAFLOW,OECD.CTP.TPS:DSD_REV_COMP_GLOBAL@DF_RSGLOBAL(2.1),A comparative table of countries in the global database,I,RWA,Rwanda,TAX_REV,Tax revenue,S13,General government,_T,Total tax revenue,_T,Total,PT_B1GQ,Percentage of GDP,A,Annual,2017,,16.221,,A,Normal value,0,Units,TOTALTAX,,1,One,_Z,Not applicable
DATAFLOW,OECD.CTP.TPS:DSD_REV_COMP_GLOBAL@DF_RSGLOBAL(2.1),A comparative table of countries in the global database,I,RWA,Rwanda,TAX_REV,Tax revenue,S13,General government,_T,Total tax revenue,_T,Total,PT_B1GQ,Percentage of GDP,A,Annual,2016,,16.299,,A,Normal value,0,Units,TOTALTAX,,1,One,_Z,Not applicable
DATAFLOW,OECD.CTP.TPS:DSD_REV_COMP_GLOBAL@DF_RSGLOBAL(2.1),A comparative table of countries in the global database,I,RWA,Rwanda,TAX_REV,Tax revenue,S13,General government,_T,Total tax revenue,_T,Total,PT_B1GQ,Percentage of GDP,A,Annual,2015,,16.215,,A,Normal value,0,Units,TOTALTAX,,1,One,_Z,Not applicable
DATAFLOW,OECD.CTP.TPS:DSD_REV_COMP_GLOBAL@DF_RSGLOBAL(2.1),A comparative table of countries in the global database,I,RWA,Rwanda,TAX_REV,Tax revenue,S13,General government,_T,Total tax revenue,_T,Total,PT_B1GQ,Percentage of GDP,A,Annual,2014,,15.393,,A,Normal value,0,Units,TOTALTAX,,1,One,_Z,Not applicable
DATAFLOW,OECD.CTP.TPS:DSD_REV_COMP_GLOBAL@DF_RSGLOBAL(2.1),A comparative table of countries in the global database,I,ROU,Romania,TAX_REV,Tax revenue,S13,General government,_T,Total tax revenue,_T,Total,PT_B1GQ,Percentage of GDP,A,Annual,2022,,27.089,,A,Normal value,0,Units,TOTALTAX,,1,One,_Z,Not applicable
DATAFLOW,OECD.CTP.TPS:DSD_REV_COMP_GLOBAL@DF_RSGLOBAL(2.1),A comparative table of countries in the global database,I,ROU,Romania,TAX_REV,Tax revenue,S13,General government,_T,Total tax revenue,_T,Total,PT_B1GQ,Percentage of GDP,A,Annual,2021,,26.252,,A,Normal value,0,Units,TOTALTAX,,1,One,_Z,Not applicable
DATAFLOW,OECD.CTP.TPS:DSD_REV_COMP_GLOBAL@DF_RSGLOBAL(2.1),A comparative table of countries in the global database,I,ROU,Romania,TAX_REV,Tax revenue,S13,General government,_T,Total tax revenue,_T,Total,PT_B1GQ,Percentage of GDP,A,Annual,2020,,25.979,,A,Normal value,0,Units,TOTALTAX,,1,One,_Z,Not applicable
DATAFLOW,OECD.CTP.TPS:DSD_REV_COMP_GLOBAL@DF_RSGLOBAL(2.1),A comparative table of countries in the global database,I,ROU,Romania,TAX_REV,Tax revenue,S13,General government,_T,Total tax revenue,_T,Total,PT_B1GQ,Percentage of GDP,A,Annual,2019,,25.838,,A,Normal value,0,Units,TOTALTAX,,1,One,_Z,Not applicable
DATAFLOW,OECD.CTP.TPS:DSD_REV_COMP_GLOBAL@DF_RSGLOBAL(2.1),A comparative table of countries in the global database,I,ROU,Romania,TAX_REV,Tax revenue,S13,General government,_T,Total tax revenue,_T,Total,PT_B1GQ,Percentage of GDP,A,Annual,2018,,25.729,,A,Normal value,0,Units,TOTALTAX,,1,One,_Z,Not applicable
DATAFLOW,OECD.CTP.TPS:DSD_REV_COMP_GLOBAL@DF_RSGLOBAL(2.1),A comparative table of countries in the global database,I,ROU,Romania,TAX_REV,Tax revenue,S13,General government,_T,Total tax revenue,_T,Total,PT_B1GQ,Percentage of GDP,A,Annual,2017,,25.052,,A,Normal value,0,Units,TOTALTAX,,1,One,_Z,Not applicable
DATAFLOW,OECD.CTP.TPS:DSD_REV_COMP_GLOBAL@DF_RSGLOBAL(2.1),A comparative table of countries in the global database,I,ROU,Romania,TAX_REV,Tax revenue,S13,General government,_T,Total tax revenue,_T,Total,PT_B1GQ,Percentage of GDP,A,Annual,2016,,26.251,,A,Normal value,0,Units,TOTALTAX,,1,One,_Z,Not applicable
DATAFLOW,OECD.CTP.TPS:DSD_REV_COMP_GLOBAL@DF_RSGLOBAL(2.1),A comparative table of countries in the global database,I,ROU,Romania,TAX_REV,Tax revenue,S13,General government,_T,Total tax revenue,_T,Total,PT_B1GQ,Percentage of GDP,A,Annual,2015,,27.997,,A,Normal value,0,Units,TOTALTAX,,1,One,_Z,Not applicable
DATAFLOW,OECD.CTP.TPS:DSD_REV_COMP_GLOBAL@DF_RSGLOBAL(2.1),A comparative table of countries in the global database,I,ROU,Romania,TAX_REV,Tax revenue,S13,General government,_T,Total tax revenue,_T,Total,PT_B1GQ,Percentage of GDP,A,Annual,2014,,27.463,,A,Normal value,0,Units,TOTALTAX,,1,One,_Z,Not applicable
DATAFLOW,OECD.CTP.TPS:DSD_REV_COMP_GLOBAL@DF_RSGLOBAL(2.1),A comparative table of countries in the global database,I,PHL,Philippines,TAX_REV,Tax revenue,S13,General government,_T,Total tax revenue,_T,Total,PT_B1GQ,Percentage of GDP,A,Annual,2023,,17.88,,A,Normal value,0,Units,TOTALTAX,,1,One,_Z,Not applicable
DATAFLOW,OECD.CTP.TPS:DSD_REV_COMP_GLOBAL@DF_RSGLOBAL(2.1),A comparative table of countries in the global database,I,PHL,Philippines,TAX_REV,Tax revenue,S13,General government,_T,Total tax revenue,_T,Total,PT_B1GQ,Percentage of GDP,A,Annual,2022,,18.432,,A,Normal value,0,Units,TOTALTAX,,1,One,_Z,Not applicable
DATAFLOW,OECD.CTP.TPS:DSD_REV_COMP_GLOBAL@DF_RSGLOBAL(2.1),A comparative table of countries in the global database,I,PHL,Philippines,TAX_REV,Tax revenue,S13,General government,_T,Total tax revenue,_T,Total,PT_B1GQ,Percentage of GDP,A,Annual,2021,,18.02,,A,Normal value,0,Units,TOTALTAX,,1,One,_Z,Not applicable
DATAFLOW,OECD.CTP.TPS:DSD_REV_COMP_GLOBAL@DF_RSGLOBAL(2.1),A comparative table of countries in the global database,I,PHL,Philippines,TAX_REV,Tax revenue,S13,General government,_T,Total tax revenue,_T,Total,PT_B1GQ,Percentage of GDP,A,Annual,2020,,17.815,,A,Normal value,0,Units,TOTALTAX,,1,One,_Z,Not applicable
DATAFLOW,OECD.CTP.TPS:DSD_REV_COMP_GLOBAL@DF_RSGLOBAL(2.1),A comparative table of countries in the global database,I,PHL,Philippines,TAX_REV,Tax revenue,S13,General government,_T,Total tax revenue,_T,Total,PT_B1GQ,Percentage of GDP,A,Annual,2019,,18.005,,A,Normal value,0,Units,TOTALTAX,,1,One,_Z,Not applicable
DATAFLOW,OECD.CTP.TPS:DSD_REV_COMP_GLOBAL@DF_RSGLOBAL(2.1),A comparative table of countries in the global database,I,PHL,Philippines,TAX_REV,Tax revenue,S13,General government,_T,Total tax revenue,_T,Total,PT_B1GQ,Percentage of GDP,A,Annual,2018,,17.335,,A,Normal value,0,Units,TOTALTAX,,1,One,_Z,Not applicable
DATAFLOW,OECD.CTP.TPS:DSD_REV_COMP_GLOBAL@DF_RSGLOBAL(2.1),A comparative table of countries in the global database,I,PHL,Philippines,TAX_REV,Tax revenue,S13,General government,_T,Total tax revenue,_T,Total,PT_B1GQ,Percentage of GDP,A,Annual,2017,,16.732,,A,Normal value,0,Units,TOTALTAX,,1,One,_Z,Not applicable
DATAFLOW,OECD.CTP.TPS:DSD_REV_COMP_GLOBAL@DF_RSGLOBAL(2.1),A comparative table of countries in the global database,I,PHL,Philippines,TAX_REV,Tax revenue,S13,General government,_T,Total tax revenue,_T,Total,PT_B1GQ,Percentage of GDP,A,Annual,2016,,16.175,,A,Normal value,0,Units,TOTALTAX,,1,One,_Z,Not applicable
DATAFLOW,OECD.CTP.TPS:DSD_REV_COMP_GLOBAL@DF_RSGLOBAL(2.1),A comparative table of countries in the global database,I,PHL,Philippines,TAX_REV,Tax revenue,S13,General government,_T,Total tax revenue,_T,Total,PT_B1GQ,Percentage of GDP,A,Annual,2015,,16.166,,A,Normal value,0,Units,TOTALTAX,,1,One,_Z,Not applicable
DATAFLOW,OECD.CTP.TPS:DSD_REV_COMP_GLOBAL@DF_RSGLOBAL(2.1),A comparative table of countries in the global database,I,PHL,Philippines,TAX_REV,Tax revenue,S13,General government,_T,Total tax revenue,_T,Total,PT_B1GQ,Percentage of GDP,A,Annual,2014,,15.989,,A,Normal value,0,Units,TOTALTAX,,1,One,_Z,Not applicable
DATAFLOW,OECD.CTP.TPS:DSD_REV_COMP_GLOBAL@DF_RSGLOBAL(2.1),A comparative table of countries in the global database,I,PER,Peru,TAX_REV,Tax revenue,S13,General government,_T,Total tax revenue,_T,Total,PT_B1GQ,Percentage of GDP,A,Annual,2023,,16.975,,A,Normal value,0,Units,TOTALTAX,,1,One,_Z,Not applicable
DATAFLOW,OECD.CTP.TPS:DSD_REV_COMP_GLOBAL@DF_RSGLOBAL(2.1),A comparative table of countries in the global database,I,PER,Peru,TAX_REV,Tax revenue,S13,General government,_T,Total tax revenue,_T,Total,PT_B1GQ,Percentage of GDP,A,Annual,2022,,19.084,,A,Normal value,0,Units,TOTALTAX,,1,One,_Z,Not applicable
DATAFLOW,OECD.CTP.TPS:DSD_REV_COMP_GLOBAL@DF_RSGLOBAL(2.1),A comparative table of countries in the global database,I,PER,Peru,TAX_REV,Tax revenue,S13,General government,_T,Total tax revenue,_T,Total,PT_B1GQ,Percentage of GDP,A,Annual,2021,,17.996,,A,Normal value,0,Units,TOTALTAX,,1,One,_Z,Not applicable
DATAFLOW,OECD.CTP.TPS:DSD_REV_COMP_GLOBAL@DF_RSGLOBAL(2.1),A comparative table of countries in the global database,I,PER,Peru,TAX_REV,Tax revenue,S13,General government,_T,Total tax revenue,_T,Total,PT_B1GQ,Percentage of GDP,A,Annual,2020,,15.217,,A,Normal value,0,Units,TOTALTAX,,1,One,_Z,Not applicable
DATAFLOW,OECD.CTP.TPS:DSD_REV_COMP_GLOBAL@DF_RSGLOBAL(2.1),A comparative table of countries in the global database,I,PER,Peru,TAX_REV,Tax revenue,S13,General government,_T,Total tax revenue,_T,Total,PT_B1GQ,Percentage of GDP,A,Annual,2019,,16.524,,A,Normal value,0,Units,TOTALTAX,,1,One,_Z,Not applicable
DATAFLOW,OECD.CTP.TPS:DSD_REV_COMP_GLOBAL@DF_RSGLOBAL(2.1),A comparative table of countries in the global database,I,PER,Peru,TAX_REV,Tax revenue,S13,General government,_T,Total tax revenue,_T,Total,PT_B1GQ,Percentage of GDP,A,Annual,2018,,16.286,,A,Normal value,0,Units,TOTALTAX,,1,One,_Z,Not applicable
DATAFLOW,OECD.CTP.TPS:DSD_REV_COMP_GLOBAL@DF_RSGLOBAL(2.1),A comparative table of countries in the global database,I,PER,Peru,TAX_REV,Tax revenue,S13,General government,_T,Total tax revenue,_T,Total,PT_B1GQ,Percentage of GDP,A,Annual,2017,,15.149,,A,Normal value,0,Units,TOTALTAX,,1,One,_Z,Not applicable
DATAFLOW,OECD.CTP.TPS:DSD_REV_COMP_GLOBAL@DF_RSGLOBAL(2.1),A comparative table of countries in the global database,I,PER,Peru,TAX_REV,Tax revenue,S13,General government,_T,Total tax revenue,_T,Total,PT_B1GQ,Percentage of GDP,A,Annual,2016,,15.876,,A,Normal value,0,Units,TOTALTAX,,1,One,_Z,Not applicable
DATAFLOW,OECD.CTP.TPS:DSD_REV_COMP_GLOBAL@DF_RSGLOBAL(2.1),A comparative table of countries in the global database,I,PER,Peru,TAX_REV,Tax revenue,S13,General government,_T,Total tax revenue,_T,Total,PT_B1GQ,Percentage of GDP,A,Annual,2015,,17.14,,A,Normal value,0,Units,TOTALTAX,,1,One,_Z,Not applicable
DATAFLOW,OECD.CTP.TPS:DSD_REV_COMP_GLOBAL@DF_RSGLOBAL(2.1),A comparative table of countries in the global database,I,PER,Peru,TAX_REV,Tax revenue,S13,General government,_T,Total tax revenue,_T,Total,PT_B1GQ,Percentage of GDP,A,Annual,2014,,18.851,,A,Normal value,0,Units,TOTALTAX,,1,One,_Z,Not applicable
DATAFLOW,OECD.CTP.TPS:DSD_REV_COMP_GLOBAL@DF_RSGLOBAL(2.1),A comparative table of countries in the global database,I,PRY,Paraguay,TAX_REV,Tax revenue,S13,General government,_T,Total tax revenue,_T,Total,PT_B1GQ,Percentage of GDP,A,Annual,2023,,14.521,,A,Normal value,0,Units,TOTALTAX,,1,One,_Z,Not applicable
DATAFLOW,OECD.CTP.TPS:DSD_REV_COMP_GLOBAL@DF_RSGLOBAL(2.1),A comparative table of countries in the global database,I,PRY,Paraguay,TAX_REV,Tax revenue,S13,General government,_T,Total tax revenue,_T,Total,PT_B1GQ,Percentage of GDP,A,Annual,2022,,14.562,,A,Normal value,0,Units,TOTALTAX,,1,One,_Z,Not applicable
DATAFLOW,OECD.CTP.TPS:DSD_REV_COMP_GLOBAL@DF_RSGLOBAL(2.1),A comparative table of countries in the global database,I,PRY,Paraguay,TAX_REV,Tax revenue,S13,General government,_T,Total tax revenue,_T,Total,PT_B1GQ,Percentage of GDP,A,Annual,2021,,13.854,,A,Normal value,0,Units,TOTALTAX,,1,One,_Z,Not applicable
DATAFLOW,OECD.CTP.TPS:DSD_REV_COMP_GLOBAL@DF_RSGLOBAL(2.1),A comparative table of countries in the global database,I,PRY,Paraguay,TAX_REV,Tax revenue,S13,General government,_T,Total tax revenue,_T,Total,PT_B1GQ,Percentage of GDP,A,Annual,2020,,13.522,,A,Normal value,0,Units,TOTALTAX,,1,One,_Z,Not applicable
DATAFLOW,OECD.CTP.TPS:DSD_REV_COMP_GLOBAL@DF_RSGLOBAL(2.1),A comparative table of countries in the global database,I,PRY,Paraguay,TAX_REV,Tax revenue,S13,General government,_T,Total tax revenue,_T,Total,PT_B1GQ,Percentage of GDP,A,Annual,2019,,13.946,,A,Normal value,0,Units,TOTALTAX,,1,One,_Z,Not applicable
DATAFLOW,OECD.CTP.TPS:DSD_REV_COMP_GLOBAL@DF_RSGLOBAL(2.1),A comparative table of countries in the global database,I,PRY,Paraguay,TAX_REV,Tax revenue,S13,General government,_T,Total tax revenue,_T,Total,PT_B1GQ,Percentage of GDP,A,Annual,2018,,13.859,,A,Normal value,0,Units,TOTALTAX,,1,One,_Z,Not applicable
DATAFLOW,OECD.CTP.TPS:DSD_REV_COMP_GLOBAL@DF_RSGLOBAL(2.1),A comparative table of countries in the global database,I,PRY,Paraguay,TAX_REV,Tax revenue,S13,General government,_T,Total tax revenue,_T,Total,PT_B1GQ,Percentage of GDP,A,Annual,2017,,14.025,,A,Normal value,0,Units,TOTALTAX,,1,One,_Z,Not applicable
DATAFLOW,OECD.CTP.TPS:DSD_REV_COMP_GLOBAL@DF_RSGLOBAL(2.1),A comparative table of countries in the global database,I,PRY,Paraguay,TAX_REV,Tax revenue,S13,General government,_T,Total tax revenue,_T,Total,PT_B1GQ,Percentage of GDP,A,Annual,2016,,13.421,,A,Normal value,0,Units,TOTALTAX,,1,One,_Z,Not applicable
DATAFLOW,OECD.CTP.TPS:DSD_REV_COMP_GLOBAL@DF_RSGLOBAL(2.1),A comparative table of countries in the global database,I,PRY,Paraguay,TAX_REV,Tax revenue,S13,General government,_T,Total tax revenue,_T,Total,PT_B1GQ,Percentage of GDP,A,Annual,2015,,13.718,,A,Normal value,0,Units,TOTALTAX,,1,One,_Z,Not applicable
DATAFLOW,OECD.CTP.TPS:DSD_REV_COMP_GLOBAL@DF_RSGLOBAL(2.1),A comparative table of countries in the global database,I,PRY,Paraguay,TAX_REV,Tax revenue,S13,General government,_T,Total tax revenue,_T,Total,PT_B1GQ,Percentage of GDP,A,Annual,2014,,13.817,,A,Normal value,0,Units,TOTALTAX,,1,One,_Z,Not applicable
DATAFLOW,OECD.CTP.TPS:DSD_REV_COMP_GLOBAL@DF_RSGLOBAL(2.1),A comparative table of countries in the global database,I,PNG,Papua New Guinea,TAX_REV,Tax revenue,S13,General government,_T,Total tax revenue,_T,Total,PT_B1GQ,Percentage of GDP,A,Annual,2023,,15.833,,A,Normal value,0,Units,TOTALTAX,,1,One,_Z,Not applicable
DATAFLOW,OECD.CTP.TPS:DSD_REV_COMP_GLOBAL@DF_RSGLOBAL(2.1),A comparative table of countries in the global database,I,PNG,Papua New Guinea,TAX_REV,Tax revenue,S13,General government,_T,Total tax revenue,_T,Total,PT_B1GQ,Percentage of GDP,A,Annual,2022,,14.791,,A,Normal value,0,Units,TOTALTAX,,1,One,_Z,Not applicable
DATAFLOW,OECD.CTP.TPS:DSD_REV_COMP_GLOBAL@DF_RSGLOBAL(2.1),A comparative table of countries in the global database,I,PNG,Papua New Guinea,TAX_REV,Tax revenue,S13,General government,_T,Total tax revenue,_T,Total,PT_B1GQ,Percentage of GDP,A,Annual,2021,,12.147,,A,Normal value,0,Units,TOTALTAX,,1,One,_Z,Not applicable
DATAFLOW,OECD.CTP.TPS:DSD_REV_COMP_GLOBAL@DF_RSGLOBAL(2.1),A comparative table of countries in the global database,I,PNG,Papua New Guinea,TAX_REV,Tax revenue,S13,General government,_T,Total tax revenue,_T,Total,PT_B1GQ,Percentage of GDP,A,Annual,2020,,11.879,,A,Normal value,0,Units,TOTALTAX,,1,One,_Z,Not applicable
DATAFLOW,OECD.CTP.TPS:DSD_REV_COMP_GLOBAL@DF_RSGLOBAL(2.1),A comparative table of countries in the global database,I,PNG,Papua New Guinea,TAX_REV,Tax revenue,S13,General government,_T,Total tax revenue,_T,Total,PT_B1GQ,Percentage of GDP,A,Annual,2019,,13.022,,A,Normal value,0,Units,TOTALTAX,,1,One,_Z,Not applicable
DATAFLOW,OECD.CTP.TPS:DSD_REV_COMP_GLOBAL@DF_RSGLOBAL(2.1),A comparative table of countries in the global database,I,PNG,Papua New Guinea,TAX_REV,Tax revenue,S13,General government,_T,Total tax revenue,_T,Total,PT_B1GQ,Percentage of GDP,A,Annual,2018,,13.193,,A,Normal value,0,Units,TOTALTAX,,1,One,_Z,Not applicable
DATAFLOW,OECD.CTP.TPS:DSD_REV_COMP_GLOBAL@DF_RSGLOBAL(2.1),A comparative table of countries in the global database,I,PNG,Papua New Guinea,TAX_REV,Tax revenue,S13,General government,_T,Total tax revenue,_T,Total,PT_B1GQ,Percentage of GDP,A,Annual,2017,,12.605,,A,Normal value,0,Units,TOTALTAX,,1,One,_Z,Not applicable
DATAFLOW,OECD.CTP.TPS:DSD_REV_COMP_GLOBAL@DF_RSGLOBAL(2.1),A comparative table of countries in the global database,I,PNG,Papua New Guinea,TAX_REV,Tax revenue,S13,General government,_T,Total tax revenue,_T,Total,PT_B1GQ,Percentage of GDP,A,Annual,2016,,12.949,,A,Normal value,0,Units,TOTALTAX,,1,One,_Z,Not applicable
DATAFLOW,OECD.CTP.TPS:DSD_REV_COMP_GLOBAL@DF_RSGLOBAL(2.1),A comparative table of countries in the global database,I,PNG,Papua New Guinea,TAX_REV,Tax revenue,S13,General government,_T,Total tax revenue,_T,Total,PT_B1GQ,Percentage of GDP,A,Annual,2015,,15.201,,A,Normal value,0,Units,TOTALTAX,,1,One,_Z,Not applicable
DATAFLOW,OECD.CTP.TPS:DSD_REV_COMP_GLOBAL@DF_RSGLOBAL(2.1),A comparative table of countries in the global database,I,PNG,Papua New Guinea,TAX_REV,Tax revenue,S13,General government,_T,Total tax revenue,_T,Total,PT_B1GQ,Percentage of GDP,A,Annual,2014,,17.993,,A,Normal value,0,Units,TOTALTAX,,1,One,_Z,Not applicable
DATAFLOW,OECD.CTP.TPS:DSD_REV_COMP_GLOBAL@DF_RSGLOBAL(2.1),A comparative table of countries in the global database,I,PAN,Panama,TAX_REV,Tax revenue,S13,General government,_T,Total tax revenue,_T,Total,PT_B1GQ,Percentage of GDP,A,Annual,2023,,11.945,,A,Normal value,0,Units,TOTALTAX,,1,One,_Z,Not applicable
DATAFLOW,OECD.CTP.TPS:DSD_REV_COMP_GLOBAL@DF_RSGLOBAL(2.1),A comparative table of countries in the global database,I,PAN,Panama,TAX_REV,Tax revenue,S13,General government,_T,Total tax revenue,_T,Total,PT_B1GQ,Percentage of GDP,A,Annual,2022,,11.946,,A,Normal value,0,Units,TOTALTAX,,1,One,_Z,Not applicable
DATAFLOW,OECD.CTP.TPS:DSD_REV_COMP_GLOBAL@DF_RSGLOBAL(2.1),A comparative table of countries in the global database,I,PAN,Panama,TAX_REV,Tax revenue,S13,General government,_T,Total tax revenue,_T,Total,PT_B1GQ,Percentage of GDP,A,Annual,2021,,11.663,,A,Normal value,0,Units,TOTALTAX,,1,One,_Z,Not applicable
DATAFLOW,OECD.CTP.TPS:DSD_REV_COMP_GLOBAL@DF_RSGLOBAL(2.1),A comparative table of countries in the global database,I,PAN,Panama,TAX_REV,Tax revenue,S13,General government,_T,Total tax revenue,_T,Total,PT_B1GQ,Percentage of GDP,A,Annual,2020,,12.027,,A,Normal value,0,Units,TOTALTAX,,1,One,_Z,Not applicable
DATAFLOW,OECD.CTP.TPS:DSD_REV_COMP_GLOBAL@DF_RSGLOBAL(2.1),A comparative table of countries in the global database,I,PAN,Panama,TAX_REV,Tax revenue,S13,General government,_T,Total tax revenue,_T,Total,PT_B1GQ,Percentage of GDP,A,Annual,2019,,12.596,,A,Normal value,0,Units,TOTALTAX,,1,One,_Z,Not applicable
DATAFLOW,OECD.CTP.TPS:DSD_REV_COMP_GLOBAL@DF_RSGLOBAL(2.1),A comparative table of countries in the global database,I,PAN,Panama,TAX_REV,Tax revenue,S13,General government,_T,Total tax revenue,_T,Total,PT_B1GQ,Percentage of GDP,A,Annual,2018,,13.533,,A,Normal value,0,Units,TOTALTAX,,1,One,_Z,Not applicable
DATAFLOW,OECD.CTP.TPS:DSD_REV_COMP_GLOBAL@DF_RSGLOBAL(2.1),A comparative table of countries in the global database,I,PAN,Panama,TAX_REV,Tax revenue,S13,General government,_T,Total tax revenue,_T,Total,PT_B1GQ,Percentage of GDP,A,Annual,2017,,14.235,,A,Normal value,0,Units,TOTALTAX,,1,One,_Z,Not applicable
DATAFLOW,OECD.CTP.TPS:DSD_REV_COMP_GLOBAL@DF_RSGLOBAL(2.1),A comparative table of countries in the global database,I,PAN,Panama,TAX_REV,Tax revenue,S13,General government,_T,Total tax revenue,_T,Total,PT_B1GQ,Percentage of GDP,A,Annual,2016,,14.769,,A,Normal value,0,Units,TOTALTAX,,1,One,_Z,Not applicable
DATAFLOW,OECD.CTP.TPS:DSD_REV_COMP_GLOBAL@DF_RSGLOBAL(2.1),A comparative table of countries in the global database,I,PAN,Panama,TAX_REV,Tax revenue,S13,General government,_T,Total tax revenue,_T,Total,PT_B1GQ,Percentage of GDP,A,Annual,2015,,14.44,,A,Normal value,0,Units,TOTALTAX,,1,One,_Z,Not applicable
DATAFLOW,OECD.CTP.TPS:DSD_REV_COMP_GLOBAL@DF_RSGLOBAL(2.1),A comparative table of countries in the global database,I,PAN,Panama,TAX_REV,Tax revenue,S13,General government,_T,Total tax revenue,_T,Total,PT_B1GQ,Percentage of GDP,A,Annual,2014,,15.03,,A,Normal value,0,Units,TOTALTAX,,1,One,_Z,Not applicable
DATAFLOW,OECD.CTP.TPS:DSD_REV_COMP_GLOBAL@DF_RSGLOBAL(2.1),A comparative table of countries in the global database,I,PAK,Pakistan,TAX_REV,Tax revenue,S13,General government,_T,Total tax revenue,_T,Total,PT_B1GQ,Percentage of GDP,A,Annual,2023,,10.549,,A,Normal value,0,Units,TOTALTAX,,1,One,_Z,Not applicable
DATAFLOW,OECD.CTP.TPS:DSD_REV_COMP_GLOBAL@DF_RSGLOBAL(2.1),A comparative table of countries in the global database,I,PAK,Pakistan,TAX_REV,Tax revenue,S13,General government,_T,Total tax revenue,_T,Total,PT_B1GQ,Percentage of GDP,A,Annual,2022,,10.034,,A,Normal value,0,Units,TOTALTAX,,1,One,_Z,Not applicable
DATAFLOW,OECD.CTP.TPS:DSD_REV_COMP_GLOBAL@DF_RSGLOBAL(2.1),A comparative table of countries in the global database,I,PAK,Pakistan,TAX_REV,Tax revenue,S13,General government,_T,Total tax revenue,_T,Total,PT_B1GQ,Percentage of GDP,A,Annual,2021,,10.389,,A,Normal value,0,Units,TOTALTAX,,1,One,_Z,Not applicable
DATAFLOW,OECD.CTP.TPS:DSD_REV_COMP_GLOBAL@DF_RSGLOBAL(2.1),A comparative table of countries in the global database,I,PAK,Pakistan,TAX_REV,Tax revenue,S13,General government,_T,Total tax revenue,_T,Total,PT_B1GQ,Percentage of GDP,A,Annual,2020,,10.285,,A,Normal value,0,Units,TOTALTAX,,1,One,_Z,Not applicable
DATAFLOW,OECD.CTP.TPS:DSD_REV_COMP_GLOBAL@DF_RSGLOBAL(2.1),A comparative table of countries in the global database,I,PAK,Pakistan,TAX_REV,Tax revenue,S13,General government,_T,Total tax revenue,_T,Total,PT_B1GQ,Percentage of GDP,A,Annual,2019,,9.994,,A,Normal value,0,Units,TOTALTAX,,1,One,_Z,Not applicable
DATAFLOW,OECD.CTP.TPS:DSD_REV_COMP_GLOBAL@DF_RSGLOBAL(2.1),A comparative table of countries in the global database,I,PAK,Pakistan,TAX_REV,Tax revenue,S13,General government,_T,Total tax revenue,_T,Total,PT_B1GQ,Percentage of GDP,A,Annual,2018,,10.222,,A,Normal value,0,Units,TOTALTAX,,1,One,_Z,Not applicable
DATAFLOW,OECD.CTP.TPS:DSD_REV_COMP_GLOBAL@DF_RSGLOBAL(2.1),A comparative table of countries in the global database,I,PAK,Pakistan,TAX_REV,Tax revenue,S13,General government,_T,Total tax revenue,_T,Total,PT_B1GQ,Percentage of GDP,A,Annual,2017,,11.404,,A,Normal value,0,Units,TOTALTAX,,1,One,_Z,Not applicable
DATAFLOW,OECD.CTP.TPS:DSD_REV_COMP_GLOBAL@DF_RSGLOBAL(2.1),A comparative table of countries in the global database,I,PAK,Pakistan,TAX_REV,Tax revenue,S13,General government,_T,Total tax revenue,_T,Total,PT_B1GQ,Percentage of GDP,A,Annual,2016,,11.164,,A,Normal value,0,Units,TOTALTAX,,1,One,_Z,Not applicable
DATAFLOW,OECD.CTP.TPS:DSD_REV_COMP_GLOBAL@DF_RSGLOBAL(2.1),A comparative table of countries in the global database,I,PAK,Pakistan,TAX_REV,Tax revenue,S13,General government,_T,Total tax revenue,_T,Total,PT_B1GQ,Percentage of GDP,A,Annual,2015,,11.185,,A,Normal value,0,Units,TOTALTAX,,1,One,_Z,Not applicable
DATAFLOW,OECD.CTP.TPS:DSD_REV_COMP_GLOBAL@DF_RSGLOBAL(2.1),A comparative table of countries in the global database,I,PAK,Pakistan,TAX_REV,Tax revenue,S13,General government,_T,Total tax revenue,_T,Total,PT_B1GQ,Percentage of GDP,A,Annual,2014,,9.918,,A,Normal value,0,Units,TOTALTAX,,1,One,_Z,Not applicable
DATAFLOW,OECD.CTP.TPS:DSD_REV_COMP_GLOBAL@DF_RSGLOBAL(2.1),A comparative table of countries in the global database,I,NIU,Niue,TAX_REV,Tax revenue,S13,General government,_T,Total tax revenue,_T,Total,PT_B1GQ,Percentage of GDP,A,Annual,2023,,35.328,,A,Normal value,0,Units,TOTALTAX,,1,One,_Z,Not applicable
DATAFLOW,OECD.CTP.TPS:DSD_REV_COMP_GLOBAL@DF_RSGLOBAL(2.1),A comparative table of countries in the global database,I,NIU,Niue,TAX_REV,Tax revenue,S13,General government,_T,Total tax revenue,_T,Total,PT_B1GQ,Percentage of GDP,A,Annual,2022,,30.833,,A,Normal value,0,Units,TOTALTAX,,1,One,_Z,Not applicable
DATAFLOW,OECD.CTP.TPS:DSD_REV_COMP_GLOBAL@DF_RSGLOBAL(2.1),A comparative table of countries in the global database,I,NIU,Niue,TAX_REV,Tax revenue,S13,General government,_T,Total tax revenue,_T,Total,PT_B1GQ,Percentage of GDP,A,Annual,2021,,21.778,,A,Normal value,0,Units,TOTALTAX,,1,One,_Z,Not applicable
DATAFLOW,OECD.CTP.TPS:DSD_REV_COMP_GLOBAL@DF_RSGLOBAL(2.1),A comparative table of countries in the global database,I,NIU,Niue,TAX_REV,Tax revenue,S13,General government,_T,Total tax revenue,_T,Total,PT_B1GQ,Percentage of GDP,A,Annual,2020,,24.445,,A,Normal value,0,Units,TOTALTAX,,1,One,_Z,Not applicable
DATAFLOW,OECD.CTP.TPS:DSD_REV_COMP_GLOBAL@DF_RSGLOBAL(2.1),A comparative table of countries in the global database,I,NIU,Niue,TAX_REV,Tax revenue,S13,General government,_T,Total tax revenue,_T,Total,PT_B1GQ,Percentage of GDP,A,Annual,2019,,23.667,,A,Normal value,0,Units,TOTALTAX,,1,One,_Z,Not applicable
DATAFLOW,OECD.CTP.TPS:DSD_REV_COMP_GLOBAL@DF_RSGLOBAL(2.1),A comparative table of countries in the global database,I,NIU,Niue,TAX_REV,Tax revenue,S13,General government,_T,Total tax revenue,_T,Total,PT_B1GQ,Percentage of GDP,A,Annual,2018,,25.949,,A,Normal value,0,Units,TOTALTAX,,1,One,_Z,Not applicable
DATAFLOW,OECD.CTP.TPS:DSD_REV_COMP_GLOBAL@DF_RSGLOBAL(2.1),A comparative table of countries in the global database,I,NIU,Niue,TAX_REV,Tax revenue,S13,General government,_T,Total tax revenue,_T,Total,PT_B1GQ,Percentage of GDP,A,Annual,2017,,28.908,,A,Normal value,0,Units,TOTALTAX,,1,One,_Z,Not applicable
DATAFLOW,OECD.CTP.TPS:DSD_REV_COMP_GLOBAL@DF_RSGLOBAL(2.1),A comparative table of countries in the global database,I,NIU,Niue,TAX_REV,Tax revenue,S13,General government,_T,Total tax revenue,_T,Total,PT_B1GQ,Percentage of GDP,A,Annual,2016,,23.848,,A,Normal value,0,Units,TOTALTAX,,1,One,_Z,Not applicable
DATAFLOW,OECD.CTP.TPS:DSD_REV_COMP_GLOBAL@DF_RSGLOBAL(2.1),A comparative table of countries in the global database,I,NIU,Niue,TAX_REV,Tax revenue,S13,General government,_T,Total tax revenue,_T,Total,PT_B1GQ,Percentage of GDP,A,Annual,2015,,25.5,,A,Normal value,0,Units,TOTALTAX,,1,One,_Z,Not applicable
DATAFLOW,OECD.CTP.TPS:DSD_REV_COMP_GLOBAL@DF_RSGLOBAL(2.1),A comparative table of countries in the global database,I,NIU,Niue,TAX_REV,Tax revenue,S13,General government,_T,Total tax revenue,_T,Total,PT_B1GQ,Percentage of GDP,A,Annual,2014,,26.153,,A,Normal value,0,Units,TOTALTAX,,1,One,_Z,Not applicable
DATAFLOW,OECD.CTP.TPS:DSD_REV_COMP_GLOBAL@DF_RSGLOBAL(2.1),A comparative table of countries in the global database,I,NGA,Nigeria,TAX_REV,Tax revenue,S13,General government,_T,Total tax revenue,_T,Total,PT_B1GQ,Percentage of GDP,A,Annual,2022,,7.909,,A,Normal value,0,Units,TOTALTAX,,1,One,_Z,Not applicable
DATAFLOW,OECD.CTP.TPS:DSD_REV_COMP_GLOBAL@DF_RSGLOBAL(2.1),A comparative table of countries in the global database,I,NGA,Nigeria,TAX_REV,Tax revenue,S13,General government,_T,Total tax revenue,_T,Total,PT_B1GQ,Percentage of GDP,A,Annual,2021,,6.688,,A,Normal value,0,Units,TOTALTAX,,1,One,_Z,Not applicable
DATAFLOW,OECD.CTP.TPS:DSD_REV_COMP_GLOBAL@DF_RSGLOBAL(2.1),A comparative table of countries in the global database,I,NGA,Nigeria,TAX_REV,Tax revenue,S13,General government,_T,Total tax revenue,_T,Total,PT_B1GQ,Percentage of GDP,A,Annual,2020,,5.55,,A,Normal value,0,Units,TOTALTAX,,1,One,_Z,Not applicable
DATAFLOW,OECD.CTP.TPS:DSD_REV_COMP_GLOBAL@DF_RSGLOBAL(2.1),A comparative table of countries in the global database,I,NGA,Nigeria,TAX_REV,Tax revenue,S13,General government,_T,Total tax revenue,_T,Total,PT_B1GQ,Percentage of GDP,A,Annual,2019,,5.984,,A,Normal value,0,Units,TOTALTAX,,1,One,_Z,Not applicable
DATAFLOW,OECD.CTP.TPS:DSD_REV_COMP_GLOBAL@DF_RSGLOBAL(2.1),A comparative table of countries in the global database,I,NGA,Nigeria,TAX_REV,Tax revenue,S13,General government,_T,Total tax revenue,_T,Total,PT_B1GQ,Percentage of GDP,A,Annual,2018,,6.352,,A,Normal value,0,Units,TOTALTAX,,1,One,_Z,Not applicable
DATAFLOW,OECD.CTP.TPS:DSD_REV_COMP_GLOBAL@DF_RSGLOBAL(2.1),A comparative table of countries in the global database,I,NGA,Nigeria,TAX_REV,Tax revenue,S13,General government,_T,Total tax revenue,_T,Total,PT_B1GQ,Percentage of GDP,A,Annual,2017,,5.724,,A,Normal value,0,Units,TOTALTAX,,1,One,_Z,Not applicable
DATAFLOW,OECD.CTP.TPS:DSD_REV_COMP_GLOBAL@DF_RSGLOBAL(2.1),A comparative table of countries in the global database,I,NGA,Nigeria,TAX_REV,Tax revenue,S13,General government,_T,Total tax revenue,_T,Total,PT_B1GQ,Percentage of GDP,A,Annual,2016,,5.303,,A,Normal value,0,Units,TOTALTAX,,1,One,_Z,Not applicable
DATAFLOW,OECD.CTP.TPS:DSD_REV_COMP_GLOBAL@DF_RSGLOBAL(2.1),A comparative table of countries in the global database,I,NGA,Nigeria,TAX_REV,Tax revenue,S13,General government,_T,Total tax revenue,_T,Total,PT_B1GQ,Percentage of GDP,A,Annual,2015,,6.077,,A,Normal value,0,Units,TOTALTAX,,1,One,_Z,Not applicable
DATAFLOW,OECD.CTP.TPS:DSD_REV_COMP_GLOBAL@DF_RSGLOBAL(2.1),A comparative table of countries in the global database,I,NGA,Nigeria,TAX_REV,Tax revenue,S13,General government,_T,Total tax revenue,_T,Total,PT_B1GQ,Percentage of GDP,A,Annual,2014,,7.665,,A,Normal value,0,Units,TOTALTAX,,1,One,_Z,Not applicable
DATAFLOW,OECD.CTP.TPS:DSD_REV_COMP_GLOBAL@DF_RSGLOBAL(2.1),A comparative table of countries in the global database,I,NER,Niger,TAX_REV,Tax revenue,S13,General government,_T,Total tax revenue,_T,Total,PT_B1GQ,Percentage of GDP,A,Annual,2022,,9.584,,A,Normal value,0,Units,TOTALTAX,,1,One,_Z,Not applicable
DATAFLOW,OECD.CTP.TPS:DSD_REV_COMP_GLOBAL@DF_RSGLOBAL(2.1),A comparative table of countries in the global database,I,NER,Niger,TAX_REV,Tax revenue,S13,General government,_T,Total tax revenue,_T,Total,PT_B1GQ,Percentage of GDP,A,Annual,2021,,10.453,,A,Normal value,0,Units,TOTALTAX,,1,One,_Z,Not applicable
DATAFLOW,OECD.CTP.TPS:DSD_REV_COMP_GLOBAL@DF_RSGLOBAL(2.1),A comparative table of countries in the global database,I,NER,Niger,TAX_REV,Tax revenue,S13,General government,_T,Total tax revenue,_T,Total,PT_B1GQ,Percentage of GDP,A,Annual,2020,,9.784,,A,Normal value,0,Units,TOTALTAX,,1,One,_Z,Not applicable
DATAFLOW,OECD.CTP.TPS:DSD_REV_COMP_GLOBAL@DF_RSGLOBAL(2.1),A comparative table of countries in the global database,I,NER,Niger,TAX_REV,Tax revenue,S13,General government,_T,Total tax revenue,_T,Total,PT_B1GQ,Percentage of GDP,A,Annual,2019,,10.391,,A,Normal value,0,Units,TOTALTAX,,1,One,_Z,Not applicable
DATAFLOW,OECD.CTP.TPS:DSD_REV_COMP_GLOBAL@DF_RSGLOBAL(2.1),A comparative table of countries in the global database,I,NER,Niger,TAX_REV,Tax revenue,S13,General government,_T,Total tax revenue,_T,Total,PT_B1GQ,Percentage of GDP,A,Annual,2018,,11.198,,A,Normal value,0,Units,TOTALTAX,,1,One,_Z,Not applicable
DATAFLOW,OECD.CTP.TPS:DSD_REV_COMP_GLOBAL@DF_RSGLOBAL(2.1),A comparative table of countries in the global database,I,NER,Niger,TAX_REV,Tax revenue,S13,General government,_T,Total tax revenue,_T,Total,PT_B1GQ,Percentage of GDP,A,Annual,2017,,9.476,,A,Normal value,0,Units,TOTALTAX,,1,One,_Z,Not applicable
DATAFLOW,OECD.CTP.TPS:DSD_REV_COMP_GLOBAL@DF_RSGLOBAL(2.1),A comparative table of countries in the global database,I,NER,Niger,TAX_REV,Tax revenue,S13,General government,_T,Total tax revenue,_T,Total,PT_B1GQ,Percentage of GDP,A,Annual,2016,,10.248,,A,Normal value,0,Units,TOTALTAX,,1,One,_Z,Not applicable
DATAFLOW,OECD.CTP.TPS:DSD_REV_COMP_GLOBAL@DF_RSGLOBAL(2.1),A comparative table of countries in the global database,I,NER,Niger,TAX_REV,Tax revenue,S13,General government,_T,Total tax revenue,_T,Total,PT_B1GQ,Percentage of GDP,A,Annual,2015,,12.304,,A,Normal value,0,Units,TOTALTAX,,1,One,_Z,Not applicable
DATAFLOW,OECD.CTP.TPS:DSD_REV_COMP_GLOBAL@DF_RSGLOBAL(2.1),A comparative table of countries in the global database,I,NER,Niger,TAX_REV,Tax revenue,S13,General government,_T,Total tax revenue,_T,Total,PT_B1GQ,Percentage of GDP,A,Annual,2014,,12.146,,A,Normal value,0,Units,TOTALTAX,,1,One,_Z,Not applicable
DATAFLOW,OECD.CTP.TPS:DSD_REV_COMP_GLOBAL@DF_RSGLOBAL(2.1),A comparative table of countries in the global database,I,NIC,Nicaragua,TAX_REV,Tax revenue,S13,General government,_T,Total tax revenue,_T,Total,PT_B1GQ,Percentage of GDP,A,Annual,2023,,27.463,,A,Normal value,0,Units,TOTALTAX,,1,One,_Z,Not applicable
DATAFLOW,OECD.CTP.TPS:DSD_REV_COMP_GLOBAL@DF_RSGLOBAL(2.1),A comparative table of countries in the global database,I,NIC,Nicaragua,TAX_REV,Tax revenue,S13,General government,_T,Total tax revenue,_T,Total,PT_B1GQ,Percentage of GDP,A,Annual,2022,,27.779,,A,Normal value,0,Units,TOTALTAX,,1,One,_Z,Not applicable
DATAFLOW,OECD.CTP.TPS:DSD_REV_COMP_GLOBAL@DF_RSGLOBAL(2.1),A comparative table of countries in the global database,I,NIC,Nicaragua,TAX_REV,Tax revenue,S13,General government,_T,Total tax revenue,_T,Total,PT_B1GQ,Percentage of GDP,A,Annual,2021,,27.037,,A,Normal value,0,Units,TOTALTAX,,1,One,_Z,Not applicable
DATAFLOW,OECD.CTP.TPS:DSD_REV_COMP_GLOBAL@DF_RSGLOBAL(2.1),A comparative table of countries in the global database,I,NIC,Nicaragua,TAX_REV,Tax revenue,S13,General government,_T,Total tax revenue,_T,Total,PT_B1GQ,Percentage of GDP,A,Annual,2020,,25.413,,A,Normal value,0,Units,TOTALTAX,,1,One,_Z,Not applicable
DATAFLOW,OECD.CTP.TPS:DSD_REV_COMP_GLOBAL@DF_RSGLOBAL(2.1),A comparative table of countries in the global database,I,NIC,Nicaragua,TAX_REV,Tax revenue,S13,General government,_T,Total tax revenue,_T,Total,PT_B1GQ,Percentage of GDP,A,Annual,2019,,25.518,,A,Normal value,0,Units,TOTALTAX,,1,One,_Z,Not applicable
DATAFLOW,OECD.CTP.TPS:DSD_REV_COMP_GLOBAL@DF_RSGLOBAL(2.1),A comparative table of countries in the global database,I,NIC,Nicaragua,TAX_REV,Tax revenue,S13,General government,_T,Total tax revenue,_T,Total,PT_B1GQ,Percentage of GDP,A,Annual,2018,,23.227,,A,Normal value,0,Units,TOTALTAX,,1,One,_Z,Not applicable
DATAFLOW,OECD.CTP.TPS:DSD_REV_COMP_GLOBAL@DF_RSGLOBAL(2.1),A comparative table of countries in the global database,I,NIC,Nicaragua,TAX_REV,Tax revenue,S13,General government,_T,Total tax revenue,_T,Total,PT_B1GQ,Percentage of GDP,A,Annual,2017,,23.849,,A,Normal value,0,Units,TOTALTAX,,1,One,_Z,Not applicable
DATAFLOW,OECD.CTP.TPS:DSD_REV_COMP_GLOBAL@DF_RSGLOBAL(2.1),A comparative table of countries in the global database,I,NIC,Nicaragua,TAX_REV,Tax revenue,S13,General government,_T,Total tax revenue,_T,Total,PT_B1GQ,Percentage of GDP,A,Annual,2016,,23.269,,A,Normal value,0,Units,TOTALTAX,,1,One,_Z,Not applicable
DATAFLOW,OECD.CTP.TPS:DSD_REV_COMP_GLOBAL@DF_RSGLOBAL(2.1),A comparative table of countries in the global database,I,NIC,Nicaragua,TAX_REV,Tax revenue,S13,General government,_T,Total tax revenue,_T,Total,PT_B1GQ,Percentage of GDP,A,Annual,2015,,22.308,,A,Normal value,0,Units,TOTALTAX,,1,One,_Z,Not applicable
DATAFLOW,OECD.CTP.TPS:DSD_REV_COMP_GLOBAL@DF_RSGLOBAL(2.1),A comparative table of countries in the global database,I,NIC,Nicaragua,TAX_REV,Tax revenue,S13,General government,_T,Total tax revenue,_T,Total,PT_B1GQ,Percentage of GDP,A,Annual,2014,,21.763,,A,Normal value,0,Units,TOTALTAX,,1,One,_Z,Not applicable
DATAFLOW,OECD.CTP.TPS:DSD_REV_COMP_GLOBAL@DF_RSGLOBAL(2.1),A comparative table of countries in the global database,I,NRU,Nauru,TAX_REV,Tax revenue,S13,General government,_T,Total tax revenue,_T,Total,PT_B1GQ,Percentage of GDP,A,Annual,2023,,19.005,,A,Normal value,0,Units,TOTALTAX,,1,One,_Z,Not applicable
DATAFLOW,OECD.CTP.TPS:DSD_REV_COMP_GLOBAL@DF_RSGLOBAL(2.1),A comparative table of countries in the global database,I,NRU,Nauru,TAX_REV,Tax revenue,S13,General government,_T,Total tax revenue,_T,Total,PT_B1GQ,Percentage of GDP,A,Annual,2022,,29.154,,A,Normal value,0,Units,TOTALTAX,,1,One,_Z,Not applicable
DATAFLOW,OECD.CTP.TPS:DSD_REV_COMP_GLOBAL@DF_RSGLOBAL(2.1),A comparative table of countries in the global database,I,NRU,Nauru,TAX_REV,Tax revenue,S13,General government,_T,Total tax revenue,_T,Total,PT_B1GQ,Percentage of GDP,A,Annual,2021,,35.208,,A,Normal value,0,Units,TOTALTAX,,1,One,_Z,Not applicable
DATAFLOW,OECD.CTP.TPS:DSD_REV_COMP_GLOBAL@DF_RSGLOBAL(2.1),A comparative table of countries in the global database,I,NRU,Nauru,TAX_REV,Tax revenue,S13,General government,_T,Total tax revenue,_T,Total,PT_B1GQ,Percentage of GDP,A,Annual,2020,,34.474,,A,Normal value,0,Units,TOTALTAX,,1,One,_Z,Not applicable
DATAFLOW,OECD.CTP.TPS:DSD_REV_COMP_GLOBAL@DF_RSGLOBAL(2.1),A comparative table of countries in the global database,I,NRU,Nauru,TAX_REV,Tax revenue,S13,General government,_T,Total tax revenue,_T,Total,PT_B1GQ,Percentage of GDP,A,Annual,2019,,43.022,,A,Normal value,0,Units,TOTALTAX,,1,One,_Z,Not applicable
DATAFLOW,OECD.CTP.TPS:DSD_REV_COMP_GLOBAL@DF_RSGLOBAL(2.1),A comparative table of countries in the global database,I,NRU,Nauru,TAX_REV,Tax revenue,S13,General government,_T,Total tax revenue,_T,Total,PT_B1GQ,Percentage of GDP,A,Annual,2018,,32.323,,A,Normal value,0,Units,TOTALTAX,,1,One,_Z,Not applicable
DATAFLOW,OECD.CTP.TPS:DSD_REV_COMP_GLOBAL@DF_RSGLOBAL(2.1),A comparative table of countries in the global database,I,NRU,Nauru,TAX_REV,Tax revenue,S13,General government,_T,Total tax revenue,_T,Total,PT_B1GQ,Percentage of GDP,A,Annual,2017,,24.904,,A,Normal value,0,Units,TOTALTAX,,1,One,_Z,Not applicable
DATAFLOW,OECD.CTP.TPS:DSD_REV_COMP_GLOBAL@DF_RSGLOBAL(2.1),A comparative table of countries in the global database,I,NRU,Nauru,TAX_REV,Tax revenue,S13,General government,_T,Total tax revenue,_T,Total,PT_B1GQ,Percentage of GDP,A,Annual,2016,,14.8,,A,Normal value,0,Units,TOTALTAX,,1,One,_Z,Not applicable
DATAFLOW,OECD.CTP.TPS:DSD_REV_COMP_GLOBAL@DF_RSGLOBAL(2.1),A comparative table of countries in the global database,I,NRU,Nauru,TAX_REV,Tax revenue,S13,General government,_T,Total tax revenue,_T,Total,PT_B1GQ,Percentage of GDP,A,Annual,2015,,17.989,,A,Normal value,0,Units,TOTALTAX,,1,One,_Z,Not applicable
DATAFLOW,OECD.CTP.TPS:DSD_REV_COMP_GLOBAL@DF_RSGLOBAL(2.1),A comparative table of countries in the global database,I,NRU,Nauru,TAX_REV,Tax revenue,S13,General government,_T,Total tax revenue,_T,Total,PT_B1GQ,Percentage of GDP,A,Annual,2014,,9.365,,A,Normal value,0,Units,TOTALTAX,,1,One,_Z,Not applicable
DATAFLOW,OECD.CTP.TPS:DSD_REV_COMP_GLOBAL@DF_RSGLOBAL(2.1),A comparative table of countries in the global database,I,NAM,Namibia,TAX_REV,Tax revenue,S13,General government,_T,Total tax revenue,_T,Total,PT_B1GQ,Percentage of GDP,A,Annual,2022,,19.704,,A,Normal value,0,Units,TOTALTAX,,1,One,_Z,Not applicable
DATAFLOW,OECD.CTP.TPS:DSD_REV_COMP_GLOBAL@DF_RSGLOBAL(2.1),A comparative table of countries in the global database,I,NAM,Namibia,TAX_REV,Tax revenue,S13,General government,_T,Total tax revenue,_T,Total,PT_B1GQ,Percentage of GDP,A,Annual,2021,,19.452,,A,Normal value,0,Units,TOTALTAX,,1,One,_Z,Not applicable
DATAFLOW,OECD.CTP.TPS:DSD_REV_COMP_GLOBAL@DF_RSGLOBAL(2.1),A comparative table of countries in the global database,I,NAM,Namibia,TAX_REV,Tax revenue,S13,General government,_T,Total tax revenue,_T,Total,PT_B1GQ,Percentage of GDP,A,Annual,2020,,18.544,,A,Normal value,0,Units,TOTALTAX,,1,One,_Z,Not applicable
DATAFLOW,OECD.CTP.TPS:DSD_REV_COMP_GLOBAL@DF_RSGLOBAL(2.1),A comparative table of countries in the global database,I,NAM,Namibia,TAX_REV,Tax revenue,S13,General government,_T,Total tax revenue,_T,Total,PT_B1GQ,Percentage of GDP,A,Annual,2019,,20.197,,A,Normal value,0,Units,TOTALTAX,,1,One,_Z,Not applicable
DATAFLOW,OECD.CTP.TPS:DSD_REV_COMP_GLOBAL@DF_RSGLOBAL(2.1),A comparative table of countries in the global database,I,NAM,Namibia,TAX_REV,Tax revenue,S13,General government,_T,Total tax revenue,_T,Total,PT_B1GQ,Percentage of GDP,A,Annual,2018,,19.419,,A,Normal value,0,Units,TOTALTAX,,1,One,_Z,Not applicable
DATAFLOW,OECD.CTP.TPS:DSD_REV_COMP_GLOBAL@DF_RSGLOBAL(2.1),A comparative table of countries in the global database,I,NAM,Namibia,TAX_REV,Tax revenue,S13,General government,_T,Total tax revenue,_T,Total,PT_B1GQ,Percentage of GDP,A,Annual,2017,,20.406,,A,Normal value,0,Units,TOTALTAX,,1,One,_Z,Not applicable
DATAFLOW,OECD.CTP.TPS:DSD_REV_COMP_GLOBAL@DF_RSGLOBAL(2.1),A comparative table of countries in the global database,I,NAM,Namibia,TAX_REV,Tax revenue,S13,General government,_T,Total tax revenue,_T,Total,PT_B1GQ,Percentage of GDP,A,Annual,2016,,21.122,,A,Normal value,0,Units,TOTALTAX,,1,One,_Z,Not applicable
DATAFLOW,OECD.CTP.TPS:DSD_REV_COMP_GLOBAL@DF_RSGLOBAL(2.1),A comparative table of countries in the global database,I,NAM,Namibia,TAX_REV,Tax revenue,S13,General government,_T,Total tax revenue,_T,Total,PT_B1GQ,Percentage of GDP,A,Annual,2015,,21.467,,A,Normal value,0,Units,TOTALTAX,,1,One,_Z,Not applicable
DATAFLOW,OECD.CTP.TPS:DSD_REV_COMP_GLOBAL@DF_RSGLOBAL(2.1),A comparative table of countries in the global database,I,NAM,Namibia,TAX_REV,Tax revenue,S13,General government,_T,Total tax revenue,_T,Total,PT_B1GQ,Percentage of GDP,A,Annual,2014,,21.126,,A,Normal value,0,Units,TOTALTAX,,1,One,_Z,Not applicable
DATAFLOW,OECD.CTP.TPS:DSD_REV_COMP_GLOBAL@DF_RSGLOBAL(2.1),A comparative table of countries in the global database,I,MOZ,Mozambique,TAX_REV,Tax revenue,S13,General government,_T,Total tax revenue,_T,Total,PT_B1GQ,Percentage of GDP,A,Annual,2022,,21.837,,A,Normal value,0,Units,TOTALTAX,,1,One,_Z,Not applicable
DATAFLOW,OECD.CTP.TPS:DSD_REV_COMP_GLOBAL@DF_RSGLOBAL(2.1),A comparative table of countries in the global database,I,MOZ,Mozambique,TAX_REV,Tax revenue,S13,General government,_T,Total tax revenue,_T,Total,PT_B1GQ,Percentage of GDP,A,Annual,2021,,22.673,,A,Normal value,0,Units,TOTALTAX,,1,One,_Z,Not applicable
DATAFLOW,OECD.CTP.TPS:DSD_REV_COMP_GLOBAL@DF_RSGLOBAL(2.1),A comparative table of countries in the global database,I,MOZ,Mozambique,TAX_REV,Tax revenue,S13,General government,_T,Total tax revenue,_T,Total,PT_B1GQ,Percentage of GDP,A,Annual,2020,,20.676,,A,Normal value,0,Units,TOTALTAX,,1,One,_Z,Not applicable
DATAFLOW,OECD.CTP.TPS:DSD_REV_COMP_GLOBAL@DF_RSGLOBAL(2.1),A comparative table of countries in the global database,I,MOZ,Mozambique,TAX_REV,Tax revenue,S13,General government,_T,Total tax revenue,_T,Total,PT_B1GQ,Percentage of GDP,A,Annual,2019,,21.005,,A,Normal value,0,Units,TOTALTAX,,1,One,_Z,Not applicable
DATAFLOW,OECD.CTP.TPS:DSD_REV_COMP_GLOBAL@DF_RSGLOBAL(2.1),A comparative table of countries in the global database,I,MOZ,Mozambique,TAX_REV,Tax revenue,S13,General government,_T,Total tax revenue,_T,Total,PT_B1GQ,Percentage of GDP,A,Annual,2018,,21.192,,A,Normal value,0,Units,TOTALTAX,,1,One,_Z,Not applicable
DATAFLOW,OECD.CTP.TPS:DSD_REV_COMP_GLOBAL@DF_RSGLOBAL(2.1),A comparative table of countries in the global database,I,MOZ,Mozambique,TAX_REV,Tax revenue,S13,General government,_T,Total tax revenue,_T,Total,PT_B1GQ,Percentage of GDP,A,Annual,2017,,19.424,,A,Normal value,0,Units,TOTALTAX,,1,One,_Z,Not applicable
DATAFLOW,OECD.CTP.TPS:DSD_REV_COMP_GLOBAL@DF_RSGLOBAL(2.1),A comparative table of countries in the global database,I,MOZ,Mozambique,TAX_REV,Tax revenue,S13,General government,_T,Total tax revenue,_T,Total,PT_B1GQ,Percentage of GDP,A,Annual,2016,,24.996,,A,Normal value,0,Units,TOTALTAX,,1,One,_Z,Not applicable
DATAFLOW,OECD.CTP.TPS:DSD_REV_COMP_GLOBAL@DF_RSGLOBAL(2.1),A comparative table of countries in the global database,I,MOZ,Mozambique,TAX_REV,Tax revenue,S13,General government,_T,Total tax revenue,_T,Total,PT_B1GQ,Percentage of GDP,A,Annual,2015,,31.679,,A,Normal value,0,Units,TOTALTAX,,1,One,_Z,Not applicable
DATAFLOW,OECD.CTP.TPS:DSD_REV_COMP_GLOBAL@DF_RSGLOBAL(2.1),A comparative table of countries in the global database,I,MOZ,Mozambique,TAX_REV,Tax revenue,S13,General government,_T,Total tax revenue,_T,Total,PT_B1GQ,Percentage of GDP,A,Annual,2014,,34.343,,A,Normal value,0,Units,TOTALTAX,,1,One,_Z,Not applicable
DATAFLOW,OECD.CTP.TPS:DSD_REV_COMP_GLOBAL@DF_RSGLOBAL(2.1),A comparative table of countries in the global database,I,MAR,Morocco,TAX_REV,Tax revenue,S13,General government,_T,Total tax revenue,_T,Total,PT_B1GQ,Percentage of GDP,A,Annual,2022,,29.917,,A,Normal value,0,Units,TOTALTAX,,1,One,_Z,Not applicable
DATAFLOW,OECD.CTP.TPS:DSD_REV_COMP_GLOBAL@DF_RSGLOBAL(2.1),A comparative table of countries in the global database,I,MAR,Morocco,TAX_REV,Tax revenue,S13,General government,_T,Total tax revenue,_T,Total,PT_B1GQ,Percentage of GDP,A,Annual,2021,,27.253,,A,Normal value,0,Units,TOTALTAX,,1,One,_Z,Not applicable
DATAFLOW,OECD.CTP.TPS:DSD_REV_COMP_GLOBAL@DF_RSGLOBAL(2.1),A comparative table of countries in the global database,I,MAR,Morocco,TAX_REV,Tax revenue,S13,General government,_T,Total tax revenue,_T,Total,PT_B1GQ,Percentage of GDP,A,Annual,2020,,27.275,,A,Normal value,0,Units,TOTALTAX,,1,One,_Z,Not applicable
DATAFLOW,OECD.CTP.TPS:DSD_REV_COMP_GLOBAL@DF_RSGLOBAL(2.1),A comparative table of countries in the global database,I,MAR,Morocco,TAX_REV,Tax revenue,S13,General government,_T,Total tax revenue,_T,Total,PT_B1GQ,Percentage of GDP,A,Annual,2019,,26.402,,A,Normal value,0,Units,TOTALTAX,,1,One,_Z,Not applicable
DATAFLOW,OECD.CTP.TPS:DSD_REV_COMP_GLOBAL@DF_RSGLOBAL(2.1),A comparative table of countries in the global database,I,FJI,Fiji,TAX_REV,Tax revenue,S13,General government,_T,Total tax revenue,_T,Total,PT_B1GQ,Percentage of GDP,A,Annual,2023,,20.463,,A,Normal value,0,Units,TOTALTAX,,1,One,_Z,Not applicable
DATAFLOW,OECD.CTP.TPS:DSD_REV_COMP_GLOBAL@DF_RSGLOBAL(2.1),A comparative table of countries in the global database,I,FJI,Fiji,TAX_REV,Tax revenue,S13,General government,_T,Total tax revenue,_T,Total,PT_B1GQ,Percentage of GDP,A,Annual,2022,,17.917,,A,Normal value,0,Units,TOTALTAX,,1,One,_Z,Not applicable
DATAFLOW,OECD.CTP.TPS:DSD_REV_COMP_GLOBAL@DF_RSGLOBAL(2.1),A comparative table of countries in the global database,I,FJI,Fiji,TAX_REV,Tax revenue,S13,General government,_T,Total tax revenue,_T,Total,PT_B1GQ,Percentage of GDP,A,Annual,2021,,15.101,,A,Normal value,0,Units,TOTALTAX,,1,One,_Z,Not applicable
DATAFLOW,OECD.CTP.TPS:DSD_REV_COMP_GLOBAL@DF_RSGLOBAL(2.1),A comparative table of countries in the global database,I,FJI,Fiji,TAX_REV,Tax revenue,S13,General government,_T,Total tax revenue,_T,Total,PT_B1GQ,Percentage of GDP,A,Annual,2020,,16.72,,A,Normal value,0,Units,TOTALTAX,,1,One,_Z,Not applicable
DATAFLOW,OECD.CTP.TPS:DSD_REV_COMP_GLOBAL@DF_RSGLOBAL(2.1),A comparative table of countries in the global database,I,FJI,Fiji,TAX_REV,Tax revenue,S13,General government,_T,Total tax revenue,_T,Total,PT_B1GQ,Percentage of GDP,A,Annual,2019,,22.434,,A,Normal value,0,Units,TOTALTAX,,1,One,_Z,Not applicable
DATAFLOW,OECD.CTP.TPS:DSD_REV_COMP_GLOBAL@DF_RSGLOBAL(2.1),A comparative table of countries in the global database,I,FJI,Fiji,TAX_REV,Tax revenue,S13,General government,_T,Total tax revenue,_T,Total,PT_B1GQ,Percentage of GDP,A,Annual,2018,,23.513,,A,Normal value,0,Units,TOTALTAX,,1,One,_Z,Not applicable
DATAFLOW,OECD.CTP.TPS:DSD_REV_COMP_GLOBAL@DF_RSGLOBAL(2.1),A comparative table of countries in the global database,I,FJI,Fiji,TAX_REV,Tax revenue,S13,General government,_T,Total tax revenue,_T,Total,PT_B1GQ,Percentage of GDP,A,Annual,2017,,24.216,,A,Normal value,0,Units,TOTALTAX,,1,One,_Z,Not applicable
DATAFLOW,OECD.CTP.TPS:DSD_REV_COMP_GLOBAL@DF_RSGLOBAL(2.1),A comparative table of countries in the global database,I,FJI,Fiji,TAX_REV,Tax revenue,S13,General government,_T,Total tax revenue,_T,Total,PT_B1GQ,Percentage of GDP,A,Annual,2016,,23.107,,A,Normal value,0,Units,TOTALTAX,,1,One,_Z,Not applicable
DATAFLOW,OECD.CTP.TPS:DSD_REV_COMP_GLOBAL@DF_RSGLOBAL(2.1),A comparative table of countries in the global database,I,FJI,Fiji,TAX_REV,Tax revenue,S13,General government,_T,Total tax revenue,_T,Total,PT_B1GQ,Percentage of GDP,A,Annual,2015,,23.605,,A,Normal value,0,Units,TOTALTAX,,1,One,_Z,Not applicable
DATAFLOW,OECD.CTP.TPS:DSD_REV_COMP_GLOBAL@DF_RSGLOBAL(2.1),A comparative table of countries in the global database,I,FJI,Fiji,TAX_REV,Tax revenue,S13,General government,_T,Total tax revenue,_T,Total,PT_B1GQ,Percentage of GDP,A,Annual,2014,,22.691,,A,Normal value,0,Units,TOTALTAX,,1,One,_Z,Not applicable
DATAFLOW,OECD.CTP.TPS:DSD_REV_COMP_GLOBAL@DF_RSGLOBAL(2.1),A comparative table of countries in the global database,I,UKR,Ukraine,TAX_REV,Tax revenue,S13,General government,_T,Total tax revenue,_T,Total,PT_B1GQ,Percentage of GDP,A,Annual,2023,,31.369,,A,Normal value,0,Units,TOTALTAX,,1,One,_Z,Not applicable
DATAFLOW,OECD.CTP.TPS:DSD_REV_COMP_GLOBAL@DF_RSGLOBAL(2.1),A comparative table of countries in the global database,I,UKR,Ukraine,TAX_REV,Tax revenue,S13,General government,_T,Total tax revenue,_T,Total,PT_B1GQ,Percentage of GDP,A,Annual,2022,,31.976,,A,Normal value,0,Units,TOTALTAX,,1,One,_Z,Not applicable
DATAFLOW,OECD.CTP.TPS:DSD_REV_COMP_GLOBAL@DF_RSGLOBAL(2.1),A comparative table of countries in the global database,I,UKR,Ukraine,TAX_REV,Tax revenue,S13,General government,_T,Total tax revenue,_T,Total,PT_B1GQ,Percentage of GDP,A,Annual,2021,,31.485,,A,Normal value,0,Units,TOTALTAX,,1,One,_Z,Not applicable
DATAFLOW,OECD.CTP.TPS:DSD_REV_COMP_GLOBAL@DF_RSGLOBAL(2.1),A comparative table of countries in the global database,I,UKR,Ukraine,TAX_REV,Tax revenue,S13,General government,_T,Total tax revenue,_T,Total,PT_B1GQ,Percentage of GDP,A,Annual,2020,,32.587,,A,Normal value,0,Units,TOTALTAX,,1,One,_Z,Not applicable
DATAFLOW,OECD.CTP.TPS:DSD_REV_COMP_GLOBAL@DF_RSGLOBAL(2.1),A comparative table of countries in the global database,I,UKR,Ukraine,TAX_REV,Tax revenue,S13,General government,_T,Total tax revenue,_T,Total,PT_B1GQ,Percentage of GDP,A,Annual,2019,,32.507,,A,Normal value,0,Units,TOTALTAX,,1,One,_Z,Not applicable
DATAFLOW,OECD.CTP.TPS:DSD_REV_COMP_GLOBAL@DF_RSGLOBAL(2.1),A comparative table of countries in the global database,I,UKR,Ukraine,TAX_REV,Tax revenue,S13,General government,_T,Total tax revenue,_T,Total,PT_B1GQ,Percentage of GDP,A,Annual,2018,,32.957,,A,Normal value,0,Units,TOTALTAX,,1,One,_Z,Not applicable
DATAFLOW,OECD.CTP.TPS:DSD_REV_COMP_GLOBAL@DF_RSGLOBAL(2.1),A comparative table of countries in the global database,I,UKR,Ukraine,TAX_REV,Tax revenue,S13,General government,_T,Total tax revenue,_T,Total,PT_B1GQ,Percentage of GDP,A,Annual,2017,,32.169,,A,Normal value,0,Units,TOTALTAX,,1,One,_Z,Not applicable
DATAFLOW,OECD.CTP.TPS:DSD_REV_COMP_GLOBAL@DF_RSGLOBAL(2.1),A comparative table of countries in the global database,I,UKR,Ukraine,TAX_REV,Tax revenue,S13,General government,_T,Total tax revenue,_T,Total,PT_B1GQ,Percentage of GDP,A,Annual,2016,,30.901,,A,Normal value,0,Units,TOTALTAX,,1,One,_Z,Not applicable
DATAFLOW,OECD.CTP.TPS:DSD_REV_COMP_GLOBAL@DF_RSGLOBAL(2.1),A comparative table of countries in the global database,I,UKR,Ukraine,TAX_REV,Tax revenue,S13,General government,_T,Total tax revenue,_T,Total,PT_B1GQ,Percentage of GDP,A,Annual,2015,,33.263,,A,Normal value,0,Units,TOTALTAX,,1,One,_Z,Not applicable
DATAFLOW,OECD.CTP.TPS:DSD_REV_COMP_GLOBAL@DF_RSGLOBAL(2.1),A comparative table of countries in the global database,I,UKR,Ukraine,TAX_REV,Tax revenue,S13,General government,_T,Total tax revenue,_T,Total,PT_B1GQ,Percentage of GDP,A,Annual,2014,,32.374,,A,Normal value,0,Units,TOTALTAX,,1,One,_Z,Not applicable
DATAFLOW,OECD.CTP.TPS:DSD_REV_COMP_GLOBAL@DF_RSGLOBAL(2.1),A comparative table of countries in the global database,I,HKG,Hong Kong (China),TAX_REV,Tax revenue,S13,General government,_T,Total tax revenue,_T,Total,PT_B1GQ,Percentage of GDP,A,Annual,2023,,13.087,,A,Normal value,0,Units,TOTALTAX,,1,One,_Z,Not applicable
DATAFLOW,OECD.CTP.TPS:DSD_REV_COMP_GLOBAL@DF_RSGLOBAL(2.1),A comparative table of countries in the global database,I,HKG,Hong Kong (China),TAX_REV,Tax revenue,S13,General government,_T,Total tax revenue,_T,Total,PT_B1GQ,Percentage of GDP,A,Annual,2022,,14.143,,A,Normal value,0,Units,TOTALTAX,,1,One,_Z,Not applicable
DATAFLOW,OECD.CTP.TPS:DSD_REV_COMP_GLOBAL@DF_RSGLOBAL(2.1),A comparative table of countries in the global database,I,HKG,Hong Kong (China),TAX_REV,Tax revenue,S13,General government,_T,Total tax revenue,_T,Total,PT_B1GQ,Percentage of GDP,A,Annual,2021,,14.603,,A,Normal value,0,Units,TOTALTAX,,1,One,_Z,Not applicable
DATAFLOW,OECD.CTP.TPS:DSD_REV_COMP_GLOBAL@DF_RSGLOBAL(2.1),A comparative table of countries in the global database,I,HKG,Hong Kong (China),TAX_REV,Tax revenue,S13,General government,_T,Total tax revenue,_T,Total,PT_B1GQ,Percentage of GDP,A,Annual,2020,,13.788,,A,Normal value,0,Units,TOTALTAX,,1,One,_Z,Not applicable
DATAFLOW,OECD.CTP.TPS:DSD_REV_COMP_GLOBAL@DF_RSGLOBAL(2.1),A comparative table of countries in the global database,I,HKG,Hong Kong (China),TAX_REV,Tax revenue,S13,General government,_T,Total tax revenue,_T,Total,PT_B1GQ,Percentage of GDP,A,Annual,2019,,12.179,,A,Normal value,0,Units,TOTALTAX,,1,One,_Z,Not applicable
DATAFLOW,OECD.CTP.TPS:DSD_REV_COMP_GLOBAL@DF_RSGLOBAL(2.1),A comparative table of countries in the global database,I,HKG,Hong Kong (China),TAX_REV,Tax revenue,S13,General government,_T,Total tax revenue,_T,Total,PT_B1GQ,Percentage of GDP,A,Annual,2018,,13.497,,A,Normal value,0,Units,TOTALTAX,,1,One,_Z,Not applicable
DATAFLOW,OECD.CTP.TPS:DSD_REV_COMP_GLOBAL@DF_RSGLOBAL(2.1),A comparative table of countries in the global database,I,HKG,Hong Kong (China),TAX_REV,Tax revenue,S13,General government,_T,Total tax revenue,_T,Total,PT_B1GQ,Percentage of GDP,A,Annual,2017,,14.067,,A,Normal value,0,Units,TOTALTAX,,1,One,_Z,Not applicable
DATAFLOW,OECD.CTP.TPS:DSD_REV_COMP_GLOBAL@DF_RSGLOBAL(2.1),A comparative table of countries in the global database,I,HKG,Hong Kong (China),TAX_REV,Tax revenue,S13,General government,_T,Total tax revenue,_T,Total,PT_B1GQ,Percentage of GDP,A,Annual,2016,,13.744,,A,Normal value,0,Units,TOTALTAX,,1,One,_Z,Not applicable
DATAFLOW,OECD.CTP.TPS:DSD_REV_COMP_GLOBAL@DF_RSGLOBAL(2.1),A comparative table of countries in the global database,I,HKG,Hong Kong (China),TAX_REV,Tax revenue,S13,General government,_T,Total tax revenue,_T,Total,PT_B1GQ,Percentage of GDP,A,Annual,2015,,14.266,,A,Normal value,0,Units,TOTALTAX,,1,One,_Z,Not applicable
DATAFLOW,OECD.CTP.TPS:DSD_REV_COMP_GLOBAL@DF_RSGLOBAL(2.1),A comparative table of countries in the global database,I,HKG,Hong Kong (China),TAX_REV,Tax revenue,S13,General government,_T,Total tax revenue,_T,Total,PT_B1GQ,Percentage of GDP,A,Annual,2014,,15.417,,A,Normal value,0,Units,TOTALTAX,,1,One,_Z,Not applicable
DATAFLOW,OECD.CTP.TPS:DSD_REV_COMP_GLOBAL@DF_RSGLOBAL(2.1),A comparative table of countries in the global database,I,LAO,Lao People’s Democratic Republic,TAX_REV,Tax revenue,S13,General government,_T,Total tax revenue,_T,Total,PT_B1GQ,Percentage of GDP,A,Annual,2023,,10.993,,A,Normal value,0,Units,TOTALTAX,,1,One,_Z,Not applicable
DATAFLOW,OECD.CTP.TPS:DSD_REV_COMP_GLOBAL@DF_RSGLOBAL(2.1),A comparative table of countries in the global database,I,LAO,Lao People’s Democratic Republic,TAX_REV,Tax revenue,S13,General government,_T,Total tax revenue,_T,Total,PT_B1GQ,Percentage of GDP,A,Annual,2022,,10.321,,A,Normal value,0,Units,TOTALTAX,,1,One,_Z,Not applicable
DATAFLOW,OECD.CTP.TPS:DSD_REV_COMP_GLOBAL@DF_RSGLOBAL(2.1),A comparative table of countries in the global database,I,LAO,Lao People’s Democratic Republic,TAX_REV,Tax revenue,S13,General government,_T,Total tax revenue,_T,Total,PT_B1GQ,Percentage of GDP,A,Annual,2021,,9.603,,A,Normal value,0,Units,TOTALTAX,,1,One,_Z,Not applicable
DATAFLOW,OECD.CTP.TPS:DSD_REV_COMP_GLOBAL@DF_RSGLOBAL(2.1),A comparative table of countries in the global database,I,LAO,Lao People’s Democratic Republic,TAX_REV,Tax revenue,S13,General government,_T,Total tax revenue,_T,Total,PT_B1GQ,Percentage of GDP,A,Annual,2020,,9.171,,A,Normal value,0,Units,TOTALTAX,,1,One,_Z,Not applicable
DATAFLOW,OECD.CTP.TPS:DSD_REV_COMP_GLOBAL@DF_RSGLOBAL(2.1),A comparative table of countries in the global database,I,LAO,Lao People’s Democratic Republic,TAX_REV,Tax revenue,S13,General government,_T,Total tax revenue,_T,Total,PT_B1GQ,Percentage of GDP,A,Annual,2019,,10.538,,A,Normal value,0,Units,TOTALTAX,,1,One,_Z,Not applicable
DATAFLOW,OECD.CTP.TPS:DSD_REV_COMP_GLOBAL@DF_RSGLOBAL(2.1),A comparative table of countries in the global database,I,LAO,Lao People’s Democratic Republic,TAX_REV,Tax revenue,S13,General government,_T,Total tax revenue,_T,Total,PT_B1GQ,Percentage of GDP,A,Annual,2018,,10.868,,A,Normal value,0,Units,TOTALTAX,,1,One,_Z,Not applicable
DATAFLOW,OECD.CTP.TPS:DSD_REV_COMP_GLOBAL@DF_RSGLOBAL(2.1),A comparative table of countries in the global database,I,LAO,Lao People’s Democratic Republic,TAX_REV,Tax revenue,S13,General government,_T,Total tax revenue,_T,Total,PT_B1GQ,Percentage of GDP,A,Annual,2017,,11.039,,A,Normal value,0,Units,TOTALTAX,,1,One,_Z,Not applicable
DATAFLOW,OECD.CTP.TPS:DSD_REV_COMP_GLOBAL@DF_RSGLOBAL(2.1),A comparative table of countries in the global database,I,LAO,Lao People’s Democratic Republic,TAX_REV,Tax revenue,S13,General government,_T,Total tax revenue,_T,Total,PT_B1GQ,Percentage of GDP,A,Annual,2016,,11.907,,A,Normal value,0,Units,TOTALTAX,,1,One,_Z,Not applicable
DATAFLOW,OECD.CTP.TPS:DSD_REV_COMP_GLOBAL@DF_RSGLOBAL(2.1),A comparative table of countries in the global database,I,LAO,Lao People’s Democratic Republic,TAX_REV,Tax revenue,S13,General government,_T,Total tax revenue,_T,Total,PT_B1GQ,Percentage of GDP,A,Annual,2015,,12.553,,A,Normal value,0,Units,TOTALTAX,,1,One,_Z,Not applicable
DATAFLOW,OECD.CTP.TPS:DSD_REV_COMP_GLOBAL@DF_RSGLOBAL(2.1),A comparative table of countries in the global database,I,LAO,Lao People’s Democratic Republic,TAX_REV,Tax revenue,S13,General government,_T,Total tax revenue,_T,Total,PT_B1GQ,Percentage of GDP,A,Annual,2014,,12.285,,A,Normal value,0,Units,TOTALTAX,,1,One,_Z,Not applicable
DATAFLOW,OECD.CTP.TPS:DSD_REV_COMP_GLOBAL@DF_RSGLOBAL(2.1),A comparative table of countries in the global database,I,MWI,Malawi,TAX_REV,Tax revenue,S13,General government,_T,Total tax revenue,_T,Total,PT_B1GQ,Percentage of GDP,A,Annual,2022,,12.521,,A,Normal value,0,Units,TOTALTAX,,1,One,_Z,Not applicable
DATAFLOW,OECD.CTP.TPS:DSD_REV_COMP_GLOBAL@DF_RSGLOBAL(2.1),A comparative table of countries in the global database,I,MWI,Malawi,TAX_REV,Tax revenue,S13,General government,_T,Total tax revenue,_T,Total,PT_B1GQ,Percentage of GDP,A,Annual,2021,,12.351,,A,Normal value,0,Units,TOTALTAX,,1,One,_Z,Not applicable
DATAFLOW,OECD.CTP.TPS:DSD_REV_COMP_GLOBAL@DF_RSGLOBAL(2.1),A comparative table of countries in the global database,I,MWI,Malawi,TAX_REV,Tax revenue,S13,General government,_T,Total tax revenue,_T,Total,PT_B1GQ,Percentage of GDP,A,Annual,2020,,12.573,,A,Normal value,0,Units,TOTALTAX,,1,One,_Z,Not applicable
DATAFLOW,OECD.CTP.TPS:DSD_REV_COMP_GLOBAL@DF_RSGLOBAL(2.1),A comparative table of countries in the global database,I,MWI,Malawi,TAX_REV,Tax revenue,S13,General government,_T,Total tax revenue,_T,Total,PT_B1GQ,Percentage of GDP,A,Annual,2019,,12.538,,A,Normal value,0,Units,TOTALTAX,,1,One,_Z,Not applicable
DATAFLOW,OECD.CTP.TPS:DSD_REV_COMP_GLOBAL@DF_RSGLOBAL(2.1),A comparative table of countries in the global database,I,MWI,Malawi,TAX_REV,Tax revenue,S13,General government,_T,Total tax revenue,_T,Total,PT_B1GQ,Percentage of GDP,A,Annual,2018,,12.797,,A,Normal value,0,Units,TOTALTAX,,1,One,_Z,Not applicable
DATAFLOW,OECD.CTP.TPS:DSD_REV_COMP_GLOBAL@DF_RSGLOBAL(2.1),A comparative table of countries in the global database,I,MWI,Malawi,TAX_REV,Tax revenue,S13,General government,_T,Total tax revenue,_T,Total,PT_B1GQ,Percentage of GDP,A,Annual,2017,,13.172,,A,Normal value,0,Units,TOTALTAX,,1,One,_Z,Not applicable
DATAFLOW,OECD.CTP.TPS:DSD_REV_COMP_GLOBAL@DF_RSGLOBAL(2.1),A comparative table of countries in the global database,I,MWI,Malawi,TAX_REV,Tax revenue,S13,General government,_T,Total tax revenue,_T,Total,PT_B1GQ,Percentage of GDP,A,Annual,2016,,12.018,,A,Normal value,0,Units,TOTALTAX,,1,One,_Z,Not applicable
DATAFLOW,OECD.CTP.TPS:DSD_REV_COMP_GLOBAL@DF_RSGLOBAL(2.1),A comparative table of countries in the global database,I,MWI,Malawi,TAX_REV,Tax revenue,S13,General government,_T,Total tax revenue,_T,Total,PT_B1GQ,Percentage of GDP,A,Annual,2015,,11.951,,A,Normal value,0,Units,TOTALTAX,,1,One,_Z,Not applicable
DATAFLOW,OECD.CTP.TPS:DSD_REV_COMP_GLOBAL@DF_RSGLOBAL(2.1),A comparative table of countries in the global database,I,MWI,Malawi,TAX_REV,Tax revenue,S13,General government,_T,Total tax revenue,_T,Total,PT_B1GQ,Percentage of GDP,A,Annual,2014,,12.697,,A,Normal value,0,Units,TOTALTAX,,1,One,_Z,Not applicable
DATAFLOW,OECD.CTP.TPS:DSD_REV_COMP_GLOBAL@DF_RSGLOBAL(2.1),A comparative table of countries in the global database,I,ZMB,Zambia,TAX_REV,Tax revenue,S13,General government,_T,Total tax revenue,_T,Total,PT_B1GQ,Percentage of GDP,A,Annual,2022,,16.158,,A,Normal value,0,Units,TOTALTAX,,1,One,_Z,Not applicable
DATAFLOW,OECD.CTP.TPS:DSD_REV_COMP_GLOBAL@DF_RSGLOBAL(2.1),A comparative table of countries in the global database,I,ZMB,Zambia,TAX_REV,Tax revenue,S13,General government,_T,Total tax revenue,_T,Total,PT_B1GQ,Percentage of GDP,A,Annual,2021,,16.15,,A,Normal value,0,Units,TOTALTAX,,1,One,_Z,Not applicable
DATAFLOW,OECD.CTP.TPS:DSD_REV_COMP_GLOBAL@DF_RSGLOBAL(2.1),A comparative table of countries in the global database,I,ZMB,Zambia,TAX_REV,Tax revenue,S13,General government,_T,Total tax revenue,_T,Total,PT_B1GQ,Percentage of GDP,A,Annual,2020,,15.708,,A,Normal value,0,Units,TOTALTAX,,1,One,_Z,Not applicable
DATAFLOW,OECD.CTP.TPS:DSD_REV_COMP_GLOBAL@DF_RSGLOBAL(2.1),A comparative table of countries in the global database,I,ZMB,Zambia,TAX_REV,Tax revenue,S13,General government,_T,Total tax revenue,_T,Total,PT_B1GQ,Percentage of GDP,A,Annual,2019,,16.215,,A,Normal value,0,Units,TOTALTAX,,1,One,_Z,Not applicable
DATAFLOW,OECD.CTP.TPS:DSD_REV_COMP_GLOBAL@DF_RSGLOBAL(2.1),A comparative table of countries in the global database,I,ZMB,Zambia,TAX_REV,Tax revenue,S13,General government,_T,Total tax revenue,_T,Total,PT_B1GQ,Percentage of GDP,A,Annual,2018,,16.166,,A,Normal value,0,Units,TOTALTAX,,1,One,_Z,Not applicable
DATAFLOW,OECD.CTP.TPS:DSD_REV_COMP_GLOBAL@DF_RSGLOBAL(2.1),A comparative table of countries in the global database,I,ZMB,Zambia,TAX_REV,Tax revenue,S13,General government,_T,Total tax revenue,_T,Total,PT_B1GQ,Percentage of GDP,A,Annual,2017,,14.894,,A,Normal value,0,Units,TOTALTAX,,1,One,_Z,Not applicable
DATAFLOW,OECD.CTP.TPS:DSD_REV_COMP_GLOBAL@DF_RSGLOBAL(2.1),A comparative table of countries in the global database,I,ZMB,Zambia,TAX_REV,Tax revenue,S13,General government,_T,Total tax revenue,_T,Total,PT_B1GQ,Percentage of GDP,A,Annual,2016,,13.031,,A,Normal value,0,Units,TOTALTAX,,1,One,_Z,Not applicable
DATAFLOW,OECD.CTP.TPS:DSD_REV_COMP_GLOBAL@DF_RSGLOBAL(2.1),A comparative table of countries in the global database,I,ZMB,Zambia,TAX_REV,Tax revenue,S13,General government,_T,Total tax revenue,_T,Total,PT_B1GQ,Percentage of GDP,A,Annual,2015,,14.289,,A,Normal value,0,Units,TOTALTAX,,1,One,_Z,Not applicable
DATAFLOW,OECD.CTP.TPS:DSD_REV_COMP_GLOBAL@DF_RSGLOBAL(2.1),A comparative table of countries in the global database,I,ZMB,Zambia,TAX_REV,Tax revenue,S13,General government,_T,Total tax revenue,_T,Total,PT_B1GQ,Percentage of GDP,A,Annual,2014,,15.282,,A,Normal value,0,Units,TOTALTAX,,1,One,_Z,Not applicable
DATAFLOW,OECD.CTP.TPS:DSD_REV_COMP_GLOBAL@DF_RSGLOBAL(2.1),A comparative table of countries in the global database,I,MDV,Maldives,TAX_REV,Tax revenue,S13,General government,_T,Total tax revenue,_T,Total,PT_B1GQ,Percentage of GDP,A,Annual,2023,,23.578,,A,Normal value,0,Units,TOTALTAX,,1,One,_Z,Not applicable
DATAFLOW,OECD.CTP.TPS:DSD_REV_COMP_GLOBAL@DF_RSGLOBAL(2.1),A comparative table of countries in the global database,I,MDV,Maldives,TAX_REV,Tax revenue,S13,General government,_T,Total tax revenue,_T,Total,PT_B1GQ,Percentage of GDP,A,Annual,2022,,20.404,,A,Normal value,0,Units,TOTALTAX,,1,One,_Z,Not applicable
DATAFLOW,OECD.CTP.TPS:DSD_REV_COMP_GLOBAL@DF_RSGLOBAL(2.1),A comparative table of countries in the global database,I,MDV,Maldives,TAX_REV,Tax revenue,S13,General government,_T,Total tax revenue,_T,Total,PT_B1GQ,Percentage of GDP,A,Annual,2021,,18.083,,A,Normal value,0,Units,TOTALTAX,,1,One,_Z,Not applicable
DATAFLOW,OECD.CTP.TPS:DSD_REV_COMP_GLOBAL@DF_RSGLOBAL(2.1),A comparative table of countries in the global database,I,MDV,Maldives,TAX_REV,Tax revenue,S13,General government,_T,Total tax revenue,_T,Total,PT_B1GQ,Percentage of GDP,A,Annual,2020,,19.035,,A,Normal value,0,Units,TOTALTAX,,1,One,_Z,Not applicable
DATAFLOW,OECD.CTP.TPS:DSD_REV_COMP_GLOBAL@DF_RSGLOBAL(2.1),A comparative table of countries in the global database,I,MDV,Maldives,TAX_REV,Tax revenue,S13,General government,_T,Total tax revenue,_T,Total,PT_B1GQ,Percentage of GDP,A,Annual,2019,,18.607,,A,Normal value,0,Units,TOTALTAX,,1,One,_Z,Not applicable
DATAFLOW,OECD.CTP.TPS:DSD_REV_COMP_GLOBAL@DF_RSGLOBAL(2.1),A comparative table of countries in the global database,I,MDV,Maldives,TAX_REV,Tax revenue,S13,General government,_T,Total tax revenue,_T,Total,PT_B1GQ,Percentage of GDP,A,Annual,2018,,18.887,,A,Normal value,0,Units,TOTALTAX,,1,One,_Z,Not applicable
DATAFLOW,OECD.CTP.TPS:DSD_REV_COMP_GLOBAL@DF_RSGLOBAL(2.1),A comparative table of countries in the global database,I,MDV,Maldives,TAX_REV,Tax revenue,S13,General government,_T,Total tax revenue,_T,Total,PT_B1GQ,Percentage of GDP,A,Annual,2017,,19.729,,A,Normal value,0,Units,TOTALTAX,,1,One,_Z,Not applicable
DATAFLOW,OECD.CTP.TPS:DSD_REV_COMP_GLOBAL@DF_RSGLOBAL(2.1),A comparative table of countries in the global database,I,MDV,Maldives,TAX_REV,Tax revenue,S13,General government,_T,Total tax revenue,_T,Total,PT_B1GQ,Percentage of GDP,A,Annual,2016,,19.441,,A,Normal value,0,Units,TOTALTAX,,1,One,_Z,Not applicable
DATAFLOW,OECD.CTP.TPS:DSD_REV_COMP_GLOBAL@DF_RSGLOBAL(2.1),A comparative table of countries in the global database,I,MDV,Maldives,TAX_REV,Tax revenue,S13,General government,_T,Total tax revenue,_T,Total,PT_B1GQ,Percentage of GDP,A,Annual,2015,,19.154,,A,Normal value,0,Units,TOTALTAX,,1,One,_Z,Not applicable
DATAFLOW,OECD.CTP.TPS:DSD_REV_COMP_GLOBAL@DF_RSGLOBAL(2.1),A comparative table of countries in the global database,I,MDV,Maldives,TAX_REV,Tax revenue,S13,General government,_T,Total tax revenue,_T,Total,PT_B1GQ,Percentage of GDP,A,Annual,2014,,18.835,,A,Normal value,0,Units,TOTALTAX,,1,One,_Z,Not applicable
DATAFLOW,OECD.CTP.TPS:DSD_REV_COMP_GLOBAL@DF_RSGLOBAL(2.1),A comparative table of countries in the global database,I,VUT,Vanuatu,TAX_REV,Tax revenue,S13,General government,_T,Total tax revenue,_T,Total,PT_B1GQ,Percentage of GDP,A,Annual,2023,,18.583,,A,Normal value,0,Units,TOTALTAX,,1,One,_Z,Not applicable
DATAFLOW,OECD.CTP.TPS:DSD_REV_COMP_GLOBAL@DF_RSGLOBAL(2.1),A comparative table of countries in the global database,I,VUT,Vanuatu,TAX_REV,Tax revenue,S13,General government,_T,Total tax revenue,_T,Total,PT_B1GQ,Percentage of GDP,A,Annual,2022,,15.784,,A,Normal value,0,Units,TOTALTAX,,1,One,_Z,Not applicable
DATAFLOW,OECD.CTP.TPS:DSD_REV_COMP_GLOBAL@DF_RSGLOBAL(2.1),A comparative table of countries in the global database,I,VUT,Vanuatu,TAX_REV,Tax revenue,S13,General government,_T,Total tax revenue,_T,Total,PT_B1GQ,Percentage of GDP,A,Annual,2021,,11.097,,A,Normal value,0,Units,TOTALTAX,,1,One,_Z,Not applicable
DATAFLOW,OECD.CTP.TPS:DSD_REV_COMP_GLOBAL@DF_RSGLOBAL(2.1),A comparative table of countries in the global database,I,VUT,Vanuatu,TAX_REV,Tax revenue,S13,General government,_T,Total tax revenue,_T,Total,PT_B1GQ,Percentage of GDP,A,Annual,2020,,14.04,,A,Normal value,0,Units,TOTALTAX,,1,One,_Z,Not applicable
DATAFLOW,OECD.CTP.TPS:DSD_REV_COMP_GLOBAL@DF_RSGLOBAL(2.1),A comparative table of countries in the global database,I,VUT,Vanuatu,TAX_REV,Tax revenue,S13,General government,_T,Total tax revenue,_T,Total,PT_B1GQ,Percentage of GDP,A,Annual,2019,,16.989,,A,Normal value,0,Units,TOTALTAX,,1,One,_Z,Not applicable
DATAFLOW,OECD.CTP.TPS:DSD_REV_COMP_GLOBAL@DF_RSGLOBAL(2.1),A comparative table of countries in the global database,I,VUT,Vanuatu,TAX_REV,Tax revenue,S13,General government,_T,Total tax revenue,_T,Total,PT_B1GQ,Percentage of GDP,A,Annual,2018,,17.838,,A,Normal value,0,Units,TOTALTAX,,1,One,_Z,Not applicable
DATAFLOW,OECD.CTP.TPS:DSD_REV_COMP_GLOBAL@DF_RSGLOBAL(2.1),A comparative table of countries in the global database,I,VUT,Vanuatu,TAX_REV,Tax revenue,S13,General government,_T,Total tax revenue,_T,Total,PT_B1GQ,Percentage of GDP,A,Annual,2017,,17.125,,A,Normal value,0,Units,TOTALTAX,,1,One,_Z,Not applicable
DATAFLOW,OECD.CTP.TPS:DSD_REV_COMP_GLOBAL@DF_RSGLOBAL(2.1),A comparative table of countries in the global database,I,VUT,Vanuatu,TAX_REV,Tax revenue,S13,General government,_T,Total tax revenue,_T,Total,PT_B1GQ,Percentage of GDP,A,Annual,2016,,15.73,,A,Normal value,0,Units,TOTALTAX,,1,One,_Z,Not applicable
DATAFLOW,OECD.CTP.TPS:DSD_REV_COMP_GLOBAL@DF_RSGLOBAL(2.1),A comparative table of countries in the global database,I,VUT,Vanuatu,TAX_REV,Tax revenue,S13,General government,_T,Total tax revenue,_T,Total,PT_B1GQ,Percentage of GDP,A,Annual,2015,,16.919,,A,Normal value,0,Units,TOTALTAX,,1,One,_Z,Not applicable
DATAFLOW,OECD.CTP.TPS:DSD_REV_COMP_GLOBAL@DF_RSGLOBAL(2.1),A comparative table of countries in the global database,I,VUT,Vanuatu,TAX_REV,Tax revenue,S13,General government,_T,Total tax revenue,_T,Total,PT_B1GQ,Percentage of GDP,A,Annual,2014,,18.323,,A,Normal value,0,Units,TOTALTAX,,1,One,_Z,Not applicable
DATAFLOW,OECD.CTP.TPS:DSD_REV_COMP_GLOBAL@DF_RSGLOBAL(2.1),A comparative table of countries in the global database,I,LSO,Lesotho,TAX_REV,Tax revenue,S13,General government,_T,Total tax revenue,_T,Total,PT_B1GQ,Percentage of GDP,A,Annual,2022,,21.313,,A,Normal value,0,Units,TOTALTAX,,1,One,_Z,Not applicable
DATAFLOW,OECD.CTP.TPS:DSD_REV_COMP_GLOBAL@DF_RSGLOBAL(2.1),A comparative table of countries in the global database,I,LSO,Lesotho,TAX_REV,Tax revenue,S13,General government,_T,Total tax revenue,_T,Total,PT_B1GQ,Percentage of GDP,A,Annual,2021,,21.717,,A,Normal value,0,Units,TOTALTAX,,1,One,_Z,Not applicable
DATAFLOW,OECD.CTP.TPS:DSD_REV_COMP_GLOBAL@DF_RSGLOBAL(2.1),A comparative table of countries in the global database,I,LSO,Lesotho,TAX_REV,Tax revenue,S13,General government,_T,Total tax revenue,_T,Total,PT_B1GQ,Percentage of GDP,A,Annual,2020,,19.775,,A,Normal value,0,Units,TOTALTAX,,1,One,_Z,Not applicable
DATAFLOW,OECD.CTP.TPS:DSD_REV_COMP_GLOBAL@DF_RSGLOBAL(2.1),A comparative table of countries in the global database,I,LSO,Lesotho,TAX_REV,Tax revenue,S13,General government,_T,Total tax revenue,_T,Total,PT_B1GQ,Percentage of GDP,A,Annual,2019,,21.097,,A,Normal value,0,Units,TOTALTAX,,1,One,_Z,Not applicable
DATAFLOW,OECD.CTP.TPS:DSD_REV_COMP_GLOBAL@DF_RSGLOBAL(2.1),A comparative table of countries in the global database,I,LSO,Lesotho,TAX_REV,Tax revenue,S13,General government,_T,Total tax revenue,_T,Total,PT_B1GQ,Percentage of GDP,A,Annual,2018,,21.434,,A,Normal value,0,Units,TOTALTAX,,1,One,_Z,Not applicable
DATAFLOW,OECD.CTP.TPS:DSD_REV_COMP_GLOBAL@DF_RSGLOBAL(2.1),A comparative table of countries in the global database,I,LSO,Lesotho,TAX_REV,Tax revenue,S13,General government,_T,Total tax revenue,_T,Total,PT_B1GQ,Percentage of GDP,A,Annual,2017,,19.344,,A,Normal value,0,Units,TOTALTAX,,1,One,_Z,Not applicable
DATAFLOW,OECD.CTP.TPS:DSD_REV_COMP_GLOBAL@DF_RSGLOBAL(2.1),A comparative table of countries in the global database,I,LSO,Lesotho,TAX_REV,Tax revenue,S13,General government,_T,Total tax revenue,_T,Total,PT_B1GQ,Percentage of GDP,A,Annual,2016,,19.332,,A,Normal value,0,Units,TOTALTAX,,1,One,_Z,Not applicable
DATAFLOW,OECD.CTP.TPS:DSD_REV_COMP_GLOBAL@DF_RSGLOBAL(2.1),A comparative table of countries in the global database,I,LSO,Lesotho,TAX_REV,Tax revenue,S13,General government,_T,Total tax revenue,_T,Total,PT_B1GQ,Percentage of GDP,A,Annual,2015,,19.345,,A,Normal value,0,Units,TOTALTAX,,1,One,_Z,Not applicable
DATAFLOW,OECD.CTP.TPS:DSD_REV_COMP_GLOBAL@DF_RSGLOBAL(2.1),A comparative table of countries in the global database,I,LSO,Lesotho,TAX_REV,Tax revenue,S13,General government,_T,Total tax revenue,_T,Total,PT_B1GQ,Percentage of GDP,A,Annual,2014,,18.916,,A,Normal value,0,Units,TOTALTAX,,1,One,_Z,Not applicable
DATAFLOW,OECD.CTP.TPS:DSD_REV_COMP_GLOBAL@DF_RSGLOBAL(2.1),A comparative table of countries in the global database,I,F,Africa,TAX_REV,Tax revenue,S13,General government,_T,Total tax revenue,_T,Total,PT_B1GQ,Percentage of GDP,A,Annual,2022,,15.985,,A,Normal value,0,Units,TOTALTAX,,1,One,_Z,Not applicable
DATAFLOW,OECD.CTP.TPS:DSD_REV_COMP_GLOBAL@DF_RSGLOBAL(2.1),A comparative table of countries in the global database,I,F,Africa,TAX_REV,Tax revenue,S13,General government,_T,Total tax revenue,_T,Total,PT_B1GQ,Percentage of GDP,A,Annual,2021,,15.498,,A,Normal value,0,Units,TOTALTAX,,1,One,_Z,Not applicable
DATAFLOW,OECD.CTP.TPS:DSD_REV_COMP_GLOBAL@DF_RSGLOBAL(2.1),A comparative table of countries in the global database,I,F,Africa,TAX_REV,Tax revenue,S13,General government,_T,Total tax revenue,_T,Total,PT_B1GQ,Percentage of GDP,A,Annual,2020,,15.237,,A,Normal value,0,Units,TOTALTAX,,1,One,_Z,Not applicable
DATAFLOW,OECD.CTP.TPS:DSD_REV_COMP_GLOBAL@DF_RSGLOBAL(2.1),A comparative table of countries in the global database,I,F,Africa,TAX_REV,Tax revenue,S13,General government,_T,Total tax revenue,_T,Total,PT_B1GQ,Percentage of GDP,A,Annual,2019,,15.52,,A,Normal value,0,Units,TOTALTAX,,1,One,_Z,Not applicable
DATAFLOW,OECD.CTP.TPS:DSD_REV_COMP_GLOBAL@DF_RSGLOBAL(2.1),A comparative table of countries in the global database,I,F,Africa,TAX_REV,Tax revenue,S13,General government,_T,Total tax revenue,_T,Total,PT_B1GQ,Percentage of GDP,A,Annual,2018,,15.153,,A,Normal value,0,Units,TOTALTAX,,1,One,_Z,Not applicable
DATAFLOW,OECD.CTP.TPS:DSD_REV_COMP_GLOBAL@DF_RSGLOBAL(2.1),A comparative table of countries in the global database,I,F,Africa,TAX_REV,Tax revenue,S13,General government,_T,Total tax revenue,_T,Total,PT_B1GQ,Percentage of GDP,A,Annual,2017,,14.897,,A,Normal value,0,Units,TOTALTAX,,1,One,_Z,Not applicable
DATAFLOW,OECD.CTP.TPS:DSD_REV_COMP_GLOBAL@DF_RSGLOBAL(2.1),A comparative table of countries in the global database,I,F,Africa,TAX_REV,Tax revenue,S13,General government,_T,Total tax revenue,_T,Total,PT_B1GQ,Percentage of GDP,A,Annual,2016,,15.003,,A,Normal value,0,Units,TOTALTAX,,1,One,_Z,Not applicable
DATAFLOW,OECD.CTP.TPS:DSD_REV_COMP_GLOBAL@DF_RSGLOBAL(2.1),A comparative table of countries in the global database,I,F,Africa,TAX_REV,Tax revenue,S13,General government,_T,Total tax revenue,_T,Total,PT_B1GQ,Percentage of GDP,A,Annual,2015,,15.33,,A,Normal value,0,Units,TOTALTAX,,1,One,_Z,Not applicable
DATAFLOW,OECD.CTP.TPS:DSD_REV_COMP_GLOBAL@DF_RSGLOBAL(2.1),A comparative table of countries in the global database,I,F,Africa,TAX_REV,Tax revenue,S13,General government,_T,Total tax revenue,_T,Total,PT_B1GQ,Percentage of GDP,A,Annual,2014,,15.326,,A,Normal value,0,Units,TOTALTAX,,1,One,_Z,Not applicable
DATAFLOW,OECD.CTP.TPS:DSD_REV_COMP_GLOBAL@DF_RSGLOBAL(2.1),A comparative table of countries in the global database,I,KIR,Kiribati,TAX_REV,Tax revenue,S13,General government,_T,Total tax revenue,_T,Total,PT_B1GQ,Percentage of GDP,A,Annual,2023,,16.91,,A,Normal value,0,Units,TOTALTAX,,1,One,_Z,Not applicable
DATAFLOW,OECD.CTP.TPS:DSD_REV_COMP_GLOBAL@DF_RSGLOBAL(2.1),A comparative table of countries in the global database,I,KIR,Kiribati,TAX_REV,Tax revenue,S13,General government,_T,Total tax revenue,_T,Total,PT_B1GQ,Percentage of GDP,A,Annual,2022,,16.372,,A,Normal value,0,Units,TOTALTAX,,1,One,_Z,Not applicable
DATAFLOW,OECD.CTP.TPS:DSD_REV_COMP_GLOBAL@DF_RSGLOBAL(2.1),A comparative table of countries in the global database,I,KIR,Kiribati,TAX_REV,Tax revenue,S13,General government,_T,Total tax revenue,_T,Total,PT_B1GQ,Percentage of GDP,A,Annual,2021,,17.372,,A,Normal value,0,Units,TOTALTAX,,1,One,_Z,Not applicable
DATAFLOW,OECD.CTP.TPS:DSD_REV_COMP_GLOBAL@DF_RSGLOBAL(2.1),A comparative table of countries in the global database,I,KIR,Kiribati,TAX_REV,Tax revenue,S13,General government,_T,Total tax revenue,_T,Total,PT_B1GQ,Percentage of GDP,A,Annual,2020,,16.091,,A,Normal value,0,Units,TOTALTAX,,1,One,_Z,Not applicable
DATAFLOW,OECD.CTP.TPS:DSD_REV_COMP_GLOBAL@DF_RSGLOBAL(2.1),A comparative table of countries in the global database,I,KIR,Kiribati,TAX_REV,Tax revenue,S13,General government,_T,Total tax revenue,_T,Total,PT_B1GQ,Percentage of GDP,A,Annual,2019,,15.84,,A,Normal value,0,Units,TOTALTAX,,1,One,_Z,Not applicable
DATAFLOW,OECD.CTP.TPS:DSD_REV_COMP_GLOBAL@DF_RSGLOBAL(2.1),A comparative table of countries in the global database,I,KIR,Kiribati,TAX_REV,Tax revenue,S13,General government,_T,Total tax revenue,_T,Total,PT_B1GQ,Percentage of GDP,A,Annual,2018,,15.731,,A,Normal value,0,Units,TOTALTAX,,1,One,_Z,Not applicable
DATAFLOW,OECD.CTP.TPS:DSD_REV_COMP_GLOBAL@DF_RSGLOBAL(2.1),A comparative table of countries in the global database,I,KIR,Kiribati,TAX_REV,Tax revenue,S13,General government,_T,Total tax revenue,_T,Total,PT_B1GQ,Percentage of GDP,A,Annual,2017,,14.785,,A,Normal value,0,Units,TOTALTAX,,1,One,_Z,Not applicable
DATAFLOW,OECD.CTP.TPS:DSD_REV_COMP_GLOBAL@DF_RSGLOBAL(2.1),A comparative table of countries in the global database,I,KIR,Kiribati,TAX_REV,Tax revenue,S13,General government,_T,Total tax revenue,_T,Total,PT_B1GQ,Percentage of GDP,A,Annual,2016,,13.814,,A,Normal value,0,Units,TOTALTAX,,1,One,_Z,Not applicable
DATAFLOW,OECD.CTP.TPS:DSD_REV_COMP_GLOBAL@DF_RSGLOBAL(2.1),A comparative table of countries in the global database,I,KIR,Kiribati,TAX_REV,Tax revenue,S13,General government,_T,Total tax revenue,_T,Total,PT_B1GQ,Percentage of GDP,A,Annual,2015,,13.718,,A,Normal value,0,Units,TOTALTAX,,1,One,_Z,Not applicable
DATAFLOW,OECD.CTP.TPS:DSD_REV_COMP_GLOBAL@DF_RSGLOBAL(2.1),A comparative table of countries in the global database,I,KIR,Kiribati,TAX_REV,Tax revenue,S13,General government,_T,Total tax revenue,_T,Total,PT_B1GQ,Percentage of GDP,A,Annual,2014,,10.869,,A,Normal value,0,Units,TOTALTAX,,1,One,_Z,Not applicable
DATAFLOW,OECD.CTP.TPS:DSD_REV_COMP_GLOBAL@DF_RSGLOBAL(2.1),A comparative table of countries in the global database,I,UGA,Uganda,TAX_REV,Tax revenue,S13,General government,_T,Total tax revenue,_T,Total,PT_B1GQ,Percentage of GDP,A,Annual,2022,,12.503,,A,Normal value,0,Units,TOTALTAX,,1,One,_Z,Not applicable
DATAFLOW,OECD.CTP.TPS:DSD_REV_COMP_GLOBAL@DF_RSGLOBAL(2.1),A comparative table of countries in the global database,I,UGA,Uganda,TAX_REV,Tax revenue,S13,General government,_T,Total tax revenue,_T,Total,PT_B1GQ,Percentage of GDP,A,Annual,2021,,12.535,,A,Normal value,0,Units,TOTALTAX,,1,One,_Z,Not applicable
DATAFLOW,OECD.CTP.TPS:DSD_REV_COMP_GLOBAL@DF_RSGLOBAL(2.1),A comparative table of countries in the global database,I,UGA,Uganda,TAX_REV,Tax revenue,S13,General government,_T,Total tax revenue,_T,Total,PT_B1GQ,Percentage of GDP,A,Annual,2020,,11.391,,A,Normal value,0,Units,TOTALTAX,,1,One,_Z,Not applicable
DATAFLOW,OECD.CTP.TPS:DSD_REV_COMP_GLOBAL@DF_RSGLOBAL(2.1),A comparative table of countries in the global database,I,UGA,Uganda,TAX_REV,Tax revenue,S13,General government,_T,Total tax revenue,_T,Total,PT_B1GQ,Percentage of GDP,A,Annual,2019,,12.082,,A,Normal value,0,Units,TOTALTAX,,1,One,_Z,Not applicable
DATAFLOW,OECD.CTP.TPS:DSD_REV_COMP_GLOBAL@DF_RSGLOBAL(2.1),A comparative table of countries in the global database,I,UGA,Uganda,TAX_REV,Tax revenue,S13,General government,_T,Total tax revenue,_T,Total,PT_B1GQ,Percentage of GDP,A,Annual,2018,,11.674,,A,Normal value,0,Units,TOTALTAX,,1,One,_Z,Not applicable
DATAFLOW,OECD.CTP.TPS:DSD_REV_COMP_GLOBAL@DF_RSGLOBAL(2.1),A comparative table of countries in the global database,I,UGA,Uganda,TAX_REV,Tax revenue,S13,General government,_T,Total tax revenue,_T,Total,PT_B1GQ,Percentage of GDP,A,Annual,2017,,11.424,,A,Normal value,0,Units,TOTALTAX,,1,One,_Z,Not applicable
DATAFLOW,OECD.CTP.TPS:DSD_REV_COMP_GLOBAL@DF_RSGLOBAL(2.1),A comparative table of countries in the global database,I,AUS,Australia,TAX_REV,Tax revenue,S13,General government,_T,Total tax revenue,_T,Total,PT_B1GQ,Percentage of GDP,A,Annual,2022,,29.398,,A,Normal value,0,Units,TOTALTAX,,1,One,_Z,Not applicable
DATAFLOW,OECD.CTP.TPS:DSD_REV_COMP_GLOBAL@DF_RSGLOBAL(2.1),A comparative table of countries in the global database,I,AUS,Australia,TAX_REV,Tax revenue,S13,General government,_T,Total tax revenue,_T,Total,PT_B1GQ,Percentage of GDP,A,Annual,2021,,29.155,,A,Normal value,0,Units,TOTALTAX,,1,One,_Z,Not applicable
DATAFLOW,OECD.CTP.TPS:DSD_REV_COMP_GLOBAL@DF_RSGLOBAL(2.1),A comparative table of countries in the global database,I,AUS,Australia,TAX_REV,Tax revenue,S13,General government,_T,Total tax revenue,_T,Total,PT_B1GQ,Percentage of GDP,A,Annual,2020,,28.251,,A,Normal value,0,Units,TOTALTAX,,1,One,_Z,Not applicable
DATAFLOW,OECD.CTP.TPS:DSD_REV_COMP_GLOBAL@DF_RSGLOBAL(2.1),A comparative table of countries in the global database,I,UGA,Uganda,TAX_REV,Tax revenue,S13,General government,_T,Total tax revenue,_T,Total,PT_B1GQ,Percentage of GDP,A,Annual,2016,,10.978,,A,Normal value,0,Units,TOTALTAX,,1,One,_Z,Not applicable
DATAFLOW,OECD.CTP.TPS:DSD_REV_COMP_GLOBAL@DF_RSGLOBAL(2.1),A comparative table of countries in the global database,I,UGA,Uganda,TAX_REV,Tax revenue,S13,General government,_T,Total tax revenue,_T,Total,PT_B1GQ,Percentage of GDP,A,Annual,2015,,10.388,,A,Normal value,0,Units,TOTALTAX,,1,One,_Z,Not applicable
DATAFLOW,OECD.CTP.TPS:DSD_REV_COMP_GLOBAL@DF_RSGLOBAL(2.1),A comparative table of countries in the global database,I,UGA,Uganda,TAX_REV,Tax revenue,S13,General government,_T,Total tax revenue,_T,Total,PT_B1GQ,Percentage of GDP,A,Annual,2014,,9.271,,A,Normal value,0,Units,TOTALTAX,,1,One,_Z,Not applicable
DATAFLOW,OECD.CTP.TPS:DSD_REV_COMP_GLOBAL@DF_RSGLOBAL(2.1),A comparative table of countries in the global database,I,TUN,Tunisia,TAX_REV,Tax revenue,S13,General government,_T,Total tax revenue,_T,Total,PT_B1GQ,Percentage of GDP,A,Annual,2022,,33.504,,A,Normal value,0,Units,TOTALTAX,,1,One,_Z,Not applicable
DATAFLOW,OECD.CTP.TPS:DSD_REV_COMP_GLOBAL@DF_RSGLOBAL(2.1),A comparative table of countries in the global database,I,TUN,Tunisia,TAX_REV,Tax revenue,S13,General government,_T,Total tax revenue,_T,Total,PT_B1GQ,Percentage of GDP,A,Annual,2021,,32.536,,A,Normal value,0,Units,TOTALTAX,,1,One,_Z,Not applicable
DATAFLOW,OECD.CTP.TPS:DSD_REV_COMP_GLOBAL@DF_RSGLOBAL(2.1),A comparative table of countries in the global database,I,TUN,Tunisia,TAX_REV,Tax revenue,S13,General government,_T,Total tax revenue,_T,Total,PT_B1GQ,Percentage of GDP,A,Annual,2020,,32.456,,A,Normal value,0,Units,TOTALTAX,,1,One,_Z,Not applicable
DATAFLOW,OECD.CTP.TPS:DSD_REV_COMP_GLOBAL@DF_RSGLOBAL(2.1),A comparative table of countries in the global database,I,TUN,Tunisia,TAX_REV,Tax revenue,S13,General government,_T,Total tax revenue,_T,Total,PT_B1GQ,Percentage of GDP,A,Annual,2019,,32.081,,A,Normal value,0,Units,TOTALTAX,,1,One,_Z,Not applicable
DATAFLOW,OECD.CTP.TPS:DSD_REV_COMP_GLOBAL@DF_RSGLOBAL(2.1),A comparative table of countries in the global database,I,TUN,Tunisia,TAX_REV,Tax revenue,S13,General government,_T,Total tax revenue,_T,Total,PT_B1GQ,Percentage of GDP,A,Annual,2018,,29.937,,A,Normal value,0,Units,TOTALTAX,,1,One,_Z,Not applicable
DATAFLOW,OECD.CTP.TPS:DSD_REV_COMP_GLOBAL@DF_RSGLOBAL(2.1),A comparative table of countries in the global database,I,TUN,Tunisia,TAX_REV,Tax revenue,S13,General government,_T,Total tax revenue,_T,Total,PT_B1GQ,Percentage of GDP,A,Annual,2017,,29.222,,A,Normal value,0,Units,TOTALTAX,,1,One,_Z,Not applicable
DATAFLOW,OECD.CTP.TPS:DSD_REV_COMP_GLOBAL@DF_RSGLOBAL(2.1),A comparative table of countries in the global database,I,TUN,Tunisia,TAX_REV,Tax revenue,S13,General government,_T,Total tax revenue,_T,Total,PT_B1GQ,Percentage of GDP,A,Annual,2016,,27.911,,A,Normal value,0,Units,TOTALTAX,,1,One,_Z,Not applicable
DATAFLOW,OECD.CTP.TPS:DSD_REV_COMP_GLOBAL@DF_RSGLOBAL(2.1),A comparative table of countries in the global database,I,TUN,Tunisia,TAX_REV,Tax revenue,S13,General government,_T,Total tax revenue,_T,Total,PT_B1GQ,Percentage of GDP,A,Annual,2015,,28.522,,A,Normal value,0,Units,TOTALTAX,,1,One,_Z,Not applicable
DATAFLOW,OECD.CTP.TPS:DSD_REV_COMP_GLOBAL@DF_RSGLOBAL(2.1),A comparative table of countries in the global database,I,TUN,Tunisia,TAX_REV,Tax revenue,S13,General government,_T,Total tax revenue,_T,Total,PT_B1GQ,Percentage of GDP,A,Annual,2014,,29.29,,A,Normal value,0,Units,TOTALTAX,,1,One,_Z,Not applicable
DATAFLOW,OECD.CTP.TPS:DSD_REV_COMP_GLOBAL@DF_RSGLOBAL(2.1),A comparative table of countries in the global database,I,TTO,Trinidad and Tobago,TAX_REV,Tax revenue,S13,General government,_T,Total tax revenue,_T,Total,PT_B1GQ,Percentage of GDP,A,Annual,2023,,24.246,,A,Normal value,0,Units,TOTALTAX,,1,One,_Z,Not applicable
DATAFLOW,OECD.CTP.TPS:DSD_REV_COMP_GLOBAL@DF_RSGLOBAL(2.1),A comparative table of countries in the global database,I,TTO,Trinidad and Tobago,TAX_REV,Tax revenue,S13,General government,_T,Total tax revenue,_T,Total,PT_B1GQ,Percentage of GDP,A,Annual,2022,,24.767,,A,Normal value,0,Units,TOTALTAX,,1,One,_Z,Not applicable
DATAFLOW,OECD.CTP.TPS:DSD_REV_COMP_GLOBAL@DF_RSGLOBAL(2.1),A comparative table of countries in the global database,I,TTO,Trinidad and Tobago,TAX_REV,Tax revenue,S13,General government,_T,Total tax revenue,_T,Total,PT_B1GQ,Percentage of GDP,A,Annual,2021,,21.813,,A,Normal value,0,Units,TOTALTAX,,1,One,_Z,Not applicable
DATAFLOW,OECD.CTP.TPS:DSD_REV_COMP_GLOBAL@DF_RSGLOBAL(2.1),A comparative table of countries in the global database,I,TTO,Trinidad and Tobago,TAX_REV,Tax revenue,S13,General government,_T,Total tax revenue,_T,Total,PT_B1GQ,Percentage of GDP,A,Annual,2020,,21.483,,A,Normal value,0,Units,TOTALTAX,,1,One,_Z,Not applicable
DATAFLOW,OECD.CTP.TPS:DSD_REV_COMP_GLOBAL@DF_RSGLOBAL(2.1),A comparative table of countries in the global database,I,TTO,Trinidad and Tobago,TAX_REV,Tax revenue,S13,General government,_T,Total tax revenue,_T,Total,PT_B1GQ,Percentage of GDP,A,Annual,2019,,23.71,,A,Normal value,0,Units,TOTALTAX,,1,One,_Z,Not applicable
DATAFLOW,OECD.CTP.TPS:DSD_REV_COMP_GLOBAL@DF_RSGLOBAL(2.1),A comparative table of countries in the global database,I,TTO,Trinidad and Tobago,TAX_REV,Tax revenue,S13,General government,_T,Total tax revenue,_T,Total,PT_B1GQ,Percentage of GDP,A,Annual,2018,,22.242,,A,Normal value,0,Units,TOTALTAX,,1,One,_Z,Not applicable
DATAFLOW,OECD.CTP.TPS:DSD_REV_COMP_GLOBAL@DF_RSGLOBAL(2.1),A comparative table of countries in the global database,I,TTO,Trinidad and Tobago,TAX_REV,Tax revenue,S13,General government,_T,Total tax revenue,_T,Total,PT_B1GQ,Percentage of GDP,A,Annual,2017,,19.263,,A,Normal value,0,Units,TOTALTAX,,1,One,_Z,Not applicable
DATAFLOW,OECD.CTP.TPS:DSD_REV_COMP_GLOBAL@DF_RSGLOBAL(2.1),A comparative table of countries in the global database,I,TTO,Trinidad and Tobago,TAX_REV,Tax revenue,S13,General government,_T,Total tax revenue,_T,Total,PT_B1GQ,Percentage of GDP,A,Annual,2016,,21.011,,A,Normal value,0,Units,TOTALTAX,,1,One,_Z,Not applicable
DATAFLOW,OECD.CTP.TPS:DSD_REV_COMP_GLOBAL@DF_RSGLOBAL(2.1),A comparative table of countries in the global database,I,TTO,Trinidad and Tobago,TAX_REV,Tax revenue,S13,General government,_T,Total tax revenue,_T,Total,PT_B1GQ,Percentage of GDP,A,Annual,2015,,26.326,,A,Normal value,0,Units,TOTALTAX,,1,One,_Z,Not applicable
DATAFLOW,OECD.CTP.TPS:DSD_REV_COMP_GLOBAL@DF_RSGLOBAL(2.1),A comparative table of countries in the global database,I,TTO,Trinidad and Tobago,TAX_REV,Tax revenue,S13,General government,_T,Total tax revenue,_T,Total,PT_B1GQ,Percentage of GDP,A,Annual,2014,,26.938,,A,Normal value,0,Units,TOTALTAX,,1,One,_Z,Not applicable
DATAFLOW,OECD.CTP.TPS:DSD_REV_COMP_GLOBAL@DF_RSGLOBAL(2.1),A comparative table of countries in the global database,I,TKL,Tokelau,TAX_REV,Tax revenue,S13,General government,_T,Total tax revenue,_T,Total,PT_B1GQ,Percentage of GDP,A,Annual,2023,,18.315,,A,Normal value,0,Units,TOTALTAX,,1,One,_Z,Not applicable
DATAFLOW,OECD.CTP.TPS:DSD_REV_COMP_GLOBAL@DF_RSGLOBAL(2.1),A comparative table of countries in the global database,I,TKL,Tokelau,TAX_REV,Tax revenue,S13,General government,_T,Total tax revenue,_T,Total,PT_B1GQ,Percentage of GDP,A,Annual,2022,,15.959,,A,Normal value,0,Units,TOTALTAX,,1,One,_Z,Not applicable
DATAFLOW,OECD.CTP.TPS:DSD_REV_COMP_GLOBAL@DF_RSGLOBAL(2.1),A comparative table of countries in the global database,I,TKL,Tokelau,TAX_REV,Tax revenue,S13,General government,_T,Total tax revenue,_T,Total,PT_B1GQ,Percentage of GDP,A,Annual,2021,,18.36,,A,Normal value,0,Units,TOTALTAX,,1,One,_Z,Not applicable
DATAFLOW,OECD.CTP.TPS:DSD_REV_COMP_GLOBAL@DF_RSGLOBAL(2.1),A comparative table of countries in the global database,I,TKL,Tokelau,TAX_REV,Tax revenue,S13,General government,_T,Total tax revenue,_T,Total,PT_B1GQ,Percentage of GDP,A,Annual,2020,,17.147,,A,Normal value,0,Units,TOTALTAX,,1,One,_Z,Not applicable
DATAFLOW,OECD.CTP.TPS:DSD_REV_COMP_GLOBAL@DF_RSGLOBAL(2.1),A comparative table of countries in the global database,I,TKL,Tokelau,TAX_REV,Tax revenue,S13,General government,_T,Total tax revenue,_T,Total,PT_B1GQ,Percentage of GDP,A,Annual,2019,,16.712,,A,Normal value,0,Units,TOTALTAX,,1,One,_Z,Not applicable
DATAFLOW,OECD.CTP.TPS:DSD_REV_COMP_GLOBAL@DF_RSGLOBAL(2.1),A comparative table of countries in the global database,I,TKL,Tokelau,TAX_REV,Tax revenue,S13,General government,_T,Total tax revenue,_T,Total,PT_B1GQ,Percentage of GDP,A,Annual,2018,,16.713,,A,Normal value,0,Units,TOTALTAX,,1,One,_Z,Not applicable
DATAFLOW,OECD.CTP.TPS:DSD_REV_COMP_GLOBAL@DF_RSGLOBAL(2.1),A comparative table of countries in the global database,I,TKL,Tokelau,TAX_REV,Tax revenue,S13,General government,_T,Total tax revenue,_T,Total,PT_B1GQ,Percentage of GDP,A,Annual,2017,,16.787,,A,Normal value,0,Units,TOTALTAX,,1,One,_Z,Not applicable
DATAFLOW,OECD.CTP.TPS:DSD_REV_COMP_GLOBAL@DF_RSGLOBAL(2.1),A comparative table of countries in the global database,I,TKL,Tokelau,TAX_REV,Tax revenue,S13,General government,_T,Total tax revenue,_T,Total,PT_B1GQ,Percentage of GDP,A,Annual,2016,,14.665,,A,Normal value,0,Units,TOTALTAX,,1,One,_Z,Not applicable
DATAFLOW,OECD.CTP.TPS:DSD_REV_COMP_GLOBAL@DF_RSGLOBAL(2.1),A comparative table of countries in the global database,I,TKL,Tokelau,TAX_REV,Tax revenue,S13,General government,_T,Total tax revenue,_T,Total,PT_B1GQ,Percentage of GDP,A,Annual,2015,,15.124,,A,Normal value,0,Units,TOTALTAX,,1,One,_Z,Not applicable
DATAFLOW,OECD.CTP.TPS:DSD_REV_COMP_GLOBAL@DF_RSGLOBAL(2.1),A comparative table of countries in the global database,I,TKL,Tokelau,TAX_REV,Tax revenue,S13,General government,_T,Total tax revenue,_T,Total,PT_B1GQ,Percentage of GDP,A,Annual,2014,,17.053,,A,Normal value,0,Units,TOTALTAX,,1,One,_Z,Not applicable
DATAFLOW,OECD.CTP.TPS:DSD_REV_COMP_GLOBAL@DF_RSGLOBAL(2.1),A comparative table of countries in the global database,I,TGO,Togo,TAX_REV,Tax revenue,S13,General government,_T,Total tax revenue,_T,Total,PT_B1GQ,Percentage of GDP,A,Annual,2022,,17.434,,A,Normal value,0,Units,TOTALTAX,,1,One,_Z,Not applicable
DATAFLOW,OECD.CTP.TPS:DSD_REV_COMP_GLOBAL@DF_RSGLOBAL(2.1),A comparative table of countries in the global database,I,TGO,Togo,TAX_REV,Tax revenue,S13,General government,_T,Total tax revenue,_T,Total,PT_B1GQ,Percentage of GDP,A,Annual,2021,,17.157,,A,Normal value,0,Units,TOTALTAX,,1,One,_Z,Not applicable
DATAFLOW,OECD.CTP.TPS:DSD_REV_COMP_GLOBAL@DF_RSGLOBAL(2.1),A comparative table of countries in the global database,I,TGO,Togo,TAX_REV,Tax revenue,S13,General government,_T,Total tax revenue,_T,Total,PT_B1GQ,Percentage of GDP,A,Annual,2020,,15.749,,A,Normal value,0,Units,TOTALTAX,,1,One,_Z,Not applicable
DATAFLOW,OECD.CTP.TPS:DSD_REV_COMP_GLOBAL@DF_RSGLOBAL(2.1),A comparative table of countries in the global database,I,TGO,Togo,TAX_REV,Tax revenue,S13,General government,_T,Total tax revenue,_T,Total,PT_B1GQ,Percentage of GDP,A,Annual,2019,,15.487,,A,Normal value,0,Units,TOTALTAX,,1,One,_Z,Not applicable
DATAFLOW,OECD.CTP.TPS:DSD_REV_COMP_GLOBAL@DF_RSGLOBAL(2.1),A comparative table of countries in the global database,I,TGO,Togo,TAX_REV,Tax revenue,S13,General government,_T,Total tax revenue,_T,Total,PT_B1GQ,Percentage of GDP,A,Annual,2018,,14.766,,A,Normal value,0,Units,TOTALTAX,,1,One,_Z,Not applicable
DATAFLOW,OECD.CTP.TPS:DSD_REV_COMP_GLOBAL@DF_RSGLOBAL(2.1),A comparative table of countries in the global database,I,TGO,Togo,TAX_REV,Tax revenue,S13,General government,_T,Total tax revenue,_T,Total,PT_B1GQ,Percentage of GDP,A,Annual,2017,,15.791,,A,Normal value,0,Units,TOTALTAX,,1,One,_Z,Not applicable
DATAFLOW,OECD.CTP.TPS:DSD_REV_COMP_GLOBAL@DF_RSGLOBAL(2.1),A comparative table of countries in the global database,I,TGO,Togo,TAX_REV,Tax revenue,S13,General government,_T,Total tax revenue,_T,Total,PT_B1GQ,Percentage of GDP,A,Annual,2016,,16.31,,A,Normal value,0,Units,TOTALTAX,,1,One,_Z,Not applicable
DATAFLOW,OECD.CTP.TPS:DSD_REV_COMP_GLOBAL@DF_RSGLOBAL(2.1),A comparative table of countries in the global database,I,TGO,Togo,TAX_REV,Tax revenue,S13,General government,_T,Total tax revenue,_T,Total,PT_B1GQ,Percentage of GDP,A,Annual,2015,,15.68,,A,Normal value,0,Units,TOTALTAX,,1,One,_Z,Not applicable
DATAFLOW,OECD.CTP.TPS:DSD_REV_COMP_GLOBAL@DF_RSGLOBAL(2.1),A comparative table of countries in the global database,I,TGO,Togo,TAX_REV,Tax revenue,S13,General government,_T,Total tax revenue,_T,Total,PT_B1GQ,Percentage of GDP,A,Annual,2014,,14.936,,A,Normal value,0,Units,TOTALTAX,,1,One,_Z,Not applicable
DATAFLOW,OECD.CTP.TPS:DSD_REV_COMP_GLOBAL@DF_RSGLOBAL(2.1),A comparative table of countries in the global database,I,TLS,Timor-Leste,TAX_REV,Tax revenue,S13,General government,_T,Total tax revenue,_T,Total,PT_B1GQ,Percentage of GDP,A,Annual,2023,,9.599,,A,Normal value,0,Units,TOTALTAX,,1,One,_Z,Not applicable
DATAFLOW,OECD.CTP.TPS:DSD_REV_COMP_GLOBAL@DF_RSGLOBAL(2.1),A comparative table of countries in the global database,I,TLS,Timor-Leste,TAX_REV,Tax revenue,S13,General government,_T,Total tax revenue,_T,Total,PT_B1GQ,Percentage of GDP,A,Annual,2022,,19.754,,A,Normal value,0,Units,TOTALTAX,,1,One,_Z,Not applicable
DATAFLOW,OECD.CTP.TPS:DSD_REV_COMP_GLOBAL@DF_RSGLOBAL(2.1),A comparative table of countries in the global database,I,TLS,Timor-Leste,TAX_REV,Tax revenue,S13,General government,_T,Total tax revenue,_T,Total,PT_B1GQ,Percentage of GDP,A,Annual,2021,,14.424,,A,Normal value,0,Units,TOTALTAX,,1,One,_Z,Not applicable
DATAFLOW,OECD.CTP.TPS:DSD_REV_COMP_GLOBAL@DF_RSGLOBAL(2.1),A comparative table of countries in the global database,I,TLS,Timor-Leste,TAX_REV,Tax revenue,S13,General government,_T,Total tax revenue,_T,Total,PT_B1GQ,Percentage of GDP,A,Annual,2020,,12.32,,A,Normal value,0,Units,TOTALTAX,,1,One,_Z,Not applicable
DATAFLOW,OECD.CTP.TPS:DSD_REV_COMP_GLOBAL@DF_RSGLOBAL(2.1),A comparative table of countries in the global database,I,TLS,Timor-Leste,TAX_REV,Tax revenue,S13,General government,_T,Total tax revenue,_T,Total,PT_B1GQ,Percentage of GDP,A,Annual,2019,,16.368,,A,Normal value,0,Units,TOTALTAX,,1,One,_Z,Not applicable
DATAFLOW,OECD.CTP.TPS:DSD_REV_COMP_GLOBAL@DF_RSGLOBAL(2.1),A comparative table of countries in the global database,I,TLS,Timor-Leste,TAX_REV,Tax revenue,S13,General government,_T,Total tax revenue,_T,Total,PT_B1GQ,Percentage of GDP,A,Annual,2018,,13.597,,A,Normal value,0,Units,TOTALTAX,,1,One,_Z,Not applicable
DATAFLOW,OECD.CTP.TPS:DSD_REV_COMP_GLOBAL@DF_RSGLOBAL(2.1),A comparative table of countries in the global database,I,TLS,Timor-Leste,TAX_REV,Tax revenue,S13,General government,_T,Total tax revenue,_T,Total,PT_B1GQ,Percentage of GDP,A,Annual,2017,,10.598,,A,Normal value,0,Units,TOTALTAX,,1,One,_Z,Not applicable
DATAFLOW,OECD.CTP.TPS:DSD_REV_COMP_GLOBAL@DF_RSGLOBAL(2.1),A comparative table of countries in the global database,I,TLS,Timor-Leste,TAX_REV,Tax revenue,S13,General government,_T,Total tax revenue,_T,Total,PT_B1GQ,Percentage of GDP,A,Annual,2016,,6.362,,A,Normal value,0,Units,TOTALTAX,,1,One,_Z,Not applicable
DATAFLOW,OECD.CTP.TPS:DSD_REV_COMP_GLOBAL@DF_RSGLOBAL(2.1),A comparative table of countries in the global database,I,TLS,Timor-Leste,TAX_REV,Tax revenue,S13,General government,_T,Total tax revenue,_T,Total,PT_B1GQ,Percentage of GDP,A,Annual,2015,,16.732,,A,Normal value,0,Units,TOTALTAX,,1,One,_Z,Not applicable
DATAFLOW,OECD.CTP.TPS:DSD_REV_COMP_GLOBAL@DF_RSGLOBAL(2.1),A comparative table of countries in the global database,I,TLS,Timor-Leste,TAX_REV,Tax revenue,S13,General government,_T,Total tax revenue,_T,Total,PT_B1GQ,Percentage of GDP,A,Annual,2014,,20.014,,A,Normal value,0,Units,TOTALTAX,,1,One,_Z,Not applicable
DATAFLOW,OECD.CTP.TPS:DSD_REV_COMP_GLOBAL@DF_RSGLOBAL(2.1),A comparative table of countries in the global database,I,THA,Thailand,TAX_REV,Tax revenue,S13,General government,_T,Total tax revenue,_T,Total,PT_B1GQ,Percentage of GDP,A,Annual,2023,,17.1,,A,Normal value,0,Units,TOTALTAX,,1,One,_Z,Not applicable
DATAFLOW,OECD.CTP.TPS:DSD_REV_COMP_GLOBAL@DF_RSGLOBAL(2.1),A comparative table of countries in the global database,I,THA,Thailand,TAX_REV,Tax revenue,S13,General government,_T,Total tax revenue,_T,Total,PT_B1GQ,Percentage of GDP,A,Annual,2022,,16.712,,A,Normal value,0,Units,TOTALTAX,,1,One,_Z,Not applicable
DATAFLOW,OECD.CTP.TPS:DSD_REV_COMP_GLOBAL@DF_RSGLOBAL(2.1),A comparative table of countries in the global database,I,THA,Thailand,TAX_REV,Tax revenue,S13,General government,_T,Total tax revenue,_T,Total,PT_B1GQ,Percentage of GDP,A,Annual,2021,,16.4,,A,Normal value,0,Units,TOTALTAX,,1,One,_Z,Not applicable
DATAFLOW,OECD.CTP.TPS:DSD_REV_COMP_GLOBAL@DF_RSGLOBAL(2.1),A comparative table of countries in the global database,I,THA,Thailand,TAX_REV,Tax revenue,S13,General government,_T,Total tax revenue,_T,Total,PT_B1GQ,Percentage of GDP,A,Annual,2020,,16.459,,A,Normal value,0,Units,TOTALTAX,,1,One,_Z,Not applicable
DATAFLOW,OECD.CTP.TPS:DSD_REV_COMP_GLOBAL@DF_RSGLOBAL(2.1),A comparative table of countries in the global database,I,THA,Thailand,TAX_REV,Tax revenue,S13,General government,_T,Total tax revenue,_T,Total,PT_B1GQ,Percentage of GDP,A,Annual,2019,,17.241,,A,Normal value,0,Units,TOTALTAX,,1,One,_Z,Not applicable
DATAFLOW,OECD.CTP.TPS:DSD_REV_COMP_GLOBAL@DF_RSGLOBAL(2.1),A comparative table of countries in the global database,I,THA,Thailand,TAX_REV,Tax revenue,S13,General government,_T,Total tax revenue,_T,Total,PT_B1GQ,Percentage of GDP,A,Annual,2018,,17.674,,A,Normal value,0,Units,TOTALTAX,,1,One,_Z,Not applicable
DATAFLOW,OECD.CTP.TPS:DSD_REV_COMP_GLOBAL@DF_RSGLOBAL(2.1),A comparative table of countries in the global database,I,THA,Thailand,TAX_REV,Tax revenue,S13,General government,_T,Total tax revenue,_T,Total,PT_B1GQ,Percentage of GDP,A,Annual,2017,,17.537,,A,Normal value,0,Units,TOTALTAX,,1,One,_Z,Not applicable
DATAFLOW,OECD.CTP.TPS:DSD_REV_COMP_GLOBAL@DF_RSGLOBAL(2.1),A comparative table of countries in the global database,I,THA,Thailand,TAX_REV,Tax revenue,S13,General government,_T,Total tax revenue,_T,Total,PT_B1GQ,Percentage of GDP,A,Annual,2016,,18.095,,A,Normal value,0,Units,TOTALTAX,,1,One,_Z,Not applicable
DATAFLOW,OECD.CTP.TPS:DSD_REV_COMP_GLOBAL@DF_RSGLOBAL(2.1),A comparative table of countries in the global database,I,THA,Thailand,TAX_REV,Tax revenue,S13,General government,_T,Total tax revenue,_T,Total,PT_B1GQ,Percentage of GDP,A,Annual,2015,,18.899,,A,Normal value,0,Units,TOTALTAX,,1,One,_Z,Not applicable
DATAFLOW,OECD.CTP.TPS:DSD_REV_COMP_GLOBAL@DF_RSGLOBAL(2.1),A comparative table of countries in the global database,I,THA,Thailand,TAX_REV,Tax revenue,S13,General government,_T,Total tax revenue,_T,Total,PT_B1GQ,Percentage of GDP,A,Annual,2014,,18.356,,A,Normal value,0,Units,TOTALTAX,,1,One,_Z,Not applicable
DATAFLOW,OECD.CTP.TPS:DSD_REV_COMP_GLOBAL@DF_RSGLOBAL(2.1),A comparative table of countries in the global database,I,LKA,Sri Lanka,TAX_REV,Tax revenue,S13,General government,_T,Total tax revenue,_T,Total,PT_B1GQ,Percentage of GDP,A,Annual,2023,,9.978,,A,Normal value,0,Units,TOTALTAX,,1,One,_Z,Not applicable
DATAFLOW,OECD.CTP.TPS:DSD_REV_COMP_GLOBAL@DF_RSGLOBAL(2.1),A comparative table of countries in the global database,I,LKA,Sri Lanka,TAX_REV,Tax revenue,S13,General government,_T,Total tax revenue,_T,Total,PT_B1GQ,Percentage of GDP,A,Annual,2022,,7.934,,A,Normal value,0,Units,TOTALTAX,,1,One,_Z,Not applicable
DATAFLOW,OECD.CTP.TPS:DSD_REV_COMP_GLOBAL@DF_RSGLOBAL(2.1),A comparative table of countries in the global database,I,LKA,Sri Lanka,TAX_REV,Tax revenue,S13,General government,_T,Total tax revenue,_T,Total,PT_B1GQ,Percentage of GDP,A,Annual,2021,,7.566,,A,Normal value,0,Units,TOTALTAX,,1,One,_Z,Not applicable
DATAFLOW,OECD.CTP.TPS:DSD_REV_COMP_GLOBAL@DF_RSGLOBAL(2.1),A comparative table of countries in the global database,I,LKA,Sri Lanka,TAX_REV,Tax revenue,S13,General government,_T,Total tax revenue,_T,Total,PT_B1GQ,Percentage of GDP,A,Annual,2020,,7.982,,A,Normal value,0,Units,TOTALTAX,,1,One,_Z,Not applicable
DATAFLOW,OECD.CTP.TPS:DSD_REV_COMP_GLOBAL@DF_RSGLOBAL(2.1),A comparative table of countries in the global database,I,LKA,Sri Lanka,TAX_REV,Tax revenue,S13,General government,_T,Total tax revenue,_T,Total,PT_B1GQ,Percentage of GDP,A,Annual,2019,,11.086,,A,Normal value,0,Units,TOTALTAX,,1,One,_Z,Not applicable
DATAFLOW,OECD.CTP.TPS:DSD_REV_COMP_GLOBAL@DF_RSGLOBAL(2.1),A comparative table of countries in the global database,I,LKA,Sri Lanka,TAX_REV,Tax revenue,S13,General government,_T,Total tax revenue,_T,Total,PT_B1GQ,Percentage of GDP,A,Annual,2018,,11.318,,A,Normal value,0,Units,TOTALTAX,,1,One,_Z,Not applicable
DATAFLOW,OECD.CTP.TPS:DSD_REV_COMP_GLOBAL@DF_RSGLOBAL(2.1),A comparative table of countries in the global database,I,LKA,Sri Lanka,TAX_REV,Tax revenue,S13,General government,_T,Total tax revenue,_T,Total,PT_B1GQ,Percentage of GDP,A,Annual,2017,,11.768,,A,Normal value,0,Units,TOTALTAX,,1,One,_Z,Not applicable
DATAFLOW,OECD.CTP.TPS:DSD_REV_COMP_GLOBAL@DF_RSGLOBAL(2.1),A comparative table of countries in the global database,I,LKA,Sri Lanka,TAX_REV,Tax revenue,S13,General government,_T,Total tax revenue,_T,Total,PT_B1GQ,Percentage of GDP,A,Annual,2016,,11.564,,A,Normal value,0,Units,TOTALTAX,,1,One,_Z,Not applicable
DATAFLOW,OECD.CTP.TPS:DSD_REV_COMP_GLOBAL@DF_RSGLOBAL(2.1),A comparative table of countries in the global database,I,LKA,Sri Lanka,TAX_REV,Tax revenue,S13,General government,_T,Total tax revenue,_T,Total,PT_B1GQ,Percentage of GDP,A,Annual,2015,,11.853,,A,Normal value,0,Units,TOTALTAX,,1,One,_Z,Not applicable
DATAFLOW,OECD.CTP.TPS:DSD_REV_COMP_GLOBAL@DF_RSGLOBAL(2.1),A comparative table of countries in the global database,I,LKA,Sri Lanka,TAX_REV,Tax revenue,S13,General government,_T,Total tax revenue,_T,Total,PT_B1GQ,Percentage of GDP,A,Annual,2014,,9.886,,A,Normal value,0,Units,TOTALTAX,,1,One,_Z,Not applicable
DATAFLOW,OECD.CTP.TPS:DSD_REV_COMP_GLOBAL@DF_RSGLOBAL(2.1),A comparative table of countries in the global database,I,ZAF,South Africa,TAX_REV,Tax revenue,S13,General government,_T,Total tax revenue,_T,Total,PT_B1GQ,Percentage of GDP,A,Annual,2022,,27.067,,A,Normal value,0,Units,TOTALTAX,,1,One,_Z,Not applicable
DATAFLOW,OECD.CTP.TPS:DSD_REV_COMP_GLOBAL@DF_RSGLOBAL(2.1),A comparative table of countries in the global database,I,ZAF,South Africa,TAX_REV,Tax revenue,S13,General government,_T,Total tax revenue,_T,Total,PT_B1GQ,Percentage of GDP,A,Annual,2021,,26.297,,A,Normal value,0,Units,TOTALTAX,,1,One,_Z,Not applicable
DATAFLOW,OECD.CTP.TPS:DSD_REV_COMP_GLOBAL@DF_RSGLOBAL(2.1),A comparative table of countries in the global database,I,ZAF,South Africa,TAX_REV,Tax revenue,S13,General government,_T,Total tax revenue,_T,Total,PT_B1GQ,Percentage of GDP,A,Annual,2020,,25.11,,A,Normal value,0,Units,TOTALTAX,,1,One,_Z,Not applicable
DATAFLOW,OECD.CTP.TPS:DSD_REV_COMP_GLOBAL@DF_RSGLOBAL(2.1),A comparative table of countries in the global database,I,ZAF,South Africa,TAX_REV,Tax revenue,S13,General government,_T,Total tax revenue,_T,Total,PT_B1GQ,Percentage of GDP,A,Annual,2019,,26.116,,A,Normal value,0,Units,TOTALTAX,,1,One,_Z,Not applicable
DATAFLOW,OECD.CTP.TPS:DSD_REV_COMP_GLOBAL@DF_RSGLOBAL(2.1),A comparative table of countries in the global database,I,ZAF,South Africa,TAX_REV,Tax revenue,S13,General government,_T,Total tax revenue,_T,Total,PT_B1GQ,Percentage of GDP,A,Annual,2018,,26.46,,A,Normal value,0,Units,TOTALTAX,,1,One,_Z,Not applicable
DATAFLOW,OECD.CTP.TPS:DSD_REV_COMP_GLOBAL@DF_RSGLOBAL(2.1),A comparative table of countries in the global database,I,ZAF,South Africa,TAX_REV,Tax revenue,S13,General government,_T,Total tax revenue,_T,Total,PT_B1GQ,Percentage of GDP,A,Annual,2017,,26.03,,A,Normal value,0,Units,TOTALTAX,,1,One,_Z,Not applicable
DATAFLOW,OECD.CTP.TPS:DSD_REV_COMP_GLOBAL@DF_RSGLOBAL(2.1),A comparative table of countries in the global database,I,ZAF,South Africa,TAX_REV,Tax revenue,S13,General government,_T,Total tax revenue,_T,Total,PT_B1GQ,Percentage of GDP,A,Annual,2016,,26.008,,A,Normal value,0,Units,TOTALTAX,,1,One,_Z,Not applicable
DATAFLOW,OECD.CTP.TPS:DSD_REV_COMP_GLOBAL@DF_RSGLOBAL(2.1),A comparative table of countries in the global database,I,ZAF,South Africa,TAX_REV,Tax revenue,S13,General government,_T,Total tax revenue,_T,Total,PT_B1GQ,Percentage of GDP,A,Annual,2015,,26.41,,A,Normal value,0,Units,TOTALTAX,,1,One,_Z,Not applicable
DATAFLOW,OECD.CTP.TPS:DSD_REV_COMP_GLOBAL@DF_RSGLOBAL(2.1),A comparative table of countries in the global database,I,ZAF,South Africa,TAX_REV,Tax revenue,S13,General government,_T,Total tax revenue,_T,Total,PT_B1GQ,Percentage of GDP,A,Annual,2014,,25.42,,A,Normal value,0,Units,TOTALTAX,,1,One,_Z,Not applicable
DATAFLOW,OECD.CTP.TPS:DSD_REV_COMP_GLOBAL@DF_RSGLOBAL(2.1),A comparative table of countries in the global database,I,SOM,Somalia,TAX_REV,Tax revenue,S13,General government,_T,Total tax revenue,_T,Total,PT_B1GQ,Percentage of GDP,A,Annual,2022,,2.583,,A,Normal value,0,Units,TOTALTAX,,1,One,_Z,Not applicable
DATAFLOW,OECD.CTP.TPS:DSD_REV_COMP_GLOBAL@DF_RSGLOBAL(2.1),A comparative table of countries in the global database,I,SOM,Somalia,TAX_REV,Tax revenue,S13,General government,_T,Total tax revenue,_T,Total,PT_B1GQ,Percentage of GDP,A,Annual,2021,,2.516,,A,Normal value,0,Units,TOTALTAX,,1,One,_Z,Not applicable
DATAFLOW,OECD.CTP.TPS:DSD_REV_COMP_GLOBAL@DF_RSGLOBAL(2.1),A comparative table of countries in the global database,I,SOM,Somalia,TAX_REV,Tax revenue,S13,General government,_T,Total tax revenue,_T,Total,PT_B1GQ,Percentage of GDP,A,Annual,2020,,2.363,,A,Normal value,0,Units,TOTALTAX,,1,One,_Z,Not applicable
DATAFLOW,OECD.CTP.TPS:DSD_REV_COMP_GLOBAL@DF_RSGLOBAL(2.1),A comparative table of countries in the global database,I,SOM,Somalia,TAX_REV,Tax revenue,S13,General government,_T,Total tax revenue,_T,Total,PT_B1GQ,Percentage of GDP,A,Annual,2019,,2.027,,A,Normal value,0,Units,TOTALTAX,,1,One,_Z,Not applicable
DATAFLOW,OECD.CTP.TPS:DSD_REV_COMP_GLOBAL@DF_RSGLOBAL(2.1),A comparative table of countries in the global database,I,SOM,Somalia,TAX_REV,Tax revenue,S13,General government,_T,Total tax revenue,_T,Total,PT_B1GQ,Percentage of GDP,A,Annual,2018,,1.655,,A,Normal value,0,Units,TOTALTAX,,1,One,_Z,Not applicable
DATAFLOW,OECD.CTP.TPS:DSD_REV_COMP_GLOBAL@DF_RSGLOBAL(2.1),A comparative table of countries in the global database,I,SOM,Somalia,TAX_REV,Tax revenue,S13,General government,_T,Total tax revenue,_T,Total,PT_B1GQ,Percentage of GDP,A,Annual,2017,,1.358,,A,Normal value,0,Units,TOTALTAX,,1,One,_Z,Not applicable
DATAFLOW,OECD.CTP.TPS:DSD_REV_COMP_GLOBAL@DF_RSGLOBAL(2.1),A comparative table of countries in the global database,I,SOM,Somalia,TAX_REV,Tax revenue,S13,General government,_T,Total tax revenue,_T,Total,PT_B1GQ,Percentage of GDP,A,Annual,2016,,1.198,,A,Normal value,0,Units,TOTALTAX,,1,One,_Z,Not applicable
DATAFLOW,OECD.CTP.TPS:DSD_REV_COMP_GLOBAL@DF_RSGLOBAL(2.1),A comparative table of countries in the global database,I,SOM,Somalia,TAX_REV,Tax revenue,S13,General government,_T,Total tax revenue,_T,Total,PT_B1GQ,Percentage of GDP,A,Annual,2015,,1.228,,A,Normal value,0,Units,TOTALTAX,,1,One,_Z,Not applicable
DATAFLOW,OECD.CTP.TPS:DSD_REV_COMP_GLOBAL@DF_RSGLOBAL(2.1),A comparative table of countries in the global database,I,SOM,Somalia,TAX_REV,Tax revenue,S13,General government,_T,Total tax revenue,_T,Total,PT_B1GQ,Percentage of GDP,A,Annual,2014,,1.148,,A,Normal value,0,Units,TOTALTAX,,1,One,_Z,Not applicable
DATAFLOW,OECD.CTP.TPS:DSD_REV_COMP_GLOBAL@DF_RSGLOBAL(2.1),A comparative table of countries in the global database,I,SLB,Solomon Islands,TAX_REV,Tax revenue,S13,General government,_T,Total tax revenue,_T,Total,PT_B1GQ,Percentage of GDP,A,Annual,2023,,19.24,,A,Normal value,0,Units,TOTALTAX,,1,One,_Z,Not applicable
DATAFLOW,OECD.CTP.TPS:DSD_REV_COMP_GLOBAL@DF_RSGLOBAL(2.1),A comparative table of countries in the global database,I,SLB,Solomon Islands,TAX_REV,Tax revenue,S13,General government,_T,Total tax revenue,_T,Total,PT_B1GQ,Percentage of GDP,A,Annual,2022,,18.563,,A,Normal value,0,Units,TOTALTAX,,1,One,_Z,Not applicable
DATAFLOW,OECD.CTP.TPS:DSD_REV_COMP_GLOBAL@DF_RSGLOBAL(2.1),A comparative table of countries in the global database,I,SLB,Solomon Islands,TAX_REV,Tax revenue,S13,General government,_T,Total tax revenue,_T,Total,PT_B1GQ,Percentage of GDP,A,Annual,2021,,19.308,,A,Normal value,0,Units,TOTALTAX,,1,One,_Z,Not applicable
DATAFLOW,OECD.CTP.TPS:DSD_REV_COMP_GLOBAL@DF_RSGLOBAL(2.1),A comparative table of countries in the global database,I,SLB,Solomon Islands,TAX_REV,Tax revenue,S13,General government,_T,Total tax revenue,_T,Total,PT_B1GQ,Percentage of GDP,A,Annual,2020,,18.877,,A,Normal value,0,Units,TOTALTAX,,1,One,_Z,Not applicable
DATAFLOW,OECD.CTP.TPS:DSD_REV_COMP_GLOBAL@DF_RSGLOBAL(2.1),A comparative table of countries in the global database,I,SLB,Solomon Islands,TAX_REV,Tax revenue,S13,General government,_T,Total tax revenue,_T,Total,PT_B1GQ,Percentage of GDP,A,Annual,2019,,19.822,,A,Normal value,0,Units,TOTALTAX,,1,One,_Z,Not applicable
DATAFLOW,OECD.CTP.TPS:DSD_REV_COMP_GLOBAL@DF_RSGLOBAL(2.1),A comparative table of countries in the global database,I,SLB,Solomon Islands,TAX_REV,Tax revenue,S13,General government,_T,Total tax revenue,_T,Total,PT_B1GQ,Percentage of GDP,A,Annual,2018,,23.455,,A,Normal value,0,Units,TOTALTAX,,1,One,_Z,Not applicable
DATAFLOW,OECD.CTP.TPS:DSD_REV_COMP_GLOBAL@DF_RSGLOBAL(2.1),A comparative table of countries in the global database,I,SLB,Solomon Islands,TAX_REV,Tax revenue,S13,General government,_T,Total tax revenue,_T,Total,PT_B1GQ,Percentage of GDP,A,Annual,2017,,22.701,,A,Normal value,0,Units,TOTALTAX,,1,One,_Z,Not applicable
DATAFLOW,OECD.CTP.TPS:DSD_REV_COMP_GLOBAL@DF_RSGLOBAL(2.1),A comparative table of countries in the global database,I,SLB,Solomon Islands,TAX_REV,Tax revenue,S13,General government,_T,Total tax revenue,_T,Total,PT_B1GQ,Percentage of GDP,A,Annual,2016,,21.583,,A,Normal value,0,Units,TOTALTAX,,1,One,_Z,Not applicable
DATAFLOW,OECD.CTP.TPS:DSD_REV_COMP_GLOBAL@DF_RSGLOBAL(2.1),A comparative table of countries in the global database,I,SLB,Solomon Islands,TAX_REV,Tax revenue,S13,General government,_T,Total tax revenue,_T,Total,PT_B1GQ,Percentage of GDP,A,Annual,2015,,23.11,,A,Normal value,0,Units,TOTALTAX,,1,One,_Z,Not applicable
DATAFLOW,OECD.CTP.TPS:DSD_REV_COMP_GLOBAL@DF_RSGLOBAL(2.1),A comparative table of countries in the global database,I,SLB,Solomon Islands,TAX_REV,Tax revenue,S13,General government,_T,Total tax revenue,_T,Total,PT_B1GQ,Percentage of GDP,A,Annual,2014,,23.034,,A,Normal value,0,Units,TOTALTAX,,1,One,_Z,Not applicable
DATAFLOW,OECD.CTP.TPS:DSD_REV_COMP_GLOBAL@DF_RSGLOBAL(2.1),A comparative table of countries in the global database,I,SGP,Singapore,TAX_REV,Tax revenue,S13,General government,_T,Total tax revenue,_T,Total,PT_B1GQ,Percentage of GDP,A,Annual,2023,,13.665,,A,Normal value,0,Units,TOTALTAX,,1,One,_Z,Not applicable
DATAFLOW,OECD.CTP.TPS:DSD_REV_COMP_GLOBAL@DF_RSGLOBAL(2.1),A comparative table of countries in the global database,I,SGP,Singapore,TAX_REV,Tax revenue,S13,General government,_T,Total tax revenue,_T,Total,PT_B1GQ,Percentage of GDP,A,Annual,2022,,11.8,,A,Normal value,0,Units,TOTALTAX,,1,One,_Z,Not applicable
DATAFLOW,OECD.CTP.TPS:DSD_REV_COMP_GLOBAL@DF_RSGLOBAL(2.1),A comparative table of countries in the global database,I,SGP,Singapore,TAX_REV,Tax revenue,S13,General government,_T,Total tax revenue,_T,Total,PT_B1GQ,Percentage of GDP,A,Annual,2021,,12.122,,A,Normal value,0,Units,TOTALTAX,,1,One,_Z,Not applicable
DATAFLOW,OECD.CTP.TPS:DSD_REV_COMP_GLOBAL@DF_RSGLOBAL(2.1),A comparative table of countries in the global database,I,SGP,Singapore,TAX_REV,Tax revenue,S13,General government,_T,Total tax revenue,_T,Total,PT_B1GQ,Percentage of GDP,A,Annual,2020,,12.488,,A,Normal value,0,Units,TOTALTAX,,1,One,_Z,Not applicable
DATAFLOW,OECD.CTP.TPS:DSD_REV_COMP_GLOBAL@DF_RSGLOBAL(2.1),A comparative table of countries in the global database,I,MYS,Malaysia,TAX_REV,Tax revenue,S13,General government,_T,Total tax revenue,_T,Total,PT_B1GQ,Percentage of GDP,A,Annual,2021,,11.749,,A,Normal value,0,Units,TOTALTAX,,1,One,_Z,Not applicable
DATAFLOW,OECD.CTP.TPS:DSD_REV_COMP_GLOBAL@DF_RSGLOBAL(2.1),A comparative table of countries in the global database,I,MYS,Malaysia,TAX_REV,Tax revenue,S13,General government,_T,Total tax revenue,_T,Total,PT_B1GQ,Percentage of GDP,A,Annual,2020,,11.445,,A,Normal value,0,Units,TOTALTAX,,1,One,_Z,Not applicable
DATAFLOW,OECD.CTP.TPS:DSD_REV_COMP_GLOBAL@DF_RSGLOBAL(2.1),A comparative table of countries in the global database,I,MYS,Malaysia,TAX_REV,Tax revenue,S13,General government,_T,Total tax revenue,_T,Total,PT_B1GQ,Percentage of GDP,A,Annual,2019,,12.45,,A,Normal value,0,Units,TOTALTAX,,1,One,_Z,Not applicable
DATAFLOW,OECD.CTP.TPS:DSD_REV_COMP_GLOBAL@DF_RSGLOBAL(2.1),A comparative table of countries in the global database,I,MYS,Malaysia,TAX_REV,Tax revenue,S13,General government,_T,Total tax revenue,_T,Total,PT_B1GQ,Percentage of GDP,A,Annual,2018,,12.507,,A,Normal value,0,Units,TOTALTAX,,1,One,_Z,Not applicable
DATAFLOW,OECD.CTP.TPS:DSD_REV_COMP_GLOBAL@DF_RSGLOBAL(2.1),A comparative table of countries in the global database,I,MYS,Malaysia,TAX_REV,Tax revenue,S13,General government,_T,Total tax revenue,_T,Total,PT_B1GQ,Percentage of GDP,A,Annual,2017,,13.374,,A,Normal value,0,Units,TOTALTAX,,1,One,_Z,Not applicable
DATAFLOW,OECD.CTP.TPS:DSD_REV_COMP_GLOBAL@DF_RSGLOBAL(2.1),A comparative table of countries in the global database,I,MYS,Malaysia,TAX_REV,Tax revenue,S13,General government,_T,Total tax revenue,_T,Total,PT_B1GQ,Percentage of GDP,A,Annual,2016,,14.029,,A,Normal value,0,Units,TOTALTAX,,1,One,_Z,Not applicable
DATAFLOW,OECD.CTP.TPS:DSD_REV_COMP_GLOBAL@DF_RSGLOBAL(2.1),A comparative table of countries in the global database,I,MYS,Malaysia,TAX_REV,Tax revenue,S13,General government,_T,Total tax revenue,_T,Total,PT_B1GQ,Percentage of GDP,A,Annual,2015,,14.526,,A,Normal value,0,Units,TOTALTAX,,1,One,_Z,Not applicable
DATAFLOW,OECD.CTP.TPS:DSD_REV_COMP_GLOBAL@DF_RSGLOBAL(2.1),A comparative table of countries in the global database,I,MYS,Malaysia,TAX_REV,Tax revenue,S13,General government,_T,Total tax revenue,_T,Total,PT_B1GQ,Percentage of GDP,A,Annual,2014,,15.321,,A,Normal value,0,Units,TOTALTAX,,1,One,_Z,Not applicable
DATAFLOW,OECD.CTP.TPS:DSD_REV_COMP_GLOBAL@DF_RSGLOBAL(2.1),A comparative table of countries in the global database,I,MUS,Mauritius,TAX_REV,Tax revenue,S13,General government,_T,Total tax revenue,_T,Total,PT_B1GQ,Percentage of GDP,A,Annual,2022,,22.272,,A,Normal value,0,Units,TOTALTAX,,1,One,_Z,Not applicable
DATAFLOW,OECD.CTP.TPS:DSD_REV_COMP_GLOBAL@DF_RSGLOBAL(2.1),A comparative table of countries in the global database,I,MUS,Mauritius,TAX_REV,Tax revenue,S13,General government,_T,Total tax revenue,_T,Total,PT_B1GQ,Percentage of GDP,A,Annual,2021,,19.98,,A,Normal value,0,Units,TOTALTAX,,1,One,_Z,Not applicable
DATAFLOW,OECD.CTP.TPS:DSD_REV_COMP_GLOBAL@DF_RSGLOBAL(2.1),A comparative table of countries in the global database,I,MUS,Mauritius,TAX_REV,Tax revenue,S13,General government,_T,Total tax revenue,_T,Total,PT_B1GQ,Percentage of GDP,A,Annual,2020,,20.245,,A,Normal value,0,Units,TOTALTAX,,1,One,_Z,Not applicable
DATAFLOW,OECD.CTP.TPS:DSD_REV_COMP_GLOBAL@DF_RSGLOBAL(2.1),A comparative table of countries in the global database,I,MUS,Mauritius,TAX_REV,Tax revenue,S13,General government,_T,Total tax revenue,_T,Total,PT_B1GQ,Percentage of GDP,A,Annual,2019,,20.429,,A,Normal value,0,Units,TOTALTAX,,1,One,_Z,Not applicable
DATAFLOW,OECD.CTP.TPS:DSD_REV_COMP_GLOBAL@DF_RSGLOBAL(2.1),A comparative table of countries in the global database,I,MUS,Mauritius,TAX_REV,Tax revenue,S13,General government,_T,Total tax revenue,_T,Total,PT_B1GQ,Percentage of GDP,A,Annual,2018,,19.684,,A,Normal value,0,Units,TOTALTAX,,1,One,_Z,Not applicable
DATAFLOW,OECD.CTP.TPS:DSD_REV_COMP_GLOBAL@DF_RSGLOBAL(2.1),A comparative table of countries in the global database,I,MUS,Mauritius,TAX_REV,Tax revenue,S13,General government,_T,Total tax revenue,_T,Total,PT_B1GQ,Percentage of GDP,A,Annual,2017,,19.247,,A,Normal value,0,Units,TOTALTAX,,1,One,_Z,Not applicable
DATAFLOW,OECD.CTP.TPS:DSD_REV_COMP_GLOBAL@DF_RSGLOBAL(2.1),A comparative table of countries in the global database,I,MUS,Mauritius,TAX_REV,Tax revenue,S13,General government,_T,Total tax revenue,_T,Total,PT_B1GQ,Percentage of GDP,A,Annual,2016,,18.96,,A,Normal value,0,Units,TOTALTAX,,1,One,_Z,Not applicable
DATAFLOW,OECD.CTP.TPS:DSD_REV_COMP_GLOBAL@DF_RSGLOBAL(2.1),A comparative table of countries in the global database,I,MUS,Mauritius,TAX_REV,Tax revenue,S13,General government,_T,Total tax revenue,_T,Total,PT_B1GQ,Percentage of GDP,A,Annual,2015,,18.821,,A,Normal value,0,Units,TOTALTAX,,1,One,_Z,Not applicable
DATAFLOW,OECD.CTP.TPS:DSD_REV_COMP_GLOBAL@DF_RSGLOBAL(2.1),A comparative table of countries in the global database,I,MUS,Mauritius,TAX_REV,Tax revenue,S13,General government,_T,Total tax revenue,_T,Total,PT_B1GQ,Percentage of GDP,A,Annual,2014,,18.928,,A,Normal value,0,Units,TOTALTAX,,1,One,_Z,Not applicable
DATAFLOW,OECD.CTP.TPS:DSD_REV_COMP_GLOBAL@DF_RSGLOBAL(2.1),A comparative table of countries in the global database,I,JAM,Jamaica,TAX_REV,Tax revenue,S13,General government,_T,Total tax revenue,_T,Total,PT_B1GQ,Percentage of GDP,A,Annual,2023,,29.024,,A,Normal value,0,Units,TOTALTAX,,1,One,_Z,Not applicable
DATAFLOW,OECD.CTP.TPS:DSD_REV_COMP_GLOBAL@DF_RSGLOBAL(2.1),A comparative table of countries in the global database,I,JAM,Jamaica,TAX_REV,Tax revenue,S13,General government,_T,Total tax revenue,_T,Total,PT_B1GQ,Percentage of GDP,A,Annual,2022,,27.912,,A,Normal value,0,Units,TOTALTAX,,1,One,_Z,Not applicable
DATAFLOW,OECD.CTP.TPS:DSD_REV_COMP_GLOBAL@DF_RSGLOBAL(2.1),A comparative table of countries in the global database,I,JAM,Jamaica,TAX_REV,Tax revenue,S13,General government,_T,Total tax revenue,_T,Total,PT_B1GQ,Percentage of GDP,A,Annual,2021,,26.547,,A,Normal value,0,Units,TOTALTAX,,1,One,_Z,Not applicable
DATAFLOW,OECD.CTP.TPS:DSD_REV_COMP_GLOBAL@DF_RSGLOBAL(2.1),A comparative table of countries in the global database,I,JAM,Jamaica,TAX_REV,Tax revenue,S13,General government,_T,Total tax revenue,_T,Total,PT_B1GQ,Percentage of GDP,A,Annual,2020,,27.925,,A,Normal value,0,Units,TOTALTAX,,1,One,_Z,Not applicable
DATAFLOW,OECD.CTP.TPS:DSD_REV_COMP_GLOBAL@DF_RSGLOBAL(2.1),A comparative table of countries in the global database,I,JAM,Jamaica,TAX_REV,Tax revenue,S13,General government,_T,Total tax revenue,_T,Total,PT_B1GQ,Percentage of GDP,A,Annual,2019,,28.41,,A,Normal value,0,Units,TOTALTAX,,1,One,_Z,Not applicable
DATAFLOW,OECD.CTP.TPS:DSD_REV_COMP_GLOBAL@DF_RSGLOBAL(2.1),A comparative table of countries in the global database,I,JAM,Jamaica,TAX_REV,Tax revenue,S13,General government,_T,Total tax revenue,_T,Total,PT_B1GQ,Percentage of GDP,A,Annual,2018,,27.371,,A,Normal value,0,Units,TOTALTAX,,1,One,_Z,Not applicable
DATAFLOW,OECD.CTP.TPS:DSD_REV_COMP_GLOBAL@DF_RSGLOBAL(2.1),A comparative table of countries in the global database,I,JAM,Jamaica,TAX_REV,Tax revenue,S13,General government,_T,Total tax revenue,_T,Total,PT_B1GQ,Percentage of GDP,A,Annual,2017,,27.287,,A,Normal value,0,Units,TOTALTAX,,1,One,_Z,Not applicable
DATAFLOW,OECD.CTP.TPS:DSD_REV_COMP_GLOBAL@DF_RSGLOBAL(2.1),A comparative table of countries in the global database,I,JAM,Jamaica,TAX_REV,Tax revenue,S13,General government,_T,Total tax revenue,_T,Total,PT_B1GQ,Percentage of GDP,A,Annual,2016,,26.539,,A,Normal value,0,Units,TOTALTAX,,1,One,_Z,Not applicable
DATAFLOW,OECD.CTP.TPS:DSD_REV_COMP_GLOBAL@DF_RSGLOBAL(2.1),A comparative table of countries in the global database,I,JAM,Jamaica,TAX_REV,Tax revenue,S13,General government,_T,Total tax revenue,_T,Total,PT_B1GQ,Percentage of GDP,A,Annual,2015,,25.766,,A,Normal value,0,Units,TOTALTAX,,1,One,_Z,Not applicable
DATAFLOW,OECD.CTP.TPS:DSD_REV_COMP_GLOBAL@DF_RSGLOBAL(2.1),A comparative table of countries in the global database,I,JAM,Jamaica,TAX_REV,Tax revenue,S13,General government,_T,Total tax revenue,_T,Total,PT_B1GQ,Percentage of GDP,A,Annual,2014,,24.762,,A,Normal value,0,Units,TOTALTAX,,1,One,_Z,Not applicable
DATAFLOW,OECD.CTP.TPS:DSD_REV_COMP_GLOBAL@DF_RSGLOBAL(2.1),A comparative table of countries in the global database,I,GTM,Guatemala,TAX_REV,Tax revenue,S13,General government,_T,Total tax revenue,_T,Total,PT_B1GQ,Percentage of GDP,A,Annual,2023,,14.013,,A,Normal value,0,Units,TOTALTAX,,1,One,_Z,Not applicable
DATAFLOW,OECD.CTP.TPS:DSD_REV_COMP_GLOBAL@DF_RSGLOBAL(2.1),A comparative table of countries in the global database,I,GTM,Guatemala,TAX_REV,Tax revenue,S13,General government,_T,Total tax revenue,_T,Total,PT_B1GQ,Percentage of GDP,A,Annual,2022,,14.302,,A,Normal value,0,Units,TOTALTAX,,1,One,_Z,Not applicable
DATAFLOW,OECD.CTP.TPS:DSD_REV_COMP_GLOBAL@DF_RSGLOBAL(2.1),A comparative table of countries in the global database,I,GTM,Guatemala,TAX_REV,Tax revenue,S13,General government,_T,Total tax revenue,_T,Total,PT_B1GQ,Percentage of GDP,A,Annual,2021,,14.071,,A,Normal value,0,Units,TOTALTAX,,1,One,_Z,Not applicable
DATAFLOW,OECD.CTP.TPS:DSD_REV_COMP_GLOBAL@DF_RSGLOBAL(2.1),A comparative table of countries in the global database,I,GTM,Guatemala,TAX_REV,Tax revenue,S13,General government,_T,Total tax revenue,_T,Total,PT_B1GQ,Percentage of GDP,A,Annual,2020,,12.419,,A,Normal value,0,Units,TOTALTAX,,1,One,_Z,Not applicable
DATAFLOW,OECD.CTP.TPS:DSD_REV_COMP_GLOBAL@DF_RSGLOBAL(2.1),A comparative table of countries in the global database,I,GTM,Guatemala,TAX_REV,Tax revenue,S13,General government,_T,Total tax revenue,_T,Total,PT_B1GQ,Percentage of GDP,A,Annual,2019,,12.984,,A,Normal value,0,Units,TOTALTAX,,1,One,_Z,Not applicable
DATAFLOW,OECD.CTP.TPS:DSD_REV_COMP_GLOBAL@DF_RSGLOBAL(2.1),A comparative table of countries in the global database,I,GTM,Guatemala,TAX_REV,Tax revenue,S13,General government,_T,Total tax revenue,_T,Total,PT_B1GQ,Percentage of GDP,A,Annual,2018,,13.15,,A,Normal value,0,Units,TOTALTAX,,1,One,_Z,Not applicable
DATAFLOW,OECD.CTP.TPS:DSD_REV_COMP_GLOBAL@DF_RSGLOBAL(2.1),A comparative table of countries in the global database,I,GTM,Guatemala,TAX_REV,Tax revenue,S13,General government,_T,Total tax revenue,_T,Total,PT_B1GQ,Percentage of GDP,A,Annual,2017,,13.237,,A,Normal value,0,Units,TOTALTAX,,1,One,_Z,Not applicable
DATAFLOW,OECD.CTP.TPS:DSD_REV_COMP_GLOBAL@DF_RSGLOBAL(2.1),A comparative table of countries in the global database,I,GTM,Guatemala,TAX_REV,Tax revenue,S13,General government,_T,Total tax revenue,_T,Total,PT_B1GQ,Percentage of GDP,A,Annual,2016,,13.227,,A,Normal value,0,Units,TOTALTAX,,1,One,_Z,Not applicable
DATAFLOW,OECD.CTP.TPS:DSD_REV_COMP_GLOBAL@DF_RSGLOBAL(2.1),A comparative table of countries in the global database,I,GTM,Guatemala,TAX_REV,Tax revenue,S13,General government,_T,Total tax revenue,_T,Total,PT_B1GQ,Percentage of GDP,A,Annual,2015,,12.776,,A,Normal value,0,Units,TOTALTAX,,1,One,_Z,Not applicable
DATAFLOW,OECD.CTP.TPS:DSD_REV_COMP_GLOBAL@DF_RSGLOBAL(2.1),A comparative table of countries in the global database,I,GTM,Guatemala,TAX_REV,Tax revenue,S13,General government,_T,Total tax revenue,_T,Total,PT_B1GQ,Percentage of GDP,A,Annual,2014,,13.227,,A,Normal value,0,Units,TOTALTAX,,1,One,_Z,Not applicable
DATAFLOW,OECD.CTP.TPS:DSD_REV_COMP_GLOBAL@DF_RSGLOBAL(2.1),A comparative table of countries in the global database,I,MLT,Malta,TAX_REV,Tax revenue,S13,General government,_T,Total tax revenue,_T,Total,PT_B1GQ,Percentage of GDP,A,Annual,2023,,26.527,,A,Normal value,0,Units,TOTALTAX,,1,One,_Z,Not applicable
DATAFLOW,OECD.CTP.TPS:DSD_REV_COMP_GLOBAL@DF_RSGLOBAL(2.1),A comparative table of countries in the global database,I,MLT,Malta,TAX_REV,Tax revenue,S13,General government,_T,Total tax revenue,_T,Total,PT_B1GQ,Percentage of GDP,A,Annual,2022,,27.649,,A,Normal value,0,Units,TOTALTAX,,1,One,_Z,Not applicable
DATAFLOW,OECD.CTP.TPS:DSD_REV_COMP_GLOBAL@DF_RSGLOBAL(2.1),A comparative table of countries in the global database,I,MLT,Malta,TAX_REV,Tax revenue,S13,General government,_T,Total tax revenue,_T,Total,PT_B1GQ,Percentage of GDP,A,Annual,2021,,27.419,,A,Normal value,0,Units,TOTALTAX,,1,One,_Z,Not applicable
DATAFLOW,OECD.CTP.TPS:DSD_REV_COMP_GLOBAL@DF_RSGLOBAL(2.1),A comparative table of countries in the global database,I,MLT,Malta,TAX_REV,Tax revenue,S13,General government,_T,Total tax revenue,_T,Total,PT_B1GQ,Percentage of GDP,A,Annual,2020,,27.754,,A,Normal value,0,Units,TOTALTAX,,1,One,_Z,Not applicable
DATAFLOW,OECD.CTP.TPS:DSD_REV_COMP_GLOBAL@DF_RSGLOBAL(2.1),A comparative table of countries in the global database,I,MLT,Malta,TAX_REV,Tax revenue,S13,General government,_T,Total tax revenue,_T,Total,PT_B1GQ,Percentage of GDP,A,Annual,2019,,30.012,,A,Normal value,0,Units,TOTALTAX,,1,One,_Z,Not applicable
DATAFLOW,OECD.CTP.TPS:DSD_REV_COMP_GLOBAL@DF_RSGLOBAL(2.1),A comparative table of countries in the global database,I,MLT,Malta,TAX_REV,Tax revenue,S13,General government,_T,Total tax revenue,_T,Total,PT_B1GQ,Percentage of GDP,A,Annual,2018,,30.358,,A,Normal value,0,Units,TOTALTAX,,1,One,_Z,Not applicable
DATAFLOW,OECD.CTP.TPS:DSD_REV_COMP_GLOBAL@DF_RSGLOBAL(2.1),A comparative table of countries in the global database,I,MLT,Malta,TAX_REV,Tax revenue,S13,General government,_T,Total tax revenue,_T,Total,PT_B1GQ,Percentage of GDP,A,Annual,2017,,30.881,,A,Normal value,0,Units,TOTALTAX,,1,One,_Z,Not applicable
DATAFLOW,OECD.CTP.TPS:DSD_REV_COMP_GLOBAL@DF_RSGLOBAL(2.1),A comparative table of countries in the global database,I,MLT,Malta,TAX_REV,Tax revenue,S13,General government,_T,Total tax revenue,_T,Total,PT_B1GQ,Percentage of GDP,A,Annual,2016,,31.421,,A,Normal value,0,Units,TOTALTAX,,1,One,_Z,Not applicable
DATAFLOW,OECD.CTP.TPS:DSD_REV_COMP_GLOBAL@DF_RSGLOBAL(2.1),A comparative table of countries in the global database,I,MLT,Malta,TAX_REV,Tax revenue,S13,General government,_T,Total tax revenue,_T,Total,PT_B1GQ,Percentage of GDP,A,Annual,2015,,29.391,,A,Normal value,0,Units,TOTALTAX,,1,One,_Z,Not applicable
DATAFLOW,OECD.CTP.TPS:DSD_REV_COMP_GLOBAL@DF_RSGLOBAL(2.1),A comparative table of countries in the global database,I,MLT,Malta,TAX_REV,Tax revenue,S13,General government,_T,Total tax revenue,_T,Total,PT_B1GQ,Percentage of GDP,A,Annual,2014,,30.868,,A,Normal value,0,Units,TOTALTAX,,1,One,_Z,Not applicable
DATAFLOW,OECD.CTP.TPS:DSD_REV_COMP_GLOBAL@DF_RSGLOBAL(2.1),A comparative table of countries in the global database,I,MLI,Mali,TAX_REV,Tax revenue,S13,General government,_T,Total tax revenue,_T,Total,PT_B1GQ,Percentage of GDP,A,Annual,2022,,17.917,,A,Normal value,0,Units,TOTALTAX,,1,One,_Z,Not applicable
DATAFLOW,OECD.CTP.TPS:DSD_REV_COMP_GLOBAL@DF_RSGLOBAL(2.1),A comparative table of countries in the global database,I,MLI,Mali,TAX_REV,Tax revenue,S13,General government,_T,Total tax revenue,_T,Total,PT_B1GQ,Percentage of GDP,A,Annual,2021,,19.839,,A,Normal value,0,Units,TOTALTAX,,1,One,_Z,Not applicable
DATAFLOW,OECD.CTP.TPS:DSD_REV_COMP_GLOBAL@DF_RSGLOBAL(2.1),A comparative table of countries in the global database,I,MLI,Mali,TAX_REV,Tax revenue,S13,General government,_T,Total tax revenue,_T,Total,PT_B1GQ,Percentage of GDP,A,Annual,2020,,18.608,,A,Normal value,0,Units,TOTALTAX,,1,One,_Z,Not applicable
DATAFLOW,OECD.CTP.TPS:DSD_REV_COMP_GLOBAL@DF_RSGLOBAL(2.1),A comparative table of countries in the global database,I,MLI,Mali,TAX_REV,Tax revenue,S13,General government,_T,Total tax revenue,_T,Total,PT_B1GQ,Percentage of GDP,A,Annual,2019,,18.106,,A,Normal value,0,Units,TOTALTAX,,1,One,_Z,Not applicable
DATAFLOW,OECD.CTP.TPS:DSD_REV_COMP_GLOBAL@DF_RSGLOBAL(2.1),A comparative table of countries in the global database,I,MLI,Mali,TAX_REV,Tax revenue,S13,General government,_T,Total tax revenue,_T,Total,PT_B1GQ,Percentage of GDP,A,Annual,2018,,13.823,,A,Normal value,0,Units,TOTALTAX,,1,One,_Z,Not applicable
DATAFLOW,OECD.CTP.TPS:DSD_REV_COMP_GLOBAL@DF_RSGLOBAL(2.1),A comparative table of countries in the global database,I,MLI,Mali,TAX_REV,Tax revenue,S13,General government,_T,Total tax revenue,_T,Total,PT_B1GQ,Percentage of GDP,A,Annual,2017,,17.259,,A,Normal value,0,Units,TOTALTAX,,1,One,_Z,Not applicable
DATAFLOW,OECD.CTP.TPS:DSD_REV_COMP_GLOBAL@DF_RSGLOBAL(2.1),A comparative table of countries in the global database,I,MLI,Mali,TAX_REV,Tax revenue,S13,General government,_T,Total tax revenue,_T,Total,PT_B1GQ,Percentage of GDP,A,Annual,2016,,16.948,,A,Normal value,0,Units,TOTALTAX,,1,One,_Z,Not applicable
DATAFLOW,OECD.CTP.TPS:DSD_REV_COMP_GLOBAL@DF_RSGLOBAL(2.1),A comparative table of countries in the global database,I,MLI,Mali,TAX_REV,Tax revenue,S13,General government,_T,Total tax revenue,_T,Total,PT_B1GQ,Percentage of GDP,A,Annual,2015,,15.582,,A,Normal value,0,Units,TOTALTAX,,1,One,_Z,Not applicable
DATAFLOW,OECD.CTP.TPS:DSD_REV_COMP_GLOBAL@DF_RSGLOBAL(2.1),A comparative table of countries in the global database,I,MLI,Mali,TAX_REV,Tax revenue,S13,General government,_T,Total tax revenue,_T,Total,PT_B1GQ,Percentage of GDP,A,Annual,2014,,14.176,,A,Normal value,0,Units,TOTALTAX,,1,One,_Z,Not applicable
DATAFLOW,OECD.CTP.TPS:DSD_REV_COMP_GLOBAL@DF_RSGLOBAL(2.1),A comparative table of countries in the global database,I,HND,Honduras,TAX_REV,Tax revenue,S13,General government,_T,Total tax revenue,_T,Total,PT_B1GQ,Percentage of GDP,A,Annual,2023,,20.995,,A,Normal value,0,Units,TOTALTAX,,1,One,_Z,Not applicable
DATAFLOW,OECD.CTP.TPS:DSD_REV_COMP_GLOBAL@DF_RSGLOBAL(2.1),A comparative table of countries in the global database,I,HND,Honduras,TAX_REV,Tax revenue,S13,General government,_T,Total tax revenue,_T,Total,PT_B1GQ,Percentage of GDP,A,Annual,2022,,21.589,,A,Normal value,0,Units,TOTALTAX,,1,One,_Z,Not applicable
DATAFLOW,OECD.CTP.TPS:DSD_REV_COMP_GLOBAL@DF_RSGLOBAL(2.1),A comparative table of countries in the global database,I,HND,Honduras,TAX_REV,Tax revenue,S13,General government,_T,Total tax revenue,_T,Total,PT_B1GQ,Percentage of GDP,A,Annual,2021,,21.462,,A,Normal value,0,Units,TOTALTAX,,1,One,_Z,Not applicable
DATAFLOW,OECD.CTP.TPS:DSD_REV_COMP_GLOBAL@DF_RSGLOBAL(2.1),A comparative table of countries in the global database,I,HND,Honduras,TAX_REV,Tax revenue,S13,General government,_T,Total tax revenue,_T,Total,PT_B1GQ,Percentage of GDP,A,Annual,2020,,19.589,,A,Normal value,0,Units,TOTALTAX,,1,One,_Z,Not applicable
DATAFLOW,OECD.CTP.TPS:DSD_REV_COMP_GLOBAL@DF_RSGLOBAL(2.1),A comparative table of countries in the global database,I,HND,Honduras,TAX_REV,Tax revenue,S13,General government,_T,Total tax revenue,_T,Total,PT_B1GQ,Percentage of GDP,A,Annual,2019,,21.645,,A,Normal value,0,Units,TOTALTAX,,1,One,_Z,Not applicable
DATAFLOW,OECD.CTP.TPS:DSD_REV_COMP_GLOBAL@DF_RSGLOBAL(2.1),A comparative table of countries in the global database,I,HND,Honduras,TAX_REV,Tax revenue,S13,General government,_T,Total tax revenue,_T,Total,PT_B1GQ,Percentage of GDP,A,Annual,2018,,21.913,,A,Normal value,0,Units,TOTALTAX,,1,One,_Z,Not applicable
DATAFLOW,OECD.CTP.TPS:DSD_REV_COMP_GLOBAL@DF_RSGLOBAL(2.1),A comparative table of countries in the global database,I,HND,Honduras,TAX_REV,Tax revenue,S13,General government,_T,Total tax revenue,_T,Total,PT_B1GQ,Percentage of GDP,A,Annual,2017,,21.652,,A,Normal value,0,Units,TOTALTAX,,1,One,_Z,Not applicable
DATAFLOW,OECD.CTP.TPS:DSD_REV_COMP_GLOBAL@DF_RSGLOBAL(2.1),A comparative table of countries in the global database,I,HND,Honduras,TAX_REV,Tax revenue,S13,General government,_T,Total tax revenue,_T,Total,PT_B1GQ,Percentage of GDP,A,Annual,2016,,22.227,,A,Normal value,0,Units,TOTALTAX,,1,One,_Z,Not applicable
DATAFLOW,OECD.CTP.TPS:DSD_REV_COMP_GLOBAL@DF_RSGLOBAL(2.1),A comparative table of countries in the global database,I,HND,Honduras,TAX_REV,Tax revenue,S13,General government,_T,Total tax revenue,_T,Total,PT_B1GQ,Percentage of GDP,A,Annual,2015,,20.569,,A,Normal value,0,Units,TOTALTAX,,1,One,_Z,Not applicable
DATAFLOW,OECD.CTP.TPS:DSD_REV_COMP_GLOBAL@DF_RSGLOBAL(2.1),A comparative table of countries in the global database,I,HND,Honduras,TAX_REV,Tax revenue,S13,General government,_T,Total tax revenue,_T,Total,PT_B1GQ,Percentage of GDP,A,Annual,2014,,19.922,,A,Normal value,0,Units,TOTALTAX,,1,One,_Z,Not applicable
DATAFLOW,OECD.CTP.TPS:DSD_REV_COMP_GLOBAL@DF_RSGLOBAL(2.1),A comparative table of countries in the global database,I,KGZ,Kyrgyzstan,TAX_REV,Tax revenue,S13,General government,_T,Total tax revenue,_T,Total,PT_B1GQ,Percentage of GDP,A,Annual,2023,,21.913,,A,Normal value,0,Units,TOTALTAX,,1,One,_Z,Not applicable
DATAFLOW,OECD.CTP.TPS:DSD_REV_COMP_GLOBAL@DF_RSGLOBAL(2.1),A comparative table of countries in the global database,I,KGZ,Kyrgyzstan,TAX_REV,Tax revenue,S13,General government,_T,Total tax revenue,_T,Total,PT_B1GQ,Percentage of GDP,A,Annual,2022,,22.048,,A,Normal value,0,Units,TOTALTAX,,1,One,_Z,Not applicable
DATAFLOW,OECD.CTP.TPS:DSD_REV_COMP_GLOBAL@DF_RSGLOBAL(2.1),A comparative table of countries in the global database,I,KGZ,Kyrgyzstan,TAX_REV,Tax revenue,S13,General government,_T,Total tax revenue,_T,Total,PT_B1GQ,Percentage of GDP,A,Annual,2021,,18.927,,A,Normal value,0,Units,TOTALTAX,,1,One,_Z,Not applicable
DATAFLOW,OECD.CTP.TPS:DSD_REV_COMP_GLOBAL@DF_RSGLOBAL(2.1),A comparative table of countries in the global database,I,KGZ,Kyrgyzstan,TAX_REV,Tax revenue,S13,General government,_T,Total tax revenue,_T,Total,PT_B1GQ,Percentage of GDP,A,Annual,2020,,16.4,,A,Normal value,0,Units,TOTALTAX,,1,One,_Z,Not applicable
DATAFLOW,OECD.CTP.TPS:DSD_REV_COMP_GLOBAL@DF_RSGLOBAL(2.1),A comparative table of countries in the global database,I,KGZ,Kyrgyzstan,TAX_REV,Tax revenue,S13,General government,_T,Total tax revenue,_T,Total,PT_B1GQ,Percentage of GDP,A,Annual,2019,,18.358,,A,Normal value,0,Units,TOTALTAX,,1,One,_Z,Not applicable
DATAFLOW,OECD.CTP.TPS:DSD_REV_COMP_GLOBAL@DF_RSGLOBAL(2.1),A comparative table of countries in the global database,I,KGZ,Kyrgyzstan,TAX_REV,Tax revenue,S13,General government,_T,Total tax revenue,_T,Total,PT_B1GQ,Percentage of GDP,A,Annual,2018,,20.282,,A,Normal value,0,Units,TOTALTAX,,1,One,_Z,Not applicable
DATAFLOW,OECD.CTP.TPS:DSD_REV_COMP_GLOBAL@DF_RSGLOBAL(2.1),A comparative table of countries in the global database,I,KGZ,Kyrgyzstan,TAX_REV,Tax revenue,S13,General government,_T,Total tax revenue,_T,Total,PT_B1GQ,Percentage of GDP,A,Annual,2017,,19.263,,A,Normal value,0,Units,TOTALTAX,,1,One,_Z,Not applicable
DATAFLOW,OECD.CTP.TPS:DSD_REV_COMP_GLOBAL@DF_RSGLOBAL(2.1),A comparative table of countries in the global database,I,KGZ,Kyrgyzstan,TAX_REV,Tax revenue,S13,General government,_T,Total tax revenue,_T,Total,PT_B1GQ,Percentage of GDP,A,Annual,2016,,19.509,,A,Normal value,0,Units,TOTALTAX,,1,One,_Z,Not applicable
DATAFLOW,OECD.CTP.TPS:DSD_REV_COMP_GLOBAL@DF_RSGLOBAL(2.1),A comparative table of countries in the global database,I,KGZ,Kyrgyzstan,TAX_REV,Tax revenue,S13,General government,_T,Total tax revenue,_T,Total,PT_B1GQ,Percentage of GDP,A,Annual,2015,,19.102,,A,Normal value,0,Units,TOTALTAX,,1,One,_Z,Not applicable
DATAFLOW,OECD.CTP.TPS:DSD_REV_COMP_GLOBAL@DF_RSGLOBAL(2.1),A comparative table of countries in the global database,I,KGZ,Kyrgyzstan,TAX_REV,Tax revenue,S13,General government,_T,Total tax revenue,_T,Total,PT_B1GQ,Percentage of GDP,A,Annual,2014,,20.437,,A,Normal value,0,Units,TOTALTAX,,1,One,_Z,Not applicable
DATAFLOW,OECD.CTP.TPS:DSD_REV_COMP_GLOBAL@DF_RSGLOBAL(2.1),A comparative table of countries in the global database,I,KAZ,Kazakhstan,TAX_REV,Tax revenue,S13,General government,_T,Total tax revenue,_T,Total,PT_B1GQ,Percentage of GDP,A,Annual,2023,,19.465,,A,Normal value,0,Units,TOTALTAX,,1,One,_Z,Not applicable
DATAFLOW,OECD.CTP.TPS:DSD_REV_COMP_GLOBAL@DF_RSGLOBAL(2.1),A comparative table of countries in the global database,I,KAZ,Kazakhstan,TAX_REV,Tax revenue,S13,General government,_T,Total tax revenue,_T,Total,PT_B1GQ,Percentage of GDP,A,Annual,2022,,19.754,,A,Normal value,0,Units,TOTALTAX,,1,One,_Z,Not applicable
DATAFLOW,OECD.CTP.TPS:DSD_REV_COMP_GLOBAL@DF_RSGLOBAL(2.1),A comparative table of countries in the global database,I,KAZ,Kazakhstan,TAX_REV,Tax revenue,S13,General government,_T,Total tax revenue,_T,Total,PT_B1GQ,Percentage of GDP,A,Annual,2021,,15.597,,A,Normal value,0,Units,TOTALTAX,,1,One,_Z,Not applicable
DATAFLOW,OECD.CTP.TPS:DSD_REV_COMP_GLOBAL@DF_RSGLOBAL(2.1),A comparative table of countries in the global database,I,KAZ,Kazakhstan,TAX_REV,Tax revenue,S13,General government,_T,Total tax revenue,_T,Total,PT_B1GQ,Percentage of GDP,A,Annual,2020,,14.061,,A,Normal value,0,Units,TOTALTAX,,1,One,_Z,Not applicable
DATAFLOW,OECD.CTP.TPS:DSD_REV_COMP_GLOBAL@DF_RSGLOBAL(2.1),A comparative table of countries in the global database,I,KAZ,Kazakhstan,TAX_REV,Tax revenue,S13,General government,_T,Total tax revenue,_T,Total,PT_B1GQ,Percentage of GDP,A,Annual,2019,,16.676,,A,Normal value,0,Units,TOTALTAX,,1,One,_Z,Not applicable
DATAFLOW,OECD.CTP.TPS:DSD_REV_COMP_GLOBAL@DF_RSGLOBAL(2.1),A comparative table of countries in the global database,I,KAZ,Kazakhstan,TAX_REV,Tax revenue,S13,General government,_T,Total tax revenue,_T,Total,PT_B1GQ,Percentage of GDP,A,Annual,2018,,16.96,,A,Normal value,0,Units,TOTALTAX,,1,One,_Z,Not applicable
DATAFLOW,OECD.CTP.TPS:DSD_REV_COMP_GLOBAL@DF_RSGLOBAL(2.1),A comparative table of countries in the global database,I,KAZ,Kazakhstan,TAX_REV,Tax revenue,S13,General government,_T,Total tax revenue,_T,Total,PT_B1GQ,Percentage of GDP,A,Annual,2017,,16.013,,A,Normal value,0,Units,TOTALTAX,,1,One,_Z,Not applicable
DATAFLOW,OECD.CTP.TPS:DSD_REV_COMP_GLOBAL@DF_RSGLOBAL(2.1),A comparative table of countries in the global database,I,KAZ,Kazakhstan,TAX_REV,Tax revenue,S13,General government,_T,Total tax revenue,_T,Total,PT_B1GQ,Percentage of GDP,A,Annual,2016,,14.916,,A,Normal value,0,Units,TOTALTAX,,1,One,_Z,Not applicable
DATAFLOW,OECD.CTP.TPS:DSD_REV_COMP_GLOBAL@DF_RSGLOBAL(2.1),A comparative table of countries in the global database,I,KAZ,Kazakhstan,TAX_REV,Tax revenue,S13,General government,_T,Total tax revenue,_T,Total,PT_B1GQ,Percentage of GDP,A,Annual,2015,,15.539,,A,Normal value,0,Units,TOTALTAX,,1,One,_Z,Not applicable
DATAFLOW,OECD.CTP.TPS:DSD_REV_COMP_GLOBAL@DF_RSGLOBAL(2.1),A comparative table of countries in the global database,I,KAZ,Kazakhstan,TAX_REV,Tax revenue,S13,General government,_T,Total tax revenue,_T,Total,PT_B1GQ,Percentage of GDP,A,Annual,2014,,21.084,,A,Normal value,0,Units,TOTALTAX,,1,One,_Z,Not applicable
DATAFLOW,OECD.CTP.TPS:DSD_REV_COMP_GLOBAL@DF_RSGLOBAL(2.1),A comparative table of countries in the global database,I,SO,Asia and the Pacific,TAX_REV,Tax revenue,S13,General government,_T,Total tax revenue,_T,Total,PT_B1GQ,Percentage of GDP,A,Annual,2023,,19.551,,A,Normal value,0,Units,TOTALTAX,,1,One,_Z,Not applicable
DATAFLOW,OECD.CTP.TPS:DSD_REV_COMP_GLOBAL@DF_RSGLOBAL(2.1),A comparative table of countries in the global database,I,SO,Asia and the Pacific,TAX_REV,Tax revenue,S13,General government,_T,Total tax revenue,_T,Total,PT_B1GQ,Percentage of GDP,A,Annual,2022,,19.441,,A,Normal value,0,Units,TOTALTAX,,1,One,_Z,Not applicable
DATAFLOW,OECD.CTP.TPS:DSD_REV_COMP_GLOBAL@DF_RSGLOBAL(2.1),A comparative table of countries in the global database,I,SO,Asia and the Pacific,TAX_REV,Tax revenue,S13,General government,_T,Total tax revenue,_T,Total,PT_B1GQ,Percentage of GDP,A,Annual,2021,,18.677,,A,Normal value,0,Units,TOTALTAX,,1,One,_Z,Not applicable
DATAFLOW,OECD.CTP.TPS:DSD_REV_COMP_GLOBAL@DF_RSGLOBAL(2.1),A comparative table of countries in the global database,I,SO,Asia and the Pacific,TAX_REV,Tax revenue,S13,General government,_T,Total tax revenue,_T,Total,PT_B1GQ,Percentage of GDP,A,Annual,2020,,18.357,,A,Normal value,0,Units,TOTALTAX,,1,One,_Z,Not applicable
DATAFLOW,OECD.CTP.TPS:DSD_REV_COMP_GLOBAL@DF_RSGLOBAL(2.1),A comparative table of countries in the global database,I,SO,Asia and the Pacific,TAX_REV,Tax revenue,S13,General government,_T,Total tax revenue,_T,Total,PT_B1GQ,Percentage of GDP,A,Annual,2019,,19.299,,A,Normal value,0,Units,TOTALTAX,,1,One,_Z,Not applicable
DATAFLOW,OECD.CTP.TPS:DSD_REV_COMP_GLOBAL@DF_RSGLOBAL(2.1),A comparative table of countries in the global database,I,SO,Asia and the Pacific,TAX_REV,Tax revenue,S13,General government,_T,Total tax revenue,_T,Total,PT_B1GQ,Percentage of GDP,A,Annual,2018,,19.141,,A,Normal value,0,Units,TOTALTAX,,1,One,_Z,Not applicable
DATAFLOW,OECD.CTP.TPS:DSD_REV_COMP_GLOBAL@DF_RSGLOBAL(2.1),A comparative table of countries in the global database,I,SO,Asia and the Pacific,TAX_REV,Tax revenue,S13,General government,_T,Total tax revenue,_T,Total,PT_B1GQ,Percentage of GDP,A,Annual,2017,,18.773,,A,Normal value,0,Units,TOTALTAX,,1,One,_Z,Not applicable
DATAFLOW,OECD.CTP.TPS:DSD_REV_COMP_GLOBAL@DF_RSGLOBAL(2.1),A comparative table of countries in the global database,I,SO,Asia and the Pacific,TAX_REV,Tax revenue,S13,General government,_T,Total tax revenue,_T,Total,PT_B1GQ,Percentage of GDP,A,Annual,2016,,17.904,,A,Normal value,0,Units,TOTALTAX,,1,One,_Z,Not applicable
DATAFLOW,OECD.CTP.TPS:DSD_REV_COMP_GLOBAL@DF_RSGLOBAL(2.1),A comparative table of countries in the global database,I,SO,Asia and the Pacific,TAX_REV,Tax revenue,S13,General government,_T,Total tax revenue,_T,Total,PT_B1GQ,Percentage of GDP,A,Annual,2015,,18.54,,A,Normal value,0,Units,TOTALTAX,,1,One,_Z,Not applicable
DATAFLOW,OECD.CTP.TPS:DSD_REV_COMP_GLOBAL@DF_RSGLOBAL(2.1),A comparative table of countries in the global database,I,SO,Asia and the Pacific,TAX_REV,Tax revenue,S13,General government,_T,Total tax revenue,_T,Total,PT_B1GQ,Percentage of GDP,A,Annual,2014,,18.363,,A,Normal value,0,Units,TOTALTAX,,1,One,_Z,Not applicable
DATAFLOW,OECD.CTP.TPS:DSD_REV_COMP_GLOBAL@DF_RSGLOBAL(2.1),A comparative table of countries in the global database,I,SWZ,Eswatini,TAX_REV,Tax revenue,S13,General government,_T,Total tax revenue,_T,Total,PT_B1GQ,Percentage of GDP,A,Annual,2022,,17.604,,A,Normal value,0,Units,TOTALTAX,,1,One,_Z,Not applicable
DATAFLOW,OECD.CTP.TPS:DSD_REV_COMP_GLOBAL@DF_RSGLOBAL(2.1),A comparative table of countries in the global database,I,SWZ,Eswatini,TAX_REV,Tax revenue,S13,General government,_T,Total tax revenue,_T,Total,PT_B1GQ,Percentage of GDP,A,Annual,2021,,17.421,,A,Normal value,0,Units,TOTALTAX,,1,One,_Z,Not applicable
DATAFLOW,OECD.CTP.TPS:DSD_REV_COMP_GLOBAL@DF_RSGLOBAL(2.1),A comparative table of countries in the global database,I,SWZ,Eswatini,TAX_REV,Tax revenue,S13,General government,_T,Total tax revenue,_T,Total,PT_B1GQ,Percentage of GDP,A,Annual,2020,,17.754,,A,Normal value,0,Units,TOTALTAX,,1,One,_Z,Not applicable
DATAFLOW,OECD.CTP.TPS:DSD_REV_COMP_GLOBAL@DF_RSGLOBAL(2.1),A comparative table of countries in the global database,I,SWZ,Eswatini,TAX_REV,Tax revenue,S13,General government,_T,Total tax revenue,_T,Total,PT_B1GQ,Percentage of GDP,A,Annual,2019,,18.263,,A,Normal value,0,Units,TOTALTAX,,1,One,_Z,Not applicable
DATAFLOW,OECD.CTP.TPS:DSD_REV_COMP_GLOBAL@DF_RSGLOBAL(2.1),A comparative table of countries in the global database,I,SWZ,Eswatini,TAX_REV,Tax revenue,S13,General government,_T,Total tax revenue,_T,Total,PT_B1GQ,Percentage of GDP,A,Annual,2018,,17.404,,A,Normal value,0,Units,TOTALTAX,,1,One,_Z,Not applicable
DATAFLOW,OECD.CTP.TPS:DSD_REV_COMP_GLOBAL@DF_RSGLOBAL(2.1),A comparative table of countries in the global database,I,SWZ,Eswatini,TAX_REV,Tax revenue,S13,General government,_T,Total tax revenue,_T,Total,PT_B1GQ,Percentage of GDP,A,Annual,2017,,16.987,,A,Normal value,0,Units,TOTALTAX,,1,One,_Z,Not applicable
DATAFLOW,OECD.CTP.TPS:DSD_REV_COMP_GLOBAL@DF_RSGLOBAL(2.1),A comparative table of countries in the global database,I,SWZ,Eswatini,TAX_REV,Tax revenue,S13,General government,_T,Total tax revenue,_T,Total,PT_B1GQ,Percentage of GDP,A,Annual,2016,,16.099,,A,Normal value,0,Units,TOTALTAX,,1,One,_Z,Not applicable
DATAFLOW,OECD.CTP.TPS:DSD_REV_COMP_GLOBAL@DF_RSGLOBAL(2.1),A comparative table of countries in the global database,I,SWZ,Eswatini,TAX_REV,Tax revenue,S13,General government,_T,Total tax revenue,_T,Total,PT_B1GQ,Percentage of GDP,A,Annual,2015,,14.953,,A,Normal value,0,Units,TOTALTAX,,1,One,_Z,Not applicable
DATAFLOW,OECD.CTP.TPS:DSD_REV_COMP_GLOBAL@DF_RSGLOBAL(2.1),A comparative table of countries in the global database,I,SWZ,Eswatini,TAX_REV,Tax revenue,S13,General government,_T,Total tax revenue,_T,Total,PT_B1GQ,Percentage of GDP,A,Annual,2014,,14.904,,A,Normal value,0,Units,TOTALTAX,,1,One,_Z,Not applicable
DATAFLOW,OECD.CTP.TPS:DSD_REV_COMP_GLOBAL@DF_RSGLOBAL(2.1),A comparative table of countries in the global database,I,GIN,Guinea,TAX_REV,Tax revenue,S13,General government,_T,Total tax revenue,_T,Total,PT_B1GQ,Percentage of GDP,A,Annual,2022,,10.766,,A,Normal value,0,Units,TOTALTAX,,1,One,_Z,Not applicable
DATAFLOW,OECD.CTP.TPS:DSD_REV_COMP_GLOBAL@DF_RSGLOBAL(2.1),A comparative table of countries in the global database,I,GIN,Guinea,TAX_REV,Tax revenue,S13,General government,_T,Total tax revenue,_T,Total,PT_B1GQ,Percentage of GDP,A,Annual,2021,,11.093,,A,Normal value,0,Units,TOTALTAX,,1,One,_Z,Not applicable
DATAFLOW,OECD.CTP.TPS:DSD_REV_COMP_GLOBAL@DF_RSGLOBAL(2.1),A comparative table of countries in the global database,I,GIN,Guinea,TAX_REV,Tax revenue,S13,General government,_T,Total tax revenue,_T,Total,PT_B1GQ,Percentage of GDP,A,Annual,2020,,11.705,,A,Normal value,0,Units,TOTALTAX,,1,One,_Z,Not applicable
DATAFLOW,OECD.CTP.TPS:DSD_REV_COMP_GLOBAL@DF_RSGLOBAL(2.1),A comparative table of countries in the global database,I,GIN,Guinea,TAX_REV,Tax revenue,S13,General government,_T,Total tax revenue,_T,Total,PT_B1GQ,Percentage of GDP,A,Annual,2019,,12.215,,A,Normal value,0,Units,TOTALTAX,,1,One,_Z,Not applicable
DATAFLOW,OECD.CTP.TPS:DSD_REV_COMP_GLOBAL@DF_RSGLOBAL(2.1),A comparative table of countries in the global database,I,GIN,Guinea,TAX_REV,Tax revenue,S13,General government,_T,Total tax revenue,_T,Total,PT_B1GQ,Percentage of GDP,A,Annual,2018,,11.977,,A,Normal value,0,Units,TOTALTAX,,1,One,_Z,Not applicable
DATAFLOW,OECD.CTP.TPS:DSD_REV_COMP_GLOBAL@DF_RSGLOBAL(2.1),A comparative table of countries in the global database,I,GIN,Guinea,TAX_REV,Tax revenue,S13,General government,_T,Total tax revenue,_T,Total,PT_B1GQ,Percentage of GDP,A,Annual,2017,,12.781,,A,Normal value,0,Units,TOTALTAX,,1,One,_Z,Not applicable
DATAFLOW,OECD.CTP.TPS:DSD_REV_COMP_GLOBAL@DF_RSGLOBAL(2.1),A comparative table of countries in the global database,I,GIN,Guinea,TAX_REV,Tax revenue,S13,General government,_T,Total tax revenue,_T,Total,PT_B1GQ,Percentage of GDP,A,Annual,2016,,14.045,,A,Normal value,0,Units,TOTALTAX,,1,One,_Z,Not applicable
DATAFLOW,OECD.CTP.TPS:DSD_REV_COMP_GLOBAL@DF_RSGLOBAL(2.1),A comparative table of countries in the global database,I,GIN,Guinea,TAX_REV,Tax revenue,S13,General government,_T,Total tax revenue,_T,Total,PT_B1GQ,Percentage of GDP,A,Annual,2015,,13.028,,A,Normal value,0,Units,TOTALTAX,,1,One,_Z,Not applicable
DATAFLOW,OECD.CTP.TPS:DSD_REV_COMP_GLOBAL@DF_RSGLOBAL(2.1),A comparative table of countries in the global database,I,GIN,Guinea,TAX_REV,Tax revenue,S13,General government,_T,Total tax revenue,_T,Total,PT_B1GQ,Percentage of GDP,A,Annual,2014,,13.052,,A,Normal value,0,Units,TOTALTAX,,1,One,_Z,Not applicable
DATAFLOW,OECD.CTP.TPS:DSD_REV_COMP_GLOBAL@DF_RSGLOBAL(2.1),A comparative table of countries in the global database,I,MDG,Madagascar,TAX_REV,Tax revenue,S13,General government,_T,Total tax revenue,_T,Total,PT_B1GQ,Percentage of GDP,A,Annual,2022,,11.473,,A,Normal value,0,Units,TOTALTAX,,1,One,_Z,Not applicable
DATAFLOW,OECD.CTP.TPS:DSD_REV_COMP_GLOBAL@DF_RSGLOBAL(2.1),A comparative table of countries in the global database,I,MDG,Madagascar,TAX_REV,Tax revenue,S13,General government,_T,Total tax revenue,_T,Total,PT_B1GQ,Percentage of GDP,A,Annual,2021,,10.673,,A,Normal value,0,Units,TOTALTAX,,1,One,_Z,Not applicable
DATAFLOW,OECD.CTP.TPS:DSD_REV_COMP_GLOBAL@DF_RSGLOBAL(2.1),A comparative table of countries in the global database,I,MDG,Madagascar,TAX_REV,Tax revenue,S13,General government,_T,Total tax revenue,_T,Total,PT_B1GQ,Percentage of GDP,A,Annual,2020,,10.137,,A,Normal value,0,Units,TOTALTAX,,1,One,_Z,Not applicable
DATAFLOW,OECD.CTP.TPS:DSD_REV_COMP_GLOBAL@DF_RSGLOBAL(2.1),A comparative table of countries in the global database,I,MDG,Madagascar,TAX_REV,Tax revenue,S13,General government,_T,Total tax revenue,_T,Total,PT_B1GQ,Percentage of GDP,A,Annual,2019,,11.062,,A,Normal value,0,Units,TOTALTAX,,1,One,_Z,Not applicable
DATAFLOW,OECD.CTP.TPS:DSD_REV_COMP_GLOBAL@DF_RSGLOBAL(2.1),A comparative table of countries in the global database,I,MDG,Madagascar,TAX_REV,Tax revenue,S13,General government,_T,Total tax revenue,_T,Total,PT_B1GQ,Percentage of GDP,A,Annual,2018,,10.911,,A,Normal value,0,Units,TOTALTAX,,1,One,_Z,Not applicable
DATAFLOW,OECD.CTP.TPS:DSD_REV_COMP_GLOBAL@DF_RSGLOBAL(2.1),A comparative table of countries in the global database,I,MDG,Madagascar,TAX_REV,Tax revenue,S13,General government,_T,Total tax revenue,_T,Total,PT_B1GQ,Percentage of GDP,A,Annual,2017,,10.415,,A,Normal value,0,Units,TOTALTAX,,1,One,_Z,Not applicable
DATAFLOW,OECD.CTP.TPS:DSD_REV_COMP_GLOBAL@DF_RSGLOBAL(2.1),A comparative table of countries in the global database,I,MDG,Madagascar,TAX_REV,Tax revenue,S13,General government,_T,Total tax revenue,_T,Total,PT_B1GQ,Percentage of GDP,A,Annual,2016,,9.596,,A,Normal value,0,Units,TOTALTAX,,1,One,_Z,Not applicable
DATAFLOW,OECD.CTP.TPS:DSD_REV_COMP_GLOBAL@DF_RSGLOBAL(2.1),A comparative table of countries in the global database,I,MDG,Madagascar,TAX_REV,Tax revenue,S13,General government,_T,Total tax revenue,_T,Total,PT_B1GQ,Percentage of GDP,A,Annual,2015,,9.349,,A,Normal value,0,Units,TOTALTAX,,1,One,_Z,Not applicable
DATAFLOW,OECD.CTP.TPS:DSD_REV_COMP_GLOBAL@DF_RSGLOBAL(2.1),A comparative table of countries in the global database,I,MDG,Madagascar,TAX_REV,Tax revenue,S13,General government,_T,Total tax revenue,_T,Total,PT_B1GQ,Percentage of GDP,A,Annual,2014,,8.833,,A,Normal value,0,Units,TOTALTAX,,1,One,_Z,Not applicable
DATAFLOW,OECD.CTP.TPS:DSD_REV_COMP_GLOBAL@DF_RSGLOBAL(2.1),A comparative table of countries in the global database,I,IDN,Indonesia,TAX_REV,Tax revenue,S13,General government,_T,Total tax revenue,_T,Total,PT_B1GQ,Percentage of GDP,A,Annual,2023,,12.048,,A,Normal value,0,Units,TOTALTAX,,1,One,_Z,Not applicable
DATAFLOW,OECD.CTP.TPS:DSD_REV_COMP_GLOBAL@DF_RSGLOBAL(2.1),A comparative table of countries in the global database,I,IDN,Indonesia,TAX_REV,Tax revenue,S13,General government,_T,Total tax revenue,_T,Total,PT_B1GQ,Percentage of GDP,A,Annual,2022,,12.068,,A,Normal value,0,Units,TOTALTAX,,1,One,_Z,Not applicable
DATAFLOW,OECD.CTP.TPS:DSD_REV_COMP_GLOBAL@DF_RSGLOBAL(2.1),A comparative table of countries in the global database,I,IDN,Indonesia,TAX_REV,Tax revenue,S13,General government,_T,Total tax revenue,_T,Total,PT_B1GQ,Percentage of GDP,A,Annual,2021,,10.866,,A,Normal value,0,Units,TOTALTAX,,1,One,_Z,Not applicable
DATAFLOW,OECD.CTP.TPS:DSD_REV_COMP_GLOBAL@DF_RSGLOBAL(2.1),A comparative table of countries in the global database,I,IDN,Indonesia,TAX_REV,Tax revenue,S13,General government,_T,Total tax revenue,_T,Total,PT_B1GQ,Percentage of GDP,A,Annual,2020,,10.071,,A,Normal value,0,Units,TOTALTAX,,1,One,_Z,Not applicable
DATAFLOW,OECD.CTP.TPS:DSD_REV_COMP_GLOBAL@DF_RSGLOBAL(2.1),A comparative table of countries in the global database,I,IDN,Indonesia,TAX_REV,Tax revenue,S13,General government,_T,Total tax revenue,_T,Total,PT_B1GQ,Percentage of GDP,A,Annual,2019,,11.588,,A,Normal value,0,Units,TOTALTAX,,1,One,_Z,Not applicable
DATAFLOW,OECD.CTP.TPS:DSD_REV_COMP_GLOBAL@DF_RSGLOBAL(2.1),A comparative table of countries in the global database,I,IDN,Indonesia,TAX_REV,Tax revenue,S13,General government,_T,Total tax revenue,_T,Total,PT_B1GQ,Percentage of GDP,A,Annual,2018,,11.973,,A,Normal value,0,Units,TOTALTAX,,1,One,_Z,Not applicable
DATAFLOW,OECD.CTP.TPS:DSD_REV_COMP_GLOBAL@DF_RSGLOBAL(2.1),A comparative table of countries in the global database,I,IDN,Indonesia,TAX_REV,Tax revenue,S13,General government,_T,Total tax revenue,_T,Total,PT_B1GQ,Percentage of GDP,A,Annual,2017,,11.612,,A,Normal value,0,Units,TOTALTAX,,1,One,_Z,Not applicable
DATAFLOW,OECD.CTP.TPS:DSD_REV_COMP_GLOBAL@DF_RSGLOBAL(2.1),A comparative table of countries in the global database,I,IDN,Indonesia,TAX_REV,Tax revenue,S13,General government,_T,Total tax revenue,_T,Total,PT_B1GQ,Percentage of GDP,A,Annual,2016,,12.009,,A,Normal value,0,Units,TOTALTAX,,1,One,_Z,Not applicable
DATAFLOW,OECD.CTP.TPS:DSD_REV_COMP_GLOBAL@DF_RSGLOBAL(2.1),A comparative table of countries in the global database,I,IDN,Indonesia,TAX_REV,Tax revenue,S13,General government,_T,Total tax revenue,_T,Total,PT_B1GQ,Percentage of GDP,A,Annual,2015,,12.111,,A,Normal value,0,Units,TOTALTAX,,1,One,_Z,Not applicable
DATAFLOW,OECD.CTP.TPS:DSD_REV_COMP_GLOBAL@DF_RSGLOBAL(2.1),A comparative table of countries in the global database,I,IDN,Indonesia,TAX_REV,Tax revenue,S13,General government,_T,Total tax revenue,_T,Total,PT_B1GQ,Percentage of GDP,A,Annual,2014,,12.163,,A,Normal value,0,Units,TOTALTAX,,1,One,_Z,Not applicable
DATAFLOW,OECD.CTP.TPS:DSD_REV_COMP_GLOBAL@DF_RSGLOBAL(2.1),A comparative table of countries in the global database,I,KEN,Kenya,TAX_REV,Tax revenue,S13,General government,_T,Total tax revenue,_T,Total,PT_B1GQ,Percentage of GDP,A,Annual,2022,,16.788,,A,Normal value,0,Units,TOTALTAX,,1,One,_Z,Not applicable
DATAFLOW,OECD.CTP.TPS:DSD_REV_COMP_GLOBAL@DF_RSGLOBAL(2.1),A comparative table of countries in the global database,I,KEN,Kenya,TAX_REV,Tax revenue,S13,General government,_T,Total tax revenue,_T,Total,PT_B1GQ,Percentage of GDP,A,Annual,2021,,15.419,,A,Normal value,0,Units,TOTALTAX,,1,One,_Z,Not applicable
DATAFLOW,OECD.CTP.TPS:DSD_REV_COMP_GLOBAL@DF_RSGLOBAL(2.1),A comparative table of countries in the global database,I,KEN,Kenya,TAX_REV,Tax revenue,S13,General government,_T,Total tax revenue,_T,Total,PT_B1GQ,Percentage of GDP,A,Annual,2020,,15.999,,A,Normal value,0,Units,TOTALTAX,,1,One,_Z,Not applicable
DATAFLOW,OECD.CTP.TPS:DSD_REV_COMP_GLOBAL@DF_RSGLOBAL(2.1),A comparative table of countries in the global database,I,KEN,Kenya,TAX_REV,Tax revenue,S13,General government,_T,Total tax revenue,_T,Total,PT_B1GQ,Percentage of GDP,A,Annual,2019,,16.497,,A,Normal value,0,Units,TOTALTAX,,1,One,_Z,Not applicable
DATAFLOW,OECD.CTP.TPS:DSD_REV_COMP_GLOBAL@DF_RSGLOBAL(2.1),A comparative table of countries in the global database,I,KEN,Kenya,TAX_REV,Tax revenue,S13,General government,_T,Total tax revenue,_T,Total,PT_B1GQ,Percentage of GDP,A,Annual,2018,,16.768,,A,Normal value,0,Units,TOTALTAX,,1,One,_Z,Not applicable
DATAFLOW,OECD.CTP.TPS:DSD_REV_COMP_GLOBAL@DF_RSGLOBAL(2.1),A comparative table of countries in the global database,I,KEN,Kenya,TAX_REV,Tax revenue,S13,General government,_T,Total tax revenue,_T,Total,PT_B1GQ,Percentage of GDP,A,Annual,2017,,17.518,,A,Normal value,0,Units,TOTALTAX,,1,One,_Z,Not applicable
DATAFLOW,OECD.CTP.TPS:DSD_REV_COMP_GLOBAL@DF_RSGLOBAL(2.1),A comparative table of countries in the global database,I,KEN,Kenya,TAX_REV,Tax revenue,S13,General government,_T,Total tax revenue,_T,Total,PT_B1GQ,Percentage of GDP,A,Annual,2016,,17.156,,A,Normal value,0,Units,TOTALTAX,,1,One,_Z,Not applicable
DATAFLOW,OECD.CTP.TPS:DSD_REV_COMP_GLOBAL@DF_RSGLOBAL(2.1),A comparative table of countries in the global database,I,KEN,Kenya,TAX_REV,Tax revenue,S13,General government,_T,Total tax revenue,_T,Total,PT_B1GQ,Percentage of GDP,A,Annual,2015,,17.018,,A,Normal value,0,Units,TOTALTAX,,1,One,_Z,Not applicable
DATAFLOW,OECD.CTP.TPS:DSD_REV_COMP_GLOBAL@DF_RSGLOBAL(2.1),A comparative table of countries in the global database,I,KEN,Kenya,TAX_REV,Tax revenue,S13,General government,_T,Total tax revenue,_T,Total,PT_B1GQ,Percentage of GDP,A,Annual,2014,,17.444,,A,Normal value,0,Units,TOTALTAX,,1,One,_Z,Not applicable
DATAFLOW,OECD.CTP.TPS:DSD_REV_COMP_GLOBAL@DF_RSGLOBAL(2.1),A comparative table of countries in the global database,I,SLV,El Salvador,TAX_REV,Tax revenue,S13,General government,_T,Total tax revenue,_T,Total,PT_B1GQ,Percentage of GDP,A,Annual,2023,,22.817,,A,Normal value,0,Units,TOTALTAX,,1,One,_Z,Not applicable
DATAFLOW,OECD.CTP.TPS:DSD_REV_COMP_GLOBAL@DF_RSGLOBAL(2.1),A comparative table of countries in the global database,I,SLV,El Salvador,TAX_REV,Tax revenue,S13,General government,_T,Total tax revenue,_T,Total,PT_B1GQ,Percentage of GDP,A,Annual,2022,,23.253,,A,Normal value,0,Units,TOTALTAX,,1,One,_Z,Not applicable
DATAFLOW,OECD.CTP.TPS:DSD_REV_COMP_GLOBAL@DF_RSGLOBAL(2.1),A comparative table of countries in the global database,I,SLV,El Salvador,TAX_REV,Tax revenue,S13,General government,_T,Total tax revenue,_T,Total,PT_B1GQ,Percentage of GDP,A,Annual,2021,,23.123,,A,Normal value,0,Units,TOTALTAX,,1,One,_Z,Not applicable
DATAFLOW,OECD.CTP.TPS:DSD_REV_COMP_GLOBAL@DF_RSGLOBAL(2.1),A comparative table of countries in the global database,I,SLV,El Salvador,TAX_REV,Tax revenue,S13,General government,_T,Total tax revenue,_T,Total,PT_B1GQ,Percentage of GDP,A,Annual,2020,,21.685,,A,Normal value,0,Units,TOTALTAX,,1,One,_Z,Not applicable
DATAFLOW,OECD.CTP.TPS:DSD_REV_COMP_GLOBAL@DF_RSGLOBAL(2.1),A comparative table of countries in the global database,I,SLV,El Salvador,TAX_REV,Tax revenue,S13,General government,_T,Total tax revenue,_T,Total,PT_B1GQ,Percentage of GDP,A,Annual,2019,,20.981,,A,Normal value,0,Units,TOTALTAX,,1,One,_Z,Not applicable
DATAFLOW,OECD.CTP.TPS:DSD_REV_COMP_GLOBAL@DF_RSGLOBAL(2.1),A comparative table of countries in the global database,I,SLV,El Salvador,TAX_REV,Tax revenue,S13,General government,_T,Total tax revenue,_T,Total,PT_B1GQ,Percentage of GDP,A,Annual,2018,,21.31,,A,Normal value,0,Units,TOTALTAX,,1,One,_Z,Not applicable
DATAFLOW,OECD.CTP.TPS:DSD_REV_COMP_GLOBAL@DF_RSGLOBAL(2.1),A comparative table of countries in the global database,I,SLV,El Salvador,TAX_REV,Tax revenue,S13,General government,_T,Total tax revenue,_T,Total,PT_B1GQ,Percentage of GDP,A,Annual,2017,,20.953,,A,Normal value,0,Units,TOTALTAX,,1,One,_Z,Not applicable
DATAFLOW,OECD.CTP.TPS:DSD_REV_COMP_GLOBAL@DF_RSGLOBAL(2.1),A comparative table of countries in the global database,I,SLV,El Salvador,TAX_REV,Tax revenue,S13,General government,_T,Total tax revenue,_T,Total,PT_B1GQ,Percentage of GDP,A,Annual,2016,,20.525,,A,Normal value,0,Units,TOTALTAX,,1,One,_Z,Not applicable
DATAFLOW,OECD.CTP.TPS:DSD_REV_COMP_GLOBAL@DF_RSGLOBAL(2.1),A comparative table of countries in the global database,I,SLV,El Salvador,TAX_REV,Tax revenue,S13,General government,_T,Total tax revenue,_T,Total,PT_B1GQ,Percentage of GDP,A,Annual,2015,,19.876,,A,Normal value,0,Units,TOTALTAX,,1,One,_Z,Not applicable
DATAFLOW,OECD.CTP.TPS:DSD_REV_COMP_GLOBAL@DF_RSGLOBAL(2.1),A comparative table of countries in the global database,I,SLV,El Salvador,TAX_REV,Tax revenue,S13,General government,_T,Total tax revenue,_T,Total,PT_B1GQ,Percentage of GDP,A,Annual,2014,,19.822,,A,Normal value,0,Units,TOTALTAX,,1,One,_Z,Not applicable
DATAFLOW,OECD.CTP.TPS:DSD_REV_COMP_GLOBAL@DF_RSGLOBAL(2.1),A comparative table of countries in the global database,I,GEO,Georgia,TAX_REV,Tax revenue,S13,General government,_T,Total tax revenue,_T,Total,PT_B1GQ,Percentage of GDP,A,Annual,2023,,24.401,,A,Normal value,0,Units,TOTALTAX,,1,One,_Z,Not applicable
DATAFLOW,OECD.CTP.TPS:DSD_REV_COMP_GLOBAL@DF_RSGLOBAL(2.1),A comparative table of countries in the global database,I,GEO,Georgia,TAX_REV,Tax revenue,S13,General government,_T,Total tax revenue,_T,Total,PT_B1GQ,Percentage of GDP,A,Annual,2022,,23.731,,A,Normal value,0,Units,TOTALTAX,,1,One,_Z,Not applicable
DATAFLOW,OECD.CTP.TPS:DSD_REV_COMP_GLOBAL@DF_RSGLOBAL(2.1),A comparative table of countries in the global database,I,GEO,Georgia,TAX_REV,Tax revenue,S13,General government,_T,Total tax revenue,_T,Total,PT_B1GQ,Percentage of GDP,A,Annual,2021,,22.314,,A,Normal value,0,Units,TOTALTAX,,1,One,_Z,Not applicable
DATAFLOW,OECD.CTP.TPS:DSD_REV_COMP_GLOBAL@DF_RSGLOBAL(2.1),A comparative table of countries in the global database,I,GEO,Georgia,TAX_REV,Tax revenue,S13,General government,_T,Total tax revenue,_T,Total,PT_B1GQ,Percentage of GDP,A,Annual,2020,,22.052,,A,Normal value,0,Units,TOTALTAX,,1,One,_Z,Not applicable
DATAFLOW,OECD.CTP.TPS:DSD_REV_COMP_GLOBAL@DF_RSGLOBAL(2.1),A comparative table of countries in the global database,I,GEO,Georgia,TAX_REV,Tax revenue,S13,General government,_T,Total tax revenue,_T,Total,PT_B1GQ,Percentage of GDP,A,Annual,2019,,23.851,,A,Normal value,0,Units,TOTALTAX,,1,One,_Z,Not applicable
DATAFLOW,OECD.CTP.TPS:DSD_REV_COMP_GLOBAL@DF_RSGLOBAL(2.1),A comparative table of countries in the global database,I,GEO,Georgia,TAX_REV,Tax revenue,S13,General government,_T,Total tax revenue,_T,Total,PT_B1GQ,Percentage of GDP,A,Annual,2018,,23.02,,A,Normal value,0,Units,TOTALTAX,,1,One,_Z,Not applicable
DATAFLOW,OECD.CTP.TPS:DSD_REV_COMP_GLOBAL@DF_RSGLOBAL(2.1),A comparative table of countries in the global database,I,GEO,Georgia,TAX_REV,Tax revenue,S13,General government,_T,Total tax revenue,_T,Total,PT_B1GQ,Percentage of GDP,A,Annual,2017,,23.968,,A,Normal value,0,Units,TOTALTAX,,1,One,_Z,Not applicable
DATAFLOW,OECD.CTP.TPS:DSD_REV_COMP_GLOBAL@DF_RSGLOBAL(2.1),A comparative table of countries in the global database,I,GEO,Georgia,TAX_REV,Tax revenue,S13,General government,_T,Total tax revenue,_T,Total,PT_B1GQ,Percentage of GDP,A,Annual,2016,,24.036,,A,Normal value,0,Units,TOTALTAX,,1,One,_Z,Not applicable
DATAFLOW,OECD.CTP.TPS:DSD_REV_COMP_GLOBAL@DF_RSGLOBAL(2.1),A comparative table of countries in the global database,I,GEO,Georgia,TAX_REV,Tax revenue,S13,General government,_T,Total tax revenue,_T,Total,PT_B1GQ,Percentage of GDP,A,Annual,2015,,23.187,,A,Normal value,0,Units,TOTALTAX,,1,One,_Z,Not applicable
DATAFLOW,OECD.CTP.TPS:DSD_REV_COMP_GLOBAL@DF_RSGLOBAL(2.1),A comparative table of countries in the global database,I,GEO,Georgia,TAX_REV,Tax revenue,S13,General government,_T,Total tax revenue,_T,Total,PT_B1GQ,Percentage of GDP,A,Annual,2014,,22.828,,A,Normal value,0,Units,TOTALTAX,,1,One,_Z,Not applicable
DATAFLOW,OECD.CTP.TPS:DSD_REV_COMP_GLOBAL@DF_RSGLOBAL(2.1),A comparative table of countries in the global database,I,MHL,Marshall Islands,TAX_REV,Tax revenue,S13,General government,_T,Total tax revenue,_T,Total,PT_B1GQ,Percentage of GDP,A,Annual,2023,,25.148,,A,Normal value,0,Units,TOTALTAX,,1,One,_Z,Not applicable
DATAFLOW,OECD.CTP.TPS:DSD_REV_COMP_GLOBAL@DF_RSGLOBAL(2.1),A comparative table of countries in the global database,I,MHL,Marshall Islands,TAX_REV,Tax revenue,S13,General government,_T,Total tax revenue,_T,Total,PT_B1GQ,Percentage of GDP,A,Annual,2022,,26.108,,A,Normal value,0,Units,TOTALTAX,,1,One,_Z,Not applicable
DATAFLOW,OECD.CTP.TPS:DSD_REV_COMP_GLOBAL@DF_RSGLOBAL(2.1),A comparative table of countries in the global database,I,MHL,Marshall Islands,TAX_REV,Tax revenue,S13,General government,_T,Total tax revenue,_T,Total,PT_B1GQ,Percentage of GDP,A,Annual,2021,,25.624,,A,Normal value,0,Units,TOTALTAX,,1,One,_Z,Not applicable
DATAFLOW,OECD.CTP.TPS:DSD_REV_COMP_GLOBAL@DF_RSGLOBAL(2.1),A comparative table of countries in the global database,I,MHL,Marshall Islands,TAX_REV,Tax revenue,S13,General government,_T,Total tax revenue,_T,Total,PT_B1GQ,Percentage of GDP,A,Annual,2020,,26.4,,A,Normal value,0,Units,TOTALTAX,,1,One,_Z,Not applicable
DATAFLOW,OECD.CTP.TPS:DSD_REV_COMP_GLOBAL@DF_RSGLOBAL(2.1),A comparative table of countries in the global database,I,MHL,Marshall Islands,TAX_REV,Tax revenue,S13,General government,_T,Total tax revenue,_T,Total,PT_B1GQ,Percentage of GDP,A,Annual,2019,,26.603,,A,Normal value,0,Units,TOTALTAX,,1,One,_Z,Not applicable
DATAFLOW,OECD.CTP.TPS:DSD_REV_COMP_GLOBAL@DF_RSGLOBAL(2.1),A comparative table of countries in the global database,I,MHL,Marshall Islands,TAX_REV,Tax revenue,S13,General government,_T,Total tax revenue,_T,Total,PT_B1GQ,Percentage of GDP,A,Annual,2018,,26.906,,A,Normal value,0,Units,TOTALTAX,,1,One,_Z,Not applicable
DATAFLOW,OECD.CTP.TPS:DSD_REV_COMP_GLOBAL@DF_RSGLOBAL(2.1),A comparative table of countries in the global database,I,MHL,Marshall Islands,TAX_REV,Tax revenue,S13,General government,_T,Total tax revenue,_T,Total,PT_B1GQ,Percentage of GDP,A,Annual,2017,,26.416,,A,Normal value,0,Units,TOTALTAX,,1,One,_Z,Not applicable
DATAFLOW,OECD.CTP.TPS:DSD_REV_COMP_GLOBAL@DF_RSGLOBAL(2.1),A comparative table of countries in the global database,I,MHL,Marshall Islands,TAX_REV,Tax revenue,S13,General government,_T,Total tax revenue,_T,Total,PT_B1GQ,Percentage of GDP,A,Annual,2016,,25.137,,A,Normal value,0,Units,TOTALTAX,,1,One,_Z,Not applicable
DATAFLOW,OECD.CTP.TPS:DSD_REV_COMP_GLOBAL@DF_RSGLOBAL(2.1),A comparative table of countries in the global database,I,MHL,Marshall Islands,TAX_REV,Tax revenue,S13,General government,_T,Total tax revenue,_T,Total,PT_B1GQ,Percentage of GDP,A,Annual,2015,,25.805,,A,Normal value,0,Units,TOTALTAX,,1,One,_Z,Not applicable
DATAFLOW,OECD.CTP.TPS:DSD_REV_COMP_GLOBAL@DF_RSGLOBAL(2.1),A comparative table of countries in the global database,I,MHL,Marshall Islands,TAX_REV,Tax revenue,S13,General government,_T,Total tax revenue,_T,Total,PT_B1GQ,Percentage of GDP,A,Annual,2014,,24.452,,A,Normal value,0,Units,TOTALTAX,,1,One,_Z,Not applicable
DATAFLOW,OECD.CTP.TPS:DSD_REV_COMP_GLOBAL@DF_RSGLOBAL(2.1),A comparative table of countries in the global database,I,GHA,Ghana,TAX_REV,Tax revenue,S13,General government,_T,Total tax revenue,_T,Total,PT_B1GQ,Percentage of GDP,A,Annual,2022,,13.961,,A,Normal value,0,Units,TOTALTAX,,1,One,_Z,Not applicable
DATAFLOW,OECD.CTP.TPS:DSD_REV_COMP_GLOBAL@DF_RSGLOBAL(2.1),A comparative table of countries in the global database,I,GHA,Ghana,TAX_REV,Tax revenue,S13,General government,_T,Total tax revenue,_T,Total,PT_B1GQ,Percentage of GDP,A,Annual,2021,,14.048,,A,Normal value,0,Units,TOTALTAX,,1,One,_Z,Not applicable
DATAFLOW,OECD.CTP.TPS:DSD_REV_COMP_GLOBAL@DF_RSGLOBAL(2.1),A comparative table of countries in the global database,I,GHA,Ghana,TAX_REV,Tax revenue,S13,General government,_T,Total tax revenue,_T,Total,PT_B1GQ,Percentage of GDP,A,Annual,2020,,13.131,,A,Normal value,0,Units,TOTALTAX,,1,One,_Z,Not applicable
DATAFLOW,OECD.CTP.TPS:DSD_REV_COMP_GLOBAL@DF_RSGLOBAL(2.1),A comparative table of countries in the global database,I,GHA,Ghana,TAX_REV,Tax revenue,S13,General government,_T,Total tax revenue,_T,Total,PT_B1GQ,Percentage of GDP,A,Annual,2019,,13.193,,A,Normal value,0,Units,TOTALTAX,,1,One,_Z,Not applicable
DATAFLOW,OECD.CTP.TPS:DSD_REV_COMP_GLOBAL@DF_RSGLOBAL(2.1),A comparative table of countries in the global database,I,GHA,Ghana,TAX_REV,Tax revenue,S13,General government,_T,Total tax revenue,_T,Total,PT_B1GQ,Percentage of GDP,A,Annual,2018,,13.67,,A,Normal value,0,Units,TOTALTAX,,1,One,_Z,Not applicable
DATAFLOW,OECD.CTP.TPS:DSD_REV_COMP_GLOBAL@DF_RSGLOBAL(2.1),A comparative table of countries in the global database,I,GHA,Ghana,TAX_REV,Tax revenue,S13,General government,_T,Total tax revenue,_T,Total,PT_B1GQ,Percentage of GDP,A,Annual,2017,,13.449,,A,Normal value,0,Units,TOTALTAX,,1,One,_Z,Not applicable
DATAFLOW,OECD.CTP.TPS:DSD_REV_COMP_GLOBAL@DF_RSGLOBAL(2.1),A comparative table of countries in the global database,I,GHA,Ghana,TAX_REV,Tax revenue,S13,General government,_T,Total tax revenue,_T,Total,PT_B1GQ,Percentage of GDP,A,Annual,2016,,13.092,,A,Normal value,0,Units,TOTALTAX,,1,One,_Z,Not applicable
DATAFLOW,OECD.CTP.TPS:DSD_REV_COMP_GLOBAL@DF_RSGLOBAL(2.1),A comparative table of countries in the global database,I,GHA,Ghana,TAX_REV,Tax revenue,S13,General government,_T,Total tax revenue,_T,Total,PT_B1GQ,Percentage of GDP,A,Annual,2015,,12.855,,A,Normal value,0,Units,TOTALTAX,,1,One,_Z,Not applicable
DATAFLOW,OECD.CTP.TPS:DSD_REV_COMP_GLOBAL@DF_RSGLOBAL(2.1),A comparative table of countries in the global database,I,GHA,Ghana,TAX_REV,Tax revenue,S13,General government,_T,Total tax revenue,_T,Total,PT_B1GQ,Percentage of GDP,A,Annual,2014,,11.938,,A,Normal value,0,Units,TOTALTAX,,1,One,_Z,Not applicable
DATAFLOW,OECD.CTP.TPS:DSD_REV_COMP_GLOBAL@DF_RSGLOBAL(2.1),A comparative table of countries in the global database,I,GAB,Gabon,TAX_REV,Tax revenue,S13,General government,_T,Total tax revenue,_T,Total,PT_B1GQ,Percentage of GDP,A,Annual,2022,,11.419,,A,Normal value,0,Units,TOTALTAX,,1,One,_Z,Not applicable
DATAFLOW,OECD.CTP.TPS:DSD_REV_COMP_GLOBAL@DF_RSGLOBAL(2.1),A comparative table of countries in the global database,I,GAB,Gabon,TAX_REV,Tax revenue,S13,General government,_T,Total tax revenue,_T,Total,PT_B1GQ,Percentage of GDP,A,Annual,2021,,10.321,,A,Normal value,0,Units,TOTALTAX,,1,One,_Z,Not applicable
DATAFLOW,OECD.CTP.TPS:DSD_REV_COMP_GLOBAL@DF_RSGLOBAL(2.1),A comparative table of countries in the global database,I,GAB,Gabon,TAX_REV,Tax revenue,S13,General government,_T,Total tax revenue,_T,Total,PT_B1GQ,Percentage of GDP,A,Annual,2020,,12.838,,A,Normal value,0,Units,TOTALTAX,,1,One,_Z,Not applicable
DATAFLOW,OECD.CTP.TPS:DSD_REV_COMP_GLOBAL@DF_RSGLOBAL(2.1),A comparative table of countries in the global database,I,GAB,Gabon,TAX_REV,Tax revenue,S13,General government,_T,Total tax revenue,_T,Total,PT_B1GQ,Percentage of GDP,A,Annual,2019,,12.09,,A,Normal value,0,Units,TOTALTAX,,1,One,_Z,Not applicable
DATAFLOW,OECD.CTP.TPS:DSD_REV_COMP_GLOBAL@DF_RSGLOBAL(2.1),A comparative table of countries in the global database,I,GAB,Gabon,TAX_REV,Tax revenue,S13,General government,_T,Total tax revenue,_T,Total,PT_B1GQ,Percentage of GDP,A,Annual,2018,,10.372,,A,Normal value,0,Units,TOTALTAX,,1,One,_Z,Not applicable
DATAFLOW,OECD.CTP.TPS:DSD_REV_COMP_GLOBAL@DF_RSGLOBAL(2.1),A comparative table of countries in the global database,I,GAB,Gabon,TAX_REV,Tax revenue,S13,General government,_T,Total tax revenue,_T,Total,PT_B1GQ,Percentage of GDP,A,Annual,2017,,10.885,,A,Normal value,0,Units,TOTALTAX,,1,One,_Z,Not applicable
DATAFLOW,OECD.CTP.TPS:DSD_REV_COMP_GLOBAL@DF_RSGLOBAL(2.1),A comparative table of countries in the global database,I,GAB,Gabon,TAX_REV,Tax revenue,S13,General government,_T,Total tax revenue,_T,Total,PT_B1GQ,Percentage of GDP,A,Annual,2016,,12.316,,A,Normal value,0,Units,TOTALTAX,,1,One,_Z,Not applicable
DATAFLOW,OECD.CTP.TPS:DSD_REV_COMP_GLOBAL@DF_RSGLOBAL(2.1),A comparative table of countries in the global database,I,GAB,Gabon,TAX_REV,Tax revenue,S13,General government,_T,Total tax revenue,_T,Total,PT_B1GQ,Percentage of GDP,A,Annual,2015,,15.314,,A,Normal value,0,Units,TOTALTAX,,1,One,_Z,Not applicable
DATAFLOW,OECD.CTP.TPS:DSD_REV_COMP_GLOBAL@DF_RSGLOBAL(2.1),A comparative table of countries in the global database,I,GAB,Gabon,TAX_REV,Tax revenue,S13,General government,_T,Total tax revenue,_T,Total,PT_B1GQ,Percentage of GDP,A,Annual,2014,,16.451,,A,Normal value,0,Units,TOTALTAX,,1,One,_Z,Not applicable
DATAFLOW,OECD.CTP.TPS:DSD_REV_COMP_GLOBAL@DF_RSGLOBAL(2.1),A comparative table of countries in the global database,I,VNM,Viet Nam,TAX_REV,Tax revenue,S13,General government,_T,Total tax revenue,_T,Total,PT_B1GQ,Percentage of GDP,A,Annual,2023,,16.833,,A,Normal value,0,Units,TOTALTAX,,1,One,_Z,Not applicable
DATAFLOW,OECD.CTP.TPS:DSD_REV_COMP_GLOBAL@DF_RSGLOBAL(2.1),A comparative table of countries in the global database,I,VNM,Viet Nam,TAX_REV,Tax revenue,S13,General government,_T,Total tax revenue,_T,Total,PT_B1GQ,Percentage of GDP,A,Annual,2022,,18.803,,A,Normal value,0,Units,TOTALTAX,,1,One,_Z,Not applicable
DATAFLOW,OECD.CTP.TPS:DSD_REV_COMP_GLOBAL@DF_RSGLOBAL(2.1),A comparative table of countries in the global database,I,VNM,Viet Nam,TAX_REV,Tax revenue,S13,General government,_T,Total tax revenue,_T,Total,PT_B1GQ,Percentage of GDP,A,Annual,2021,,18.206,,A,Normal value,0,Units,TOTALTAX,,1,One,_Z,Not applicable
DATAFLOW,OECD.CTP.TPS:DSD_REV_COMP_GLOBAL@DF_RSGLOBAL(2.1),A comparative table of countries in the global database,I,VNM,Viet Nam,TAX_REV,Tax revenue,S13,General government,_T,Total tax revenue,_T,Total,PT_B1GQ,Percentage of GDP,A,Annual,2020,,17.672,,A,Normal value,0,Units,TOTALTAX,,1,One,_Z,Not applicable
DATAFLOW,OECD.CTP.TPS:DSD_REV_COMP_GLOBAL@DF_RSGLOBAL(2.1),A comparative table of countries in the global database,I,VNM,Viet Nam,TAX_REV,Tax revenue,S13,General government,_T,Total tax revenue,_T,Total,PT_B1GQ,Percentage of GDP,A,Annual,2019,,18.926,,A,Normal value,0,Units,TOTALTAX,,1,One,_Z,Not applicable
DATAFLOW,OECD.CTP.TPS:DSD_REV_COMP_GLOBAL@DF_RSGLOBAL(2.1),A comparative table of countries in the global database,I,VNM,Viet Nam,TAX_REV,Tax revenue,S13,General government,_T,Total tax revenue,_T,Total,PT_B1GQ,Percentage of GDP,A,Annual,2018,,18.342,,A,Normal value,0,Units,TOTALTAX,,1,One,_Z,Not applicable
DATAFLOW,OECD.CTP.TPS:DSD_REV_COMP_GLOBAL@DF_RSGLOBAL(2.1),A comparative table of countries in the global database,I,VNM,Viet Nam,TAX_REV,Tax revenue,S13,General government,_T,Total tax revenue,_T,Total,PT_B1GQ,Percentage of GDP,A,Annual,2017,,18.414,,A,Normal value,0,Units,TOTALTAX,,1,One,_Z,Not applicable
DATAFLOW,OECD.CTP.TPS:DSD_REV_COMP_GLOBAL@DF_RSGLOBAL(2.1),A comparative table of countries in the global database,I,VNM,Viet Nam,TAX_REV,Tax revenue,S13,General government,_T,Total tax revenue,_T,Total,PT_B1GQ,Percentage of GDP,A,Annual,2016,,18.361,,A,Normal value,0,Units,TOTALTAX,,1,One,_Z,Not applicable
DATAFLOW,OECD.CTP.TPS:DSD_REV_COMP_GLOBAL@DF_RSGLOBAL(2.1),A comparative table of countries in the global database,I,VNM,Viet Nam,TAX_REV,Tax revenue,S13,General government,_T,Total tax revenue,_T,Total,PT_B1GQ,Percentage of GDP,A,Annual,2015,,18.169,,A,Normal value,0,Units,TOTALTAX,,1,One,_Z,Not applicable
DATAFLOW,OECD.CTP.TPS:DSD_REV_COMP_GLOBAL@DF_RSGLOBAL(2.1),A comparative table of countries in the global database,I,VNM,Viet Nam,TAX_REV,Tax revenue,S13,General government,_T,Total tax revenue,_T,Total,PT_B1GQ,Percentage of GDP,A,Annual,2014,,17.729,,A,Normal value,0,Units,TOTALTAX,,1,One,_Z,Not applicable
DATAFLOW,OECD.CTP.TPS:DSD_REV_COMP_GLOBAL@DF_RSGLOBAL(2.1),A comparative table of countries in the global database,I,MRT,Mauritania,TAX_REV,Tax revenue,S13,General government,_T,Total tax revenue,_T,Total,PT_B1GQ,Percentage of GDP,A,Annual,2022,,14.673,,A,Normal value,0,Units,TOTALTAX,,1,One,_Z,Not applicable
DATAFLOW,OECD.CTP.TPS:DSD_REV_COMP_GLOBAL@DF_RSGLOBAL(2.1),A comparative table of countries in the global database,I,MRT,Mauritania,TAX_REV,Tax revenue,S13,General government,_T,Total tax revenue,_T,Total,PT_B1GQ,Percentage of GDP,A,Annual,2021,,14.397,,A,Normal value,0,Units,TOTALTAX,,1,One,_Z,Not applicable
DATAFLOW,OECD.CTP.TPS:DSD_REV_COMP_GLOBAL@DF_RSGLOBAL(2.1),A comparative table of countries in the global database,I,MRT,Mauritania,TAX_REV,Tax revenue,S13,General government,_T,Total tax revenue,_T,Total,PT_B1GQ,Percentage of GDP,A,Annual,2020,,12.565,,A,Normal value,0,Units,TOTALTAX,,1,One,_Z,Not applicable
DATAFLOW,OECD.CTP.TPS:DSD_REV_COMP_GLOBAL@DF_RSGLOBAL(2.1),A comparative table of countries in the global database,I,MRT,Mauritania,TAX_REV,Tax revenue,S13,General government,_T,Total tax revenue,_T,Total,PT_B1GQ,Percentage of GDP,A,Annual,2019,,13.786,,A,Normal value,0,Units,TOTALTAX,,1,One,_Z,Not applicable
DATAFLOW,OECD.CTP.TPS:DSD_REV_COMP_GLOBAL@DF_RSGLOBAL(2.1),A comparative table of countries in the global database,I,MRT,Mauritania,TAX_REV,Tax revenue,S13,General government,_T,Total tax revenue,_T,Total,PT_B1GQ,Percentage of GDP,A,Annual,2018,,15.139,,A,Normal value,0,Units,TOTALTAX,,1,One,_Z,Not applicable
DATAFLOW,OECD.CTP.TPS:DSD_REV_COMP_GLOBAL@DF_RSGLOBAL(2.1),A comparative table of countries in the global database,I,MRT,Mauritania,TAX_REV,Tax revenue,S13,General government,_T,Total tax revenue,_T,Total,PT_B1GQ,Percentage of GDP,A,Annual,2017,,14.442,,A,Normal value,0,Units,TOTALTAX,,1,One,_Z,Not applicable
DATAFLOW,OECD.CTP.TPS:DSD_REV_COMP_GLOBAL@DF_RSGLOBAL(2.1),A comparative table of countries in the global database,I,MRT,Mauritania,TAX_REV,Tax revenue,S13,General government,_T,Total tax revenue,_T,Total,PT_B1GQ,Percentage of GDP,A,Annual,2016,,14.173,,A,Normal value,0,Units,TOTALTAX,,1,One,_Z,Not applicable
DATAFLOW,OECD.CTP.TPS:DSD_REV_COMP_GLOBAL@DF_RSGLOBAL(2.1),A comparative table of countries in the global database,I,MRT,Mauritania,TAX_REV,Tax revenue,S13,General government,_T,Total tax revenue,_T,Total,PT_B1GQ,Percentage of GDP,A,Annual,2015,,14.53,,A,Normal value,0,Units,TOTALTAX,,1,One,_Z,Not applicable
DATAFLOW,OECD.CTP.TPS:DSD_REV_COMP_GLOBAL@DF_RSGLOBAL(2.1),A comparative table of countries in the global database,I,MRT,Mauritania,TAX_REV,Tax revenue,S13,General government,_T,Total tax revenue,_T,Total,PT_B1GQ,Percentage of GDP,A,Annual,2014,,15.125,,A,Normal value,0,Units,TOTALTAX,,1,One,_Z,Not applicable
DATAFLOW,OECD.CTP.TPS:DSD_REV_COMP_GLOBAL@DF_RSGLOBAL(2.1),A comparative table of countries in the global database,I,GNQ,Equatorial Guinea,TAX_REV,Tax revenue,S13,General government,_T,Total tax revenue,_T,Total,PT_B1GQ,Percentage of GDP,A,Annual,2022,,8.136,,A,Normal value,0,Units,TOTALTAX,,1,One,_Z,Not applicable
DATAFLOW,OECD.CTP.TPS:DSD_REV_COMP_GLOBAL@DF_RSGLOBAL(2.1),A comparative table of countries in the global database,I,GNQ,Equatorial Guinea,TAX_REV,Tax revenue,S13,General government,_T,Total tax revenue,_T,Total,PT_B1GQ,Percentage of GDP,A,Annual,2021,,5.939,,A,Normal value,0,Units,TOTALTAX,,1,One,_Z,Not applicable
DATAFLOW,OECD.CTP.TPS:DSD_REV_COMP_GLOBAL@DF_RSGLOBAL(2.1),A comparative table of countries in the global database,I,GNQ,Equatorial Guinea,TAX_REV,Tax revenue,S13,General government,_T,Total tax revenue,_T,Total,PT_B1GQ,Percentage of GDP,A,Annual,2020,,8.611,,A,Normal value,0,Units,TOTALTAX,,1,One,_Z,Not applicable
DATAFLOW,OECD.CTP.TPS:DSD_REV_COMP_GLOBAL@DF_RSGLOBAL(2.1),A comparative table of countries in the global database,I,GNQ,Equatorial Guinea,TAX_REV,Tax revenue,S13,General government,_T,Total tax revenue,_T,Total,PT_B1GQ,Percentage of GDP,A,Annual,2019,,9.783,,A,Normal value,0,Units,TOTALTAX,,1,One,_Z,Not applicable
DATAFLOW,OECD.CTP.TPS:DSD_REV_COMP_GLOBAL@DF_RSGLOBAL(2.1),A comparative table of countries in the global database,I,GNQ,Equatorial Guinea,TAX_REV,Tax revenue,S13,General government,_T,Total tax revenue,_T,Total,PT_B1GQ,Percentage of GDP,A,Annual,2018,,6.6,,A,Normal value,0,Units,TOTALTAX,,1,One,_Z,Not applicable
DATAFLOW,OECD.CTP.TPS:DSD_REV_COMP_GLOBAL@DF_RSGLOBAL(2.1),A comparative table of countries in the global database,I,GNQ,Equatorial Guinea,TAX_REV,Tax revenue,S13,General government,_T,Total tax revenue,_T,Total,PT_B1GQ,Percentage of GDP,A,Annual,2017,,6.65,,A,Normal value,0,Units,TOTALTAX,,1,One,_Z,Not applicable
DATAFLOW,OECD.CTP.TPS:DSD_REV_COMP_GLOBAL@DF_RSGLOBAL(2.1),A comparative table of countries in the global database,I,GNQ,Equatorial Guinea,TAX_REV,Tax revenue,S13,General government,_T,Total tax revenue,_T,Total,PT_B1GQ,Percentage of GDP,A,Annual,2016,,7.089,,A,Normal value,0,Units,TOTALTAX,,1,One,_Z,Not applicable
DATAFLOW,OECD.CTP.TPS:DSD_REV_COMP_GLOBAL@DF_RSGLOBAL(2.1),A comparative table of countries in the global database,I,GNQ,Equatorial Guinea,TAX_REV,Tax revenue,S13,General government,_T,Total tax revenue,_T,Total,PT_B1GQ,Percentage of GDP,A,Annual,2015,,12.006,,A,Normal value,0,Units,TOTALTAX,,1,One,_Z,Not applicable
DATAFLOW,OECD.CTP.TPS:DSD_REV_COMP_GLOBAL@DF_RSGLOBAL(2.1),A comparative table of countries in the global database,I,GNQ,Equatorial Guinea,TAX_REV,Tax revenue,S13,General government,_T,Total tax revenue,_T,Total,PT_B1GQ,Percentage of GDP,A,Annual,2014,,9.756,,A,Normal value,0,Units,TOTALTAX,,1,One,_Z,Not applicable
DATAFLOW,OECD.CTP.TPS:DSD_REV_COMP_GLOBAL@DF_RSGLOBAL(2.1),A comparative table of countries in the global database,I,ITA,Italy,TAX_REV,Tax revenue,S13,General government,_T,Total tax revenue,_T,Total,PT_B1GQ,Percentage of GDP,A,Annual,2018,,41.731,,A,Normal value,0,Units,TOTALTAX,,1,One,_Z,Not applicable
DATAFLOW,OECD.CTP.TPS:DSD_REV_COMP_GLOBAL@DF_RSGLOBAL(2.1),A comparative table of countries in the global database,I,ITA,Italy,TAX_REV,Tax revenue,S13,General government,_T,Total tax revenue,_T,Total,PT_B1GQ,Percentage of GDP,A,Annual,2017,,41.912,,A,Normal value,0,Units,TOTALTAX,,1,One,_Z,Not applicable
DATAFLOW,OECD.CTP.TPS:DSD_REV_COMP_GLOBAL@DF_RSGLOBAL(2.1),A comparative table of countries in the global database,I,ITA,Italy,TAX_REV,Tax revenue,S13,General government,_T,Total tax revenue,_T,Total,PT_B1GQ,Percentage of GDP,A,Annual,2016,,42.242,,A,Normal value,0,Units,TOTALTAX,,1,One,_Z,Not applicable
DATAFLOW,OECD.CTP.TPS:DSD_REV_COMP_GLOBAL@DF_RSGLOBAL(2.1),A comparative table of countries in the global database,I,ITA,Italy,TAX_REV,Tax revenue,S13,General government,_T,Total tax revenue,_T,Total,PT_B1GQ,Percentage of GDP,A,Annual,2015,,42.958,,A,Normal value,0,Units,TOTALTAX,,1,One,_Z,Not applicable
DATAFLOW,OECD.CTP.TPS:DSD_REV_COMP_GLOBAL@DF_RSGLOBAL(2.1),A comparative table of countries in the global database,I,ITA,Italy,TAX_REV,Tax revenue,S13,General government,_T,Total tax revenue,_T,Total,PT_B1GQ,Percentage of GDP,A,Annual,2014,,43.325,,A,Normal value,0,Units,TOTALTAX,,1,One,_Z,Not applicable
DATAFLOW,OECD.CTP.TPS:DSD_REV_COMP_GLOBAL@DF_RSGLOBAL(2.1),A comparative table of countries in the global database,I,ISR,Israel,TAX_REV,Tax revenue,S13,General government,_T,Total tax revenue,_T,Total,PT_B1GQ,Percentage of GDP,A,Annual,2023,,29.805,,A,Normal value,0,Units,TOTALTAX,,1,One,_Z,Not applicable
DATAFLOW,OECD.CTP.TPS:DSD_REV_COMP_GLOBAL@DF_RSGLOBAL(2.1),A comparative table of countries in the global database,I,ISR,Israel,TAX_REV,Tax revenue,S13,General government,_T,Total tax revenue,_T,Total,PT_B1GQ,Percentage of GDP,A,Annual,2022,,32.78,,A,Normal value,0,Units,TOTALTAX,,1,One,_Z,Not applicable
DATAFLOW,OECD.CTP.TPS:DSD_REV_COMP_GLOBAL@DF_RSGLOBAL(2.1),A comparative table of countries in the global database,I,ISR,Israel,TAX_REV,Tax revenue,S13,General government,_T,Total tax revenue,_T,Total,PT_B1GQ,Percentage of GDP,A,Annual,2021,,32.305,,A,Normal value,0,Units,TOTALTAX,,1,One,_Z,Not applicable
DATAFLOW,OECD.CTP.TPS:DSD_REV_COMP_GLOBAL@DF_RSGLOBAL(2.1),A comparative table of countries in the global database,I,ISR,Israel,TAX_REV,Tax revenue,S13,General government,_T,Total tax revenue,_T,Total,PT_B1GQ,Percentage of GDP,A,Annual,2020,,29.581,,A,Normal value,0,Units,TOTALTAX,,1,One,_Z,Not applicable
DATAFLOW,OECD.CTP.TPS:DSD_REV_COMP_GLOBAL@DF_RSGLOBAL(2.1),A comparative table of countries in the global database,I,ISR,Israel,TAX_REV,Tax revenue,S13,General government,_T,Total tax revenue,_T,Total,PT_B1GQ,Percentage of GDP,A,Annual,2019,,30.125,,A,Normal value,0,Units,TOTALTAX,,1,One,_Z,Not applicable
DATAFLOW,OECD.CTP.TPS:DSD_REV_COMP_GLOBAL@DF_RSGLOBAL(2.1),A comparative table of countries in the global database,I,ISR,Israel,TAX_REV,Tax revenue,S13,General government,_T,Total tax revenue,_T,Total,PT_B1GQ,Percentage of GDP,A,Annual,2018,,30.761,,A,Normal value,0,Units,TOTALTAX,,1,One,_Z,Not applicable
DATAFLOW,OECD.CTP.TPS:DSD_REV_COMP_GLOBAL@DF_RSGLOBAL(2.1),A comparative table of countries in the global database,I,ISR,Israel,TAX_REV,Tax revenue,S13,General government,_T,Total tax revenue,_T,Total,PT_B1GQ,Percentage of GDP,A,Annual,2017,,32.196,,A,Normal value,0,Units,TOTALTAX,,1,One,_Z,Not applicable
DATAFLOW,OECD.CTP.TPS:DSD_REV_COMP_GLOBAL@DF_RSGLOBAL(2.1),A comparative table of countries in the global database,I,ISR,Israel,TAX_REV,Tax revenue,S13,General government,_T,Total tax revenue,_T,Total,PT_B1GQ,Percentage of GDP,A,Annual,2016,,30.998,,A,Normal value,0,Units,TOTALTAX,,1,One,_Z,Not applicable
DATAFLOW,OECD.CTP.TPS:DSD_REV_COMP_GLOBAL@DF_RSGLOBAL(2.1),A comparative table of countries in the global database,I,ISR,Israel,TAX_REV,Tax revenue,S13,General government,_T,Total tax revenue,_T,Total,PT_B1GQ,Percentage of GDP,A,Annual,2015,,31.035,,A,Normal value,0,Units,TOTALTAX,,1,One,_Z,Not applicable
DATAFLOW,OECD.CTP.TPS:DSD_REV_COMP_GLOBAL@DF_RSGLOBAL(2.1),A comparative table of countries in the global database,I,ISR,Israel,TAX_REV,Tax revenue,S13,General government,_T,Total tax revenue,_T,Total,PT_B1GQ,Percentage of GDP,A,Annual,2014,,30.642,,A,Normal value,0,Units,TOTALTAX,,1,One,_Z,Not applicable
DATAFLOW,OECD.CTP.TPS:DSD_REV_COMP_GLOBAL@DF_RSGLOBAL(2.1),A comparative table of countries in the global database,I,IRL,Ireland,TAX_REV,Tax revenue,S13,General government,_T,Total tax revenue,_T,Total,PT_B1GQ,Percentage of GDP,A,Annual,2023,,21.897,,A,Normal value,0,Units,TOTALTAX,,1,One,_Z,Not applicable
DATAFLOW,OECD.CTP.TPS:DSD_REV_COMP_GLOBAL@DF_RSGLOBAL(2.1),A comparative table of countries in the global database,I,IRL,Ireland,TAX_REV,Tax revenue,S13,General government,_T,Total tax revenue,_T,Total,PT_B1GQ,Percentage of GDP,A,Annual,2022,,20.255,,A,Normal value,0,Units,TOTALTAX,,1,One,_Z,Not applicable
DATAFLOW,OECD.CTP.TPS:DSD_REV_COMP_GLOBAL@DF_RSGLOBAL(2.1),A comparative table of countries in the global database,I,IRL,Ireland,TAX_REV,Tax revenue,S13,General government,_T,Total tax revenue,_T,Total,PT_B1GQ,Percentage of GDP,A,Annual,2021,,20.041,,A,Normal value,0,Units,TOTALTAX,,1,One,_Z,Not applicable
DATAFLOW,OECD.CTP.TPS:DSD_REV_COMP_GLOBAL@DF_RSGLOBAL(2.1),A comparative table of countries in the global database,I,IRL,Ireland,TAX_REV,Tax revenue,S13,General government,_T,Total tax revenue,_T,Total,PT_B1GQ,Percentage of GDP,A,Annual,2020,,19.37,,A,Normal value,0,Units,TOTALTAX,,1,One,_Z,Not applicable
DATAFLOW,OECD.CTP.TPS:DSD_REV_COMP_GLOBAL@DF_RSGLOBAL(2.1),A comparative table of countries in the global database,I,IRL,Ireland,TAX_REV,Tax revenue,S13,General government,_T,Total tax revenue,_T,Total,PT_B1GQ,Percentage of GDP,A,Annual,2019,,21.444,,A,Normal value,0,Units,TOTALTAX,,1,One,_Z,Not applicable
DATAFLOW,OECD.CTP.TPS:DSD_REV_COMP_GLOBAL@DF_RSGLOBAL(2.1),A comparative table of countries in the global database,I,IRL,Ireland,TAX_REV,Tax revenue,S13,General government,_T,Total tax revenue,_T,Total,PT_B1GQ,Percentage of GDP,A,Annual,2018,,21.758,,A,Normal value,0,Units,TOTALTAX,,1,One,_Z,Not applicable
DATAFLOW,OECD.CTP.TPS:DSD_REV_COMP_GLOBAL@DF_RSGLOBAL(2.1),A comparative table of countries in the global database,I,IRL,Ireland,TAX_REV,Tax revenue,S13,General government,_T,Total tax revenue,_T,Total,PT_B1GQ,Percentage of GDP,A,Annual,2017,,21.741,,A,Normal value,0,Units,TOTALTAX,,1,One,_Z,Not applicable
DATAFLOW,OECD.CTP.TPS:DSD_REV_COMP_GLOBAL@DF_RSGLOBAL(2.1),A comparative table of countries in the global database,I,IRL,Ireland,TAX_REV,Tax revenue,S13,General government,_T,Total tax revenue,_T,Total,PT_B1GQ,Percentage of GDP,A,Annual,2016,,23.032,,A,Normal value,0,Units,TOTALTAX,,1,One,_Z,Not applicable
DATAFLOW,OECD.CTP.TPS:DSD_REV_COMP_GLOBAL@DF_RSGLOBAL(2.1),A comparative table of countries in the global database,I,IRL,Ireland,TAX_REV,Tax revenue,S13,General government,_T,Total tax revenue,_T,Total,PT_B1GQ,Percentage of GDP,A,Annual,2015,,22.344,,A,Normal value,0,Units,TOTALTAX,,1,One,_Z,Not applicable
DATAFLOW,OECD.CTP.TPS:DSD_REV_COMP_GLOBAL@DF_RSGLOBAL(2.1),A comparative table of countries in the global database,I,IRL,Ireland,TAX_REV,Tax revenue,S13,General government,_T,Total tax revenue,_T,Total,PT_B1GQ,Percentage of GDP,A,Annual,2014,,27.899,,A,Normal value,0,Units,TOTALTAX,,1,One,_Z,Not applicable
DATAFLOW,OECD.CTP.TPS:DSD_REV_COMP_GLOBAL@DF_RSGLOBAL(2.1),A comparative table of countries in the global database,I,ISL,Iceland,TAX_REV,Tax revenue,S13,General government,_T,Total tax revenue,_T,Total,PT_B1GQ,Percentage of GDP,A,Annual,2023,,35.924,,A,Normal value,0,Units,TOTALTAX,,1,One,_Z,Not applicable
DATAFLOW,OECD.CTP.TPS:DSD_REV_COMP_GLOBAL@DF_RSGLOBAL(2.1),A comparative table of countries in the global database,I,ISL,Iceland,TAX_REV,Tax revenue,S13,General government,_T,Total tax revenue,_T,Total,PT_B1GQ,Percentage of GDP,A,Annual,2022,,35.166,,A,Normal value,0,Units,TOTALTAX,,1,One,_Z,Not applicable
DATAFLOW,OECD.CTP.TPS:DSD_REV_COMP_GLOBAL@DF_RSGLOBAL(2.1),A comparative table of countries in the global database,I,ISL,Iceland,TAX_REV,Tax revenue,S13,General government,_T,Total tax revenue,_T,Total,PT_B1GQ,Percentage of GDP,A,Annual,2021,,34.797,,A,Normal value,0,Units,TOTALTAX,,1,One,_Z,Not applicable
DATAFLOW,OECD.CTP.TPS:DSD_REV_COMP_GLOBAL@DF_RSGLOBAL(2.1),A comparative table of countries in the global database,I,ISL,Iceland,TAX_REV,Tax revenue,S13,General government,_T,Total tax revenue,_T,Total,PT_B1GQ,Percentage of GDP,A,Annual,2020,,36.225,,A,Normal value,0,Units,TOTALTAX,,1,One,_Z,Not applicable
DATAFLOW,OECD.CTP.TPS:DSD_REV_COMP_GLOBAL@DF_RSGLOBAL(2.1),A comparative table of countries in the global database,I,ISL,Iceland,TAX_REV,Tax revenue,S13,General government,_T,Total tax revenue,_T,Total,PT_B1GQ,Percentage of GDP,A,Annual,2019,,35.094,,A,Normal value,0,Units,TOTALTAX,,1,One,_Z,Not applicable
DATAFLOW,OECD.CTP.TPS:DSD_REV_COMP_GLOBAL@DF_RSGLOBAL(2.1),A comparative table of countries in the global database,I,ISL,Iceland,TAX_REV,Tax revenue,S13,General government,_T,Total tax revenue,_T,Total,PT_B1GQ,Percentage of GDP,A,Annual,2018,,36.457,,A,Normal value,0,Units,TOTALTAX,,1,One,_Z,Not applicable
DATAFLOW,OECD.CTP.TPS:DSD_REV_COMP_GLOBAL@DF_RSGLOBAL(2.1),A comparative table of countries in the global database,I,ISL,Iceland,TAX_REV,Tax revenue,S13,General government,_T,Total tax revenue,_T,Total,PT_B1GQ,Percentage of GDP,A,Annual,2017,,37.13,,A,Normal value,0,Units,TOTALTAX,,1,One,_Z,Not applicable
DATAFLOW,OECD.CTP.TPS:DSD_REV_COMP_GLOBAL@DF_RSGLOBAL(2.1),A comparative table of countries in the global database,I,ISL,Iceland,TAX_REV,Tax revenue,S13,General government,_T,Total tax revenue,_T,Total,PT_B1GQ,Percentage of GDP,A,Annual,2016,,50.286,,A,Normal value,0,Units,TOTALTAX,,1,One,_Z,Not applicable
DATAFLOW,OECD.CTP.TPS:DSD_REV_COMP_GLOBAL@DF_RSGLOBAL(2.1),A comparative table of countries in the global database,I,ISL,Iceland,TAX_REV,Tax revenue,S13,General government,_T,Total tax revenue,_T,Total,PT_B1GQ,Percentage of GDP,A,Annual,2015,,35.139,,A,Normal value,0,Units,TOTALTAX,,1,One,_Z,Not applicable
DATAFLOW,OECD.CTP.TPS:DSD_REV_COMP_GLOBAL@DF_RSGLOBAL(2.1),A comparative table of countries in the global database,I,ISL,Iceland,TAX_REV,Tax revenue,S13,General government,_T,Total tax revenue,_T,Total,PT_B1GQ,Percentage of GDP,A,Annual,2014,,37.111,,A,Normal value,0,Units,TOTALTAX,,1,One,_Z,Not applicable
DATAFLOW,OECD.CTP.TPS:DSD_REV_COMP_GLOBAL@DF_RSGLOBAL(2.1),A comparative table of countries in the global database,I,HUN,Hungary,TAX_REV,Tax revenue,S13,General government,_T,Total tax revenue,_T,Total,PT_B1GQ,Percentage of GDP,A,Annual,2023,,34.19,,A,Normal value,0,Units,TOTALTAX,,1,One,_Z,Not applicable
DATAFLOW,OECD.CTP.TPS:DSD_REV_COMP_GLOBAL@DF_RSGLOBAL(2.1),A comparative table of countries in the global database,I,HUN,Hungary,TAX_REV,Tax revenue,S13,General government,_T,Total tax revenue,_T,Total,PT_B1GQ,Percentage of GDP,A,Annual,2022,,35.149,,A,Normal value,0,Units,TOTALTAX,,1,One,_Z,Not applicable
DATAFLOW,OECD.CTP.TPS:DSD_REV_COMP_GLOBAL@DF_RSGLOBAL(2.1),A comparative table of countries in the global database,I,HUN,Hungary,TAX_REV,Tax revenue,S13,General government,_T,Total tax revenue,_T,Total,PT_B1GQ,Percentage of GDP,A,Annual,2021,,33.777,,A,Normal value,0,Units,TOTALTAX,,1,One,_Z,Not applicable
DATAFLOW,OECD.CTP.TPS:DSD_REV_COMP_GLOBAL@DF_RSGLOBAL(2.1),A comparative table of countries in the global database,I,HUN,Hungary,TAX_REV,Tax revenue,S13,General government,_T,Total tax revenue,_T,Total,PT_B1GQ,Percentage of GDP,A,Annual,2020,,35.969,,A,Normal value,0,Units,TOTALTAX,,1,One,_Z,Not applicable
DATAFLOW,OECD.CTP.TPS:DSD_REV_COMP_GLOBAL@DF_RSGLOBAL(2.1),A comparative table of countries in the global database,I,HUN,Hungary,TAX_REV,Tax revenue,S13,General government,_T,Total tax revenue,_T,Total,PT_B1GQ,Percentage of GDP,A,Annual,2019,,36.306,,A,Normal value,0,Units,TOTALTAX,,1,One,_Z,Not applicable
DATAFLOW,OECD.CTP.TPS:DSD_REV_COMP_GLOBAL@DF_RSGLOBAL(2.1),A comparative table of countries in the global database,I,HUN,Hungary,TAX_REV,Tax revenue,S13,General government,_T,Total tax revenue,_T,Total,PT_B1GQ,Percentage of GDP,A,Annual,2018,,36.79,,A,Normal value,0,Units,TOTALTAX,,1,One,_Z,Not applicable
DATAFLOW,OECD.CTP.TPS:DSD_REV_COMP_GLOBAL@DF_RSGLOBAL(2.1),A comparative table of countries in the global database,I,HUN,Hungary,TAX_REV,Tax revenue,S13,General government,_T,Total tax revenue,_T,Total,PT_B1GQ,Percentage of GDP,A,Annual,2017,,37.818,,A,Normal value,0,Units,TOTALTAX,,1,One,_Z,Not applicable
DATAFLOW,OECD.CTP.TPS:DSD_REV_COMP_GLOBAL@DF_RSGLOBAL(2.1),A comparative table of countries in the global database,I,HUN,Hungary,TAX_REV,Tax revenue,S13,General government,_T,Total tax revenue,_T,Total,PT_B1GQ,Percentage of GDP,A,Annual,2016,,39.038,,A,Normal value,0,Units,TOTALTAX,,1,One,_Z,Not applicable
DATAFLOW,OECD.CTP.TPS:DSD_REV_COMP_GLOBAL@DF_RSGLOBAL(2.1),A comparative table of countries in the global database,I,HUN,Hungary,TAX_REV,Tax revenue,S13,General government,_T,Total tax revenue,_T,Total,PT_B1GQ,Percentage of GDP,A,Annual,2015,,38.666,,A,Normal value,0,Units,TOTALTAX,,1,One,_Z,Not applicable
DATAFLOW,OECD.CTP.TPS:DSD_REV_COMP_GLOBAL@DF_RSGLOBAL(2.1),A comparative table of countries in the global database,I,HUN,Hungary,TAX_REV,Tax revenue,S13,General government,_T,Total tax revenue,_T,Total,PT_B1GQ,Percentage of GDP,A,Annual,2014,,38.362,,A,Normal value,0,Units,TOTALTAX,,1,One,_Z,Not applicable
DATAFLOW,OECD.CTP.TPS:DSD_REV_COMP_GLOBAL@DF_RSGLOBAL(2.1),A comparative table of countries in the global database,I,GRC,Greece,TAX_REV,Tax revenue,S13,General government,_T,Total tax revenue,_T,Total,PT_B1GQ,Percentage of GDP,A,Annual,2023,,39.779,,A,Normal value,0,Units,TOTALTAX,,1,One,_Z,Not applicable
DATAFLOW,OECD.CTP.TPS:DSD_REV_COMP_GLOBAL@DF_RSGLOBAL(2.1),A comparative table of countries in the global database,I,GRC,Greece,TAX_REV,Tax revenue,S13,General government,_T,Total tax revenue,_T,Total,PT_B1GQ,Percentage of GDP,A,Annual,2022,,41.212,,A,Normal value,0,Units,TOTALTAX,,1,One,_Z,Not applicable
DATAFLOW,OECD.CTP.TPS:DSD_REV_COMP_GLOBAL@DF_RSGLOBAL(2.1),A comparative table of countries in the global database,I,GRC,Greece,TAX_REV,Tax revenue,S13,General government,_T,Total tax revenue,_T,Total,PT_B1GQ,Percentage of GDP,A,Annual,2021,,40.041,,A,Normal value,0,Units,TOTALTAX,,1,One,_Z,Not applicable
DATAFLOW,OECD.CTP.TPS:DSD_REV_COMP_GLOBAL@DF_RSGLOBAL(2.1),A comparative table of countries in the global database,I,GRC,Greece,TAX_REV,Tax revenue,S13,General government,_T,Total tax revenue,_T,Total,PT_B1GQ,Percentage of GDP,A,Annual,2020,,39.509,,A,Normal value,0,Units,TOTALTAX,,1,One,_Z,Not applicable
DATAFLOW,OECD.CTP.TPS:DSD_REV_COMP_GLOBAL@DF_RSGLOBAL(2.1),A comparative table of countries in the global database,I,GRC,Greece,TAX_REV,Tax revenue,S13,General government,_T,Total tax revenue,_T,Total,PT_B1GQ,Percentage of GDP,A,Annual,2019,,39.492,,A,Normal value,0,Units,TOTALTAX,,1,One,_Z,Not applicable
DATAFLOW,OECD.CTP.TPS:DSD_REV_COMP_GLOBAL@DF_RSGLOBAL(2.1),A comparative table of countries in the global database,I,GRC,Greece,TAX_REV,Tax revenue,S13,General government,_T,Total tax revenue,_T,Total,PT_B1GQ,Percentage of GDP,A,Annual,2018,,40.345,,A,Normal value,0,Units,TOTALTAX,,1,One,_Z,Not applicable
DATAFLOW,OECD.CTP.TPS:DSD_REV_COMP_GLOBAL@DF_RSGLOBAL(2.1),A comparative table of countries in the global database,I,GRC,Greece,TAX_REV,Tax revenue,S13,General government,_T,Total tax revenue,_T,Total,PT_B1GQ,Percentage of GDP,A,Annual,2017,,39.722,,A,Normal value,0,Units,TOTALTAX,,1,One,_Z,Not applicable
DATAFLOW,OECD.CTP.TPS:DSD_REV_COMP_GLOBAL@DF_RSGLOBAL(2.1),A comparative table of countries in the global database,I,GRC,Greece,TAX_REV,Tax revenue,S13,General government,_T,Total tax revenue,_T,Total,PT_B1GQ,Percentage of GDP,A,Annual,2016,,39.212,,A,Normal value,0,Units,TOTALTAX,,1,One,_Z,Not applicable
DATAFLOW,OECD.CTP.TPS:DSD_REV_COMP_GLOBAL@DF_RSGLOBAL(2.1),A comparative table of countries in the global database,I,GRC,Greece,TAX_REV,Tax revenue,S13,General government,_T,Total tax revenue,_T,Total,PT_B1GQ,Percentage of GDP,A,Annual,2015,,36.946,,A,Normal value,0,Units,TOTALTAX,,1,One,_Z,Not applicable
DATAFLOW,OECD.CTP.TPS:DSD_REV_COMP_GLOBAL@DF_RSGLOBAL(2.1),A comparative table of countries in the global database,I,GRC,Greece,TAX_REV,Tax revenue,S13,General government,_T,Total tax revenue,_T,Total,PT_B1GQ,Percentage of GDP,A,Annual,2014,,36.687,,A,Normal value,0,Units,TOTALTAX,,1,One,_Z,Not applicable
DATAFLOW,OECD.CTP.TPS:DSD_REV_COMP_GLOBAL@DF_RSGLOBAL(2.1),A comparative table of countries in the global database,I,DEU,Germany,TAX_REV,Tax revenue,S13,General government,_T,Total tax revenue,_T,Total,PT_B1GQ,Percentage of GDP,A,Annual,2023,,38.057,,A,Normal value,0,Units,TOTALTAX,,1,One,_Z,Not applicable
DATAFLOW,OECD.CTP.TPS:DSD_REV_COMP_GLOBAL@DF_RSGLOBAL(2.1),A comparative table of countries in the global database,I,DEU,Germany,TAX_REV,Tax revenue,S13,General government,_T,Total tax revenue,_T,Total,PT_B1GQ,Percentage of GDP,A,Annual,2022,,39.647,,A,Normal value,0,Units,TOTALTAX,,1,One,_Z,Not applicable
DATAFLOW,OECD.CTP.TPS:DSD_REV_COMP_GLOBAL@DF_RSGLOBAL(2.1),A comparative table of countries in the global database,I,DEU,Germany,TAX_REV,Tax revenue,S13,General government,_T,Total tax revenue,_T,Total,PT_B1GQ,Percentage of GDP,A,Annual,2021,,39.781,,A,Normal value,0,Units,TOTALTAX,,1,One,_Z,Not applicable
DATAFLOW,OECD.CTP.TPS:DSD_REV_COMP_GLOBAL@DF_RSGLOBAL(2.1),A comparative table of countries in the global database,I,DEU,Germany,TAX_REV,Tax revenue,S13,General government,_T,Total tax revenue,_T,Total,PT_B1GQ,Percentage of GDP,A,Annual,2020,,38.652,,A,Normal value,0,Units,TOTALTAX,,1,One,_Z,Not applicable
DATAFLOW,OECD.CTP.TPS:DSD_REV_COMP_GLOBAL@DF_RSGLOBAL(2.1),A comparative table of countries in the global database,I,DEU,Germany,TAX_REV,Tax revenue,S13,General government,_T,Total tax revenue,_T,Total,PT_B1GQ,Percentage of GDP,A,Annual,2019,,39.326,,A,Normal value,0,Units,TOTALTAX,,1,One,_Z,Not applicable
DATAFLOW,OECD.CTP.TPS:DSD_REV_COMP_GLOBAL@DF_RSGLOBAL(2.1),A comparative table of countries in the global database,I,DEU,Germany,TAX_REV,Tax revenue,S13,General government,_T,Total tax revenue,_T,Total,PT_B1GQ,Percentage of GDP,A,Annual,2018,,39.196,,A,Normal value,0,Units,TOTALTAX,,1,One,_Z,Not applicable
DATAFLOW,OECD.CTP.TPS:DSD_REV_COMP_GLOBAL@DF_RSGLOBAL(2.1),A comparative table of countries in the global database,I,DEU,Germany,TAX_REV,Tax revenue,S13,General government,_T,Total tax revenue,_T,Total,PT_B1GQ,Percentage of GDP,A,Annual,2017,,38.528,,A,Normal value,0,Units,TOTALTAX,,1,One,_Z,Not applicable
DATAFLOW,OECD.CTP.TPS:DSD_REV_COMP_GLOBAL@DF_RSGLOBAL(2.1),A comparative table of countries in the global database,I,DEU,Germany,TAX_REV,Tax revenue,S13,General government,_T,Total tax revenue,_T,Total,PT_B1GQ,Percentage of GDP,A,Annual,2016,,38.518,,A,Normal value,0,Units,TOTALTAX,,1,One,_Z,Not applicable
DATAFLOW,OECD.CTP.TPS:DSD_REV_COMP_GLOBAL@DF_RSGLOBAL(2.1),A comparative table of countries in the global database,I,DEU,Germany,TAX_REV,Tax revenue,S13,General government,_T,Total tax revenue,_T,Total,PT_B1GQ,Percentage of GDP,A,Annual,2015,,38.052,,A,Normal value,0,Units,TOTALTAX,,1,One,_Z,Not applicable
DATAFLOW,OECD.CTP.TPS:DSD_REV_COMP_GLOBAL@DF_RSGLOBAL(2.1),A comparative table of countries in the global database,I,DEU,Germany,TAX_REV,Tax revenue,S13,General government,_T,Total tax revenue,_T,Total,PT_B1GQ,Percentage of GDP,A,Annual,2014,,37.614,,A,Normal value,0,Units,TOTALTAX,,1,One,_Z,Not applicable
DATAFLOW,OECD.CTP.TPS:DSD_REV_COMP_GLOBAL@DF_RSGLOBAL(2.1),A comparative table of countries in the global database,I,FRA,France,TAX_REV,Tax revenue,S13,General government,_T,Total tax revenue,_T,Total,PT_B1GQ,Percentage of GDP,A,Annual,2023,,43.814,,A,Normal value,0,Units,TOTALTAX,,1,One,_Z,Not applicable
DATAFLOW,OECD.CTP.TPS:DSD_REV_COMP_GLOBAL@DF_RSGLOBAL(2.1),A comparative table of countries in the global database,I,FRA,France,TAX_REV,Tax revenue,S13,General government,_T,Total tax revenue,_T,Total,PT_B1GQ,Percentage of GDP,A,Annual,2022,,45.774,,A,Normal value,0,Units,TOTALTAX,,1,One,_Z,Not applicable
DATAFLOW,OECD.CTP.TPS:DSD_REV_COMP_GLOBAL@DF_RSGLOBAL(2.1),A comparative table of countries in the global database,I,FRA,France,TAX_REV,Tax revenue,S13,General government,_T,Total tax revenue,_T,Total,PT_B1GQ,Percentage of GDP,A,Annual,2021,,45.059,,A,Normal value,0,Units,TOTALTAX,,1,One,_Z,Not applicable
DATAFLOW,OECD.CTP.TPS:DSD_REV_COMP_GLOBAL@DF_RSGLOBAL(2.1),A comparative table of countries in the global database,I,FRA,France,TAX_REV,Tax revenue,S13,General government,_T,Total tax revenue,_T,Total,PT_B1GQ,Percentage of GDP,A,Annual,2020,,45.239,,A,Normal value,0,Units,TOTALTAX,,1,One,_Z,Not applicable
DATAFLOW,OECD.CTP.TPS:DSD_REV_COMP_GLOBAL@DF_RSGLOBAL(2.1),A comparative table of countries in the global database,I,FRA,France,TAX_REV,Tax revenue,S13,General government,_T,Total tax revenue,_T,Total,PT_B1GQ,Percentage of GDP,A,Annual,2019,,45.024,,A,Normal value,0,Units,TOTALTAX,,1,One,_Z,Not applicable
DATAFLOW,OECD.CTP.TPS:DSD_REV_COMP_GLOBAL@DF_RSGLOBAL(2.1),A comparative table of countries in the global database,I,FRA,France,TAX_REV,Tax revenue,S13,General government,_T,Total tax revenue,_T,Total,PT_B1GQ,Percentage of GDP,A,Annual,2018,,46.022,,A,Normal value,0,Units,TOTALTAX,,1,One,_Z,Not applicable
DATAFLOW,OECD.CTP.TPS:DSD_REV_COMP_GLOBAL@DF_RSGLOBAL(2.1),A comparative table of countries in the global database,I,FRA,France,TAX_REV,Tax revenue,S13,General government,_T,Total tax revenue,_T,Total,PT_B1GQ,Percentage of GDP,A,Annual,2017,,46.239,,A,Normal value,0,Units,TOTALTAX,,1,One,_Z,Not applicable
DATAFLOW,OECD.CTP.TPS:DSD_REV_COMP_GLOBAL@DF_RSGLOBAL(2.1),A comparative table of countries in the global database,I,FRA,France,TAX_REV,Tax revenue,S13,General government,_T,Total tax revenue,_T,Total,PT_B1GQ,Percentage of GDP,A,Annual,2016,,45.397,,A,Normal value,0,Units,TOTALTAX,,1,One,_Z,Not applicable
DATAFLOW,OECD.CTP.TPS:DSD_REV_COMP_GLOBAL@DF_RSGLOBAL(2.1),A comparative table of countries in the global database,I,FRA,France,TAX_REV,Tax revenue,S13,General government,_T,Total tax revenue,_T,Total,PT_B1GQ,Percentage of GDP,A,Annual,2015,,45.363,,A,Normal value,0,Units,TOTALTAX,,1,One,_Z,Not applicable
DATAFLOW,OECD.CTP.TPS:DSD_REV_COMP_GLOBAL@DF_RSGLOBAL(2.1),A comparative table of countries in the global database,I,FRA,France,TAX_REV,Tax revenue,S13,General government,_T,Total tax revenue,_T,Total,PT_B1GQ,Percentage of GDP,A,Annual,2014,,45.406,,A,Normal value,0,Units,TOTALTAX,,1,One,_Z,Not applicable
DATAFLOW,OECD.CTP.TPS:DSD_REV_COMP_GLOBAL@DF_RSGLOBAL(2.1),A comparative table of countries in the global database,I,FIN,Finland,TAX_REV,Tax revenue,S13,General government,_T,Total tax revenue,_T,Total,PT_B1GQ,Percentage of GDP,A,Annual,2023,,42.45,,A,Normal value,0,Units,TOTALTAX,,1,One,_Z,Not applicable
DATAFLOW,OECD.CTP.TPS:DSD_REV_COMP_GLOBAL@DF_RSGLOBAL(2.1),A comparative table of countries in the global database,I,FIN,Finland,TAX_REV,Tax revenue,S13,General government,_T,Total tax revenue,_T,Total,PT_B1GQ,Percentage of GDP,A,Annual,2022,,43.175,,A,Normal value,0,Units,TOTALTAX,,1,One,_Z,Not applicable
DATAFLOW,OECD.CTP.TPS:DSD_REV_COMP_GLOBAL@DF_RSGLOBAL(2.1),A comparative table of countries in the global database,I,FIN,Finland,TAX_REV,Tax revenue,S13,General government,_T,Total tax revenue,_T,Total,PT_B1GQ,Percentage of GDP,A,Annual,2021,,43.211,,A,Normal value,0,Units,TOTALTAX,,1,One,_Z,Not applicable
DATAFLOW,OECD.CTP.TPS:DSD_REV_COMP_GLOBAL@DF_RSGLOBAL(2.1),A comparative table of countries in the global database,I,FIN,Finland,TAX_REV,Tax revenue,S13,General government,_T,Total tax revenue,_T,Total,PT_B1GQ,Percentage of GDP,A,Annual,2020,,41.846,,A,Normal value,0,Units,TOTALTAX,,1,One,_Z,Not applicable
DATAFLOW,OECD.CTP.TPS:DSD_REV_COMP_GLOBAL@DF_RSGLOBAL(2.1),A comparative table of countries in the global database,I,FIN,Finland,TAX_REV,Tax revenue,S13,General government,_T,Total tax revenue,_T,Total,PT_B1GQ,Percentage of GDP,A,Annual,2019,,42.291,,A,Normal value,0,Units,TOTALTAX,,1,One,_Z,Not applicable
DATAFLOW,OECD.CTP.TPS:DSD_REV_COMP_GLOBAL@DF_RSGLOBAL(2.1),A comparative table of countries in the global database,I,FIN,Finland,TAX_REV,Tax revenue,S13,General government,_T,Total tax revenue,_T,Total,PT_B1GQ,Percentage of GDP,A,Annual,2018,,42.387,,A,Normal value,0,Units,TOTALTAX,,1,One,_Z,Not applicable
DATAFLOW,OECD.CTP.TPS:DSD_REV_COMP_GLOBAL@DF_RSGLOBAL(2.1),A comparative table of countries in the global database,I,FIN,Finland,TAX_REV,Tax revenue,S13,General government,_T,Total tax revenue,_T,Total,PT_B1GQ,Percentage of GDP,A,Annual,2017,,42.857,,A,Normal value,0,Units,TOTALTAX,,1,One,_Z,Not applicable
DATAFLOW,OECD.CTP.TPS:DSD_REV_COMP_GLOBAL@DF_RSGLOBAL(2.1),A comparative table of countries in the global database,I,OECD_REP,OECD average country,TAX_REV,Tax revenue,S13,General government,_T,Total tax revenue,_T,Total,PT_B1GQ,Percentage of GDP,A,Annual,2014,,32.831,,A,Normal value,0,Units,TOTALTAX,,1,One,_Z,Not applicable
DATAFLOW,OECD.CTP.TPS:DSD_REV_COMP_GLOBAL@DF_RSGLOBAL(2.1),A comparative table of countries in the global database,I,FIN,Finland,TAX_REV,Tax revenue,S13,General government,_T,Total tax revenue,_T,Total,PT_B1GQ,Percentage of GDP,A,Annual,2016,,43.727,,A,Normal value,0,Units,TOTALTAX,,1,One,_Z,Not applicable
DATAFLOW,OECD.CTP.TPS:DSD_REV_COMP_GLOBAL@DF_RSGLOBAL(2.1),A comparative table of countries in the global database,I,FIN,Finland,TAX_REV,Tax revenue,S13,General government,_T,Total tax revenue,_T,Total,PT_B1GQ,Percentage of GDP,A,Annual,2015,,43.524,,A,Normal value,0,Units,TOTALTAX,,1,One,_Z,Not applicable
DATAFLOW,OECD.CTP.TPS:DSD_REV_COMP_GLOBAL@DF_RSGLOBAL(2.1),A comparative table of countries in the global database,I,FIN,Finland,TAX_REV,Tax revenue,S13,General government,_T,Total tax revenue,_T,Total,PT_B1GQ,Percentage of GDP,A,Annual,2014,,43.513,,A,Normal value,0,Units,TOTALTAX,,1,One,_Z,Not applicable
DATAFLOW,OECD.CTP.TPS:DSD_REV_COMP_GLOBAL@DF_RSGLOBAL(2.1),A comparative table of countries in the global database,I,EST,Estonia,TAX_REV,Tax revenue,S13,General government,_T,Total tax revenue,_T,Total,PT_B1GQ,Percentage of GDP,A,Annual,2023,,33.51,,A,Normal value,0,Units,TOTALTAX,,1,One,_Z,Not applicable
DATAFLOW,OECD.CTP.TPS:DSD_REV_COMP_GLOBAL@DF_RSGLOBAL(2.1),A comparative table of countries in the global database,I,EST,Estonia,TAX_REV,Tax revenue,S13,General government,_T,Total tax revenue,_T,Total,PT_B1GQ,Percentage of GDP,A,Annual,2022,,32.554,,A,Normal value,0,Units,TOTALTAX,,1,One,_Z,Not applicable
DATAFLOW,OECD.CTP.TPS:DSD_REV_COMP_GLOBAL@DF_RSGLOBAL(2.1),A comparative table of countries in the global database,I,EST,Estonia,TAX_REV,Tax revenue,S13,General government,_T,Total tax revenue,_T,Total,PT_B1GQ,Percentage of GDP,A,Annual,2021,,33.502,,A,Normal value,0,Units,TOTALTAX,,1,One,_Z,Not applicable
DATAFLOW,OECD.CTP.TPS:DSD_REV_COMP_GLOBAL@DF_RSGLOBAL(2.1),A comparative table of countries in the global database,I,EST,Estonia,TAX_REV,Tax revenue,S13,General government,_T,Total tax revenue,_T,Total,PT_B1GQ,Percentage of GDP,A,Annual,2020,,32.79,,A,Normal value,0,Units,TOTALTAX,,1,One,_Z,Not applicable
DATAFLOW,OECD.CTP.TPS:DSD_REV_COMP_GLOBAL@DF_RSGLOBAL(2.1),A comparative table of countries in the global database,I,EST,Estonia,TAX_REV,Tax revenue,S13,General government,_T,Total tax revenue,_T,Total,PT_B1GQ,Percentage of GDP,A,Annual,2019,,32.655,,A,Normal value,0,Units,TOTALTAX,,1,One,_Z,Not applicable
DATAFLOW,OECD.CTP.TPS:DSD_REV_COMP_GLOBAL@DF_RSGLOBAL(2.1),A comparative table of countries in the global database,I,EST,Estonia,TAX_REV,Tax revenue,S13,General government,_T,Total tax revenue,_T,Total,PT_B1GQ,Percentage of GDP,A,Annual,2018,,32.271,,A,Normal value,0,Units,TOTALTAX,,1,One,_Z,Not applicable
DATAFLOW,OECD.CTP.TPS:DSD_REV_COMP_GLOBAL@DF_RSGLOBAL(2.1),A comparative table of countries in the global database,I,EST,Estonia,TAX_REV,Tax revenue,S13,General government,_T,Total tax revenue,_T,Total,PT_B1GQ,Percentage of GDP,A,Annual,2017,,31.902,,A,Normal value,0,Units,TOTALTAX,,1,One,_Z,Not applicable
DATAFLOW,OECD.CTP.TPS:DSD_REV_COMP_GLOBAL@DF_RSGLOBAL(2.1),A comparative table of countries in the global database,I,EST,Estonia,TAX_REV,Tax revenue,S13,General government,_T,Total tax revenue,_T,Total,PT_B1GQ,Percentage of GDP,A,Annual,2016,,32.851,,A,Normal value,0,Units,TOTALTAX,,1,One,_Z,Not applicable
DATAFLOW,OECD.CTP.TPS:DSD_REV_COMP_GLOBAL@DF_RSGLOBAL(2.1),A comparative table of countries in the global database,I,EST,Estonia,TAX_REV,Tax revenue,S13,General government,_T,Total tax revenue,_T,Total,PT_B1GQ,Percentage of GDP,A,Annual,2015,,32.719,,A,Normal value,0,Units,TOTALTAX,,1,One,_Z,Not applicable
DATAFLOW,OECD.CTP.TPS:DSD_REV_COMP_GLOBAL@DF_RSGLOBAL(2.1),A comparative table of countries in the global database,I,EST,Estonia,TAX_REV,Tax revenue,S13,General government,_T,Total tax revenue,_T,Total,PT_B1GQ,Percentage of GDP,A,Annual,2014,,31.635,,A,Normal value,0,Units,TOTALTAX,,1,One,_Z,Not applicable
DATAFLOW,OECD.CTP.TPS:DSD_REV_COMP_GLOBAL@DF_RSGLOBAL(2.1),A comparative table of countries in the global database,I,DNK,Denmark,TAX_REV,Tax revenue,S13,General government,_T,Total tax revenue,_T,Total,PT_B1GQ,Percentage of GDP,A,Annual,2023,,43.391,,A,Normal value,0,Units,TOTALTAX,,1,One,_Z,Not applicable
DATAFLOW,OECD.CTP.TPS:DSD_REV_COMP_GLOBAL@DF_RSGLOBAL(2.1),A comparative table of countries in the global database,I,DNK,Denmark,TAX_REV,Tax revenue,S13,General government,_T,Total tax revenue,_T,Total,PT_B1GQ,Percentage of GDP,A,Annual,2022,,41.934,,A,Normal value,0,Units,TOTALTAX,,1,One,_Z,Not applicable
DATAFLOW,OECD.CTP.TPS:DSD_REV_COMP_GLOBAL@DF_RSGLOBAL(2.1),A comparative table of countries in the global database,I,DNK,Denmark,TAX_REV,Tax revenue,S13,General government,_T,Total tax revenue,_T,Total,PT_B1GQ,Percentage of GDP,A,Annual,2021,,47.249,,A,Normal value,0,Units,TOTALTAX,,1,One,_Z,Not applicable
DATAFLOW,OECD.CTP.TPS:DSD_REV_COMP_GLOBAL@DF_RSGLOBAL(2.1),A comparative table of countries in the global database,I,DNK,Denmark,TAX_REV,Tax revenue,S13,General government,_T,Total tax revenue,_T,Total,PT_B1GQ,Percentage of GDP,A,Annual,2020,,47.237,,A,Normal value,0,Units,TOTALTAX,,1,One,_Z,Not applicable
DATAFLOW,OECD.CTP.TPS:DSD_REV_COMP_GLOBAL@DF_RSGLOBAL(2.1),A comparative table of countries in the global database,I,DNK,Denmark,TAX_REV,Tax revenue,S13,General government,_T,Total tax revenue,_T,Total,PT_B1GQ,Percentage of GDP,A,Annual,2019,,47.146,,A,Normal value,0,Units,TOTALTAX,,1,One,_Z,Not applicable
DATAFLOW,OECD.CTP.TPS:DSD_REV_COMP_GLOBAL@DF_RSGLOBAL(2.1),A comparative table of countries in the global database,I,DNK,Denmark,TAX_REV,Tax revenue,S13,General government,_T,Total tax revenue,_T,Total,PT_B1GQ,Percentage of GDP,A,Annual,2018,,44.445,,A,Normal value,0,Units,TOTALTAX,,1,One,_Z,Not applicable
DATAFLOW,OECD.CTP.TPS:DSD_REV_COMP_GLOBAL@DF_RSGLOBAL(2.1),A comparative table of countries in the global database,I,DNK,Denmark,TAX_REV,Tax revenue,S13,General government,_T,Total tax revenue,_T,Total,PT_B1GQ,Percentage of GDP,A,Annual,2017,,45.457,,A,Normal value,0,Units,TOTALTAX,,1,One,_Z,Not applicable
DATAFLOW,OECD.CTP.TPS:DSD_REV_COMP_GLOBAL@DF_RSGLOBAL(2.1),A comparative table of countries in the global database,I,DNK,Denmark,TAX_REV,Tax revenue,S13,General government,_T,Total tax revenue,_T,Total,PT_B1GQ,Percentage of GDP,A,Annual,2016,,45.799,,A,Normal value,0,Units,TOTALTAX,,1,One,_Z,Not applicable
DATAFLOW,OECD.CTP.TPS:DSD_REV_COMP_GLOBAL@DF_RSGLOBAL(2.1),A comparative table of countries in the global database,I,DNK,Denmark,TAX_REV,Tax revenue,S13,General government,_T,Total tax revenue,_T,Total,PT_B1GQ,Percentage of GDP,A,Annual,2015,,46.487,,A,Normal value,0,Units,TOTALTAX,,1,One,_Z,Not applicable
DATAFLOW,OECD.CTP.TPS:DSD_REV_COMP_GLOBAL@DF_RSGLOBAL(2.1),A comparative table of countries in the global database,I,DNK,Denmark,TAX_REV,Tax revenue,S13,General government,_T,Total tax revenue,_T,Total,PT_B1GQ,Percentage of GDP,A,Annual,2014,,48.776,,A,Normal value,0,Units,TOTALTAX,,1,One,_Z,Not applicable
DATAFLOW,OECD.CTP.TPS:DSD_REV_COMP_GLOBAL@DF_RSGLOBAL(2.1),A comparative table of countries in the global database,I,CZE,Czechia,TAX_REV,Tax revenue,S13,General government,_T,Total tax revenue,_T,Total,PT_B1GQ,Percentage of GDP,A,Annual,2023,,33.7,,A,Normal value,0,Units,TOTALTAX,,1,One,_Z,Not applicable
DATAFLOW,OECD.CTP.TPS:DSD_REV_COMP_GLOBAL@DF_RSGLOBAL(2.1),A comparative table of countries in the global database,I,CZE,Czechia,TAX_REV,Tax revenue,S13,General government,_T,Total tax revenue,_T,Total,PT_B1GQ,Percentage of GDP,A,Annual,2022,,33.187,,A,Normal value,0,Units,TOTALTAX,,1,One,_Z,Not applicable
DATAFLOW,OECD.CTP.TPS:DSD_REV_COMP_GLOBAL@DF_RSGLOBAL(2.1),A comparative table of countries in the global database,I,CZE,Czechia,TAX_REV,Tax revenue,S13,General government,_T,Total tax revenue,_T,Total,PT_B1GQ,Percentage of GDP,A,Annual,2021,,33.654,,A,Normal value,0,Units,TOTALTAX,,1,One,_Z,Not applicable
DATAFLOW,OECD.CTP.TPS:DSD_REV_COMP_GLOBAL@DF_RSGLOBAL(2.1),A comparative table of countries in the global database,I,CZE,Czechia,TAX_REV,Tax revenue,S13,General government,_T,Total tax revenue,_T,Total,PT_B1GQ,Percentage of GDP,A,Annual,2020,,34.046,,A,Normal value,0,Units,TOTALTAX,,1,One,_Z,Not applicable
DATAFLOW,OECD.CTP.TPS:DSD_REV_COMP_GLOBAL@DF_RSGLOBAL(2.1),A comparative table of countries in the global database,I,CZE,Czechia,TAX_REV,Tax revenue,S13,General government,_T,Total tax revenue,_T,Total,PT_B1GQ,Percentage of GDP,A,Annual,2019,,34.203,,A,Normal value,0,Units,TOTALTAX,,1,One,_Z,Not applicable
DATAFLOW,OECD.CTP.TPS:DSD_REV_COMP_GLOBAL@DF_RSGLOBAL(2.1),A comparative table of countries in the global database,I,CZE,Czechia,TAX_REV,Tax revenue,S13,General government,_T,Total tax revenue,_T,Total,PT_B1GQ,Percentage of GDP,A,Annual,2018,,34.559,,A,Normal value,0,Units,TOTALTAX,,1,One,_Z,Not applicable
DATAFLOW,OECD.CTP.TPS:DSD_REV_COMP_GLOBAL@DF_RSGLOBAL(2.1),A comparative table of countries in the global database,I,CZE,Czechia,TAX_REV,Tax revenue,S13,General government,_T,Total tax revenue,_T,Total,PT_B1GQ,Percentage of GDP,A,Annual,2017,,33.982,,A,Normal value,0,Units,TOTALTAX,,1,One,_Z,Not applicable
DATAFLOW,OECD.CTP.TPS:DSD_REV_COMP_GLOBAL@DF_RSGLOBAL(2.1),A comparative table of countries in the global database,I,CZE,Czechia,TAX_REV,Tax revenue,S13,General government,_T,Total tax revenue,_T,Total,PT_B1GQ,Percentage of GDP,A,Annual,2016,,33.707,,A,Normal value,0,Units,TOTALTAX,,1,One,_Z,Not applicable
DATAFLOW,OECD.CTP.TPS:DSD_REV_COMP_GLOBAL@DF_RSGLOBAL(2.1),A comparative table of countries in the global database,I,CZE,Czechia,TAX_REV,Tax revenue,S13,General government,_T,Total tax revenue,_T,Total,PT_B1GQ,Percentage of GDP,A,Annual,2015,,32.946,,A,Normal value,0,Units,TOTALTAX,,1,One,_Z,Not applicable
DATAFLOW,OECD.CTP.TPS:DSD_REV_COMP_GLOBAL@DF_RSGLOBAL(2.1),A comparative table of countries in the global database,I,CZE,Czechia,TAX_REV,Tax revenue,S13,General government,_T,Total tax revenue,_T,Total,PT_B1GQ,Percentage of GDP,A,Annual,2014,,32.61,,A,Normal value,0,Units,TOTALTAX,,1,One,_Z,Not applicable
DATAFLOW,OECD.CTP.TPS:DSD_REV_COMP_GLOBAL@DF_RSGLOBAL(2.1),A comparative table of countries in the global database,I,CRI,Costa Rica,TAX_REV,Tax revenue,S13,General government,_T,Total tax revenue,_T,Total,PT_B1GQ,Percentage of GDP,A,Annual,2023,,24.931,,A,Normal value,0,Units,TOTALTAX,,1,One,_Z,Not applicable
DATAFLOW,OECD.CTP.TPS:DSD_REV_COMP_GLOBAL@DF_RSGLOBAL(2.1),A comparative table of countries in the global database,I,CRI,Costa Rica,TAX_REV,Tax revenue,S13,General government,_T,Total tax revenue,_T,Total,PT_B1GQ,Percentage of GDP,A,Annual,2022,,25.186,,A,Normal value,0,Units,TOTALTAX,,1,One,_Z,Not applicable
DATAFLOW,OECD.CTP.TPS:DSD_REV_COMP_GLOBAL@DF_RSGLOBAL(2.1),A comparative table of countries in the global database,I,CRI,Costa Rica,TAX_REV,Tax revenue,S13,General government,_T,Total tax revenue,_T,Total,PT_B1GQ,Percentage of GDP,A,Annual,2021,,24.845,,A,Normal value,0,Units,TOTALTAX,,1,One,_Z,Not applicable
DATAFLOW,OECD.CTP.TPS:DSD_REV_COMP_GLOBAL@DF_RSGLOBAL(2.1),A comparative table of countries in the global database,I,CRI,Costa Rica,TAX_REV,Tax revenue,S13,General government,_T,Total tax revenue,_T,Total,PT_B1GQ,Percentage of GDP,A,Annual,2020,,22.566,,A,Normal value,0,Units,TOTALTAX,,1,One,_Z,Not applicable
DATAFLOW,OECD.CTP.TPS:DSD_REV_COMP_GLOBAL@DF_RSGLOBAL(2.1),A comparative table of countries in the global database,I,CRI,Costa Rica,TAX_REV,Tax revenue,S13,General government,_T,Total tax revenue,_T,Total,PT_B1GQ,Percentage of GDP,A,Annual,2019,,23.408,,A,Normal value,0,Units,TOTALTAX,,1,One,_Z,Not applicable
DATAFLOW,OECD.CTP.TPS:DSD_REV_COMP_GLOBAL@DF_RSGLOBAL(2.1),A comparative table of countries in the global database,I,CRI,Costa Rica,TAX_REV,Tax revenue,S13,General government,_T,Total tax revenue,_T,Total,PT_B1GQ,Percentage of GDP,A,Annual,2018,,23.157,,A,Normal value,0,Units,TOTALTAX,,1,One,_Z,Not applicable
DATAFLOW,OECD.CTP.TPS:DSD_REV_COMP_GLOBAL@DF_RSGLOBAL(2.1),A comparative table of countries in the global database,I,CRI,Costa Rica,TAX_REV,Tax revenue,S13,General government,_T,Total tax revenue,_T,Total,PT_B1GQ,Percentage of GDP,A,Annual,2017,,22.984,,A,Normal value,0,Units,TOTALTAX,,1,One,_Z,Not applicable
DATAFLOW,OECD.CTP.TPS:DSD_REV_COMP_GLOBAL@DF_RSGLOBAL(2.1),A comparative table of countries in the global database,I,CRI,Costa Rica,TAX_REV,Tax revenue,S13,General government,_T,Total tax revenue,_T,Total,PT_B1GQ,Percentage of GDP,A,Annual,2016,,23.486,,A,Normal value,0,Units,TOTALTAX,,1,One,_Z,Not applicable
DATAFLOW,OECD.CTP.TPS:DSD_REV_COMP_GLOBAL@DF_RSGLOBAL(2.1),A comparative table of countries in the global database,I,CRI,Costa Rica,TAX_REV,Tax revenue,S13,General government,_T,Total tax revenue,_T,Total,PT_B1GQ,Percentage of GDP,A,Annual,2015,,22.947,,A,Normal value,0,Units,TOTALTAX,,1,One,_Z,Not applicable
DATAFLOW,OECD.CTP.TPS:DSD_REV_COMP_GLOBAL@DF_RSGLOBAL(2.1),A comparative table of countries in the global database,I,CRI,Costa Rica,TAX_REV,Tax revenue,S13,General government,_T,Total tax revenue,_T,Total,PT_B1GQ,Percentage of GDP,A,Annual,2014,,22.609,,A,Normal value,0,Units,TOTALTAX,,1,One,_Z,Not applicable
DATAFLOW,OECD.CTP.TPS:DSD_REV_COMP_GLOBAL@DF_RSGLOBAL(2.1),A comparative table of countries in the global database,I,COL,Colombia,TAX_REV,Tax revenue,S13,General government,_T,Total tax revenue,_T,Total,PT_B1GQ,Percentage of GDP,A,Annual,2023,,22.243,,A,Normal value,0,Units,TOTALTAX,,1,One,_Z,Not applicable
DATAFLOW,OECD.CTP.TPS:DSD_REV_COMP_GLOBAL@DF_RSGLOBAL(2.1),A comparative table of countries in the global database,I,COL,Colombia,TAX_REV,Tax revenue,S13,General government,_T,Total tax revenue,_T,Total,PT_B1GQ,Percentage of GDP,A,Annual,2022,,19.652,,A,Normal value,0,Units,TOTALTAX,,1,One,_Z,Not applicable
DATAFLOW,OECD.CTP.TPS:DSD_REV_COMP_GLOBAL@DF_RSGLOBAL(2.1),A comparative table of countries in the global database,I,COL,Colombia,TAX_REV,Tax revenue,S13,General government,_T,Total tax revenue,_T,Total,PT_B1GQ,Percentage of GDP,A,Annual,2021,,19.193,,A,Normal value,0,Units,TOTALTAX,,1,One,_Z,Not applicable
DATAFLOW,OECD.CTP.TPS:DSD_REV_COMP_GLOBAL@DF_RSGLOBAL(2.1),A comparative table of countries in the global database,I,COL,Colombia,TAX_REV,Tax revenue,S13,General government,_T,Total tax revenue,_T,Total,PT_B1GQ,Percentage of GDP,A,Annual,2020,,18.773,,A,Normal value,0,Units,TOTALTAX,,1,One,_Z,Not applicable
DATAFLOW,OECD.CTP.TPS:DSD_REV_COMP_GLOBAL@DF_RSGLOBAL(2.1),A comparative table of countries in the global database,I,COL,Colombia,TAX_REV,Tax revenue,S13,General government,_T,Total tax revenue,_T,Total,PT_B1GQ,Percentage of GDP,A,Annual,2019,,19.692,,A,Normal value,0,Units,TOTALTAX,,1,One,_Z,Not applicable
DATAFLOW,OECD.CTP.TPS:DSD_REV_COMP_GLOBAL@DF_RSGLOBAL(2.1),A comparative table of countries in the global database,I,COL,Colombia,TAX_REV,Tax revenue,S13,General government,_T,Total tax revenue,_T,Total,PT_B1GQ,Percentage of GDP,A,Annual,2018,,19.265,,A,Normal value,0,Units,TOTALTAX,,1,One,_Z,Not applicable
DATAFLOW,OECD.CTP.TPS:DSD_REV_COMP_GLOBAL@DF_RSGLOBAL(2.1),A comparative table of countries in the global database,I,COL,Colombia,TAX_REV,Tax revenue,S13,General government,_T,Total tax revenue,_T,Total,PT_B1GQ,Percentage of GDP,A,Annual,2017,,18.983,,A,Normal value,0,Units,TOTALTAX,,1,One,_Z,Not applicable
DATAFLOW,OECD.CTP.TPS:DSD_REV_COMP_GLOBAL@DF_RSGLOBAL(2.1),A comparative table of countries in the global database,I,COL,Colombia,TAX_REV,Tax revenue,S13,General government,_T,Total tax revenue,_T,Total,PT_B1GQ,Percentage of GDP,A,Annual,2016,,19.079,,A,Normal value,0,Units,TOTALTAX,,1,One,_Z,Not applicable
DATAFLOW,OECD.CTP.TPS:DSD_REV_COMP_GLOBAL@DF_RSGLOBAL(2.1),A comparative table of countries in the global database,I,COL,Colombia,TAX_REV,Tax revenue,S13,General government,_T,Total tax revenue,_T,Total,PT_B1GQ,Percentage of GDP,A,Annual,2015,,19.903,,A,Normal value,0,Units,TOTALTAX,,1,One,_Z,Not applicable
DATAFLOW,OECD.CTP.TPS:DSD_REV_COMP_GLOBAL@DF_RSGLOBAL(2.1),A comparative table of countries in the global database,I,COL,Colombia,TAX_REV,Tax revenue,S13,General government,_T,Total tax revenue,_T,Total,PT_B1GQ,Percentage of GDP,A,Annual,2014,,19.55,,A,Normal value,0,Units,TOTALTAX,,1,One,_Z,Not applicable
DATAFLOW,OECD.CTP.TPS:DSD_REV_COMP_GLOBAL@DF_RSGLOBAL(2.1),A comparative table of countries in the global database,I,CHL,Chile,TAX_REV,Tax revenue,S13,General government,_T,Total tax revenue,_T,Total,PT_B1GQ,Percentage of GDP,A,Annual,2023,,20.615,,A,Normal value,0,Units,TOTALTAX,,1,One,_Z,Not applicable
DATAFLOW,OECD.CTP.TPS:DSD_REV_COMP_GLOBAL@DF_RSGLOBAL(2.1),A comparative table of countries in the global database,I,CHL,Chile,TAX_REV,Tax revenue,S13,General government,_T,Total tax revenue,_T,Total,PT_B1GQ,Percentage of GDP,A,Annual,2022,,23.841,,A,Normal value,0,Units,TOTALTAX,,1,One,_Z,Not applicable
DATAFLOW,OECD.CTP.TPS:DSD_REV_COMP_GLOBAL@DF_RSGLOBAL(2.1),A comparative table of countries in the global database,I,CHL,Chile,TAX_REV,Tax revenue,S13,General government,_T,Total tax revenue,_T,Total,PT_B1GQ,Percentage of GDP,A,Annual,2021,,22.317,,A,Normal value,0,Units,TOTALTAX,,1,One,_Z,Not applicable
DATAFLOW,OECD.CTP.TPS:DSD_REV_COMP_GLOBAL@DF_RSGLOBAL(2.1),A comparative table of countries in the global database,I,CHL,Chile,TAX_REV,Tax revenue,S13,General government,_T,Total tax revenue,_T,Total,PT_B1GQ,Percentage of GDP,A,Annual,2020,,19.29,,A,Normal value,0,Units,TOTALTAX,,1,One,_Z,Not applicable
DATAFLOW,OECD.CTP.TPS:DSD_REV_COMP_GLOBAL@DF_RSGLOBAL(2.1),A comparative table of countries in the global database,I,CHL,Chile,TAX_REV,Tax revenue,S13,General government,_T,Total tax revenue,_T,Total,PT_B1GQ,Percentage of GDP,A,Annual,2019,,20.982,,A,Normal value,0,Units,TOTALTAX,,1,One,_Z,Not applicable
DATAFLOW,OECD.CTP.TPS:DSD_REV_COMP_GLOBAL@DF_RSGLOBAL(2.1),A comparative table of countries in the global database,I,CHL,Chile,TAX_REV,Tax revenue,S13,General government,_T,Total tax revenue,_T,Total,PT_B1GQ,Percentage of GDP,A,Annual,2018,,21.282,,A,Normal value,0,Units,TOTALTAX,,1,One,_Z,Not applicable
DATAFLOW,OECD.CTP.TPS:DSD_REV_COMP_GLOBAL@DF_RSGLOBAL(2.1),A comparative table of countries in the global database,I,CHL,Chile,TAX_REV,Tax revenue,S13,General government,_T,Total tax revenue,_T,Total,PT_B1GQ,Percentage of GDP,A,Annual,2017,,20.223,,A,Normal value,0,Units,TOTALTAX,,1,One,_Z,Not applicable
DATAFLOW,OECD.CTP.TPS:DSD_REV_COMP_GLOBAL@DF_RSGLOBAL(2.1),A comparative table of countries in the global database,I,CHL,Chile,TAX_REV,Tax revenue,S13,General government,_T,Total tax revenue,_T,Total,PT_B1GQ,Percentage of GDP,A,Annual,2016,,20.223,,A,Normal value,0,Units,TOTALTAX,,1,One,_Z,Not applicable
DATAFLOW,OECD.CTP.TPS:DSD_REV_COMP_GLOBAL@DF_RSGLOBAL(2.1),A comparative table of countries in the global database,I,CHL,Chile,TAX_REV,Tax revenue,S13,General government,_T,Total tax revenue,_T,Total,PT_B1GQ,Percentage of GDP,A,Annual,2015,,20.51,,A,Normal value,0,Units,TOTALTAX,,1,One,_Z,Not applicable
DATAFLOW,OECD.CTP.TPS:DSD_REV_COMP_GLOBAL@DF_RSGLOBAL(2.1),A comparative table of countries in the global database,I,CHL,Chile,TAX_REV,Tax revenue,S13,General government,_T,Total tax revenue,_T,Total,PT_B1GQ,Percentage of GDP,A,Annual,2014,,19.699,,A,Normal value,0,Units,TOTALTAX,,1,One,_Z,Not applicable
DATAFLOW,OECD.CTP.TPS:DSD_REV_COMP_GLOBAL@DF_RSGLOBAL(2.1),A comparative table of countries in the global database,I,CAN,Canada,TAX_REV,Tax revenue,S13,General government,_T,Total tax revenue,_T,Total,PT_B1GQ,Percentage of GDP,A,Annual,2023,,34.778,,A,Normal value,0,Units,TOTALTAX,,1,One,_Z,Not applicable
DATAFLOW,OECD.CTP.TPS:DSD_REV_COMP_GLOBAL@DF_RSGLOBAL(2.1),A comparative table of countries in the global database,I,CAN,Canada,TAX_REV,Tax revenue,S13,General government,_T,Total tax revenue,_T,Total,PT_B1GQ,Percentage of GDP,A,Annual,2022,,33.832,,A,Normal value,0,Units,TOTALTAX,,1,One,_Z,Not applicable
DATAFLOW,OECD.CTP.TPS:DSD_REV_COMP_GLOBAL@DF_RSGLOBAL(2.1),A comparative table of countries in the global database,I,CAN,Canada,TAX_REV,Tax revenue,S13,General government,_T,Total tax revenue,_T,Total,PT_B1GQ,Percentage of GDP,A,Annual,2021,,34.799,,A,Normal value,0,Units,TOTALTAX,,1,One,_Z,Not applicable
DATAFLOW,OECD.CTP.TPS:DSD_REV_COMP_GLOBAL@DF_RSGLOBAL(2.1),A comparative table of countries in the global database,I,CAN,Canada,TAX_REV,Tax revenue,S13,General government,_T,Total tax revenue,_T,Total,PT_B1GQ,Percentage of GDP,A,Annual,2020,,34.468,,A,Normal value,0,Units,TOTALTAX,,1,One,_Z,Not applicable
DATAFLOW,OECD.CTP.TPS:DSD_REV_COMP_GLOBAL@DF_RSGLOBAL(2.1),A comparative table of countries in the global database,I,CAN,Canada,TAX_REV,Tax revenue,S13,General government,_T,Total tax revenue,_T,Total,PT_B1GQ,Percentage of GDP,A,Annual,2019,,33.082,,A,Normal value,0,Units,TOTALTAX,,1,One,_Z,Not applicable
DATAFLOW,OECD.CTP.TPS:DSD_REV_COMP_GLOBAL@DF_RSGLOBAL(2.1),A comparative table of countries in the global database,I,CAN,Canada,TAX_REV,Tax revenue,S13,General government,_T,Total tax revenue,_T,Total,PT_B1GQ,Percentage of GDP,A,Annual,2018,,33.482,,A,Normal value,0,Units,TOTALTAX,,1,One,_Z,Not applicable
DATAFLOW,OECD.CTP.TPS:DSD_REV_COMP_GLOBAL@DF_RSGLOBAL(2.1),A comparative table of countries in the global database,I,CAN,Canada,TAX_REV,Tax revenue,S13,General government,_T,Total tax revenue,_T,Total,PT_B1GQ,Percentage of GDP,A,Annual,2017,,33.044,,A,Normal value,0,Units,TOTALTAX,,1,One,_Z,Not applicable
DATAFLOW,OECD.CTP.TPS:DSD_REV_COMP_GLOBAL@DF_RSGLOBAL(2.1),A comparative table of countries in the global database,I,CAN,Canada,TAX_REV,Tax revenue,S13,General government,_T,Total tax revenue,_T,Total,PT_B1GQ,Percentage of GDP,A,Annual,2016,,33.258,,A,Normal value,0,Units,TOTALTAX,,1,One,_Z,Not applicable
DATAFLOW,OECD.CTP.TPS:DSD_REV_COMP_GLOBAL@DF_RSGLOBAL(2.1),A comparative table of countries in the global database,I,CAN,Canada,TAX_REV,Tax revenue,S13,General government,_T,Total tax revenue,_T,Total,PT_B1GQ,Percentage of GDP,A,Annual,2015,,32.82,,A,Normal value,0,Units,TOTALTAX,,1,One,_Z,Not applicable
DATAFLOW,OECD.CTP.TPS:DSD_REV_COMP_GLOBAL@DF_RSGLOBAL(2.1),A comparative table of countries in the global database,I,CAN,Canada,TAX_REV,Tax revenue,S13,General government,_T,Total tax revenue,_T,Total,PT_B1GQ,Percentage of GDP,A,Annual,2014,,31.266,,A,Normal value,0,Units,TOTALTAX,,1,One,_Z,Not applicable
DATAFLOW,OECD.CTP.TPS:DSD_REV_COMP_GLOBAL@DF_RSGLOBAL(2.1),A comparative table of countries in the global database,I,BEL,Belgium,TAX_REV,Tax revenue,S13,General government,_T,Total tax revenue,_T,Total,PT_B1GQ,Percentage of GDP,A,Annual,2023,,42.58,,A,Normal value,0,Units,TOTALTAX,,1,One,_Z,Not applicable
DATAFLOW,OECD.CTP.TPS:DSD_REV_COMP_GLOBAL@DF_RSGLOBAL(2.1),A comparative table of countries in the global database,I,BEL,Belgium,TAX_REV,Tax revenue,S13,General government,_T,Total tax revenue,_T,Total,PT_B1GQ,Percentage of GDP,A,Annual,2022,,42.377,,A,Normal value,0,Units,TOTALTAX,,1,One,_Z,Not applicable
DATAFLOW,OECD.CTP.TPS:DSD_REV_COMP_GLOBAL@DF_RSGLOBAL(2.1),A comparative table of countries in the global database,I,BEL,Belgium,TAX_REV,Tax revenue,S13,General government,_T,Total tax revenue,_T,Total,PT_B1GQ,Percentage of GDP,A,Annual,2021,,42.065,,A,Normal value,0,Units,TOTALTAX,,1,One,_Z,Not applicable
DATAFLOW,OECD.CTP.TPS:DSD_REV_COMP_GLOBAL@DF_RSGLOBAL(2.1),A comparative table of countries in the global database,I,BEL,Belgium,TAX_REV,Tax revenue,S13,General government,_T,Total tax revenue,_T,Total,PT_B1GQ,Percentage of GDP,A,Annual,2020,,42.219,,A,Normal value,0,Units,TOTALTAX,,1,One,_Z,Not applicable
DATAFLOW,OECD.CTP.TPS:DSD_REV_COMP_GLOBAL@DF_RSGLOBAL(2.1),A comparative table of countries in the global database,I,BEL,Belgium,TAX_REV,Tax revenue,S13,General government,_T,Total tax revenue,_T,Total,PT_B1GQ,Percentage of GDP,A,Annual,2019,,42.385,,A,Normal value,0,Units,TOTALTAX,,1,One,_Z,Not applicable
DATAFLOW,OECD.CTP.TPS:DSD_REV_COMP_GLOBAL@DF_RSGLOBAL(2.1),A comparative table of countries in the global database,I,BEL,Belgium,TAX_REV,Tax revenue,S13,General government,_T,Total tax revenue,_T,Total,PT_B1GQ,Percentage of GDP,A,Annual,2018,,43.824,,A,Normal value,0,Units,TOTALTAX,,1,One,_Z,Not applicable
DATAFLOW,OECD.CTP.TPS:DSD_REV_COMP_GLOBAL@DF_RSGLOBAL(2.1),A comparative table of countries in the global database,I,BEL,Belgium,TAX_REV,Tax revenue,S13,General government,_T,Total tax revenue,_T,Total,PT_B1GQ,Percentage of GDP,A,Annual,2017,,43.797,,A,Normal value,0,Units,TOTALTAX,,1,One,_Z,Not applicable
DATAFLOW,OECD.CTP.TPS:DSD_REV_COMP_GLOBAL@DF_RSGLOBAL(2.1),A comparative table of countries in the global database,I,BEL,Belgium,TAX_REV,Tax revenue,S13,General government,_T,Total tax revenue,_T,Total,PT_B1GQ,Percentage of GDP,A,Annual,2016,,43.288,,A,Normal value,0,Units,TOTALTAX,,1,One,_Z,Not applicable
DATAFLOW,OECD.CTP.TPS:DSD_REV_COMP_GLOBAL@DF_RSGLOBAL(2.1),A comparative table of countries in the global database,I,BEL,Belgium,TAX_REV,Tax revenue,S13,General government,_T,Total tax revenue,_T,Total,PT_B1GQ,Percentage of GDP,A,Annual,2015,,44.115,,A,Normal value,0,Units,TOTALTAX,,1,One,_Z,Not applicable
DATAFLOW,OECD.CTP.TPS:DSD_REV_COMP_GLOBAL@DF_RSGLOBAL(2.1),A comparative table of countries in the global database,I,BEL,Belgium,TAX_REV,Tax revenue,S13,General government,_T,Total tax revenue,_T,Total,PT_B1GQ,Percentage of GDP,A,Annual,2014,,44.75,,A,Normal value,0,Units,TOTALTAX,,1,One,_Z,Not applicable
DATAFLOW,OECD.CTP.TPS:DSD_REV_COMP_GLOBAL@DF_RSGLOBAL(2.1),A comparative table of countries in the global database,I,AUT,Austria,TAX_REV,Tax revenue,S13,General government,_T,Total tax revenue,_T,Total,PT_B1GQ,Percentage of GDP,A,Annual,2023,,42.665,,A,Normal value,0,Units,TOTALTAX,,1,One,_Z,Not applicable
DATAFLOW,OECD.CTP.TPS:DSD_REV_COMP_GLOBAL@DF_RSGLOBAL(2.1),A comparative table of countries in the global database,I,AUT,Austria,TAX_REV,Tax revenue,S13,General government,_T,Total tax revenue,_T,Total,PT_B1GQ,Percentage of GDP,A,Annual,2022,,43.181,,A,Normal value,0,Units,TOTALTAX,,1,One,_Z,Not applicable
DATAFLOW,OECD.CTP.TPS:DSD_REV_COMP_GLOBAL@DF_RSGLOBAL(2.1),A comparative table of countries in the global database,I,AUT,Austria,TAX_REV,Tax revenue,S13,General government,_T,Total tax revenue,_T,Total,PT_B1GQ,Percentage of GDP,A,Annual,2021,,43.383,,A,Normal value,0,Units,TOTALTAX,,1,One,_Z,Not applicable
DATAFLOW,OECD.CTP.TPS:DSD_REV_COMP_GLOBAL@DF_RSGLOBAL(2.1),A comparative table of countries in the global database,I,AUT,Austria,TAX_REV,Tax revenue,S13,General government,_T,Total tax revenue,_T,Total,PT_B1GQ,Percentage of GDP,A,Annual,2020,,42.102,,A,Normal value,0,Units,TOTALTAX,,1,One,_Z,Not applicable
DATAFLOW,OECD.CTP.TPS:DSD_REV_COMP_GLOBAL@DF_RSGLOBAL(2.1),A comparative table of countries in the global database,I,AUT,Austria,TAX_REV,Tax revenue,S13,General government,_T,Total tax revenue,_T,Total,PT_B1GQ,Percentage of GDP,A,Annual,2019,,42.617,,A,Normal value,0,Units,TOTALTAX,,1,One,_Z,Not applicable
DATAFLOW,OECD.CTP.TPS:DSD_REV_COMP_GLOBAL@DF_RSGLOBAL(2.1),A comparative table of countries in the global database,I,AUT,Austria,TAX_REV,Tax revenue,S13,General government,_T,Total tax revenue,_T,Total,PT_B1GQ,Percentage of GDP,A,Annual,2018,,42.261,,A,Normal value,0,Units,TOTALTAX,,1,One,_Z,Not applicable
DATAFLOW,OECD.CTP.TPS:DSD_REV_COMP_GLOBAL@DF_RSGLOBAL(2.1),A comparative table of countries in the global database,I,AUT,Austria,TAX_REV,Tax revenue,S13,General government,_T,Total tax revenue,_T,Total,PT_B1GQ,Percentage of GDP,A,Annual,2017,,41.871,,A,Normal value,0,Units,TOTALTAX,,1,One,_Z,Not applicable
DATAFLOW,OECD.CTP.TPS:DSD_REV_COMP_GLOBAL@DF_RSGLOBAL(2.1),A comparative table of countries in the global database,I,AUT,Austria,TAX_REV,Tax revenue,S13,General government,_T,Total tax revenue,_T,Total,PT_B1GQ,Percentage of GDP,A,Annual,2016,,41.753,,A,Normal value,0,Units,TOTALTAX,,1,One,_Z,Not applicable
DATAFLOW,OECD.CTP.TPS:DSD_REV_COMP_GLOBAL@DF_RSGLOBAL(2.1),A comparative table of countries in the global database,I,AUT,Austria,TAX_REV,Tax revenue,S13,General government,_T,Total tax revenue,_T,Total,PT_B1GQ,Percentage of GDP,A,Annual,2015,,43.126,,A,Normal value,0,Units,TOTALTAX,,1,One,_Z,Not applicable
DATAFLOW,OECD.CTP.TPS:DSD_REV_COMP_GLOBAL@DF_RSGLOBAL(2.1),A comparative table of countries in the global database,I,AUT,Austria,TAX_REV,Tax revenue,S13,General government,_T,Total tax revenue,_T,Total,PT_B1GQ,Percentage of GDP,A,Annual,2014,,42.699,,A,Normal value,0,Units,TOTALTAX,,1,One,_Z,Not applicable
DATAFLOW,OECD.CTP.TPS:DSD_REV_COMP_GLOBAL@DF_RSGLOBAL(2.1),A comparative table of countries in the global database,I,AUS,Australia,TAX_REV,Tax revenue,S13,General government,_T,Total tax revenue,_T,Total,PT_B1GQ,Percentage of GDP,A,Annual,2019,,27.657,,A,Normal value,0,Units,TOTALTAX,,1,One,_Z,Not applicable
DATAFLOW,OECD.CTP.TPS:DSD_REV_COMP_GLOBAL@DF_RSGLOBAL(2.1),A comparative table of countries in the global database,I,AUS,Australia,TAX_REV,Tax revenue,S13,General government,_T,Total tax revenue,_T,Total,PT_B1GQ,Percentage of GDP,A,Annual,2018,,28.571,,A,Normal value,0,Units,TOTALTAX,,1,One,_Z,Not applicable
DATAFLOW,OECD.CTP.TPS:DSD_REV_COMP_GLOBAL@DF_RSGLOBAL(2.1),A comparative table of countries in the global database,I,AUS,Australia,TAX_REV,Tax revenue,S13,General government,_T,Total tax revenue,_T,Total,PT_B1GQ,Percentage of GDP,A,Annual,2017,,28.517,,A,Normal value,0,Units,TOTALTAX,,1,One,_Z,Not applicable
DATAFLOW,OECD.CTP.TPS:DSD_REV_COMP_GLOBAL@DF_RSGLOBAL(2.1),A comparative table of countries in the global database,I,AUS,Australia,TAX_REV,Tax revenue,S13,General government,_T,Total tax revenue,_T,Total,PT_B1GQ,Percentage of GDP,A,Annual,2016,,27.511,,A,Normal value,0,Units,TOTALTAX,,1,One,_Z,Not applicable
DATAFLOW,OECD.CTP.TPS:DSD_REV_COMP_GLOBAL@DF_RSGLOBAL(2.1),A comparative table of countries in the global database,I,AUS,Australia,TAX_REV,Tax revenue,S13,General government,_T,Total tax revenue,_T,Total,PT_B1GQ,Percentage of GDP,A,Annual,2015,,27.773,,A,Normal value,0,Units,TOTALTAX,,1,One,_Z,Not applicable
DATAFLOW,OECD.CTP.TPS:DSD_REV_COMP_GLOBAL@DF_RSGLOBAL(2.1),A comparative table of countries in the global database,I,AUS,Australia,TAX_REV,Tax revenue,S13,General government,_T,Total tax revenue,_T,Total,PT_B1GQ,Percentage of GDP,A,Annual,2014,,27.15,,A,Normal value,0,Units,TOTALTAX,,1,One,_Z,Not applicable
DATAFLOW,OECD.CTP.TPS:DSD_REV_COMP_GLOBAL@DF_RSGLOBAL(2.1),A comparative table of countries in the global database,I,A9,Latin America and the Caribbean,TAX_REV,Tax revenue,S13,General government,_T,Total tax revenue,_T,Total,PT_B1GQ,Percentage of GDP,A,Annual,2023,,21.261,,A,Normal value,0,Units,TOTALTAX,,1,One,_Z,Not applicable
DATAFLOW,OECD.CTP.TPS:DSD_REV_COMP_GLOBAL@DF_RSGLOBAL(2.1),A comparative table of countries in the global database,I,A9,Latin America and the Caribbean,TAX_REV,Tax revenue,S13,General government,_T,Total tax revenue,_T,Total,PT_B1GQ,Percentage of GDP,A,Annual,2022,,21.422,,A,Normal value,0,Units,TOTALTAX,,1,One,_Z,Not applicable
DATAFLOW,OECD.CTP.TPS:DSD_REV_COMP_GLOBAL@DF_RSGLOBAL(2.1),A comparative table of countries in the global database,I,A9,Latin America and the Caribbean,TAX_REV,Tax revenue,S13,General government,_T,Total tax revenue,_T,Total,PT_B1GQ,Percentage of GDP,A,Annual,2021,,21.012,,A,Normal value,0,Units,TOTALTAX,,1,One,_Z,Not applicable
DATAFLOW,OECD.CTP.TPS:DSD_REV_COMP_GLOBAL@DF_RSGLOBAL(2.1),A comparative table of countries in the global database,I,A9,Latin America and the Caribbean,TAX_REV,Tax revenue,S13,General government,_T,Total tax revenue,_T,Total,PT_B1GQ,Percentage of GDP,A,Annual,2020,,20.816,,A,Normal value,0,Units,TOTALTAX,,1,One,_Z,Not applicable
DATAFLOW,OECD.CTP.TPS:DSD_REV_COMP_GLOBAL@DF_RSGLOBAL(2.1),A comparative table of countries in the global database,I,A9,Latin America and the Caribbean,TAX_REV,Tax revenue,S13,General government,_T,Total tax revenue,_T,Total,PT_B1GQ,Percentage of GDP,A,Annual,2019,,21.44,,A,Normal value,0,Units,TOTALTAX,,1,One,_Z,Not applicable
DATAFLOW,OECD.CTP.TPS:DSD_REV_COMP_GLOBAL@DF_RSGLOBAL(2.1),A comparative table of countries in the global database,I,A9,Latin America and the Caribbean,TAX_REV,Tax revenue,S13,General government,_T,Total tax revenue,_T,Total,PT_B1GQ,Percentage of GDP,A,Annual,2018,,21.258,,A,Normal value,0,Units,TOTALTAX,,1,One,_Z,Not applicable
DATAFLOW,OECD.CTP.TPS:DSD_REV_COMP_GLOBAL@DF_RSGLOBAL(2.1),A comparative table of countries in the global database,I,A9,Latin America and the Caribbean,TAX_REV,Tax revenue,S13,General government,_T,Total tax revenue,_T,Total,PT_B1GQ,Percentage of GDP,A,Annual,2017,,20.956,,A,Normal value,0,Units,TOTALTAX,,1,One,_Z,Not applicable
DATAFLOW,OECD.CTP.TPS:DSD_REV_COMP_GLOBAL@DF_RSGLOBAL(2.1),A comparative table of countries in the global database,I,A9,Latin America and the Caribbean,TAX_REV,Tax revenue,S13,General government,_T,Total tax revenue,_T,Total,PT_B1GQ,Percentage of GDP,A,Annual,2016,,20.949,,A,Normal value,0,Units,TOTALTAX,,1,One,_Z,Not applicable
DATAFLOW,OECD.CTP.TPS:DSD_REV_COMP_GLOBAL@DF_RSGLOBAL(2.1),A comparative table of countries in the global database,I,A9,Latin America and the Caribbean,TAX_REV,Tax revenue,S13,General government,_T,Total tax revenue,_T,Total,PT_B1GQ,Percentage of GDP,A,Annual,2015,,21.043,,A,Normal value,0,Units,TOTALTAX,,1,One,_Z,Not applicable
DATAFLOW,OECD.CTP.TPS:DSD_REV_COMP_GLOBAL@DF_RSGLOBAL(2.1),A comparative table of countries in the global database,I,A9,Latin America and the Caribbean,TAX_REV,Tax revenue,S13,General government,_T,Total tax revenue,_T,Total,PT_B1GQ,Percentage of GDP,A,Annual,2014,,20.567,,A,Normal value,0,Units,TOTALTAX,,1,One,_Z,Not applicable
DATAFLOW,OECD.CTP.TPS:DSD_REV_COMP_GLOBAL@DF_RSGLOBAL(2.1),A comparative table of countries in the global database,I,URY,Uruguay,TAX_REV,Tax revenue,S13,General government,_T,Total tax revenue,_T,Total,PT_B1GQ,Percentage of GDP,A,Annual,2023,,27.411,,A,Normal value,0,Units,TOTALTAX,,1,One,_Z,Not applicable
DATAFLOW,OECD.CTP.TPS:DSD_REV_COMP_GLOBAL@DF_RSGLOBAL(2.1),A comparative table of countries in the global database,I,URY,Uruguay,TAX_REV,Tax revenue,S13,General government,_T,Total tax revenue,_T,Total,PT_B1GQ,Percentage of GDP,A,Annual,2022,,27.009,,A,Normal value,0,Units,TOTALTAX,,1,One,_Z,Not applicable
DATAFLOW,OECD.CTP.TPS:DSD_REV_COMP_GLOBAL@DF_RSGLOBAL(2.1),A comparative table of countries in the global database,I,URY,Uruguay,TAX_REV,Tax revenue,S13,General government,_T,Total tax revenue,_T,Total,PT_B1GQ,Percentage of GDP,A,Annual,2021,,25.879,,A,Normal value,0,Units,TOTALTAX,,1,One,_Z,Not applicable
DATAFLOW,OECD.CTP.TPS:DSD_REV_COMP_GLOBAL@DF_RSGLOBAL(2.1),A comparative table of countries in the global database,I,URY,Uruguay,TAX_REV,Tax revenue,S13,General government,_T,Total tax revenue,_T,Total,PT_B1GQ,Percentage of GDP,A,Annual,2020,,26.625,,A,Normal value,0,Units,TOTALTAX,,1,One,_Z,Not applicable
DATAFLOW,OECD.CTP.TPS:DSD_REV_COMP_GLOBAL@DF_RSGLOBAL(2.1),A comparative table of countries in the global database,I,URY,Uruguay,TAX_REV,Tax revenue,S13,General government,_T,Total tax revenue,_T,Total,PT_B1GQ,Percentage of GDP,A,Annual,2019,,26.15,,A,Normal value,0,Units,TOTALTAX,,1,One,_Z,Not applicable
DATAFLOW,OECD.CTP.TPS:DSD_REV_COMP_GLOBAL@DF_RSGLOBAL(2.1),A comparative table of countries in the global database,I,URY,Uruguay,TAX_REV,Tax revenue,S13,General government,_T,Total tax revenue,_T,Total,PT_B1GQ,Percentage of GDP,A,Annual,2018,,26.623,,A,Normal value,0,Units,TOTALTAX,,1,One,_Z,Not applicable
DATAFLOW,OECD.CTP.TPS:DSD_REV_COMP_GLOBAL@DF_RSGLOBAL(2.1),A comparative table of countries in the global database,I,URY,Uruguay,TAX_REV,Tax revenue,S13,General government,_T,Total tax revenue,_T,Total,PT_B1GQ,Percentage of GDP,A,Annual,2017,,26.548,,A,Normal value,0,Units,TOTALTAX,,1,One,_Z,Not applicable
DATAFLOW,OECD.CTP.TPS:DSD_REV_COMP_GLOBAL@DF_RSGLOBAL(2.1),A comparative table of countries in the global database,I,URY,Uruguay,TAX_REV,Tax revenue,S13,General government,_T,Total tax revenue,_T,Total,PT_B1GQ,Percentage of GDP,A,Annual,2016,,25.486,,A,Normal value,0,Units,TOTALTAX,,1,One,_Z,Not applicable
DATAFLOW,OECD.CTP.TPS:DSD_REV_COMP_GLOBAL@DF_RSGLOBAL(2.1),A comparative table of countries in the global database,I,URY,Uruguay,TAX_REV,Tax revenue,S13,General government,_T,Total tax revenue,_T,Total,PT_B1GQ,Percentage of GDP,A,Annual,2015,,25.076,,A,Normal value,0,Units,TOTALTAX,,1,One,_Z,Not applicable
DATAFLOW,OECD.CTP.TPS:DSD_REV_COMP_GLOBAL@DF_RSGLOBAL(2.1),A comparative table of countries in the global database,I,URY,Uruguay,TAX_REV,Tax revenue,S13,General government,_T,Total tax revenue,_T,Total,PT_B1GQ,Percentage of GDP,A,Annual,2014,,25.149,,A,Normal value,0,Units,TOTALTAX,,1,One,_Z,Not applicable
DATAFLOW,OECD.CTP.TPS:DSD_REV_COMP_GLOBAL@DF_RSGLOBAL(2.1),A comparative table of countries in the global database,I,GUY,Guyana,TAX_REV,Tax revenue,S13,General government,_T,Total tax revenue,_T,Total,PT_B1GQ,Percentage of GDP,A,Annual,2023,,11.593,,A,Normal value,0,Units,TOTALTAX,,1,One,_Z,Not applicable
DATAFLOW,OECD.CTP.TPS:DSD_REV_COMP_GLOBAL@DF_RSGLOBAL(2.1),A comparative table of countries in the global database,I,GUY,Guyana,TAX_REV,Tax revenue,S13,General government,_T,Total tax revenue,_T,Total,PT_B1GQ,Percentage of GDP,A,Annual,2022,,10.57,,A,Normal value,0,Units,TOTALTAX,,1,One,_Z,Not applicable
DATAFLOW,OECD.CTP.TPS:DSD_REV_COMP_GLOBAL@DF_RSGLOBAL(2.1),A comparative table of countries in the global database,I,GUY,Guyana,TAX_REV,Tax revenue,S13,General government,_T,Total tax revenue,_T,Total,PT_B1GQ,Percentage of GDP,A,Annual,2021,,16.843,,A,Normal value,0,Units,TOTALTAX,,1,One,_Z,Not applicable
DATAFLOW,OECD.CTP.TPS:DSD_REV_COMP_GLOBAL@DF_RSGLOBAL(2.1),A comparative table of countries in the global database,I,GUY,Guyana,TAX_REV,Tax revenue,S13,General government,_T,Total tax revenue,_T,Total,PT_B1GQ,Percentage of GDP,A,Annual,2020,,21.346,,A,Normal value,0,Units,TOTALTAX,,1,One,_Z,Not applicable
DATAFLOW,OECD.CTP.TPS:DSD_REV_COMP_GLOBAL@DF_RSGLOBAL(2.1),A comparative table of countries in the global database,I,GUY,Guyana,TAX_REV,Tax revenue,S13,General government,_T,Total tax revenue,_T,Total,PT_B1GQ,Percentage of GDP,A,Annual,2019,,23.198,,A,Normal value,0,Units,TOTALTAX,,1,One,_Z,Not applicable
DATAFLOW,OECD.CTP.TPS:DSD_REV_COMP_GLOBAL@DF_RSGLOBAL(2.1),A comparative table of countries in the global database,I,GUY,Guyana,TAX_REV,Tax revenue,S13,General government,_T,Total tax revenue,_T,Total,PT_B1GQ,Percentage of GDP,A,Annual,2018,,22.165,,A,Normal value,0,Units,TOTALTAX,,1,One,_Z,Not applicable
DATAFLOW,OECD.CTP.TPS:DSD_REV_COMP_GLOBAL@DF_RSGLOBAL(2.1),A comparative table of countries in the global database,I,GUY,Guyana,TAX_REV,Tax revenue,S13,General government,_T,Total tax revenue,_T,Total,PT_B1GQ,Percentage of GDP,A,Annual,2017,,19.532,,A,Normal value,0,Units,TOTALTAX,,1,One,_Z,Not applicable
DATAFLOW,OECD.CTP.TPS:DSD_REV_COMP_GLOBAL@DF_RSGLOBAL(2.1),A comparative table of countries in the global database,I,GUY,Guyana,TAX_REV,Tax revenue,S13,General government,_T,Total tax revenue,_T,Total,PT_B1GQ,Percentage of GDP,A,Annual,2016,,18.398,,A,Normal value,0,Units,TOTALTAX,,1,One,_Z,Not applicable
DATAFLOW,OECD.CTP.TPS:DSD_REV_COMP_GLOBAL@DF_RSGLOBAL(2.1),A comparative table of countries in the global database,I,GUY,Guyana,TAX_REV,Tax revenue,S13,General government,_T,Total tax revenue,_T,Total,PT_B1GQ,Percentage of GDP,A,Annual,2015,,18.092,,A,Normal value,0,Units,TOTALTAX,,1,One,_Z,Not applicable
DATAFLOW,OECD.CTP.TPS:DSD_REV_COMP_GLOBAL@DF_RSGLOBAL(2.1),A comparative table of countries in the global database,I,GUY,Guyana,TAX_REV,Tax revenue,S13,General government,_T,Total tax revenue,_T,Total,PT_B1GQ,Percentage of GDP,A,Annual,2014,,17.765,,A,Normal value,0,Units,TOTALTAX,,1,One,_Z,Not applicable
DATAFLOW,OECD.CTP.TPS:DSD_REV_COMP_GLOBAL@DF_RSGLOBAL(2.1),A comparative table of countries in the global database,I,LIE,Liechtenstein,TAX_REV,Tax revenue,S13,General government,_T,Total tax revenue,_T,Total,PT_B1GQ,Percentage of GDP,A,Annual,2023,,21.496,,A,Normal value,0,Units,TOTALTAX,,1,One,_Z,Not applicable
DATAFLOW,OECD.CTP.TPS:DSD_REV_COMP_GLOBAL@DF_RSGLOBAL(2.1),A comparative table of countries in the global database,I,LIE,Liechtenstein,TAX_REV,Tax revenue,S13,General government,_T,Total tax revenue,_T,Total,PT_B1GQ,Percentage of GDP,A,Annual,2022,,20.809,,A,Normal value,0,Units,TOTALTAX,,1,One,_Z,Not applicable
DATAFLOW,OECD.CTP.TPS:DSD_REV_COMP_GLOBAL@DF_RSGLOBAL(2.1),A comparative table of countries in the global database,I,LIE,Liechtenstein,TAX_REV,Tax revenue,S13,General government,_T,Total tax revenue,_T,Total,PT_B1GQ,Percentage of GDP,A,Annual,2021,,19.328,,A,Normal value,0,Units,TOTALTAX,,1,One,_Z,Not applicable
DATAFLOW,OECD.CTP.TPS:DSD_REV_COMP_GLOBAL@DF_RSGLOBAL(2.1),A comparative table of countries in the global database,I,LIE,Liechtenstein,TAX_REV,Tax revenue,S13,General government,_T,Total tax revenue,_T,Total,PT_B1GQ,Percentage of GDP,A,Annual,2020,,28.141,,A,Normal value,0,Units,TOTALTAX,,1,One,_Z,Not applicable
DATAFLOW,OECD.CTP.TPS:DSD_REV_COMP_GLOBAL@DF_RSGLOBAL(2.1),A comparative table of countries in the global database,I,LIE,Liechtenstein,TAX_REV,Tax revenue,S13,General government,_T,Total tax revenue,_T,Total,PT_B1GQ,Percentage of GDP,A,Annual,2019,,21.494,,A,Normal value,0,Units,TOTALTAX,,1,One,_Z,Not applicable
DATAFLOW,OECD.CTP.TPS:DSD_REV_COMP_GLOBAL@DF_RSGLOBAL(2.1),A comparative table of countries in the global database,I,LIE,Liechtenstein,TAX_REV,Tax revenue,S13,General government,_T,Total tax revenue,_T,Total,PT_B1GQ,Percentage of GDP,A,Annual,2018,,19.882,,A,Normal value,0,Units,TOTALTAX,,1,One,_Z,Not applicable
DATAFLOW,OECD.CTP.TPS:DSD_REV_COMP_GLOBAL@DF_RSGLOBAL(2.1),A comparative table of countries in the global database,I,LIE,Liechtenstein,TAX_REV,Tax revenue,S13,General government,_T,Total tax revenue,_T,Total,PT_B1GQ,Percentage of GDP,A,Annual,2017,,19.331,,A,Normal value,0,Units,TOTALTAX,,1,One,_Z,Not applicable
DATAFLOW,OECD.CTP.TPS:DSD_REV_COMP_GLOBAL@DF_RSGLOBAL(2.1),A comparative table of countries in the global database,I,LIE,Liechtenstein,TAX_REV,Tax revenue,S13,General government,_T,Total tax revenue,_T,Total,PT_B1GQ,Percentage of GDP,A,Annual,2016,,19.956,,A,Normal value,0,Units,TOTALTAX,,1,One,_Z,Not applicable
DATAFLOW,OECD.CTP.TPS:DSD_REV_COMP_GLOBAL@DF_RSGLOBAL(2.1),A comparative table of countries in the global database,I,LIE,Liechtenstein,TAX_REV,Tax revenue,S13,General government,_T,Total tax revenue,_T,Total,PT_B1GQ,Percentage of GDP,A,Annual,2015,,20.428,,A,Normal value,0,Units,TOTALTAX,,1,One,_Z,Not applicable
DATAFLOW,OECD.CTP.TPS:DSD_REV_COMP_GLOBAL@DF_RSGLOBAL(2.1),A comparative table of countries in the global database,I,LIE,Liechtenstein,TAX_REV,Tax revenue,S13,General government,_T,Total tax revenue,_T,Total,PT_B1GQ,Percentage of GDP,A,Annual,2014,,18.745,,A,Normal value,0,Units,TOTALTAX,,1,One,_Z,Not applicable
DATAFLOW,OECD.CTP.TPS:DSD_REV_COMP_GLOBAL@DF_RSGLOBAL(2.1),A comparative table of countries in the global database,I,MYS,Malaysia,TAX_REV,Tax revenue,S13,General government,_T,Total tax revenue,_T,Total,PT_B1GQ,Percentage of GDP,A,Annual,2023,,13.12,,A,Normal value,0,Units,TOTALTAX,,1,One,_Z,Not applicable
DATAFLOW,OECD.CTP.TPS:DSD_REV_COMP_GLOBAL@DF_RSGLOBAL(2.1),A comparative table of countries in the global database,I,MYS,Malaysia,TAX_REV,Tax revenue,S13,General government,_T,Total tax revenue,_T,Total,PT_B1GQ,Percentage of GDP,A,Annual,2022,,12.144,,A,Normal value,0,Units,TOTALTAX,,1,One,_Z,Not applicable
DATAFLOW,OECD.CTP.TPS:DSD_REV_COMP_GLOBAL@DF_RSGLOBAL(2.1),A comparative table of countries in the global database,I,ARM,Armenia,TAX_REV,Tax revenue,S13,General government,_T,Total tax revenue,_T,Total,PT_B1GQ,Percentage of GDP,A,Annual,2023,,23.505,,A,Normal value,0,Units,TOTALTAX,,1,One,_Z,Not applicable
DATAFLOW,OECD.CTP.TPS:DSD_REV_COMP_GLOBAL@DF_RSGLOBAL(2.1),A comparative table of countries in the global database,I,ARM,Armenia,TAX_REV,Tax revenue,S13,General government,_T,Total tax revenue,_T,Total,PT_B1GQ,Percentage of GDP,A,Annual,2022,,22.655,,A,Normal value,0,Units,TOTALTAX,,1,One,_Z,Not applicable
DATAFLOW,OECD.CTP.TPS:DSD_REV_COMP_GLOBAL@DF_RSGLOBAL(2.1),A comparative table of countries in the global database,I,ARM,Armenia,TAX_REV,Tax revenue,S13,General government,_T,Total tax revenue,_T,Total,PT_B1GQ,Percentage of GDP,A,Annual,2021,,22.697,,A,Normal value,0,Units,TOTALTAX,,1,One,_Z,Not applicable
DATAFLOW,OECD.CTP.TPS:DSD_REV_COMP_GLOBAL@DF_RSGLOBAL(2.1),A comparative table of countries in the global database,I,ARM,Armenia,TAX_REV,Tax revenue,S13,General government,_T,Total tax revenue,_T,Total,PT_B1GQ,Percentage of GDP,A,Annual,2020,,22.407,,A,Normal value,0,Units,TOTALTAX,,1,One,_Z,Not applicable
DATAFLOW,OECD.CTP.TPS:DSD_REV_COMP_GLOBAL@DF_RSGLOBAL(2.1),A comparative table of countries in the global database,I,ARM,Armenia,TAX_REV,Tax revenue,S13,General government,_T,Total tax revenue,_T,Total,PT_B1GQ,Percentage of GDP,A,Annual,2019,,22.379,,A,Normal value,0,Units,TOTALTAX,,1,One,_Z,Not applicable
DATAFLOW,OECD.CTP.TPS:DSD_REV_COMP_GLOBAL@DF_RSGLOBAL(2.1),A comparative table of countries in the global database,I,ARM,Armenia,TAX_REV,Tax revenue,S13,General government,_T,Total tax revenue,_T,Total,PT_B1GQ,Percentage of GDP,A,Annual,2018,,20.909,,A,Normal value,0,Units,TOTALTAX,,1,One,_Z,Not applicable
DATAFLOW,OECD.CTP.TPS:DSD_REV_COMP_GLOBAL@DF_RSGLOBAL(2.1),A comparative table of countries in the global database,I,ARM,Armenia,TAX_REV,Tax revenue,S13,General government,_T,Total tax revenue,_T,Total,PT_B1GQ,Percentage of GDP,A,Annual,2017,,20.812,,A,Normal value,0,Units,TOTALTAX,,1,One,_Z,Not applicable
DATAFLOW,OECD.CTP.TPS:DSD_REV_COMP_GLOBAL@DF_RSGLOBAL(2.1),A comparative table of countries in the global database,I,ARM,Armenia,TAX_REV,Tax revenue,S13,General government,_T,Total tax revenue,_T,Total,PT_B1GQ,Percentage of GDP,A,Annual,2016,,21.279,,A,Normal value,0,Units,TOTALTAX,,1,One,_Z,Not applicable
DATAFLOW,OECD.CTP.TPS:DSD_REV_COMP_GLOBAL@DF_RSGLOBAL(2.1),A comparative table of countries in the global database,I,ARM,Armenia,TAX_REV,Tax revenue,S13,General government,_T,Total tax revenue,_T,Total,PT_B1GQ,Percentage of GDP,A,Annual,2015,,21.129,,A,Normal value,0,Units,TOTALTAX,,1,One,_Z,Not applicable
DATAFLOW,OECD.CTP.TPS:DSD_REV_COMP_GLOBAL@DF_RSGLOBAL(2.1),A comparative table of countries in the global database,I,ARM,Armenia,TAX_REV,Tax revenue,S13,General government,_T,Total tax revenue,_T,Total,PT_B1GQ,Percentage of GDP,A,Annual,2014,,22.012,,A,Normal value,0,Units,TOTALTAX,,1,One,_Z,Not applicable
DATAFLOW,OECD.CTP.TPS:DSD_REV_COMP_GLOBAL@DF_RSGLOBAL(2.1),A comparative table of countries in the global database,I,ARG,Argentina,TAX_REV,Tax revenue,S13,General government,_T,Total tax revenue,_T,Total,PT_B1GQ,Percentage of GDP,A,Annual,2023,,27.842,,A,Normal value,0,Units,TOTALTAX,,1,One,_Z,Not applicable
DATAFLOW,OECD.CTP.TPS:DSD_REV_COMP_GLOBAL@DF_RSGLOBAL(2.1),A comparative table of countries in the global database,I,ARG,Argentina,TAX_REV,Tax revenue,S13,General government,_T,Total tax revenue,_T,Total,PT_B1GQ,Percentage of GDP,A,Annual,2022,,29.558,,A,Normal value,0,Units,TOTALTAX,,1,One,_Z,Not applicable
DATAFLOW,OECD.CTP.TPS:DSD_REV_COMP_GLOBAL@DF_RSGLOBAL(2.1),A comparative table of countries in the global database,I,ARG,Argentina,TAX_REV,Tax revenue,S13,General government,_T,Total tax revenue,_T,Total,PT_B1GQ,Percentage of GDP,A,Annual,2021,,29.129,,A,Normal value,0,Units,TOTALTAX,,1,One,_Z,Not applicable
DATAFLOW,OECD.CTP.TPS:DSD_REV_COMP_GLOBAL@DF_RSGLOBAL(2.1),A comparative table of countries in the global database,I,ARG,Argentina,TAX_REV,Tax revenue,S13,General government,_T,Total tax revenue,_T,Total,PT_B1GQ,Percentage of GDP,A,Annual,2020,,29.746,,A,Normal value,0,Units,TOTALTAX,,1,One,_Z,Not applicable
DATAFLOW,OECD.CTP.TPS:DSD_REV_COMP_GLOBAL@DF_RSGLOBAL(2.1),A comparative table of countries in the global database,I,ARG,Argentina,TAX_REV,Tax revenue,S13,General government,_T,Total tax revenue,_T,Total,PT_B1GQ,Percentage of GDP,A,Annual,2019,,28.503,,A,Normal value,0,Units,TOTALTAX,,1,One,_Z,Not applicable
DATAFLOW,OECD.CTP.TPS:DSD_REV_COMP_GLOBAL@DF_RSGLOBAL(2.1),A comparative table of countries in the global database,I,ARG,Argentina,TAX_REV,Tax revenue,S13,General government,_T,Total tax revenue,_T,Total,PT_B1GQ,Percentage of GDP,A,Annual,2018,,28.513,,A,Normal value,0,Units,TOTALTAX,,1,One,_Z,Not applicable
DATAFLOW,OECD.CTP.TPS:DSD_REV_COMP_GLOBAL@DF_RSGLOBAL(2.1),A comparative table of countries in the global database,I,ARG,Argentina,TAX_REV,Tax revenue,S13,General government,_T,Total tax revenue,_T,Total,PT_B1GQ,Percentage of GDP,A,Annual,2017,,30.041,,A,Normal value,0,Units,TOTALTAX,,1,One,_Z,Not applicable
DATAFLOW,OECD.CTP.TPS:DSD_REV_COMP_GLOBAL@DF_RSGLOBAL(2.1),A comparative table of countries in the global database,I,ARG,Argentina,TAX_REV,Tax revenue,S13,General government,_T,Total tax revenue,_T,Total,PT_B1GQ,Percentage of GDP,A,Annual,2016,,30.673,,A,Normal value,0,Units,TOTALTAX,,1,One,_Z,Not applicable
DATAFLOW,OECD.CTP.TPS:DSD_REV_COMP_GLOBAL@DF_RSGLOBAL(2.1),A comparative table of countries in the global database,I,ARG,Argentina,TAX_REV,Tax revenue,S13,General government,_T,Total tax revenue,_T,Total,PT_B1GQ,Percentage of GDP,A,Annual,2015,,31.454,,A,Normal value,0,Units,TOTALTAX,,1,One,_Z,Not applicable
DATAFLOW,OECD.CTP.TPS:DSD_REV_COMP_GLOBAL@DF_RSGLOBAL(2.1),A comparative table of countries in the global database,I,ARG,Argentina,TAX_REV,Tax revenue,S13,General government,_T,Total tax revenue,_T,Total,PT_B1GQ,Percentage of GDP,A,Annual,2014,,31.123,,A,Normal value,0,Units,TOTALTAX,,1,One,_Z,Not applicable
DATAFLOW,OECD.CTP.TPS:DSD_REV_COMP_GLOBAL@DF_RSGLOBAL(2.1),A comparative table of countries in the global database,I,ATG,Antigua and Barbuda,TAX_REV,Tax revenue,S13,General government,_T,Total tax revenue,_T,Total,PT_B1GQ,Percentage of GDP,A,Annual,2023,,17.852,,A,Normal value,0,Units,TOTALTAX,,1,One,_Z,Not applicable
DATAFLOW,OECD.CTP.TPS:DSD_REV_COMP_GLOBAL@DF_RSGLOBAL(2.1),A comparative table of countries in the global database,I,ATG,Antigua and Barbuda,TAX_REV,Tax revenue,S13,General government,_T,Total tax revenue,_T,Total,PT_B1GQ,Percentage of GDP,A,Annual,2022,,18.097,,A,Normal value,0,Units,TOTALTAX,,1,One,_Z,Not applicable
DATAFLOW,OECD.CTP.TPS:DSD_REV_COMP_GLOBAL@DF_RSGLOBAL(2.1),A comparative table of countries in the global database,I,ATG,Antigua and Barbuda,TAX_REV,Tax revenue,S13,General government,_T,Total tax revenue,_T,Total,PT_B1GQ,Percentage of GDP,A,Annual,2021,,18.581,,A,Normal value,0,Units,TOTALTAX,,1,One,_Z,Not applicable
DATAFLOW,OECD.CTP.TPS:DSD_REV_COMP_GLOBAL@DF_RSGLOBAL(2.1),A comparative table of countries in the global database,I,ATG,Antigua and Barbuda,TAX_REV,Tax revenue,S13,General government,_T,Total tax revenue,_T,Total,PT_B1GQ,Percentage of GDP,A,Annual,2020,,19.17,,A,Normal value,0,Units,TOTALTAX,,1,One,_Z,Not applicable
DATAFLOW,OECD.CTP.TPS:DSD_REV_COMP_GLOBAL@DF_RSGLOBAL(2.1),A comparative table of countries in the global database,I,ATG,Antigua and Barbuda,TAX_REV,Tax revenue,S13,General government,_T,Total tax revenue,_T,Total,PT_B1GQ,Percentage of GDP,A,Annual,2019,,17.592,,A,Normal value,0,Units,TOTALTAX,,1,One,_Z,Not applicable
DATAFLOW,OECD.CTP.TPS:DSD_REV_COMP_GLOBAL@DF_RSGLOBAL(2.1),A comparative table of countries in the global database,I,ATG,Antigua and Barbuda,TAX_REV,Tax revenue,S13,General government,_T,Total tax revenue,_T,Total,PT_B1GQ,Percentage of GDP,A,Annual,2018,,18.344,,A,Normal value,0,Units,TOTALTAX,,1,One,_Z,Not applicable
DATAFLOW,OECD.CTP.TPS:DSD_REV_COMP_GLOBAL@DF_RSGLOBAL(2.1),A comparative table of countries in the global database,I,ATG,Antigua and Barbuda,TAX_REV,Tax revenue,S13,General government,_T,Total tax revenue,_T,Total,PT_B1GQ,Percentage of GDP,A,Annual,2017,,18.724,,A,Normal value,0,Units,TOTALTAX,,1,One,_Z,Not applicable
DATAFLOW,OECD.CTP.TPS:DSD_REV_COMP_GLOBAL@DF_RSGLOBAL(2.1),A comparative table of countries in the global database,I,ATG,Antigua and Barbuda,TAX_REV,Tax revenue,S13,General government,_T,Total tax revenue,_T,Total,PT_B1GQ,Percentage of GDP,A,Annual,2016,,18.893,,A,Normal value,0,Units,TOTALTAX,,1,One,_Z,Not applicable
DATAFLOW,OECD.CTP.TPS:DSD_REV_COMP_GLOBAL@DF_RSGLOBAL(2.1),A comparative table of countries in the global database,I,ATG,Antigua and Barbuda,TAX_REV,Tax revenue,S13,General government,_T,Total tax revenue,_T,Total,PT_B1GQ,Percentage of GDP,A,Annual,2015,,18.948,,A,Normal value,0,Units,TOTALTAX,,1,One,_Z,Not applicable
DATAFLOW,OECD.CTP.TPS:DSD_REV_COMP_GLOBAL@DF_RSGLOBAL(2.1),A comparative table of countries in the global database,I,ATG,Antigua and Barbuda,TAX_REV,Tax revenue,S13,General government,_T,Total tax revenue,_T,Total,PT_B1GQ,Percentage of GDP,A,Annual,2014,,18.019,,A,Normal value,0,Units,TOTALTAX,,1,One,_Z,Not applicable
DATAFLOW,OECD.CTP.TPS:DSD_REV_COMP_GLOBAL@DF_RSGLOBAL(2.1),A comparative table of countries in the global database,I,USA,United States,TAX_REV,Tax revenue,S13,General government,_T,Total tax revenue,_T,Total,PT_B1GQ,Percentage of GDP,A,Annual,2023,,25.184,,A,Normal value,0,Units,TOTALTAX,,1,One,_Z,Not applicable
DATAFLOW,OECD.CTP.TPS:DSD_REV_COMP_GLOBAL@DF_RSGLOBAL(2.1),A comparative table of countries in the global database,I,USA,United States,TAX_REV,Tax revenue,S13,General government,_T,Total tax revenue,_T,Total,PT_B1GQ,Percentage of GDP,A,Annual,2022,,27.607,,A,Normal value,0,Units,TOTALTAX,,1,One,_Z,Not applicable
DATAFLOW,OECD.CTP.TPS:DSD_REV_COMP_GLOBAL@DF_RSGLOBAL(2.1),A comparative table of countries in the global database,I,USA,United States,TAX_REV,Tax revenue,S13,General government,_T,Total tax revenue,_T,Total,PT_B1GQ,Percentage of GDP,A,Annual,2021,,26.709,,A,Normal value,0,Units,TOTALTAX,,1,One,_Z,Not applicable
DATAFLOW,OECD.CTP.TPS:DSD_REV_COMP_GLOBAL@DF_RSGLOBAL(2.1),A comparative table of countries in the global database,I,USA,United States,TAX_REV,Tax revenue,S13,General government,_T,Total tax revenue,_T,Total,PT_B1GQ,Percentage of GDP,A,Annual,2020,,25.57,,A,Normal value,0,Units,TOTALTAX,,1,One,_Z,Not applicable
DATAFLOW,OECD.CTP.TPS:DSD_REV_COMP_GLOBAL@DF_RSGLOBAL(2.1),A comparative table of countries in the global database,I,USA,United States,TAX_REV,Tax revenue,S13,General government,_T,Total tax revenue,_T,Total,PT_B1GQ,Percentage of GDP,A,Annual,2019,,24.982,,A,Normal value,0,Units,TOTALTAX,,1,One,_Z,Not applicable
DATAFLOW,OECD.CTP.TPS:DSD_REV_COMP_GLOBAL@DF_RSGLOBAL(2.1),A comparative table of countries in the global database,I,USA,United States,TAX_REV,Tax revenue,S13,General government,_T,Total tax revenue,_T,Total,PT_B1GQ,Percentage of GDP,A,Annual,2018,,24.816,,A,Normal value,0,Units,TOTALTAX,,1,One,_Z,Not applicable
DATAFLOW,OECD.CTP.TPS:DSD_REV_COMP_GLOBAL@DF_RSGLOBAL(2.1),A comparative table of countries in the global database,I,USA,United States,TAX_REV,Tax revenue,S13,General government,_T,Total tax revenue,_T,Total,PT_B1GQ,Percentage of GDP,A,Annual,2017,,26.459,,A,Normal value,0,Units,TOTALTAX,,1,One,_Z,Not applicable
DATAFLOW,OECD.CTP.TPS:DSD_REV_COMP_GLOBAL@DF_RSGLOBAL(2.1),A comparative table of countries in the global database,I,USA,United States,TAX_REV,Tax revenue,S13,General government,_T,Total tax revenue,_T,Total,PT_B1GQ,Percentage of GDP,A,Annual,2016,,25.713,,A,Normal value,0,Units,TOTALTAX,,1,One,_Z,Not applicable
DATAFLOW,OECD.CTP.TPS:DSD_REV_COMP_GLOBAL@DF_RSGLOBAL(2.1),A comparative table of countries in the global database,I,USA,United States,TAX_REV,Tax revenue,S13,General government,_T,Total tax revenue,_T,Total,PT_B1GQ,Percentage of GDP,A,Annual,2015,,26.087,,A,Normal value,0,Units,TOTALTAX,,1,One,_Z,Not applicable
DATAFLOW,OECD.CTP.TPS:DSD_REV_COMP_GLOBAL@DF_RSGLOBAL(2.1),A comparative table of countries in the global database,I,USA,United States,TAX_REV,Tax revenue,S13,General government,_T,Total tax revenue,_T,Total,PT_B1GQ,Percentage of GDP,A,Annual,2014,,25.786,,A,Normal value,0,Units,TOTALTAX,,1,One,_Z,Not applicable
DATAFLOW,OECD.CTP.TPS:DSD_REV_COMP_GLOBAL@DF_RSGLOBAL(2.1),A comparative table of countries in the global database,I,GBR,United Kingdom,TAX_REV,Tax revenue,S13,General government,_T,Total tax revenue,_T,Total,PT_B1GQ,Percentage of GDP,A,Annual,2023,,35.335,,A,Normal value,0,Units,TOTALTAX,,1,One,_Z,Not applicable
DATAFLOW,OECD.CTP.TPS:DSD_REV_COMP_GLOBAL@DF_RSGLOBAL(2.1),A comparative table of countries in the global database,I,GBR,United Kingdom,TAX_REV,Tax revenue,S13,General government,_T,Total tax revenue,_T,Total,PT_B1GQ,Percentage of GDP,A,Annual,2022,,35.42,,A,Normal value,0,Units,TOTALTAX,,1,One,_Z,Not applicable
DATAFLOW,OECD.CTP.TPS:DSD_REV_COMP_GLOBAL@DF_RSGLOBAL(2.1),A comparative table of countries in the global database,I,GBR,United Kingdom,TAX_REV,Tax revenue,S13,General government,_T,Total tax revenue,_T,Total,PT_B1GQ,Percentage of GDP,A,Annual,2021,,34.227,,A,Normal value,0,Units,TOTALTAX,,1,One,_Z,Not applicable
DATAFLOW,OECD.CTP.TPS:DSD_REV_COMP_GLOBAL@DF_RSGLOBAL(2.1),A comparative table of countries in the global database,I,GBR,United Kingdom,TAX_REV,Tax revenue,S13,General government,_T,Total tax revenue,_T,Total,PT_B1GQ,Percentage of GDP,A,Annual,2020,,32.812,,A,Normal value,0,Units,TOTALTAX,,1,One,_Z,Not applicable
DATAFLOW,OECD.CTP.TPS:DSD_REV_COMP_GLOBAL@DF_RSGLOBAL(2.1),A comparative table of countries in the global database,I,GBR,United Kingdom,TAX_REV,Tax revenue,S13,General government,_T,Total tax revenue,_T,Total,PT_B1GQ,Percentage of GDP,A,Annual,2019,,32.49,,A,Normal value,0,Units,TOTALTAX,,1,One,_Z,Not applicable
DATAFLOW,OECD.CTP.TPS:DSD_REV_COMP_GLOBAL@DF_RSGLOBAL(2.1),A comparative table of countries in the global database,I,GBR,United Kingdom,TAX_REV,Tax revenue,S13,General government,_T,Total tax revenue,_T,Total,PT_B1GQ,Percentage of GDP,A,Annual,2018,,32.768,,A,Normal value,0,Units,TOTALTAX,,1,One,_Z,Not applicable
DATAFLOW,OECD.CTP.TPS:DSD_REV_COMP_GLOBAL@DF_RSGLOBAL(2.1),A comparative table of countries in the global database,I,GBR,United Kingdom,TAX_REV,Tax revenue,S13,General government,_T,Total tax revenue,_T,Total,PT_B1GQ,Percentage of GDP,A,Annual,2017,,32.733,,A,Normal value,0,Units,TOTALTAX,,1,One,_Z,Not applicable
DATAFLOW,OECD.CTP.TPS:DSD_REV_COMP_GLOBAL@DF_RSGLOBAL(2.1),A comparative table of countries in the global database,I,GBR,United Kingdom,TAX_REV,Tax revenue,S13,General government,_T,Total tax revenue,_T,Total,PT_B1GQ,Percentage of GDP,A,Annual,2016,,32.45,,A,Normal value,0,Units,TOTALTAX,,1,One,_Z,Not applicable
DATAFLOW,OECD.CTP.TPS:DSD_REV_COMP_GLOBAL@DF_RSGLOBAL(2.1),A comparative table of countries in the global database,I,GBR,United Kingdom,TAX_REV,Tax revenue,S13,General government,_T,Total tax revenue,_T,Total,PT_B1GQ,Percentage of GDP,A,Annual,2015,,31.907,,A,Normal value,0,Units,TOTALTAX,,1,One,_Z,Not applicable
DATAFLOW,OECD.CTP.TPS:DSD_REV_COMP_GLOBAL@DF_RSGLOBAL(2.1),A comparative table of countries in the global database,I,GBR,United Kingdom,TAX_REV,Tax revenue,S13,General government,_T,Total tax revenue,_T,Total,PT_B1GQ,Percentage of GDP,A,Annual,2014,,31.693,,A,Normal value,0,Units,TOTALTAX,,1,One,_Z,Not applicable
DATAFLOW,OECD.CTP.TPS:DSD_REV_COMP_GLOBAL@DF_RSGLOBAL(2.1),A comparative table of countries in the global database,I,TUR,Türkiye,TAX_REV,Tax revenue,S13,General government,_T,Total tax revenue,_T,Total,PT_B1GQ,Percentage of GDP,A,Annual,2023,,23.455,,A,Normal value,0,Units,TOTALTAX,,1,One,_Z,Not applicable
DATAFLOW,OECD.CTP.TPS:DSD_REV_COMP_GLOBAL@DF_RSGLOBAL(2.1),A comparative table of countries in the global database,I,TUR,Türkiye,TAX_REV,Tax revenue,S13,General government,_T,Total tax revenue,_T,Total,PT_B1GQ,Percentage of GDP,A,Annual,2022,,20.945,,A,Normal value,0,Units,TOTALTAX,,1,One,_Z,Not applicable
DATAFLOW,OECD.CTP.TPS:DSD_REV_COMP_GLOBAL@DF_RSGLOBAL(2.1),A comparative table of countries in the global database,I,TUR,Türkiye,TAX_REV,Tax revenue,S13,General government,_T,Total tax revenue,_T,Total,PT_B1GQ,Percentage of GDP,A,Annual,2021,,22.914,,A,Normal value,0,Units,TOTALTAX,,1,One,_Z,Not applicable
DATAFLOW,OECD.CTP.TPS:DSD_REV_COMP_GLOBAL@DF_RSGLOBAL(2.1),A comparative table of countries in the global database,I,TUR,Türkiye,TAX_REV,Tax revenue,S13,General government,_T,Total tax revenue,_T,Total,PT_B1GQ,Percentage of GDP,A,Annual,2020,,23.861,,A,Normal value,0,Units,TOTALTAX,,1,One,_Z,Not applicable
DATAFLOW,OECD.CTP.TPS:DSD_REV_COMP_GLOBAL@DF_RSGLOBAL(2.1),A comparative table of countries in the global database,I,TUR,Türkiye,TAX_REV,Tax revenue,S13,General government,_T,Total tax revenue,_T,Total,PT_B1GQ,Percentage of GDP,A,Annual,2019,,23.103,,A,Normal value,0,Units,TOTALTAX,,1,One,_Z,Not applicable
DATAFLOW,OECD.CTP.TPS:DSD_REV_COMP_GLOBAL@DF_RSGLOBAL(2.1),A comparative table of countries in the global database,I,TUR,Türkiye,TAX_REV,Tax revenue,S13,General government,_T,Total tax revenue,_T,Total,PT_B1GQ,Percentage of GDP,A,Annual,2018,,23.968,,A,Normal value,0,Units,TOTALTAX,,1,One,_Z,Not applicable
DATAFLOW,OECD.CTP.TPS:DSD_REV_COMP_GLOBAL@DF_RSGLOBAL(2.1),A comparative table of countries in the global database,I,TUR,Türkiye,TAX_REV,Tax revenue,S13,General government,_T,Total tax revenue,_T,Total,PT_B1GQ,Percentage of GDP,A,Annual,2017,,24.68,,A,Normal value,0,Units,TOTALTAX,,1,One,_Z,Not applicable
DATAFLOW,OECD.CTP.TPS:DSD_REV_COMP_GLOBAL@DF_RSGLOBAL(2.1),A comparative table of countries in the global database,I,TUR,Türkiye,TAX_REV,Tax revenue,S13,General government,_T,Total tax revenue,_T,Total,PT_B1GQ,Percentage of GDP,A,Annual,2016,,25.128,,A,Normal value,0,Units,TOTALTAX,,1,One,_Z,Not applicable
DATAFLOW,OECD.CTP.TPS:DSD_REV_COMP_GLOBAL@DF_RSGLOBAL(2.1),A comparative table of countries in the global database,I,TUR,Türkiye,TAX_REV,Tax revenue,S13,General government,_T,Total tax revenue,_T,Total,PT_B1GQ,Percentage of GDP,A,Annual,2015,,24.957,,A,Normal value,0,Units,TOTALTAX,,1,One,_Z,Not applicable
DATAFLOW,OECD.CTP.TPS:DSD_REV_COMP_GLOBAL@DF_RSGLOBAL(2.1),A comparative table of countries in the global database,I,TUR,Türkiye,TAX_REV,Tax revenue,S13,General government,_T,Total tax revenue,_T,Total,PT_B1GQ,Percentage of GDP,A,Annual,2014,,24.457,,A,Normal value,0,Units,TOTALTAX,,1,One,_Z,Not applicable
DATAFLOW,OECD.CTP.TPS:DSD_REV_COMP_GLOBAL@DF_RSGLOBAL(2.1),A comparative table of countries in the global database,I,CHE,Switzerland,TAX_REV,Tax revenue,S13,General government,_T,Total tax revenue,_T,Total,PT_B1GQ,Percentage of GDP,A,Annual,2023,,27.093,,A,Normal value,0,Units,TOTALTAX,,1,One,_Z,Not applicable
DATAFLOW,OECD.CTP.TPS:DSD_REV_COMP_GLOBAL@DF_RSGLOBAL(2.1),A comparative table of countries in the global database,I,CHE,Switzerland,TAX_REV,Tax revenue,S13,General government,_T,Total tax revenue,_T,Total,PT_B1GQ,Percentage of GDP,A,Annual,2022,,26.91,,A,Normal value,0,Units,TOTALTAX,,1,One,_Z,Not applicable
DATAFLOW,OECD.CTP.TPS:DSD_REV_COMP_GLOBAL@DF_RSGLOBAL(2.1),A comparative table of countries in the global database,I,CHE,Switzerland,TAX_REV,Tax revenue,S13,General government,_T,Total tax revenue,_T,Total,PT_B1GQ,Percentage of GDP,A,Annual,2021,,28.035,,A,Normal value,0,Units,TOTALTAX,,1,One,_Z,Not applicable
DATAFLOW,OECD.CTP.TPS:DSD_REV_COMP_GLOBAL@DF_RSGLOBAL(2.1),A comparative table of countries in the global database,I,CHE,Switzerland,TAX_REV,Tax revenue,S13,General government,_T,Total tax revenue,_T,Total,PT_B1GQ,Percentage of GDP,A,Annual,2020,,27.912,,A,Normal value,0,Units,TOTALTAX,,1,One,_Z,Not applicable
DATAFLOW,OECD.CTP.TPS:DSD_REV_COMP_GLOBAL@DF_RSGLOBAL(2.1),A comparative table of countries in the global database,I,CHE,Switzerland,TAX_REV,Tax revenue,S13,General government,_T,Total tax revenue,_T,Total,PT_B1GQ,Percentage of GDP,A,Annual,2019,,27.66,,A,Normal value,0,Units,TOTALTAX,,1,One,_Z,Not applicable
DATAFLOW,OECD.CTP.TPS:DSD_REV_COMP_GLOBAL@DF_RSGLOBAL(2.1),A comparative table of countries in the global database,I,CHE,Switzerland,TAX_REV,Tax revenue,S13,General government,_T,Total tax revenue,_T,Total,PT_B1GQ,Percentage of GDP,A,Annual,2018,,27.182,,A,Normal value,0,Units,TOTALTAX,,1,One,_Z,Not applicable
DATAFLOW,OECD.CTP.TPS:DSD_REV_COMP_GLOBAL@DF_RSGLOBAL(2.1),A comparative table of countries in the global database,I,CHE,Switzerland,TAX_REV,Tax revenue,S13,General government,_T,Total tax revenue,_T,Total,PT_B1GQ,Percentage of GDP,A,Annual,2017,,27.716,,A,Normal value,0,Units,TOTALTAX,,1,One,_Z,Not applicable
DATAFLOW,OECD.CTP.TPS:DSD_REV_COMP_GLOBAL@DF_RSGLOBAL(2.1),A comparative table of countries in the global database,I,CHE,Switzerland,TAX_REV,Tax revenue,S13,General government,_T,Total tax revenue,_T,Total,PT_B1GQ,Percentage of GDP,A,Annual,2016,,26.938,,A,Normal value,0,Units,TOTALTAX,,1,One,_Z,Not applicable
DATAFLOW,OECD.CTP.TPS:DSD_REV_COMP_GLOBAL@DF_RSGLOBAL(2.1),A comparative table of countries in the global database,I,CHE,Switzerland,TAX_REV,Tax revenue,S13,General government,_T,Total tax revenue,_T,Total,PT_B1GQ,Percentage of GDP,A,Annual,2015,,26.956,,A,Normal value,0,Units,TOTALTAX,,1,One,_Z,Not applicable
DATAFLOW,OECD.CTP.TPS:DSD_REV_COMP_GLOBAL@DF_RSGLOBAL(2.1),A comparative table of countries in the global database,I,CHE,Switzerland,TAX_REV,Tax revenue,S13,General government,_T,Total tax revenue,_T,Total,PT_B1GQ,Percentage of GDP,A,Annual,2014,,26.189,,A,Normal value,0,Units,TOTALTAX,,1,One,_Z,Not applicable
DATAFLOW,OECD.CTP.TPS:DSD_REV_COMP_GLOBAL@DF_RSGLOBAL(2.1),A comparative table of countries in the global database,I,SWE,Sweden,TAX_REV,Tax revenue,S13,General government,_T,Total tax revenue,_T,Total,PT_B1GQ,Percentage of GDP,A,Annual,2023,,41.365,,A,Normal value,0,Units,TOTALTAX,,1,One,_Z,Not applicable
DATAFLOW,OECD.CTP.TPS:DSD_REV_COMP_GLOBAL@DF_RSGLOBAL(2.1),A comparative table of countries in the global database,I,SWE,Sweden,TAX_REV,Tax revenue,S13,General government,_T,Total tax revenue,_T,Total,PT_B1GQ,Percentage of GDP,A,Annual,2022,,42.512,,A,Normal value,0,Units,TOTALTAX,,1,One,_Z,Not applicable
DATAFLOW,OECD.CTP.TPS:DSD_REV_COMP_GLOBAL@DF_RSGLOBAL(2.1),A comparative table of countries in the global database,I,SWE,Sweden,TAX_REV,Tax revenue,S13,General government,_T,Total tax revenue,_T,Total,PT_B1GQ,Percentage of GDP,A,Annual,2021,,42.761,,A,Normal value,0,Units,TOTALTAX,,1,One,_Z,Not applicable
DATAFLOW,OECD.CTP.TPS:DSD_REV_COMP_GLOBAL@DF_RSGLOBAL(2.1),A comparative table of countries in the global database,I,SWE,Sweden,TAX_REV,Tax revenue,S13,General government,_T,Total tax revenue,_T,Total,PT_B1GQ,Percentage of GDP,A,Annual,2020,,42.58,,A,Normal value,0,Units,TOTALTAX,,1,One,_Z,Not applicable
DATAFLOW,OECD.CTP.TPS:DSD_REV_COMP_GLOBAL@DF_RSGLOBAL(2.1),A comparative table of countries in the global database,I,SWE,Sweden,TAX_REV,Tax revenue,S13,General government,_T,Total tax revenue,_T,Total,PT_B1GQ,Percentage of GDP,A,Annual,2019,,42.971,,A,Normal value,0,Units,TOTALTAX,,1,One,_Z,Not applicable
DATAFLOW,OECD.CTP.TPS:DSD_REV_COMP_GLOBAL@DF_RSGLOBAL(2.1),A comparative table of countries in the global database,I,SWE,Sweden,TAX_REV,Tax revenue,S13,General government,_T,Total tax revenue,_T,Total,PT_B1GQ,Percentage of GDP,A,Annual,2018,,44.11,,A,Normal value,0,Units,TOTALTAX,,1,One,_Z,Not applicable
DATAFLOW,OECD.CTP.TPS:DSD_REV_COMP_GLOBAL@DF_RSGLOBAL(2.1),A comparative table of countries in the global database,I,SWE,Sweden,TAX_REV,Tax revenue,S13,General government,_T,Total tax revenue,_T,Total,PT_B1GQ,Percentage of GDP,A,Annual,2017,,44.495,,A,Normal value,0,Units,TOTALTAX,,1,One,_Z,Not applicable
DATAFLOW,OECD.CTP.TPS:DSD_REV_COMP_GLOBAL@DF_RSGLOBAL(2.1),A comparative table of countries in the global database,I,SWE,Sweden,TAX_REV,Tax revenue,S13,General government,_T,Total tax revenue,_T,Total,PT_B1GQ,Percentage of GDP,A,Annual,2016,,44.219,,A,Normal value,0,Units,TOTALTAX,,1,One,_Z,Not applicable
DATAFLOW,OECD.CTP.TPS:DSD_REV_COMP_GLOBAL@DF_RSGLOBAL(2.1),A comparative table of countries in the global database,I,SWE,Sweden,TAX_REV,Tax revenue,S13,General government,_T,Total tax revenue,_T,Total,PT_B1GQ,Percentage of GDP,A,Annual,2015,,42.918,,A,Normal value,0,Units,TOTALTAX,,1,One,_Z,Not applicable
DATAFLOW,OECD.CTP.TPS:DSD_REV_COMP_GLOBAL@DF_RSGLOBAL(2.1),A comparative table of countries in the global database,I,SWE,Sweden,TAX_REV,Tax revenue,S13,General government,_T,Total tax revenue,_T,Total,PT_B1GQ,Percentage of GDP,A,Annual,2014,,42.49,,A,Normal value,0,Units,TOTALTAX,,1,One,_Z,Not applicable
DATAFLOW,OECD.CTP.TPS:DSD_REV_COMP_GLOBAL@DF_RSGLOBAL(2.1),A comparative table of countries in the global database,I,ESP,Spain,TAX_REV,Tax revenue,S13,General government,_T,Total tax revenue,_T,Total,PT_B1GQ,Percentage of GDP,A,Annual,2023,,37.328,,A,Normal value,0,Units,TOTALTAX,,1,One,_Z,Not applicable
DATAFLOW,OECD.CTP.TPS:DSD_REV_COMP_GLOBAL@DF_RSGLOBAL(2.1),A comparative table of countries in the global database,I,ESP,Spain,TAX_REV,Tax revenue,S13,General government,_T,Total tax revenue,_T,Total,PT_B1GQ,Percentage of GDP,A,Annual,2022,,37.59,,A,Normal value,0,Units,TOTALTAX,,1,One,_Z,Not applicable
DATAFLOW,OECD.CTP.TPS:DSD_REV_COMP_GLOBAL@DF_RSGLOBAL(2.1),A comparative table of countries in the global database,I,ESP,Spain,TAX_REV,Tax revenue,S13,General government,_T,Total tax revenue,_T,Total,PT_B1GQ,Percentage of GDP,A,Annual,2021,,37.813,,A,Normal value,0,Units,TOTALTAX,,1,One,_Z,Not applicable
DATAFLOW,OECD.CTP.TPS:DSD_REV_COMP_GLOBAL@DF_RSGLOBAL(2.1),A comparative table of countries in the global database,I,ESP,Spain,TAX_REV,Tax revenue,S13,General government,_T,Total tax revenue,_T,Total,PT_B1GQ,Percentage of GDP,A,Annual,2020,,36.844,,A,Normal value,0,Units,TOTALTAX,,1,One,_Z,Not applicable
DATAFLOW,OECD.CTP.TPS:DSD_REV_COMP_GLOBAL@DF_RSGLOBAL(2.1),A comparative table of countries in the global database,I,ESP,Spain,TAX_REV,Tax revenue,S13,General government,_T,Total tax revenue,_T,Total,PT_B1GQ,Percentage of GDP,A,Annual,2019,,34.663,,A,Normal value,0,Units,TOTALTAX,,1,One,_Z,Not applicable
DATAFLOW,OECD.CTP.TPS:DSD_REV_COMP_GLOBAL@DF_RSGLOBAL(2.1),A comparative table of countries in the global database,I,ESP,Spain,TAX_REV,Tax revenue,S13,General government,_T,Total tax revenue,_T,Total,PT_B1GQ,Percentage of GDP,A,Annual,2018,,34.645,,A,Normal value,0,Units,TOTALTAX,,1,One,_Z,Not applicable
DATAFLOW,OECD.CTP.TPS:DSD_REV_COMP_GLOBAL@DF_RSGLOBAL(2.1),A comparative table of countries in the global database,I,ESP,Spain,TAX_REV,Tax revenue,S13,General government,_T,Total tax revenue,_T,Total,PT_B1GQ,Percentage of GDP,A,Annual,2017,,33.852,,A,Normal value,0,Units,TOTALTAX,,1,One,_Z,Not applicable
DATAFLOW,OECD.CTP.TPS:DSD_REV_COMP_GLOBAL@DF_RSGLOBAL(2.1),A comparative table of countries in the global database,I,ESP,Spain,TAX_REV,Tax revenue,S13,General government,_T,Total tax revenue,_T,Total,PT_B1GQ,Percentage of GDP,A,Annual,2016,,33.58,,A,Normal value,0,Units,TOTALTAX,,1,One,_Z,Not applicable
DATAFLOW,OECD.CTP.TPS:DSD_REV_COMP_GLOBAL@DF_RSGLOBAL(2.1),A comparative table of countries in the global database,I,ESP,Spain,TAX_REV,Tax revenue,S13,General government,_T,Total tax revenue,_T,Total,PT_B1GQ,Percentage of GDP,A,Annual,2015,,33.827,,A,Normal value,0,Units,TOTALTAX,,1,One,_Z,Not applicable
DATAFLOW,OECD.CTP.TPS:DSD_REV_COMP_GLOBAL@DF_RSGLOBAL(2.1),A comparative table of countries in the global database,I,ESP,Spain,TAX_REV,Tax revenue,S13,General government,_T,Total tax revenue,_T,Total,PT_B1GQ,Percentage of GDP,A,Annual,2014,,33.872,,A,Normal value,0,Units,TOTALTAX,,1,One,_Z,Not applicable
DATAFLOW,OECD.CTP.TPS:DSD_REV_COMP_GLOBAL@DF_RSGLOBAL(2.1),A comparative table of countries in the global database,I,SVN,Slovenia,TAX_REV,Tax revenue,S13,General government,_T,Total tax revenue,_T,Total,PT_B1GQ,Percentage of GDP,A,Annual,2023,,36.886,,A,Normal value,0,Units,TOTALTAX,,1,One,_Z,Not applicable
DATAFLOW,OECD.CTP.TPS:DSD_REV_COMP_GLOBAL@DF_RSGLOBAL(2.1),A comparative table of countries in the global database,I,SVN,Slovenia,TAX_REV,Tax revenue,S13,General government,_T,Total tax revenue,_T,Total,PT_B1GQ,Percentage of GDP,A,Annual,2022,,37.402,,A,Normal value,0,Units,TOTALTAX,,1,One,_Z,Not applicable
DATAFLOW,OECD.CTP.TPS:DSD_REV_COMP_GLOBAL@DF_RSGLOBAL(2.1),A comparative table of countries in the global database,I,SVN,Slovenia,TAX_REV,Tax revenue,S13,General government,_T,Total tax revenue,_T,Total,PT_B1GQ,Percentage of GDP,A,Annual,2021,,38.251,,A,Normal value,0,Units,TOTALTAX,,1,One,_Z,Not applicable
DATAFLOW,OECD.CTP.TPS:DSD_REV_COMP_GLOBAL@DF_RSGLOBAL(2.1),A comparative table of countries in the global database,I,SVN,Slovenia,TAX_REV,Tax revenue,S13,General government,_T,Total tax revenue,_T,Total,PT_B1GQ,Percentage of GDP,A,Annual,2020,,37.555,,A,Normal value,0,Units,TOTALTAX,,1,One,_Z,Not applicable
DATAFLOW,OECD.CTP.TPS:DSD_REV_COMP_GLOBAL@DF_RSGLOBAL(2.1),A comparative table of countries in the global database,I,SVN,Slovenia,TAX_REV,Tax revenue,S13,General government,_T,Total tax revenue,_T,Total,PT_B1GQ,Percentage of GDP,A,Annual,2019,,37.539,,A,Normal value,0,Units,TOTALTAX,,1,One,_Z,Not applicable
DATAFLOW,OECD.CTP.TPS:DSD_REV_COMP_GLOBAL@DF_RSGLOBAL(2.1),A comparative table of countries in the global database,I,SVN,Slovenia,TAX_REV,Tax revenue,S13,General government,_T,Total tax revenue,_T,Total,PT_B1GQ,Percentage of GDP,A,Annual,2018,,37.239,,A,Normal value,0,Units,TOTALTAX,,1,One,_Z,Not applicable
DATAFLOW,OECD.CTP.TPS:DSD_REV_COMP_GLOBAL@DF_RSGLOBAL(2.1),A comparative table of countries in the global database,I,SVN,Slovenia,TAX_REV,Tax revenue,S13,General government,_T,Total tax revenue,_T,Total,PT_B1GQ,Percentage of GDP,A,Annual,2017,,37.067,,A,Normal value,0,Units,TOTALTAX,,1,One,_Z,Not applicable
DATAFLOW,OECD.CTP.TPS:DSD_REV_COMP_GLOBAL@DF_RSGLOBAL(2.1),A comparative table of countries in the global database,I,SVN,Slovenia,TAX_REV,Tax revenue,S13,General government,_T,Total tax revenue,_T,Total,PT_B1GQ,Percentage of GDP,A,Annual,2016,,37.385,,A,Normal value,0,Units,TOTALTAX,,1,One,_Z,Not applicable
DATAFLOW,OECD.CTP.TPS:DSD_REV_COMP_GLOBAL@DF_RSGLOBAL(2.1),A comparative table of countries in the global database,I,SVN,Slovenia,TAX_REV,Tax revenue,S13,General government,_T,Total tax revenue,_T,Total,PT_B1GQ,Percentage of GDP,A,Annual,2015,,37.311,,A,Normal value,0,Units,TOTALTAX,,1,One,_Z,Not applicable
DATAFLOW,OECD.CTP.TPS:DSD_REV_COMP_GLOBAL@DF_RSGLOBAL(2.1),A comparative table of countries in the global database,I,SVN,Slovenia,TAX_REV,Tax revenue,S13,General government,_T,Total tax revenue,_T,Total,PT_B1GQ,Percentage of GDP,A,Annual,2014,,37.179,,A,Normal value,0,Units,TOTALTAX,,1,One,_Z,Not applicable
DATAFLOW,OECD.CTP.TPS:DSD_REV_COMP_GLOBAL@DF_RSGLOBAL(2.1),A comparative table of countries in the global database,I,SVK,Slovak Republic,TAX_REV,Tax revenue,S13,General government,_T,Total tax revenue,_T,Total,PT_B1GQ,Percentage of GDP,A,Annual,2023,,35.489,,A,Normal value,0,Units,TOTALTAX,,1,One,_Z,Not applicable
DATAFLOW,OECD.CTP.TPS:DSD_REV_COMP_GLOBAL@DF_RSGLOBAL(2.1),A comparative table of countries in the global database,I,SVK,Slovak Republic,TAX_REV,Tax revenue,S13,General government,_T,Total tax revenue,_T,Total,PT_B1GQ,Percentage of GDP,A,Annual,2022,,35.011,,A,Normal value,0,Units,TOTALTAX,,1,One,_Z,Not applicable
DATAFLOW,OECD.CTP.TPS:DSD_REV_COMP_GLOBAL@DF_RSGLOBAL(2.1),A comparative table of countries in the global database,I,SVK,Slovak Republic,TAX_REV,Tax revenue,S13,General government,_T,Total tax revenue,_T,Total,PT_B1GQ,Percentage of GDP,A,Annual,2021,,35.41,,A,Normal value,0,Units,TOTALTAX,,1,One,_Z,Not applicable
DATAFLOW,OECD.CTP.TPS:DSD_REV_COMP_GLOBAL@DF_RSGLOBAL(2.1),A comparative table of countries in the global database,I,SVK,Slovak Republic,TAX_REV,Tax revenue,S13,General government,_T,Total tax revenue,_T,Total,PT_B1GQ,Percentage of GDP,A,Annual,2020,,34.778,,A,Normal value,0,Units,TOTALTAX,,1,One,_Z,Not applicable
DATAFLOW,OECD.CTP.TPS:DSD_REV_COMP_GLOBAL@DF_RSGLOBAL(2.1),A comparative table of countries in the global database,I,SVK,Slovak Republic,TAX_REV,Tax revenue,S13,General government,_T,Total tax revenue,_T,Total,PT_B1GQ,Percentage of GDP,A,Annual,2019,,34.534,,A,Normal value,0,Units,TOTALTAX,,1,One,_Z,Not applicable
DATAFLOW,OECD.CTP.TPS:DSD_REV_COMP_GLOBAL@DF_RSGLOBAL(2.1),A comparative table of countries in the global database,I,SVK,Slovak Republic,TAX_REV,Tax revenue,S13,General government,_T,Total tax revenue,_T,Total,PT_B1GQ,Percentage of GDP,A,Annual,2018,,34.027,,A,Normal value,0,Units,TOTALTAX,,1,One,_Z,Not applicable
DATAFLOW,OECD.CTP.TPS:DSD_REV_COMP_GLOBAL@DF_RSGLOBAL(2.1),A comparative table of countries in the global database,I,SVK,Slovak Republic,TAX_REV,Tax revenue,S13,General government,_T,Total tax revenue,_T,Total,PT_B1GQ,Percentage of GDP,A,Annual,2017,,33.966,,A,Normal value,0,Units,TOTALTAX,,1,One,_Z,Not applicable
DATAFLOW,OECD.CTP.TPS:DSD_REV_COMP_GLOBAL@DF_RSGLOBAL(2.1),A comparative table of countries in the global database,I,SVK,Slovak Republic,TAX_REV,Tax revenue,S13,General government,_T,Total tax revenue,_T,Total,PT_B1GQ,Percentage of GDP,A,Annual,2016,,33.071,,A,Normal value,0,Units,TOTALTAX,,1,One,_Z,Not applicable
DATAFLOW,OECD.CTP.TPS:DSD_REV_COMP_GLOBAL@DF_RSGLOBAL(2.1),A comparative table of countries in the global database,I,SVK,Slovak Republic,TAX_REV,Tax revenue,S13,General government,_T,Total tax revenue,_T,Total,PT_B1GQ,Percentage of GDP,A,Annual,2015,,32.51,,A,Normal value,0,Units,TOTALTAX,,1,One,_Z,Not applicable
DATAFLOW,OECD.CTP.TPS:DSD_REV_COMP_GLOBAL@DF_RSGLOBAL(2.1),A comparative table of countries in the global database,I,SVK,Slovak Republic,TAX_REV,Tax revenue,S13,General government,_T,Total tax revenue,_T,Total,PT_B1GQ,Percentage of GDP,A,Annual,2014,,31.861,,A,Normal value,0,Units,TOTALTAX,,1,One,_Z,Not applicable
DATAFLOW,OECD.CTP.TPS:DSD_REV_COMP_GLOBAL@DF_RSGLOBAL(2.1),A comparative table of countries in the global database,I,PRT,Portugal,TAX_REV,Tax revenue,S13,General government,_T,Total tax revenue,_T,Total,PT_B1GQ,Percentage of GDP,A,Annual,2023,,35.755,,A,Normal value,0,Units,TOTALTAX,,1,One,_Z,Not applicable
DATAFLOW,OECD.CTP.TPS:DSD_REV_COMP_GLOBAL@DF_RSGLOBAL(2.1),A comparative table of countries in the global database,I,PRT,Portugal,TAX_REV,Tax revenue,S13,General government,_T,Total tax revenue,_T,Total,PT_B1GQ,Percentage of GDP,A,Annual,2022,,36.014,,A,Normal value,0,Units,TOTALTAX,,1,One,_Z,Not applicable
DATAFLOW,OECD.CTP.TPS:DSD_REV_COMP_GLOBAL@DF_RSGLOBAL(2.1),A comparative table of countries in the global database,I,PRT,Portugal,TAX_REV,Tax revenue,S13,General government,_T,Total tax revenue,_T,Total,PT_B1GQ,Percentage of GDP,A,Annual,2021,,35.183,,A,Normal value,0,Units,TOTALTAX,,1,One,_Z,Not applicable
DATAFLOW,OECD.CTP.TPS:DSD_REV_COMP_GLOBAL@DF_RSGLOBAL(2.1),A comparative table of countries in the global database,I,PRT,Portugal,TAX_REV,Tax revenue,S13,General government,_T,Total tax revenue,_T,Total,PT_B1GQ,Percentage of GDP,A,Annual,2020,,35.164,,A,Normal value,0,Units,TOTALTAX,,1,One,_Z,Not applicable
DATAFLOW,OECD.CTP.TPS:DSD_REV_COMP_GLOBAL@DF_RSGLOBAL(2.1),A comparative table of countries in the global database,I,PRT,Portugal,TAX_REV,Tax revenue,S13,General government,_T,Total tax revenue,_T,Total,PT_B1GQ,Percentage of GDP,A,Annual,2019,,34.498,,A,Normal value,0,Units,TOTALTAX,,1,One,_Z,Not applicable
DATAFLOW,OECD.CTP.TPS:DSD_REV_COMP_GLOBAL@DF_RSGLOBAL(2.1),A comparative table of countries in the global database,I,PRT,Portugal,TAX_REV,Tax revenue,S13,General government,_T,Total tax revenue,_T,Total,PT_B1GQ,Percentage of GDP,A,Annual,2018,,34.656,,A,Normal value,0,Units,TOTALTAX,,1,One,_Z,Not applicable
DATAFLOW,OECD.CTP.TPS:DSD_REV_COMP_GLOBAL@DF_RSGLOBAL(2.1),A comparative table of countries in the global database,I,PRT,Portugal,TAX_REV,Tax revenue,S13,General government,_T,Total tax revenue,_T,Total,PT_B1GQ,Percentage of GDP,A,Annual,2017,,34.112,,A,Normal value,0,Units,TOTALTAX,,1,One,_Z,Not applicable
DATAFLOW,OECD.CTP.TPS:DSD_REV_COMP_GLOBAL@DF_RSGLOBAL(2.1),A comparative table of countries in the global database,I,PRT,Portugal,TAX_REV,Tax revenue,S13,General government,_T,Total tax revenue,_T,Total,PT_B1GQ,Percentage of GDP,A,Annual,2016,,34.051,,A,Normal value,0,Units,TOTALTAX,,1,One,_Z,Not applicable
DATAFLOW,OECD.CTP.TPS:DSD_REV_COMP_GLOBAL@DF_RSGLOBAL(2.1),A comparative table of countries in the global database,I,PRT,Portugal,TAX_REV,Tax revenue,S13,General government,_T,Total tax revenue,_T,Total,PT_B1GQ,Percentage of GDP,A,Annual,2015,,34.382,,A,Normal value,0,Units,TOTALTAX,,1,One,_Z,Not applicable
DATAFLOW,OECD.CTP.TPS:DSD_REV_COMP_GLOBAL@DF_RSGLOBAL(2.1),A comparative table of countries in the global database,I,PRT,Portugal,TAX_REV,Tax revenue,S13,General government,_T,Total tax revenue,_T,Total,PT_B1GQ,Percentage of GDP,A,Annual,2014,,34.182,,A,Normal value,0,Units,TOTALTAX,,1,One,_Z,Not applicable
DATAFLOW,OECD.CTP.TPS:DSD_REV_COMP_GLOBAL@DF_RSGLOBAL(2.1),A comparative table of countries in the global database,I,POL,Poland,TAX_REV,Tax revenue,S13,General government,_T,Total tax revenue,_T,Total,PT_B1GQ,Percentage of GDP,A,Annual,2023,,35.13,,A,Normal value,0,Units,TOTALTAX,,1,One,_Z,Not applicable
DATAFLOW,OECD.CTP.TPS:DSD_REV_COMP_GLOBAL@DF_RSGLOBAL(2.1),A comparative table of countries in the global database,I,POL,Poland,TAX_REV,Tax revenue,S13,General government,_T,Total tax revenue,_T,Total,PT_B1GQ,Percentage of GDP,A,Annual,2022,,34.38,,A,Normal value,0,Units,TOTALTAX,,1,One,_Z,Not applicable
DATAFLOW,OECD.CTP.TPS:DSD_REV_COMP_GLOBAL@DF_RSGLOBAL(2.1),A comparative table of countries in the global database,I,POL,Poland,TAX_REV,Tax revenue,S13,General government,_T,Total tax revenue,_T,Total,PT_B1GQ,Percentage of GDP,A,Annual,2021,,36.698,,A,Normal value,0,Units,TOTALTAX,,1,One,_Z,Not applicable
DATAFLOW,OECD.CTP.TPS:DSD_REV_COMP_GLOBAL@DF_RSGLOBAL(2.1),A comparative table of countries in the global database,I,POL,Poland,TAX_REV,Tax revenue,S13,General government,_T,Total tax revenue,_T,Total,PT_B1GQ,Percentage of GDP,A,Annual,2020,,35.56,,A,Normal value,0,Units,TOTALTAX,,1,One,_Z,Not applicable
DATAFLOW,OECD.CTP.TPS:DSD_REV_COMP_GLOBAL@DF_RSGLOBAL(2.1),A comparative table of countries in the global database,I,POL,Poland,TAX_REV,Tax revenue,S13,General government,_T,Total tax revenue,_T,Total,PT_B1GQ,Percentage of GDP,A,Annual,2019,,35.178,,A,Normal value,0,Units,TOTALTAX,,1,One,_Z,Not applicable
DATAFLOW,OECD.CTP.TPS:DSD_REV_COMP_GLOBAL@DF_RSGLOBAL(2.1),A comparative table of countries in the global database,I,POL,Poland,TAX_REV,Tax revenue,S13,General government,_T,Total tax revenue,_T,Total,PT_B1GQ,Percentage of GDP,A,Annual,2018,,35.061,,A,Normal value,0,Units,TOTALTAX,,1,One,_Z,Not applicable
DATAFLOW,OECD.CTP.TPS:DSD_REV_COMP_GLOBAL@DF_RSGLOBAL(2.1),A comparative table of countries in the global database,I,POL,Poland,TAX_REV,Tax revenue,S13,General government,_T,Total tax revenue,_T,Total,PT_B1GQ,Percentage of GDP,A,Annual,2017,,34.239,,A,Normal value,0,Units,TOTALTAX,,1,One,_Z,Not applicable
DATAFLOW,OECD.CTP.TPS:DSD_REV_COMP_GLOBAL@DF_RSGLOBAL(2.1),A comparative table of countries in the global database,I,POL,Poland,TAX_REV,Tax revenue,S13,General government,_T,Total tax revenue,_T,Total,PT_B1GQ,Percentage of GDP,A,Annual,2016,,33.556,,A,Normal value,0,Units,TOTALTAX,,1,One,_Z,Not applicable
DATAFLOW,OECD.CTP.TPS:DSD_REV_COMP_GLOBAL@DF_RSGLOBAL(2.1),A comparative table of countries in the global database,I,POL,Poland,TAX_REV,Tax revenue,S13,General government,_T,Total tax revenue,_T,Total,PT_B1GQ,Percentage of GDP,A,Annual,2015,,32.474,,A,Normal value,0,Units,TOTALTAX,,1,One,_Z,Not applicable
DATAFLOW,OECD.CTP.TPS:DSD_REV_COMP_GLOBAL@DF_RSGLOBAL(2.1),A comparative table of countries in the global database,I,POL,Poland,TAX_REV,Tax revenue,S13,General government,_T,Total tax revenue,_T,Total,PT_B1GQ,Percentage of GDP,A,Annual,2014,,32.272,,A,Normal value,0,Units,TOTALTAX,,1,One,_Z,Not applicable
DATAFLOW,OECD.CTP.TPS:DSD_REV_COMP_GLOBAL@DF_RSGLOBAL(2.1),A comparative table of countries in the global database,I,NOR,Norway,TAX_REV,Tax revenue,S13,General government,_T,Total tax revenue,_T,Total,PT_B1GQ,Percentage of GDP,A,Annual,2023,,41.443,,A,Normal value,0,Units,TOTALTAX,,1,One,_Z,Not applicable
DATAFLOW,OECD.CTP.TPS:DSD_REV_COMP_GLOBAL@DF_RSGLOBAL(2.1),A comparative table of countries in the global database,I,NOR,Norway,TAX_REV,Tax revenue,S13,General government,_T,Total tax revenue,_T,Total,PT_B1GQ,Percentage of GDP,A,Annual,2022,,43.437,,A,Normal value,0,Units,TOTALTAX,,1,One,_Z,Not applicable
DATAFLOW,OECD.CTP.TPS:DSD_REV_COMP_GLOBAL@DF_RSGLOBAL(2.1),A comparative table of countries in the global database,I,NOR,Norway,TAX_REV,Tax revenue,S13,General government,_T,Total tax revenue,_T,Total,PT_B1GQ,Percentage of GDP,A,Annual,2021,,41.344,,A,Normal value,0,Units,TOTALTAX,,1,One,_Z,Not applicable
DATAFLOW,OECD.CTP.TPS:DSD_REV_COMP_GLOBAL@DF_RSGLOBAL(2.1),A comparative table of countries in the global database,I,NOR,Norway,TAX_REV,Tax revenue,S13,General government,_T,Total tax revenue,_T,Total,PT_B1GQ,Percentage of GDP,A,Annual,2020,,38.714,,A,Normal value,0,Units,TOTALTAX,,1,One,_Z,Not applicable
DATAFLOW,OECD.CTP.TPS:DSD_REV_COMP_GLOBAL@DF_RSGLOBAL(2.1),A comparative table of countries in the global database,I,NOR,Norway,TAX_REV,Tax revenue,S13,General government,_T,Total tax revenue,_T,Total,PT_B1GQ,Percentage of GDP,A,Annual,2019,,39.854,,A,Normal value,0,Units,TOTALTAX,,1,One,_Z,Not applicable
DATAFLOW,OECD.CTP.TPS:DSD_REV_COMP_GLOBAL@DF_RSGLOBAL(2.1),A comparative table of countries in the global database,I,NOR,Norway,TAX_REV,Tax revenue,S13,General government,_T,Total tax revenue,_T,Total,PT_B1GQ,Percentage of GDP,A,Annual,2018,,39.253,,A,Normal value,0,Units,TOTALTAX,,1,One,_Z,Not applicable
DATAFLOW,OECD.CTP.TPS:DSD_REV_COMP_GLOBAL@DF_RSGLOBAL(2.1),A comparative table of countries in the global database,I,NOR,Norway,TAX_REV,Tax revenue,S13,General government,_T,Total tax revenue,_T,Total,PT_B1GQ,Percentage of GDP,A,Annual,2017,,38.601,,A,Normal value,0,Units,TOTALTAX,,1,One,_Z,Not applicable
DATAFLOW,OECD.CTP.TPS:DSD_REV_COMP_GLOBAL@DF_RSGLOBAL(2.1),A comparative table of countries in the global database,I,NOR,Norway,TAX_REV,Tax revenue,S13,General government,_T,Total tax revenue,_T,Total,PT_B1GQ,Percentage of GDP,A,Annual,2016,,38.807,,A,Normal value,0,Units,TOTALTAX,,1,One,_Z,Not applicable
DATAFLOW,OECD.CTP.TPS:DSD_REV_COMP_GLOBAL@DF_RSGLOBAL(2.1),A comparative table of countries in the global database,I,NOR,Norway,TAX_REV,Tax revenue,S13,General government,_T,Total tax revenue,_T,Total,PT_B1GQ,Percentage of GDP,A,Annual,2015,,38.337,,A,Normal value,0,Units,TOTALTAX,,1,One,_Z,Not applicable
DATAFLOW,OECD.CTP.TPS:DSD_REV_COMP_GLOBAL@DF_RSGLOBAL(2.1),A comparative table of countries in the global database,I,NOR,Norway,TAX_REV,Tax revenue,S13,General government,_T,Total tax revenue,_T,Total,PT_B1GQ,Percentage of GDP,A,Annual,2014,,38.637,,A,Normal value,0,Units,TOTALTAX,,1,One,_Z,Not applicable
DATAFLOW,OECD.CTP.TPS:DSD_REV_COMP_GLOBAL@DF_RSGLOBAL(2.1),A comparative table of countries in the global database,I,NZL,New Zealand,TAX_REV,Tax revenue,S13,General government,_T,Total tax revenue,_T,Total,PT_B1GQ,Percentage of GDP,A,Annual,2023,,33.986,,A,Normal value,0,Units,TOTALTAX,,1,One,_Z,Not applicable
DATAFLOW,OECD.CTP.TPS:DSD_REV_COMP_GLOBAL@DF_RSGLOBAL(2.1),A comparative table of countries in the global database,I,NZL,New Zealand,TAX_REV,Tax revenue,S13,General government,_T,Total tax revenue,_T,Total,PT_B1GQ,Percentage of GDP,A,Annual,2022,,33.12,,A,Normal value,0,Units,TOTALTAX,,1,One,_Z,Not applicable
DATAFLOW,OECD.CTP.TPS:DSD_REV_COMP_GLOBAL@DF_RSGLOBAL(2.1),A comparative table of countries in the global database,I,NZL,New Zealand,TAX_REV,Tax revenue,S13,General government,_T,Total tax revenue,_T,Total,PT_B1GQ,Percentage of GDP,A,Annual,2021,,34.542,,A,Normal value,0,Units,TOTALTAX,,1,One,_Z,Not applicable
DATAFLOW,OECD.CTP.TPS:DSD_REV_COMP_GLOBAL@DF_RSGLOBAL(2.1),A comparative table of countries in the global database,I,NZL,New Zealand,TAX_REV,Tax revenue,S13,General government,_T,Total tax revenue,_T,Total,PT_B1GQ,Percentage of GDP,A,Annual,2020,,33.727,,A,Normal value,0,Units,TOTALTAX,,1,One,_Z,Not applicable
DATAFLOW,OECD.CTP.TPS:DSD_REV_COMP_GLOBAL@DF_RSGLOBAL(2.1),A comparative table of countries in the global database,I,NZL,New Zealand,TAX_REV,Tax revenue,S13,General government,_T,Total tax revenue,_T,Total,PT_B1GQ,Percentage of GDP,A,Annual,2019,,31.404,,A,Normal value,0,Units,TOTALTAX,,1,One,_Z,Not applicable
DATAFLOW,OECD.CTP.TPS:DSD_REV_COMP_GLOBAL@DF_RSGLOBAL(2.1),A comparative table of countries in the global database,I,NZL,New Zealand,TAX_REV,Tax revenue,S13,General government,_T,Total tax revenue,_T,Total,PT_B1GQ,Percentage of GDP,A,Annual,2018,,32.18,,A,Normal value,0,Units,TOTALTAX,,1,One,_Z,Not applicable
DATAFLOW,OECD.CTP.TPS:DSD_REV_COMP_GLOBAL@DF_RSGLOBAL(2.1),A comparative table of countries in the global database,I,NZL,New Zealand,TAX_REV,Tax revenue,S13,General government,_T,Total tax revenue,_T,Total,PT_B1GQ,Percentage of GDP,A,Annual,2017,,31.322,,A,Normal value,0,Units,TOTALTAX,,1,One,_Z,Not applicable
DATAFLOW,OECD.CTP.TPS:DSD_REV_COMP_GLOBAL@DF_RSGLOBAL(2.1),A comparative table of countries in the global database,I,NZL,New Zealand,TAX_REV,Tax revenue,S13,General government,_T,Total tax revenue,_T,Total,PT_B1GQ,Percentage of GDP,A,Annual,2016,,31.4,,A,Normal value,0,Units,TOTALTAX,,1,One,_Z,Not applicable
DATAFLOW,OECD.CTP.TPS:DSD_REV_COMP_GLOBAL@DF_RSGLOBAL(2.1),A comparative table of countries in the global database,I,NZL,New Zealand,TAX_REV,Tax revenue,S13,General government,_T,Total tax revenue,_T,Total,PT_B1GQ,Percentage of GDP,A,Annual,2015,,31.5,,A,Normal value,0,Units,TOTALTAX,,1,One,_Z,Not applicable
DATAFLOW,OECD.CTP.TPS:DSD_REV_COMP_GLOBAL@DF_RSGLOBAL(2.1),A comparative table of countries in the global database,I,NZL,New Zealand,TAX_REV,Tax revenue,S13,General government,_T,Total tax revenue,_T,Total,PT_B1GQ,Percentage of GDP,A,Annual,2014,,31.186,,A,Normal value,0,Units,TOTALTAX,,1,One,_Z,Not applicable
DATAFLOW,OECD.CTP.TPS:DSD_REV_COMP_GLOBAL@DF_RSGLOBAL(2.1),A comparative table of countries in the global database,I,NLD,Netherlands,TAX_REV,Tax revenue,S13,General government,_T,Total tax revenue,_T,Total,PT_B1GQ,Percentage of GDP,A,Annual,2023,,38.526,,A,Normal value,0,Units,TOTALTAX,,1,One,_Z,Not applicable
DATAFLOW,OECD.CTP.TPS:DSD_REV_COMP_GLOBAL@DF_RSGLOBAL(2.1),A comparative table of countries in the global database,I,NLD,Netherlands,TAX_REV,Tax revenue,S13,General government,_T,Total tax revenue,_T,Total,PT_B1GQ,Percentage of GDP,A,Annual,2022,,38.066,,A,Normal value,0,Units,TOTALTAX,,1,One,_Z,Not applicable
DATAFLOW,OECD.CTP.TPS:DSD_REV_COMP_GLOBAL@DF_RSGLOBAL(2.1),A comparative table of countries in the global database,I,NLD,Netherlands,TAX_REV,Tax revenue,S13,General government,_T,Total tax revenue,_T,Total,PT_B1GQ,Percentage of GDP,A,Annual,2021,,38.264,,A,Normal value,0,Units,TOTALTAX,,1,One,_Z,Not applicable
DATAFLOW,OECD.CTP.TPS:DSD_REV_COMP_GLOBAL@DF_RSGLOBAL(2.1),A comparative table of countries in the global database,I,NLD,Netherlands,TAX_REV,Tax revenue,S13,General government,_T,Total tax revenue,_T,Total,PT_B1GQ,Percentage of GDP,A,Annual,2020,,39.022,,A,Normal value,0,Units,TOTALTAX,,1,One,_Z,Not applicable
DATAFLOW,OECD.CTP.TPS:DSD_REV_COMP_GLOBAL@DF_RSGLOBAL(2.1),A comparative table of countries in the global database,I,NLD,Netherlands,TAX_REV,Tax revenue,S13,General government,_T,Total tax revenue,_T,Total,PT_B1GQ,Percentage of GDP,A,Annual,2019,,38.473,,A,Normal value,0,Units,TOTALTAX,,1,One,_Z,Not applicable
DATAFLOW,OECD.CTP.TPS:DSD_REV_COMP_GLOBAL@DF_RSGLOBAL(2.1),A comparative table of countries in the global database,I,NLD,Netherlands,TAX_REV,Tax revenue,S13,General government,_T,Total tax revenue,_T,Total,PT_B1GQ,Percentage of GDP,A,Annual,2018,,38.144,,A,Normal value,0,Units,TOTALTAX,,1,One,_Z,Not applicable
DATAFLOW,OECD.CTP.TPS:DSD_REV_COMP_GLOBAL@DF_RSGLOBAL(2.1),A comparative table of countries in the global database,I,NLD,Netherlands,TAX_REV,Tax revenue,S13,General government,_T,Total tax revenue,_T,Total,PT_B1GQ,Percentage of GDP,A,Annual,2017,,38.046,,A,Normal value,0,Units,TOTALTAX,,1,One,_Z,Not applicable
DATAFLOW,OECD.CTP.TPS:DSD_REV_COMP_GLOBAL@DF_RSGLOBAL(2.1),A comparative table of countries in the global database,I,NLD,Netherlands,TAX_REV,Tax revenue,S13,General government,_T,Total tax revenue,_T,Total,PT_B1GQ,Percentage of GDP,A,Annual,2016,,37.774,,A,Normal value,0,Units,TOTALTAX,,1,One,_Z,Not applicable
DATAFLOW,OECD.CTP.TPS:DSD_REV_COMP_GLOBAL@DF_RSGLOBAL(2.1),A comparative table of countries in the global database,I,NLD,Netherlands,TAX_REV,Tax revenue,S13,General government,_T,Total tax revenue,_T,Total,PT_B1GQ,Percentage of GDP,A,Annual,2015,,36.521,,A,Normal value,0,Units,TOTALTAX,,1,One,_Z,Not applicable
DATAFLOW,OECD.CTP.TPS:DSD_REV_COMP_GLOBAL@DF_RSGLOBAL(2.1),A comparative table of countries in the global database,I,NLD,Netherlands,TAX_REV,Tax revenue,S13,General government,_T,Total tax revenue,_T,Total,PT_B1GQ,Percentage of GDP,A,Annual,2014,,36.661,,A,Normal value,0,Units,TOTALTAX,,1,One,_Z,Not applicable
DATAFLOW,OECD.CTP.TPS:DSD_REV_COMP_GLOBAL@DF_RSGLOBAL(2.1),A comparative table of countries in the global database,I,MEX,Mexico,TAX_REV,Tax revenue,S13,General government,_T,Total tax revenue,_T,Total,PT_B1GQ,Percentage of GDP,A,Annual,2023,,17.749,,A,Normal value,0,Units,TOTALTAX,,1,One,_Z,Not applicable
DATAFLOW,OECD.CTP.TPS:DSD_REV_COMP_GLOBAL@DF_RSGLOBAL(2.1),A comparative table of countries in the global database,I,MEX,Mexico,TAX_REV,Tax revenue,S13,General government,_T,Total tax revenue,_T,Total,PT_B1GQ,Percentage of GDP,A,Annual,2022,,16.801,,A,Normal value,0,Units,TOTALTAX,,1,One,_Z,Not applicable
DATAFLOW,OECD.CTP.TPS:DSD_REV_COMP_GLOBAL@DF_RSGLOBAL(2.1),A comparative table of countries in the global database,I,MEX,Mexico,TAX_REV,Tax revenue,S13,General government,_T,Total tax revenue,_T,Total,PT_B1GQ,Percentage of GDP,A,Annual,2021,,16.726,,A,Normal value,0,Units,TOTALTAX,,1,One,_Z,Not applicable
DATAFLOW,OECD.CTP.TPS:DSD_REV_COMP_GLOBAL@DF_RSGLOBAL(2.1),A comparative table of countries in the global database,I,MEX,Mexico,TAX_REV,Tax revenue,S13,General government,_T,Total tax revenue,_T,Total,PT_B1GQ,Percentage of GDP,A,Annual,2020,,17.228,,A,Normal value,0,Units,TOTALTAX,,1,One,_Z,Not applicable
DATAFLOW,OECD.CTP.TPS:DSD_REV_COMP_GLOBAL@DF_RSGLOBAL(2.1),A comparative table of countries in the global database,I,MEX,Mexico,TAX_REV,Tax revenue,S13,General government,_T,Total tax revenue,_T,Total,PT_B1GQ,Percentage of GDP,A,Annual,2019,,15.892,,A,Normal value,0,Units,TOTALTAX,,1,One,_Z,Not applicable
DATAFLOW,OECD.CTP.TPS:DSD_REV_COMP_GLOBAL@DF_RSGLOBAL(2.1),A comparative table of countries in the global database,I,MEX,Mexico,TAX_REV,Tax revenue,S13,General government,_T,Total tax revenue,_T,Total,PT_B1GQ,Percentage of GDP,A,Annual,2018,,15.709,,A,Normal value,0,Units,TOTALTAX,,1,One,_Z,Not applicable
DATAFLOW,OECD.CTP.TPS:DSD_REV_COMP_GLOBAL@DF_RSGLOBAL(2.1),A comparative table of countries in the global database,I,MEX,Mexico,TAX_REV,Tax revenue,S13,General government,_T,Total tax revenue,_T,Total,PT_B1GQ,Percentage of GDP,A,Annual,2017,,15.651,,A,Normal value,0,Units,TOTALTAX,,1,One,_Z,Not applicable
DATAFLOW,OECD.CTP.TPS:DSD_REV_COMP_GLOBAL@DF_RSGLOBAL(2.1),A comparative table of countries in the global database,I,MEX,Mexico,TAX_REV,Tax revenue,S13,General government,_T,Total tax revenue,_T,Total,PT_B1GQ,Percentage of GDP,A,Annual,2016,,16.106,,A,Normal value,0,Units,TOTALTAX,,1,One,_Z,Not applicable
DATAFLOW,OECD.CTP.TPS:DSD_REV_COMP_GLOBAL@DF_RSGLOBAL(2.1),A comparative table of countries in the global database,I,MEX,Mexico,TAX_REV,Tax revenue,S13,General government,_T,Total tax revenue,_T,Total,PT_B1GQ,Percentage of GDP,A,Annual,2015,,15.36,,A,Normal value,0,Units,TOTALTAX,,1,One,_Z,Not applicable
DATAFLOW,OECD.CTP.TPS:DSD_REV_COMP_GLOBAL@DF_RSGLOBAL(2.1),A comparative table of countries in the global database,I,MEX,Mexico,TAX_REV,Tax revenue,S13,General government,_T,Total tax revenue,_T,Total,PT_B1GQ,Percentage of GDP,A,Annual,2014,,13.201,,A,Normal value,0,Units,TOTALTAX,,1,One,_Z,Not applicable
DATAFLOW,OECD.CTP.TPS:DSD_REV_COMP_GLOBAL@DF_RSGLOBAL(2.1),A comparative table of countries in the global database,I,LUX,Luxembourg,TAX_REV,Tax revenue,S13,General government,_T,Total tax revenue,_T,Total,PT_B1GQ,Percentage of GDP,A,Annual,2023,,40.925,,A,Normal value,0,Units,TOTALTAX,,1,One,_Z,Not applicable
DATAFLOW,OECD.CTP.TPS:DSD_REV_COMP_GLOBAL@DF_RSGLOBAL(2.1),A comparative table of countries in the global database,I,LUX,Luxembourg,TAX_REV,Tax revenue,S13,General government,_T,Total tax revenue,_T,Total,PT_B1GQ,Percentage of GDP,A,Annual,2022,,38.257,,A,Normal value,0,Units,TOTALTAX,,1,One,_Z,Not applicable
DATAFLOW,OECD.CTP.TPS:DSD_REV_COMP_GLOBAL@DF_RSGLOBAL(2.1),A comparative table of countries in the global database,I,LUX,Luxembourg,TAX_REV,Tax revenue,S13,General government,_T,Total tax revenue,_T,Total,PT_B1GQ,Percentage of GDP,A,Annual,2021,,38.187,,A,Normal value,0,Units,TOTALTAX,,1,One,_Z,Not applicable
DATAFLOW,OECD.CTP.TPS:DSD_REV_COMP_GLOBAL@DF_RSGLOBAL(2.1),A comparative table of countries in the global database,I,LUX,Luxembourg,TAX_REV,Tax revenue,S13,General government,_T,Total tax revenue,_T,Total,PT_B1GQ,Percentage of GDP,A,Annual,2020,,38.272,,A,Normal value,0,Units,TOTALTAX,,1,One,_Z,Not applicable
DATAFLOW,OECD.CTP.TPS:DSD_REV_COMP_GLOBAL@DF_RSGLOBAL(2.1),A comparative table of countries in the global database,I,LUX,Luxembourg,TAX_REV,Tax revenue,S13,General government,_T,Total tax revenue,_T,Total,PT_B1GQ,Percentage of GDP,A,Annual,2019,,39.509,,A,Normal value,0,Units,TOTALTAX,,1,One,_Z,Not applicable
DATAFLOW,OECD.CTP.TPS:DSD_REV_COMP_GLOBAL@DF_RSGLOBAL(2.1),A comparative table of countries in the global database,I,LUX,Luxembourg,TAX_REV,Tax revenue,S13,General government,_T,Total tax revenue,_T,Total,PT_B1GQ,Percentage of GDP,A,Annual,2018,,39.355,,A,Normal value,0,Units,TOTALTAX,,1,One,_Z,Not applicable
DATAFLOW,OECD.CTP.TPS:DSD_REV_COMP_GLOBAL@DF_RSGLOBAL(2.1),A comparative table of countries in the global database,I,LUX,Luxembourg,TAX_REV,Tax revenue,S13,General government,_T,Total tax revenue,_T,Total,PT_B1GQ,Percentage of GDP,A,Annual,2017,,36.649,,A,Normal value,0,Units,TOTALTAX,,1,One,_Z,Not applicable
DATAFLOW,OECD.CTP.TPS:DSD_REV_COMP_GLOBAL@DF_RSGLOBAL(2.1),A comparative table of countries in the global database,I,LUX,Luxembourg,TAX_REV,Tax revenue,S13,General government,_T,Total tax revenue,_T,Total,PT_B1GQ,Percentage of GDP,A,Annual,2016,,35.461,,A,Normal value,0,Units,TOTALTAX,,1,One,_Z,Not applicable
DATAFLOW,OECD.CTP.TPS:DSD_REV_COMP_GLOBAL@DF_RSGLOBAL(2.1),A comparative table of countries in the global database,I,LUX,Luxembourg,TAX_REV,Tax revenue,S13,General government,_T,Total tax revenue,_T,Total,PT_B1GQ,Percentage of GDP,A,Annual,2015,,34.777,,A,Normal value,0,Units,TOTALTAX,,1,One,_Z,Not applicable
DATAFLOW,OECD.CTP.TPS:DSD_REV_COMP_GLOBAL@DF_RSGLOBAL(2.1),A comparative table of countries in the global database,I,LUX,Luxembourg,TAX_REV,Tax revenue,S13,General government,_T,Total tax revenue,_T,Total,PT_B1GQ,Percentage of GDP,A,Annual,2014,,36.08,,A,Normal value,0,Units,TOTALTAX,,1,One,_Z,Not applicable
DATAFLOW,OECD.CTP.TPS:DSD_REV_COMP_GLOBAL@DF_RSGLOBAL(2.1),A comparative table of countries in the global database,I,LTU,Lithuania,TAX_REV,Tax revenue,S13,General government,_T,Total tax revenue,_T,Total,PT_B1GQ,Percentage of GDP,A,Annual,2023,,32.596,,A,Normal value,0,Units,TOTALTAX,,1,One,_Z,Not applicable
DATAFLOW,OECD.CTP.TPS:DSD_REV_COMP_GLOBAL@DF_RSGLOBAL(2.1),A comparative table of countries in the global database,I,LTU,Lithuania,TAX_REV,Tax revenue,S13,General government,_T,Total tax revenue,_T,Total,PT_B1GQ,Percentage of GDP,A,Annual,2022,,31.555,,A,Normal value,0,Units,TOTALTAX,,1,One,_Z,Not applicable
DATAFLOW,OECD.CTP.TPS:DSD_REV_COMP_GLOBAL@DF_RSGLOBAL(2.1),A comparative table of countries in the global database,I,LTU,Lithuania,TAX_REV,Tax revenue,S13,General government,_T,Total tax revenue,_T,Total,PT_B1GQ,Percentage of GDP,A,Annual,2021,,31.895,,A,Normal value,0,Units,TOTALTAX,,1,One,_Z,Not applicable
DATAFLOW,OECD.CTP.TPS:DSD_REV_COMP_GLOBAL@DF_RSGLOBAL(2.1),A comparative table of countries in the global database,I,LTU,Lithuania,TAX_REV,Tax revenue,S13,General government,_T,Total tax revenue,_T,Total,PT_B1GQ,Percentage of GDP,A,Annual,2020,,31.244,,A,Normal value,0,Units,TOTALTAX,,1,One,_Z,Not applicable
DATAFLOW,OECD.CTP.TPS:DSD_REV_COMP_GLOBAL@DF_RSGLOBAL(2.1),A comparative table of countries in the global database,I,LTU,Lithuania,TAX_REV,Tax revenue,S13,General government,_T,Total tax revenue,_T,Total,PT_B1GQ,Percentage of GDP,A,Annual,2019,,30.217,,A,Normal value,0,Units,TOTALTAX,,1,One,_Z,Not applicable
DATAFLOW,OECD.CTP.TPS:DSD_REV_COMP_GLOBAL@DF_RSGLOBAL(2.1),A comparative table of countries in the global database,I,LTU,Lithuania,TAX_REV,Tax revenue,S13,General government,_T,Total tax revenue,_T,Total,PT_B1GQ,Percentage of GDP,A,Annual,2018,,30.238,,A,Normal value,0,Units,TOTALTAX,,1,One,_Z,Not applicable
DATAFLOW,OECD.CTP.TPS:DSD_REV_COMP_GLOBAL@DF_RSGLOBAL(2.1),A comparative table of countries in the global database,I,LTU,Lithuania,TAX_REV,Tax revenue,S13,General government,_T,Total tax revenue,_T,Total,PT_B1GQ,Percentage of GDP,A,Annual,2017,,29.61,,A,Normal value,0,Units,TOTALTAX,,1,One,_Z,Not applicable
DATAFLOW,OECD.CTP.TPS:DSD_REV_COMP_GLOBAL@DF_RSGLOBAL(2.1),A comparative table of countries in the global database,I,LTU,Lithuania,TAX_REV,Tax revenue,S13,General government,_T,Total tax revenue,_T,Total,PT_B1GQ,Percentage of GDP,A,Annual,2016,,29.656,,A,Normal value,0,Units,TOTALTAX,,1,One,_Z,Not applicable
DATAFLOW,OECD.CTP.TPS:DSD_REV_COMP_GLOBAL@DF_RSGLOBAL(2.1),A comparative table of countries in the global database,I,LTU,Lithuania,TAX_REV,Tax revenue,S13,General government,_T,Total tax revenue,_T,Total,PT_B1GQ,Percentage of GDP,A,Annual,2015,,28.942,,A,Normal value,0,Units,TOTALTAX,,1,One,_Z,Not applicable
DATAFLOW,OECD.CTP.TPS:DSD_REV_COMP_GLOBAL@DF_RSGLOBAL(2.1),A comparative table of countries in the global database,I,LTU,Lithuania,TAX_REV,Tax revenue,S13,General government,_T,Total tax revenue,_T,Total,PT_B1GQ,Percentage of GDP,A,Annual,2014,,27.477,,A,Normal value,0,Units,TOTALTAX,,1,One,_Z,Not applicable
DATAFLOW,OECD.CTP.TPS:DSD_REV_COMP_GLOBAL@DF_RSGLOBAL(2.1),A comparative table of countries in the global database,I,LVA,Latvia,TAX_REV,Tax revenue,S13,General government,_T,Total tax revenue,_T,Total,PT_B1GQ,Percentage of GDP,A,Annual,2023,,31.882,,A,Normal value,0,Units,TOTALTAX,,1,One,_Z,Not applicable
DATAFLOW,OECD.CTP.TPS:DSD_REV_COMP_GLOBAL@DF_RSGLOBAL(2.1),A comparative table of countries in the global database,I,LVA,Latvia,TAX_REV,Tax revenue,S13,General government,_T,Total tax revenue,_T,Total,PT_B1GQ,Percentage of GDP,A,Annual,2022,,30.762,,A,Normal value,0,Units,TOTALTAX,,1,One,_Z,Not applicable
DATAFLOW,OECD.CTP.TPS:DSD_REV_COMP_GLOBAL@DF_RSGLOBAL(2.1),A comparative table of countries in the global database,I,LVA,Latvia,TAX_REV,Tax revenue,S13,General government,_T,Total tax revenue,_T,Total,PT_B1GQ,Percentage of GDP,A,Annual,2021,,30.746,,A,Normal value,0,Units,TOTALTAX,,1,One,_Z,Not applicable
DATAFLOW,OECD.CTP.TPS:DSD_REV_COMP_GLOBAL@DF_RSGLOBAL(2.1),A comparative table of countries in the global database,I,LVA,Latvia,TAX_REV,Tax revenue,S13,General government,_T,Total tax revenue,_T,Total,PT_B1GQ,Percentage of GDP,A,Annual,2020,,31.134,,A,Normal value,0,Units,TOTALTAX,,1,One,_Z,Not applicable
DATAFLOW,OECD.CTP.TPS:DSD_REV_COMP_GLOBAL@DF_RSGLOBAL(2.1),A comparative table of countries in the global database,I,LVA,Latvia,TAX_REV,Tax revenue,S13,General government,_T,Total tax revenue,_T,Total,PT_B1GQ,Percentage of GDP,A,Annual,2019,,31.013,,A,Normal value,0,Units,TOTALTAX,,1,One,_Z,Not applicable
DATAFLOW,OECD.CTP.TPS:DSD_REV_COMP_GLOBAL@DF_RSGLOBAL(2.1),A comparative table of countries in the global database,I,LVA,Latvia,TAX_REV,Tax revenue,S13,General government,_T,Total tax revenue,_T,Total,PT_B1GQ,Percentage of GDP,A,Annual,2018,,31.052,,A,Normal value,0,Units,TOTALTAX,,1,One,_Z,Not applicable
DATAFLOW,OECD.CTP.TPS:DSD_REV_COMP_GLOBAL@DF_RSGLOBAL(2.1),A comparative table of countries in the global database,I,LVA,Latvia,TAX_REV,Tax revenue,S13,General government,_T,Total tax revenue,_T,Total,PT_B1GQ,Percentage of GDP,A,Annual,2017,,31.091,,A,Normal value,0,Units,TOTALTAX,,1,One,_Z,Not applicable
DATAFLOW,OECD.CTP.TPS:DSD_REV_COMP_GLOBAL@DF_RSGLOBAL(2.1),A comparative table of countries in the global database,I,LVA,Latvia,TAX_REV,Tax revenue,S13,General government,_T,Total tax revenue,_T,Total,PT_B1GQ,Percentage of GDP,A,Annual,2016,,30.73,,A,Normal value,0,Units,TOTALTAX,,1,One,_Z,Not applicable
DATAFLOW,OECD.CTP.TPS:DSD_REV_COMP_GLOBAL@DF_RSGLOBAL(2.1),A comparative table of countries in the global database,I,LVA,Latvia,TAX_REV,Tax revenue,S13,General government,_T,Total tax revenue,_T,Total,PT_B1GQ,Percentage of GDP,A,Annual,2015,,29.79,,A,Normal value,0,Units,TOTALTAX,,1,One,_Z,Not applicable
DATAFLOW,OECD.CTP.TPS:DSD_REV_COMP_GLOBAL@DF_RSGLOBAL(2.1),A comparative table of countries in the global database,I,LVA,Latvia,TAX_REV,Tax revenue,S13,General government,_T,Total tax revenue,_T,Total,PT_B1GQ,Percentage of GDP,A,Annual,2014,,29.715,,A,Normal value,0,Units,TOTALTAX,,1,One,_Z,Not applicable
DATAFLOW,OECD.CTP.TPS:DSD_REV_COMP_GLOBAL@DF_RSGLOBAL(2.1),A comparative table of countries in the global database,I,KOR,Korea,TAX_REV,Tax revenue,S13,General government,_T,Total tax revenue,_T,Total,PT_B1GQ,Percentage of GDP,A,Annual,2023,,28.852,,A,Normal value,0,Units,TOTALTAX,,1,One,_Z,Not applicable
DATAFLOW,OECD.CTP.TPS:DSD_REV_COMP_GLOBAL@DF_RSGLOBAL(2.1),A comparative table of countries in the global database,I,KOR,Korea,TAX_REV,Tax revenue,S13,General government,_T,Total tax revenue,_T,Total,PT_B1GQ,Percentage of GDP,A,Annual,2022,,31.976,,A,Normal value,0,Units,TOTALTAX,,1,One,_Z,Not applicable
DATAFLOW,OECD.CTP.TPS:DSD_REV_COMP_GLOBAL@DF_RSGLOBAL(2.1),A comparative table of countries in the global database,I,KOR,Korea,TAX_REV,Tax revenue,S13,General government,_T,Total tax revenue,_T,Total,PT_B1GQ,Percentage of GDP,A,Annual,2021,,29.761,,A,Normal value,0,Units,TOTALTAX,,1,One,_Z,Not applicable
DATAFLOW,OECD.CTP.TPS:DSD_REV_COMP_GLOBAL@DF_RSGLOBAL(2.1),A comparative table of countries in the global database,I,KOR,Korea,TAX_REV,Tax revenue,S13,General government,_T,Total tax revenue,_T,Total,PT_B1GQ,Percentage of GDP,A,Annual,2020,,27.745,,A,Normal value,0,Units,TOTALTAX,,1,One,_Z,Not applicable
DATAFLOW,OECD.CTP.TPS:DSD_REV_COMP_GLOBAL@DF_RSGLOBAL(2.1),A comparative table of countries in the global database,I,KOR,Korea,TAX_REV,Tax revenue,S13,General government,_T,Total tax revenue,_T,Total,PT_B1GQ,Percentage of GDP,A,Annual,2019,,27.227,,A,Normal value,0,Units,TOTALTAX,,1,One,_Z,Not applicable
DATAFLOW,OECD.CTP.TPS:DSD_REV_COMP_GLOBAL@DF_RSGLOBAL(2.1),A comparative table of countries in the global database,I,KOR,Korea,TAX_REV,Tax revenue,S13,General government,_T,Total tax revenue,_T,Total,PT_B1GQ,Percentage of GDP,A,Annual,2018,,26.686,,A,Normal value,0,Units,TOTALTAX,,1,One,_Z,Not applicable
DATAFLOW,OECD.CTP.TPS:DSD_REV_COMP_GLOBAL@DF_RSGLOBAL(2.1),A comparative table of countries in the global database,I,KOR,Korea,TAX_REV,Tax revenue,S13,General government,_T,Total tax revenue,_T,Total,PT_B1GQ,Percentage of GDP,A,Annual,2017,,25.357,,A,Normal value,0,Units,TOTALTAX,,1,One,_Z,Not applicable
DATAFLOW,OECD.CTP.TPS:DSD_REV_COMP_GLOBAL@DF_RSGLOBAL(2.1),A comparative table of countries in the global database,I,KOR,Korea,TAX_REV,Tax revenue,S13,General government,_T,Total tax revenue,_T,Total,PT_B1GQ,Percentage of GDP,A,Annual,2016,,24.745,,A,Normal value,0,Units,TOTALTAX,,1,One,_Z,Not applicable
DATAFLOW,OECD.CTP.TPS:DSD_REV_COMP_GLOBAL@DF_RSGLOBAL(2.1),A comparative table of countries in the global database,I,KOR,Korea,TAX_REV,Tax revenue,S13,General government,_T,Total tax revenue,_T,Total,PT_B1GQ,Percentage of GDP,A,Annual,2015,,23.737,,A,Normal value,0,Units,TOTALTAX,,1,One,_Z,Not applicable
DATAFLOW,OECD.CTP.TPS:DSD_REV_COMP_GLOBAL@DF_RSGLOBAL(2.1),A comparative table of countries in the global database,I,KOR,Korea,TAX_REV,Tax revenue,S13,General government,_T,Total tax revenue,_T,Total,PT_B1GQ,Percentage of GDP,A,Annual,2014,,23.381,,A,Normal value,0,Units,TOTALTAX,,1,One,_Z,Not applicable
DATAFLOW,OECD.CTP.TPS:DSD_REV_COMP_GLOBAL@DF_RSGLOBAL(2.1),A comparative table of countries in the global database,I,JPN,Japan,TAX_REV,Tax revenue,S13,General government,_T,Total tax revenue,_T,Total,PT_B1GQ,Percentage of GDP,A,Annual,2022,,34.441,,A,Normal value,0,Units,TOTALTAX,,1,One,_Z,Not applicable
DATAFLOW,OECD.CTP.TPS:DSD_REV_COMP_GLOBAL@DF_RSGLOBAL(2.1),A comparative table of countries in the global database,I,JPN,Japan,TAX_REV,Tax revenue,S13,General government,_T,Total tax revenue,_T,Total,PT_B1GQ,Percentage of GDP,A,Annual,2021,,33.883,,A,Normal value,0,Units,TOTALTAX,,1,One,_Z,Not applicable
DATAFLOW,OECD.CTP.TPS:DSD_REV_COMP_GLOBAL@DF_RSGLOBAL(2.1),A comparative table of countries in the global database,I,JPN,Japan,TAX_REV,Tax revenue,S13,General government,_T,Total tax revenue,_T,Total,PT_B1GQ,Percentage of GDP,A,Annual,2020,,32.909,,A,Normal value,0,Units,TOTALTAX,,1,One,_Z,Not applicable
DATAFLOW,OECD.CTP.TPS:DSD_REV_COMP_GLOBAL@DF_RSGLOBAL(2.1),A comparative table of countries in the global database,I,JPN,Japan,TAX_REV,Tax revenue,S13,General government,_T,Total tax revenue,_T,Total,PT_B1GQ,Percentage of GDP,A,Annual,2019,,31.507,,A,Normal value,0,Units,TOTALTAX,,1,One,_Z,Not applicable
DATAFLOW,OECD.CTP.TPS:DSD_REV_COMP_GLOBAL@DF_RSGLOBAL(2.1),A comparative table of countries in the global database,I,JPN,Japan,TAX_REV,Tax revenue,S13,General government,_T,Total tax revenue,_T,Total,PT_B1GQ,Percentage of GDP,A,Annual,2018,,31.548,,A,Normal value,0,Units,TOTALTAX,,1,One,_Z,Not applicable
DATAFLOW,OECD.CTP.TPS:DSD_REV_COMP_GLOBAL@DF_RSGLOBAL(2.1),A comparative table of countries in the global database,I,JPN,Japan,TAX_REV,Tax revenue,S13,General government,_T,Total tax revenue,_T,Total,PT_B1GQ,Percentage of GDP,A,Annual,2017,,30.916,,A,Normal value,0,Units,TOTALTAX,,1,One,_Z,Not applicable
DATAFLOW,OECD.CTP.TPS:DSD_REV_COMP_GLOBAL@DF_RSGLOBAL(2.1),A comparative table of countries in the global database,I,JPN,Japan,TAX_REV,Tax revenue,S13,General government,_T,Total tax revenue,_T,Total,PT_B1GQ,Percentage of GDP,A,Annual,2016,,30.279,,A,Normal value,0,Units,TOTALTAX,,1,One,_Z,Not applicable
DATAFLOW,OECD.CTP.TPS:DSD_REV_COMP_GLOBAL@DF_RSGLOBAL(2.1),A comparative table of countries in the global database,I,JPN,Japan,TAX_REV,Tax revenue,S13,General government,_T,Total tax revenue,_T,Total,PT_B1GQ,Percentage of GDP,A,Annual,2015,,30.242,,A,Normal value,0,Units,TOTALTAX,,1,One,_Z,Not applicable
DATAFLOW,OECD.CTP.TPS:DSD_REV_COMP_GLOBAL@DF_RSGLOBAL(2.1),A comparative table of countries in the global database,I,JPN,Japan,TAX_REV,Tax revenue,S13,General government,_T,Total tax revenue,_T,Total,PT_B1GQ,Percentage of GDP,A,Annual,2014,,29.973,,A,Normal value,0,Units,TOTALTAX,,1,One,_Z,Not applicable
DATAFLOW,OECD.CTP.TPS:DSD_REV_COMP_GLOBAL@DF_RSGLOBAL(2.1),A comparative table of countries in the global database,I,ITA,Italy,TAX_REV,Tax revenue,S13,General government,_T,Total tax revenue,_T,Total,PT_B1GQ,Percentage of GDP,A,Annual,2023,,42.844,,A,Normal value,0,Units,TOTALTAX,,1,One,_Z,Not applicable
DATAFLOW,OECD.CTP.TPS:DSD_REV_COMP_GLOBAL@DF_RSGLOBAL(2.1),A comparative table of countries in the global database,I,ITA,Italy,TAX_REV,Tax revenue,S13,General government,_T,Total tax revenue,_T,Total,PT_B1GQ,Percentage of GDP,A,Annual,2022,,42.837,,A,Normal value,0,Units,TOTALTAX,,1,One,_Z,Not applicable
DATAFLOW,OECD.CTP.TPS:DSD_REV_COMP_GLOBAL@DF_RSGLOBAL(2.1),A comparative table of countries in the global database,I,ITA,Italy,TAX_REV,Tax revenue,S13,General government,_T,Total tax revenue,_T,Total,PT_B1GQ,Percentage of GDP,A,Annual,2021,,42.461,,A,Normal value,0,Units,TOTALTAX,,1,One,_Z,Not applicable
DATAFLOW,OECD.CTP.TPS:DSD_REV_COMP_GLOBAL@DF_RSGLOBAL(2.1),A comparative table of countries in the global database,I,ITA,Italy,TAX_REV,Tax revenue,S13,General government,_T,Total tax revenue,_T,Total,PT_B1GQ,Percentage of GDP,A,Annual,2020,,42.582,,A,Normal value,0,Units,TOTALTAX,,1,One,_Z,Not applicable
DATAFLOW,OECD.CTP.TPS:DSD_REV_COMP_GLOBAL@DF_RSGLOBAL(2.1),A comparative table of countries in the global database,I,ITA,Italy,TAX_REV,Tax revenue,S13,General government,_T,Total tax revenue,_T,Total,PT_B1GQ,Percentage of GDP,A,Annual,2019,,42.272,,A,Normal value,0,Units,TOTALTAX,,1,One,_Z,Not applicable
DATAFLOW,OECD.CTP.TPS:DSD_REV_COMP_GLOBAL@DF_RSGLOBAL(2.1),A comparative table of countries in the global database,I,OECD_REP,OECD average country,TAX_REV,Tax revenue,S13,General government,_T,Total tax revenue,_T,Total,PT_B1GQ,Percentage of GDP,A,Annual,2023,,33.943,,A,Normal value,0,Units,TOTALTAX,,1,One,_Z,Not applicable
DATAFLOW,OECD.CTP.TPS:DSD_REV_COMP_GLOBAL@DF_RSGLOBAL(2.1),A comparative table of countries in the global database,I,OECD_REP,OECD average country,TAX_REV,Tax revenue,S13,General government,_T,Total tax revenue,_T,Total,PT_B1GQ,Percentage of GDP,A,Annual,2022,,34.035,,A,Normal value,0,Units,TOTALTAX,,1,One,_Z,Not applicable
DATAFLOW,OECD.CTP.TPS:DSD_REV_COMP_GLOBAL@DF_RSGLOBAL(2.1),A comparative table of countries in the global database,I,OECD_REP,OECD average country,TAX_REV,Tax revenue,S13,General government,_T,Total tax revenue,_T,Total,PT_B1GQ,Percentage of GDP,A,Annual,2021,,34.079,,A,Normal value,0,Units,TOTALTAX,,1,One,_Z,Not applicable
DATAFLOW,OECD.CTP.TPS:DSD_REV_COMP_GLOBAL@DF_RSGLOBAL(2.1),A comparative table of countries in the global database,I,OECD_REP,OECD average country,TAX_REV,Tax revenue,S13,General government,_T,Total tax revenue,_T,Total,PT_B1GQ,Percentage of GDP,A,Annual,2020,,33.509,,A,Normal value,0,Units,TOTALTAX,,1,One,_Z,Not applicable
DATAFLOW,OECD.CTP.TPS:DSD_REV_COMP_GLOBAL@DF_RSGLOBAL(2.1),A comparative table of countries in the global database,I,OECD_REP,OECD average country,TAX_REV,Tax revenue,S13,General government,_T,Total tax revenue,_T,Total,PT_B1GQ,Percentage of GDP,A,Annual,2019,,33.366,,A,Normal value,0,Units,TOTALTAX,,1,One,_Z,Not applicable
DATAFLOW,OECD.CTP.TPS:DSD_REV_COMP_GLOBAL@DF_RSGLOBAL(2.1),A comparative table of countries in the global database,I,OECD_REP,OECD average country,TAX_REV,Tax revenue,S13,General government,_T,Total tax revenue,_T,Total,PT_B1GQ,Percentage of GDP,A,Annual,2018,,33.453,,A,Normal value,0,Units,TOTALTAX,,1,One,_Z,Not applicable
DATAFLOW,OECD.CTP.TPS:DSD_REV_COMP_GLOBAL@DF_RSGLOBAL(2.1),A comparative table of countries in the global database,I,OECD_REP,OECD average country,TAX_REV,Tax revenue,S13,General government,_T,Total tax revenue,_T,Total,PT_B1GQ,Percentage of GDP,A,Annual,2017,,33.302,,A,Normal value,0,Units,TOTALTAX,,1,One,_Z,Not applicable
DATAFLOW,OECD.CTP.TPS:DSD_REV_COMP_GLOBAL@DF_RSGLOBAL(2.1),A comparative table of countries in the global database,I,OECD_REP,OECD average country,TAX_REV,Tax revenue,S13,General government,_T,Total tax revenue,_T,Total,PT_B1GQ,Percentage of GDP,A,Annual,2016,,33.538,,A,Normal value,0,Units,TOTALTAX,,1,One,_Z,Not applicable
DATAFLOW,OECD.CTP.TPS:DSD_REV_COMP_GLOBAL@DF_RSGLOBAL(2.1),A comparative table of countries in the global database,I,OECD_REP,OECD average country,TAX_REV,Tax revenue,S13,General government,_T,Total tax revenue,_T,Total,PT_B1GQ,Percentage of GDP,A,Annual,2015,,32.892,,A,Normal value,0,Units,TOTALTAX,,1,One,_Z,Not applicable
DATAFLOW,OECD.CTP.TPS:DSD_REV_COMP_GLOBAL@DF_RSGLOBAL(2.1),A comparative table of countries in the global database,I,BRA,Brazil,TAX_REV,Tax revenue,S13,General government,_T,Total tax revenue,_T,Total,PT_B1GQ,Percentage of GDP,A,Annual,2023,,32.003,,A,Normal value,0,Units,TOTALTAX,,1,One,_Z,Not applicable
DATAFLOW,OECD.CTP.TPS:DSD_REV_COMP_GLOBAL@DF_RSGLOBAL(2.1),A comparative table of countries in the global database,I,BRA,Brazil,TAX_REV,Tax revenue,S13,General government,_T,Total tax revenue,_T,Total,PT_B1GQ,Percentage of GDP,A,Annual,2022,,32.54,,A,Normal value,0,Units,TOTALTAX,,1,One,_Z,Not applicable
DATAFLOW,OECD.CTP.TPS:DSD_REV_COMP_GLOBAL@DF_RSGLOBAL(2.1),A comparative table of countries in the global database,I,BRA,Brazil,TAX_REV,Tax revenue,S13,General government,_T,Total tax revenue,_T,Total,PT_B1GQ,Percentage of GDP,A,Annual,2021,,32.098,,A,Normal value,0,Units,TOTALTAX,,1,One,_Z,Not applicable
DATAFLOW,OECD.CTP.TPS:DSD_REV_COMP_GLOBAL@DF_RSGLOBAL(2.1),A comparative table of countries in the global database,I,BRA,Brazil,TAX_REV,Tax revenue,S13,General government,_T,Total tax revenue,_T,Total,PT_B1GQ,Percentage of GDP,A,Annual,2020,,30.453,,A,Normal value,0,Units,TOTALTAX,,1,One,_Z,Not applicable
DATAFLOW,OECD.CTP.TPS:DSD_REV_COMP_GLOBAL@DF_RSGLOBAL(2.1),A comparative table of countries in the global database,I,BRA,Brazil,TAX_REV,Tax revenue,S13,General government,_T,Total tax revenue,_T,Total,PT_B1GQ,Percentage of GDP,A,Annual,2019,,31.932,,A,Normal value,0,Units,TOTALTAX,,1,One,_Z,Not applicable
DATAFLOW,OECD.CTP.TPS:DSD_REV_COMP_GLOBAL@DF_RSGLOBAL(2.1),A comparative table of countries in the global database,I,BRA,Brazil,TAX_REV,Tax revenue,S13,General government,_T,Total tax revenue,_T,Total,PT_B1GQ,Percentage of GDP,A,Annual,2018,,31.986,,A,Normal value,0,Units,TOTALTAX,,1,One,_Z,Not applicable
DATAFLOW,OECD.CTP.TPS:DSD_REV_COMP_GLOBAL@DF_RSGLOBAL(2.1),A comparative table of countries in the global database,I,BRA,Brazil,TAX_REV,Tax revenue,S13,General government,_T,Total tax revenue,_T,Total,PT_B1GQ,Percentage of GDP,A,Annual,2017,,31.731,,A,Normal value,0,Units,TOTALTAX,,1,One,_Z,Not applicable
DATAFLOW,OECD.CTP.TPS:DSD_REV_COMP_GLOBAL@DF_RSGLOBAL(2.1),A comparative table of countries in the global database,I,BRA,Brazil,TAX_REV,Tax revenue,S13,General government,_T,Total tax revenue,_T,Total,PT_B1GQ,Percentage of GDP,A,Annual,2016,,31.616,,A,Normal value,0,Units,TOTALTAX,,1,One,_Z,Not applicable
DATAFLOW,OECD.CTP.TPS:DSD_REV_COMP_GLOBAL@DF_RSGLOBAL(2.1),A comparative table of countries in the global database,I,BRA,Brazil,TAX_REV,Tax revenue,S13,General government,_T,Total tax revenue,_T,Total,PT_B1GQ,Percentage of GDP,A,Annual,2015,,31.343,,A,Normal value,0,Units,TOTALTAX,,1,One,_Z,Not applicable
DATAFLOW,OECD.CTP.TPS:DSD_REV_COMP_GLOBAL@DF_RSGLOBAL(2.1),A comparative table of countries in the global database,I,BRA,Brazil,TAX_REV,Tax revenue,S13,General government,_T,Total tax revenue,_T,Total,PT_B1GQ,Percentage of GDP,A,Annual,2014,,31.113,,A,Normal value,0,Units,TOTALTAX,,1,One,_Z,Not applicable
DATAFLOW,OECD.CTP.TPS:DSD_REV_COMP_GLOBAL@DF_RSGLOBAL(2.1),A comparative table of countries in the global database,I,BWA,Botswana,TAX_REV,Tax revenue,S13,General government,_T,Total tax revenue,_T,Total,PT_B1GQ,Percentage of GDP,A,Annual,2022,,13.641,,A,Normal value,0,Units,TOTALTAX,,1,One,_Z,Not applicable
DATAFLOW,OECD.CTP.TPS:DSD_REV_COMP_GLOBAL@DF_RSGLOBAL(2.1),A comparative table of countries in the global database,I,BWA,Botswana,TAX_REV,Tax revenue,S13,General government,_T,Total tax revenue,_T,Total,PT_B1GQ,Percentage of GDP,A,Annual,2021,,14.745,,A,Normal value,0,Units,TOTALTAX,,1,One,_Z,Not applicable
DATAFLOW,OECD.CTP.TPS:DSD_REV_COMP_GLOBAL@DF_RSGLOBAL(2.1),A comparative table of countries in the global database,I,BWA,Botswana,TAX_REV,Tax revenue,S13,General government,_T,Total tax revenue,_T,Total,PT_B1GQ,Percentage of GDP,A,Annual,2020,,12.193,,A,Normal value,0,Units,TOTALTAX,,1,One,_Z,Not applicable
DATAFLOW,OECD.CTP.TPS:DSD_REV_COMP_GLOBAL@DF_RSGLOBAL(2.1),A comparative table of countries in the global database,I,BWA,Botswana,TAX_REV,Tax revenue,S13,General government,_T,Total tax revenue,_T,Total,PT_B1GQ,Percentage of GDP,A,Annual,2019,,13.726,,A,Normal value,0,Units,TOTALTAX,,1,One,_Z,Not applicable
DATAFLOW,OECD.CTP.TPS:DSD_REV_COMP_GLOBAL@DF_RSGLOBAL(2.1),A comparative table of countries in the global database,I,BWA,Botswana,TAX_REV,Tax revenue,S13,General government,_T,Total tax revenue,_T,Total,PT_B1GQ,Percentage of GDP,A,Annual,2018,,13.293,,A,Normal value,0,Units,TOTALTAX,,1,One,_Z,Not applicable
DATAFLOW,OECD.CTP.TPS:DSD_REV_COMP_GLOBAL@DF_RSGLOBAL(2.1),A comparative table of countries in the global database,I,BWA,Botswana,TAX_REV,Tax revenue,S13,General government,_T,Total tax revenue,_T,Total,PT_B1GQ,Percentage of GDP,A,Annual,2017,,13.342,,A,Normal value,0,Units,TOTALTAX,,1,One,_Z,Not applicable
DATAFLOW,OECD.CTP.TPS:DSD_REV_COMP_GLOBAL@DF_RSGLOBAL(2.1),A comparative table of countries in the global database,I,BWA,Botswana,TAX_REV,Tax revenue,S13,General government,_T,Total tax revenue,_T,Total,PT_B1GQ,Percentage of GDP,A,Annual,2016,,14.632,,A,Normal value,0,Units,TOTALTAX,,1,One,_Z,Not applicable
DATAFLOW,OECD.CTP.TPS:DSD_REV_COMP_GLOBAL@DF_RSGLOBAL(2.1),A comparative table of countries in the global database,I,BWA,Botswana,TAX_REV,Tax revenue,S13,General government,_T,Total tax revenue,_T,Total,PT_B1GQ,Percentage of GDP,A,Annual,2015,,13.435,,A,Normal value,0,Units,TOTALTAX,,1,One,_Z,Not applicable
DATAFLOW,OECD.CTP.TPS:DSD_REV_COMP_GLOBAL@DF_RSGLOBAL(2.1),A comparative table of countries in the global database,I,BWA,Botswana,TAX_REV,Tax revenue,S13,General government,_T,Total tax revenue,_T,Total,PT_B1GQ,Percentage of GDP,A,Annual,2014,,16.01,,A,Normal value,0,Units,TOTALTAX,,1,One,_Z,Not applicable
DATAFLOW,OECD.CTP.TPS:DSD_REV_COMP_GLOBAL@DF_RSGLOBAL(2.1),A comparative table of countries in the global database,I,BOL,Bolivia,TAX_REV,Tax revenue,S13,General government,_T,Total tax revenue,_T,Total,PT_B1GQ,Percentage of GDP,A,Annual,2023,,23.861,,A,Normal value,0,Units,TOTALTAX,,1,One,_Z,Not applicable
DATAFLOW,OECD.CTP.TPS:DSD_REV_COMP_GLOBAL@DF_RSGLOBAL(2.1),A comparative table of countries in the global database,I,BOL,Bolivia,TAX_REV,Tax revenue,S13,General government,_T,Total tax revenue,_T,Total,PT_B1GQ,Percentage of GDP,A,Annual,2022,,23.681,,A,Normal value,0,Units,TOTALTAX,,1,One,_Z,Not applicable
DATAFLOW,OECD.CTP.TPS:DSD_REV_COMP_GLOBAL@DF_RSGLOBAL(2.1),A comparative table of countries in the global database,I,BOL,Bolivia,TAX_REV,Tax revenue,S13,General government,_T,Total tax revenue,_T,Total,PT_B1GQ,Percentage of GDP,A,Annual,2021,,22.637,,A,Normal value,0,Units,TOTALTAX,,1,One,_Z,Not applicable
DATAFLOW,OECD.CTP.TPS:DSD_REV_COMP_GLOBAL@DF_RSGLOBAL(2.1),A comparative table of countries in the global database,I,BOL,Bolivia,TAX_REV,Tax revenue,S13,General government,_T,Total tax revenue,_T,Total,PT_B1GQ,Percentage of GDP,A,Annual,2020,,22.159,,A,Normal value,0,Units,TOTALTAX,,1,One,_Z,Not applicable
DATAFLOW,OECD.CTP.TPS:DSD_REV_COMP_GLOBAL@DF_RSGLOBAL(2.1),A comparative table of countries in the global database,I,BOL,Bolivia,TAX_REV,Tax revenue,S13,General government,_T,Total tax revenue,_T,Total,PT_B1GQ,Percentage of GDP,A,Annual,2019,,24.695,,A,Normal value,0,Units,TOTALTAX,,1,One,_Z,Not applicable
DATAFLOW,OECD.CTP.TPS:DSD_REV_COMP_GLOBAL@DF_RSGLOBAL(2.1),A comparative table of countries in the global database,I,BOL,Bolivia,TAX_REV,Tax revenue,S13,General government,_T,Total tax revenue,_T,Total,PT_B1GQ,Percentage of GDP,A,Annual,2018,,24.978,,A,Normal value,0,Units,TOTALTAX,,1,One,_Z,Not applicable
DATAFLOW,OECD.CTP.TPS:DSD_REV_COMP_GLOBAL@DF_RSGLOBAL(2.1),A comparative table of countries in the global database,I,BOL,Bolivia,TAX_REV,Tax revenue,S13,General government,_T,Total tax revenue,_T,Total,PT_B1GQ,Percentage of GDP,A,Annual,2017,,25.878,,A,Normal value,0,Units,TOTALTAX,,1,One,_Z,Not applicable
DATAFLOW,OECD.CTP.TPS:DSD_REV_COMP_GLOBAL@DF_RSGLOBAL(2.1),A comparative table of countries in the global database,I,BOL,Bolivia,TAX_REV,Tax revenue,S13,General government,_T,Total tax revenue,_T,Total,PT_B1GQ,Percentage of GDP,A,Annual,2016,,27.925,,A,Normal value,0,Units,TOTALTAX,,1,One,_Z,Not applicable
DATAFLOW,OECD.CTP.TPS:DSD_REV_COMP_GLOBAL@DF_RSGLOBAL(2.1),A comparative table of countries in the global database,I,BOL,Bolivia,TAX_REV,Tax revenue,S13,General government,_T,Total tax revenue,_T,Total,PT_B1GQ,Percentage of GDP,A,Annual,2015,,29.498,,A,Normal value,0,Units,TOTALTAX,,1,One,_Z,Not applicable
DATAFLOW,OECD.CTP.TPS:DSD_REV_COMP_GLOBAL@DF_RSGLOBAL(2.1),A comparative table of countries in the global database,I,BOL,Bolivia,TAX_REV,Tax revenue,S13,General government,_T,Total tax revenue,_T,Total,PT_B1GQ,Percentage of GDP,A,Annual,2014,,27.854,,A,Normal value,0,Units,TOTALTAX,,1,One,_Z,Not applicable
DATAFLOW,OECD.CTP.TPS:DSD_REV_COMP_GLOBAL@DF_RSGLOBAL(2.1),A comparative table of countries in the global database,I,BTN,Bhutan,TAX_REV,Tax revenue,S13,General government,_T,Total tax revenue,_T,Total,PT_B1GQ,Percentage of GDP,A,Annual,2023,,11.626,,A,Normal value,0,Units,TOTALTAX,,1,One,_Z,Not applicable
DATAFLOW,OECD.CTP.TPS:DSD_REV_COMP_GLOBAL@DF_RSGLOBAL(2.1),A comparative table of countries in the global database,I,BTN,Bhutan,TAX_REV,Tax revenue,S13,General government,_T,Total tax revenue,_T,Total,PT_B1GQ,Percentage of GDP,A,Annual,2022,,11.176,,A,Normal value,0,Units,TOTALTAX,,1,One,_Z,Not applicable
DATAFLOW,OECD.CTP.TPS:DSD_REV_COMP_GLOBAL@DF_RSGLOBAL(2.1),A comparative table of countries in the global database,I,BTN,Bhutan,TAX_REV,Tax revenue,S13,General government,_T,Total tax revenue,_T,Total,PT_B1GQ,Percentage of GDP,A,Annual,2021,,9.882,,A,Normal value,0,Units,TOTALTAX,,1,One,_Z,Not applicable
DATAFLOW,OECD.CTP.TPS:DSD_REV_COMP_GLOBAL@DF_RSGLOBAL(2.1),A comparative table of countries in the global database,I,BTN,Bhutan,TAX_REV,Tax revenue,S13,General government,_T,Total tax revenue,_T,Total,PT_B1GQ,Percentage of GDP,A,Annual,2020,,8.143,,A,Normal value,0,Units,TOTALTAX,,1,One,_Z,Not applicable
DATAFLOW,OECD.CTP.TPS:DSD_REV_COMP_GLOBAL@DF_RSGLOBAL(2.1),A comparative table of countries in the global database,I,BTN,Bhutan,TAX_REV,Tax revenue,S13,General government,_T,Total tax revenue,_T,Total,PT_B1GQ,Percentage of GDP,A,Annual,2019,,10.41,,A,Normal value,0,Units,TOTALTAX,,1,One,_Z,Not applicable
DATAFLOW,OECD.CTP.TPS:DSD_REV_COMP_GLOBAL@DF_RSGLOBAL(2.1),A comparative table of countries in the global database,I,BTN,Bhutan,TAX_REV,Tax revenue,S13,General government,_T,Total tax revenue,_T,Total,PT_B1GQ,Percentage of GDP,A,Annual,2018,,13.177,,A,Normal value,0,Units,TOTALTAX,,1,One,_Z,Not applicable
DATAFLOW,OECD.CTP.TPS:DSD_REV_COMP_GLOBAL@DF_RSGLOBAL(2.1),A comparative table of countries in the global database,I,BTN,Bhutan,TAX_REV,Tax revenue,S13,General government,_T,Total tax revenue,_T,Total,PT_B1GQ,Percentage of GDP,A,Annual,2017,,14.231,,A,Normal value,0,Units,TOTALTAX,,1,One,_Z,Not applicable
DATAFLOW,OECD.CTP.TPS:DSD_REV_COMP_GLOBAL@DF_RSGLOBAL(2.1),A comparative table of countries in the global database,I,BTN,Bhutan,TAX_REV,Tax revenue,S13,General government,_T,Total tax revenue,_T,Total,PT_B1GQ,Percentage of GDP,A,Annual,2016,,12.85,,A,Normal value,0,Units,TOTALTAX,,1,One,_Z,Not applicable
DATAFLOW,OECD.CTP.TPS:DSD_REV_COMP_GLOBAL@DF_RSGLOBAL(2.1),A comparative table of countries in the global database,I,BTN,Bhutan,TAX_REV,Tax revenue,S13,General government,_T,Total tax revenue,_T,Total,PT_B1GQ,Percentage of GDP,A,Annual,2015,,13.174,,A,Normal value,0,Units,TOTALTAX,,1,One,_Z,Not applicable
DATAFLOW,OECD.CTP.TPS:DSD_REV_COMP_GLOBAL@DF_RSGLOBAL(2.1),A comparative table of countries in the global database,I,BTN,Bhutan,TAX_REV,Tax revenue,S13,General government,_T,Total tax revenue,_T,Total,PT_B1GQ,Percentage of GDP,A,Annual,2014,,13.469,,A,Normal value,0,Units,TOTALTAX,,1,One,_Z,Not applicable
DATAFLOW,OECD.CTP.TPS:DSD_REV_COMP_GLOBAL@DF_RSGLOBAL(2.1),A comparative table of countries in the global database,I,BLZ,Belize,TAX_REV,Tax revenue,S13,General government,_T,Total tax revenue,_T,Total,PT_B1GQ,Percentage of GDP,A,Annual,2023,,23.976,,A,Normal value,0,Units,TOTALTAX,,1,One,_Z,Not applicable
DATAFLOW,OECD.CTP.TPS:DSD_REV_COMP_GLOBAL@DF_RSGLOBAL(2.1),A comparative table of countries in the global database,I,BLZ,Belize,TAX_REV,Tax revenue,S13,General government,_T,Total tax revenue,_T,Total,PT_B1GQ,Percentage of GDP,A,Annual,2022,,23.081,,A,Normal value,0,Units,TOTALTAX,,1,One,_Z,Not applicable
DATAFLOW,OECD.CTP.TPS:DSD_REV_COMP_GLOBAL@DF_RSGLOBAL(2.1),A comparative table of countries in the global database,I,BLZ,Belize,TAX_REV,Tax revenue,S13,General government,_T,Total tax revenue,_T,Total,PT_B1GQ,Percentage of GDP,A,Annual,2021,,22.323,,A,Normal value,0,Units,TOTALTAX,,1,One,_Z,Not applicable
DATAFLOW,OECD.CTP.TPS:DSD_REV_COMP_GLOBAL@DF_RSGLOBAL(2.1),A comparative table of countries in the global database,I,BLZ,Belize,TAX_REV,Tax revenue,S13,General government,_T,Total tax revenue,_T,Total,PT_B1GQ,Percentage of GDP,A,Annual,2020,,21.828,,A,Normal value,0,Units,TOTALTAX,,1,One,_Z,Not applicable
DATAFLOW,OECD.CTP.TPS:DSD_REV_COMP_GLOBAL@DF_RSGLOBAL(2.1),A comparative table of countries in the global database,I,BLZ,Belize,TAX_REV,Tax revenue,S13,General government,_T,Total tax revenue,_T,Total,PT_B1GQ,Percentage of GDP,A,Annual,2019,,25.045,,A,Normal value,0,Units,TOTALTAX,,1,One,_Z,Not applicable
DATAFLOW,OECD.CTP.TPS:DSD_REV_COMP_GLOBAL@DF_RSGLOBAL(2.1),A comparative table of countries in the global database,I,BLZ,Belize,TAX_REV,Tax revenue,S13,General government,_T,Total tax revenue,_T,Total,PT_B1GQ,Percentage of GDP,A,Annual,2018,,24.378,,A,Normal value,0,Units,TOTALTAX,,1,One,_Z,Not applicable
DATAFLOW,OECD.CTP.TPS:DSD_REV_COMP_GLOBAL@DF_RSGLOBAL(2.1),A comparative table of countries in the global database,I,BLZ,Belize,TAX_REV,Tax revenue,S13,General government,_T,Total tax revenue,_T,Total,PT_B1GQ,Percentage of GDP,A,Annual,2017,,23.189,,A,Normal value,0,Units,TOTALTAX,,1,One,_Z,Not applicable
DATAFLOW,OECD.CTP.TPS:DSD_REV_COMP_GLOBAL@DF_RSGLOBAL(2.1),A comparative table of countries in the global database,I,BLZ,Belize,TAX_REV,Tax revenue,S13,General government,_T,Total tax revenue,_T,Total,PT_B1GQ,Percentage of GDP,A,Annual,2016,,22.366,,A,Normal value,0,Units,TOTALTAX,,1,One,_Z,Not applicable
DATAFLOW,OECD.CTP.TPS:DSD_REV_COMP_GLOBAL@DF_RSGLOBAL(2.1),A comparative table of countries in the global database,I,BLZ,Belize,TAX_REV,Tax revenue,S13,General government,_T,Total tax revenue,_T,Total,PT_B1GQ,Percentage of GDP,A,Annual,2015,,21.464,,A,Normal value,0,Units,TOTALTAX,,1,One,_Z,Not applicable
DATAFLOW,OECD.CTP.TPS:DSD_REV_COMP_GLOBAL@DF_RSGLOBAL(2.1),A comparative table of countries in the global database,I,BLZ,Belize,TAX_REV,Tax revenue,S13,General government,_T,Total tax revenue,_T,Total,PT_B1GQ,Percentage of GDP,A,Annual,2014,,21.644,,A,Normal value,0,Units,TOTALTAX,,1,One,_Z,Not applicable
DATAFLOW,OECD.CTP.TPS:DSD_REV_COMP_GLOBAL@DF_RSGLOBAL(2.1),A comparative table of countries in the global database,I,BRB,Barbados,TAX_REV,Tax revenue,S13,General government,_T,Total tax revenue,_T,Total,PT_B1GQ,Percentage of GDP,A,Annual,2023,,28.133,,A,Normal value,0,Units,TOTALTAX,,1,One,_Z,Not applicable
DATAFLOW,OECD.CTP.TPS:DSD_REV_COMP_GLOBAL@DF_RSGLOBAL(2.1),A comparative table of countries in the global database,I,BRB,Barbados,TAX_REV,Tax revenue,S13,General government,_T,Total tax revenue,_T,Total,PT_B1GQ,Percentage of GDP,A,Annual,2022,,28.988,,A,Normal value,0,Units,TOTALTAX,,1,One,_Z,Not applicable
DATAFLOW,OECD.CTP.TPS:DSD_REV_COMP_GLOBAL@DF_RSGLOBAL(2.1),A comparative table of countries in the global database,I,BRB,Barbados,TAX_REV,Tax revenue,S13,General government,_T,Total tax revenue,_T,Total,PT_B1GQ,Percentage of GDP,A,Annual,2021,,28.696,,A,Normal value,0,Units,TOTALTAX,,1,One,_Z,Not applicable
DATAFLOW,OECD.CTP.TPS:DSD_REV_COMP_GLOBAL@DF_RSGLOBAL(2.1),A comparative table of countries in the global database,I,BRB,Barbados,TAX_REV,Tax revenue,S13,General government,_T,Total tax revenue,_T,Total,PT_B1GQ,Percentage of GDP,A,Annual,2020,,31.049,,A,Normal value,0,Units,TOTALTAX,,1,One,_Z,Not applicable
DATAFLOW,OECD.CTP.TPS:DSD_REV_COMP_GLOBAL@DF_RSGLOBAL(2.1),A comparative table of countries in the global database,I,BRB,Barbados,TAX_REV,Tax revenue,S13,General government,_T,Total tax revenue,_T,Total,PT_B1GQ,Percentage of GDP,A,Annual,2019,,29.237,,A,Normal value,0,Units,TOTALTAX,,1,One,_Z,Not applicable
DATAFLOW,OECD.CTP.TPS:DSD_REV_COMP_GLOBAL@DF_RSGLOBAL(2.1),A comparative table of countries in the global database,I,BRB,Barbados,TAX_REV,Tax revenue,S13,General government,_T,Total tax revenue,_T,Total,PT_B1GQ,Percentage of GDP,A,Annual,2018,,30.284,,A,Normal value,0,Units,TOTALTAX,,1,One,_Z,Not applicable
DATAFLOW,OECD.CTP.TPS:DSD_REV_COMP_GLOBAL@DF_RSGLOBAL(2.1),A comparative table of countries in the global database,I,BRB,Barbados,TAX_REV,Tax revenue,S13,General government,_T,Total tax revenue,_T,Total,PT_B1GQ,Percentage of GDP,A,Annual,2017,,29.574,,A,Normal value,0,Units,TOTALTAX,,1,One,_Z,Not applicable
DATAFLOW,OECD.CTP.TPS:DSD_REV_COMP_GLOBAL@DF_RSGLOBAL(2.1),A comparative table of countries in the global database,I,BRB,Barbados,TAX_REV,Tax revenue,S13,General government,_T,Total tax revenue,_T,Total,PT_B1GQ,Percentage of GDP,A,Annual,2016,,28.143,,A,Normal value,0,Units,TOTALTAX,,1,One,_Z,Not applicable
DATAFLOW,OECD.CTP.TPS:DSD_REV_COMP_GLOBAL@DF_RSGLOBAL(2.1),A comparative table of countries in the global database,I,BRB,Barbados,TAX_REV,Tax revenue,S13,General government,_T,Total tax revenue,_T,Total,PT_B1GQ,Percentage of GDP,A,Annual,2015,,27.3,,A,Normal value,0,Units,TOTALTAX,,1,One,_Z,Not applicable
DATAFLOW,OECD.CTP.TPS:DSD_REV_COMP_GLOBAL@DF_RSGLOBAL(2.1),A comparative table of countries in the global database,I,BRB,Barbados,TAX_REV,Tax revenue,S13,General government,_T,Total tax revenue,_T,Total,PT_B1GQ,Percentage of GDP,A,Annual,2014,,25.39,,A,Normal value,0,Units,TOTALTAX,,1,One,_Z,Not applicable
DATAFLOW,OECD.CTP.TPS:DSD_REV_COMP_GLOBAL@DF_RSGLOBAL(2.1),A comparative table of countries in the global database,I,BGD,Bangladesh,TAX_REV,Tax revenue,S13,General government,_T,Total tax revenue,_T,Total,PT_B1GQ,Percentage of GDP,A,Annual,2023,,7.252,,A,Normal value,0,Units,TOTALTAX,,1,One,_Z,Not applicable
DATAFLOW,OECD.CTP.TPS:DSD_REV_COMP_GLOBAL@DF_RSGLOBAL(2.1),A comparative table of countries in the global database,I,BGD,Bangladesh,TAX_REV,Tax revenue,S13,General government,_T,Total tax revenue,_T,Total,PT_B1GQ,Percentage of GDP,A,Annual,2022,,7.323,,A,Normal value,0,Units,TOTALTAX,,1,One,_Z,Not applicable
DATAFLOW,OECD.CTP.TPS:DSD_REV_COMP_GLOBAL@DF_RSGLOBAL(2.1),A comparative table of countries in the global database,I,BGD,Bangladesh,TAX_REV,Tax revenue,S13,General government,_T,Total tax revenue,_T,Total,PT_B1GQ,Percentage of GDP,A,Annual,2021,,7.423,,A,Normal value,0,Units,TOTALTAX,,1,One,_Z,Not applicable
DATAFLOW,OECD.CTP.TPS:DSD_REV_COMP_GLOBAL@DF_RSGLOBAL(2.1),A comparative table of countries in the global database,I,BGD,Bangladesh,TAX_REV,Tax revenue,S13,General government,_T,Total tax revenue,_T,Total,PT_B1GQ,Percentage of GDP,A,Annual,2020,,7.413,,A,Normal value,0,Units,TOTALTAX,,1,One,_Z,Not applicable
DATAFLOW,OECD.CTP.TPS:DSD_REV_COMP_GLOBAL@DF_RSGLOBAL(2.1),A comparative table of countries in the global database,I,BGD,Bangladesh,TAX_REV,Tax revenue,S13,General government,_T,Total tax revenue,_T,Total,PT_B1GQ,Percentage of GDP,A,Annual,2019,,6.827,,A,Normal value,0,Units,TOTALTAX,,1,One,_Z,Not applicable
DATAFLOW,OECD.CTP.TPS:DSD_REV_COMP_GLOBAL@DF_RSGLOBAL(2.1),A comparative table of countries in the global database,I,BGD,Bangladesh,TAX_REV,Tax revenue,S13,General government,_T,Total tax revenue,_T,Total,PT_B1GQ,Percentage of GDP,A,Annual,2018,,7.48,,A,Normal value,0,Units,TOTALTAX,,1,One,_Z,Not applicable
DATAFLOW,OECD.CTP.TPS:DSD_REV_COMP_GLOBAL@DF_RSGLOBAL(2.1),A comparative table of countries in the global database,I,BGD,Bangladesh,TAX_REV,Tax revenue,S13,General government,_T,Total tax revenue,_T,Total,PT_B1GQ,Percentage of GDP,A,Annual,2017,,7.666,,A,Normal value,0,Units,TOTALTAX,,1,One,_Z,Not applicable
DATAFLOW,OECD.CTP.TPS:DSD_REV_COMP_GLOBAL@DF_RSGLOBAL(2.1),A comparative table of countries in the global database,I,BGD,Bangladesh,TAX_REV,Tax revenue,S13,General government,_T,Total tax revenue,_T,Total,PT_B1GQ,Percentage of GDP,A,Annual,2016,,7.385,,A,Normal value,0,Units,TOTALTAX,,1,One,_Z,Not applicable
DATAFLOW,OECD.CTP.TPS:DSD_REV_COMP_GLOBAL@DF_RSGLOBAL(2.1),A comparative table of countries in the global database,I,BGD,Bangladesh,TAX_REV,Tax revenue,S13,General government,_T,Total tax revenue,_T,Total,PT_B1GQ,Percentage of GDP,A,Annual,2015,,7.401,,A,Normal value,0,Units,TOTALTAX,,1,One,_Z,Not applicable
DATAFLOW,OECD.CTP.TPS:DSD_REV_COMP_GLOBAL@DF_RSGLOBAL(2.1),A comparative table of countries in the global database,I,BGD,Bangladesh,TAX_REV,Tax revenue,S13,General government,_T,Total tax revenue,_T,Total,PT_B1GQ,Percentage of GDP,A,Annual,2014,,7.473,,A,Normal value,0,Units,TOTALTAX,,1,One,_Z,Not applicable
DATAFLOW,OECD.CTP.TPS:DSD_REV_COMP_GLOBAL@DF_RSGLOBAL(2.1),A comparative table of countries in the global database,I,BHS,Bahamas,TAX_REV,Tax revenue,S13,General government,_T,Total tax revenue,_T,Total,PT_B1GQ,Percentage of GDP,A,Annual,2023,,19.879,,A,Normal value,0,Units,TOTALTAX,,1,One,_Z,Not applicable
DATAFLOW,OECD.CTP.TPS:DSD_REV_COMP_GLOBAL@DF_RSGLOBAL(2.1),A comparative table of countries in the global database,I,BHS,Bahamas,TAX_REV,Tax revenue,S13,General government,_T,Total tax revenue,_T,Total,PT_B1GQ,Percentage of GDP,A,Annual,2022,,19.635,,A,Normal value,0,Units,TOTALTAX,,1,One,_Z,Not applicable
DATAFLOW,OECD.CTP.TPS:DSD_REV_COMP_GLOBAL@DF_RSGLOBAL(2.1),A comparative table of countries in the global database,I,BHS,Bahamas,TAX_REV,Tax revenue,S13,General government,_T,Total tax revenue,_T,Total,PT_B1GQ,Percentage of GDP,A,Annual,2021,,18.331,,A,Normal value,0,Units,TOTALTAX,,1,One,_Z,Not applicable
DATAFLOW,OECD.CTP.TPS:DSD_REV_COMP_GLOBAL@DF_RSGLOBAL(2.1),A comparative table of countries in the global database,I,BHS,Bahamas,TAX_REV,Tax revenue,S13,General government,_T,Total tax revenue,_T,Total,PT_B1GQ,Percentage of GDP,A,Annual,2020,,18.249,,A,Normal value,0,Units,TOTALTAX,,1,One,_Z,Not applicable
DATAFLOW,OECD.CTP.TPS:DSD_REV_COMP_GLOBAL@DF_RSGLOBAL(2.1),A comparative table of countries in the global database,I,BHS,Bahamas,TAX_REV,Tax revenue,S13,General government,_T,Total tax revenue,_T,Total,PT_B1GQ,Percentage of GDP,A,Annual,2019,,19.197,,A,Normal value,0,Units,TOTALTAX,,1,One,_Z,Not applicable
DATAFLOW,OECD.CTP.TPS:DSD_REV_COMP_GLOBAL@DF_RSGLOBAL(2.1),A comparative table of countries in the global database,I,BHS,Bahamas,TAX_REV,Tax revenue,S13,General government,_T,Total tax revenue,_T,Total,PT_B1GQ,Percentage of GDP,A,Annual,2018,,16.992,,A,Normal value,0,Units,TOTALTAX,,1,One,_Z,Not applicable
DATAFLOW,OECD.CTP.TPS:DSD_REV_COMP_GLOBAL@DF_RSGLOBAL(2.1),A comparative table of countries in the global database,I,BHS,Bahamas,TAX_REV,Tax revenue,S13,General government,_T,Total tax revenue,_T,Total,PT_B1GQ,Percentage of GDP,A,Annual,2017,,17.528,,A,Normal value,0,Units,TOTALTAX,,1,One,_Z,Not applicable
DATAFLOW,OECD.CTP.TPS:DSD_REV_COMP_GLOBAL@DF_RSGLOBAL(2.1),A comparative table of countries in the global database,I,BHS,Bahamas,TAX_REV,Tax revenue,S13,General government,_T,Total tax revenue,_T,Total,PT_B1GQ,Percentage of GDP,A,Annual,2016,,16.362,,A,Normal value,0,Units,TOTALTAX,,1,One,_Z,Not applicable
DATAFLOW,OECD.CTP.TPS:DSD_REV_COMP_GLOBAL@DF_RSGLOBAL(2.1),A comparative table of countries in the global database,I,BHS,Bahamas,TAX_REV,Tax revenue,S13,General government,_T,Total tax revenue,_T,Total,PT_B1GQ,Percentage of GDP,A,Annual,2015,,15.287,,A,Normal value,0,Units,TOTALTAX,,1,One,_Z,Not applicable
DATAFLOW,OECD.CTP.TPS:DSD_REV_COMP_GLOBAL@DF_RSGLOBAL(2.1),A comparative table of countries in the global database,I,BHS,Bahamas,TAX_REV,Tax revenue,S13,General government,_T,Total tax revenue,_T,Total,PT_B1GQ,Percentage of GDP,A,Annual,2014,,13.709,,A,Normal value,0,Units,TOTALTAX,,1,One,_Z,Not applicable
DATAFLOW,OECD.CTP.TPS:DSD_REV_COMP_GLOBAL@DF_RSGLOBAL(2.1),A comparative table of countries in the global database,I,AZE,Azerbaijan,TAX_REV,Tax revenue,S13,General government,_T,Total tax revenue,_T,Total,PT_B1GQ,Percentage of GDP,A,Annual,2023,,22.977,,A,Normal value,0,Units,TOTALTAX,,1,One,_Z,Not applicable
DATAFLOW,OECD.CTP.TPS:DSD_REV_COMP_GLOBAL@DF_RSGLOBAL(2.1),A comparative table of countries in the global database,I,AZE,Azerbaijan,TAX_REV,Tax revenue,S13,General government,_T,Total tax revenue,_T,Total,PT_B1GQ,Percentage of GDP,A,Annual,2022,,19.625,,A,Normal value,0,Units,TOTALTAX,,1,One,_Z,Not applicable
DATAFLOW,OECD.CTP.TPS:DSD_REV_COMP_GLOBAL@DF_RSGLOBAL(2.1),A comparative table of countries in the global database,I,AZE,Azerbaijan,TAX_REV,Tax revenue,S13,General government,_T,Total tax revenue,_T,Total,PT_B1GQ,Percentage of GDP,A,Annual,2021,,18.396,,A,Normal value,0,Units,TOTALTAX,,1,One,_Z,Not applicable
DATAFLOW,OECD.CTP.TPS:DSD_REV_COMP_GLOBAL@DF_RSGLOBAL(2.1),A comparative table of countries in the global database,I,AZE,Azerbaijan,TAX_REV,Tax revenue,S13,General government,_T,Total tax revenue,_T,Total,PT_B1GQ,Percentage of GDP,A,Annual,2020,,20.298,,A,Normal value,0,Units,TOTALTAX,,1,One,_Z,Not applicable
DATAFLOW,OECD.CTP.TPS:DSD_REV_COMP_GLOBAL@DF_RSGLOBAL(2.1),A comparative table of countries in the global database,I,AZE,Azerbaijan,TAX_REV,Tax revenue,S13,General government,_T,Total tax revenue,_T,Total,PT_B1GQ,Percentage of GDP,A,Annual,2019,,18.062,,A,Normal value,0,Units,TOTALTAX,,1,One,_Z,Not applicable
