,TIME_PERIOD,REF_AREA,MEASURE,SECTOR,STANDARD_REVENUE,CTRY_SPECIFIC_REVENUE,UNIT_MEASURE,FREQ,value
0,2018,AZE,TAX_REV,S13,Total tax revenue,_T,Percentage of GDP,Annual,16.206
1,2017,AZE,TAX_REV,S13,Total tax revenue,_T,Percentage of GDP,Annual,16.277
2,2016,AZE,TAX_REV,S13,Total tax revenue,_T,Percentage of GDP,Annual,18.224
3,2015,AZE,TAX_REV,S13,Total tax revenue,_T,Percentage of GDP,Annual,18.949
4,2014,AZE,TAX_REV,S13,Total tax revenue,_T,Percentage of GDP,Annual,17.184
5,2022,BGR,TAX_REV,S13,Total tax revenue,_T,Percentage of GDP,Annual,31.059
6,2021,BGR,TAX_REV,S13,Total tax revenue,_T,Percentage of GDP,Annual,30.667
7,2020,BGR,TAX_REV,S13,Total tax revenue,_T,Percentage of GDP,Annual,30.348
8,2019,BGR,TAX_REV,S13,Total tax revenue,_T,Percentage of GDP,Annual,30.464
9,2018,BGR,TAX_REV,S13,Total tax revenue,_T,Percentage of GDP,Annual,29.72
10,2017,BGR,TAX_REV,S13,Total tax revenue,_T,Percentage of GDP,Annual,29.841
11,2016,BGR,TAX_REV,S13,Total tax revenue,_T,Percentage of GDP,Annual,29.184
12,2015,BGR,TAX_REV,S13,Total tax revenue,_T,Percentage of GDP,Annual,28.863
13,2014,BGR,TAX_REV,S13,Total tax revenue,_T,Percentage of GDP,Annual,28.399
14,2016,KHM,TAX_REV,S13,Total tax revenue,_T,Percentage of GDP,Annual,11.876
15,2015,KHM,TAX_REV,S13,Total tax revenue,_T,Percentage of GDP,Annual,11.663
16,2014,KHM,TAX_REV,S13,Total tax revenue,_T,Percentage of GDP,Annual,11.75
17,2022,CPV,TAX_REV,S13,Total tax revenue,_T,Percentage of GDP,Annual,18.257
18,2021,CPV,TAX_REV,S13,Total tax revenue,_T,Percentage of GDP,Annual,17.788
19,2020,CPV,TAX_REV,S13,Total tax revenue,_T,Percentage of GDP,Annual,18.736
20,2019,CPV,TAX_REV,S13,Total tax revenue,_T,Percentage of GDP,Annual,18.694
21,2018,CPV,TAX_REV,S13,Total tax revenue,_T,Percentage of GDP,Annual,19.583
22,2017,CPV,TAX_REV,S13,Total tax revenue,_T,Percentage of GDP,Annual,18.205
23,2016,CPV,TAX_REV,S13,Total tax revenue,_T,Percentage of GDP,Annual,17.465
24,2015,CPV,TAX_REV,S13,Total tax revenue,_T,Percentage of GDP,Annual,17.648
25,2014,CPV,TAX_REV,S13,Total tax revenue,_T,Percentage of GDP,Annual,15.943
26,2022,BFA,TAX_REV,S13,Total tax revenue,_T,Percentage of GDP,Annual,18.413
27,2021,BFA,TAX_REV,S13,Total tax revenue,_T,Percentage of GDP,Annual,15.423
28,2020,BFA,TAX_REV,S13,Total tax revenue,_T,Percentage of GDP,Annual,15.914
29,2019,BFA,TAX_REV,S13,Total tax revenue,_T,Percentage of GDP,Annual,17.275
30,2018,BFA,TAX_REV,S13,Total tax revenue,_T,Percentage of GDP,Annual,16.802
31,2017,BFA,TAX_REV,S13,Total tax revenue,_T,Percentage of GDP,Annual,16.198
32,2016,BFA,TAX_REV,S13,Total tax revenue,_T,Percentage of GDP,Annual,15.272
33,2015,BFA,TAX_REV,S13,Total tax revenue,_T,Percentage of GDP,Annual,14.563
34,2014,BFA,TAX_REV,S13,Total tax revenue,_T,Percentage of GDP,Annual,14.275
35,2023,BGR,TAX_REV,S13,Total tax revenue,_T,Percentage of GDP,Annual,29.924
36,2016,COK,TAX_REV,S13,Total tax revenue,_T,Percentage of GDP,Annual,27.57
37,2015,COK,TAX_REV,S13,Total tax revenue,_T,Percentage of GDP,Annual,26.94
38,2014,COK,TAX_REV,S13,Total tax revenue,_T,Percentage of GDP,Annual,21.968
39,2022,COG,TAX_REV,S13,Total tax revenue,_T,Percentage of GDP,Annual,8.891
40,2021,COG,TAX_REV,S13,Total tax revenue,_T,Percentage of GDP,Annual,8.232
41,2020,COG,TAX_REV,S13,Total tax revenue,_T,Percentage of GDP,Annual,9.817
42,2019,COG,TAX_REV,S13,Total tax revenue,_T,Percentage of GDP,Annual,8.217
43,2018,COG,TAX_REV,S13,Total tax revenue,_T,Percentage of GDP,Annual,7.591
44,2017,COG,TAX_REV,S13,Total tax revenue,_T,Percentage of GDP,Annual,10.291
45,2016,COG,TAX_REV,S13,Total tax revenue,_T,Percentage of GDP,Annual,12.475
46,2015,COG,TAX_REV,S13,Total tax revenue,_T,Percentage of GDP,Annual,13.25
47,2014,COG,TAX_REV,S13,Total tax revenue,_T,Percentage of GDP,Annual,9.817
48,2023,China,TAX_REV,S13,Total tax revenue,_T,Percentage of GDP,Annual,20.436
49,2022,China,TAX_REV,S13,Total tax revenue,_T,Percentage of GDP,Annual,19.574
50,2021,China,TAX_REV,S13,Total tax revenue,_T,Percentage of GDP,Annual,20.599
51,2020,China,TAX_REV,S13,Total tax revenue,_T,Percentage of GDP,Annual,19.664
52,2019,China,TAX_REV,S13,Total tax revenue,_T,Percentage of GDP,Annual,21.664
53,2018,China,TAX_REV,S13,Total tax revenue,_T,Percentage of GDP,Annual,16.71
54,2017,China,TAX_REV,S13,Total tax revenue,_T,Percentage of GDP,Annual,17.037
55,2016,China,TAX_REV,S13,Total tax revenue,_T,Percentage of GDP,Annual,17.125
56,2015,China,TAX_REV,S13,Total tax revenue,_T,Percentage of GDP,Annual,17.782
57,2014,China,TAX_REV,S13,Total tax revenue,_T,Percentage of GDP,Annual,18.173
58,2022,TCD,TAX_REV,S13,Total tax revenue,_T,Percentage of GDP,Annual,10.65
59,2021,TCD,TAX_REV,S13,Total tax revenue,_T,Percentage of GDP,Annual,7.334
60,2020,TCD,TAX_REV,S13,Total tax revenue,_T,Percentage of GDP,Annual,10.737
61,2019,TCD,TAX_REV,S13,Total tax revenue,_T,Percentage of GDP,Annual,5.943
62,2018,TCD,TAX_REV,S13,Total tax revenue,_T,Percentage of GDP,Annual,5.671
63,2017,TCD,TAX_REV,S13,Total tax revenue,_T,Percentage of GDP,Annual,4.67
64,2016,TCD,TAX_REV,S13,Total tax revenue,_T,Percentage of GDP,Annual,3.581
65,2015,TCD,TAX_REV,S13,Total tax revenue,_T,Percentage of GDP,Annual,4.363
66,2014,TCD,TAX_REV,S13,Total tax revenue,_T,Percentage of GDP,Annual,8.187
67,2022,CMR,TAX_REV,S13,Total tax revenue,_T,Percentage of GDP,Annual,14.041
68,2021,CMR,TAX_REV,S13,Total tax revenue,_T,Percentage of GDP,Annual,13.337
69,2020,CMR,TAX_REV,S13,Total tax revenue,_T,Percentage of GDP,Annual,12.833
70,2019,CMR,TAX_REV,S13,Total tax revenue,_T,Percentage of GDP,Annual,13.863
71,2018,CMR,TAX_REV,S13,Total tax revenue,_T,Percentage of GDP,Annual,14.171
72,2017,CMR,TAX_REV,S13,Total tax revenue,_T,Percentage of GDP,Annual,14.003
73,2016,CMR,TAX_REV,S13,Total tax revenue,_T,Percentage of GDP,Annual,13.693
74,2015,CMR,TAX_REV,S13,Total tax revenue,_T,Percentage of GDP,Annual,14.115
75,2014,CMR,TAX_REV,S13,Total tax revenue,_T,Percentage of GDP,Annual,13.837
76,2023,KHM,TAX_REV,S13,Total tax revenue,_T,Percentage of GDP,Annual,13.041
77,2022,KHM,TAX_REV,S13,Total tax revenue,_T,Percentage of GDP,Annual,14.743
78,2021,KHM,TAX_REV,S13,Total tax revenue,_T,Percentage of GDP,Annual,13.18
79,2020,KHM,TAX_REV,S13,Total tax revenue,_T,Percentage of GDP,Annual,14.654
80,2019,KHM,TAX_REV,S13,Total tax revenue,_T,Percentage of GDP,Annual,15.989
81,2018,KHM,TAX_REV,S13,Total tax revenue,_T,Percentage of GDP,Annual,13.823
82,2017,KHM,TAX_REV,S13,Total tax revenue,_T,Percentage of GDP,Annual,12.777
83,2018,MAR,TAX_REV,S13,Total tax revenue,_T,Percentage of GDP,Annual,26.205
84,2017,MAR,TAX_REV,S13,Total tax revenue,_T,Percentage of GDP,Annual,25.867
85,2016,MAR,TAX_REV,S13,Total tax revenue,_T,Percentage of GDP,Annual,25.444
86,2015,MAR,TAX_REV,S13,Total tax revenue,_T,Percentage of GDP,Annual,24.586
87,2014,MAR,TAX_REV,S13,Total tax revenue,_T,Percentage of GDP,Annual,25.655
88,2023,MNG,TAX_REV,S13,Total tax revenue,_T,Percentage of GDP,Annual,24.682
89,2022,MNG,TAX_REV,S13,Total tax revenue,_T,Percentage of GDP,Annual,24.551
90,2021,MNG,TAX_REV,S13,Total tax revenue,_T,Percentage of GDP,Annual,23.99
91,2020,MNG,TAX_REV,S13,Total tax revenue,_T,Percentage of GDP,Annual,20.822
92,2019,MNG,TAX_REV,S13,Total tax revenue,_T,Percentage of GDP,Annual,23.873
93,2018,MNG,TAX_REV,S13,Total tax revenue,_T,Percentage of GDP,Annual,23.903
94,2017,MNG,TAX_REV,S13,Total tax revenue,_T,Percentage of GDP,Annual,21.437
95,2016,MNG,TAX_REV,S13,Total tax revenue,_T,Percentage of GDP,Annual,19.084
96,2015,MNG,TAX_REV,S13,Total tax revenue,_T,Percentage of GDP,Annual,19.308
97,2014,MNG,TAX_REV,S13,Total tax revenue,_T,Percentage of GDP,Annual,20.158
98,2023,MDA,TAX_REV,S13,Total tax revenue,_T,Percentage of GDP,Annual,30.317
99,2022,MDA,TAX_REV,S13,Total tax revenue,_T,Percentage of GDP,Annual,30.037
100,2021,MDA,TAX_REV,S13,Total tax revenue,_T,Percentage of GDP,Annual,29.423
101,2020,MDA,TAX_REV,S13,Total tax revenue,_T,Percentage of GDP,Annual,29.53
102,2019,MDA,TAX_REV,S13,Total tax revenue,_T,Percentage of GDP,Annual,28.342
103,2018,MDA,TAX_REV,S13,Total tax revenue,_T,Percentage of GDP,Annual,28.993
104,2017,MDA,TAX_REV,S13,Total tax revenue,_T,Percentage of GDP,Annual,28.401
105,2016,MDA,TAX_REV,S13,Total tax revenue,_T,Percentage of GDP,Annual,26.733
106,2015,MDA,TAX_REV,S13,Total tax revenue,_T,Percentage of GDP,Annual,26.168
107,2014,MDA,TAX_REV,S13,Total tax revenue,_T,Percentage of GDP,Annual,27.216
108,2022,EGY,TAX_REV,S13,Total tax revenue,_T,Percentage of GDP,Annual,14.188
109,2021,EGY,TAX_REV,S13,Total tax revenue,_T,Percentage of GDP,Annual,14.103
110,2020,EGY,TAX_REV,S13,Total tax revenue,_T,Percentage of GDP,Annual,13.573
111,2019,EGY,TAX_REV,S13,Total tax revenue,_T,Percentage of GDP,Annual,15.19
112,2018,EGY,TAX_REV,S13,Total tax revenue,_T,Percentage of GDP,Annual,15.518
113,2017,EGY,TAX_REV,S13,Total tax revenue,_T,Percentage of GDP,Annual,14.892
114,2016,EGY,TAX_REV,S13,Total tax revenue,_T,Percentage of GDP,Annual,15.023
115,2015,EGY,TAX_REV,S13,Total tax revenue,_T,Percentage of GDP,Annual,13.919
116,2014,EGY,TAX_REV,S13,Total tax revenue,_T,Percentage of GDP,Annual,14.01
117,2023,ECU,TAX_REV,S13,Total tax revenue,_T,Percentage of GDP,Annual,20.591
118,2022,ECU,TAX_REV,S13,Total tax revenue,_T,Percentage of GDP,Annual,20.921
119,2021,ECU,TAX_REV,S13,Total tax revenue,_T,Percentage of GDP,Annual,19.448
120,2020,ECU,TAX_REV,S13,Total tax revenue,_T,Percentage of GDP,Annual,18.675
121,2019,ECU,TAX_REV,S13,Total tax revenue,_T,Percentage of GDP,Annual,19.888
122,2018,ECU,TAX_REV,S13,Total tax revenue,_T,Percentage of GDP,Annual,21.063
123,2017,ECU,TAX_REV,S13,Total tax revenue,_T,Percentage of GDP,Annual,20.169
124,2016,ECU,TAX_REV,S13,Total tax revenue,_T,Percentage of GDP,Annual,19.866
125,2015,ECU,TAX_REV,S13,Total tax revenue,_T,Percentage of GDP,Annual,21.815
126,2014,ECU,TAX_REV,S13,Total tax revenue,_T,Percentage of GDP,Annual,19.206
127,2023,DOM,TAX_REV,S13,Total tax revenue,_T,Percentage of GDP,Annual,14.29
128,2022,DOM,TAX_REV,S13,Total tax revenue,_T,Percentage of GDP,Annual,13.944
129,2021,DOM,TAX_REV,S13,Total tax revenue,_T,Percentage of GDP,Annual,14.486
130,2020,DOM,TAX_REV,S13,Total tax revenue,_T,Percentage of GDP,Annual,12.485
131,2019,DOM,TAX_REV,S13,Total tax revenue,_T,Percentage of GDP,Annual,13.405
132,2018,DOM,TAX_REV,S13,Total tax revenue,_T,Percentage of GDP,Annual,13.123
133,2017,DOM,TAX_REV,S13,Total tax revenue,_T,Percentage of GDP,Annual,13.123
134,2016,DOM,TAX_REV,S13,Total tax revenue,_T,Percentage of GDP,Annual,12.989
135,2015,DOM,TAX_REV,S13,Total tax revenue,_T,Percentage of GDP,Annual,12.911
136,2014,DOM,TAX_REV,S13,Total tax revenue,_T,Percentage of GDP,Annual,13.422
137,2022,COD,TAX_REV,S13,Total tax revenue,_T,Percentage of GDP,Annual,12.506
138,2021,COD,TAX_REV,S13,Total tax revenue,_T,Percentage of GDP,Annual,8.863
139,2020,COD,TAX_REV,S13,Total tax revenue,_T,Percentage of GDP,Annual,7.2
140,2019,COD,TAX_REV,S13,Total tax revenue,_T,Percentage of GDP,Annual,7.609
141,2018,COD,TAX_REV,S13,Total tax revenue,_T,Percentage of GDP,Annual,7.608
142,2017,COD,TAX_REV,S13,Total tax revenue,_T,Percentage of GDP,Annual,6.737
143,2016,COD,TAX_REV,S13,Total tax revenue,_T,Percentage of GDP,Annual,8.306
144,2015,COD,TAX_REV,S13,Total tax revenue,_T,Percentage of GDP,Annual,9.379
145,2014,COD,TAX_REV,S13,Total tax revenue,_T,Percentage of GDP,Annual,9.069
146,2023,CUB,TAX_REV,S13,Total tax revenue,_T,Percentage of GDP,Annual,17.035
147,2022,CUB,TAX_REV,S13,Total tax revenue,_T,Percentage of GDP,Annual,18.33
148,2021,CUB,TAX_REV,S13,Total tax revenue,_T,Percentage of GDP,Annual,17.703
149,2020,CUB,TAX_REV,S13,Total tax revenue,_T,Percentage of GDP,Annual,37.506
150,2019,CUB,TAX_REV,S13,Total tax revenue,_T,Percentage of GDP,Annual,42.062
151,2018,CUB,TAX_REV,S13,Total tax revenue,_T,Percentage of GDP,Annual,42.285
152,2017,CUB,TAX_REV,S13,Total tax revenue,_T,Percentage of GDP,Annual,42.355
153,2016,CUB,TAX_REV,S13,Total tax revenue,_T,Percentage of GDP,Annual,41.148
154,2015,CUB,TAX_REV,S13,Total tax revenue,_T,Percentage of GDP,Annual,38.083
155,2014,CUB,TAX_REV,S13,Total tax revenue,_T,Percentage of GDP,Annual,37.121
156,2022,HRV,TAX_REV,S13,Total tax revenue,_T,Percentage of GDP,Annual,37.223
157,2021,HRV,TAX_REV,S13,Total tax revenue,_T,Percentage of GDP,Annual,36.739
158,2020,HRV,TAX_REV,S13,Total tax revenue,_T,Percentage of GDP,Annual,37.567
159,2019,HRV,TAX_REV,S13,Total tax revenue,_T,Percentage of GDP,Annual,38.438
160,2018,HRV,TAX_REV,S13,Total tax revenue,_T,Percentage of GDP,Annual,38.299
161,2017,HRV,TAX_REV,S13,Total tax revenue,_T,Percentage of GDP,Annual,37.789
162,2016,HRV,TAX_REV,S13,Total tax revenue,_T,Percentage of GDP,Annual,37.931
163,2015,HRV,TAX_REV,S13,Total tax revenue,_T,Percentage of GDP,Annual,37.554
164,2014,HRV,TAX_REV,S13,Total tax revenue,_T,Percentage of GDP,Annual,37.182
165,2022,CIV,TAX_REV,S13,Total tax revenue,_T,Percentage of GDP,Annual,12.873
166,2021,CIV,TAX_REV,S13,Total tax revenue,_T,Percentage of GDP,Annual,13.729
167,2020,CIV,TAX_REV,S13,Total tax revenue,_T,Percentage of GDP,Annual,13.051
168,2019,CIV,TAX_REV,S13,Total tax revenue,_T,Percentage of GDP,Annual,12.798
169,2018,CIV,TAX_REV,S13,Total tax revenue,_T,Percentage of GDP,Annual,12.904
170,2017,CIV,TAX_REV,S13,Total tax revenue,_T,Percentage of GDP,Annual,13.065
171,2016,CIV,TAX_REV,S13,Total tax revenue,_T,Percentage of GDP,Annual,13.025
172,2015,CIV,TAX_REV,S13,Total tax revenue,_T,Percentage of GDP,Annual,12.606
173,2014,CIV,TAX_REV,S13,Total tax revenue,_T,Percentage of GDP,Annual,12.206
174,2023,COK,TAX_REV,S13,Total tax revenue,_T,Percentage of GDP,Annual,25.476
175,2022,COK,TAX_REV,S13,Total tax revenue,_T,Percentage of GDP,Annual,22.116
176,2021,COK,TAX_REV,S13,Total tax revenue,_T,Percentage of GDP,Annual,26.851
177,2020,COK,TAX_REV,S13,Total tax revenue,_T,Percentage of GDP,Annual,25.823
178,2019,COK,TAX_REV,S13,Total tax revenue,_T,Percentage of GDP,Annual,26.078
179,2018,COK,TAX_REV,S13,Total tax revenue,_T,Percentage of GDP,Annual,28.354
180,2017,COK,TAX_REV,S13,Total tax revenue,_T,Percentage of GDP,Annual,27.057
181,2019,SGP,TAX_REV,S13,Total tax revenue,_T,Percentage of GDP,Annual,13.185
182,2018,SGP,TAX_REV,S13,Total tax revenue,_T,Percentage of GDP,Annual,12.892
183,2017,SGP,TAX_REV,S13,Total tax revenue,_T,Percentage of GDP,Annual,13.815
184,2016,SGP,TAX_REV,S13,Total tax revenue,_T,Percentage of GDP,Annual,13.021
185,2015,SGP,TAX_REV,S13,Total tax revenue,_T,Percentage of GDP,Annual,13.04
186,2014,SGP,TAX_REV,S13,Total tax revenue,_T,Percentage of GDP,Annual,13.357
187,2022,SLE,TAX_REV,S13,Total tax revenue,_T,Percentage of GDP,Annual,11.421
188,2021,SLE,TAX_REV,S13,Total tax revenue,_T,Percentage of GDP,Annual,13.29
189,2020,SLE,TAX_REV,S13,Total tax revenue,_T,Percentage of GDP,Annual,12.496
190,2019,SLE,TAX_REV,S13,Total tax revenue,_T,Percentage of GDP,Annual,13.27
191,2018,SLE,TAX_REV,S13,Total tax revenue,_T,Percentage of GDP,Annual,12.462
192,2017,SLE,TAX_REV,S13,Total tax revenue,_T,Percentage of GDP,Annual,10.753
193,2016,SLE,TAX_REV,S13,Total tax revenue,_T,Percentage of GDP,Annual,10.648
194,2015,SLE,TAX_REV,S13,Total tax revenue,_T,Percentage of GDP,Annual,9.893
195,2014,SLE,TAX_REV,S13,Total tax revenue,_T,Percentage of GDP,Annual,8.677
196,2022,SYC,TAX_REV,S13,Total tax revenue,_T,Percentage of GDP,Annual,27.233
197,2021,SYC,TAX_REV,S13,Total tax revenue,_T,Percentage of GDP,Annual,28.425
198,2020,SYC,TAX_REV,S13,Total tax revenue,_T,Percentage of GDP,Annual,27.805
199,2019,SYC,TAX_REV,S13,Total tax revenue,_T,Percentage of GDP,Annual,29.046
200,2018,SYC,TAX_REV,S13,Total tax revenue,_T,Percentage of GDP,Annual,30.122
201,2017,SYC,TAX_REV,S13,Total tax revenue,_T,Percentage of GDP,Annual,29.414
202,2016,SYC,TAX_REV,S13,Total tax revenue,_T,Percentage of GDP,Annual,29.286
203,2015,SYC,TAX_REV,S13,Total tax revenue,_T,Percentage of GDP,Annual,28.705
204,2014,SYC,TAX_REV,S13,Total tax revenue,_T,Percentage of GDP,Annual,29.582
205,2022,SEN,TAX_REV,S13,Total tax revenue,_T,Percentage of GDP,Annual,19.785
206,2021,SEN,TAX_REV,S13,Total tax revenue,_T,Percentage of GDP,Annual,18.737
207,2020,SEN,TAX_REV,S13,Total tax revenue,_T,Percentage of GDP,Annual,18.523
208,2019,SEN,TAX_REV,S13,Total tax revenue,_T,Percentage of GDP,Annual,18.714
209,2018,SEN,TAX_REV,S13,Total tax revenue,_T,Percentage of GDP,Annual,17.288
210,2017,SEN,TAX_REV,S13,Total tax revenue,_T,Percentage of GDP,Annual,16.73
211,2016,SEN,TAX_REV,S13,Total tax revenue,_T,Percentage of GDP,Annual,17.019
212,2015,SEN,TAX_REV,S13,Total tax revenue,_T,Percentage of GDP,Annual,16.397
213,2014,SEN,TAX_REV,S13,Total tax revenue,_T,Percentage of GDP,Annual,16.234
214,2023,WSM,TAX_REV,S13,Total tax revenue,_T,Percentage of GDP,Annual,24.687
215,2022,WSM,TAX_REV,S13,Total tax revenue,_T,Percentage of GDP,Annual,25.036
216,2021,WSM,TAX_REV,S13,Total tax revenue,_T,Percentage of GDP,Annual,25.824
217,2020,WSM,TAX_REV,S13,Total tax revenue,_T,Percentage of GDP,Annual,26.243
218,2019,WSM,TAX_REV,S13,Total tax revenue,_T,Percentage of GDP,Annual,23.812
219,2018,WSM,TAX_REV,S13,Total tax revenue,_T,Percentage of GDP,Annual,23.666
220,2017,WSM,TAX_REV,S13,Total tax revenue,_T,Percentage of GDP,Annual,23.418
221,2016,WSM,TAX_REV,S13,Total tax revenue,_T,Percentage of GDP,Annual,23.166
222,2015,WSM,TAX_REV,S13,Total tax revenue,_T,Percentage of GDP,Annual,22.925
223,2014,WSM,TAX_REV,S13,Total tax revenue,_T,Percentage of GDP,Annual,22.02
224,2023,LCA,TAX_REV,S13,Total tax revenue,_T,Percentage of GDP,Annual,20.779
225,2022,LCA,TAX_REV,S13,Total tax revenue,_T,Percentage of GDP,Annual,19.956
226,2021,LCA,TAX_REV,S13,Total tax revenue,_T,Percentage of GDP,Annual,19.506
227,2020,LCA,TAX_REV,S13,Total tax revenue,_T,Percentage of GDP,Annual,21.476
228,2019,LCA,TAX_REV,S13,Total tax revenue,_T,Percentage of GDP,Annual,20.863
229,2018,LCA,TAX_REV,S13,Total tax revenue,_T,Percentage of GDP,Annual,20.705
230,2017,LCA,TAX_REV,S13,Total tax revenue,_T,Percentage of GDP,Annual,20.364
231,2016,LCA,TAX_REV,S13,Total tax revenue,_T,Percentage of GDP,Annual,21.243
232,2015,LCA,TAX_REV,S13,Total tax revenue,_T,Percentage of GDP,Annual,21.243
233,2014,LCA,TAX_REV,S13,Total tax revenue,_T,Percentage of GDP,Annual,20.586
234,2022,RWA,TAX_REV,S13,Total tax revenue,_T,Percentage of GDP,Annual,16.524
235,2021,RWA,TAX_REV,S13,Total tax revenue,_T,Percentage of GDP,Annual,17.019
236,2020,RWA,TAX_REV,S13,Total tax revenue,_T,Percentage of GDP,Annual,17.121
237,2019,RWA,TAX_REV,S13,Total tax revenue,_T,Percentage of GDP,Annual,17.321
238,2018,RWA,TAX_REV,S13,Total tax revenue,_T,Percentage of GDP,Annual,16.89
239,2017,RWA,TAX_REV,S13,Total tax revenue,_T,Percentage of GDP,Annual,16.221
240,2016,RWA,TAX_REV,S13,Total tax revenue,_T,Percentage of GDP,Annual,16.299
241,2015,RWA,TAX_REV,S13,Total tax revenue,_T,Percentage of GDP,Annual,16.215
242,2014,RWA,TAX_REV,S13,Total tax revenue,_T,Percentage of GDP,Annual,15.393
243,2022,ROU,TAX_REV,S13,Total tax revenue,_T,Percentage of GDP,Annual,27.089
244,2021,ROU,TAX_REV,S13,Total tax revenue,_T,Percentage of GDP,Annual,26.252
245,2020,ROU,TAX_REV,S13,Total tax revenue,_T,Percentage of GDP,Annual,25.979
246,2019,ROU,TAX_REV,S13,Total tax revenue,_T,Percentage of GDP,Annual,25.838
247,2018,ROU,TAX_REV,S13,Total tax revenue,_T,Percentage of GDP,Annual,25.729
248,2017,ROU,TAX_REV,S13,Total tax revenue,_T,Percentage of GDP,Annual,25.052
249,2016,ROU,TAX_REV,S13,Total tax revenue,_T,Percentage of GDP,Annual,26.251
250,2015,ROU,TAX_REV,S13,Total tax revenue,_T,Percentage of GDP,Annual,27.997
251,2014,ROU,TAX_REV,S13,Total tax revenue,_T,Percentage of GDP,Annual,27.463
252,2023,PHL,TAX_REV,S13,Total tax revenue,_T,Percentage of GDP,Annual,17.88
253,2022,PHL,TAX_REV,S13,Total tax revenue,_T,Percentage of GDP,Annual,18.432
254,2021,PHL,TAX_REV,S13,Total tax revenue,_T,Percentage of GDP,Annual,18.02
255,2020,PHL,TAX_REV,S13,Total tax revenue,_T,Percentage of GDP,Annual,17.815
256,2019,PHL,TAX_REV,S13,Total tax revenue,_T,Percentage of GDP,Annual,18.005
257,2018,PHL,TAX_REV,S13,Total tax revenue,_T,Percentage of GDP,Annual,17.335
258,2017,PHL,TAX_REV,S13,Total tax revenue,_T,Percentage of GDP,Annual,16.732
259,2016,PHL,TAX_REV,S13,Total tax revenue,_T,Percentage of GDP,Annual,16.175
260,2015,PHL,TAX_REV,S13,Total tax revenue,_T,Percentage of GDP,Annual,16.166
261,2014,PHL,TAX_REV,S13,Total tax revenue,_T,Percentage of GDP,Annual,15.989
262,2023,Peru,TAX_REV,S13,Total tax revenue,_T,Percentage of GDP,Annual,16.975
263,2022,Peru,TAX_REV,S13,Total tax revenue,_T,Percentage of GDP,Annual,19.084
264,2021,Peru,TAX_REV,S13,Total tax revenue,_T,Percentage of GDP,Annual,17.996
265,2020,Peru,TAX_REV,S13,Total tax revenue,_T,Percentage of GDP,Annual,15.217
266,2019,Peru,TAX_REV,S13,Total tax revenue,_T,Percentage of GDP,Annual,16.524
267,2018,Peru,TAX_REV,S13,Total tax revenue,_T,Percentage of GDP,Annual,16.286
268,2017,Peru,TAX_REV,S13,Total tax revenue,_T,Percentage of GDP,Annual,15.149
269,2016,Peru,TAX_REV,S13,Total tax revenue,_T,Percentage of GDP,Annual,15.876
270,2015,Peru,TAX_REV,S13,Total tax revenue,_T,Percentage of GDP,Annual,17.14
271,2014,Peru,TAX_REV,S13,Total tax revenue,_T,Percentage of GDP,Annual,18.851
272,2023,PRY,TAX_REV,S13,Total tax revenue,_T,Percentage of GDP,Annual,14.521
273,2022,PRY,TAX_REV,S13,Total tax revenue,_T,Percentage of GDP,Annual,14.562
274,2021,PRY,TAX_REV,S13,Total tax revenue,_T,Percentage of GDP,Annual,13.854
275,2020,PRY,TAX_REV,S13,Total tax revenue,_T,Percentage of GDP,Annual,13.522
276,2019,PRY,TAX_REV,S13,Total tax revenue,_T,Percentage of GDP,Annual,13.946
277,2018,PRY,TAX_REV,S13,Total tax revenue,_T,Percentage of GDP,Annual,13.859
278,2017,PRY,TAX_REV,S13,Total tax revenue,_T,Percentage of GDP,Annual,14.025
279,2016,PRY,TAX_REV,S13,Total tax revenue,_T,Percentage of GDP,Annual,13.421
280,2015,PRY,TAX_REV,S13,Total tax revenue,_T,Percentage of GDP,Annual,13.718
281,2014,PRY,TAX_REV,S13,Total tax revenue,_T,Percentage of GDP,Annual,13.817
282,2023,PNG,TAX_REV,S13,Total tax revenue,_T,Percentage of GDP,Annual,15.833
283,2022,PNG,TAX_REV,S13,Total tax revenue,_T,Percentage of GDP,Annual,14.791
284,2021,PNG,TAX_REV,S13,Total tax revenue,_T,Percentage of GDP,Annual,12.147
285,2020,PNG,TAX_REV,S13,Total tax revenue,_T,Percentage of GDP,Annual,11.879
286,2019,PNG,TAX_REV,S13,Total tax revenue,_T,Percentage of GDP,Annual,13.022
287,2018,PNG,TAX_REV,S13,Total tax revenue,_T,Percentage of GDP,Annual,13.193
288,2017,PNG,TAX_REV,S13,Total tax revenue,_T,Percentage of GDP,Annual,12.605
289,2016,PNG,TAX_REV,S13,Total tax revenue,_T,Percentage of GDP,Annual,12.949
290,2015,PNG,TAX_REV,S13,Total tax revenue,_T,Percentage of GDP,Annual,15.201
291,2014,PNG,TAX_REV,S13,Total tax revenue,_T,Percentage of GDP,Annual,17.993
292,2023,PAN,TAX_REV,S13,Total tax revenue,_T,Percentage of GDP,Annual,11.945
293,2022,PAN,TAX_REV,S13,Total tax revenue,_T,Percentage of GDP,Annual,11.946
294,2021,PAN,TAX_REV,S13,Total tax revenue,_T,Percentage of GDP,Annual,11.663
295,2020,PAN,TAX_REV,S13,Total tax revenue,_T,Percentage of GDP,Annual,12.027
296,2019,PAN,TAX_REV,S13,Total tax revenue,_T,Percentage of GDP,Annual,12.596
297,2018,PAN,TAX_REV,S13,Total tax revenue,_T,Percentage of GDP,Annual,13.533
298,2017,PAN,TAX_REV,S13,Total tax revenue,_T,Percentage of GDP,Annual,14.235
299,2016,PAN,TAX_REV,S13,Total tax revenue,_T,Percentage of GDP,Annual,14.769
300,2015,PAN,TAX_REV,S13,Total tax revenue,_T,Percentage of GDP,Annual,14.44
301,2014,PAN,TAX_REV,S13,Total tax revenue,_T,Percentage of GDP,Annual,15.03
302,2023,PAK,TAX_REV,S13,Total tax revenue,_T,Percentage of GDP,Annual,10.549
303,2022,PAK,TAX_REV,S13,Total tax revenue,_T,Percentage of GDP,Annual,10.034
304,2021,PAK,TAX_REV,S13,Total tax revenue,_T,Percentage of GDP,Annual,10.389
305,2020,PAK,TAX_REV,S13,Total tax revenue,_T,Percentage of GDP,Annual,10.285
306,2019,PAK,TAX_REV,S13,Total tax revenue,_T,Percentage of GDP,Annual,9.994
307,2018,PAK,TAX_REV,S13,Total tax revenue,_T,Percentage of GDP,Annual,10.222
308,2017,PAK,TAX_REV,S13,Total tax revenue,_T,Percentage of GDP,Annual,11.404
309,2016,PAK,TAX_REV,S13,Total tax revenue,_T,Percentage of GDP,Annual,11.164
310,2015,PAK,TAX_REV,S13,Total tax revenue,_T,Percentage of GDP,Annual,11.185
311,2014,PAK,TAX_REV,S13,Total tax revenue,_T,Percentage of GDP,Annual,9.918
312,2023,NIU,TAX_REV,S13,Total tax revenue,_T,Percentage of GDP,Annual,35.328
313,2022,NIU,TAX_REV,S13,Total tax revenue,_T,Percentage of GDP,Annual,30.833
314,2021,NIU,TAX_REV,S13,Total tax revenue,_T,Percentage of GDP,Annual,21.778
315,2020,NIU,TAX_REV,S13,Total tax revenue,_T,Percentage of GDP,Annual,24.445
316,2019,NIU,TAX_REV,S13,Total tax revenue,_T,Percentage of GDP,Annual,23.667
317,2018,NIU,TAX_REV,S13,Total tax revenue,_T,Percentage of GDP,Annual,25.949
318,2017,NIU,TAX_REV,S13,Total tax revenue,_T,Percentage of GDP,Annual,28.908
319,2016,NIU,TAX_REV,S13,Total tax revenue,_T,Percentage of GDP,Annual,23.848
320,2015,NIU,TAX_REV,S13,Total tax revenue,_T,Percentage of GDP,Annual,25.5
321,2014,NIU,TAX_REV,S13,Total tax revenue,_T,Percentage of GDP,Annual,26.153
322,2022,NGA,TAX_REV,S13,Total tax revenue,_T,Percentage of GDP,Annual,7.909
323,2021,NGA,TAX_REV,S13,Total tax revenue,_T,Percentage of GDP,Annual,6.688
324,2020,NGA,TAX_REV,S13,Total tax revenue,_T,Percentage of GDP,Annual,5.55
325,2019,NGA,TAX_REV,S13,Total tax revenue,_T,Percentage of GDP,Annual,5.984
326,2018,NGA,TAX_REV,S13,Total tax revenue,_T,Percentage of GDP,Annual,6.352
327,2017,NGA,TAX_REV,S13,Total tax revenue,_T,Percentage of GDP,Annual,5.724
328,2016,NGA,TAX_REV,S13,Total tax revenue,_T,Percentage of GDP,Annual,5.303
329,2015,NGA,TAX_REV,S13,Total tax revenue,_T,Percentage of GDP,Annual,6.077
330,2014,NGA,TAX_REV,S13,Total tax revenue,_T,Percentage of GDP,Annual,7.665
331,2022,NER,TAX_REV,S13,Total tax revenue,_T,Percentage of GDP,Annual,9.584
332,2021,NER,TAX_REV,S13,Total tax revenue,_T,Percentage of GDP,Annual,10.453
333,2020,NER,TAX_REV,S13,Total tax revenue,_T,Percentage of GDP,Annual,9.784
334,2019,NER,TAX_REV,S13,Total tax revenue,_T,Percentage of GDP,Annual,10.391
335,2018,NER,TAX_REV,S13,Total tax revenue,_T,Percentage of GDP,Annual,11.198
336,2017,NER,TAX_REV,S13,Total tax revenue,_T,Percentage of GDP,Annual,9.476
337,2016,NER,TAX_REV,S13,Total tax revenue,_T,Percentage of GDP,Annual,10.248
338,2015,NER,TAX_REV,S13,Total tax revenue,_T,Percentage of GDP,Annual,12.304
339,2014,NER,TAX_REV,S13,Total tax revenue,_T,Percentage of GDP,Annual,12.146
340,2023,NIC,TAX_REV,S13,Total tax revenue,_T,Percentage of GDP,Annual,27.463
341,2022,NIC,TAX_REV,S13,Total tax revenue,_T,Percentage of GDP,Annual,27.779
342,2021,NIC,TAX_REV,S13,Total tax revenue,_T,Percentage of GDP,Annual,27.037
343,2020,NIC,TAX_REV,S13,Total tax revenue,_T,Percentage of GDP,Annual,25.413
344,2019,NIC,TAX_REV,S13,Total tax revenue,_T,Percentage of GDP,Annual,25.518
345,2018,NIC,TAX_REV,S13,Total tax revenue,_T,Percentage of GDP,Annual,23.227
346,2017,NIC,TAX_REV,S13,Total tax revenue,_T,Percentage of GDP,Annual,23.849
347,2016,NIC,TAX_REV,S13,Total tax revenue,_T,Percentage of GDP,Annual,23.269
348,2015,NIC,TAX_REV,S13,Total tax revenue,_T,Percentage of GDP,Annual,22.308
349,2014,NIC,TAX_REV,S13,Total tax revenue,_T,Percentage of GDP,Annual,21.763
350,2023,NRU,TAX_REV,S13,Total tax revenue,_T,Percentage of GDP,Annual,19.005
351,2022,NRU,TAX_REV,S13,Total tax revenue,_T,Percentage of GDP,Annual,29.154
352,2021,NRU,TAX_REV,S13,Total tax revenue,_T,Percentage of GDP,Annual,35.208
353,2020,NRU,TAX_REV,S13,Total tax revenue,_T,Percentage of GDP,Annual,34.474
354,2019,NRU,TAX_REV,S13,Total tax revenue,_T,Percentage of GDP,Annual,43.022
355,2018,NRU,TAX_REV,S13,Total tax revenue,_T,Percentage of GDP,Annual,32.323
356,2017,NRU,TAX_REV,S13,Total tax revenue,_T,Percentage of GDP,Annual,24.904
357,2016,NRU,TAX_REV,S13,Total tax revenue,_T,Percentage of GDP,Annual,14.8
358,2015,NRU,TAX_REV,S13,Total tax revenue,_T,Percentage of GDP,Annual,17.989
359,2014,NRU,TAX_REV,S13,Total tax revenue,_T,Percentage of GDP,Annual,9.365
360,2022,NAM,TAX_REV,S13,Total tax revenue,_T,Percentage of GDP,Annual,19.704
361,2021,NAM,TAX_REV,S13,Total tax revenue,_T,Percentage of GDP,Annual,19.452
362,2020,NAM,TAX_REV,S13,Total tax revenue,_T,Percentage of GDP,Annual,18.544
363,2019,NAM,TAX_REV,S13,Total tax revenue,_T,Percentage of GDP,Annual,20.197
364,2018,NAM,TAX_REV,S13,Total tax revenue,_T,Percentage of GDP,Annual,19.419
365,2017,NAM,TAX_REV,S13,Total tax revenue,_T,Percentage of GDP,Annual,20.406
366,2016,NAM,TAX_REV,S13,Total tax revenue,_T,Percentage of GDP,Annual,21.122
367,2015,NAM,TAX_REV,S13,Total tax revenue,_T,Percentage of GDP,Annual,21.467
368,2014,NAM,TAX_REV,S13,Total tax revenue,_T,Percentage of GDP,Annual,21.126
369,2022,MOZ,TAX_REV,S13,Total tax revenue,_T,Percentage of GDP,Annual,21.837
370,2021,MOZ,TAX_REV,S13,Total tax revenue,_T,Percentage of GDP,Annual,22.673
371,2020,MOZ,TAX_REV,S13,Total tax revenue,_T,Percentage of GDP,Annual,20.676
372,2019,MOZ,TAX_REV,S13,Total tax revenue,_T,Percentage of GDP,Annual,21.005
373,2018,MOZ,TAX_REV,S13,Total tax revenue,_T,Percentage of GDP,Annual,21.192
374,2017,MOZ,TAX_REV,S13,Total tax revenue,_T,Percentage of GDP,Annual,19.424
375,2016,MOZ,TAX_REV,S13,Total tax revenue,_T,Percentage of GDP,Annual,24.996
376,2015,MOZ,TAX_REV,S13,Total tax revenue,_T,Percentage of GDP,Annual,31.679
377,2014,MOZ,TAX_REV,S13,Total tax revenue,_T,Percentage of GDP,Annual,34.343
378,2022,MAR,TAX_REV,S13,Total tax revenue,_T,Percentage of GDP,Annual,29.917
379,2021,MAR,TAX_REV,S13,Total tax revenue,_T,Percentage of GDP,Annual,27.253
380,2020,MAR,TAX_REV,S13,Total tax revenue,_T,Percentage of GDP,Annual,27.275
381,2019,MAR,TAX_REV,S13,Total tax revenue,_T,Percentage of GDP,Annual,26.402
382,2023,FJI,TAX_REV,S13,Total tax revenue,_T,Percentage of GDP,Annual,20.463
383,2022,FJI,TAX_REV,S13,Total tax revenue,_T,Percentage of GDP,Annual,17.917
384,2021,FJI,TAX_REV,S13,Total tax revenue,_T,Percentage of GDP,Annual,15.101
385,2020,FJI,TAX_REV,S13,Total tax revenue,_T,Percentage of GDP,Annual,16.72
386,2019,FJI,TAX_REV,S13,Total tax revenue,_T,Percentage of GDP,Annual,22.434
387,2018,FJI,TAX_REV,S13,Total tax revenue,_T,Percentage of GDP,Annual,23.513
388,2017,FJI,TAX_REV,S13,Total tax revenue,_T,Percentage of GDP,Annual,24.216
389,2016,FJI,TAX_REV,S13,Total tax revenue,_T,Percentage of GDP,Annual,23.107
390,2015,FJI,TAX_REV,S13,Total tax revenue,_T,Percentage of GDP,Annual,23.605
391,2014,FJI,TAX_REV,S13,Total tax revenue,_T,Percentage of GDP,Annual,22.691
392,2023,UKR,TAX_REV,S13,Total tax revenue,_T,Percentage of GDP,Annual,31.369
393,2022,UKR,TAX_REV,S13,Total tax revenue,_T,Percentage of GDP,Annual,31.976
394,2021,UKR,TAX_REV,S13,Total tax revenue,_T,Percentage of GDP,Annual,31.485
395,2020,UKR,TAX_REV,S13,Total tax revenue,_T,Percentage of GDP,Annual,32.587
396,2019,UKR,TAX_REV,S13,Total tax revenue,_T,Percentage of GDP,Annual,32.507
397,2018,UKR,TAX_REV,S13,Total tax revenue,_T,Percentage of GDP,Annual,32.957
398,2017,UKR,TAX_REV,S13,Total tax revenue,_T,Percentage of GDP,Annual,32.169
399,2016,UKR,TAX_REV,S13,Total tax revenue,_T,Percentage of GDP,Annual,30.901
400,2015,UKR,TAX_REV,S13,Total tax revenue,_T,Percentage of GDP,Annual,33.263
401,2014,UKR,TAX_REV,S13,Total tax revenue,_T,Percentage of GDP,Annual,32.374
402,2023,HKG,TAX_REV,S13,Total tax revenue,_T,Percentage of GDP,Annual,13.087
403,2022,HKG,TAX_REV,S13,Total tax revenue,_T,Percentage of GDP,Annual,14.143
404,2021,HKG,TAX_REV,S13,Total tax revenue,_T,Percentage of GDP,Annual,14.603
405,2020,HKG,TAX_REV,S13,Total tax revenue,_T,Percentage of GDP,Annual,13.788
406,2019,HKG,TAX_REV,S13,Total tax revenue,_T,Percentage of GDP,Annual,12.179
407,2018,HKG,TAX_REV,S13,Total tax revenue,_T,Percentage of GDP,Annual,13.497
408,2017,HKG,TAX_REV,S13,Total tax revenue,_T,Percentage of GDP,Annual,14.067
409,2016,HKG,TAX_REV,S13,Total tax revenue,_T,Percentage of GDP,Annual,13.744
410,2015,HKG,TAX_REV,S13,Total tax revenue,_T,Percentage of GDP,Annual,14.266
411,2014,HKG,TAX_REV,S13,Total tax revenue,_T,Percentage of GDP,Annual,15.417
412,2023,LAO,TAX_REV,S13,Total tax revenue,_T,Percentage of GDP,Annual,10.993
413,2022,LAO,TAX_REV,S13,Total tax revenue,_T,Percentage of GDP,Annual,10.321
414,2021,LAO,TAX_REV,S13,Total tax revenue,_T,Percentage of GDP,Annual,9.603
415,2020,LAO,TAX_REV,S13,Total tax revenue,_T,Percentage of GDP,Annual,9.171
416,2019,LAO,TAX_REV,S13,Total tax revenue,_T,Percentage of GDP,Annual,10.538
417,2018,LAO,TAX_REV,S13,Total tax revenue,_T,Percentage of GDP,Annual,10.868
418,2017,LAO,TAX_REV,S13,Total tax revenue,_T,Percentage of GDP,Annual,11.039
419,2016,LAO,TAX_REV,S13,Total tax revenue,_T,Percentage of GDP,Annual,11.907
420,2015,LAO,TAX_REV,S13,Total tax revenue,_T,Percentage of GDP,Annual,12.553
421,2014,LAO,TAX_REV,S13,Total tax revenue,_T,Percentage of GDP,Annual,12.285
422,2022,MWI,TAX_REV,S13,Total tax revenue,_T,Percentage of GDP,Annual,12.521
423,2021,MWI,TAX_REV,S13,Total tax revenue,_T,Percentage of GDP,Annual,12.351
424,2020,MWI,TAX_REV,S13,Total tax revenue,_T,Percentage of GDP,Annual,12.573
425,2019,MWI,TAX_REV,S13,Total tax revenue,_T,Percentage of GDP,Annual,12.538
426,2018,MWI,TAX_REV,S13,Total tax revenue,_T,Percentage of GDP,Annual,12.797
427,2017,MWI,TAX_REV,S13,Total tax revenue,_T,Percentage of GDP,Annual,13.172
428,2016,MWI,TAX_REV,S13,Total tax revenue,_T,Percentage of GDP,Annual,12.018
429,2015,MWI,TAX_REV,S13,Total tax revenue,_T,Percentage of GDP,Annual,11.951
430,2014,MWI,TAX_REV,S13,Total tax revenue,_T,Percentage of GDP,Annual,12.697
431,2022,ZMB,TAX_REV,S13,Total tax revenue,_T,Percentage of GDP,Annual,16.158
432,2021,ZMB,TAX_REV,S13,Total tax revenue,_T,Percentage of GDP,Annual,16.15
433,2020,ZMB,TAX_REV,S13,Total tax revenue,_T,Percentage of GDP,Annual,15.708
434,2019,ZMB,TAX_REV,S13,Total tax revenue,_T,Percentage of GDP,Annual,16.215
435,2018,ZMB,TAX_REV,S13,Total tax revenue,_T,Percentage of GDP,Annual,16.166
436,2017,ZMB,TAX_REV,S13,Total tax revenue,_T,Percentage of GDP,Annual,14.894
437,2016,ZMB,TAX_REV,S13,Total tax revenue,_T,Percentage of GDP,Annual,13.031
438,2015,ZMB,TAX_REV,S13,Total tax revenue,_T,Percentage of GDP,Annual,14.289
439,2014,ZMB,TAX_REV,S13,Total tax revenue,_T,Percentage of GDP,Annual,15.282
440,2023,MDV,TAX_REV,S13,Total tax revenue,_T,Percentage of GDP,Annual,23.578
441,2022,MDV,TAX_REV,S13,Total tax revenue,_T,Percentage of GDP,Annual,20.404
442,2021,MDV,TAX_REV,S13,Total tax revenue,_T,Percentage of GDP,Annual,18.083
443,2020,MDV,TAX_REV,S13,Total tax revenue,_T,Percentage of GDP,Annual,19.035
444,2019,MDV,TAX_REV,S13,Total tax revenue,_T,Percentage of GDP,Annual,18.607
445,2018,MDV,TAX_REV,S13,Total tax revenue,_T,Percentage of GDP,Annual,18.887
446,2017,MDV,TAX_REV,S13,Total tax revenue,_T,Percentage of GDP,Annual,19.729
447,2016,MDV,TAX_REV,S13,Total tax revenue,_T,Percentage of GDP,Annual,19.441
448,2015,MDV,TAX_REV,S13,Total tax revenue,_T,Percentage of GDP,Annual,19.154
449,2014,MDV,TAX_REV,S13,Total tax revenue,_T,Percentage of GDP,Annual,18.835
450,2023,VUT,TAX_REV,S13,Total tax revenue,_T,Percentage of GDP,Annual,18.583
451,2022,VUT,TAX_REV,S13,Total tax revenue,_T,Percentage of GDP,Annual,15.784
452,2021,VUT,TAX_REV,S13,Total tax revenue,_T,Percentage of GDP,Annual,11.097
453,2020,VUT,TAX_REV,S13,Total tax revenue,_T,Percentage of GDP,Annual,14.04
454,2019,VUT,TAX_REV,S13,Total tax revenue,_T,Percentage of GDP,Annual,16.989
455,2018,VUT,TAX_REV,S13,Total tax revenue,_T,Percentage of GDP,Annual,17.838
456,2017,VUT,TAX_REV,S13,Total tax revenue,_T,Percentage of GDP,Annual,17.125
457,2016,VUT,TAX_REV,S13,Total tax revenue,_T,Percentage of GDP,Annual,15.73
458,2015,VUT,TAX_REV,S13,Total tax revenue,_T,Percentage of GDP,Annual,16.919
459,2014,VUT,TAX_REV,S13,Total tax revenue,_T,Percentage of GDP,Annual,18.323
460,2022,LSO,TAX_REV,S13,Total tax revenue,_T,Percentage of GDP,Annual,21.313
461,2021,LSO,TAX_REV,S13,Total tax revenue,_T,Percentage of GDP,Annual,21.717
462,2020,LSO,TAX_REV,S13,Total tax revenue,_T,Percentage of GDP,Annual,19.775
463,2019,LSO,TAX_REV,S13,Total tax revenue,_T,Percentage of GDP,Annual,21.097
464,2018,LSO,TAX_REV,S13,Total tax revenue,_T,Percentage of GDP,Annual,21.434
465,2017,LSO,TAX_REV,S13,Total tax revenue,_T,Percentage of GDP,Annual,19.344
466,2016,LSO,TAX_REV,S13,Total tax revenue,_T,Percentage of GDP,Annual,19.332
467,2015,LSO,TAX_REV,S13,Total tax revenue,_T,Percentage of GDP,Annual,19.345
468,2014,LSO,TAX_REV,S13,Total tax revenue,_T,Percentage of GDP,Annual,18.916
469,2022,F,TAX_REV,S13,Total tax revenue,_T,Percentage of GDP,Annual,15.985
470,2021,F,TAX_REV,S13,Total tax revenue,_T,Percentage of GDP,Annual,15.498
471,2020,F,TAX_REV,S13,Total tax revenue,_T,Percentage of GDP,Annual,15.237
472,2019,F,TAX_REV,S13,Total tax revenue,_T,Percentage of GDP,Annual,15.52
473,2018,F,TAX_REV,S13,Total tax revenue,_T,Percentage of GDP,Annual,15.153
474,2017,F,TAX_REV,S13,Total tax revenue,_T,Percentage of GDP,Annual,14.897
475,2016,F,TAX_REV,S13,Total tax revenue,_T,Percentage of GDP,Annual,15.003
476,2015,F,TAX_REV,S13,Total tax revenue,_T,Percentage of GDP,Annual,15.33
477,2014,F,TAX_REV,S13,Total tax revenue,_T,Percentage of GDP,Annual,15.326
478,2023,KIR,TAX_REV,S13,Total tax revenue,_T,Percentage of GDP,Annual,16.91
479,2022,KIR,TAX_REV,S13,Total tax revenue,_T,Percentage of GDP,Annual,16.372
480,2021,KIR,TAX_REV,S13,Total tax revenue,_T,Percentage of GDP,Annual,17.372
481,2020,KIR,TAX_REV,S13,Total tax revenue,_T,Percentage of GDP,Annual,16.091
482,2019,KIR,TAX_REV,S13,Total tax revenue,_T,Percentage of GDP,Annual,15.84
483,2018,KIR,TAX_REV,S13,Total tax revenue,_T,Percentage of GDP,Annual,15.731
484,2017,KIR,TAX_REV,S13,Total tax revenue,_T,Percentage of GDP,Annual,14.785
485,2016,KIR,TAX_REV,S13,Total tax revenue,_T,Percentage of GDP,Annual,13.814
486,2015,KIR,TAX_REV,S13,Total tax revenue,_T,Percentage of GDP,Annual,13.718
487,2014,KIR,TAX_REV,S13,Total tax revenue,_T,Percentage of GDP,Annual,10.869
488,2022,UGA,TAX_REV,S13,Total tax revenue,_T,Percentage of GDP,Annual,12.503
489,2021,UGA,TAX_REV,S13,Total tax revenue,_T,Percentage of GDP,Annual,12.535
490,2020,UGA,TAX_REV,S13,Total tax revenue,_T,Percentage of GDP,Annual,11.391
491,2019,UGA,TAX_REV,S13,Total tax revenue,_T,Percentage of GDP,Annual,12.082
492,2018,UGA,TAX_REV,S13,Total tax revenue,_T,Percentage of GDP,Annual,11.674
493,2017,UGA,TAX_REV,S13,Total tax revenue,_T,Percentage of GDP,Annual,11.424
494,2022,Australia,TAX_REV,S13,Total tax revenue,_T,Percentage of GDP,Annual,29.398
495,2021,Australia,TAX_REV,S13,Total tax revenue,_T,Percentage of GDP,Annual,29.155
496,2020,Australia,TAX_REV,S13,Total tax revenue,_T,Percentage of GDP,Annual,28.251
497,2016,UGA,TAX_REV,S13,Total tax revenue,_T,Percentage of GDP,Annual,10.978
498,2015,UGA,TAX_REV,S13,Total tax revenue,_T,Percentage of GDP,Annual,10.388
499,2014,UGA,TAX_REV,S13,Total tax revenue,_T,Percentage of GDP,Annual,9.271
500,2022,TUN,TAX_REV,S13,Total tax revenue,_T,Percentage of GDP,Annual,33.504
501,2021,TUN,TAX_REV,S13,Total tax revenue,_T,Percentage of GDP,Annual,32.536
502,2020,TUN,TAX_REV,S13,Total tax revenue,_T,Percentage of GDP,Annual,32.456
503,2019,TUN,TAX_REV,S13,Total tax revenue,_T,Percentage of GDP,Annual,32.081
504,2018,TUN,TAX_REV,S13,Total tax revenue,_T,Percentage of GDP,Annual,29.937
505,2017,TUN,TAX_REV,S13,Total tax revenue,_T,Percentage of GDP,Annual,29.222
506,2016,TUN,TAX_REV,S13,Total tax revenue,_T,Percentage of GDP,Annual,27.911
507,2015,TUN,TAX_REV,S13,Total tax revenue,_T,Percentage of GDP,Annual,28.522
508,2014,TUN,TAX_REV,S13,Total tax revenue,_T,Percentage of GDP,Annual,29.29
509,2023,TTO,TAX_REV,S13,Total tax revenue,_T,Percentage of GDP,Annual,24.246
510,2022,TTO,TAX_REV,S13,Total tax revenue,_T,Percentage of GDP,Annual,24.767
511,2021,TTO,TAX_REV,S13,Total tax revenue,_T,Percentage of GDP,Annual,21.813
512,2020,TTO,TAX_REV,S13,Total tax revenue,_T,Percentage of GDP,Annual,21.483
513,2019,TTO,TAX_REV,S13,Total tax revenue,_T,Percentage of GDP,Annual,23.71
514,2018,TTO,TAX_REV,S13,Total tax revenue,_T,Percentage of GDP,Annual,22.242
515,2017,TTO,TAX_REV,S13,Total tax revenue,_T,Percentage of GDP,Annual,19.263
516,2016,TTO,TAX_REV,S13,Total tax revenue,_T,Percentage of GDP,Annual,21.011
517,2015,TTO,TAX_REV,S13,Total tax revenue,_T,Percentage of GDP,Annual,26.326
518,2014,TTO,TAX_REV,S13,Total tax revenue,_T,Percentage of GDP,Annual,26.938
519,2023,TKL,TAX_REV,S13,Total tax revenue,_T,Percentage of GDP,Annual,18.315
520,2022,TKL,TAX_REV,S13,Total tax revenue,_T,Percentage of GDP,Annual,15.959
521,2021,TKL,TAX_REV,S13,Total tax revenue,_T,Percentage of GDP,Annual,18.36
522,2020,TKL,TAX_REV,S13,Total tax revenue,_T,Percentage of GDP,Annual,17.147
523,2019,TKL,TAX_REV,S13,Total tax revenue,_T,Percentage of GDP,Annual,16.712
524,2018,TKL,TAX_REV,S13,Total tax revenue,_T,Percentage of GDP,Annual,16.713
525,2017,TKL,TAX_REV,S13,Total tax revenue,_T,Percentage of GDP,Annual,16.787
526,2016,TKL,TAX_REV,S13,Total tax revenue,_T,Percentage of GDP,Annual,14.665
527,2015,TKL,TAX_REV,S13,Total tax revenue,_T,Percentage of GDP,Annual,15.124
528,2014,TKL,TAX_REV,S13,Total tax revenue,_T,Percentage of GDP,Annual,17.053
529,2022,TGO,TAX_REV,S13,Total tax revenue,_T,Percentage of GDP,Annual,17.434
530,2021,TGO,TAX_REV,S13,Total tax revenue,_T,Percentage of GDP,Annual,17.157
531,2020,TGO,TAX_REV,S13,Total tax revenue,_T,Percentage of GDP,Annual,15.749
532,2019,TGO,TAX_REV,S13,Total tax revenue,_T,Percentage of GDP,Annual,15.487
533,2018,TGO,TAX_REV,S13,Total tax revenue,_T,Percentage of GDP,Annual,14.766
534,2017,TGO,TAX_REV,S13,Total tax revenue,_T,Percentage of GDP,Annual,15.791
535,2016,TGO,TAX_REV,S13,Total tax revenue,_T,Percentage of GDP,Annual,16.31
536,2015,TGO,TAX_REV,S13,Total tax revenue,_T,Percentage of GDP,Annual,15.68
537,2014,TGO,TAX_REV,S13,Total tax revenue,_T,Percentage of GDP,Annual,14.936
538,2023,TLS,TAX_REV,S13,Total tax revenue,_T,Percentage of GDP,Annual,9.599
539,2022,TLS,TAX_REV,S13,Total tax revenue,_T,Percentage of GDP,Annual,19.754
540,2021,TLS,TAX_REV,S13,Total tax revenue,_T,Percentage of GDP,Annual,14.424
541,2020,TLS,TAX_REV,S13,Total tax revenue,_T,Percentage of GDP,Annual,12.32
542,2019,TLS,TAX_REV,S13,Total tax revenue,_T,Percentage of GDP,Annual,16.368
543,2018,TLS,TAX_REV,S13,Total tax revenue,_T,Percentage of GDP,Annual,13.597
544,2017,TLS,TAX_REV,S13,Total tax revenue,_T,Percentage of GDP,Annual,10.598
545,2016,TLS,TAX_REV,S13,Total tax revenue,_T,Percentage of GDP,Annual,6.362
546,2015,TLS,TAX_REV,S13,Total tax revenue,_T,Percentage of GDP,Annual,16.732
547,2014,TLS,TAX_REV,S13,Total tax revenue,_T,Percentage of GDP,Annual,20.014
548,2023,Thailand,TAX_REV,S13,Total tax revenue,_T,Percentage of GDP,Annual,17.1
549,2022,Thailand,TAX_REV,S13,Total tax revenue,_T,Percentage of GDP,Annual,16.712
550,2021,Thailand,TAX_REV,S13,Total tax revenue,_T,Percentage of GDP,Annual,16.4
551,2020,Thailand,TAX_REV,S13,Total tax revenue,_T,Percentage of GDP,Annual,16.459
552,2019,Thailand,TAX_REV,S13,Total tax revenue,_T,Percentage of GDP,Annual,17.241
553,2018,Thailand,TAX_REV,S13,Total tax revenue,_T,Percentage of GDP,Annual,17.674
554,2017,Thailand,TAX_REV,S13,Total tax revenue,_T,Percentage of GDP,Annual,17.537
555,2016,Thailand,TAX_REV,S13,Total tax revenue,_T,Percentage of GDP,Annual,18.095
556,2015,Thailand,TAX_REV,S13,Total tax revenue,_T,Percentage of GDP,Annual,18.899
557,2014,Thailand,TAX_REV,S13,Total tax revenue,_T,Percentage of GDP,Annual,18.356
558,2023,LKA,TAX_REV,S13,Total tax revenue,_T,Percentage of GDP,Annual,9.978
559,2022,LKA,TAX_REV,S13,Total tax revenue,_T,Percentage of GDP,Annual,7.934
560,2021,LKA,TAX_REV,S13,Total tax revenue,_T,Percentage of GDP,Annual,7.566
561,2020,LKA,TAX_REV,S13,Total tax revenue,_T,Percentage of GDP,Annual,7.982
562,2019,LKA,TAX_REV,S13,Total tax revenue,_T,Percentage of GDP,Annual,11.086
563,2018,LKA,TAX_REV,S13,Total tax revenue,_T,Percentage of GDP,Annual,11.318
564,2017,LKA,TAX_REV,S13,Total tax revenue,_T,Percentage of GDP,Annual,11.768
565,2016,LKA,TAX_REV,S13,Total tax revenue,_T,Percentage of GDP,Annual,11.564
566,2015,LKA,TAX_REV,S13,Total tax revenue,_T,Percentage of GDP,Annual,11.853
567,2014,LKA,TAX_REV,S13,Total tax revenue,_T,Percentage of GDP,Annual,9.886
568,2022,South Africa,TAX_REV,S13,Total tax revenue,_T,Percentage of GDP,Annual,27.067
569,2021,South Africa,TAX_REV,S13,Total tax revenue,_T,Percentage of GDP,Annual,26.297
570,2020,South Africa,TAX_REV,S13,Total tax revenue,_T,Percentage of GDP,Annual,25.11
571,2019,South Africa,TAX_REV,S13,Total tax revenue,_T,Percentage of GDP,Annual,26.116
572,2018,South Africa,TAX_REV,S13,Total tax revenue,_T,Percentage of GDP,Annual,26.46
573,2017,South Africa,TAX_REV,S13,Total tax revenue,_T,Percentage of GDP,Annual,26.03
574,2016,South Africa,TAX_REV,S13,Total tax revenue,_T,Percentage of GDP,Annual,26.008
575,2015,South Africa,TAX_REV,S13,Total tax revenue,_T,Percentage of GDP,Annual,26.41
576,2014,South Africa,TAX_REV,S13,Total tax revenue,_T,Percentage of GDP,Annual,25.42
577,2022,SOM,TAX_REV,S13,Total tax revenue,_T,Percentage of GDP,Annual,2.583
578,2021,SOM,TAX_REV,S13,Total tax revenue,_T,Percentage of GDP,Annual,2.516
579,2020,SOM,TAX_REV,S13,Total tax revenue,_T,Percentage of GDP,Annual,2.363
580,2019,SOM,TAX_REV,S13,Total tax revenue,_T,Percentage of GDP,Annual,2.027
581,2018,SOM,TAX_REV,S13,Total tax revenue,_T,Percentage of GDP,Annual,1.655
582,2017,SOM,TAX_REV,S13,Total tax revenue,_T,Percentage of GDP,Annual,1.358
583,2016,SOM,TAX_REV,S13,Total tax revenue,_T,Percentage of GDP,Annual,1.198
584,2015,SOM,TAX_REV,S13,Total tax revenue,_T,Percentage of GDP,Annual,1.228
585,2014,SOM,TAX_REV,S13,Total tax revenue,_T,Percentage of GDP,Annual,1.148
586,2023,SLB,TAX_REV,S13,Total tax revenue,_T,Percentage of GDP,Annual,19.24
587,2022,SLB,TAX_REV,S13,Total tax revenue,_T,Percentage of GDP,Annual,18.563
588,2021,SLB,TAX_REV,S13,Total tax revenue,_T,Percentage of GDP,Annual,19.308
589,2020,SLB,TAX_REV,S13,Total tax revenue,_T,Percentage of GDP,Annual,18.877
590,2019,SLB,TAX_REV,S13,Total tax revenue,_T,Percentage of GDP,Annual,19.822
591,2018,SLB,TAX_REV,S13,Total tax revenue,_T,Percentage of GDP,Annual,23.455
592,2017,SLB,TAX_REV,S13,Total tax revenue,_T,Percentage of GDP,Annual,22.701
593,2016,SLB,TAX_REV,S13,Total tax revenue,_T,Percentage of GDP,Annual,21.583
594,2015,SLB,TAX_REV,S13,Total tax revenue,_T,Percentage of GDP,Annual,23.11
595,2014,SLB,TAX_REV,S13,Total tax revenue,_T,Percentage of GDP,Annual,23.034
596,2023,SGP,TAX_REV,S13,Total tax revenue,_T,Percentage of GDP,Annual,13.665
597,2022,SGP,TAX_REV,S13,Total tax revenue,_T,Percentage of GDP,Annual,11.8
598,2021,SGP,TAX_REV,S13,Total tax revenue,_T,Percentage of GDP,Annual,12.122
599,2020,SGP,TAX_REV,S13,Total tax revenue,_T,Percentage of GDP,Annual,12.488
600,2021,MYS,TAX_REV,S13,Total tax revenue,_T,Percentage of GDP,Annual,11.749
601,2020,MYS,TAX_REV,S13,Total tax revenue,_T,Percentage of GDP,Annual,11.445
602,2019,MYS,TAX_REV,S13,Total tax revenue,_T,Percentage of GDP,Annual,12.45
603,2018,MYS,TAX_REV,S13,Total tax revenue,_T,Percentage of GDP,Annual,12.507
604,2017,MYS,TAX_REV,S13,Total tax revenue,_T,Percentage of GDP,Annual,13.374
605,2016,MYS,TAX_REV,S13,Total tax revenue,_T,Percentage of GDP,Annual,14.029
606,2015,MYS,TAX_REV,S13,Total tax revenue,_T,Percentage of GDP,Annual,14.526
607,2014,MYS,TAX_REV,S13,Total tax revenue,_T,Percentage of GDP,Annual,15.321
608,2022,MUS,TAX_REV,S13,Total tax revenue,_T,Percentage of GDP,Annual,22.272
609,2021,MUS,TAX_REV,S13,Total tax revenue,_T,Percentage of GDP,Annual,19.98
610,2020,MUS,TAX_REV,S13,Total tax revenue,_T,Percentage of GDP,Annual,20.245
611,2019,MUS,TAX_REV,S13,Total tax revenue,_T,Percentage of GDP,Annual,20.429
612,2018,MUS,TAX_REV,S13,Total tax revenue,_T,Percentage of GDP,Annual,19.684
613,2017,MUS,TAX_REV,S13,Total tax revenue,_T,Percentage of GDP,Annual,19.247
614,2016,MUS,TAX_REV,S13,Total tax revenue,_T,Percentage of GDP,Annual,18.96
615,2015,MUS,TAX_REV,S13,Total tax revenue,_T,Percentage of GDP,Annual,18.821
616,2014,MUS,TAX_REV,S13,Total tax revenue,_T,Percentage of GDP,Annual,18.928
617,2023,JAM,TAX_REV,S13,Total tax revenue,_T,Percentage of GDP,Annual,29.024
618,2022,JAM,TAX_REV,S13,Total tax revenue,_T,Percentage of GDP,Annual,27.912
619,2021,JAM,TAX_REV,S13,Total tax revenue,_T,Percentage of GDP,Annual,26.547
620,2020,JAM,TAX_REV,S13,Total tax revenue,_T,Percentage of GDP,Annual,27.925
621,2019,JAM,TAX_REV,S13,Total tax revenue,_T,Percentage of GDP,Annual,28.41
622,2018,JAM,TAX_REV,S13,Total tax revenue,_T,Percentage of GDP,Annual,27.371
623,2017,JAM,TAX_REV,S13,Total tax revenue,_T,Percentage of GDP,Annual,27.287
624,2016,JAM,TAX_REV,S13,Total tax revenue,_T,Percentage of GDP,Annual,26.539
625,2015,JAM,TAX_REV,S13,Total tax revenue,_T,Percentage of GDP,Annual,25.766
626,2014,JAM,TAX_REV,S13,Total tax revenue,_T,Percentage of GDP,Annual,24.762
627,2023,GTM,TAX_REV,S13,Total tax revenue,_T,Percentage of GDP,Annual,14.013
628,2022,GTM,TAX_REV,S13,Total tax revenue,_T,Percentage of GDP,Annual,14.302
629,2021,GTM,TAX_REV,S13,Total tax revenue,_T,Percentage of GDP,Annual,14.071
630,2020,GTM,TAX_REV,S13,Total tax revenue,_T,Percentage of GDP,Annual,12.419
631,2019,GTM,TAX_REV,S13,Total tax revenue,_T,Percentage of GDP,Annual,12.984
632,2018,GTM,TAX_REV,S13,Total tax revenue,_T,Percentage of GDP,Annual,13.15
633,2017,GTM,TAX_REV,S13,Total tax revenue,_T,Percentage of GDP,Annual,13.237
634,2016,GTM,TAX_REV,S13,Total tax revenue,_T,Percentage of GDP,Annual,13.227
635,2015,GTM,TAX_REV,S13,Total tax revenue,_T,Percentage of GDP,Annual,12.776
636,2014,GTM,TAX_REV,S13,Total tax revenue,_T,Percentage of GDP,Annual,13.227
637,2023,MLT,TAX_REV,S13,Total tax revenue,_T,Percentage of GDP,Annual,26.527
638,2022,MLT,TAX_REV,S13,Total tax revenue,_T,Percentage of GDP,Annual,27.649
639,2021,MLT,TAX_REV,S13,Total tax revenue,_T,Percentage of GDP,Annual,27.419
640,2020,MLT,TAX_REV,S13,Total tax revenue,_T,Percentage of GDP,Annual,27.754
641,2019,MLT,TAX_REV,S13,Total tax revenue,_T,Percentage of GDP,Annual,30.012
642,2018,MLT,TAX_REV,S13,Total tax revenue,_T,Percentage of GDP,Annual,30.358
643,2017,MLT,TAX_REV,S13,Total tax revenue,_T,Percentage of GDP,Annual,30.881
644,2016,MLT,TAX_REV,S13,Total tax revenue,_T,Percentage of GDP,Annual,31.421
645,2015,MLT,TAX_REV,S13,Total tax revenue,_T,Percentage of GDP,Annual,29.391
646,2014,MLT,TAX_REV,S13,Total tax revenue,_T,Percentage of GDP,Annual,30.868
647,2022,MLI,TAX_REV,S13,Total tax revenue,_T,Percentage of GDP,Annual,17.917
648,2021,MLI,TAX_REV,S13,Total tax revenue,_T,Percentage of GDP,Annual,19.839
649,2020,MLI,TAX_REV,S13,Total tax revenue,_T,Percentage of GDP,Annual,18.608
650,2019,MLI,TAX_REV,S13,Total tax revenue,_T,Percentage of GDP,Annual,18.106
651,2018,MLI,TAX_REV,S13,Total tax revenue,_T,Percentage of GDP,Annual,13.823
652,2017,MLI,TAX_REV,S13,Total tax revenue,_T,Percentage of GDP,Annual,17.259
653,2016,MLI,TAX_REV,S13,Total tax revenue,_T,Percentage of GDP,Annual,16.948
654,2015,MLI,TAX_REV,S13,Total tax revenue,_T,Percentage of GDP,Annual,15.582
655,2014,MLI,TAX_REV,S13,Total tax revenue,_T,Percentage of GDP,Annual,14.176
656,2023,HND,TAX_REV,S13,Total tax revenue,_T,Percentage of GDP,Annual,20.995
657,2022,HND,TAX_REV,S13,Total tax revenue,_T,Percentage of GDP,Annual,21.589
658,2021,HND,TAX_REV,S13,Total tax revenue,_T,Percentage of GDP,Annual,21.462
659,2020,HND,TAX_REV,S13,Total tax revenue,_T,Percentage of GDP,Annual,19.589
660,2019,HND,TAX_REV,S13,Total tax revenue,_T,Percentage of GDP,Annual,21.645
661,2018,HND,TAX_REV,S13,Total tax revenue,_T,Percentage of GDP,Annual,21.913
662,2017,HND,TAX_REV,S13,Total tax revenue,_T,Percentage of GDP,Annual,21.652
663,2016,HND,TAX_REV,S13,Total tax revenue,_T,Percentage of GDP,Annual,22.227
664,2015,HND,TAX_REV,S13,Total tax revenue,_T,Percentage of GDP,Annual,20.569
665,2014,HND,TAX_REV,S13,Total tax revenue,_T,Percentage of GDP,Annual,19.922
666,2023,KGZ,TAX_REV,S13,Total tax revenue,_T,Percentage of GDP,Annual,21.913
667,2022,KGZ,TAX_REV,S13,Total tax revenue,_T,Percentage of GDP,Annual,22.048
668,2021,KGZ,TAX_REV,S13,Total tax revenue,_T,Percentage of GDP,Annual,18.927
669,2020,KGZ,TAX_REV,S13,Total tax revenue,_T,Percentage of GDP,Annual,16.4
670,2019,KGZ,TAX_REV,S13,Total tax revenue,_T,Percentage of GDP,Annual,18.358
671,2018,KGZ,TAX_REV,S13,Total tax revenue,_T,Percentage of GDP,Annual,20.282
672,2017,KGZ,TAX_REV,S13,Total tax revenue,_T,Percentage of GDP,Annual,19.263
673,2016,KGZ,TAX_REV,S13,Total tax revenue,_T,Percentage of GDP,Annual,19.509
674,2015,KGZ,TAX_REV,S13,Total tax revenue,_T,Percentage of GDP,Annual,19.102
675,2014,KGZ,TAX_REV,S13,Total tax revenue,_T,Percentage of GDP,Annual,20.437
676,2023,KAZ,TAX_REV,S13,Total tax revenue,_T,Percentage of GDP,Annual,19.465
677,2022,KAZ,TAX_REV,S13,Total tax revenue,_T,Percentage of GDP,Annual,19.754
678,2021,KAZ,TAX_REV,S13,Total tax revenue,_T,Percentage of GDP,Annual,15.597
679,2020,KAZ,TAX_REV,S13,Total tax revenue,_T,Percentage of GDP,Annual,14.061
680,2019,KAZ,TAX_REV,S13,Total tax revenue,_T,Percentage of GDP,Annual,16.676
681,2018,KAZ,TAX_REV,S13,Total tax revenue,_T,Percentage of GDP,Annual,16.96
682,2017,KAZ,TAX_REV,S13,Total tax revenue,_T,Percentage of GDP,Annual,16.013
683,2016,KAZ,TAX_REV,S13,Total tax revenue,_T,Percentage of GDP,Annual,14.916
684,2015,KAZ,TAX_REV,S13,Total tax revenue,_T,Percentage of GDP,Annual,15.539
685,2014,KAZ,TAX_REV,S13,Total tax revenue,_T,Percentage of GDP,Annual,21.084
686,2023,SO,TAX_REV,S13,Total tax revenue,_T,Percentage of GDP,Annual,19.551
687,2022,SO,TAX_REV,S13,Total tax revenue,_T,Percentage of GDP,Annual,19.441
688,2021,SO,TAX_REV,S13,Total tax revenue,_T,Percentage of GDP,Annual,18.677
689,2020,SO,TAX_REV,S13,Total tax revenue,_T,Percentage of GDP,Annual,18.357
690,2019,SO,TAX_REV,S13,Total tax revenue,_T,Percentage of GDP,Annual,19.299
691,2018,SO,TAX_REV,S13,Total tax revenue,_T,Percentage of GDP,Annual,19.141
692,2017,SO,TAX_REV,S13,Total tax revenue,_T,Percentage of GDP,Annual,18.773
693,2016,SO,TAX_REV,S13,Total tax revenue,_T,Percentage of GDP,Annual,17.904
694,2015,SO,TAX_REV,S13,Total tax revenue,_T,Percentage of GDP,Annual,18.54
695,2014,SO,TAX_REV,S13,Total tax revenue,_T,Percentage of GDP,Annual,18.363
696,2022,SWZ,TAX_REV,S13,Total tax revenue,_T,Percentage of GDP,Annual,17.604
697,2021,SWZ,TAX_REV,S13,Total tax revenue,_T,Percentage of GDP,Annual,17.421
698,2020,SWZ,TAX_REV,S13,Total tax revenue,_T,Percentage of GDP,Annual,17.754
699,2019,SWZ,TAX_REV,S13,Total tax revenue,_T,Percentage of GDP,Annual,18.263
700,2018,SWZ,TAX_REV,S13,Total tax revenue,_T,Percentage of GDP,Annual,17.404
701,2017,SWZ,TAX_REV,S13,Total tax revenue,_T,Percentage of GDP,Annual,16.987
702,2016,SWZ,TAX_REV,S13,Total tax revenue,_T,Percentage of GDP,Annual,16.099
703,2015,SWZ,TAX_REV,S13,Total tax revenue,_T,Percentage of GDP,Annual,14.953
704,2014,SWZ,TAX_REV,S13,Total tax revenue,_T,Percentage of GDP,Annual,14.904
705,2022,GIN,TAX_REV,S13,Total tax revenue,_T,Percentage of GDP,Annual,10.766
706,2021,GIN,TAX_REV,S13,Total tax revenue,_T,Percentage of GDP,Annual,11.093
707,2020,GIN,TAX_REV,S13,Total tax revenue,_T,Percentage of GDP,Annual,11.705
708,2019,GIN,TAX_REV,S13,Total tax revenue,_T,Percentage of GDP,Annual,12.215
709,2018,GIN,TAX_REV,S13,Total tax revenue,_T,Percentage of GDP,Annual,11.977
710,2017,GIN,TAX_REV,S13,Total tax revenue,_T,Percentage of GDP,Annual,12.781
711,2016,GIN,TAX_REV,S13,Total tax revenue,_T,Percentage of GDP,Annual,14.045
712,2015,GIN,TAX_REV,S13,Total tax revenue,_T,Percentage of GDP,Annual,13.028
713,2014,GIN,TAX_REV,S13,Total tax revenue,_T,Percentage of GDP,Annual,13.052
714,2022,MDG,TAX_REV,S13,Total tax revenue,_T,Percentage of GDP,Annual,11.473
715,2021,MDG,TAX_REV,S13,Total tax revenue,_T,Percentage of GDP,Annual,10.673
716,2020,MDG,TAX_REV,S13,Total tax revenue,_T,Percentage of GDP,Annual,10.137
717,2019,MDG,TAX_REV,S13,Total tax revenue,_T,Percentage of GDP,Annual,11.062
718,2018,MDG,TAX_REV,S13,Total tax revenue,_T,Percentage of GDP,Annual,10.911
719,2017,MDG,TAX_REV,S13,Total tax revenue,_T,Percentage of GDP,Annual,10.415
720,2016,MDG,TAX_REV,S13,Total tax revenue,_T,Percentage of GDP,Annual,9.596
721,2015,MDG,TAX_REV,S13,Total tax revenue,_T,Percentage of GDP,Annual,9.349
722,2014,MDG,TAX_REV,S13,Total tax revenue,_T,Percentage of GDP,Annual,8.833
723,2023,Indonesia,TAX_REV,S13,Total tax revenue,_T,Percentage of GDP,Annual,12.048
724,2022,Indonesia,TAX_REV,S13,Total tax revenue,_T,Percentage of GDP,Annual,12.068
725,2021,Indonesia,TAX_REV,S13,Total tax revenue,_T,Percentage of GDP,Annual,10.866
726,2020,Indonesia,TAX_REV,S13,Total tax revenue,_T,Percentage of GDP,Annual,10.071
727,2019,Indonesia,TAX_REV,S13,Total tax revenue,_T,Percentage of GDP,Annual,11.588
728,2018,Indonesia,TAX_REV,S13,Total tax revenue,_T,Percentage of GDP,Annual,11.973
729,2017,Indonesia,TAX_REV,S13,Total tax revenue,_T,Percentage of GDP,Annual,11.612
730,2016,Indonesia,TAX_REV,S13,Total tax revenue,_T,Percentage of GDP,Annual,12.009
731,2015,Indonesia,TAX_REV,S13,Total tax revenue,_T,Percentage of GDP,Annual,12.111
732,2014,Indonesia,TAX_REV,S13,Total tax revenue,_T,Percentage of GDP,Annual,12.163
733,2022,KEN,TAX_REV,S13,Total tax revenue,_T,Percentage of GDP,Annual,16.788
734,2021,KEN,TAX_REV,S13,Total tax revenue,_T,Percentage of GDP,Annual,15.419
735,2020,KEN,TAX_REV,S13,Total tax revenue,_T,Percentage of GDP,Annual,15.999
736,2019,KEN,TAX_REV,S13,Total tax revenue,_T,Percentage of GDP,Annual,16.497
737,2018,KEN,TAX_REV,S13,Total tax revenue,_T,Percentage of GDP,Annual,16.768
738,2017,KEN,TAX_REV,S13,Total tax revenue,_T,Percentage of GDP,Annual,17.518
739,2016,KEN,TAX_REV,S13,Total tax revenue,_T,Percentage of GDP,Annual,17.156
740,2015,KEN,TAX_REV,S13,Total tax revenue,_T,Percentage of GDP,Annual,17.018
741,2014,KEN,TAX_REV,S13,Total tax revenue,_T,Percentage of GDP,Annual,17.444
742,2023,SLV,TAX_REV,S13,Total tax revenue,_T,Percentage of GDP,Annual,22.817
743,2022,SLV,TAX_REV,S13,Total tax revenue,_T,Percentage of GDP,Annual,23.253
744,2021,SLV,TAX_REV,S13,Total tax revenue,_T,Percentage of GDP,Annual,23.123
745,2020,SLV,TAX_REV,S13,Total tax revenue,_T,Percentage of GDP,Annual,21.685
746,2019,SLV,TAX_REV,S13,Total tax revenue,_T,Percentage of GDP,Annual,20.981
747,2018,SLV,TAX_REV,S13,Total tax revenue,_T,Percentage of GDP,Annual,21.31
748,2017,SLV,TAX_REV,S13,Total tax revenue,_T,Percentage of GDP,Annual,20.953
749,2016,SLV,TAX_REV,S13,Total tax revenue,_T,Percentage of GDP,Annual,20.525
750,2015,SLV,TAX_REV,S13,Total tax revenue,_T,Percentage of GDP,Annual,19.876
751,2014,SLV,TAX_REV,S13,Total tax revenue,_T,Percentage of GDP,Annual,19.822
752,2023,GEO,TAX_REV,S13,Total tax revenue,_T,Percentage of GDP,Annual,24.401
753,2022,GEO,TAX_REV,S13,Total tax revenue,_T,Percentage of GDP,Annual,23.731
754,2021,GEO,TAX_REV,S13,Total tax revenue,_T,Percentage of GDP,Annual,22.314
755,2020,GEO,TAX_REV,S13,Total tax revenue,_T,Percentage of GDP,Annual,22.052
756,2019,GEO,TAX_REV,S13,Total tax revenue,_T,Percentage of GDP,Annual,23.851
757,2018,GEO,TAX_REV,S13,Total tax revenue,_T,Percentage of GDP,Annual,23.02
758,2017,GEO,TAX_REV,S13,Total tax revenue,_T,Percentage of GDP,Annual,23.968
759,2016,GEO,TAX_REV,S13,Total tax revenue,_T,Percentage of GDP,Annual,24.036
760,2015,GEO,TAX_REV,S13,Total tax revenue,_T,Percentage of GDP,Annual,23.187
761,2014,GEO,TAX_REV,S13,Total tax revenue,_T,Percentage of GDP,Annual,22.828
762,2023,MHL,TAX_REV,S13,Total tax revenue,_T,Percentage of GDP,Annual,25.148
763,2022,MHL,TAX_REV,S13,Total tax revenue,_T,Percentage of GDP,Annual,26.108
764,2021,MHL,TAX_REV,S13,Total tax revenue,_T,Percentage of GDP,Annual,25.624
765,2020,MHL,TAX_REV,S13,Total tax revenue,_T,Percentage of GDP,Annual,26.4
766,2019,MHL,TAX_REV,S13,Total tax revenue,_T,Percentage of GDP,Annual,26.603
767,2018,MHL,TAX_REV,S13,Total tax revenue,_T,Percentage of GDP,Annual,26.906
768,2017,MHL,TAX_REV,S13,Total tax revenue,_T,Percentage of GDP,Annual,26.416
769,2016,MHL,TAX_REV,S13,Total tax revenue,_T,Percentage of GDP,Annual,25.137
770,2015,MHL,TAX_REV,S13,Total tax revenue,_T,Percentage of GDP,Annual,25.805
771,2014,MHL,TAX_REV,S13,Total tax revenue,_T,Percentage of GDP,Annual,24.452
772,2022,GHA,TAX_REV,S13,Total tax revenue,_T,Percentage of GDP,Annual,13.961
773,2021,GHA,TAX_REV,S13,Total tax revenue,_T,Percentage of GDP,Annual,14.048
774,2020,GHA,TAX_REV,S13,Total tax revenue,_T,Percentage of GDP,Annual,13.131
775,2019,GHA,TAX_REV,S13,Total tax revenue,_T,Percentage of GDP,Annual,13.193
776,2018,GHA,TAX_REV,S13,Total tax revenue,_T,Percentage of GDP,Annual,13.67
777,2017,GHA,TAX_REV,S13,Total tax revenue,_T,Percentage of GDP,Annual,13.449
778,2016,GHA,TAX_REV,S13,Total tax revenue,_T,Percentage of GDP,Annual,13.092
779,2015,GHA,TAX_REV,S13,Total tax revenue,_T,Percentage of GDP,Annual,12.855
780,2014,GHA,TAX_REV,S13,Total tax revenue,_T,Percentage of GDP,Annual,11.938
781,2022,GAB,TAX_REV,S13,Total tax revenue,_T,Percentage of GDP,Annual,11.419
782,2021,GAB,TAX_REV,S13,Total tax revenue,_T,Percentage of GDP,Annual,10.321
783,2020,GAB,TAX_REV,S13,Total tax revenue,_T,Percentage of GDP,Annual,12.838
784,2019,GAB,TAX_REV,S13,Total tax revenue,_T,Percentage of GDP,Annual,12.09
785,2018,GAB,TAX_REV,S13,Total tax revenue,_T,Percentage of GDP,Annual,10.372
786,2017,GAB,TAX_REV,S13,Total tax revenue,_T,Percentage of GDP,Annual,10.885
787,2016,GAB,TAX_REV,S13,Total tax revenue,_T,Percentage of GDP,Annual,12.316
788,2015,GAB,TAX_REV,S13,Total tax revenue,_T,Percentage of GDP,Annual,15.314
789,2014,GAB,TAX_REV,S13,Total tax revenue,_T,Percentage of GDP,Annual,16.451
790,2023,Vietnam,TAX_REV,S13,Total tax revenue,_T,Percentage of GDP,Annual,16.833
791,2022,Vietnam,TAX_REV,S13,Total tax revenue,_T,Percentage of GDP,Annual,18.803
792,2021,Vietnam,TAX_REV,S13,Total tax revenue,_T,Percentage of GDP,Annual,18.206
793,2020,Vietnam,TAX_REV,S13,Total tax revenue,_T,Percentage of GDP,Annual,17.672
794,2019,Vietnam,TAX_REV,S13,Total tax revenue,_T,Percentage of GDP,Annual,18.926
795,2018,Vietnam,TAX_REV,S13,Total tax revenue,_T,Percentage of GDP,Annual,18.342
796,2017,Vietnam,TAX_REV,S13,Total tax revenue,_T,Percentage of GDP,Annual,18.414
797,2016,Vietnam,TAX_REV,S13,Total tax revenue,_T,Percentage of GDP,Annual,18.361
798,2015,Vietnam,TAX_REV,S13,Total tax revenue,_T,Percentage of GDP,Annual,18.169
799,2014,Vietnam,TAX_REV,S13,Total tax revenue,_T,Percentage of GDP,Annual,17.729
800,2022,MRT,TAX_REV,S13,Total tax revenue,_T,Percentage of GDP,Annual,14.673
801,2021,MRT,TAX_REV,S13,Total tax revenue,_T,Percentage of GDP,Annual,14.397
802,2020,MRT,TAX_REV,S13,Total tax revenue,_T,Percentage of GDP,Annual,12.565
803,2019,MRT,TAX_REV,S13,Total tax revenue,_T,Percentage of GDP,Annual,13.786
804,2018,MRT,TAX_REV,S13,Total tax revenue,_T,Percentage of GDP,Annual,15.139
805,2017,MRT,TAX_REV,S13,Total tax revenue,_T,Percentage of GDP,Annual,14.442
806,2016,MRT,TAX_REV,S13,Total tax revenue,_T,Percentage of GDP,Annual,14.173
807,2015,MRT,TAX_REV,S13,Total tax revenue,_T,Percentage of GDP,Annual,14.53
808,2014,MRT,TAX_REV,S13,Total tax revenue,_T,Percentage of GDP,Annual,15.125
809,2022,GNQ,TAX_REV,S13,Total tax revenue,_T,Percentage of GDP,Annual,8.136
810,2021,GNQ,TAX_REV,S13,Total tax revenue,_T,Percentage of GDP,Annual,5.939
811,2020,GNQ,TAX_REV,S13,Total tax revenue,_T,Percentage of GDP,Annual,8.611
812,2019,GNQ,TAX_REV,S13,Total tax revenue,_T,Percentage of GDP,Annual,9.783
813,2018,GNQ,TAX_REV,S13,Total tax revenue,_T,Percentage of GDP,Annual,6.6
814,2017,GNQ,TAX_REV,S13,Total tax revenue,_T,Percentage of GDP,Annual,6.65
815,2016,GNQ,TAX_REV,S13,Total tax revenue,_T,Percentage of GDP,Annual,7.089
816,2015,GNQ,TAX_REV,S13,Total tax revenue,_T,Percentage of GDP,Annual,12.006
817,2014,GNQ,TAX_REV,S13,Total tax revenue,_T,Percentage of GDP,Annual,9.756
818,2018,Italy,TAX_REV,S13,Total tax revenue,_T,Percentage of GDP,Annual,41.731
819,2017,Italy,TAX_REV,S13,Total tax revenue,_T,Percentage of GDP,Annual,41.912
820,2016,Italy,TAX_REV,S13,Total tax revenue,_T,Percentage of GDP,Annual,42.242
821,2015,Italy,TAX_REV,S13,Total tax revenue,_T,Percentage of GDP,Annual,42.958
822,2014,Italy,TAX_REV,S13,Total tax revenue,_T,Percentage of GDP,Annual,43.325
823,2023,Israel,TAX_REV,S13,Total tax revenue,_T,Percentage of GDP,Annual,29.805
824,2022,Israel,TAX_REV,S13,Total tax revenue,_T,Percentage of GDP,Annual,32.78
825,2021,Israel,TAX_REV,S13,Total tax revenue,_T,Percentage of GDP,Annual,32.305
826,2020,Israel,TAX_REV,S13,Total tax revenue,_T,Percentage of GDP,Annual,29.581
827,2019,Israel,TAX_REV,S13,Total tax revenue,_T,Percentage of GDP,Annual,30.125
828,2018,Israel,TAX_REV,S13,Total tax revenue,_T,Percentage of GDP,Annual,30.761
829,2017,Israel,TAX_REV,S13,Total tax revenue,_T,Percentage of GDP,Annual,32.196
830,2016,Israel,TAX_REV,S13,Total tax revenue,_T,Percentage of GDP,Annual,30.998
831,2015,Israel,TAX_REV,S13,Total tax revenue,_T,Percentage of GDP,Annual,31.035
832,2014,Israel,TAX_REV,S13,Total tax revenue,_T,Percentage of GDP,Annual,30.642
833,2023,Ireland,TAX_REV,S13,Total tax revenue,_T,Percentage of GDP,Annual,21.897
834,2022,Ireland,TAX_REV,S13,Total tax revenue,_T,Percentage of GDP,Annual,20.255
835,2021,Ireland,TAX_REV,S13,Total tax revenue,_T,Percentage of GDP,Annual,20.041
836,2020,Ireland,TAX_REV,S13,Total tax revenue,_T,Percentage of GDP,Annual,19.37
837,2019,Ireland,TAX_REV,S13,Total tax revenue,_T,Percentage of GDP,Annual,21.444
838,2018,Ireland,TAX_REV,S13,Total tax revenue,_T,Percentage of GDP,Annual,21.758
839,2017,Ireland,TAX_REV,S13,Total tax revenue,_T,Percentage of GDP,Annual,21.741
840,2016,Ireland,TAX_REV,S13,Total tax revenue,_T,Percentage of GDP,Annual,23.032
841,2015,Ireland,TAX_REV,S13,Total tax revenue,_T,Percentage of GDP,Annual,22.344
842,2014,Ireland,TAX_REV,S13,Total tax revenue,_T,Percentage of GDP,Annual,27.899
843,2023,Iceland,TAX_REV,S13,Total tax revenue,_T,Percentage of GDP,Annual,35.924
844,2022,Iceland,TAX_REV,S13,Total tax revenue,_T,Percentage of GDP,Annual,35.166
845,2021,Iceland,TAX_REV,S13,Total tax revenue,_T,Percentage of GDP,Annual,34.797
846,2020,Iceland,TAX_REV,S13,Total tax revenue,_T,Percentage of GDP,Annual,36.225
847,2019,Iceland,TAX_REV,S13,Total tax revenue,_T,Percentage of GDP,Annual,35.094
848,2018,Iceland,TAX_REV,S13,Total tax revenue,_T,Percentage of GDP,Annual,36.457
849,2017,Iceland,TAX_REV,S13,Total tax revenue,_T,Percentage of GDP,Annual,37.13
850,2016,Iceland,TAX_REV,S13,Total tax revenue,_T,Percentage of GDP,Annual,50.286
851,2015,Iceland,TAX_REV,S13,Total tax revenue,_T,Percentage of GDP,Annual,35.139
852,2014,Iceland,TAX_REV,S13,Total tax revenue,_T,Percentage of GDP,Annual,37.111
853,2023,Hungary,TAX_REV,S13,Total tax revenue,_T,Percentage of GDP,Annual,34.19
854,2022,Hungary,TAX_REV,S13,Total tax revenue,_T,Percentage of GDP,Annual,35.149
855,2021,Hungary,TAX_REV,S13,Total tax revenue,_T,Percentage of GDP,Annual,33.777
856,2020,Hungary,TAX_REV,S13,Total tax revenue,_T,Percentage of GDP,Annual,35.969
857,2019,Hungary,TAX_REV,S13,Total tax revenue,_T,Percentage of GDP,Annual,36.306
858,2018,Hungary,TAX_REV,S13,Total tax revenue,_T,Percentage of GDP,Annual,36.79
859,2017,Hungary,TAX_REV,S13,Total tax revenue,_T,Percentage of GDP,Annual,37.818
860,2016,Hungary,TAX_REV,S13,Total tax revenue,_T,Percentage of GDP,Annual,39.038
861,2015,Hungary,TAX_REV,S13,Total tax revenue,_T,Percentage of GDP,Annual,38.666
862,2014,Hungary,TAX_REV,S13,Total tax revenue,_T,Percentage of GDP,Annual,38.362
863,2023,Greece,TAX_REV,S13,Total tax revenue,_T,Percentage of GDP,Annual,39.779
864,2022,Greece,TAX_REV,S13,Total tax revenue,_T,Percentage of GDP,Annual,41.212
865,2021,Greece,TAX_REV,S13,Total tax revenue,_T,Percentage of GDP,Annual,40.041
866,2020,Greece,TAX_REV,S13,Total tax revenue,_T,Percentage of GDP,Annual,39.509
867,2019,Greece,TAX_REV,S13,Total tax revenue,_T,Percentage of GDP,Annual,39.492
868,2018,Greece,TAX_REV,S13,Total tax revenue,_T,Percentage of GDP,Annual,40.345
869,2017,Greece,TAX_REV,S13,Total tax revenue,_T,Percentage of GDP,Annual,39.722
870,2016,Greece,TAX_REV,S13,Total tax revenue,_T,Percentage of GDP,Annual,39.212
871,2015,Greece,TAX_REV,S13,Total tax revenue,_T,Percentage of GDP,Annual,36.946
872,2014,Greece,TAX_REV,S13,Total tax revenue,_T,Percentage of GDP,Annual,36.687
873,2023,Germany,TAX_REV,S13,Total tax revenue,_T,Percentage of GDP,Annual,38.057
874,2022,Germany,TAX_REV,S13,Total tax revenue,_T,Percentage of GDP,Annual,39.647
875,2021,Germany,TAX_REV,S13,Total tax revenue,_T,Percentage of GDP,Annual,39.781
876,2020,Germany,TAX_REV,S13,Total tax revenue,_T,Percentage of GDP,Annual,38.652
877,2019,Germany,TAX_REV,S13,Total tax revenue,_T,Percentage of GDP,Annual,39.326
878,2018,Germany,TAX_REV,S13,Total tax revenue,_T,Percentage of GDP,Annual,39.196
879,2017,Germany,TAX_REV,S13,Total tax revenue,_T,Percentage of GDP,Annual,38.528
880,2016,Germany,TAX_REV,S13,Total tax revenue,_T,Percentage of GDP,Annual,38.518
881,2015,Germany,TAX_REV,S13,Total tax revenue,_T,Percentage of GDP,Annual,38.052
882,2014,Germany,TAX_REV,S13,Total tax revenue,_T,Percentage of GDP,Annual,37.614
883,2023,France,TAX_REV,S13,Total tax revenue,_T,Percentage of GDP,Annual,43.814
884,2022,France,TAX_REV,S13,Total tax revenue,_T,Percentage of GDP,Annual,45.774
885,2021,France,TAX_REV,S13,Total tax revenue,_T,Percentage of GDP,Annual,45.059
886,2020,France,TAX_REV,S13,Total tax revenue,_T,Percentage of GDP,Annual,45.239
887,2019,France,TAX_REV,S13,Total tax revenue,_T,Percentage of GDP,Annual,45.024
888,2018,France,TAX_REV,S13,Total tax revenue,_T,Percentage of GDP,Annual,46.022
889,2017,France,TAX_REV,S13,Total tax revenue,_T,Percentage of GDP,Annual,46.239
890,2016,France,TAX_REV,S13,Total tax revenue,_T,Percentage of GDP,Annual,45.397
891,2015,France,TAX_REV,S13,Total tax revenue,_T,Percentage of GDP,Annual,45.363
892,2014,France,TAX_REV,S13,Total tax revenue,_T,Percentage of GDP,Annual,45.406
893,2023,Finland,TAX_REV,S13,Total tax revenue,_T,Percentage of GDP,Annual,42.45
894,2022,Finland,TAX_REV,S13,Total tax revenue,_T,Percentage of GDP,Annual,43.175
895,2021,Finland,TAX_REV,S13,Total tax revenue,_T,Percentage of GDP,Annual,43.211
896,2020,Finland,TAX_REV,S13,Total tax revenue,_T,Percentage of GDP,Annual,41.846
897,2019,Finland,TAX_REV,S13,Total tax revenue,_T,Percentage of GDP,Annual,42.291
898,2018,Finland,TAX_REV,S13,Total tax revenue,_T,Percentage of GDP,Annual,42.387
899,2017,Finland,TAX_REV,S13,Total tax revenue,_T,Percentage of GDP,Annual,42.857
900,2014,OECD Total,TAX_REV,S13,Total tax revenue,_T,Percentage of GDP,Annual,32.831
901,2016,Finland,TAX_REV,S13,Total tax revenue,_T,Percentage of GDP,Annual,43.727
902,2015,Finland,TAX_REV,S13,Total tax revenue,_T,Percentage of GDP,Annual,43.524
903,2014,Finland,TAX_REV,S13,Total tax revenue,_T,Percentage of GDP,Annual,43.513
904,2023,Estonia,TAX_REV,S13,Total tax revenue,_T,Percentage of GDP,Annual,33.51
905,2022,Estonia,TAX_REV,S13,Total tax revenue,_T,Percentage of GDP,Annual,32.554
906,2021,Estonia,TAX_REV,S13,Total tax revenue,_T,Percentage of GDP,Annual,33.502
907,2020,Estonia,TAX_REV,S13,Total tax revenue,_T,Percentage of GDP,Annual,32.79
908,2019,Estonia,TAX_REV,S13,Total tax revenue,_T,Percentage of GDP,Annual,32.655
909,2018,Estonia,TAX_REV,S13,Total tax revenue,_T,Percentage of GDP,Annual,32.271
910,2017,Estonia,TAX_REV,S13,Total tax revenue,_T,Percentage of GDP,Annual,31.902
911,2016,Estonia,TAX_REV,S13,Total tax revenue,_T,Percentage of GDP,Annual,32.851
912,2015,Estonia,TAX_REV,S13,Total tax revenue,_T,Percentage of GDP,Annual,32.719
913,2014,Estonia,TAX_REV,S13,Total tax revenue,_T,Percentage of GDP,Annual,31.635
914,2023,Denmark,TAX_REV,S13,Total tax revenue,_T,Percentage of GDP,Annual,43.391
915,2022,Denmark,TAX_REV,S13,Total tax revenue,_T,Percentage of GDP,Annual,41.934
916,2021,Denmark,TAX_REV,S13,Total tax revenue,_T,Percentage of GDP,Annual,47.249
917,2020,Denmark,TAX_REV,S13,Total tax revenue,_T,Percentage of GDP,Annual,47.237
918,2019,Denmark,TAX_REV,S13,Total tax revenue,_T,Percentage of GDP,Annual,47.146
919,2018,Denmark,TAX_REV,S13,Total tax revenue,_T,Percentage of GDP,Annual,44.445
920,2017,Denmark,TAX_REV,S13,Total tax revenue,_T,Percentage of GDP,Annual,45.457
921,2016,Denmark,TAX_REV,S13,Total tax revenue,_T,Percentage of GDP,Annual,45.799
922,2015,Denmark,TAX_REV,S13,Total tax revenue,_T,Percentage of GDP,Annual,46.487
923,2014,Denmark,TAX_REV,S13,Total tax revenue,_T,Percentage of GDP,Annual,48.776
924,2023,Czech Republic,TAX_REV,S13,Total tax revenue,_T,Percentage of GDP,Annual,33.7
925,2022,Czech Republic,TAX_REV,S13,Total tax revenue,_T,Percentage of GDP,Annual,33.187
926,2021,Czech Republic,TAX_REV,S13,Total tax revenue,_T,Percentage of GDP,Annual,33.654
927,2020,Czech Republic,TAX_REV,S13,Total tax revenue,_T,Percentage of GDP,Annual,34.046
928,2019,Czech Republic,TAX_REV,S13,Total tax revenue,_T,Percentage of GDP,Annual,34.203
929,2018,Czech Republic,TAX_REV,S13,Total tax revenue,_T,Percentage of GDP,Annual,34.559
930,2017,Czech Republic,TAX_REV,S13,Total tax revenue,_T,Percentage of GDP,Annual,33.982
931,2016,Czech Republic,TAX_REV,S13,Total tax revenue,_T,Percentage of GDP,Annual,33.707
932,2015,Czech Republic,TAX_REV,S13,Total tax revenue,_T,Percentage of GDP,Annual,32.946
933,2014,Czech Republic,TAX_REV,S13,Total tax revenue,_T,Percentage of GDP,Annual,32.61
934,2023,Costa Rica,TAX_REV,S13,Total tax revenue,_T,Percentage of GDP,Annual,24.931
935,2022,Costa Rica,TAX_REV,S13,Total tax revenue,_T,Percentage of GDP,Annual,25.186
936,2021,Costa Rica,TAX_REV,S13,Total tax revenue,_T,Percentage of GDP,Annual,24.845
937,2020,Costa Rica,TAX_REV,S13,Total tax revenue,_T,Percentage of GDP,Annual,22.566
938,2019,Costa Rica,TAX_REV,S13,Total tax revenue,_T,Percentage of GDP,Annual,23.408
939,2018,Costa Rica,TAX_REV,S13,Total tax revenue,_T,Percentage of GDP,Annual,23.157
940,2017,Costa Rica,TAX_REV,S13,Total tax revenue,_T,Percentage of GDP,Annual,22.984
941,2016,Costa Rica,TAX_REV,S13,Total tax revenue,_T,Percentage of GDP,Annual,23.486
942,2015,Costa Rica,TAX_REV,S13,Total tax revenue,_T,Percentage of GDP,Annual,22.947
943,2014,Costa Rica,TAX_REV,S13,Total tax revenue,_T,Percentage of GDP,Annual,22.609
944,2023,Colombia,TAX_REV,S13,Total tax revenue,_T,Percentage of GDP,Annual,22.243
945,2022,Colombia,TAX_REV,S13,Total tax revenue,_T,Percentage of GDP,Annual,19.652
946,2021,Colombia,TAX_REV,S13,Total tax revenue,_T,Percentage of GDP,Annual,19.193
947,2020,Colombia,TAX_REV,S13,Total tax revenue,_T,Percentage of GDP,Annual,18.773
948,2019,Colombia,TAX_REV,S13,Total tax revenue,_T,Percentage of GDP,Annual,19.692
949,2018,Colombia,TAX_REV,S13,Total tax revenue,_T,Percentage of GDP,Annual,19.265
950,2017,Colombia,TAX_REV,S13,Total tax revenue,_T,Percentage of GDP,Annual,18.983
951,2016,Colombia,TAX_REV,S13,Total tax revenue,_T,Percentage of GDP,Annual,19.079
952,2015,Colombia,TAX_REV,S13,Total tax revenue,_T,Percentage of GDP,Annual,19.903
953,2014,Colombia,TAX_REV,S13,Total tax revenue,_T,Percentage of GDP,Annual,19.55
954,2023,Chile,TAX_REV,S13,Total tax revenue,_T,Percentage of GDP,Annual,20.615
955,2022,Chile,TAX_REV,S13,Total tax revenue,_T,Percentage of GDP,Annual,23.841
956,2021,Chile,TAX_REV,S13,Total tax revenue,_T,Percentage of GDP,Annual,22.317
957,2020,Chile,TAX_REV,S13,Total tax revenue,_T,Percentage of GDP,Annual,19.29
958,2019,Chile,TAX_REV,S13,Total tax revenue,_T,Percentage of GDP,Annual,20.982
959,2018,Chile,TAX_REV,S13,Total tax revenue,_T,Percentage of GDP,Annual,21.282
960,2017,Chile,TAX_REV,S13,Total tax revenue,_T,Percentage of GDP,Annual,20.223
961,2016,Chile,TAX_REV,S13,Total tax revenue,_T,Percentage of GDP,Annual,20.223
962,2015,Chile,TAX_REV,S13,Total tax revenue,_T,Percentage of GDP,Annual,20.51
963,2014,Chile,TAX_REV,S13,Total tax revenue,_T,Percentage of GDP,Annual,19.699
964,2023,Canada,TAX_REV,S13,Total tax revenue,_T,Percentage of GDP,Annual,34.778
965,2022,Canada,TAX_REV,S13,Total tax revenue,_T,Percentage of GDP,Annual,33.832
966,2021,Canada,TAX_REV,S13,Total tax revenue,_T,Percentage of GDP,Annual,34.799
967,2020,Canada,TAX_REV,S13,Total tax revenue,_T,Percentage of GDP,Annual,34.468
968,2019,Canada,TAX_REV,S13,Total tax revenue,_T,Percentage of GDP,Annual,33.082
969,2018,Canada,TAX_REV,S13,Total tax revenue,_T,Percentage of GDP,Annual,33.482
970,2017,Canada,TAX_REV,S13,Total tax revenue,_T,Percentage of GDP,Annual,33.044
971,2016,Canada,TAX_REV,S13,Total tax revenue,_T,Percentage of GDP,Annual,33.258
972,2015,Canada,TAX_REV,S13,Total tax revenue,_T,Percentage of GDP,Annual,32.82
973,2014,Canada,TAX_REV,S13,Total tax revenue,_T,Percentage of GDP,Annual,31.266
974,2023,Belgium,TAX_REV,S13,Total tax revenue,_T,Percentage of GDP,Annual,42.58
975,2022,Belgium,TAX_REV,S13,Total tax revenue,_T,Percentage of GDP,Annual,42.377
976,2021,Belgium,TAX_REV,S13,Total tax revenue,_T,Percentage of GDP,Annual,42.065
977,2020,Belgium,TAX_REV,S13,Total tax revenue,_T,Percentage of GDP,Annual,42.219
978,2019,Belgium,TAX_REV,S13,Total tax revenue,_T,Percentage of GDP,Annual,42.385
979,2018,Belgium,TAX_REV,S13,Total tax revenue,_T,Percentage of GDP,Annual,43.824
980,2017,Belgium,TAX_REV,S13,Total tax revenue,_T,Percentage of GDP,Annual,43.797
981,2016,Belgium,TAX_REV,S13,Total tax revenue,_T,Percentage of GDP,Annual,43.288
982,2015,Belgium,TAX_REV,S13,Total tax revenue,_T,Percentage of GDP,Annual,44.115
983,2014,Belgium,TAX_REV,S13,Total tax revenue,_T,Percentage of GDP,Annual,44.75
984,2023,Austria,TAX_REV,S13,Total tax revenue,_T,Percentage of GDP,Annual,42.665
985,2022,Austria,TAX_REV,S13,Total tax revenue,_T,Percentage of GDP,Annual,43.181
986,2021,Austria,TAX_REV,S13,Total tax revenue,_T,Percentage of GDP,Annual,43.383
987,2020,Austria,TAX_REV,S13,Total tax revenue,_T,Percentage of GDP,Annual,42.102
988,2019,Austria,TAX_REV,S13,Total tax revenue,_T,Percentage of GDP,Annual,42.617
989,2018,Austria,TAX_REV,S13,Total tax revenue,_T,Percentage of GDP,Annual,42.261
990,2017,Austria,TAX_REV,S13,Total tax revenue,_T,Percentage of GDP,Annual,41.871
991,2016,Austria,TAX_REV,S13,Total tax revenue,_T,Percentage of GDP,Annual,41.753
992,2015,Austria,TAX_REV,S13,Total tax revenue,_T,Percentage of GDP,Annual,43.126
993,2014,Austria,TAX_REV,S13,Total tax revenue,_T,Percentage of GDP,Annual,42.699
994,2019,Australia,TAX_REV,S13,Total tax revenue,_T,Percentage of GDP,Annual,27.657
995,2018,Australia,TAX_REV,S13,Total tax revenue,_T,Percentage of GDP,Annual,28.571
996,2017,Australia,TAX_REV,S13,Total tax revenue,_T,Percentage of GDP,Annual,28.517
997,2016,Australia,TAX_REV,S13,Total tax revenue,_T,Percentage of GDP,Annual,27.511
998,2015,Australia,TAX_REV,S13,Total tax revenue,_T,Percentage of GDP,Annual,27.773
999,2014,Australia,TAX_REV,S13,Total tax revenue,_T,Percentage of GDP,Annual,27.15
1000,2023,A9,TAX_REV,S13,Total tax revenue,_T,Percentage of GDP,Annual,21.261
1001,2022,A9,TAX_REV,S13,Total tax revenue,_T,Percentage of GDP,Annual,21.422
1002,2021,A9,TAX_REV,S13,Total tax revenue,_T,Percentage of GDP,Annual,21.012
1003,2020,A9,TAX_REV,S13,Total tax revenue,_T,Percentage of GDP,Annual,20.816
1004,2019,A9,TAX_REV,S13,Total tax revenue,_T,Percentage of GDP,Annual,21.44
1005,2018,A9,TAX_REV,S13,Total tax revenue,_T,Percentage of GDP,Annual,21.258
1006,2017,A9,TAX_REV,S13,Total tax revenue,_T,Percentage of GDP,Annual,20.956
1007,2016,A9,TAX_REV,S13,Total tax revenue,_T,Percentage of GDP,Annual,20.949
1008,2015,A9,TAX_REV,S13,Total tax revenue,_T,Percentage of GDP,Annual,21.043
1009,2014,A9,TAX_REV,S13,Total tax revenue,_T,Percentage of GDP,Annual,20.567
1010,2023,URY,TAX_REV,S13,Total tax revenue,_T,Percentage of GDP,Annual,27.411
1011,2022,URY,TAX_REV,S13,Total tax revenue,_T,Percentage of GDP,Annual,27.009
1012,2021,URY,TAX_REV,S13,Total tax revenue,_T,Percentage of GDP,Annual,25.879
1013,2020,URY,TAX_REV,S13,Total tax revenue,_T,Percentage of GDP,Annual,26.625
1014,2019,URY,TAX_REV,S13,Total tax revenue,_T,Percentage of GDP,Annual,26.15
1015,2018,URY,TAX_REV,S13,Total tax revenue,_T,Percentage of GDP,Annual,26.623
1016,2017,URY,TAX_REV,S13,Total tax revenue,_T,Percentage of GDP,Annual,26.548
1017,2016,URY,TAX_REV,S13,Total tax revenue,_T,Percentage of GDP,Annual,25.486
1018,2015,URY,TAX_REV,S13,Total tax revenue,_T,Percentage of GDP,Annual,25.076
1019,2014,URY,TAX_REV,S13,Total tax revenue,_T,Percentage of GDP,Annual,25.149
1020,2023,GUY,TAX_REV,S13,Total tax revenue,_T,Percentage of GDP,Annual,11.593
1021,2022,GUY,TAX_REV,S13,Total tax revenue,_T,Percentage of GDP,Annual,10.57
1022,2021,GUY,TAX_REV,S13,Total tax revenue,_T,Percentage of GDP,Annual,16.843
1023,2020,GUY,TAX_REV,S13,Total tax revenue,_T,Percentage of GDP,Annual,21.346
1024,2019,GUY,TAX_REV,S13,Total tax revenue,_T,Percentage of GDP,Annual,23.198
1025,2018,GUY,TAX_REV,S13,Total tax revenue,_T,Percentage of GDP,Annual,22.165
1026,2017,GUY,TAX_REV,S13,Total tax revenue,_T,Percentage of GDP,Annual,19.532
1027,2016,GUY,TAX_REV,S13,Total tax revenue,_T,Percentage of GDP,Annual,18.398
1028,2015,GUY,TAX_REV,S13,Total tax revenue,_T,Percentage of GDP,Annual,18.092
1029,2014,GUY,TAX_REV,S13,Total tax revenue,_T,Percentage of GDP,Annual,17.765
1030,2023,LIE,TAX_REV,S13,Total tax revenue,_T,Percentage of GDP,Annual,21.496
1031,2022,LIE,TAX_REV,S13,Total tax revenue,_T,Percentage of GDP,Annual,20.809
1032,2021,LIE,TAX_REV,S13,Total tax revenue,_T,Percentage of GDP,Annual,19.328
1033,2020,LIE,TAX_REV,S13,Total tax revenue,_T,Percentage of GDP,Annual,28.141
1034,2019,LIE,TAX_REV,S13,Total tax revenue,_T,Percentage of GDP,Annual,21.494
1035,2018,LIE,TAX_REV,S13,Total tax revenue,_T,Percentage of GDP,Annual,19.882
1036,2017,LIE,TAX_REV,S13,Total tax revenue,_T,Percentage of GDP,Annual,19.331
1037,2016,LIE,TAX_REV,S13,Total tax revenue,_T,Percentage of GDP,Annual,19.956
1038,2015,LIE,TAX_REV,S13,Total tax revenue,_T,Percentage of GDP,Annual,20.428
1039,2014,LIE,TAX_REV,S13,Total tax revenue,_T,Percentage of GDP,Annual,18.745
1040,2023,MYS,TAX_REV,S13,Total tax revenue,_T,Percentage of GDP,Annual,13.12
1041,2022,MYS,TAX_REV,S13,Total tax revenue,_T,Percentage of GDP,Annual,12.144
1042,2023,ARM,TAX_REV,S13,Total tax revenue,_T,Percentage of GDP,Annual,23.505
1043,2022,ARM,TAX_REV,S13,Total tax revenue,_T,Percentage of GDP,Annual,22.655
1044,2021,ARM,TAX_REV,S13,Total tax revenue,_T,Percentage of GDP,Annual,22.697
1045,2020,ARM,TAX_REV,S13,Total tax revenue,_T,Percentage of GDP,Annual,22.407
1046,2019,ARM,TAX_REV,S13,Total tax revenue,_T,Percentage of GDP,Annual,22.379
1047,2018,ARM,TAX_REV,S13,Total tax revenue,_T,Percentage of GDP,Annual,20.909
1048,2017,ARM,TAX_REV,S13,Total tax revenue,_T,Percentage of GDP,Annual,20.812
1049,2016,ARM,TAX_REV,S13,Total tax revenue,_T,Percentage of GDP,Annual,21.279
1050,2015,ARM,TAX_REV,S13,Total tax revenue,_T,Percentage of GDP,Annual,21.129
1051,2014,ARM,TAX_REV,S13,Total tax revenue,_T,Percentage of GDP,Annual,22.012
1052,2023,Argentina,TAX_REV,S13,Total tax revenue,_T,Percentage of GDP,Annual,27.842
1053,2022,Argentina,TAX_REV,S13,Total tax revenue,_T,Percentage of GDP,Annual,29.558
1054,2021,Argentina,TAX_REV,S13,Total tax revenue,_T,Percentage of GDP,Annual,29.129
1055,2020,Argentina,TAX_REV,S13,Total tax revenue,_T,Percentage of GDP,Annual,29.746
1056,2019,Argentina,TAX_REV,S13,Total tax revenue,_T,Percentage of GDP,Annual,28.503
1057,2018,Argentina,TAX_REV,S13,Total tax revenue,_T,Percentage of GDP,Annual,28.513
1058,2017,Argentina,TAX_REV,S13,Total tax revenue,_T,Percentage of GDP,Annual,30.041
1059,2016,Argentina,TAX_REV,S13,Total tax revenue,_T,Percentage of GDP,Annual,30.673
1060,2015,Argentina,TAX_REV,S13,Total tax revenue,_T,Percentage of GDP,Annual,31.454
1061,2014,Argentina,TAX_REV,S13,Total tax revenue,_T,Percentage of GDP,Annual,31.123
1062,2023,ATG,TAX_REV,S13,Total tax revenue,_T,Percentage of GDP,Annual,17.852
1063,2022,ATG,TAX_REV,S13,Total tax revenue,_T,Percentage of GDP,Annual,18.097
1064,2021,ATG,TAX_REV,S13,Total tax revenue,_T,Percentage of GDP,Annual,18.581
1065,2020,ATG,TAX_REV,S13,Total tax revenue,_T,Percentage of GDP,Annual,19.17
1066,2019,ATG,TAX_REV,S13,Total tax revenue,_T,Percentage of GDP,Annual,17.592
1067,2018,ATG,TAX_REV,S13,Total tax revenue,_T,Percentage of GDP,Annual,18.344
1068,2017,ATG,TAX_REV,S13,Total tax revenue,_T,Percentage of GDP,Annual,18.724
1069,2016,ATG,TAX_REV,S13,Total tax revenue,_T,Percentage of GDP,Annual,18.893
1070,2015,ATG,TAX_REV,S13,Total tax revenue,_T,Percentage of GDP,Annual,18.948
1071,2014,ATG,TAX_REV,S13,Total tax revenue,_T,Percentage of GDP,Annual,18.019
1072,2023,United States,TAX_REV,S13,Total tax revenue,_T,Percentage of GDP,Annual,25.184
1073,2022,United States,TAX_REV,S13,Total tax revenue,_T,Percentage of GDP,Annual,27.607
1074,2021,United States,TAX_REV,S13,Total tax revenue,_T,Percentage of GDP,Annual,26.709
1075,2020,United States,TAX_REV,S13,Total tax revenue,_T,Percentage of GDP,Annual,25.57
1076,2019,United States,TAX_REV,S13,Total tax revenue,_T,Percentage of GDP,Annual,24.982
1077,2018,United States,TAX_REV,S13,Total tax revenue,_T,Percentage of GDP,Annual,24.816
1078,2017,United States,TAX_REV,S13,Total tax revenue,_T,Percentage of GDP,Annual,26.459
1079,2016,United States,TAX_REV,S13,Total tax revenue,_T,Percentage of GDP,Annual,25.713
1080,2015,United States,TAX_REV,S13,Total tax revenue,_T,Percentage of GDP,Annual,26.087
1081,2014,United States,TAX_REV,S13,Total tax revenue,_T,Percentage of GDP,Annual,25.786
1082,2023,United Kingdom,TAX_REV,S13,Total tax revenue,_T,Percentage of GDP,Annual,35.335
1083,2022,United Kingdom,TAX_REV,S13,Total tax revenue,_T,Percentage of GDP,Annual,35.42
1084,2021,United Kingdom,TAX_REV,S13,Total tax revenue,_T,Percentage of GDP,Annual,34.227
1085,2020,United Kingdom,TAX_REV,S13,Total tax revenue,_T,Percentage of GDP,Annual,32.812
1086,2019,United Kingdom,TAX_REV,S13,Total tax revenue,_T,Percentage of GDP,Annual,32.49
1087,2018,United Kingdom,TAX_REV,S13,Total tax revenue,_T,Percentage of GDP,Annual,32.768
1088,2017,United Kingdom,TAX_REV,S13,Total tax revenue,_T,Percentage of GDP,Annual,32.733
1089,2016,United Kingdom,TAX_REV,S13,Total tax revenue,_T,Percentage of GDP,Annual,32.45
1090,2015,United Kingdom,TAX_REV,S13,Total tax revenue,_T,Percentage of GDP,Annual,31.907
1091,2014,United Kingdom,TAX_REV,S13,Total tax revenue,_T,Percentage of GDP,Annual,31.693
1092,2023,Turkey,TAX_REV,S13,Total tax revenue,_T,Percentage of GDP,Annual,23.455
1093,2022,Turkey,TAX_REV,S13,Total tax revenue,_T,Percentage of GDP,Annual,20.945
1094,2021,Turkey,TAX_REV,S13,Total tax revenue,_T,Percentage of GDP,Annual,22.914
1095,2020,Turkey,TAX_REV,S13,Total tax revenue,_T,Percentage of GDP,Annual,23.861
1096,2019,Turkey,TAX_REV,S13,Total tax revenue,_T,Percentage of GDP,Annual,23.103
1097,2018,Turkey,TAX_REV,S13,Total tax revenue,_T,Percentage of GDP,Annual,23.968
1098,2017,Turkey,TAX_REV,S13,Total tax revenue,_T,Percentage of GDP,Annual,24.68
1099,2016,Turkey,TAX_REV,S13,Total tax revenue,_T,Percentage of GDP,Annual,25.128
1100,2015,Turkey,TAX_REV,S13,Total tax revenue,_T,Percentage of GDP,Annual,24.957
1101,2014,Turkey,TAX_REV,S13,Total tax revenue,_T,Percentage of GDP,Annual,24.457
1102,2023,Switzerland,TAX_REV,S13,Total tax revenue,_T,Percentage of GDP,Annual,27.093
1103,2022,Switzerland,TAX_REV,S13,Total tax revenue,_T,Percentage of GDP,Annual,26.91
1104,2021,Switzerland,TAX_REV,S13,Total tax revenue,_T,Percentage of GDP,Annual,28.035
1105,2020,Switzerland,TAX_REV,S13,Total tax revenue,_T,Percentage of GDP,Annual,27.912
1106,2019,Switzerland,TAX_REV,S13,Total tax revenue,_T,Percentage of GDP,Annual,27.66
1107,2018,Switzerland,TAX_REV,S13,Total tax revenue,_T,Percentage of GDP,Annual,27.182
1108,2017,Switzerland,TAX_REV,S13,Total tax revenue,_T,Percentage of GDP,Annual,27.716
1109,2016,Switzerland,TAX_REV,S13,Total tax revenue,_T,Percentage of GDP,Annual,26.938
1110,2015,Switzerland,TAX_REV,S13,Total tax revenue,_T,Percentage of GDP,Annual,26.956
1111,2014,Switzerland,TAX_REV,S13,Total tax revenue,_T,Percentage of GDP,Annual,26.189
1112,2023,Sweden,TAX_REV,S13,Total tax revenue,_T,Percentage of GDP,Annual,41.365
1113,2022,Sweden,TAX_REV,S13,Total tax revenue,_T,Percentage of GDP,Annual,42.512
1114,2021,Sweden,TAX_REV,S13,Total tax revenue,_T,Percentage of GDP,Annual,42.761
1115,2020,Sweden,TAX_REV,S13,Total tax revenue,_T,Percentage of GDP,Annual,42.58
1116,2019,Sweden,TAX_REV,S13,Total tax revenue,_T,Percentage of GDP,Annual,42.971
1117,2018,Sweden,TAX_REV,S13,Total tax revenue,_T,Percentage of GDP,Annual,44.11
1118,2017,Sweden,TAX_REV,S13,Total tax revenue,_T,Percentage of GDP,Annual,44.495
1119,2016,Sweden,TAX_REV,S13,Total tax revenue,_T,Percentage of GDP,Annual,44.219
1120,2015,Sweden,TAX_REV,S13,Total tax revenue,_T,Percentage of GDP,Annual,42.918
1121,2014,Sweden,TAX_REV,S13,Total tax revenue,_T,Percentage of GDP,Annual,42.49
1122,2023,Spain,TAX_REV,S13,Total tax revenue,_T,Percentage of GDP,Annual,37.328
1123,2022,Spain,TAX_REV,S13,Total tax revenue,_T,Percentage of GDP,Annual,37.59
1124,2021,Spain,TAX_REV,S13,Total tax revenue,_T,Percentage of GDP,Annual,37.813
1125,2020,Spain,TAX_REV,S13,Total tax revenue,_T,Percentage of GDP,Annual,36.844
1126,2019,Spain,TAX_REV,S13,Total tax revenue,_T,Percentage of GDP,Annual,34.663
1127,2018,Spain,TAX_REV,S13,Total tax revenue,_T,Percentage of GDP,Annual,34.645
1128,2017,Spain,TAX_REV,S13,Total tax revenue,_T,Percentage of GDP,Annual,33.852
1129,2016,Spain,TAX_REV,S13,Total tax revenue,_T,Percentage of GDP,Annual,33.58
1130,2015,Spain,TAX_REV,S13,Total tax revenue,_T,Percentage of GDP,Annual,33.827
1131,2014,Spain,TAX_REV,S13,Total tax revenue,_T,Percentage of GDP,Annual,33.872
1132,2023,Slovenia,TAX_REV,S13,Total tax revenue,_T,Percentage of GDP,Annual,36.886
1133,2022,Slovenia,TAX_REV,S13,Total tax revenue,_T,Percentage of GDP,Annual,37.402
1134,2021,Slovenia,TAX_REV,S13,Total tax revenue,_T,Percentage of GDP,Annual,38.251
1135,2020,Slovenia,TAX_REV,S13,Total tax revenue,_T,Percentage of GDP,Annual,37.555
1136,2019,Slovenia,TAX_REV,S13,Total tax revenue,_T,Percentage of GDP,Annual,37.539
1137,2018,Slovenia,TAX_REV,S13,Total tax revenue,_T,Percentage of GDP,Annual,37.239
1138,2017,Slovenia,TAX_REV,S13,Total tax revenue,_T,Percentage of GDP,Annual,37.067
1139,2016,Slovenia,TAX_REV,S13,Total tax revenue,_T,Percentage of GDP,Annual,37.385
1140,2015,Slovenia,TAX_REV,S13,Total tax revenue,_T,Percentage of GDP,Annual,37.311
1141,2014,Slovenia,TAX_REV,S13,Total tax revenue,_T,Percentage of GDP,Annual,37.179
1142,2023,Slovak Republic,TAX_REV,S13,Total tax revenue,_T,Percentage of GDP,Annual,35.489
1143,2022,Slovak Republic,TAX_REV,S13,Total tax revenue,_T,Percentage of GDP,Annual,35.011
1144,2021,Slovak Republic,TAX_REV,S13,Total tax revenue,_T,Percentage of GDP,Annual,35.41
1145,2020,Slovak Republic,TAX_REV,S13,Total tax revenue,_T,Percentage of GDP,Annual,34.778
1146,2019,Slovak Republic,TAX_REV,S13,Total tax revenue,_T,Percentage of GDP,Annual,34.534
1147,2018,Slovak Republic,TAX_REV,S13,Total tax revenue,_T,Percentage of GDP,Annual,34.027
1148,2017,Slovak Republic,TAX_REV,S13,Total tax revenue,_T,Percentage of GDP,Annual,33.966
1149,2016,Slovak Republic,TAX_REV,S13,Total tax revenue,_T,Percentage of GDP,Annual,33.071
1150,2015,Slovak Republic,TAX_REV,S13,Total tax revenue,_T,Percentage of GDP,Annual,32.51
1151,2014,Slovak Republic,TAX_REV,S13,Total tax revenue,_T,Percentage of GDP,Annual,31.861
1152,2023,Portugal,TAX_REV,S13,Total tax revenue,_T,Percentage of GDP,Annual,35.755
1153,2022,Portugal,TAX_REV,S13,Total tax revenue,_T,Percentage of GDP,Annual,36.014
1154,2021,Portugal,TAX_REV,S13,Total tax revenue,_T,Percentage of GDP,Annual,35.183
1155,2020,Portugal,TAX_REV,S13,Total tax revenue,_T,Percentage of GDP,Annual,35.164
1156,2019,Portugal,TAX_REV,S13,Total tax revenue,_T,Percentage of GDP,Annual,34.498
1157,2018,Portugal,TAX_REV,S13,Total tax revenue,_T,Percentage of GDP,Annual,34.656
1158,2017,Portugal,TAX_REV,S13,Total tax revenue,_T,Percentage of GDP,Annual,34.112
1159,2016,Portugal,TAX_REV,S13,Total tax revenue,_T,Percentage of GDP,Annual,34.051
1160,2015,Portugal,TAX_REV,S13,Total tax revenue,_T,Percentage of GDP,Annual,34.382
1161,2014,Portugal,TAX_REV,S13,Total tax revenue,_T,Percentage of GDP,Annual,34.182
1162,2023,Poland,TAX_REV,S13,Total tax revenue,_T,Percentage of GDP,Annual,35.13
1163,2022,Poland,TAX_REV,S13,Total tax revenue,_T,Percentage of GDP,Annual,34.38
1164,2021,Poland,TAX_REV,S13,Total tax revenue,_T,Percentage of GDP,Annual,36.698
1165,2020,Poland,TAX_REV,S13,Total tax revenue,_T,Percentage of GDP,Annual,35.56
1166,2019,Poland,TAX_REV,S13,Total tax revenue,_T,Percentage of GDP,Annual,35.178
1167,2018,Poland,TAX_REV,S13,Total tax revenue,_T,Percentage of GDP,Annual,35.061
1168,2017,Poland,TAX_REV,S13,Total tax revenue,_T,Percentage of GDP,Annual,34.239
1169,2016,Poland,TAX_REV,S13,Total tax revenue,_T,Percentage of GDP,Annual,33.556
1170,2015,Poland,TAX_REV,S13,Total tax revenue,_T,Percentage of GDP,Annual,32.474
1171,2014,Poland,TAX_REV,S13,Total tax revenue,_T,Percentage of GDP,Annual,32.272
1172,2023,Norway,TAX_REV,S13,Total tax revenue,_T,Percentage of GDP,Annual,41.443
1173,2022,Norway,TAX_REV,S13,Total tax revenue,_T,Percentage of GDP,Annual,43.437
1174,2021,Norway,TAX_REV,S13,Total tax revenue,_T,Percentage of GDP,Annual,41.344
1175,2020,Norway,TAX_REV,S13,Total tax revenue,_T,Percentage of GDP,Annual,38.714
1176,2019,Norway,TAX_REV,S13,Total tax revenue,_T,Percentage of GDP,Annual,39.854
1177,2018,Norway,TAX_REV,S13,Total tax revenue,_T,Percentage of GDP,Annual,39.253
1178,2017,Norway,TAX_REV,S13,Total tax revenue,_T,Percentage of GDP,Annual,38.601
1179,2016,Norway,TAX_REV,S13,Total tax revenue,_T,Percentage of GDP,Annual,38.807
1180,2015,Norway,TAX_REV,S13,Total tax revenue,_T,Percentage of GDP,Annual,38.337
1181,2014,Norway,TAX_REV,S13,Total tax revenue,_T,Percentage of GDP,Annual,38.637
1182,2023,New Zealand,TAX_REV,S13,Total tax revenue,_T,Percentage of GDP,Annual,33.986
1183,2022,New Zealand,TAX_REV,S13,Total tax revenue,_T,Percentage of GDP,Annual,33.12
1184,2021,New Zealand,TAX_REV,S13,Total tax revenue,_T,Percentage of GDP,Annual,34.542
1185,2020,New Zealand,TAX_REV,S13,Total tax revenue,_T,Percentage of GDP,Annual,33.727
1186,2019,New Zealand,TAX_REV,S13,Total tax revenue,_T,Percentage of GDP,Annual,31.404
1187,2018,New Zealand,TAX_REV,S13,Total tax revenue,_T,Percentage of GDP,Annual,32.18
1188,2017,New Zealand,TAX_REV,S13,Total tax revenue,_T,Percentage of GDP,Annual,31.322
1189,2016,New Zealand,TAX_REV,S13,Total tax revenue,_T,Percentage of GDP,Annual,31.4
1190,2015,New Zealand,TAX_REV,S13,Total tax revenue,_T,Percentage of GDP,Annual,31.5
1191,2014,New Zealand,TAX_REV,S13,Total tax revenue,_T,Percentage of GDP,Annual,31.186
1192,2023,Netherlands,TAX_REV,S13,Total tax revenue,_T,Percentage of GDP,Annual,38.526
1193,2022,Netherlands,TAX_REV,S13,Total tax revenue,_T,Percentage of GDP,Annual,38.066
1194,2021,Netherlands,TAX_REV,S13,Total tax revenue,_T,Percentage of GDP,Annual,38.264
1195,2020,Netherlands,TAX_REV,S13,Total tax revenue,_T,Percentage of GDP,Annual,39.022
1196,2019,Netherlands,TAX_REV,S13,Total tax revenue,_T,Percentage of GDP,Annual,38.473
1197,2018,Netherlands,TAX_REV,S13,Total tax revenue,_T,Percentage of GDP,Annual,38.144
1198,2017,Netherlands,TAX_REV,S13,Total tax revenue,_T,Percentage of GDP,Annual,38.046
1199,2016,Netherlands,TAX_REV,S13,Total tax revenue,_T,Percentage of GDP,Annual,37.774
1200,2015,Netherlands,TAX_REV,S13,Total tax revenue,_T,Percentage of GDP,Annual,36.521
1201,2014,Netherlands,TAX_REV,S13,Total tax revenue,_T,Percentage of GDP,Annual,36.661
1202,2023,Mexico,TAX_REV,S13,Total tax revenue,_T,Percentage of GDP,Annual,17.749
1203,2022,Mexico,TAX_REV,S13,Total tax revenue,_T,Percentage of GDP,Annual,16.801
1204,2021,Mexico,TAX_REV,S13,Total tax revenue,_T,Percentage of GDP,Annual,16.726
1205,2020,Mexico,TAX_REV,S13,Total tax revenue,_T,Percentage of GDP,Annual,17.228
1206,2019,Mexico,TAX_REV,S13,Total tax revenue,_T,Percentage of GDP,Annual,15.892
1207,2018,Mexico,TAX_REV,S13,Total tax revenue,_T,Percentage of GDP,Annual,15.709
1208,2017,Mexico,TAX_REV,S13,Total tax revenue,_T,Percentage of GDP,Annual,15.651
1209,2016,Mexico,TAX_REV,S13,Total tax revenue,_T,Percentage of GDP,Annual,16.106
1210,2015,Mexico,TAX_REV,S13,Total tax revenue,_T,Percentage of GDP,Annual,15.36
1211,2014,Mexico,TAX_REV,S13,Total tax revenue,_T,Percentage of GDP,Annual,13.201
1212,2023,Luxembourg,TAX_REV,S13,Total tax revenue,_T,Percentage of GDP,Annual,40.925
1213,2022,Luxembourg,TAX_REV,S13,Total tax revenue,_T,Percentage of GDP,Annual,38.257
1214,2021,Luxembourg,TAX_REV,S13,Total tax revenue,_T,Percentage of GDP,Annual,38.187
1215,2020,Luxembourg,TAX_REV,S13,Total tax revenue,_T,Percentage of GDP,Annual,38.272
1216,2019,Luxembourg,TAX_REV,S13,Total tax revenue,_T,Percentage of GDP,Annual,39.509
1217,2018,Luxembourg,TAX_REV,S13,Total tax revenue,_T,Percentage of GDP,Annual,39.355
1218,2017,Luxembourg,TAX_REV,S13,Total tax revenue,_T,Percentage of GDP,Annual,36.649
1219,2016,Luxembourg,TAX_REV,S13,Total tax revenue,_T,Percentage of GDP,Annual,35.461
1220,2015,Luxembourg,TAX_REV,S13,Total tax revenue,_T,Percentage of GDP,Annual,34.777
1221,2014,Luxembourg,TAX_REV,S13,Total tax revenue,_T,Percentage of GDP,Annual,36.08
1222,2023,Lithuania,TAX_REV,S13,Total tax revenue,_T,Percentage of GDP,Annual,32.596
1223,2022,Lithuania,TAX_REV,S13,Total tax revenue,_T,Percentage of GDP,Annual,31.555
1224,2021,Lithuania,TAX_REV,S13,Total tax revenue,_T,Percentage of GDP,Annual,31.895
1225,2020,Lithuania,TAX_REV,S13,Total tax revenue,_T,Percentage of GDP,Annual,31.244
1226,2019,Lithuania,TAX_REV,S13,Total tax revenue,_T,Percentage of GDP,Annual,30.217
1227,2018,Lithuania,TAX_REV,S13,Total tax revenue,_T,Percentage of GDP,Annual,30.238
1228,2017,Lithuania,TAX_REV,S13,Total tax revenue,_T,Percentage of GDP,Annual,29.61
1229,2016,Lithuania,TAX_REV,S13,Total tax revenue,_T,Percentage of GDP,Annual,29.656
1230,2015,Lithuania,TAX_REV,S13,Total tax revenue,_T,Percentage of GDP,Annual,28.942
1231,2014,Lithuania,TAX_REV,S13,Total tax revenue,_T,Percentage of GDP,Annual,27.477
1232,2023,Latvia,TAX_REV,S13,Total tax revenue,_T,Percentage of GDP,Annual,31.882
1233,2022,Latvia,TAX_REV,S13,Total tax revenue,_T,Percentage of GDP,Annual,30.762
1234,2021,Latvia,TAX_REV,S13,Total tax revenue,_T,Percentage of GDP,Annual,30.746
1235,2020,Latvia,TAX_REV,S13,Total tax revenue,_T,Percentage of GDP,Annual,31.134
1236,2019,Latvia,TAX_REV,S13,Total tax revenue,_T,Percentage of GDP,Annual,31.013
1237,2018,Latvia,TAX_REV,S13,Total tax revenue,_T,Percentage of GDP,Annual,31.052
1238,2017,Latvia,TAX_REV,S13,Total tax revenue,_T,Percentage of GDP,Annual,31.091
1239,2016,Latvia,TAX_REV,S13,Total tax revenue,_T,Percentage of GDP,Annual,30.73
1240,2015,Latvia,TAX_REV,S13,Total tax revenue,_T,Percentage of GDP,Annual,29.79
1241,2014,Latvia,TAX_REV,S13,Total tax revenue,_T,Percentage of GDP,Annual,29.715
1242,2023,Korea,TAX_REV,S13,Total tax revenue,_T,Percentage of GDP,Annual,28.852
1243,2022,Korea,TAX_REV,S13,Total tax revenue,_T,Percentage of GDP,Annual,31.976
1244,2021,Korea,TAX_REV,S13,Total tax revenue,_T,Percentage of GDP,Annual,29.761
1245,2020,Korea,TAX_REV,S13,Total tax revenue,_T,Percentage of GDP,Annual,27.745
1246,2019,Korea,TAX_REV,S13,Total tax revenue,_T,Percentage of GDP,Annual,27.227
1247,2018,Korea,TAX_REV,S13,Total tax revenue,_T,Percentage of GDP,Annual,26.686
1248,2017,Korea,TAX_REV,S13,Total tax revenue,_T,Percentage of GDP,Annual,25.357
1249,2016,Korea,TAX_REV,S13,Total tax revenue,_T,Percentage of GDP,Annual,24.745
1250,2015,Korea,TAX_REV,S13,Total tax revenue,_T,Percentage of GDP,Annual,23.737
1251,2014,Korea,TAX_REV,S13,Total tax revenue,_T,Percentage of GDP,Annual,23.381
1252,2022,Japan,TAX_REV,S13,Total tax revenue,_T,Percentage of GDP,Annual,34.441
1253,2021,Japan,TAX_REV,S13,Total tax revenue,_T,Percentage of GDP,Annual,33.883
1254,2020,Japan,TAX_REV,S13,Total tax revenue,_T,Percentage of GDP,Annual,32.909
1255,2019,Japan,TAX_REV,S13,Total tax revenue,_T,Percentage of GDP,Annual,31.507
1256,2018,Japan,TAX_REV,S13,Total tax revenue,_T,Percentage of GDP,Annual,31.548
1257,2017,Japan,TAX_REV,S13,Total tax revenue,_T,Percentage of GDP,Annual,30.916
1258,2016,Japan,TAX_REV,S13,Total tax revenue,_T,Percentage of GDP,Annual,30.279
1259,2015,Japan,TAX_REV,S13,Total tax revenue,_T,Percentage of GDP,Annual,30.242
1260,2014,Japan,TAX_REV,S13,Total tax revenue,_T,Percentage of GDP,Annual,29.973
1261,2023,Italy,TAX_REV,S13,Total tax revenue,_T,Percentage of GDP,Annual,42.844
1262,2022,Italy,TAX_REV,S13,Total tax revenue,_T,Percentage of GDP,Annual,42.837
1263,2021,Italy,TAX_REV,S13,Total tax revenue,_T,Percentage of GDP,Annual,42.461
1264,2020,Italy,TAX_REV,S13,Total tax revenue,_T,Percentage of GDP,Annual,42.582
1265,2019,Italy,TAX_REV,S13,Total tax revenue,_T,Percentage of GDP,Annual,42.272
1266,2023,OECD Total,TAX_REV,S13,Total tax revenue,_T,Percentage of GDP,Annual,33.943
1267,2022,OECD Total,TAX_REV,S13,Total tax revenue,_T,Percentage of GDP,Annual,34.035
1268,2021,OECD Total,TAX_REV,S13,Total tax revenue,_T,Percentage of GDP,Annual,34.079
1269,2020,OECD Total,TAX_REV,S13,Total tax revenue,_T,Percentage of GDP,Annual,33.509
1270,2019,OECD Total,TAX_REV,S13,Total tax revenue,_T,Percentage of GDP,Annual,33.366
1271,2018,OECD Total,TAX_REV,S13,Total tax revenue,_T,Percentage of GDP,Annual,33.453
1272,2017,OECD Total,TAX_REV,S13,Total tax revenue,_T,Percentage of GDP,Annual,33.302
1273,2016,OECD Total,TAX_REV,S13,Total tax revenue,_T,Percentage of GDP,Annual,33.538
1274,2015,OECD Total,TAX_REV,S13,Total tax revenue,_T,Percentage of GDP,Annual,32.892
1275,2023,Brazil,TAX_REV,S13,Total tax revenue,_T,Percentage of GDP,Annual,32.003
1276,2022,Brazil,TAX_REV,S13,Total tax revenue,_T,Percentage of GDP,Annual,32.54
1277,2021,Brazil,TAX_REV,S13,Total tax revenue,_T,Percentage of GDP,Annual,32.098
1278,2020,Brazil,TAX_REV,S13,Total tax revenue,_T,Percentage of GDP,Annual,30.453
1279,2019,Brazil,TAX_REV,S13,Total tax revenue,_T,Percentage of GDP,Annual,31.932
1280,2018,Brazil,TAX_REV,S13,Total tax revenue,_T,Percentage of GDP,Annual,31.986
1281,2017,Brazil,TAX_REV,S13,Total tax revenue,_T,Percentage of GDP,Annual,31.731
1282,2016,Brazil,TAX_REV,S13,Total tax revenue,_T,Percentage of GDP,Annual,31.616
1283,2015,Brazil,TAX_REV,S13,Total tax revenue,_T,Percentage of GDP,Annual,31.343
1284,2014,Brazil,TAX_REV,S13,Total tax revenue,_T,Percentage of GDP,Annual,31.113
1285,2022,BWA,TAX_REV,S13,Total tax revenue,_T,Percentage of GDP,Annual,13.641
1286,2021,BWA,TAX_REV,S13,Total tax revenue,_T,Percentage of GDP,Annual,14.745
1287,2020,BWA,TAX_REV,S13,Total tax revenue,_T,Percentage of GDP,Annual,12.193
1288,2019,BWA,TAX_REV,S13,Total tax revenue,_T,Percentage of GDP,Annual,13.726
1289,2018,BWA,TAX_REV,S13,Total tax revenue,_T,Percentage of GDP,Annual,13.293
1290,2017,BWA,TAX_REV,S13,Total tax revenue,_T,Percentage of GDP,Annual,13.342
1291,2016,BWA,TAX_REV,S13,Total tax revenue,_T,Percentage of GDP,Annual,14.632
1292,2015,BWA,TAX_REV,S13,Total tax revenue,_T,Percentage of GDP,Annual,13.435
1293,2014,BWA,TAX_REV,S13,Total tax revenue,_T,Percentage of GDP,Annual,16.01
1294,2023,BOL,TAX_REV,S13,Total tax revenue,_T,Percentage of GDP,Annual,23.861
1295,2022,BOL,TAX_REV,S13,Total tax revenue,_T,Percentage of GDP,Annual,23.681
1296,2021,BOL,TAX_REV,S13,Total tax revenue,_T,Percentage of GDP,Annual,22.637
1297,2020,BOL,TAX_REV,S13,Total tax revenue,_T,Percentage of GDP,Annual,22.159
1298,2019,BOL,TAX_REV,S13,Total tax revenue,_T,Percentage of GDP,Annual,24.695
1299,2018,BOL,TAX_REV,S13,Total tax revenue,_T,Percentage of GDP,Annual,24.978
1300,2017,BOL,TAX_REV,S13,Total tax revenue,_T,Percentage of GDP,Annual,25.878
1301,2016,BOL,TAX_REV,S13,Total tax revenue,_T,Percentage of GDP,Annual,27.925
1302,2015,BOL,TAX_REV,S13,Total tax revenue,_T,Percentage of GDP,Annual,29.498
1303,2014,BOL,TAX_REV,S13,Total tax revenue,_T,Percentage of GDP,Annual,27.854
1304,2023,BTN,TAX_REV,S13,Total tax revenue,_T,Percentage of GDP,Annual,11.626
1305,2022,BTN,TAX_REV,S13,Total tax revenue,_T,Percentage of GDP,Annual,11.176
1306,2021,BTN,TAX_REV,S13,Total tax revenue,_T,Percentage of GDP,Annual,9.882
1307,2020,BTN,TAX_REV,S13,Total tax revenue,_T,Percentage of GDP,Annual,8.143
1308,2019,BTN,TAX_REV,S13,Total tax revenue,_T,Percentage of GDP,Annual,10.41
1309,2018,BTN,TAX_REV,S13,Total tax revenue,_T,Percentage of GDP,Annual,13.177
1310,2017,BTN,TAX_REV,S13,Total tax revenue,_T,Percentage of GDP,Annual,14.231
1311,2016,BTN,TAX_REV,S13,Total tax revenue,_T,Percentage of GDP,Annual,12.85
1312,2015,BTN,TAX_REV,S13,Total tax revenue,_T,Percentage of GDP,Annual,13.174
1313,2014,BTN,TAX_REV,S13,Total tax revenue,_T,Percentage of GDP,Annual,13.469
1314,2023,BLZ,TAX_REV,S13,Total tax revenue,_T,Percentage of GDP,Annual,23.976
1315,2022,BLZ,TAX_REV,S13,Total tax revenue,_T,Percentage of GDP,Annual,23.081
1316,2021,BLZ,TAX_REV,S13,Total tax revenue,_T,Percentage of GDP,Annual,22.323
1317,2020,BLZ,TAX_REV,S13,Total tax revenue,_T,Percentage of GDP,Annual,21.828
1318,2019,BLZ,TAX_REV,S13,Total tax revenue,_T,Percentage of GDP,Annual,25.045
1319,2018,BLZ,TAX_REV,S13,Total tax revenue,_T,Percentage of GDP,Annual,24.378
1320,2017,BLZ,TAX_REV,S13,Total tax revenue,_T,Percentage of GDP,Annual,23.189
1321,2016,BLZ,TAX_REV,S13,Total tax revenue,_T,Percentage of GDP,Annual,22.366
1322,2015,BLZ,TAX_REV,S13,Total tax revenue,_T,Percentage of GDP,Annual,21.464
1323,2014,BLZ,TAX_REV,S13,Total tax revenue,_T,Percentage of GDP,Annual,21.644
1324,2023,BRB,TAX_REV,S13,Total tax revenue,_T,Percentage of GDP,Annual,28.133
1325,2022,BRB,TAX_REV,S13,Total tax revenue,_T,Percentage of GDP,Annual,28.988
1326,2021,BRB,TAX_REV,S13,Total tax revenue,_T,Percentage of GDP,Annual,28.696
1327,2020,BRB,TAX_REV,S13,Total tax revenue,_T,Percentage of GDP,Annual,31.049
1328,2019,BRB,TAX_REV,S13,Total tax revenue,_T,Percentage of GDP,Annual,29.237
1329,2018,BRB,TAX_REV,S13,Total tax revenue,_T,Percentage of GDP,Annual,30.284
1330,2017,BRB,TAX_REV,S13,Total tax revenue,_T,Percentage of GDP,Annual,29.574
1331,2016,BRB,TAX_REV,S13,Total tax revenue,_T,Percentage of GDP,Annual,28.143
1332,2015,BRB,TAX_REV,S13,Total tax revenue,_T,Percentage of GDP,Annual,27.3
1333,2014,BRB,TAX_REV,S13,Total tax revenue,_T,Percentage of GDP,Annual,25.39
1334,2023,BGD,TAX_REV,S13,Total tax revenue,_T,Percentage of GDP,Annual,7.252
1335,2022,BGD,TAX_REV,S13,Total tax revenue,_T,Percentage of GDP,Annual,7.323
1336,2021,BGD,TAX_REV,S13,Total tax revenue,_T,Percentage of GDP,Annual,7.423
1337,2020,BGD,TAX_REV,S13,Total tax revenue,_T,Percentage of GDP,Annual,7.413
1338,2019,BGD,TAX_REV,S13,Total tax revenue,_T,Percentage of GDP,Annual,6.827
1339,2018,BGD,TAX_REV,S13,Total tax revenue,_T,Percentage of GDP,Annual,7.48
1340,2017,BGD,TAX_REV,S13,Total tax revenue,_T,Percentage of GDP,Annual,7.666
1341,2016,BGD,TAX_REV,S13,Total tax revenue,_T,Percentage of GDP,Annual,7.385
1342,2015,BGD,TAX_REV,S13,Total tax revenue,_T,Percentage of GDP,Annual,7.401
1343,2014,BGD,TAX_REV,S13,Total tax revenue,_T,Percentage of GDP,Annual,7.473
1344,2023,BHS,TAX_REV,S13,Total tax revenue,_T,Percentage of GDP,Annual,19.879
1345,2022,BHS,TAX_REV,S13,Total tax revenue,_T,Percentage of GDP,Annual,19.635
1346,2021,BHS,TAX_REV,S13,Total tax revenue,_T,Percentage of GDP,Annual,18.331
1347,2020,BHS,TAX_REV,S13,Total tax revenue,_T,Percentage of GDP,Annual,18.249
1348,2019,BHS,TAX_REV,S13,Total tax revenue,_T,Percentage of GDP,Annual,19.197
1349,2018,BHS,TAX_REV,S13,Total tax revenue,_T,Percentage of GDP,Annual,16.992
1350,2017,BHS,TAX_REV,S13,Total tax revenue,_T,Percentage of GDP,Annual,17.528
1351,2016,BHS,TAX_REV,S13,Total tax revenue,_T,Percentage of GDP,Annual,16.362
1352,2015,BHS,TAX_REV,S13,Total tax revenue,_T,Percentage of GDP,Annual,15.287
1353,2014,BHS,TAX_REV,S13,Total tax revenue,_T,Percentage of GDP,Annual,13.709
1354,2023,AZE,TAX_REV,S13,Total tax revenue,_T,Percentage of GDP,Annual,22.977
1355,2022,AZE,TAX_REV,S13,Total tax revenue,_T,Percentage of GDP,Annual,19.625
1356,2021,AZE,TAX_REV,S13,Total tax revenue,_T,Percentage of GDP,Annual,18.396
1357,2020,AZE,TAX_REV,S13,Total tax revenue,_T,Percentage of GDP,Annual,20.298
1358,2019,AZE,TAX_REV,S13,Total tax revenue,_T,Percentage of GDP,Annual,18.062
