TIME_PERIOD,REF_AREA,MEASURE,SECTOR,STANDARD_REVENUE,CTRY_SPECIFIC_REVENUE,UNIT_MEASURE,FREQ,value
2014,NRU,TAX_REV,S13,T_1000,_T,PT_B1GQ,A,0.0
2014,COK,TAX_REV,S13,T_4000,_T,PT_B1GQ,A,0.0
2015,COK,TAX_REV,S13,T_4000,_T,PT_B1GQ,A,0.0
2016,COK,TAX_REV,S13,T_4000,_T,PT_B1GQ,A,0.0
2017,COK,TAX_REV,S13,T_4000,_T,PT_B1GQ,A,0.0
2018,COK,TAX_REV,S13,T_4000,_T,PT_B1GQ,A,0.0
2019,COK,TAX_REV,S13,T_4000,_T,PT_B1GQ,A,0.0
2020,COK,TAX_REV,S13,T_4000,_T,PT_B1GQ,A,0.0
2021,COK,TAX_REV,S13,T_4000,_T,PT_B1GQ,A,0.0
2022,COK,TAX_REV,S13,T_4000,_T,PT_B1GQ,A,0.0
2023,COK,TAX_REV,S13,T_4000,_T,PT_B1GQ,A,0.0
2014,CUB,TAX_REV,S13,T_4000,_T,PT_B1GQ,A,0.0
2015,CUB,TAX_REV,S13,T_4000,_T,PT_B1GQ,A,0.0
2016,CUB,TAX_REV,S13,T_4000,_T,PT_B1GQ,A,0.0
2017,CUB,TAX_REV,S13,T_4000,_T,PT_B1GQ,A,0.0
2018,CUB,TAX_REV,S13,T_4000,_T,PT_B1GQ,A,0.0
2019,CUB,TAX_REV,S13,T_4000,_T,PT_B1GQ,A,0.0
2020,CUB,TAX_REV,S13,T_4000,_T,PT_B1GQ,A,0.0
2021,CUB,TAX_REV,S13,T_4000,_T,PT_B1GQ,A,0.0
2022,CUB,TAX_REV,S13,T_4000,_T,PT_B1GQ,A,0.0
2023,CUB,TAX_REV,S13,T_4000,_T,PT_B1GQ,A,0.0
2014,NRU,TAX_REV,S13,T_4000,_T,PT_B1GQ,A,0.0
2015,NRU,TAX_REV,S13,T_4000,_T,PT_B1GQ,A,0.0
2016,NRU,TAX_REV,S13,T_4000,_T,PT_B1GQ,A,0.0
2017,NRU,TAX_REV,S13,T_4000,_T,PT_B1GQ,A,0.0
2018,NRU,TAX_REV,S13,T_4000,_T,PT_B1GQ,A,0.0
2019,NRU,TAX_REV,S13,T_4000,_T,PT_B1GQ,A,0.0
2020,NRU,TAX_REV,S13,T_4000,_T,PT_B1GQ,A,0.0
2021,NRU,TAX_REV,S13,T_4000,_T,PT_B1GQ,A,0.0
2022,NRU,TAX_REV,S13,T_4000,_T,PT_B1GQ,A,0.0
2023,NRU,TAX_REV,S13,T_4000,_T,PT_B1GQ,A,0.0
2014,NIU,TAX_REV,S13,T_4000,_T,PT_B1GQ,A,0.0
2015,NIU,TAX_REV,S13,T_4000,_T,PT_B1GQ,A,0.0
2016,NIU,TAX_REV,S13,T_4000,_T,PT_B1GQ,A,0.0
2017,NIU,TAX_REV,S13,T_4000,_T,PT_B1GQ,A,0.0
2018,NIU,TAX_REV,S13,T_4000,_T,PT_B1GQ,A,0.0
2019,NIU,TAX_REV,S13,T_4000,_T,PT_B1GQ,A,0.0
2020,NIU,TAX_REV,S13,T_4000,_T,PT_B1GQ,A,0.0
2021,NIU,TAX_REV,S13,T_4000,_T,PT_B1GQ,A,0.0
2022,NIU,TAX_REV,S13,T_4000,_T,PT_B1GQ,A,0.0
2023,NIU,TAX_REV,S13,T_4000,_T,PT_B1GQ,A,0.0
2014,WSM,TAX_REV,S13,T_4000,_T,PT_B1GQ,A,0.0
2015,WSM,TAX_REV,S13,T_4000,_T,PT_B1GQ,A,0.0
2016,WSM,TAX_REV,S13,T_4000,_T,PT_B1GQ,A,0.0
2017,WSM,TAX_REV,S13,T_4000,_T,PT_B1GQ,A,0.0
2018,WSM,TAX_REV,S13,T_4000,_T,PT_B1GQ,A,0.0
2019,WSM,TAX_REV,S13,T_4000,_T,PT_B1GQ,A,0.0
2020,WSM,TAX_REV,S13,T_4000,_T,PT_B1GQ,A,0.0
2021,WSM,TAX_REV,S13,T_4000,_T,PT_B1GQ,A,0.0
2022,WSM,TAX_REV,S13,T_4000,_T,PT_B1GQ,A,0.0
2023,WSM,TAX_REV,S13,T_4000,_T,PT_B1GQ,A,0.0
2015,SOM,TAX_REV,S13,T_4000,_T,PT_B1GQ,A,0.0
2016,SOM,TAX_REV,S13,T_4000,_T,PT_B1GQ,A,0.0
2014,LKA,TAX_REV,S13,T_4000,_T,PT_B1GQ,A,0.0
2015,LKA,TAX_REV,S13,T_4000,_T,PT_B1GQ,A,0.0
2016,LKA,TAX_REV,S13,T_4000,_T,PT_B1GQ,A,0.0
2017,LKA,TAX_REV,S13,T_4000,_T,PT_B1GQ,A,0.0
2018,LKA,TAX_REV,S13,T_4000,_T,PT_B1GQ,A,0.0
2019,LKA,TAX_REV,S13,T_4000,_T,PT_B1GQ,A,0.0
2020,LKA,TAX_REV,S13,T_4000,_T,PT_B1GQ,A,0.0
2021,LKA,TAX_REV,S13,T_4000,_T,PT_B1GQ,A,0.0
2022,LKA,TAX_REV,S13,T_4000,_T,PT_B1GQ,A,0.0
2023,LKA,TAX_REV,S13,T_4000,_T,PT_B1GQ,A,0.0
2014,TLS,TAX_REV,S13,T_4000,_T,PT_B1GQ,A,0.0
2015,TLS,TAX_REV,S13,T_4000,_T,PT_B1GQ,A,0.0
2016,TLS,TAX_REV,S13,T_4000,_T,PT_B1GQ,A,0.0
2017,TLS,TAX_REV,S13,T_4000,_T,PT_B1GQ,A,0.0
2018,TLS,TAX_REV,S13,T_4000,_T,PT_B1GQ,A,0.0
2019,TLS,TAX_REV,S13,T_4000,_T,PT_B1GQ,A,0.0
2020,TLS,TAX_REV,S13,T_4000,_T,PT_B1GQ,A,0.0
2021,TLS,TAX_REV,S13,T_4000,_T,PT_B1GQ,A,0.0
2022,TLS,TAX_REV,S13,T_4000,_T,PT_B1GQ,A,0.0
2023,TLS,TAX_REV,S13,T_4000,_T,PT_B1GQ,A,0.0
2014,TKL,TAX_REV,S13,T_4000,_T,PT_B1GQ,A,0.0
2015,TKL,TAX_REV,S13,T_4000,_T,PT_B1GQ,A,0.0
2016,TKL,TAX_REV,S13,T_4000,_T,PT_B1GQ,A,0.0
2017,TKL,TAX_REV,S13,T_4000,_T,PT_B1GQ,A,0.0
2018,TKL,TAX_REV,S13,T_4000,_T,PT_B1GQ,A,0.0
2019,TKL,TAX_REV,S13,T_4000,_T,PT_B1GQ,A,0.0
2020,TKL,TAX_REV,S13,T_4000,_T,PT_B1GQ,A,0.0
2021,TKL,TAX_REV,S13,T_4000,_T,PT_B1GQ,A,0.0
2022,TKL,TAX_REV,S13,T_4000,_T,PT_B1GQ,A,0.0
2023,TKL,TAX_REV,S13,T_4000,_T,PT_B1GQ,A,0.0
2014,COK,TAX_REV,S13,T_2000,_T,PT_B1GQ,A,0.0
2015,COK,TAX_REV,S13,T_2000,_T,PT_B1GQ,A,0.0
2016,COK,TAX_REV,S13,T_2000,_T,PT_B1GQ,A,0.0
2017,COK,TAX_REV,S13,T_2000,_T,PT_B1GQ,A,0.0
2018,COK,TAX_REV,S13,T_2000,_T,PT_B1GQ,A,0.0
2019,COK,TAX_REV,S13,T_2000,_T,PT_B1GQ,A,0.0
2020,COK,TAX_REV,S13,T_2000,_T,PT_B1GQ,A,0.0
2021,COK,TAX_REV,S13,T_2000,_T,PT_B1GQ,A,0.0
2022,COK,TAX_REV,S13,T_2000,_T,PT_B1GQ,A,0.0
2023,COK,TAX_REV,S13,T_2000,_T,PT_B1GQ,A,0.0
2014,NRU,TAX_REV,S13,T_2000,_T,PT_B1GQ,A,0.0
2015,NRU,TAX_REV,S13,T_2000,_T,PT_B1GQ,A,0.0
2016,NRU,TAX_REV,S13,T_2000,_T,PT_B1GQ,A,0.0
2017,NRU,TAX_REV,S13,T_2000,_T,PT_B1GQ,A,0.0
2018,NRU,TAX_REV,S13,T_2000,_T,PT_B1GQ,A,0.0
2019,NRU,TAX_REV,S13,T_2000,_T,PT_B1GQ,A,0.0
2020,NRU,TAX_REV,S13,T_2000,_T,PT_B1GQ,A,0.0
2021,NRU,TAX_REV,S13,T_2000,_T,PT_B1GQ,A,0.0
2022,NRU,TAX_REV,S13,T_2000,_T,PT_B1GQ,A,0.0
2023,NRU,TAX_REV,S13,T_2000,_T,PT_B1GQ,A,0.0
2014,NIU,TAX_REV,S13,T_2000,_T,PT_B1GQ,A,0.0
2015,NIU,TAX_REV,S13,T_2000,_T,PT_B1GQ,A,0.0
2016,NIU,TAX_REV,S13,T_2000,_T,PT_B1GQ,A,0.0
2017,NIU,TAX_REV,S13,T_2000,_T,PT_B1GQ,A,0.0
2018,NIU,TAX_REV,S13,T_2000,_T,PT_B1GQ,A,0.0
2019,NIU,TAX_REV,S13,T_2000,_T,PT_B1GQ,A,0.0
2020,NIU,TAX_REV,S13,T_2000,_T,PT_B1GQ,A,0.0
2021,NIU,TAX_REV,S13,T_2000,_T,PT_B1GQ,A,0.0
2022,NIU,TAX_REV,S13,T_2000,_T,PT_B1GQ,A,0.0
2023,NIU,TAX_REV,S13,T_2000,_T,PT_B1GQ,A,0.0
2014,PAK,TAX_REV,S13,T_2000,_T,PT_B1GQ,A,0.0
2015,PAK,TAX_REV,S13,T_2000,_T,PT_B1GQ,A,0.0
2016,PAK,TAX_REV,S13,T_2000,_T,PT_B1GQ,A,0.0
2017,PAK,TAX_REV,S13,T_2000,_T,PT_B1GQ,A,0.0
2018,PAK,TAX_REV,S13,T_2000,_T,PT_B1GQ,A,0.0
2019,PAK,TAX_REV,S13,T_2000,_T,PT_B1GQ,A,0.0
2020,PAK,TAX_REV,S13,T_2000,_T,PT_B1GQ,A,0.0
2021,PAK,TAX_REV,S13,T_2000,_T,PT_B1GQ,A,0.0
2022,PAK,TAX_REV,S13,T_2000,_T,PT_B1GQ,A,0.0
2023,PAK,TAX_REV,S13,T_2000,_T,PT_B1GQ,A,0.0
2014,PNG,TAX_REV,S13,T_2000,_T,PT_B1GQ,A,0.0
2015,PNG,TAX_REV,S13,T_2000,_T,PT_B1GQ,A,0.0
2016,PNG,TAX_REV,S13,T_2000,_T,PT_B1GQ,A,0.0
2017,PNG,TAX_REV,S13,T_2000,_T,PT_B1GQ,A,0.0
2018,PNG,TAX_REV,S13,T_2000,_T,PT_B1GQ,A,0.0
2019,PNG,TAX_REV,S13,T_2000,_T,PT_B1GQ,A,0.0
2020,PNG,TAX_REV,S13,T_2000,_T,PT_B1GQ,A,0.0
2021,PNG,TAX_REV,S13,T_2000,_T,PT_B1GQ,A,0.0
2022,PNG,TAX_REV,S13,T_2000,_T,PT_B1GQ,A,0.0
2023,PNG,TAX_REV,S13,T_2000,_T,PT_B1GQ,A,0.0
2014,WSM,TAX_REV,S13,T_2000,_T,PT_B1GQ,A,0.0
2015,WSM,TAX_REV,S13,T_2000,_T,PT_B1GQ,A,0.0
2016,WSM,TAX_REV,S13,T_2000,_T,PT_B1GQ,A,0.0
2017,WSM,TAX_REV,S13,T_2000,_T,PT_B1GQ,A,0.0
2018,WSM,TAX_REV,S13,T_2000,_T,PT_B1GQ,A,0.0
2019,WSM,TAX_REV,S13,T_2000,_T,PT_B1GQ,A,0.0
2020,WSM,TAX_REV,S13,T_2000,_T,PT_B1GQ,A,0.0
2021,WSM,TAX_REV,S13,T_2000,_T,PT_B1GQ,A,0.0
2022,WSM,TAX_REV,S13,T_2000,_T,PT_B1GQ,A,0.0
2023,WSM,TAX_REV,S13,T_2000,_T,PT_B1GQ,A,0.0
2014,SGP,TAX_REV,S13,T_2000,_T,PT_B1GQ,A,0.0
2015,SGP,TAX_REV,S13,T_2000,_T,PT_B1GQ,A,0.0
2016,SGP,TAX_REV,S13,T_2000,_T,PT_B1GQ,A,0.0
2017,SGP,TAX_REV,S13,T_2000,_T,PT_B1GQ,A,0.0
2018,SGP,TAX_REV,S13,T_2000,_T,PT_B1GQ,A,0.0
2019,SGP,TAX_REV,S13,T_2000,_T,PT_B1GQ,A,0.0
2020,SGP,TAX_REV,S13,T_2000,_T,PT_B1GQ,A,0.0
2021,SGP,TAX_REV,S13,T_2000,_T,PT_B1GQ,A,0.0
2022,SGP,TAX_REV,S13,T_2000,_T,PT_B1GQ,A,0.0
2023,SGP,TAX_REV,S13,T_2000,_T,PT_B1GQ,A,0.0
2014,SLB,TAX_REV,S13,T_2000,_T,PT_B1GQ,A,0.0
2015,SLB,TAX_REV,S13,T_2000,_T,PT_B1GQ,A,0.0
2016,SLB,TAX_REV,S13,T_2000,_T,PT_B1GQ,A,0.0
2017,SLB,TAX_REV,S13,T_2000,_T,PT_B1GQ,A,0.0
2018,SLB,TAX_REV,S13,T_2000,_T,PT_B1GQ,A,0.0
2019,SLB,TAX_REV,S13,T_2000,_T,PT_B1GQ,A,0.0
2020,SLB,TAX_REV,S13,T_2000,_T,PT_B1GQ,A,0.0
2021,SLB,TAX_REV,S13,T_2000,_T,PT_B1GQ,A,0.0
2022,SLB,TAX_REV,S13,T_2000,_T,PT_B1GQ,A,0.0
2023,SLB,TAX_REV,S13,T_2000,_T,PT_B1GQ,A,0.0
2014,SOM,TAX_REV,S13,T_2000,_T,PT_B1GQ,A,0.0
2015,SOM,TAX_REV,S13,T_2000,_T,PT_B1GQ,A,0.0
2016,SOM,TAX_REV,S13,T_2000,_T,PT_B1GQ,A,0.0
2017,SOM,TAX_REV,S13,T_2000,_T,PT_B1GQ,A,0.0
2018,SOM,TAX_REV,S13,T_2000,_T,PT_B1GQ,A,0.0
2019,SOM,TAX_REV,S13,T_2000,_T,PT_B1GQ,A,0.0
2020,SOM,TAX_REV,S13,T_2000,_T,PT_B1GQ,A,0.0
2021,SOM,TAX_REV,S13,T_2000,_T,PT_B1GQ,A,0.0
2022,SOM,TAX_REV,S13,T_2000,_T,PT_B1GQ,A,0.0
2014,TLS,TAX_REV,S13,T_2000,_T,PT_B1GQ,A,0.0
2015,TLS,TAX_REV,S13,T_2000,_T,PT_B1GQ,A,0.0
2016,TLS,TAX_REV,S13,T_2000,_T,PT_B1GQ,A,0.0
2017,TLS,TAX_REV,S13,T_2000,_T,PT_B1GQ,A,0.0
2018,TLS,TAX_REV,S13,T_2000,_T,PT_B1GQ,A,0.0
2019,TLS,TAX_REV,S13,T_2000,_T,PT_B1GQ,A,0.0
2020,TLS,TAX_REV,S13,T_2000,_T,PT_B1GQ,A,0.0
2021,TLS,TAX_REV,S13,T_2000,_T,PT_B1GQ,A,0.0
2022,TLS,TAX_REV,S13,T_2000,_T,PT_B1GQ,A,0.0
2023,TLS,TAX_REV,S13,T_2000,_T,PT_B1GQ,A,0.0
2014,TKL,TAX_REV,S13,T_2000,_T,PT_B1GQ,A,0.0
2015,TKL,TAX_REV,S13,T_2000,_T,PT_B1GQ,A,0.0
2016,TKL,TAX_REV,S13,T_2000,_T,PT_B1GQ,A,0.0
2017,TKL,TAX_REV,S13,T_2000,_T,PT_B1GQ,A,0.0
2018,TKL,TAX_REV,S13,T_2000,_T,PT_B1GQ,A,0.0
2019,TKL,TAX_REV,S13,T_2000,_T,PT_B1GQ,A,0.0
2020,TKL,TAX_REV,S13,T_2000,_T,PT_B1GQ,A,0.0
2021,TKL,TAX_REV,S13,T_2000,_T,PT_B1GQ,A,0.0
2022,TKL,TAX_REV,S13,T_2000,_T,PT_B1GQ,A,0.0
2023,TKL,TAX_REV,S13,T_2000,_T,PT_B1GQ,A,0.0
2014,RWA,TAX_REV,S13,T_4000,_T,PT_B1GQ,A,0.0
2014,BGR,TAX_REV,S13,T_2000,_T,PT_B1GQ,A,7.814
2015,BGR,TAX_REV,S13,T_2000,_T,PT_B1GQ,A,7.777
2016,BGR,TAX_REV,S13,T_2000,_T,PT_B1GQ,A,7.729
2017,BGR,TAX_REV,S13,T_2000,_T,PT_B1GQ,A,8.236
2018,BGR,TAX_REV,S13,T_2000,_T,PT_B1GQ,A,8.666
2019,BGR,TAX_REV,S13,T_2000,_T,PT_B1GQ,A,8.852
2020,BGR,TAX_REV,S13,T_2000,_T,PT_B1GQ,A,9.085
2021,BGR,TAX_REV,S13,T_2000,_T,PT_B1GQ,A,8.821
2022,BGR,TAX_REV,S13,T_2000,_T,PT_B1GQ,A,8.245
2023,BGR,TAX_REV,S13,T_2000,_T,PT_B1GQ,A,8.505
2014,BFA,TAX_REV,S13,T_2000,_T,PT_B1GQ,A,1.536
2015,BFA,TAX_REV,S13,T_2000,_T,PT_B1GQ,A,1.716
2016,BFA,TAX_REV,S13,T_2000,_T,PT_B1GQ,A,1.758
2017,BFA,TAX_REV,S13,T_2000,_T,PT_B1GQ,A,1.779
2018,BFA,TAX_REV,S13,T_2000,_T,PT_B1GQ,A,1.858
2019,BFA,TAX_REV,S13,T_2000,_T,PT_B1GQ,A,1.889
2020,BFA,TAX_REV,S13,T_2000,_T,PT_B1GQ,A,1.549
2021,BFA,TAX_REV,S13,T_2000,_T,PT_B1GQ,A,1.687
2022,BFA,TAX_REV,S13,T_2000,_T,PT_B1GQ,A,1.684
2014,CPV,TAX_REV,S13,T_2000,_T,PT_B1GQ,A,0.033
2015,CPV,TAX_REV,S13,T_2000,_T,PT_B1GQ,A,0.026
2016,CPV,TAX_REV,S13,T_2000,_T,PT_B1GQ,A,0.03
2017,CPV,TAX_REV,S13,T_2000,_T,PT_B1GQ,A,0.031
2018,CPV,TAX_REV,S13,T_2000,_T,PT_B1GQ,A,0.037
2019,CPV,TAX_REV,S13,T_2000,_T,PT_B1GQ,A,0.034
2020,CPV,TAX_REV,S13,T_2000,_T,PT_B1GQ,A,0.044
2021,CPV,TAX_REV,S13,T_2000,_T,PT_B1GQ,A,0.042
2022,CPV,TAX_REV,S13,T_2000,_T,PT_B1GQ,A,0.035
2014,CMR,TAX_REV,S13,T_2000,_T,PT_B1GQ,A,0.856
2015,CMR,TAX_REV,S13,T_2000,_T,PT_B1GQ,A,0.845
2016,CMR,TAX_REV,S13,T_2000,_T,PT_B1GQ,A,1.003
2017,CMR,TAX_REV,S13,T_2000,_T,PT_B1GQ,A,1.02
2018,CMR,TAX_REV,S13,T_2000,_T,PT_B1GQ,A,1.021
2019,CMR,TAX_REV,S13,T_2000,_T,PT_B1GQ,A,1.015
2020,CMR,TAX_REV,S13,T_2000,_T,PT_B1GQ,A,1.038
2021,CMR,TAX_REV,S13,T_2000,_T,PT_B1GQ,A,1.02
2022,CMR,TAX_REV,S13,T_2000,_T,PT_B1GQ,A,0.959
2019,CHN,TAX_REV,S13,T_2000,_T,PT_B1GQ,A,5.964
2020,CHN,TAX_REV,S13,T_2000,_T,PT_B1GQ,A,4.757
2021,CHN,TAX_REV,S13,T_2000,_T,PT_B1GQ,A,5.887
2022,CHN,TAX_REV,S13,T_2000,_T,PT_B1GQ,A,6.076
2023,CHN,TAX_REV,S13,T_2000,_T,PT_B1GQ,A,6.443
2018,COG,TAX_REV,S13,T_2000,_T,PT_B1GQ,A,0.604
2019,COG,TAX_REV,S13,T_2000,_T,PT_B1GQ,A,0.67
2020,COG,TAX_REV,S13,T_2000,_T,PT_B1GQ,A,0.832
2021,COG,TAX_REV,S13,T_2000,_T,PT_B1GQ,A,0.712
2022,COG,TAX_REV,S13,T_2000,_T,PT_B1GQ,A,0.617
2014,CIV,TAX_REV,S13,T_2000,_T,PT_B1GQ,A,1.411
2015,CIV,TAX_REV,S13,T_2000,_T,PT_B1GQ,A,1.416
2016,CIV,TAX_REV,S13,T_2000,_T,PT_B1GQ,A,1.545
2017,CIV,TAX_REV,S13,T_2000,_T,PT_B1GQ,A,1.495
2018,CIV,TAX_REV,S13,T_2000,_T,PT_B1GQ,A,1.474
2019,CIV,TAX_REV,S13,T_2000,_T,PT_B1GQ,A,1.44
2020,CIV,TAX_REV,S13,T_2000,_T,PT_B1GQ,A,1.516
2021,CIV,TAX_REV,S13,T_2000,_T,PT_B1GQ,A,1.529
2022,CIV,TAX_REV,S13,T_2000,_T,PT_B1GQ,A,1.439
2014,HRV,TAX_REV,S13,T_2000,_T,PT_B1GQ,A,11.622
2015,HRV,TAX_REV,S13,T_2000,_T,PT_B1GQ,A,11.4
2016,HRV,TAX_REV,S13,T_2000,_T,PT_B1GQ,A,11.243
2017,HRV,TAX_REV,S13,T_2000,_T,PT_B1GQ,A,11.223
2018,HRV,TAX_REV,S13,T_2000,_T,PT_B1GQ,A,11.201
2019,HRV,TAX_REV,S13,T_2000,_T,PT_B1GQ,A,11.078
2020,HRV,TAX_REV,S13,T_2000,_T,PT_B1GQ,A,11.318
2021,HRV,TAX_REV,S13,T_2000,_T,PT_B1GQ,A,10.914
2022,HRV,TAX_REV,S13,T_2000,_T,PT_B1GQ,A,10.672
2014,CUB,TAX_REV,S13,T_2000,_T,PT_B1GQ,A,4.49
2015,CUB,TAX_REV,S13,T_2000,_T,PT_B1GQ,A,4.96
2016,CUB,TAX_REV,S13,T_2000,_T,PT_B1GQ,A,5.155
2017,CUB,TAX_REV,S13,T_2000,_T,PT_B1GQ,A,5.275
2018,CUB,TAX_REV,S13,T_2000,_T,PT_B1GQ,A,5.203
2019,CUB,TAX_REV,S13,T_2000,_T,PT_B1GQ,A,5.537
2020,CUB,TAX_REV,S13,T_2000,_T,PT_B1GQ,A,5.992
2021,CUB,TAX_REV,S13,T_2000,_T,PT_B1GQ,A,4.43
2022,CUB,TAX_REV,S13,T_2000,_T,PT_B1GQ,A,2.642
2023,CUB,TAX_REV,S13,T_2000,_T,PT_B1GQ,A,3.379
2014,COD,TAX_REV,S13,T_2000,_T,PT_B1GQ,A,0.562
2015,COD,TAX_REV,S13,T_2000,_T,PT_B1GQ,A,0.543
2016,COD,TAX_REV,S13,T_2000,_T,PT_B1GQ,A,0.493
2017,COD,TAX_REV,S13,T_2000,_T,PT_B1GQ,A,0.499
2018,COD,TAX_REV,S13,T_2000,_T,PT_B1GQ,A,0.477
2019,COD,TAX_REV,S13,T_2000,_T,PT_B1GQ,A,0.78
2020,COD,TAX_REV,S13,T_2000,_T,PT_B1GQ,A,0.831
2021,COD,TAX_REV,S13,T_2000,_T,PT_B1GQ,A,0.77
2022,COD,TAX_REV,S13,T_2000,_T,PT_B1GQ,A,0.835
2014,DOM,TAX_REV,S13,T_2000,_T,PT_B1GQ,A,0.052
2015,DOM,TAX_REV,S13,T_2000,_T,PT_B1GQ,A,0.046
2016,DOM,TAX_REV,S13,T_2000,_T,PT_B1GQ,A,0.044
2017,DOM,TAX_REV,S13,T_2000,_T,PT_B1GQ,A,0.069
2018,DOM,TAX_REV,S13,T_2000,_T,PT_B1GQ,A,0.059
2019,DOM,TAX_REV,S13,T_2000,_T,PT_B1GQ,A,0.056
2020,DOM,TAX_REV,S13,T_2000,_T,PT_B1GQ,A,0.06
2021,DOM,TAX_REV,S13,T_2000,_T,PT_B1GQ,A,0.063
2022,DOM,TAX_REV,S13,T_2000,_T,PT_B1GQ,A,0.079
2023,DOM,TAX_REV,S13,T_2000,_T,PT_B1GQ,A,0.062
2014,ECU,TAX_REV,S13,T_2000,_T,PT_B1GQ,A,4.564
2015,ECU,TAX_REV,S13,T_2000,_T,PT_B1GQ,A,5.168
2016,ECU,TAX_REV,S13,T_2000,_T,PT_B1GQ,A,4.717
2017,ECU,TAX_REV,S13,T_2000,_T,PT_B1GQ,A,5.464
2018,ECU,TAX_REV,S13,T_2000,_T,PT_B1GQ,A,5.493
2019,ECU,TAX_REV,S13,T_2000,_T,PT_B1GQ,A,5.276
2020,ECU,TAX_REV,S13,T_2000,_T,PT_B1GQ,A,5.115
2021,ECU,TAX_REV,S13,T_2000,_T,PT_B1GQ,A,4.997
2022,ECU,TAX_REV,S13,T_2000,_T,PT_B1GQ,A,5.018
2023,ECU,TAX_REV,S13,T_2000,_T,PT_B1GQ,A,5.092
2014,EGY,TAX_REV,S13,T_2000,_T,PT_B1GQ,A,2.696
2015,EGY,TAX_REV,S13,T_2000,_T,PT_B1GQ,A,2.344
2016,EGY,TAX_REV,S13,T_2000,_T,PT_B1GQ,A,2.996
2017,EGY,TAX_REV,S13,T_2000,_T,PT_B1GQ,A,2.589
2018,EGY,TAX_REV,S13,T_2000,_T,PT_B1GQ,A,2.39
2019,EGY,TAX_REV,S13,T_2000,_T,PT_B1GQ,A,2.402
2020,EGY,TAX_REV,S13,T_2000,_T,PT_B1GQ,A,1.849
2021,EGY,TAX_REV,S13,T_2000,_T,PT_B1GQ,A,1.927
2022,EGY,TAX_REV,S13,T_2000,_T,PT_B1GQ,A,1.909
2014,MDA,TAX_REV,S13,T_2000,_T,PT_B1GQ,A,8.167
2015,MDA,TAX_REV,S13,T_2000,_T,PT_B1GQ,A,8.265
2016,MDA,TAX_REV,S13,T_2000,_T,PT_B1GQ,A,8.35
2017,MDA,TAX_REV,S13,T_2000,_T,PT_B1GQ,A,8.814
2018,MDA,TAX_REV,S13,T_2000,_T,PT_B1GQ,A,9.074
2019,MDA,TAX_REV,S13,T_2000,_T,PT_B1GQ,A,8.923
2020,MDA,TAX_REV,S13,T_2000,_T,PT_B1GQ,A,9.63
2021,MDA,TAX_REV,S13,T_2000,_T,PT_B1GQ,A,9.021
2022,MDA,TAX_REV,S13,T_2000,_T,PT_B1GQ,A,9.08
2023,MDA,TAX_REV,S13,T_2000,_T,PT_B1GQ,A,9.561
2014,MNG,TAX_REV,S13,T_2000,_T,PT_B1GQ,A,3.919
2015,MNG,TAX_REV,S13,T_2000,_T,PT_B1GQ,A,4.243
2016,MNG,TAX_REV,S13,T_2000,_T,PT_B1GQ,A,4.419
2017,MNG,TAX_REV,S13,T_2000,_T,PT_B1GQ,A,4.495
2018,MNG,TAX_REV,S13,T_2000,_T,PT_B1GQ,A,4.816
2019,MNG,TAX_REV,S13,T_2000,_T,PT_B1GQ,A,4.722
2020,MNG,TAX_REV,S13,T_2000,_T,PT_B1GQ,A,3.925
2021,MNG,TAX_REV,S13,T_2000,_T,PT_B1GQ,A,4.932
2022,MNG,TAX_REV,S13,T_2000,_T,PT_B1GQ,A,5.346
2023,MNG,TAX_REV,S13,T_2000,_T,PT_B1GQ,A,5.371
2014,MAR,TAX_REV,S13,T_2000,_T,PT_B1GQ,A,4.99
2015,MAR,TAX_REV,S13,T_2000,_T,PT_B1GQ,A,4.862
2016,MAR,TAX_REV,S13,T_2000,_T,PT_B1GQ,A,5.117
2017,MAR,TAX_REV,S13,T_2000,_T,PT_B1GQ,A,5.232
2018,MAR,TAX_REV,S13,T_2000,_T,PT_B1GQ,A,5.45
2019,MAR,TAX_REV,S13,T_2000,_T,PT_B1GQ,A,5.938
2020,MAR,TAX_REV,S13,T_2000,_T,PT_B1GQ,A,6.766
2021,MAR,TAX_REV,S13,T_2000,_T,PT_B1GQ,A,6.448
2022,MAR,TAX_REV,S13,T_2000,_T,PT_B1GQ,A,6.734
2014,MOZ,TAX_REV,S13,T_2000,_T,PT_B1GQ,A,0.5
2015,MOZ,TAX_REV,S13,T_2000,_T,PT_B1GQ,A,0.532
2016,MOZ,TAX_REV,S13,T_2000,_T,PT_B1GQ,A,0.299
2017,MOZ,TAX_REV,S13,T_2000,_T,PT_B1GQ,A,0.07
2018,MOZ,TAX_REV,S13,T_2000,_T,PT_B1GQ,A,0.059
2019,MOZ,TAX_REV,S13,T_2000,_T,PT_B1GQ,A,0.053
2020,MOZ,TAX_REV,S13,T_2000,_T,PT_B1GQ,A,0.157
2021,MOZ,TAX_REV,S13,T_2000,_T,PT_B1GQ,A,0.089
2022,MOZ,TAX_REV,S13,T_2000,_T,PT_B1GQ,A,0.151
2014,NAM,TAX_REV,S13,T_2000,_T,PT_B1GQ,A,0.335
2015,NAM,TAX_REV,S13,T_2000,_T,PT_B1GQ,A,0.36
2016,NAM,TAX_REV,S13,T_2000,_T,PT_B1GQ,A,0.339
2017,NAM,TAX_REV,S13,T_2000,_T,PT_B1GQ,A,0.373
2018,NAM,TAX_REV,S13,T_2000,_T,PT_B1GQ,A,0.343
2019,NAM,TAX_REV,S13,T_2000,_T,PT_B1GQ,A,0.346
2020,NAM,TAX_REV,S13,T_2000,_T,PT_B1GQ,A,0.368
2021,NAM,TAX_REV,S13,T_2000,_T,PT_B1GQ,A,0.318
2022,NAM,TAX_REV,S13,T_2000,_T,PT_B1GQ,A,0.281
2014,NIC,TAX_REV,S13,T_2000,_T,PT_B1GQ,A,4.916
2015,NIC,TAX_REV,S13,T_2000,_T,PT_B1GQ,A,5.232
2016,NIC,TAX_REV,S13,T_2000,_T,PT_B1GQ,A,5.6
2017,NIC,TAX_REV,S13,T_2000,_T,PT_B1GQ,A,5.761
2018,NIC,TAX_REV,S13,T_2000,_T,PT_B1GQ,A,5.991
2019,NIC,TAX_REV,S13,T_2000,_T,PT_B1GQ,A,6.558
2020,NIC,TAX_REV,S13,T_2000,_T,PT_B1GQ,A,6.664
2021,NIC,TAX_REV,S13,T_2000,_T,PT_B1GQ,A,6.443
2022,NIC,TAX_REV,S13,T_2000,_T,PT_B1GQ,A,6.327
2023,NIC,TAX_REV,S13,T_2000,_T,PT_B1GQ,A,5.909
2014,NER,TAX_REV,S13,T_2000,_T,PT_B1GQ,A,0.629
2015,NER,TAX_REV,S13,T_2000,_T,PT_B1GQ,A,0.596
2016,NER,TAX_REV,S13,T_2000,_T,PT_B1GQ,A,0.578
2017,NER,TAX_REV,S13,T_2000,_T,PT_B1GQ,A,0.574
2018,NER,TAX_REV,S13,T_2000,_T,PT_B1GQ,A,0.532
2019,NER,TAX_REV,S13,T_2000,_T,PT_B1GQ,A,0.559
2020,NER,TAX_REV,S13,T_2000,_T,PT_B1GQ,A,0.548
2021,NER,TAX_REV,S13,T_2000,_T,PT_B1GQ,A,0.556
2022,NER,TAX_REV,S13,T_2000,_T,PT_B1GQ,A,0.521
2014,NGA,TAX_REV,S13,T_2000,_T,PT_B1GQ,A,0.714
2015,NGA,TAX_REV,S13,T_2000,_T,PT_B1GQ,A,0.599
2016,NGA,TAX_REV,S13,T_2000,_T,PT_B1GQ,A,0.536
2017,NGA,TAX_REV,S13,T_2000,_T,PT_B1GQ,A,0.622
2018,NGA,TAX_REV,S13,T_2000,_T,PT_B1GQ,A,0.532
2019,NGA,TAX_REV,S13,T_2000,_T,PT_B1GQ,A,0.64
2020,NGA,TAX_REV,S13,T_2000,_T,PT_B1GQ,A,0.637
2021,NGA,TAX_REV,S13,T_2000,_T,PT_B1GQ,A,0.549
2022,NGA,TAX_REV,S13,T_2000,_T,PT_B1GQ,A,0.556
2014,PAN,TAX_REV,S13,T_2000,_T,PT_B1GQ,A,5.122
2015,PAN,TAX_REV,S13,T_2000,_T,PT_B1GQ,A,5.121
2016,PAN,TAX_REV,S13,T_2000,_T,PT_B1GQ,A,5.137
2017,PAN,TAX_REV,S13,T_2000,_T,PT_B1GQ,A,5.053
2018,PAN,TAX_REV,S13,T_2000,_T,PT_B1GQ,A,4.863
2019,PAN,TAX_REV,S13,T_2000,_T,PT_B1GQ,A,4.725
2020,PAN,TAX_REV,S13,T_2000,_T,PT_B1GQ,A,4.994
2021,PAN,TAX_REV,S13,T_2000,_T,PT_B1GQ,A,4.933
2022,PAN,TAX_REV,S13,T_2000,_T,PT_B1GQ,A,4.33
2023,PAN,TAX_REV,S13,T_2000,_T,PT_B1GQ,A,4.185
2014,PRY,TAX_REV,S13,T_2000,_T,PT_B1GQ,A,3.721
2015,PRY,TAX_REV,S13,T_2000,_T,PT_B1GQ,A,3.737
2016,PRY,TAX_REV,S13,T_2000,_T,PT_B1GQ,A,3.444
2017,PRY,TAX_REV,S13,T_2000,_T,PT_B1GQ,A,3.675
2018,PRY,TAX_REV,S13,T_2000,_T,PT_B1GQ,A,3.56
2019,PRY,TAX_REV,S13,T_2000,_T,PT_B1GQ,A,3.688
2020,PRY,TAX_REV,S13,T_2000,_T,PT_B1GQ,A,3.733
2021,PRY,TAX_REV,S13,T_2000,_T,PT_B1GQ,A,3.796
2022,PRY,TAX_REV,S13,T_2000,_T,PT_B1GQ,A,4.028
2023,PRY,TAX_REV,S13,T_2000,_T,PT_B1GQ,A,4.123
2014,PER,TAX_REV,S13,T_2000,_T,PT_B1GQ,A,2.048
2015,PER,TAX_REV,S13,T_2000,_T,PT_B1GQ,A,2.064
2016,PER,TAX_REV,S13,T_2000,_T,PT_B1GQ,A,1.989
2017,PER,TAX_REV,S13,T_2000,_T,PT_B1GQ,A,1.937
2018,PER,TAX_REV,S13,T_2000,_T,PT_B1GQ,A,1.988
2019,PER,TAX_REV,S13,T_2000,_T,PT_B1GQ,A,1.987
2020,PER,TAX_REV,S13,T_2000,_T,PT_B1GQ,A,2.034
2021,PER,TAX_REV,S13,T_2000,_T,PT_B1GQ,A,1.868
2022,PER,TAX_REV,S13,T_2000,_T,PT_B1GQ,A,1.909
2023,PER,TAX_REV,S13,T_2000,_T,PT_B1GQ,A,1.89
2014,PHL,TAX_REV,S13,T_2000,_T,PT_B1GQ,A,2.153
2015,PHL,TAX_REV,S13,T_2000,_T,PT_B1GQ,A,2.288
2016,PHL,TAX_REV,S13,T_2000,_T,PT_B1GQ,A,2.27
2017,PHL,TAX_REV,S13,T_2000,_T,PT_B1GQ,A,2.249
2018,PHL,TAX_REV,S13,T_2000,_T,PT_B1GQ,A,2.374
2019,PHL,TAX_REV,S13,T_2000,_T,PT_B1GQ,A,2.579
2020,PHL,TAX_REV,S13,T_2000,_T,PT_B1GQ,A,2.802
2021,PHL,TAX_REV,S13,T_2000,_T,PT_B1GQ,A,2.903
2022,PHL,TAX_REV,S13,T_2000,_T,PT_B1GQ,A,2.873
2023,PHL,TAX_REV,S13,T_2000,_T,PT_B1GQ,A,2.782
2014,ROU,TAX_REV,S13,T_2000,_T,PT_B1GQ,A,8.518
2015,ROU,TAX_REV,S13,T_2000,_T,PT_B1GQ,A,8.084
2016,ROU,TAX_REV,S13,T_2000,_T,PT_B1GQ,A,8.144
2017,ROU,TAX_REV,S13,T_2000,_T,PT_B1GQ,A,8.506
2018,ROU,TAX_REV,S13,T_2000,_T,PT_B1GQ,A,10.472
2019,ROU,TAX_REV,S13,T_2000,_T,PT_B1GQ,A,10.453
2020,ROU,TAX_REV,S13,T_2000,_T,PT_B1GQ,A,10.987
2021,ROU,TAX_REV,S13,T_2000,_T,PT_B1GQ,A,10.428
2022,ROU,TAX_REV,S13,T_2000,_T,PT_B1GQ,A,10.082
2014,RWA,TAX_REV,S13,T_2000,_T,PT_B1GQ,A,0.988
2015,RWA,TAX_REV,S13,T_2000,_T,PT_B1GQ,A,0.971
2016,RWA,TAX_REV,S13,T_2000,_T,PT_B1GQ,A,1.092
2017,RWA,TAX_REV,S13,T_2000,_T,PT_B1GQ,A,0.973
2018,RWA,TAX_REV,S13,T_2000,_T,PT_B1GQ,A,1.004
2019,RWA,TAX_REV,S13,T_2000,_T,PT_B1GQ,A,1.014
2020,RWA,TAX_REV,S13,T_2000,_T,PT_B1GQ,A,1.065
2021,RWA,TAX_REV,S13,T_2000,_T,PT_B1GQ,A,0.977
2022,RWA,TAX_REV,S13,T_2000,_T,PT_B1GQ,A,0.917
2014,LCA,TAX_REV,S13,T_2000,_T,PT_B1GQ,A,2.266
2015,LCA,TAX_REV,S13,T_2000,_T,PT_B1GQ,A,2.248
2016,LCA,TAX_REV,S13,T_2000,_T,PT_B1GQ,A,2.191
2017,LCA,TAX_REV,S13,T_2000,_T,PT_B1GQ,A,2.102
2018,LCA,TAX_REV,S13,T_2000,_T,PT_B1GQ,A,2.142
2019,LCA,TAX_REV,S13,T_2000,_T,PT_B1GQ,A,2.241
2020,LCA,TAX_REV,S13,T_2000,_T,PT_B1GQ,A,2.757
2021,LCA,TAX_REV,S13,T_2000,_T,PT_B1GQ,A,2.38
2022,LCA,TAX_REV,S13,T_2000,_T,PT_B1GQ,A,2.38
2023,LCA,TAX_REV,S13,T_2000,_T,PT_B1GQ,A,2.38
2014,SEN,TAX_REV,S13,T_2000,_T,PT_B1GQ,A,1.068
2015,SEN,TAX_REV,S13,T_2000,_T,PT_B1GQ,A,1.106
2016,SEN,TAX_REV,S13,T_2000,_T,PT_B1GQ,A,1.136
2017,SEN,TAX_REV,S13,T_2000,_T,PT_B1GQ,A,1.165
2018,SEN,TAX_REV,S13,T_2000,_T,PT_B1GQ,A,1.168
2019,SEN,TAX_REV,S13,T_2000,_T,PT_B1GQ,A,1.189
2020,SEN,TAX_REV,S13,T_2000,_T,PT_B1GQ,A,1.092
2021,SEN,TAX_REV,S13,T_2000,_T,PT_B1GQ,A,0.975
2022,SEN,TAX_REV,S13,T_2000,_T,PT_B1GQ,A,0.923
2014,SYC,TAX_REV,S13,T_2000,_T,PT_B1GQ,A,1.04
2015,SYC,TAX_REV,S13,T_2000,_T,PT_B1GQ,A,1.128
2016,SYC,TAX_REV,S13,T_2000,_T,PT_B1GQ,A,1.015
2017,SYC,TAX_REV,S13,T_2000,_T,PT_B1GQ,A,1.116
2018,SYC,TAX_REV,S13,T_2000,_T,PT_B1GQ,A,2.175
2019,SYC,TAX_REV,S13,T_2000,_T,PT_B1GQ,A,1.518
2020,SYC,TAX_REV,S13,T_2000,_T,PT_B1GQ,A,1.788
2021,SYC,TAX_REV,S13,T_2000,_T,PT_B1GQ,A,1.747
2022,SYC,TAX_REV,S13,T_2000,_T,PT_B1GQ,A,2.119
2018,SLE,TAX_REV,S13,T_2000,_T,PT_B1GQ,A,1.521
2019,SLE,TAX_REV,S13,T_2000,_T,PT_B1GQ,A,1.49
2020,SLE,TAX_REV,S13,T_2000,_T,PT_B1GQ,A,1.536
2021,SLE,TAX_REV,S13,T_2000,_T,PT_B1GQ,A,1.583
2022,SLE,TAX_REV,S13,T_2000,_T,PT_B1GQ,A,1.45
2014,ZAF,TAX_REV,S13,T_2000,_T,PT_B1GQ,A,0.377
2015,ZAF,TAX_REV,S13,T_2000,_T,PT_B1GQ,A,0.388
2016,ZAF,TAX_REV,S13,T_2000,_T,PT_B1GQ,A,0.374
2017,ZAF,TAX_REV,S13,T_2000,_T,PT_B1GQ,A,0.367
2018,ZAF,TAX_REV,S13,T_2000,_T,PT_B1GQ,A,0.355
2019,ZAF,TAX_REV,S13,T_2000,_T,PT_B1GQ,A,0.352
2020,ZAF,TAX_REV,S13,T_2000,_T,PT_B1GQ,A,0.34
2021,ZAF,TAX_REV,S13,T_2000,_T,PT_B1GQ,A,0.335
2022,ZAF,TAX_REV,S13,T_2000,_T,PT_B1GQ,A,0.347
2014,LKA,TAX_REV,S13,T_2000,_T,PT_B1GQ,A,0.138
2015,LKA,TAX_REV,S13,T_2000,_T,PT_B1GQ,A,0.132
2016,LKA,TAX_REV,S13,T_2000,_T,PT_B1GQ,A,0.141
2017,LKA,TAX_REV,S13,T_2000,_T,PT_B1GQ,A,0.159
2018,LKA,TAX_REV,S13,T_2000,_T,PT_B1GQ,A,0.164
2019,LKA,TAX_REV,S13,T_2000,_T,PT_B1GQ,A,0.182
2020,LKA,TAX_REV,S13,T_2000,_T,PT_B1GQ,A,0.207
2021,LKA,TAX_REV,S13,T_2000,_T,PT_B1GQ,A,0.197
2022,LKA,TAX_REV,S13,T_2000,_T,PT_B1GQ,A,0.155
2023,LKA,TAX_REV,S13,T_2000,_T,PT_B1GQ,A,0.131
2014,THA,TAX_REV,S13,T_2000,_T,PT_B1GQ,A,0.976
2015,THA,TAX_REV,S13,T_2000,_T,PT_B1GQ,A,1.066
2016,THA,TAX_REV,S13,T_2000,_T,PT_B1GQ,A,1.016
2017,THA,TAX_REV,S13,T_2000,_T,PT_B1GQ,A,1.007
2018,THA,TAX_REV,S13,T_2000,_T,PT_B1GQ,A,1.003
2019,THA,TAX_REV,S13,T_2000,_T,PT_B1GQ,A,1.024
2020,THA,TAX_REV,S13,T_2000,_T,PT_B1GQ,A,0.953
2021,THA,TAX_REV,S13,T_2000,_T,PT_B1GQ,A,0.67
2022,THA,TAX_REV,S13,T_2000,_T,PT_B1GQ,A,0.7
2023,THA,TAX_REV,S13,T_2000,_T,PT_B1GQ,A,0.915
2014,TTO,TAX_REV,S13,T_2000,_T,PT_B1GQ,A,1.918
2015,TTO,TAX_REV,S13,T_2000,_T,PT_B1GQ,A,2.409
2016,TTO,TAX_REV,S13,T_2000,_T,PT_B1GQ,A,2.629
2017,TTO,TAX_REV,S13,T_2000,_T,PT_B1GQ,A,2.848
2018,TTO,TAX_REV,S13,T_2000,_T,PT_B1GQ,A,2.821
2019,TTO,TAX_REV,S13,T_2000,_T,PT_B1GQ,A,2.905
2020,TTO,TAX_REV,S13,T_2000,_T,PT_B1GQ,A,3.22
2021,TTO,TAX_REV,S13,T_2000,_T,PT_B1GQ,A,2.831
2022,TTO,TAX_REV,S13,T_2000,_T,PT_B1GQ,A,2.34
2023,TTO,TAX_REV,S13,T_2000,_T,PT_B1GQ,A,2.496
2014,TUN,TAX_REV,S13,T_2000,_T,PT_B1GQ,A,8.064
2015,TUN,TAX_REV,S13,T_2000,_T,PT_B1GQ,A,8.406
2016,TUN,TAX_REV,S13,T_2000,_T,PT_B1GQ,A,8.831
2017,TUN,TAX_REV,S13,T_2000,_T,PT_B1GQ,A,9.076
2018,TUN,TAX_REV,S13,T_2000,_T,PT_B1GQ,A,8.697
2019,TUN,TAX_REV,S13,T_2000,_T,PT_B1GQ,A,9.085
2020,TUN,TAX_REV,S13,T_2000,_T,PT_B1GQ,A,10.015
2021,TUN,TAX_REV,S13,T_2000,_T,PT_B1GQ,A,9.656
2022,TUN,TAX_REV,S13,T_2000,_T,PT_B1GQ,A,9.225
2014,BGR,TAX_REV,S13,T_4000,_T,PT_B1GQ,A,0.575
2015,BGR,TAX_REV,S13,T_4000,_T,PT_B1GQ,A,0.566
2016,BGR,TAX_REV,S13,T_4000,_T,PT_B1GQ,A,0.594
2017,BGR,TAX_REV,S13,T_4000,_T,PT_B1GQ,A,0.58
2018,BGR,TAX_REV,S13,T_4000,_T,PT_B1GQ,A,0.563
2019,BGR,TAX_REV,S13,T_4000,_T,PT_B1GQ,A,0.543
2020,BGR,TAX_REV,S13,T_4000,_T,PT_B1GQ,A,0.559
2021,BGR,TAX_REV,S13,T_4000,_T,PT_B1GQ,A,0.631
2022,BGR,TAX_REV,S13,T_4000,_T,PT_B1GQ,A,0.549
2023,BGR,TAX_REV,S13,T_4000,_T,PT_B1GQ,A,0.504
2014,BFA,TAX_REV,S13,T_4000,_T,PT_B1GQ,A,0.153
2015,BFA,TAX_REV,S13,T_4000,_T,PT_B1GQ,A,0.122
2016,BFA,TAX_REV,S13,T_4000,_T,PT_B1GQ,A,0.159
2017,BFA,TAX_REV,S13,T_4000,_T,PT_B1GQ,A,0.12
2018,BFA,TAX_REV,S13,T_4000,_T,PT_B1GQ,A,0.113
2019,BFA,TAX_REV,S13,T_4000,_T,PT_B1GQ,A,0.117
2020,BFA,TAX_REV,S13,T_4000,_T,PT_B1GQ,A,0.128
2021,BFA,TAX_REV,S13,T_4000,_T,PT_B1GQ,A,0.238
2022,BFA,TAX_REV,S13,T_4000,_T,PT_B1GQ,A,0.12
2014,CPV,TAX_REV,S13,T_4000,_T,PT_B1GQ,A,0.95
2015,CPV,TAX_REV,S13,T_4000,_T,PT_B1GQ,A,0.924
2016,CPV,TAX_REV,S13,T_4000,_T,PT_B1GQ,A,0.879
2017,CPV,TAX_REV,S13,T_4000,_T,PT_B1GQ,A,0.587
2018,CPV,TAX_REV,S13,T_4000,_T,PT_B1GQ,A,0.914
2019,CPV,TAX_REV,S13,T_4000,_T,PT_B1GQ,A,0.85
2020,CPV,TAX_REV,S13,T_4000,_T,PT_B1GQ,A,0.88
2021,CPV,TAX_REV,S13,T_4000,_T,PT_B1GQ,A,0.345
2022,CPV,TAX_REV,S13,T_4000,_T,PT_B1GQ,A,0.321
2014,KHM,TAX_REV,S13,T_4000,_T,PT_B1GQ,A,0.425
2015,KHM,TAX_REV,S13,T_4000,_T,PT_B1GQ,A,0.445
2016,KHM,TAX_REV,S13,T_4000,_T,PT_B1GQ,A,0.339
2017,KHM,TAX_REV,S13,T_4000,_T,PT_B1GQ,A,0.474
2018,KHM,TAX_REV,S13,T_4000,_T,PT_B1GQ,A,0.592
2019,KHM,TAX_REV,S13,T_4000,_T,PT_B1GQ,A,0.741
2020,KHM,TAX_REV,S13,T_4000,_T,PT_B1GQ,A,0.689
2021,KHM,TAX_REV,S13,T_4000,_T,PT_B1GQ,A,0.601
2022,KHM,TAX_REV,S13,T_4000,_T,PT_B1GQ,A,0.628
2023,KHM,TAX_REV,S13,T_4000,_T,PT_B1GQ,A,0.496
2014,CMR,TAX_REV,S13,T_4000,_T,PT_B1GQ,A,0.117
2015,CMR,TAX_REV,S13,T_4000,_T,PT_B1GQ,A,0.134
2016,CMR,TAX_REV,S13,T_4000,_T,PT_B1GQ,A,0.152
2017,CMR,TAX_REV,S13,T_4000,_T,PT_B1GQ,A,0.159
2018,CMR,TAX_REV,S13,T_4000,_T,PT_B1GQ,A,0.114
2019,CMR,TAX_REV,S13,T_4000,_T,PT_B1GQ,A,0.117
2020,CMR,TAX_REV,S13,T_4000,_T,PT_B1GQ,A,0.109
2021,CMR,TAX_REV,S13,T_4000,_T,PT_B1GQ,A,0.116
2022,CMR,TAX_REV,S13,T_4000,_T,PT_B1GQ,A,0.097
2014,TCD,TAX_REV,S13,T_4000,_T,PT_B1GQ,A,0.27
2015,TCD,TAX_REV,S13,T_4000,_T,PT_B1GQ,A,0.139
2016,TCD,TAX_REV,S13,T_4000,_T,PT_B1GQ,A,0.1
2017,TCD,TAX_REV,S13,T_4000,_T,PT_B1GQ,A,0.074
2018,TCD,TAX_REV,S13,T_4000,_T,PT_B1GQ,A,0.093
2019,TCD,TAX_REV,S13,T_4000,_T,PT_B1GQ,A,0.271
2020,TCD,TAX_REV,S13,T_4000,_T,PT_B1GQ,A,0.373
2021,TCD,TAX_REV,S13,T_4000,_T,PT_B1GQ,A,0.299
2022,TCD,TAX_REV,S13,T_4000,_T,PT_B1GQ,A,0.219
2014,CHN,TAX_REV,S13,T_4000,_T,PT_B1GQ,A,1.431
2015,CHN,TAX_REV,S13,T_4000,_T,PT_B1GQ,A,1.642
2016,CHN,TAX_REV,S13,T_4000,_T,PT_B1GQ,A,1.443
2017,CHN,TAX_REV,S13,T_4000,_T,PT_B1GQ,A,1.426
2018,CHN,TAX_REV,S13,T_4000,_T,PT_B1GQ,A,1.411
2019,CHN,TAX_REV,S13,T_4000,_T,PT_B1GQ,A,1.378
2020,CHN,TAX_REV,S13,T_4000,_T,PT_B1GQ,A,1.454
2021,CHN,TAX_REV,S13,T_4000,_T,PT_B1GQ,A,1.44
2022,CHN,TAX_REV,S13,T_4000,_T,PT_B1GQ,A,1.297
2023,CHN,TAX_REV,S13,T_4000,_T,PT_B1GQ,A,1.229
2014,COG,TAX_REV,S13,T_4000,_T,PT_B1GQ,A,0.227
2015,COG,TAX_REV,S13,T_4000,_T,PT_B1GQ,A,0.674
2016,COG,TAX_REV,S13,T_4000,_T,PT_B1GQ,A,0.232
2017,COG,TAX_REV,S13,T_4000,_T,PT_B1GQ,A,0.244
2018,COG,TAX_REV,S13,T_4000,_T,PT_B1GQ,A,0.208
2019,COG,TAX_REV,S13,T_4000,_T,PT_B1GQ,A,0.282
2020,COG,TAX_REV,S13,T_4000,_T,PT_B1GQ,A,0.292
2021,COG,TAX_REV,S13,T_4000,_T,PT_B1GQ,A,0.322
2022,COG,TAX_REV,S13,T_4000,_T,PT_B1GQ,A,0.265
2014,CIV,TAX_REV,S13,T_4000,_T,PT_B1GQ,A,0.331
2015,CIV,TAX_REV,S13,T_4000,_T,PT_B1GQ,A,0.329
2016,CIV,TAX_REV,S13,T_4000,_T,PT_B1GQ,A,0.372
2017,CIV,TAX_REV,S13,T_4000,_T,PT_B1GQ,A,0.336
2018,CIV,TAX_REV,S13,T_4000,_T,PT_B1GQ,A,0.37
2019,CIV,TAX_REV,S13,T_4000,_T,PT_B1GQ,A,0.395
2020,CIV,TAX_REV,S13,T_4000,_T,PT_B1GQ,A,0.373
2021,CIV,TAX_REV,S13,T_4000,_T,PT_B1GQ,A,0.427
2022,CIV,TAX_REV,S13,T_4000,_T,PT_B1GQ,A,0.424
2014,HRV,TAX_REV,S13,T_4000,_T,PT_B1GQ,A,1.146
2015,HRV,TAX_REV,S13,T_4000,_T,PT_B1GQ,A,1.12
2016,HRV,TAX_REV,S13,T_4000,_T,PT_B1GQ,A,1.115
2017,HRV,TAX_REV,S13,T_4000,_T,PT_B1GQ,A,1.094
2018,HRV,TAX_REV,S13,T_4000,_T,PT_B1GQ,A,1.176
2019,HRV,TAX_REV,S13,T_4000,_T,PT_B1GQ,A,1.154
2020,HRV,TAX_REV,S13,T_4000,_T,PT_B1GQ,A,1.092
2021,HRV,TAX_REV,S13,T_4000,_T,PT_B1GQ,A,1.094
2022,HRV,TAX_REV,S13,T_4000,_T,PT_B1GQ,A,1.064
2014,COD,TAX_REV,S13,T_4000,_T,PT_B1GQ,A,0.039
2015,COD,TAX_REV,S13,T_4000,_T,PT_B1GQ,A,0.035
2016,COD,TAX_REV,S13,T_4000,_T,PT_B1GQ,A,0.038
2017,COD,TAX_REV,S13,T_4000,_T,PT_B1GQ,A,0.034
2018,COD,TAX_REV,S13,T_4000,_T,PT_B1GQ,A,0.05
2019,COD,TAX_REV,S13,T_4000,_T,PT_B1GQ,A,0.053
2020,COD,TAX_REV,S13,T_4000,_T,PT_B1GQ,A,0.061
2021,COD,TAX_REV,S13,T_4000,_T,PT_B1GQ,A,0.054
2022,COD,TAX_REV,S13,T_4000,_T,PT_B1GQ,A,0.068
2014,DOM,TAX_REV,S13,T_4000,_T,PT_B1GQ,A,0.598
2015,DOM,TAX_REV,S13,T_4000,_T,PT_B1GQ,A,0.572
2016,DOM,TAX_REV,S13,T_4000,_T,PT_B1GQ,A,0.568
2017,DOM,TAX_REV,S13,T_4000,_T,PT_B1GQ,A,0.565
2018,DOM,TAX_REV,S13,T_4000,_T,PT_B1GQ,A,0.566
2019,DOM,TAX_REV,S13,T_4000,_T,PT_B1GQ,A,0.6
2020,DOM,TAX_REV,S13,T_4000,_T,PT_B1GQ,A,0.547
2021,DOM,TAX_REV,S13,T_4000,_T,PT_B1GQ,A,0.849
2022,DOM,TAX_REV,S13,T_4000,_T,PT_B1GQ,A,0.72
2023,DOM,TAX_REV,S13,T_4000,_T,PT_B1GQ,A,0.722
2014,ECU,TAX_REV,S13,T_4000,_T,PT_B1GQ,A,0.256
2015,ECU,TAX_REV,S13,T_4000,_T,PT_B1GQ,A,0.306
2016,ECU,TAX_REV,S13,T_4000,_T,PT_B1GQ,A,0.639
2017,ECU,TAX_REV,S13,T_4000,_T,PT_B1GQ,A,0.333
2018,ECU,TAX_REV,S13,T_4000,_T,PT_B1GQ,A,0.346
2019,ECU,TAX_REV,S13,T_4000,_T,PT_B1GQ,A,0.326
2020,ECU,TAX_REV,S13,T_4000,_T,PT_B1GQ,A,0.337
2021,ECU,TAX_REV,S13,T_4000,_T,PT_B1GQ,A,0.339
2022,ECU,TAX_REV,S13,T_4000,_T,PT_B1GQ,A,0.857
2023,ECU,TAX_REV,S13,T_4000,_T,PT_B1GQ,A,0.624
2014,EGY,TAX_REV,S13,T_4000,_T,PT_B1GQ,A,0.055
2015,EGY,TAX_REV,S13,T_4000,_T,PT_B1GQ,A,0.086
2016,EGY,TAX_REV,S13,T_4000,_T,PT_B1GQ,A,0.087
2017,EGY,TAX_REV,S13,T_4000,_T,PT_B1GQ,A,0.089
2018,EGY,TAX_REV,S13,T_4000,_T,PT_B1GQ,A,0.09
2019,EGY,TAX_REV,S13,T_4000,_T,PT_B1GQ,A,0.112
2020,EGY,TAX_REV,S13,T_4000,_T,PT_B1GQ,A,0.079
2021,EGY,TAX_REV,S13,T_4000,_T,PT_B1GQ,A,0.104
2022,EGY,TAX_REV,S13,T_4000,_T,PT_B1GQ,A,0.083
2014,MDA,TAX_REV,S13,T_4000,_T,PT_B1GQ,A,0.262
2015,MDA,TAX_REV,S13,T_4000,_T,PT_B1GQ,A,0.246
2016,MDA,TAX_REV,S13,T_4000,_T,PT_B1GQ,A,0.254
2017,MDA,TAX_REV,S13,T_4000,_T,PT_B1GQ,A,0.31
2018,MDA,TAX_REV,S13,T_4000,_T,PT_B1GQ,A,0.298
2019,MDA,TAX_REV,S13,T_4000,_T,PT_B1GQ,A,0.281
2020,MDA,TAX_REV,S13,T_4000,_T,PT_B1GQ,A,0.292
2021,MDA,TAX_REV,S13,T_4000,_T,PT_B1GQ,A,0.31
2022,MDA,TAX_REV,S13,T_4000,_T,PT_B1GQ,A,0.275
2023,MDA,TAX_REV,S13,T_4000,_T,PT_B1GQ,A,0.261
2014,MNG,TAX_REV,S13,T_4000,_T,PT_B1GQ,A,0.519
2015,MNG,TAX_REV,S13,T_4000,_T,PT_B1GQ,A,0.511
2016,MNG,TAX_REV,S13,T_4000,_T,PT_B1GQ,A,0.523
2017,MNG,TAX_REV,S13,T_4000,_T,PT_B1GQ,A,0.559
2018,MNG,TAX_REV,S13,T_4000,_T,PT_B1GQ,A,0.517
2019,MNG,TAX_REV,S13,T_4000,_T,PT_B1GQ,A,0.587
2020,MNG,TAX_REV,S13,T_4000,_T,PT_B1GQ,A,0.601
2021,MNG,TAX_REV,S13,T_4000,_T,PT_B1GQ,A,0.649
2022,MNG,TAX_REV,S13,T_4000,_T,PT_B1GQ,A,0.668
2023,MNG,TAX_REV,S13,T_4000,_T,PT_B1GQ,A,0.729
2014,MAR,TAX_REV,S13,T_4000,_T,PT_B1GQ,A,1.79
2015,MAR,TAX_REV,S13,T_4000,_T,PT_B1GQ,A,1.812
2016,MAR,TAX_REV,S13,T_4000,_T,PT_B1GQ,A,1.844
2017,MAR,TAX_REV,S13,T_4000,_T,PT_B1GQ,A,1.453
2018,MAR,TAX_REV,S13,T_4000,_T,PT_B1GQ,A,1.395
2019,MAR,TAX_REV,S13,T_4000,_T,PT_B1GQ,A,1.334
2020,MAR,TAX_REV,S13,T_4000,_T,PT_B1GQ,A,1.167
2021,MAR,TAX_REV,S13,T_4000,_T,PT_B1GQ,A,1.458
2022,MAR,TAX_REV,S13,T_4000,_T,PT_B1GQ,A,1.492
2014,MOZ,TAX_REV,S13,T_4000,_T,PT_B1GQ,A,0.2
2015,MOZ,TAX_REV,S13,T_4000,_T,PT_B1GQ,A,0.216
2016,MOZ,TAX_REV,S13,T_4000,_T,PT_B1GQ,A,0.225
2017,MOZ,TAX_REV,S13,T_4000,_T,PT_B1GQ,A,0.274
2018,MOZ,TAX_REV,S13,T_4000,_T,PT_B1GQ,A,0.344
2019,MOZ,TAX_REV,S13,T_4000,_T,PT_B1GQ,A,0.275
2020,MOZ,TAX_REV,S13,T_4000,_T,PT_B1GQ,A,0.413
2021,MOZ,TAX_REV,S13,T_4000,_T,PT_B1GQ,A,0.631
2022,MOZ,TAX_REV,S13,T_4000,_T,PT_B1GQ,A,0.259
2014,NAM,TAX_REV,S13,T_4000,_T,PT_B1GQ,A,0.21
2015,NAM,TAX_REV,S13,T_4000,_T,PT_B1GQ,A,0.21
2016,NAM,TAX_REV,S13,T_4000,_T,PT_B1GQ,A,0.176
2017,NAM,TAX_REV,S13,T_4000,_T,PT_B1GQ,A,0.155
2018,NAM,TAX_REV,S13,T_4000,_T,PT_B1GQ,A,0.122
2019,NAM,TAX_REV,S13,T_4000,_T,PT_B1GQ,A,0.097
2020,NAM,TAX_REV,S13,T_4000,_T,PT_B1GQ,A,0.098
2021,NAM,TAX_REV,S13,T_4000,_T,PT_B1GQ,A,0.128
2022,NAM,TAX_REV,S13,T_4000,_T,PT_B1GQ,A,0.117
2014,NIC,TAX_REV,S13,T_4000,_T,PT_B1GQ,A,0.232
2015,NIC,TAX_REV,S13,T_4000,_T,PT_B1GQ,A,0.222
2016,NIC,TAX_REV,S13,T_4000,_T,PT_B1GQ,A,0.219
2017,NIC,TAX_REV,S13,T_4000,_T,PT_B1GQ,A,0.216
2018,NIC,TAX_REV,S13,T_4000,_T,PT_B1GQ,A,0.234
2019,NIC,TAX_REV,S13,T_4000,_T,PT_B1GQ,A,0.284
2020,NIC,TAX_REV,S13,T_4000,_T,PT_B1GQ,A,0.322
2021,NIC,TAX_REV,S13,T_4000,_T,PT_B1GQ,A,0.357
2022,NIC,TAX_REV,S13,T_4000,_T,PT_B1GQ,A,0.323
2023,NIC,TAX_REV,S13,T_4000,_T,PT_B1GQ,A,0.323
2014,NER,TAX_REV,S13,T_4000,_T,PT_B1GQ,A,0.03
2015,NER,TAX_REV,S13,T_4000,_T,PT_B1GQ,A,0.048
2016,NER,TAX_REV,S13,T_4000,_T,PT_B1GQ,A,0.034
2017,NER,TAX_REV,S13,T_4000,_T,PT_B1GQ,A,0.036
2018,NER,TAX_REV,S13,T_4000,_T,PT_B1GQ,A,0.078
2019,NER,TAX_REV,S13,T_4000,_T,PT_B1GQ,A,0.13
2020,NER,TAX_REV,S13,T_4000,_T,PT_B1GQ,A,0.172
2021,NER,TAX_REV,S13,T_4000,_T,PT_B1GQ,A,0.173
2022,NER,TAX_REV,S13,T_4000,_T,PT_B1GQ,A,0.184
2021,NGA,TAX_REV,S13,T_4000,_T,PT_B1GQ,A,0.064
2022,NGA,TAX_REV,S13,T_4000,_T,PT_B1GQ,A,0.062
2014,PAK,TAX_REV,S13,T_4000,_T,PT_B1GQ,A,0.132
2015,PAK,TAX_REV,S13,T_4000,_T,PT_B1GQ,A,0.12
2016,PAK,TAX_REV,S13,T_4000,_T,PT_B1GQ,A,0.127
2017,PAK,TAX_REV,S13,T_4000,_T,PT_B1GQ,A,0.174
2018,PAK,TAX_REV,S13,T_4000,_T,PT_B1GQ,A,0.177
2019,PAK,TAX_REV,S13,T_4000,_T,PT_B1GQ,A,0.145
2020,PAK,TAX_REV,S13,T_4000,_T,PT_B1GQ,A,0.099
2021,PAK,TAX_REV,S13,T_4000,_T,PT_B1GQ,A,0.106
2022,PAK,TAX_REV,S13,T_4000,_T,PT_B1GQ,A,0.078
2023,PAK,TAX_REV,S13,T_4000,_T,PT_B1GQ,A,0.059
2014,PAN,TAX_REV,S13,T_4000,_T,PT_B1GQ,A,0.442
2015,PAN,TAX_REV,S13,T_4000,_T,PT_B1GQ,A,0.368
2016,PAN,TAX_REV,S13,T_4000,_T,PT_B1GQ,A,0.361
2017,PAN,TAX_REV,S13,T_4000,_T,PT_B1GQ,A,0.403
2018,PAN,TAX_REV,S13,T_4000,_T,PT_B1GQ,A,0.363
2019,PAN,TAX_REV,S13,T_4000,_T,PT_B1GQ,A,0.243
2020,PAN,TAX_REV,S13,T_4000,_T,PT_B1GQ,A,0.221
2021,PAN,TAX_REV,S13,T_4000,_T,PT_B1GQ,A,0.267
2022,PAN,TAX_REV,S13,T_4000,_T,PT_B1GQ,A,0.272
2023,PAN,TAX_REV,S13,T_4000,_T,PT_B1GQ,A,0.298
2014,PNG,TAX_REV,S13,T_4000,_T,PT_B1GQ,A,0.24
2015,PNG,TAX_REV,S13,T_4000,_T,PT_B1GQ,A,0.085
2016,PNG,TAX_REV,S13,T_4000,_T,PT_B1GQ,A,0.122
2017,PNG,TAX_REV,S13,T_4000,_T,PT_B1GQ,A,0.058
2018,PNG,TAX_REV,S13,T_4000,_T,PT_B1GQ,A,0.126
2019,PNG,TAX_REV,S13,T_4000,_T,PT_B1GQ,A,0.056
2020,PNG,TAX_REV,S13,T_4000,_T,PT_B1GQ,A,0.052
2021,PNG,TAX_REV,S13,T_4000,_T,PT_B1GQ,A,0.002
2022,PNG,TAX_REV,S13,T_4000,_T,PT_B1GQ,A,0.027
2023,PNG,TAX_REV,S13,T_4000,_T,PT_B1GQ,A,0.017
2014,PRY,TAX_REV,S13,T_4000,_T,PT_B1GQ,A,0.209
2015,PRY,TAX_REV,S13,T_4000,_T,PT_B1GQ,A,0.231
2016,PRY,TAX_REV,S13,T_4000,_T,PT_B1GQ,A,0.279
2017,PRY,TAX_REV,S13,T_4000,_T,PT_B1GQ,A,0.258
2018,PRY,TAX_REV,S13,T_4000,_T,PT_B1GQ,A,0.18
2019,PRY,TAX_REV,S13,T_4000,_T,PT_B1GQ,A,0.187
2020,PRY,TAX_REV,S13,T_4000,_T,PT_B1GQ,A,0.167
2021,PRY,TAX_REV,S13,T_4000,_T,PT_B1GQ,A,0.181
2022,PRY,TAX_REV,S13,T_4000,_T,PT_B1GQ,A,0.185
2023,PRY,TAX_REV,S13,T_4000,_T,PT_B1GQ,A,0.187
2014,PER,TAX_REV,S13,T_4000,_T,PT_B1GQ,A,0.913
2015,PER,TAX_REV,S13,T_4000,_T,PT_B1GQ,A,0.873
2016,PER,TAX_REV,S13,T_4000,_T,PT_B1GQ,A,0.922
2017,PER,TAX_REV,S13,T_4000,_T,PT_B1GQ,A,0.854
2018,PER,TAX_REV,S13,T_4000,_T,PT_B1GQ,A,0.885
2019,PER,TAX_REV,S13,T_4000,_T,PT_B1GQ,A,0.919
2020,PER,TAX_REV,S13,T_4000,_T,PT_B1GQ,A,0.823
2021,PER,TAX_REV,S13,T_4000,_T,PT_B1GQ,A,0.872
2022,PER,TAX_REV,S13,T_4000,_T,PT_B1GQ,A,0.894
2023,PER,TAX_REV,S13,T_4000,_T,PT_B1GQ,A,0.913
2014,PHL,TAX_REV,S13,T_4000,_T,PT_B1GQ,A,0.455
2015,PHL,TAX_REV,S13,T_4000,_T,PT_B1GQ,A,0.455
2016,PHL,TAX_REV,S13,T_4000,_T,PT_B1GQ,A,0.432
2017,PHL,TAX_REV,S13,T_4000,_T,PT_B1GQ,A,0.471
2018,PHL,TAX_REV,S13,T_4000,_T,PT_B1GQ,A,0.454
2019,PHL,TAX_REV,S13,T_4000,_T,PT_B1GQ,A,0.448
2020,PHL,TAX_REV,S13,T_4000,_T,PT_B1GQ,A,0.474
2021,PHL,TAX_REV,S13,T_4000,_T,PT_B1GQ,A,0.514
2022,PHL,TAX_REV,S13,T_4000,_T,PT_B1GQ,A,0.483
2023,PHL,TAX_REV,S13,T_4000,_T,PT_B1GQ,A,0.466
2014,ROU,TAX_REV,S13,T_4000,_T,PT_B1GQ,A,0.966
2015,ROU,TAX_REV,S13,T_4000,_T,PT_B1GQ,A,0.86
2016,ROU,TAX_REV,S13,T_4000,_T,PT_B1GQ,A,0.837
2017,ROU,TAX_REV,S13,T_4000,_T,PT_B1GQ,A,0.628
2018,ROU,TAX_REV,S13,T_4000,_T,PT_B1GQ,A,0.551
2019,ROU,TAX_REV,S13,T_4000,_T,PT_B1GQ,A,0.53
2020,ROU,TAX_REV,S13,T_4000,_T,PT_B1GQ,A,0.525
2021,ROU,TAX_REV,S13,T_4000,_T,PT_B1GQ,A,0.547
2022,ROU,TAX_REV,S13,T_4000,_T,PT_B1GQ,A,0.489
2015,RWA,TAX_REV,S13,T_4000,_T,PT_B1GQ,A,0.01
2016,RWA,TAX_REV,S13,T_4000,_T,PT_B1GQ,A,0.011
2017,RWA,TAX_REV,S13,T_4000,_T,PT_B1GQ,A,0.015
2018,RWA,TAX_REV,S13,T_4000,_T,PT_B1GQ,A,0.016
2019,RWA,TAX_REV,S13,T_4000,_T,PT_B1GQ,A,0.023
2020,RWA,TAX_REV,S13,T_4000,_T,PT_B1GQ,A,0.156
2021,RWA,TAX_REV,S13,T_4000,_T,PT_B1GQ,A,0.137
2022,RWA,TAX_REV,S13,T_4000,_T,PT_B1GQ,A,0.143
2014,LCA,TAX_REV,S13,T_4000,_T,PT_B1GQ,A,0.495
2015,LCA,TAX_REV,S13,T_4000,_T,PT_B1GQ,A,0.463
2016,LCA,TAX_REV,S13,T_4000,_T,PT_B1GQ,A,0.505
2017,LCA,TAX_REV,S13,T_4000,_T,PT_B1GQ,A,0.481
2018,LCA,TAX_REV,S13,T_4000,_T,PT_B1GQ,A,0.469
2019,LCA,TAX_REV,S13,T_4000,_T,PT_B1GQ,A,0.447
2020,LCA,TAX_REV,S13,T_4000,_T,PT_B1GQ,A,0.475
2021,LCA,TAX_REV,S13,T_4000,_T,PT_B1GQ,A,0.579
2022,LCA,TAX_REV,S13,T_4000,_T,PT_B1GQ,A,0.563
2023,LCA,TAX_REV,S13,T_4000,_T,PT_B1GQ,A,0.533
2014,SEN,TAX_REV,S13,T_4000,_T,PT_B1GQ,A,0.405
2015,SEN,TAX_REV,S13,T_4000,_T,PT_B1GQ,A,0.395
2016,SEN,TAX_REV,S13,T_4000,_T,PT_B1GQ,A,0.461
2017,SEN,TAX_REV,S13,T_4000,_T,PT_B1GQ,A,0.434
2018,SEN,TAX_REV,S13,T_4000,_T,PT_B1GQ,A,0.437
2019,SEN,TAX_REV,S13,T_4000,_T,PT_B1GQ,A,0.444
2020,SEN,TAX_REV,S13,T_4000,_T,PT_B1GQ,A,0.444
2021,SEN,TAX_REV,S13,T_4000,_T,PT_B1GQ,A,0.601
2022,SEN,TAX_REV,S13,T_4000,_T,PT_B1GQ,A,0.451
2014,SYC,TAX_REV,S13,T_4000,_T,PT_B1GQ,A,0.517
2015,SYC,TAX_REV,S13,T_4000,_T,PT_B1GQ,A,0.737
2016,SYC,TAX_REV,S13,T_4000,_T,PT_B1GQ,A,0.473
2017,SYC,TAX_REV,S13,T_4000,_T,PT_B1GQ,A,0.433
2018,SYC,TAX_REV,S13,T_4000,_T,PT_B1GQ,A,0.507
2019,SYC,TAX_REV,S13,T_4000,_T,PT_B1GQ,A,0.641
2020,SYC,TAX_REV,S13,T_4000,_T,PT_B1GQ,A,0.508
2021,SYC,TAX_REV,S13,T_4000,_T,PT_B1GQ,A,0.408
2022,SYC,TAX_REV,S13,T_4000,_T,PT_B1GQ,A,0.249
2014,SGP,TAX_REV,S13,T_4000,_T,PT_B1GQ,A,1.759
2015,SGP,TAX_REV,S13,T_4000,_T,PT_B1GQ,A,1.693
2016,SGP,TAX_REV,S13,T_4000,_T,PT_B1GQ,A,1.694
2017,SGP,TAX_REV,S13,T_4000,_T,PT_B1GQ,A,1.945
2018,SGP,TAX_REV,S13,T_4000,_T,PT_B1GQ,A,1.803
2019,SGP,TAX_REV,S13,T_4000,_T,PT_B1GQ,A,1.747
2020,SGP,TAX_REV,S13,T_4000,_T,PT_B1GQ,A,1.428
2021,SGP,TAX_REV,S13,T_4000,_T,PT_B1GQ,A,1.854
2022,SGP,TAX_REV,S13,T_4000,_T,PT_B1GQ,A,1.576
2023,SGP,TAX_REV,S13,T_4000,_T,PT_B1GQ,A,1.701
2014,SLB,TAX_REV,S13,T_4000,_T,PT_B1GQ,A,0.139
2015,SLB,TAX_REV,S13,T_4000,_T,PT_B1GQ,A,0.184
2016,SLB,TAX_REV,S13,T_4000,_T,PT_B1GQ,A,0.155
2017,SLB,TAX_REV,S13,T_4000,_T,PT_B1GQ,A,0.122
2018,SLB,TAX_REV,S13,T_4000,_T,PT_B1GQ,A,0.124
2019,SLB,TAX_REV,S13,T_4000,_T,PT_B1GQ,A,0.113
2020,SLB,TAX_REV,S13,T_4000,_T,PT_B1GQ,A,0.093
2021,SLB,TAX_REV,S13,T_4000,_T,PT_B1GQ,A,0.091
2022,SLB,TAX_REV,S13,T_4000,_T,PT_B1GQ,A,0.12
2023,SLB,TAX_REV,S13,T_4000,_T,PT_B1GQ,A,0.162
2014,SOM,TAX_REV,S13,T_4000,_T,PT_B1GQ,A,0.039
2017,SOM,TAX_REV,S13,T_4000,_T,PT_B1GQ,A,0.023
2018,SOM,TAX_REV,S13,T_4000,_T,PT_B1GQ,A,0.032
2019,SOM,TAX_REV,S13,T_4000,_T,PT_B1GQ,A,0.017
2020,SOM,TAX_REV,S13,T_4000,_T,PT_B1GQ,A,0.017
2021,SOM,TAX_REV,S13,T_4000,_T,PT_B1GQ,A,0.036
2022,SOM,TAX_REV,S13,T_4000,_T,PT_B1GQ,A,0.022
2014,ZAF,TAX_REV,S13,T_4000,_T,PT_B1GQ,A,1.41
2015,ZAF,TAX_REV,S13,T_4000,_T,PT_B1GQ,A,1.337
2016,ZAF,TAX_REV,S13,T_4000,_T,PT_B1GQ,A,1.419
2017,ZAF,TAX_REV,S13,T_4000,_T,PT_B1GQ,A,1.576
2018,ZAF,TAX_REV,S13,T_4000,_T,PT_B1GQ,A,1.558
2019,ZAF,TAX_REV,S13,T_4000,_T,PT_B1GQ,A,1.641
2020,ZAF,TAX_REV,S13,T_4000,_T,PT_B1GQ,A,1.696
2021,ZAF,TAX_REV,S13,T_4000,_T,PT_B1GQ,A,1.081
2022,ZAF,TAX_REV,S13,T_4000,_T,PT_B1GQ,A,1.236
2014,THA,TAX_REV,S13,T_4000,_T,PT_B1GQ,A,0.477
2015,THA,TAX_REV,S13,T_4000,_T,PT_B1GQ,A,0.499
2016,THA,TAX_REV,S13,T_4000,_T,PT_B1GQ,A,0.421
2017,THA,TAX_REV,S13,T_4000,_T,PT_B1GQ,A,0.485
2018,THA,TAX_REV,S13,T_4000,_T,PT_B1GQ,A,0.486
2019,THA,TAX_REV,S13,T_4000,_T,PT_B1GQ,A,0.466
2020,THA,TAX_REV,S13,T_4000,_T,PT_B1GQ,A,0.234
2021,THA,TAX_REV,S13,T_4000,_T,PT_B1GQ,A,0.224
2022,THA,TAX_REV,S13,T_4000,_T,PT_B1GQ,A,0.389
2023,THA,TAX_REV,S13,T_4000,_T,PT_B1GQ,A,0.406
2014,TGO,TAX_REV,S13,T_4000,_T,PT_B1GQ,A,0.121
2015,TGO,TAX_REV,S13,T_4000,_T,PT_B1GQ,A,0.128
2016,TGO,TAX_REV,S13,T_4000,_T,PT_B1GQ,A,0.132
2017,TGO,TAX_REV,S13,T_4000,_T,PT_B1GQ,A,0.115
2018,TGO,TAX_REV,S13,T_4000,_T,PT_B1GQ,A,0.123
2019,TGO,TAX_REV,S13,T_4000,_T,PT_B1GQ,A,0.123
2020,TGO,TAX_REV,S13,T_4000,_T,PT_B1GQ,A,0.128
2021,TGO,TAX_REV,S13,T_4000,_T,PT_B1GQ,A,0.089
2022,TGO,TAX_REV,S13,T_4000,_T,PT_B1GQ,A,0.111
2014,TTO,TAX_REV,S13,T_4000,_T,PT_B1GQ,A,0.153
2015,TTO,TAX_REV,S13,T_4000,_T,PT_B1GQ,A,0.23
2016,TTO,TAX_REV,S13,T_4000,_T,PT_B1GQ,A,0.205
2017,TTO,TAX_REV,S13,T_4000,_T,PT_B1GQ,A,0.199
2018,TTO,TAX_REV,S13,T_4000,_T,PT_B1GQ,A,0.219
2019,TTO,TAX_REV,S13,T_4000,_T,PT_B1GQ,A,0.25
2020,TTO,TAX_REV,S13,T_4000,_T,PT_B1GQ,A,0.178
2021,TTO,TAX_REV,S13,T_4000,_T,PT_B1GQ,A,0.182
2022,TTO,TAX_REV,S13,T_4000,_T,PT_B1GQ,A,0.178
2023,TTO,TAX_REV,S13,T_4000,_T,PT_B1GQ,A,0.151
2014,TUN,TAX_REV,S13,T_4000,_T,PT_B1GQ,A,0.301
2015,TUN,TAX_REV,S13,T_4000,_T,PT_B1GQ,A,0.314
2016,TUN,TAX_REV,S13,T_4000,_T,PT_B1GQ,A,0.314
2017,TUN,TAX_REV,S13,T_4000,_T,PT_B1GQ,A,0.297
2018,TUN,TAX_REV,S13,T_4000,_T,PT_B1GQ,A,0.273
2019,TUN,TAX_REV,S13,T_4000,_T,PT_B1GQ,A,0.301
2020,TUN,TAX_REV,S13,T_4000,_T,PT_B1GQ,A,0.258
2021,TUN,TAX_REV,S13,T_4000,_T,PT_B1GQ,A,0.31
2022,TUN,TAX_REV,S13,T_4000,_T,PT_B1GQ,A,0.334
2014,UGA,TAX_REV,S13,T_4000,_T,PT_B1GQ,A,0.006
2015,UGA,TAX_REV,S13,T_4000,_T,PT_B1GQ,A,0.052
2016,UGA,TAX_REV,S13,T_4000,_T,PT_B1GQ,A,0.038
2014,BGR,TAX_REV,S13,T_1000,_T,PT_B1GQ,A,5.09
2015,BGR,TAX_REV,S13,T_1000,_T,PT_B1GQ,A,5.264
2016,BGR,TAX_REV,S13,T_1000,_T,PT_B1GQ,A,5.399
2017,BGR,TAX_REV,S13,T_1000,_T,PT_B1GQ,A,5.682
2018,BGR,TAX_REV,S13,T_1000,_T,PT_B1GQ,A,5.628
2019,BGR,TAX_REV,S13,T_1000,_T,PT_B1GQ,A,5.672
2020,BGR,TAX_REV,S13,T_1000,_T,PT_B1GQ,A,5.628
2021,BGR,TAX_REV,S13,T_1000,_T,PT_B1GQ,A,6.213
2022,BGR,TAX_REV,S13,T_1000,_T,PT_B1GQ,A,6.032
2023,BGR,TAX_REV,S13,T_1000,_T,PT_B1GQ,A,6.228
2014,BFA,TAX_REV,S13,T_1000,_T,PT_B1GQ,A,3.839
2015,BFA,TAX_REV,S13,T_1000,_T,PT_B1GQ,A,3.376
2016,BFA,TAX_REV,S13,T_1000,_T,PT_B1GQ,A,3.784
2017,BFA,TAX_REV,S13,T_1000,_T,PT_B1GQ,A,3.975
2018,BFA,TAX_REV,S13,T_1000,_T,PT_B1GQ,A,4.268
2019,BFA,TAX_REV,S13,T_1000,_T,PT_B1GQ,A,4.797
2020,BFA,TAX_REV,S13,T_1000,_T,PT_B1GQ,A,4.475
2021,BFA,TAX_REV,S13,T_1000,_T,PT_B1GQ,A,5.294
2022,BFA,TAX_REV,S13,T_1000,_T,PT_B1GQ,A,6.168
2014,CPV,TAX_REV,S13,T_1000,_T,PT_B1GQ,A,4.569
2015,CPV,TAX_REV,S13,T_1000,_T,PT_B1GQ,A,5.56
2016,CPV,TAX_REV,S13,T_1000,_T,PT_B1GQ,A,5.45
2017,CPV,TAX_REV,S13,T_1000,_T,PT_B1GQ,A,5.782
2018,CPV,TAX_REV,S13,T_1000,_T,PT_B1GQ,A,5.971
2019,CPV,TAX_REV,S13,T_1000,_T,PT_B1GQ,A,5.776
2020,CPV,TAX_REV,S13,T_1000,_T,PT_B1GQ,A,5.65
2021,CPV,TAX_REV,S13,T_1000,_T,PT_B1GQ,A,4.94
2022,CPV,TAX_REV,S13,T_1000,_T,PT_B1GQ,A,4.347
2014,KHM,TAX_REV,S13,T_1000,_T,PT_B1GQ,A,2.208
2015,KHM,TAX_REV,S13,T_1000,_T,PT_B1GQ,A,2.514
2016,KHM,TAX_REV,S13,T_1000,_T,PT_B1GQ,A,2.74
2017,KHM,TAX_REV,S13,T_1000,_T,PT_B1GQ,A,3.194
2018,KHM,TAX_REV,S13,T_1000,_T,PT_B1GQ,A,3.252
2019,KHM,TAX_REV,S13,T_1000,_T,PT_B1GQ,A,3.67
2020,KHM,TAX_REV,S13,T_1000,_T,PT_B1GQ,A,4.288
2021,KHM,TAX_REV,S13,T_1000,_T,PT_B1GQ,A,4.124
2022,KHM,TAX_REV,S13,T_1000,_T,PT_B1GQ,A,4.665
2023,KHM,TAX_REV,S13,T_1000,_T,PT_B1GQ,A,4.625
2014,CMR,TAX_REV,S13,T_1000,_T,PT_B1GQ,A,4.364
2015,CMR,TAX_REV,S13,T_1000,_T,PT_B1GQ,A,4.557
2016,CMR,TAX_REV,S13,T_1000,_T,PT_B1GQ,A,3.848
2017,CMR,TAX_REV,S13,T_1000,_T,PT_B1GQ,A,3.538
2018,CMR,TAX_REV,S13,T_1000,_T,PT_B1GQ,A,3.821
2019,CMR,TAX_REV,S13,T_1000,_T,PT_B1GQ,A,3.795
2020,CMR,TAX_REV,S13,T_1000,_T,PT_B1GQ,A,3.677
2021,CMR,TAX_REV,S13,T_1000,_T,PT_B1GQ,A,3.645
2022,CMR,TAX_REV,S13,T_1000,_T,PT_B1GQ,A,4.24
2014,TCD,TAX_REV,S13,T_1000,_T,PT_B1GQ,A,5.315
2015,TCD,TAX_REV,S13,T_1000,_T,PT_B1GQ,A,2.363
2016,TCD,TAX_REV,S13,T_1000,_T,PT_B1GQ,A,1.581
2017,TCD,TAX_REV,S13,T_1000,_T,PT_B1GQ,A,2.18
2018,TCD,TAX_REV,S13,T_1000,_T,PT_B1GQ,A,2.933
2019,TCD,TAX_REV,S13,T_1000,_T,PT_B1GQ,A,2.687
2020,TCD,TAX_REV,S13,T_1000,_T,PT_B1GQ,A,6.672
2021,TCD,TAX_REV,S13,T_1000,_T,PT_B1GQ,A,3.582
2022,TCD,TAX_REV,S13,T_1000,_T,PT_B1GQ,A,7.41
2014,CHN,TAX_REV,S13,T_1000,_T,PT_B1GQ,A,5.479
2015,CHN,TAX_REV,S13,T_1000,_T,PT_B1GQ,A,5.635
2016,CHN,TAX_REV,S13,T_1000,_T,PT_B1GQ,A,5.669
2017,CHN,TAX_REV,S13,T_1000,_T,PT_B1GQ,A,5.782
2018,CHN,TAX_REV,S13,T_1000,_T,PT_B1GQ,A,5.859
2019,CHN,TAX_REV,S13,T_1000,_T,PT_B1GQ,A,5.384
2020,CHN,TAX_REV,S13,T_1000,_T,PT_B1GQ,A,5.263
2021,CHN,TAX_REV,S13,T_1000,_T,PT_B1GQ,A,5.361
2022,CHN,TAX_REV,S13,T_1000,_T,PT_B1GQ,A,5.265
2023,CHN,TAX_REV,S13,T_1000,_T,PT_B1GQ,A,4.726
2014,COG,TAX_REV,S13,T_1000,_T,PT_B1GQ,A,3.284
2015,COG,TAX_REV,S13,T_1000,_T,PT_B1GQ,A,4.876
2016,COG,TAX_REV,S13,T_1000,_T,PT_B1GQ,A,4.764
2017,COG,TAX_REV,S13,T_1000,_T,PT_B1GQ,A,4.023
2018,COG,TAX_REV,S13,T_1000,_T,PT_B1GQ,A,1.693
2019,COG,TAX_REV,S13,T_1000,_T,PT_B1GQ,A,2.246
2020,COG,TAX_REV,S13,T_1000,_T,PT_B1GQ,A,2.715
2021,COG,TAX_REV,S13,T_1000,_T,PT_B1GQ,A,2.161
2022,COG,TAX_REV,S13,T_1000,_T,PT_B1GQ,A,2.037
2014,COK,TAX_REV,S13,T_1000,_T,PT_B1GQ,A,5.63
2015,COK,TAX_REV,S13,T_1000,_T,PT_B1GQ,A,9.426
2016,COK,TAX_REV,S13,T_1000,_T,PT_B1GQ,A,9.235
2017,COK,TAX_REV,S13,T_1000,_T,PT_B1GQ,A,9.895
2018,COK,TAX_REV,S13,T_1000,_T,PT_B1GQ,A,10.936
2019,COK,TAX_REV,S13,T_1000,_T,PT_B1GQ,A,8.759
2020,COK,TAX_REV,S13,T_1000,_T,PT_B1GQ,A,10.331
2021,COK,TAX_REV,S13,T_1000,_T,PT_B1GQ,A,8.284
2022,COK,TAX_REV,S13,T_1000,_T,PT_B1GQ,A,5.394
2023,COK,TAX_REV,S13,T_1000,_T,PT_B1GQ,A,7.655
2014,CIV,TAX_REV,S13,T_1000,_T,PT_B1GQ,A,1.664
2015,CIV,TAX_REV,S13,T_1000,_T,PT_B1GQ,A,1.51
2016,CIV,TAX_REV,S13,T_1000,_T,PT_B1GQ,A,1.462
2017,CIV,TAX_REV,S13,T_1000,_T,PT_B1GQ,A,1.588
2018,CIV,TAX_REV,S13,T_1000,_T,PT_B1GQ,A,1.766
2019,CIV,TAX_REV,S13,T_1000,_T,PT_B1GQ,A,1.576
2020,CIV,TAX_REV,S13,T_1000,_T,PT_B1GQ,A,1.6
2021,CIV,TAX_REV,S13,T_1000,_T,PT_B1GQ,A,1.809
2022,CIV,TAX_REV,S13,T_1000,_T,PT_B1GQ,A,1.938
2014,HRV,TAX_REV,S13,T_1000,_T,PT_B1GQ,A,5.548
2015,HRV,TAX_REV,S13,T_1000,_T,PT_B1GQ,A,5.401
2016,HRV,TAX_REV,S13,T_1000,_T,PT_B1GQ,A,5.814
2017,HRV,TAX_REV,S13,T_1000,_T,PT_B1GQ,A,5.577
2018,HRV,TAX_REV,S13,T_1000,_T,PT_B1GQ,A,5.766
2019,HRV,TAX_REV,S13,T_1000,_T,PT_B1GQ,A,5.925
2020,HRV,TAX_REV,S13,T_1000,_T,PT_B1GQ,A,5.895
2021,HRV,TAX_REV,S13,T_1000,_T,PT_B1GQ,A,5.193
2022,HRV,TAX_REV,S13,T_1000,_T,PT_B1GQ,A,6.475
2014,CUB,TAX_REV,S13,T_1000,_T,PT_B1GQ,A,7.433
2015,CUB,TAX_REV,S13,T_1000,_T,PT_B1GQ,A,7.662
2016,CUB,TAX_REV,S13,T_1000,_T,PT_B1GQ,A,8.776
2017,CUB,TAX_REV,S13,T_1000,_T,PT_B1GQ,A,10.253
2018,CUB,TAX_REV,S13,T_1000,_T,PT_B1GQ,A,11.088
2019,CUB,TAX_REV,S13,T_1000,_T,PT_B1GQ,A,11.851
2020,CUB,TAX_REV,S13,T_1000,_T,PT_B1GQ,A,10.603
2021,CUB,TAX_REV,S13,T_1000,_T,PT_B1GQ,A,8.17
2022,CUB,TAX_REV,S13,T_1000,_T,PT_B1GQ,A,8.585
2023,CUB,TAX_REV,S13,T_1000,_T,PT_B1GQ,A,8.036
2014,COD,TAX_REV,S13,T_1000,_T,PT_B1GQ,A,2.853
2015,COD,TAX_REV,S13,T_1000,_T,PT_B1GQ,A,3.294
2016,COD,TAX_REV,S13,T_1000,_T,PT_B1GQ,A,2.504
2017,COD,TAX_REV,S13,T_1000,_T,PT_B1GQ,A,2.441
2018,COD,TAX_REV,S13,T_1000,_T,PT_B1GQ,A,3.291
2019,COD,TAX_REV,S13,T_1000,_T,PT_B1GQ,A,3.217
2020,COD,TAX_REV,S13,T_1000,_T,PT_B1GQ,A,2.373
2021,COD,TAX_REV,S13,T_1000,_T,PT_B1GQ,A,3.466
2022,COD,TAX_REV,S13,T_1000,_T,PT_B1GQ,A,6.439
2014,DOM,TAX_REV,S13,T_1000,_T,PT_B1GQ,A,4.236
2015,DOM,TAX_REV,S13,T_1000,_T,PT_B1GQ,A,3.698
2016,DOM,TAX_REV,S13,T_1000,_T,PT_B1GQ,A,3.857
2017,DOM,TAX_REV,S13,T_1000,_T,PT_B1GQ,A,4.024
2018,DOM,TAX_REV,S13,T_1000,_T,PT_B1GQ,A,3.978
2019,DOM,TAX_REV,S13,T_1000,_T,PT_B1GQ,A,4.203
2020,DOM,TAX_REV,S13,T_1000,_T,PT_B1GQ,A,4.198
2021,DOM,TAX_REV,S13,T_1000,_T,PT_B1GQ,A,4.878
2022,DOM,TAX_REV,S13,T_1000,_T,PT_B1GQ,A,4.411
2023,DOM,TAX_REV,S13,T_1000,_T,PT_B1GQ,A,4.98
2014,ECU,TAX_REV,S13,T_1000,_T,PT_B1GQ,A,4.147
2015,ECU,TAX_REV,S13,T_1000,_T,PT_B1GQ,A,5.046
2016,ECU,TAX_REV,S13,T_1000,_T,PT_B1GQ,A,4.389
2017,ECU,TAX_REV,S13,T_1000,_T,PT_B1GQ,A,3.963
2018,ECU,TAX_REV,S13,T_1000,_T,PT_B1GQ,A,4.877
2019,ECU,TAX_REV,S13,T_1000,_T,PT_B1GQ,A,4.319
2020,ECU,TAX_REV,S13,T_1000,_T,PT_B1GQ,A,4.535
2021,ECU,TAX_REV,S13,T_1000,_T,PT_B1GQ,A,4.186
2022,ECU,TAX_REV,S13,T_1000,_T,PT_B1GQ,A,4.62
2023,ECU,TAX_REV,S13,T_1000,_T,PT_B1GQ,A,4.801
2014,EGY,TAX_REV,S13,T_1000,_T,PT_B1GQ,A,6.575
2015,EGY,TAX_REV,S13,T_1000,_T,PT_B1GQ,A,6.095
2016,EGY,TAX_REV,S13,T_1000,_T,PT_B1GQ,A,6.269
2017,EGY,TAX_REV,S13,T_1000,_T,PT_B1GQ,A,5.847
2018,EGY,TAX_REV,S13,T_1000,_T,PT_B1GQ,A,6.213
2019,EGY,TAX_REV,S13,T_1000,_T,PT_B1GQ,A,5.937
2020,EGY,TAX_REV,S13,T_1000,_T,PT_B1GQ,A,5.963
2021,EGY,TAX_REV,S13,T_1000,_T,PT_B1GQ,A,5.977
2022,EGY,TAX_REV,S13,T_1000,_T,PT_B1GQ,A,6.118
2014,MDA,TAX_REV,S13,T_1000,_T,PT_B1GQ,A,3.696
2015,MDA,TAX_REV,S13,T_1000,_T,PT_B1GQ,A,3.785
2016,MDA,TAX_REV,S13,T_1000,_T,PT_B1GQ,A,4.116
2017,MDA,TAX_REV,S13,T_1000,_T,PT_B1GQ,A,4.388
2018,MDA,TAX_REV,S13,T_1000,_T,PT_B1GQ,A,4.939
2019,MDA,TAX_REV,S13,T_1000,_T,PT_B1GQ,A,4.526
2020,MDA,TAX_REV,S13,T_1000,_T,PT_B1GQ,A,4.65
2021,MDA,TAX_REV,S13,T_1000,_T,PT_B1GQ,A,4.603
2022,MDA,TAX_REV,S13,T_1000,_T,PT_B1GQ,A,5.365
2023,MDA,TAX_REV,S13,T_1000,_T,PT_B1GQ,A,5.487
2014,MNG,TAX_REV,S13,T_1000,_T,PT_B1GQ,A,4.954
2015,MNG,TAX_REV,S13,T_1000,_T,PT_B1GQ,A,5.114
2016,MNG,TAX_REV,S13,T_1000,_T,PT_B1GQ,A,4.36
2017,MNG,TAX_REV,S13,T_1000,_T,PT_B1GQ,A,5.759
2018,MNG,TAX_REV,S13,T_1000,_T,PT_B1GQ,A,6.418
2019,MNG,TAX_REV,S13,T_1000,_T,PT_B1GQ,A,6.754
2020,MNG,TAX_REV,S13,T_1000,_T,PT_B1GQ,A,5.879
2021,MNG,TAX_REV,S13,T_1000,_T,PT_B1GQ,A,7.44
2022,MNG,TAX_REV,S13,T_1000,_T,PT_B1GQ,A,6.973
2023,MNG,TAX_REV,S13,T_1000,_T,PT_B1GQ,A,8.1
2014,MAR,TAX_REV,S13,T_1000,_T,PT_B1GQ,A,7.623
2015,MAR,TAX_REV,S13,T_1000,_T,PT_B1GQ,A,7.323
2016,MAR,TAX_REV,S13,T_1000,_T,PT_B1GQ,A,7.687
2017,MAR,TAX_REV,S13,T_1000,_T,PT_B1GQ,A,8.04
2018,MAR,TAX_REV,S13,T_1000,_T,PT_B1GQ,A,8.034
2019,MAR,TAX_REV,S13,T_1000,_T,PT_B1GQ,A,7.927
2020,MAR,TAX_REV,S13,T_1000,_T,PT_B1GQ,A,8.28
2021,MAR,TAX_REV,S13,T_1000,_T,PT_B1GQ,A,7.709
2022,MAR,TAX_REV,S13,T_1000,_T,PT_B1GQ,A,9.216
2014,MOZ,TAX_REV,S13,T_1000,_T,PT_B1GQ,A,11.181
2015,MOZ,TAX_REV,S13,T_1000,_T,PT_B1GQ,A,8.92
2016,MOZ,TAX_REV,S13,T_1000,_T,PT_B1GQ,A,8.426
2017,MOZ,TAX_REV,S13,T_1000,_T,PT_B1GQ,A,9.055
2018,MOZ,TAX_REV,S13,T_1000,_T,PT_B1GQ,A,10.035
2019,MOZ,TAX_REV,S13,T_1000,_T,PT_B1GQ,A,9.331
2020,MOZ,TAX_REV,S13,T_1000,_T,PT_B1GQ,A,10.114
2021,MOZ,TAX_REV,S13,T_1000,_T,PT_B1GQ,A,10.342
2022,MOZ,TAX_REV,S13,T_1000,_T,PT_B1GQ,A,10.975
2014,NAM,TAX_REV,S13,T_1000,_T,PT_B1GQ,A,12.919
2015,NAM,TAX_REV,S13,T_1000,_T,PT_B1GQ,A,12.761
2016,NAM,TAX_REV,S13,T_1000,_T,PT_B1GQ,A,12.786
2017,NAM,TAX_REV,S13,T_1000,_T,PT_B1GQ,A,12.617
2018,NAM,TAX_REV,S13,T_1000,_T,PT_B1GQ,A,12.068
2019,NAM,TAX_REV,S13,T_1000,_T,PT_B1GQ,A,12.599
2020,NAM,TAX_REV,S13,T_1000,_T,PT_B1GQ,A,12.62
2021,NAM,TAX_REV,S13,T_1000,_T,PT_B1GQ,A,12.11
2022,NAM,TAX_REV,S13,T_1000,_T,PT_B1GQ,A,11.99
2015,NRU,TAX_REV,S13,T_1000,_T,PT_B1GQ,A,9.398
2016,NRU,TAX_REV,S13,T_1000,_T,PT_B1GQ,A,8.683
2017,NRU,TAX_REV,S13,T_1000,_T,PT_B1GQ,A,16.166
2018,NRU,TAX_REV,S13,T_1000,_T,PT_B1GQ,A,22.703
2019,NRU,TAX_REV,S13,T_1000,_T,PT_B1GQ,A,33.832
2020,NRU,TAX_REV,S13,T_1000,_T,PT_B1GQ,A,27.008
2021,NRU,TAX_REV,S13,T_1000,_T,PT_B1GQ,A,25.657
2022,NRU,TAX_REV,S13,T_1000,_T,PT_B1GQ,A,21.544
2023,NRU,TAX_REV,S13,T_1000,_T,PT_B1GQ,A,11.717
2014,NIC,TAX_REV,S13,T_1000,_T,PT_B1GQ,A,5.847
2015,NIC,TAX_REV,S13,T_1000,_T,PT_B1GQ,A,6.13
2016,NIC,TAX_REV,S13,T_1000,_T,PT_B1GQ,A,6.551
2017,NIC,TAX_REV,S13,T_1000,_T,PT_B1GQ,A,6.893
2018,NIC,TAX_REV,S13,T_1000,_T,PT_B1GQ,A,7.119
2019,NIC,TAX_REV,S13,T_1000,_T,PT_B1GQ,A,7.854
2020,NIC,TAX_REV,S13,T_1000,_T,PT_B1GQ,A,7.458
2021,NIC,TAX_REV,S13,T_1000,_T,PT_B1GQ,A,8.191
2022,NIC,TAX_REV,S13,T_1000,_T,PT_B1GQ,A,9.021
2023,NIC,TAX_REV,S13,T_1000,_T,PT_B1GQ,A,9.033
2014,NER,TAX_REV,S13,T_1000,_T,PT_B1GQ,A,3.898
2015,NER,TAX_REV,S13,T_1000,_T,PT_B1GQ,A,3.104
2016,NER,TAX_REV,S13,T_1000,_T,PT_B1GQ,A,2.779
2017,NER,TAX_REV,S13,T_1000,_T,PT_B1GQ,A,2.563
2018,NER,TAX_REV,S13,T_1000,_T,PT_B1GQ,A,2.361
2019,NER,TAX_REV,S13,T_1000,_T,PT_B1GQ,A,2.276
2020,NER,TAX_REV,S13,T_1000,_T,PT_B1GQ,A,2.298
2021,NER,TAX_REV,S13,T_1000,_T,PT_B1GQ,A,2.545
2022,NER,TAX_REV,S13,T_1000,_T,PT_B1GQ,A,2.421
2014,NGA,TAX_REV,S13,T_1000,_T,PT_B1GQ,A,4.879
2015,NGA,TAX_REV,S13,T_1000,_T,PT_B1GQ,A,3.663
2016,NGA,TAX_REV,S13,T_1000,_T,PT_B1GQ,A,2.973
2017,NGA,TAX_REV,S13,T_1000,_T,PT_B1GQ,A,3.212
2018,NGA,TAX_REV,S13,T_1000,_T,PT_B1GQ,A,3.843
2019,NGA,TAX_REV,S13,T_1000,_T,PT_B1GQ,A,3.409
2020,NGA,TAX_REV,S13,T_1000,_T,PT_B1GQ,A,2.761
2021,NGA,TAX_REV,S13,T_1000,_T,PT_B1GQ,A,3.098
2022,NGA,TAX_REV,S13,T_1000,_T,PT_B1GQ,A,4.261
2014,NIU,TAX_REV,S13,T_1000,_T,PT_B1GQ,A,9.473
2015,NIU,TAX_REV,S13,T_1000,_T,PT_B1GQ,A,8.686
2016,NIU,TAX_REV,S13,T_1000,_T,PT_B1GQ,A,8.781
2017,NIU,TAX_REV,S13,T_1000,_T,PT_B1GQ,A,9.461
2018,NIU,TAX_REV,S13,T_1000,_T,PT_B1GQ,A,8.401
2019,NIU,TAX_REV,S13,T_1000,_T,PT_B1GQ,A,9.374
2020,NIU,TAX_REV,S13,T_1000,_T,PT_B1GQ,A,11.6
2021,NIU,TAX_REV,S13,T_1000,_T,PT_B1GQ,A,9.197
2022,NIU,TAX_REV,S13,T_1000,_T,PT_B1GQ,A,12.682
2023,NIU,TAX_REV,S13,T_1000,_T,PT_B1GQ,A,9.929
2014,PAK,TAX_REV,S13,T_1000,_T,PT_B1GQ,A,3.383
2015,PAK,TAX_REV,S13,T_1000,_T,PT_B1GQ,A,3.641
2016,PAK,TAX_REV,S13,T_1000,_T,PT_B1GQ,A,3.778
2017,PAK,TAX_REV,S13,T_1000,_T,PT_B1GQ,A,3.921
2018,PAK,TAX_REV,S13,T_1000,_T,PT_B1GQ,A,3.301
2019,PAK,TAX_REV,S13,T_1000,_T,PT_B1GQ,A,3.206
2020,PAK,TAX_REV,S13,T_1000,_T,PT_B1GQ,A,3.102
2021,PAK,TAX_REV,S13,T_1000,_T,PT_B1GQ,A,3.421
2022,PAK,TAX_REV,S13,T_1000,_T,PT_B1GQ,A,3.898
2023,PAK,TAX_REV,S13,T_1000,_T,PT_B1GQ,A,4.29
2014,PAN,TAX_REV,S13,T_1000,_T,PT_B1GQ,A,4.002
2015,PAN,TAX_REV,S13,T_1000,_T,PT_B1GQ,A,3.82
2016,PAN,TAX_REV,S13,T_1000,_T,PT_B1GQ,A,4.145
2017,PAN,TAX_REV,S13,T_1000,_T,PT_B1GQ,A,3.94
2018,PAN,TAX_REV,S13,T_1000,_T,PT_B1GQ,A,3.971
2019,PAN,TAX_REV,S13,T_1000,_T,PT_B1GQ,A,3.506
2020,PAN,TAX_REV,S13,T_1000,_T,PT_B1GQ,A,3.292
2021,PAN,TAX_REV,S13,T_1000,_T,PT_B1GQ,A,2.964
2022,PAN,TAX_REV,S13,T_1000,_T,PT_B1GQ,A,3.668
2023,PAN,TAX_REV,S13,T_1000,_T,PT_B1GQ,A,4.024
2014,PNG,TAX_REV,S13,T_1000,_T,PT_B1GQ,A,12.058
2015,PNG,TAX_REV,S13,T_1000,_T,PT_B1GQ,A,9.904
2016,PNG,TAX_REV,S13,T_1000,_T,PT_B1GQ,A,8.127
2017,PNG,TAX_REV,S13,T_1000,_T,PT_B1GQ,A,7.332
2018,PNG,TAX_REV,S13,T_1000,_T,PT_B1GQ,A,7.706
2019,PNG,TAX_REV,S13,T_1000,_T,PT_B1GQ,A,7.239
2020,PNG,TAX_REV,S13,T_1000,_T,PT_B1GQ,A,6.87
2021,PNG,TAX_REV,S13,T_1000,_T,PT_B1GQ,A,6.937
2022,PNG,TAX_REV,S13,T_1000,_T,PT_B1GQ,A,10.115
2023,PNG,TAX_REV,S13,T_1000,_T,PT_B1GQ,A,10.535
2014,PRY,TAX_REV,S13,T_1000,_T,PT_B1GQ,A,2.042
2015,PRY,TAX_REV,S13,T_1000,_T,PT_B1GQ,A,2.081
2016,PRY,TAX_REV,S13,T_1000,_T,PT_B1GQ,A,2.164
2017,PRY,TAX_REV,S13,T_1000,_T,PT_B1GQ,A,2.321
2018,PRY,TAX_REV,S13,T_1000,_T,PT_B1GQ,A,2.284
2019,PRY,TAX_REV,S13,T_1000,_T,PT_B1GQ,A,2.545
2020,PRY,TAX_REV,S13,T_1000,_T,PT_B1GQ,A,2.505
2021,PRY,TAX_REV,S13,T_1000,_T,PT_B1GQ,A,2.557
2022,PRY,TAX_REV,S13,T_1000,_T,PT_B1GQ,A,2.996
2023,PRY,TAX_REV,S13,T_1000,_T,PT_B1GQ,A,2.611
2014,PER,TAX_REV,S13,T_1000,_T,PT_B1GQ,A,6.925
2015,PER,TAX_REV,S13,T_1000,_T,PT_B1GQ,A,5.547
2016,PER,TAX_REV,S13,T_1000,_T,PT_B1GQ,A,5.441
2017,PER,TAX_REV,S13,T_1000,_T,PT_B1GQ,A,5.121
2018,PER,TAX_REV,S13,T_1000,_T,PT_B1GQ,A,5.395
2019,PER,TAX_REV,S13,T_1000,_T,PT_B1GQ,A,5.529
2020,PER,TAX_REV,S13,T_1000,_T,PT_B1GQ,A,5.061
2021,PER,TAX_REV,S13,T_1000,_T,PT_B1GQ,A,6.283
2022,PER,TAX_REV,S13,T_1000,_T,PT_B1GQ,A,7.382
2023,PER,TAX_REV,S13,T_1000,_T,PT_B1GQ,A,6.169
2014,PHL,TAX_REV,S13,T_1000,_T,PT_B1GQ,A,6.366
2015,PHL,TAX_REV,S13,T_1000,_T,PT_B1GQ,A,6.527
2016,PHL,TAX_REV,S13,T_1000,_T,PT_B1GQ,A,6.526
2017,PHL,TAX_REV,S13,T_1000,_T,PT_B1GQ,A,6.659
2018,PHL,TAX_REV,S13,T_1000,_T,PT_B1GQ,A,6.163
2019,PHL,TAX_REV,S13,T_1000,_T,PT_B1GQ,A,6.437
2020,PHL,TAX_REV,S13,T_1000,_T,PT_B1GQ,A,6.439
2021,PHL,TAX_REV,S13,T_1000,_T,PT_B1GQ,A,5.969
2022,PHL,TAX_REV,S13,T_1000,_T,PT_B1GQ,A,6.107
2023,PHL,TAX_REV,S13,T_1000,_T,PT_B1GQ,A,6.318
2014,ROU,TAX_REV,S13,T_1000,_T,PT_B1GQ,A,5.77
2015,ROU,TAX_REV,S13,T_1000,_T,PT_B1GQ,A,6.189
2016,ROU,TAX_REV,S13,T_1000,_T,PT_B1GQ,A,6.124
2017,ROU,TAX_REV,S13,T_1000,_T,PT_B1GQ,A,5.761
2018,ROU,TAX_REV,S13,T_1000,_T,PT_B1GQ,A,4.545
2019,ROU,TAX_REV,S13,T_1000,_T,PT_B1GQ,A,4.521
2020,ROU,TAX_REV,S13,T_1000,_T,PT_B1GQ,A,4.384
2021,ROU,TAX_REV,S13,T_1000,_T,PT_B1GQ,A,4.795
2022,ROU,TAX_REV,S13,T_1000,_T,PT_B1GQ,A,5.901
2014,RWA,TAX_REV,S13,T_1000,_T,PT_B1GQ,A,5.741
2015,RWA,TAX_REV,S13,T_1000,_T,PT_B1GQ,A,6.174
2016,RWA,TAX_REV,S13,T_1000,_T,PT_B1GQ,A,6.288
2017,RWA,TAX_REV,S13,T_1000,_T,PT_B1GQ,A,6.345
2018,RWA,TAX_REV,S13,T_1000,_T,PT_B1GQ,A,6.812
2019,RWA,TAX_REV,S13,T_1000,_T,PT_B1GQ,A,6.887
2020,RWA,TAX_REV,S13,T_1000,_T,PT_B1GQ,A,7.071
2021,RWA,TAX_REV,S13,T_1000,_T,PT_B1GQ,A,7.253
2022,RWA,TAX_REV,S13,T_1000,_T,PT_B1GQ,A,7.044
2014,LCA,TAX_REV,S13,T_1000,_T,PT_B1GQ,A,4.705
2015,LCA,TAX_REV,S13,T_1000,_T,PT_B1GQ,A,4.908
2016,LCA,TAX_REV,S13,T_1000,_T,PT_B1GQ,A,5.036
2017,LCA,TAX_REV,S13,T_1000,_T,PT_B1GQ,A,4.548
2018,LCA,TAX_REV,S13,T_1000,_T,PT_B1GQ,A,4.811
2019,LCA,TAX_REV,S13,T_1000,_T,PT_B1GQ,A,4.56
2020,LCA,TAX_REV,S13,T_1000,_T,PT_B1GQ,A,5.317
2021,LCA,TAX_REV,S13,T_1000,_T,PT_B1GQ,A,4.213
2022,LCA,TAX_REV,S13,T_1000,_T,PT_B1GQ,A,4.435
2023,LCA,TAX_REV,S13,T_1000,_T,PT_B1GQ,A,4.617
2014,WSM,TAX_REV,S13,T_1000,_T,PT_B1GQ,A,5.379
2015,WSM,TAX_REV,S13,T_1000,_T,PT_B1GQ,A,5.298
2016,WSM,TAX_REV,S13,T_1000,_T,PT_B1GQ,A,5.274
2017,WSM,TAX_REV,S13,T_1000,_T,PT_B1GQ,A,5.17
2018,WSM,TAX_REV,S13,T_1000,_T,PT_B1GQ,A,5.447
2019,WSM,TAX_REV,S13,T_1000,_T,PT_B1GQ,A,5.474
2020,WSM,TAX_REV,S13,T_1000,_T,PT_B1GQ,A,6.242
2021,WSM,TAX_REV,S13,T_1000,_T,PT_B1GQ,A,6.334
2022,WSM,TAX_REV,S13,T_1000,_T,PT_B1GQ,A,5.172
2023,WSM,TAX_REV,S13,T_1000,_T,PT_B1GQ,A,5.641
2014,SEN,TAX_REV,S13,T_1000,_T,PT_B1GQ,A,4.077
2015,SEN,TAX_REV,S13,T_1000,_T,PT_B1GQ,A,4.145
2016,SEN,TAX_REV,S13,T_1000,_T,PT_B1GQ,A,4.578
2017,SEN,TAX_REV,S13,T_1000,_T,PT_B1GQ,A,4.458
2018,SEN,TAX_REV,S13,T_1000,_T,PT_B1GQ,A,4.699
2019,SEN,TAX_REV,S13,T_1000,_T,PT_B1GQ,A,5.182
2020,SEN,TAX_REV,S13,T_1000,_T,PT_B1GQ,A,5.086
2021,SEN,TAX_REV,S13,T_1000,_T,PT_B1GQ,A,5.11
2022,SEN,TAX_REV,S13,T_1000,_T,PT_B1GQ,A,5.857
2014,SYC,TAX_REV,S13,T_1000,_T,PT_B1GQ,A,9.346
2015,SYC,TAX_REV,S13,T_1000,_T,PT_B1GQ,A,8.894
2016,SYC,TAX_REV,S13,T_1000,_T,PT_B1GQ,A,9.417
2017,SYC,TAX_REV,S13,T_1000,_T,PT_B1GQ,A,9.862
2018,SYC,TAX_REV,S13,T_1000,_T,PT_B1GQ,A,9.382
2019,SYC,TAX_REV,S13,T_1000,_T,PT_B1GQ,A,8.998
2020,SYC,TAX_REV,S13,T_1000,_T,PT_B1GQ,A,9.1
2021,SYC,TAX_REV,S13,T_1000,_T,PT_B1GQ,A,9.857
2022,SYC,TAX_REV,S13,T_1000,_T,PT_B1GQ,A,7.808
2014,SLE,TAX_REV,S13,T_1000,_T,PT_B1GQ,A,3.994
2015,SLE,TAX_REV,S13,T_1000,_T,PT_B1GQ,A,4.148
2016,SLE,TAX_REV,S13,T_1000,_T,PT_B1GQ,A,5.186
2017,SLE,TAX_REV,S13,T_1000,_T,PT_B1GQ,A,4.304
2018,SLE,TAX_REV,S13,T_1000,_T,PT_B1GQ,A,4.922
2019,SLE,TAX_REV,S13,T_1000,_T,PT_B1GQ,A,5.079
2020,SLE,TAX_REV,S13,T_1000,_T,PT_B1GQ,A,4.988
2021,SLE,TAX_REV,S13,T_1000,_T,PT_B1GQ,A,5.489
2022,SLE,TAX_REV,S13,T_1000,_T,PT_B1GQ,A,5.048
2014,SGP,TAX_REV,S13,T_1000,_T,PT_B1GQ,A,5.909
2015,SGP,TAX_REV,S13,T_1000,_T,PT_B1GQ,A,5.833
2016,SGP,TAX_REV,S13,T_1000,_T,PT_B1GQ,A,5.851
2017,SGP,TAX_REV,S13,T_1000,_T,PT_B1GQ,A,6.675
2018,SGP,TAX_REV,S13,T_1000,_T,PT_B1GQ,A,6.002
2019,SGP,TAX_REV,S13,T_1000,_T,PT_B1GQ,A,6.341
2020,SGP,TAX_REV,S13,T_1000,_T,PT_B1GQ,A,6.711
2021,SGP,TAX_REV,S13,T_1000,_T,PT_B1GQ,A,6.021
2022,SGP,TAX_REV,S13,T_1000,_T,PT_B1GQ,A,6.014
2023,SGP,TAX_REV,S13,T_1000,_T,PT_B1GQ,A,7.161
2014,SLB,TAX_REV,S13,T_1000,_T,PT_B1GQ,A,6.317
2015,SLB,TAX_REV,S13,T_1000,_T,PT_B1GQ,A,6.949
2016,SLB,TAX_REV,S13,T_1000,_T,PT_B1GQ,A,6.291
2017,SLB,TAX_REV,S13,T_1000,_T,PT_B1GQ,A,6.728
2018,SLB,TAX_REV,S13,T_1000,_T,PT_B1GQ,A,6.178
2019,SLB,TAX_REV,S13,T_1000,_T,PT_B1GQ,A,5.718
2020,SLB,TAX_REV,S13,T_1000,_T,PT_B1GQ,A,5.472
2021,SLB,TAX_REV,S13,T_1000,_T,PT_B1GQ,A,5.836
2022,SLB,TAX_REV,S13,T_1000,_T,PT_B1GQ,A,5.586
2023,SLB,TAX_REV,S13,T_1000,_T,PT_B1GQ,A,5.621
2014,SOM,TAX_REV,S13,T_1000,_T,PT_B1GQ,A,0.02
2015,SOM,TAX_REV,S13,T_1000,_T,PT_B1GQ,A,0.026
2016,SOM,TAX_REV,S13,T_1000,_T,PT_B1GQ,A,0.032
2017,SOM,TAX_REV,S13,T_1000,_T,PT_B1GQ,A,0.042
2018,SOM,TAX_REV,S13,T_1000,_T,PT_B1GQ,A,0.104
2019,SOM,TAX_REV,S13,T_1000,_T,PT_B1GQ,A,0.154
2020,SOM,TAX_REV,S13,T_1000,_T,PT_B1GQ,A,0.252
2021,SOM,TAX_REV,S13,T_1000,_T,PT_B1GQ,A,0.246
2022,SOM,TAX_REV,S13,T_1000,_T,PT_B1GQ,A,0.287
2014,ZAF,TAX_REV,S13,T_1000,_T,PT_B1GQ,A,13.141
2015,ZAF,TAX_REV,S13,T_1000,_T,PT_B1GQ,A,13.683
2016,ZAF,TAX_REV,S13,T_1000,_T,PT_B1GQ,A,13.433
2017,ZAF,TAX_REV,S13,T_1000,_T,PT_B1GQ,A,13.704
2018,ZAF,TAX_REV,S13,T_1000,_T,PT_B1GQ,A,13.657
2019,ZAF,TAX_REV,S13,T_1000,_T,PT_B1GQ,A,13.583
2020,ZAF,TAX_REV,S13,T_1000,_T,PT_B1GQ,A,12.768
2021,ZAF,TAX_REV,S13,T_1000,_T,PT_B1GQ,A,14.185
2022,ZAF,TAX_REV,S13,T_1000,_T,PT_B1GQ,A,14.549
2014,LKA,TAX_REV,S13,T_1000,_T,PT_B1GQ,A,1.781
2015,LKA,TAX_REV,S13,T_1000,_T,PT_B1GQ,A,2.217
2016,LKA,TAX_REV,S13,T_1000,_T,PT_B1GQ,A,1.861
2017,LKA,TAX_REV,S13,T_1000,_T,PT_B1GQ,A,1.598
2018,LKA,TAX_REV,S13,T_1000,_T,PT_B1GQ,A,1.677
2019,LKA,TAX_REV,S13,T_1000,_T,PT_B1GQ,A,2.341
2020,LKA,TAX_REV,S13,T_1000,_T,PT_B1GQ,A,1.619
2021,LKA,TAX_REV,S13,T_1000,_T,PT_B1GQ,A,1.711
2022,LKA,TAX_REV,S13,T_1000,_T,PT_B1GQ,A,2.72
2023,LKA,TAX_REV,S13,T_1000,_T,PT_B1GQ,A,3.298
2014,THA,TAX_REV,S13,T_1000,_T,PT_B1GQ,A,6.713
2015,THA,TAX_REV,S13,T_1000,_T,PT_B1GQ,A,6.588
2016,THA,TAX_REV,S13,T_1000,_T,PT_B1GQ,A,6.233
2017,THA,TAX_REV,S13,T_1000,_T,PT_B1GQ,A,5.862
2018,THA,TAX_REV,S13,T_1000,_T,PT_B1GQ,A,6.031
2019,THA,TAX_REV,S13,T_1000,_T,PT_B1GQ,A,6.14
2020,THA,TAX_REV,S13,T_1000,_T,PT_B1GQ,A,5.747
2021,THA,TAX_REV,S13,T_1000,_T,PT_B1GQ,A,5.773
2022,THA,TAX_REV,S13,T_1000,_T,PT_B1GQ,A,6.211
2023,THA,TAX_REV,S13,T_1000,_T,PT_B1GQ,A,6.273
2014,TLS,TAX_REV,S13,T_1000,_T,PT_B1GQ,A,19.198
2015,TLS,TAX_REV,S13,T_1000,_T,PT_B1GQ,A,15.439
2016,TLS,TAX_REV,S13,T_1000,_T,PT_B1GQ,A,5.996
2017,TLS,TAX_REV,S13,T_1000,_T,PT_B1GQ,A,8.717
2018,TLS,TAX_REV,S13,T_1000,_T,PT_B1GQ,A,10.854
2019,TLS,TAX_REV,S13,T_1000,_T,PT_B1GQ,A,13.522
2020,TLS,TAX_REV,S13,T_1000,_T,PT_B1GQ,A,8.991
2021,TLS,TAX_REV,S13,T_1000,_T,PT_B1GQ,A,12.23
2022,TLS,TAX_REV,S13,T_1000,_T,PT_B1GQ,A,16.243
2023,TLS,TAX_REV,S13,T_1000,_T,PT_B1GQ,A,4.122
2014,TGO,TAX_REV,S13,T_1000,_T,PT_B1GQ,A,2.502
2015,TGO,TAX_REV,S13,T_1000,_T,PT_B1GQ,A,2.606
2016,TGO,TAX_REV,S13,T_1000,_T,PT_B1GQ,A,3.135
2017,TGO,TAX_REV,S13,T_1000,_T,PT_B1GQ,A,2.702
2018,TGO,TAX_REV,S13,T_1000,_T,PT_B1GQ,A,2.999
2019,TGO,TAX_REV,S13,T_1000,_T,PT_B1GQ,A,3.32
2020,TGO,TAX_REV,S13,T_1000,_T,PT_B1GQ,A,3.115
2021,TGO,TAX_REV,S13,T_1000,_T,PT_B1GQ,A,3.984
2022,TGO,TAX_REV,S13,T_1000,_T,PT_B1GQ,A,3.797
2014,TKL,TAX_REV,S13,T_1000,_T,PT_B1GQ,A,8.207
2015,TKL,TAX_REV,S13,T_1000,_T,PT_B1GQ,A,7.734
2016,TKL,TAX_REV,S13,T_1000,_T,PT_B1GQ,A,8.006
2017,TKL,TAX_REV,S13,T_1000,_T,PT_B1GQ,A,9.36
2018,TKL,TAX_REV,S13,T_1000,_T,PT_B1GQ,A,7.913
2019,TKL,TAX_REV,S13,T_1000,_T,PT_B1GQ,A,8.966
2020,TKL,TAX_REV,S13,T_1000,_T,PT_B1GQ,A,8.716
2021,TKL,TAX_REV,S13,T_1000,_T,PT_B1GQ,A,9.169
2022,TKL,TAX_REV,S13,T_1000,_T,PT_B1GQ,A,9.667
2023,TKL,TAX_REV,S13,T_1000,_T,PT_B1GQ,A,10.811
2014,TTO,TAX_REV,S13,T_1000,_T,PT_B1GQ,A,19.245
2015,TTO,TAX_REV,S13,T_1000,_T,PT_B1GQ,A,16.753
2016,TTO,TAX_REV,S13,T_1000,_T,PT_B1GQ,A,10.545
2017,TTO,TAX_REV,S13,T_1000,_T,PT_B1GQ,A,9.972
2018,TTO,TAX_REV,S13,T_1000,_T,PT_B1GQ,A,11.729
2019,TTO,TAX_REV,S13,T_1000,_T,PT_B1GQ,A,13.819
2020,TTO,TAX_REV,S13,T_1000,_T,PT_B1GQ,A,10.537
2021,TTO,TAX_REV,S13,T_1000,_T,PT_B1GQ,A,10.802
2022,TTO,TAX_REV,S13,T_1000,_T,PT_B1GQ,A,16.87
2023,TTO,TAX_REV,S13,T_1000,_T,PT_B1GQ,A,15.402
2014,TUN,TAX_REV,S13,T_1000,_T,PT_B1GQ,A,9.321
2015,TUN,TAX_REV,S13,T_1000,_T,PT_B1GQ,A,8.549
2016,TUN,TAX_REV,S13,T_1000,_T,PT_B1GQ,A,7.75
2017,TUN,TAX_REV,S13,T_1000,_T,PT_B1GQ,A,8.338
2018,TUN,TAX_REV,S13,T_1000,_T,PT_B1GQ,A,7.947
2019,TUN,TAX_REV,S13,T_1000,_T,PT_B1GQ,A,10.154
2020,TUN,TAX_REV,S13,T_1000,_T,PT_B1GQ,A,10.035
2021,TUN,TAX_REV,S13,T_1000,_T,PT_B1GQ,A,9.597
2022,TUN,TAX_REV,S13,T_1000,_T,PT_B1GQ,A,10.306
2014,UGA,TAX_REV,S13,T_1000,_T,PT_B1GQ,A,3.155
2015,UGA,TAX_REV,S13,T_1000,_T,PT_B1GQ,A,3.605
2016,UGA,TAX_REV,S13,T_1000,_T,PT_B1GQ,A,3.832
2014,BGR,TAX_REV,S13,_T,_T,PT_B1GQ,A,28.399
2015,BGR,TAX_REV,S13,_T,_T,PT_B1GQ,A,28.863
2016,BGR,TAX_REV,S13,_T,_T,PT_B1GQ,A,29.184
2017,BGR,TAX_REV,S13,_T,_T,PT_B1GQ,A,29.841
2018,BGR,TAX_REV,S13,_T,_T,PT_B1GQ,A,29.72
2019,BGR,TAX_REV,S13,_T,_T,PT_B1GQ,A,30.464
2020,BGR,TAX_REV,S13,_T,_T,PT_B1GQ,A,30.348
2021,BGR,TAX_REV,S13,_T,_T,PT_B1GQ,A,30.667
2022,BGR,TAX_REV,S13,_T,_T,PT_B1GQ,A,31.059
2023,BGR,TAX_REV,S13,_T,_T,PT_B1GQ,A,29.924
2014,BFA,TAX_REV,S13,_T,_T,PT_B1GQ,A,14.275
2015,BFA,TAX_REV,S13,_T,_T,PT_B1GQ,A,14.563
2016,BFA,TAX_REV,S13,_T,_T,PT_B1GQ,A,15.272
2017,BFA,TAX_REV,S13,_T,_T,PT_B1GQ,A,16.198
2018,BFA,TAX_REV,S13,_T,_T,PT_B1GQ,A,16.802
2019,BFA,TAX_REV,S13,_T,_T,PT_B1GQ,A,17.275
2020,BFA,TAX_REV,S13,_T,_T,PT_B1GQ,A,15.914
2021,BFA,TAX_REV,S13,_T,_T,PT_B1GQ,A,15.423
2022,BFA,TAX_REV,S13,_T,_T,PT_B1GQ,A,18.413
2014,CPV,TAX_REV,S13,_T,_T,PT_B1GQ,A,15.943
2015,CPV,TAX_REV,S13,_T,_T,PT_B1GQ,A,17.648
2016,CPV,TAX_REV,S13,_T,_T,PT_B1GQ,A,17.465
2017,CPV,TAX_REV,S13,_T,_T,PT_B1GQ,A,18.205
2018,CPV,TAX_REV,S13,_T,_T,PT_B1GQ,A,19.583
2019,CPV,TAX_REV,S13,_T,_T,PT_B1GQ,A,18.694
2020,CPV,TAX_REV,S13,_T,_T,PT_B1GQ,A,18.736
2021,CPV,TAX_REV,S13,_T,_T,PT_B1GQ,A,17.788
2022,CPV,TAX_REV,S13,_T,_T,PT_B1GQ,A,18.257
2014,KHM,TAX_REV,S13,_T,_T,PT_B1GQ,A,11.75
2015,KHM,TAX_REV,S13,_T,_T,PT_B1GQ,A,11.663
2016,KHM,TAX_REV,S13,_T,_T,PT_B1GQ,A,11.876
2017,KHM,TAX_REV,S13,_T,_T,PT_B1GQ,A,12.777
2018,KHM,TAX_REV,S13,_T,_T,PT_B1GQ,A,13.823
2019,KHM,TAX_REV,S13,_T,_T,PT_B1GQ,A,15.989
2020,KHM,TAX_REV,S13,_T,_T,PT_B1GQ,A,14.654
2021,KHM,TAX_REV,S13,_T,_T,PT_B1GQ,A,13.18
2022,KHM,TAX_REV,S13,_T,_T,PT_B1GQ,A,14.743
2023,KHM,TAX_REV,S13,_T,_T,PT_B1GQ,A,13.041
2014,CMR,TAX_REV,S13,_T,_T,PT_B1GQ,A,13.837
2015,CMR,TAX_REV,S13,_T,_T,PT_B1GQ,A,14.115
2016,CMR,TAX_REV,S13,_T,_T,PT_B1GQ,A,13.693
2017,CMR,TAX_REV,S13,_T,_T,PT_B1GQ,A,14.003
2018,CMR,TAX_REV,S13,_T,_T,PT_B1GQ,A,14.171
2019,CMR,TAX_REV,S13,_T,_T,PT_B1GQ,A,13.863
2020,CMR,TAX_REV,S13,_T,_T,PT_B1GQ,A,12.833
2021,CMR,TAX_REV,S13,_T,_T,PT_B1GQ,A,13.337
2022,CMR,TAX_REV,S13,_T,_T,PT_B1GQ,A,14.041
2014,TCD,TAX_REV,S13,_T,_T,PT_B1GQ,A,8.187
2015,TCD,TAX_REV,S13,_T,_T,PT_B1GQ,A,4.363
2016,TCD,TAX_REV,S13,_T,_T,PT_B1GQ,A,3.581
2017,TCD,TAX_REV,S13,_T,_T,PT_B1GQ,A,4.67
2018,TCD,TAX_REV,S13,_T,_T,PT_B1GQ,A,5.671
2019,TCD,TAX_REV,S13,_T,_T,PT_B1GQ,A,5.943
2020,TCD,TAX_REV,S13,_T,_T,PT_B1GQ,A,10.737
2021,TCD,TAX_REV,S13,_T,_T,PT_B1GQ,A,7.334
2022,TCD,TAX_REV,S13,_T,_T,PT_B1GQ,A,10.65
2014,CHN,TAX_REV,S13,_T,_T,PT_B1GQ,A,18.173
2015,CHN,TAX_REV,S13,_T,_T,PT_B1GQ,A,17.782
2016,CHN,TAX_REV,S13,_T,_T,PT_B1GQ,A,17.125
2017,CHN,TAX_REV,S13,_T,_T,PT_B1GQ,A,17.037
2018,CHN,TAX_REV,S13,_T,_T,PT_B1GQ,A,16.71
2019,CHN,TAX_REV,S13,_T,_T,PT_B1GQ,A,21.664
2020,CHN,TAX_REV,S13,_T,_T,PT_B1GQ,A,19.664
2021,CHN,TAX_REV,S13,_T,_T,PT_B1GQ,A,20.599
2022,CHN,TAX_REV,S13,_T,_T,PT_B1GQ,A,19.574
2023,CHN,TAX_REV,S13,_T,_T,PT_B1GQ,A,20.436
2014,COG,TAX_REV,S13,_T,_T,PT_B1GQ,A,9.817
2015,COG,TAX_REV,S13,_T,_T,PT_B1GQ,A,13.25
2016,COG,TAX_REV,S13,_T,_T,PT_B1GQ,A,12.475
2017,COG,TAX_REV,S13,_T,_T,PT_B1GQ,A,10.291
2018,COG,TAX_REV,S13,_T,_T,PT_B1GQ,A,7.591
2019,COG,TAX_REV,S13,_T,_T,PT_B1GQ,A,8.217
2020,COG,TAX_REV,S13,_T,_T,PT_B1GQ,A,9.817
2021,COG,TAX_REV,S13,_T,_T,PT_B1GQ,A,8.232
2022,COG,TAX_REV,S13,_T,_T,PT_B1GQ,A,8.891
2014,COK,TAX_REV,S13,_T,_T,PT_B1GQ,A,21.968
2015,COK,TAX_REV,S13,_T,_T,PT_B1GQ,A,26.94
2016,COK,TAX_REV,S13,_T,_T,PT_B1GQ,A,27.57
2017,COK,TAX_REV,S13,_T,_T,PT_B1GQ,A,27.057
2018,COK,TAX_REV,S13,_T,_T,PT_B1GQ,A,28.354
2019,COK,TAX_REV,S13,_T,_T,PT_B1GQ,A,26.078
2020,COK,TAX_REV,S13,_T,_T,PT_B1GQ,A,25.823
2021,COK,TAX_REV,S13,_T,_T,PT_B1GQ,A,26.851
2022,COK,TAX_REV,S13,_T,_T,PT_B1GQ,A,22.116
2023,COK,TAX_REV,S13,_T,_T,PT_B1GQ,A,25.476
2014,CIV,TAX_REV,S13,_T,_T,PT_B1GQ,A,12.206
2015,CIV,TAX_REV,S13,_T,_T,PT_B1GQ,A,12.606
2016,CIV,TAX_REV,S13,_T,_T,PT_B1GQ,A,13.025
2017,CIV,TAX_REV,S13,_T,_T,PT_B1GQ,A,13.065
2018,CIV,TAX_REV,S13,_T,_T,PT_B1GQ,A,12.904
2019,CIV,TAX_REV,S13,_T,_T,PT_B1GQ,A,12.798
2020,CIV,TAX_REV,S13,_T,_T,PT_B1GQ,A,13.051
2021,CIV,TAX_REV,S13,_T,_T,PT_B1GQ,A,13.729
2022,CIV,TAX_REV,S13,_T,_T,PT_B1GQ,A,12.873
2014,HRV,TAX_REV,S13,_T,_T,PT_B1GQ,A,37.182
2015,HRV,TAX_REV,S13,_T,_T,PT_B1GQ,A,37.554
2016,HRV,TAX_REV,S13,_T,_T,PT_B1GQ,A,37.931
2017,HRV,TAX_REV,S13,_T,_T,PT_B1GQ,A,37.789
2018,HRV,TAX_REV,S13,_T,_T,PT_B1GQ,A,38.299
2019,HRV,TAX_REV,S13,_T,_T,PT_B1GQ,A,38.438
2020,HRV,TAX_REV,S13,_T,_T,PT_B1GQ,A,37.567
2021,HRV,TAX_REV,S13,_T,_T,PT_B1GQ,A,36.739
2022,HRV,TAX_REV,S13,_T,_T,PT_B1GQ,A,37.223
2014,CUB,TAX_REV,S13,_T,_T,PT_B1GQ,A,37.121
2015,CUB,TAX_REV,S13,_T,_T,PT_B1GQ,A,38.083
2016,CUB,TAX_REV,S13,_T,_T,PT_B1GQ,A,41.148
2017,CUB,TAX_REV,S13,_T,_T,PT_B1GQ,A,42.355
2018,CUB,TAX_REV,S13,_T,_T,PT_B1GQ,A,42.285
2019,CUB,TAX_REV,S13,_T,_T,PT_B1GQ,A,42.062
2020,CUB,TAX_REV,S13,_T,_T,PT_B1GQ,A,37.506
2021,CUB,TAX_REV,S13,_T,_T,PT_B1GQ,A,17.703
2022,CUB,TAX_REV,S13,_T,_T,PT_B1GQ,A,18.33
2023,CUB,TAX_REV,S13,_T,_T,PT_B1GQ,A,17.035
2014,COD,TAX_REV,S13,_T,_T,PT_B1GQ,A,9.069
2015,COD,TAX_REV,S13,_T,_T,PT_B1GQ,A,9.379
2016,COD,TAX_REV,S13,_T,_T,PT_B1GQ,A,8.306
2017,COD,TAX_REV,S13,_T,_T,PT_B1GQ,A,6.737
2018,COD,TAX_REV,S13,_T,_T,PT_B1GQ,A,7.608
2019,COD,TAX_REV,S13,_T,_T,PT_B1GQ,A,7.609
2020,COD,TAX_REV,S13,_T,_T,PT_B1GQ,A,7.2
2021,COD,TAX_REV,S13,_T,_T,PT_B1GQ,A,8.863
2022,COD,TAX_REV,S13,_T,_T,PT_B1GQ,A,12.506
2014,DOM,TAX_REV,S13,_T,_T,PT_B1GQ,A,13.422
2015,DOM,TAX_REV,S13,_T,_T,PT_B1GQ,A,12.911
2016,DOM,TAX_REV,S13,_T,_T,PT_B1GQ,A,12.989
2017,DOM,TAX_REV,S13,_T,_T,PT_B1GQ,A,13.123
2018,DOM,TAX_REV,S13,_T,_T,PT_B1GQ,A,13.123
2019,DOM,TAX_REV,S13,_T,_T,PT_B1GQ,A,13.405
2020,DOM,TAX_REV,S13,_T,_T,PT_B1GQ,A,12.485
2021,DOM,TAX_REV,S13,_T,_T,PT_B1GQ,A,14.486
2022,DOM,TAX_REV,S13,_T,_T,PT_B1GQ,A,13.944
2023,DOM,TAX_REV,S13,_T,_T,PT_B1GQ,A,14.29
2014,ECU,TAX_REV,S13,_T,_T,PT_B1GQ,A,19.206
2015,ECU,TAX_REV,S13,_T,_T,PT_B1GQ,A,21.815
2016,ECU,TAX_REV,S13,_T,_T,PT_B1GQ,A,19.866
2017,ECU,TAX_REV,S13,_T,_T,PT_B1GQ,A,20.169
2018,ECU,TAX_REV,S13,_T,_T,PT_B1GQ,A,21.063
2019,ECU,TAX_REV,S13,_T,_T,PT_B1GQ,A,19.888
2020,ECU,TAX_REV,S13,_T,_T,PT_B1GQ,A,18.675
2021,ECU,TAX_REV,S13,_T,_T,PT_B1GQ,A,19.448
2022,ECU,TAX_REV,S13,_T,_T,PT_B1GQ,A,20.921
2023,ECU,TAX_REV,S13,_T,_T,PT_B1GQ,A,20.591
2014,EGY,TAX_REV,S13,_T,_T,PT_B1GQ,A,14.01
2015,EGY,TAX_REV,S13,_T,_T,PT_B1GQ,A,13.919
2016,EGY,TAX_REV,S13,_T,_T,PT_B1GQ,A,15.023
2017,EGY,TAX_REV,S13,_T,_T,PT_B1GQ,A,14.892
2018,EGY,TAX_REV,S13,_T,_T,PT_B1GQ,A,15.518
2019,EGY,TAX_REV,S13,_T,_T,PT_B1GQ,A,15.19
2020,EGY,TAX_REV,S13,_T,_T,PT_B1GQ,A,13.573
2021,EGY,TAX_REV,S13,_T,_T,PT_B1GQ,A,14.103
2022,EGY,TAX_REV,S13,_T,_T,PT_B1GQ,A,14.188
2014,MDA,TAX_REV,S13,_T,_T,PT_B1GQ,A,27.216
2015,MDA,TAX_REV,S13,_T,_T,PT_B1GQ,A,26.168
2016,MDA,TAX_REV,S13,_T,_T,PT_B1GQ,A,26.733
2017,MDA,TAX_REV,S13,_T,_T,PT_B1GQ,A,28.401
2018,MDA,TAX_REV,S13,_T,_T,PT_B1GQ,A,28.993
2019,MDA,TAX_REV,S13,_T,_T,PT_B1GQ,A,28.342
2020,MDA,TAX_REV,S13,_T,_T,PT_B1GQ,A,29.53
2021,MDA,TAX_REV,S13,_T,_T,PT_B1GQ,A,29.423
2022,MDA,TAX_REV,S13,_T,_T,PT_B1GQ,A,30.037
2023,MDA,TAX_REV,S13,_T,_T,PT_B1GQ,A,30.317
2014,MNG,TAX_REV,S13,_T,_T,PT_B1GQ,A,20.158
2015,MNG,TAX_REV,S13,_T,_T,PT_B1GQ,A,19.308
2016,MNG,TAX_REV,S13,_T,_T,PT_B1GQ,A,19.084
2017,MNG,TAX_REV,S13,_T,_T,PT_B1GQ,A,21.437
2018,MNG,TAX_REV,S13,_T,_T,PT_B1GQ,A,23.903
2019,MNG,TAX_REV,S13,_T,_T,PT_B1GQ,A,23.873
2020,MNG,TAX_REV,S13,_T,_T,PT_B1GQ,A,20.822
2021,MNG,TAX_REV,S13,_T,_T,PT_B1GQ,A,23.99
2022,MNG,TAX_REV,S13,_T,_T,PT_B1GQ,A,24.551
2023,MNG,TAX_REV,S13,_T,_T,PT_B1GQ,A,24.682
2014,MAR,TAX_REV,S13,_T,_T,PT_B1GQ,A,25.655
2015,MAR,TAX_REV,S13,_T,_T,PT_B1GQ,A,24.586
2016,MAR,TAX_REV,S13,_T,_T,PT_B1GQ,A,25.444
2017,MAR,TAX_REV,S13,_T,_T,PT_B1GQ,A,25.867
2018,MAR,TAX_REV,S13,_T,_T,PT_B1GQ,A,26.205
2019,MAR,TAX_REV,S13,_T,_T,PT_B1GQ,A,26.402
2020,MAR,TAX_REV,S13,_T,_T,PT_B1GQ,A,27.275
2021,MAR,TAX_REV,S13,_T,_T,PT_B1GQ,A,27.253
2022,MAR,TAX_REV,S13,_T,_T,PT_B1GQ,A,29.917
2014,MOZ,TAX_REV,S13,_T,_T,PT_B1GQ,A,34.343
2015,MOZ,TAX_REV,S13,_T,_T,PT_B1GQ,A,31.679
2016,MOZ,TAX_REV,S13,_T,_T,PT_B1GQ,A,24.996
2017,MOZ,TAX_REV,S13,_T,_T,PT_B1GQ,A,19.424
2018,MOZ,TAX_REV,S13,_T,_T,PT_B1GQ,A,21.192
2019,MOZ,TAX_REV,S13,_T,_T,PT_B1GQ,A,21.005
2020,MOZ,TAX_REV,S13,_T,_T,PT_B1GQ,A,20.676
2021,MOZ,TAX_REV,S13,_T,_T,PT_B1GQ,A,22.673
2022,MOZ,TAX_REV,S13,_T,_T,PT_B1GQ,A,21.837
2014,NAM,TAX_REV,S13,_T,_T,PT_B1GQ,A,21.126
2015,NAM,TAX_REV,S13,_T,_T,PT_B1GQ,A,21.467
2016,NAM,TAX_REV,S13,_T,_T,PT_B1GQ,A,21.122
2017,NAM,TAX_REV,S13,_T,_T,PT_B1GQ,A,20.406
2018,NAM,TAX_REV,S13,_T,_T,PT_B1GQ,A,19.419
2019,NAM,TAX_REV,S13,_T,_T,PT_B1GQ,A,20.197
2020,NAM,TAX_REV,S13,_T,_T,PT_B1GQ,A,18.544
2021,NAM,TAX_REV,S13,_T,_T,PT_B1GQ,A,19.452
2022,NAM,TAX_REV,S13,_T,_T,PT_B1GQ,A,19.704
2014,NRU,TAX_REV,S13,_T,_T,PT_B1GQ,A,9.365
2015,NRU,TAX_REV,S13,_T,_T,PT_B1GQ,A,17.989
2016,NRU,TAX_REV,S13,_T,_T,PT_B1GQ,A,14.8
2017,NRU,TAX_REV,S13,_T,_T,PT_B1GQ,A,24.904
2018,NRU,TAX_REV,S13,_T,_T,PT_B1GQ,A,32.323
2019,NRU,TAX_REV,S13,_T,_T,PT_B1GQ,A,43.022
2020,NRU,TAX_REV,S13,_T,_T,PT_B1GQ,A,34.474
2021,NRU,TAX_REV,S13,_T,_T,PT_B1GQ,A,35.208
2022,NRU,TAX_REV,S13,_T,_T,PT_B1GQ,A,29.154
2023,NRU,TAX_REV,S13,_T,_T,PT_B1GQ,A,19.005
2014,NIC,TAX_REV,S13,_T,_T,PT_B1GQ,A,21.763
2015,NIC,TAX_REV,S13,_T,_T,PT_B1GQ,A,22.308
2016,NIC,TAX_REV,S13,_T,_T,PT_B1GQ,A,23.269
2017,NIC,TAX_REV,S13,_T,_T,PT_B1GQ,A,23.849
2018,NIC,TAX_REV,S13,_T,_T,PT_B1GQ,A,23.227
2019,NIC,TAX_REV,S13,_T,_T,PT_B1GQ,A,25.518
2020,NIC,TAX_REV,S13,_T,_T,PT_B1GQ,A,25.413
2021,NIC,TAX_REV,S13,_T,_T,PT_B1GQ,A,27.037
2022,NIC,TAX_REV,S13,_T,_T,PT_B1GQ,A,27.779
2023,NIC,TAX_REV,S13,_T,_T,PT_B1GQ,A,27.463
2014,NER,TAX_REV,S13,_T,_T,PT_B1GQ,A,12.146
2015,NER,TAX_REV,S13,_T,_T,PT_B1GQ,A,12.304
2016,NER,TAX_REV,S13,_T,_T,PT_B1GQ,A,10.248
2017,NER,TAX_REV,S13,_T,_T,PT_B1GQ,A,9.476
2018,NER,TAX_REV,S13,_T,_T,PT_B1GQ,A,11.198
2019,NER,TAX_REV,S13,_T,_T,PT_B1GQ,A,10.391
2020,NER,TAX_REV,S13,_T,_T,PT_B1GQ,A,9.784
2021,NER,TAX_REV,S13,_T,_T,PT_B1GQ,A,10.453
2022,NER,TAX_REV,S13,_T,_T,PT_B1GQ,A,9.584
2014,NGA,TAX_REV,S13,_T,_T,PT_B1GQ,A,7.665
2015,NGA,TAX_REV,S13,_T,_T,PT_B1GQ,A,6.077
2016,NGA,TAX_REV,S13,_T,_T,PT_B1GQ,A,5.303
2017,NGA,TAX_REV,S13,_T,_T,PT_B1GQ,A,5.724
2018,NGA,TAX_REV,S13,_T,_T,PT_B1GQ,A,6.352
2019,NGA,TAX_REV,S13,_T,_T,PT_B1GQ,A,5.984
2020,NGA,TAX_REV,S13,_T,_T,PT_B1GQ,A,5.55
2021,NGA,TAX_REV,S13,_T,_T,PT_B1GQ,A,6.688
2022,NGA,TAX_REV,S13,_T,_T,PT_B1GQ,A,7.909
2014,NIU,TAX_REV,S13,_T,_T,PT_B1GQ,A,26.153
2015,NIU,TAX_REV,S13,_T,_T,PT_B1GQ,A,25.5
2016,NIU,TAX_REV,S13,_T,_T,PT_B1GQ,A,23.848
2017,NIU,TAX_REV,S13,_T,_T,PT_B1GQ,A,28.908
2018,NIU,TAX_REV,S13,_T,_T,PT_B1GQ,A,25.949
2019,NIU,TAX_REV,S13,_T,_T,PT_B1GQ,A,23.667
2020,NIU,TAX_REV,S13,_T,_T,PT_B1GQ,A,24.445
2021,NIU,TAX_REV,S13,_T,_T,PT_B1GQ,A,21.778
2022,NIU,TAX_REV,S13,_T,_T,PT_B1GQ,A,30.833
2023,NIU,TAX_REV,S13,_T,_T,PT_B1GQ,A,35.328
2014,PAK,TAX_REV,S13,_T,_T,PT_B1GQ,A,9.918
2015,PAK,TAX_REV,S13,_T,_T,PT_B1GQ,A,11.185
2016,PAK,TAX_REV,S13,_T,_T,PT_B1GQ,A,11.164
2017,PAK,TAX_REV,S13,_T,_T,PT_B1GQ,A,11.404
2018,PAK,TAX_REV,S13,_T,_T,PT_B1GQ,A,10.222
2019,PAK,TAX_REV,S13,_T,_T,PT_B1GQ,A,9.994
2020,PAK,TAX_REV,S13,_T,_T,PT_B1GQ,A,10.285
2021,PAK,TAX_REV,S13,_T,_T,PT_B1GQ,A,10.389
2022,PAK,TAX_REV,S13,_T,_T,PT_B1GQ,A,10.034
2023,PAK,TAX_REV,S13,_T,_T,PT_B1GQ,A,10.549
2014,PAN,TAX_REV,S13,_T,_T,PT_B1GQ,A,15.03
2015,PAN,TAX_REV,S13,_T,_T,PT_B1GQ,A,14.44
2016,PAN,TAX_REV,S13,_T,_T,PT_B1GQ,A,14.769
2017,PAN,TAX_REV,S13,_T,_T,PT_B1GQ,A,14.235
2018,PAN,TAX_REV,S13,_T,_T,PT_B1GQ,A,13.533
2019,PAN,TAX_REV,S13,_T,_T,PT_B1GQ,A,12.596
2020,PAN,TAX_REV,S13,_T,_T,PT_B1GQ,A,12.027
2021,PAN,TAX_REV,S13,_T,_T,PT_B1GQ,A,11.663
2022,PAN,TAX_REV,S13,_T,_T,PT_B1GQ,A,11.946
2023,PAN,TAX_REV,S13,_T,_T,PT_B1GQ,A,11.945
2014,PNG,TAX_REV,S13,_T,_T,PT_B1GQ,A,17.993
2015,PNG,TAX_REV,S13,_T,_T,PT_B1GQ,A,15.201
2016,PNG,TAX_REV,S13,_T,_T,PT_B1GQ,A,12.949
2017,PNG,TAX_REV,S13,_T,_T,PT_B1GQ,A,12.605
2018,PNG,TAX_REV,S13,_T,_T,PT_B1GQ,A,13.193
2019,PNG,TAX_REV,S13,_T,_T,PT_B1GQ,A,13.022
2020,PNG,TAX_REV,S13,_T,_T,PT_B1GQ,A,11.879
2021,PNG,TAX_REV,S13,_T,_T,PT_B1GQ,A,12.147
2022,PNG,TAX_REV,S13,_T,_T,PT_B1GQ,A,14.791
2023,PNG,TAX_REV,S13,_T,_T,PT_B1GQ,A,15.833
2014,PRY,TAX_REV,S13,_T,_T,PT_B1GQ,A,13.817
2015,PRY,TAX_REV,S13,_T,_T,PT_B1GQ,A,13.718
2016,PRY,TAX_REV,S13,_T,_T,PT_B1GQ,A,13.421
2017,PRY,TAX_REV,S13,_T,_T,PT_B1GQ,A,14.025
2018,PRY,TAX_REV,S13,_T,_T,PT_B1GQ,A,13.859
2019,PRY,TAX_REV,S13,_T,_T,PT_B1GQ,A,13.946
2020,PRY,TAX_REV,S13,_T,_T,PT_B1GQ,A,13.522
2021,PRY,TAX_REV,S13,_T,_T,PT_B1GQ,A,13.854
2022,PRY,TAX_REV,S13,_T,_T,PT_B1GQ,A,14.562
2023,PRY,TAX_REV,S13,_T,_T,PT_B1GQ,A,14.521
2014,PER,TAX_REV,S13,_T,_T,PT_B1GQ,A,18.851
2015,PER,TAX_REV,S13,_T,_T,PT_B1GQ,A,17.14
2016,PER,TAX_REV,S13,_T,_T,PT_B1GQ,A,15.876
2017,PER,TAX_REV,S13,_T,_T,PT_B1GQ,A,15.149
2018,PER,TAX_REV,S13,_T,_T,PT_B1GQ,A,16.286
2019,PER,TAX_REV,S13,_T,_T,PT_B1GQ,A,16.524
2020,PER,TAX_REV,S13,_T,_T,PT_B1GQ,A,15.217
2021,PER,TAX_REV,S13,_T,_T,PT_B1GQ,A,17.996
2022,PER,TAX_REV,S13,_T,_T,PT_B1GQ,A,19.084
2023,PER,TAX_REV,S13,_T,_T,PT_B1GQ,A,16.975
2014,PHL,TAX_REV,S13,_T,_T,PT_B1GQ,A,15.989
2015,PHL,TAX_REV,S13,_T,_T,PT_B1GQ,A,16.166
2016,PHL,TAX_REV,S13,_T,_T,PT_B1GQ,A,16.175
2017,PHL,TAX_REV,S13,_T,_T,PT_B1GQ,A,16.732
2018,PHL,TAX_REV,S13,_T,_T,PT_B1GQ,A,17.335
2019,PHL,TAX_REV,S13,_T,_T,PT_B1GQ,A,18.005
2020,PHL,TAX_REV,S13,_T,_T,PT_B1GQ,A,17.815
2021,PHL,TAX_REV,S13,_T,_T,PT_B1GQ,A,18.02
2022,PHL,TAX_REV,S13,_T,_T,PT_B1GQ,A,18.432
2023,PHL,TAX_REV,S13,_T,_T,PT_B1GQ,A,17.88
2014,ROU,TAX_REV,S13,_T,_T,PT_B1GQ,A,27.463
2015,ROU,TAX_REV,S13,_T,_T,PT_B1GQ,A,27.997
2016,ROU,TAX_REV,S13,_T,_T,PT_B1GQ,A,26.251
2017,ROU,TAX_REV,S13,_T,_T,PT_B1GQ,A,25.052
2018,ROU,TAX_REV,S13,_T,_T,PT_B1GQ,A,25.729
2019,ROU,TAX_REV,S13,_T,_T,PT_B1GQ,A,25.838
2020,ROU,TAX_REV,S13,_T,_T,PT_B1GQ,A,25.979
2021,ROU,TAX_REV,S13,_T,_T,PT_B1GQ,A,26.252
2022,ROU,TAX_REV,S13,_T,_T,PT_B1GQ,A,27.089
2014,RWA,TAX_REV,S13,_T,_T,PT_B1GQ,A,15.393
2015,RWA,TAX_REV,S13,_T,_T,PT_B1GQ,A,16.215
2016,RWA,TAX_REV,S13,_T,_T,PT_B1GQ,A,16.299
2017,RWA,TAX_REV,S13,_T,_T,PT_B1GQ,A,16.221
2018,RWA,TAX_REV,S13,_T,_T,PT_B1GQ,A,16.89
2019,RWA,TAX_REV,S13,_T,_T,PT_B1GQ,A,17.321
2020,RWA,TAX_REV,S13,_T,_T,PT_B1GQ,A,17.121
2021,RWA,TAX_REV,S13,_T,_T,PT_B1GQ,A,17.019
2022,RWA,TAX_REV,S13,_T,_T,PT_B1GQ,A,16.524
2014,LCA,TAX_REV,S13,_T,_T,PT_B1GQ,A,20.586
2015,LCA,TAX_REV,S13,_T,_T,PT_B1GQ,A,21.243
2016,LCA,TAX_REV,S13,_T,_T,PT_B1GQ,A,21.243
2017,LCA,TAX_REV,S13,_T,_T,PT_B1GQ,A,20.364
2018,LCA,TAX_REV,S13,_T,_T,PT_B1GQ,A,20.705
2019,LCA,TAX_REV,S13,_T,_T,PT_B1GQ,A,20.863
2020,LCA,TAX_REV,S13,_T,_T,PT_B1GQ,A,21.476
2021,LCA,TAX_REV,S13,_T,_T,PT_B1GQ,A,19.506
2022,LCA,TAX_REV,S13,_T,_T,PT_B1GQ,A,19.956
2023,LCA,TAX_REV,S13,_T,_T,PT_B1GQ,A,20.779
2014,WSM,TAX_REV,S13,_T,_T,PT_B1GQ,A,22.02
2015,WSM,TAX_REV,S13,_T,_T,PT_B1GQ,A,22.925
2016,WSM,TAX_REV,S13,_T,_T,PT_B1GQ,A,23.166
2017,WSM,TAX_REV,S13,_T,_T,PT_B1GQ,A,23.418
2018,WSM,TAX_REV,S13,_T,_T,PT_B1GQ,A,23.666
2019,WSM,TAX_REV,S13,_T,_T,PT_B1GQ,A,23.812
2020,WSM,TAX_REV,S13,_T,_T,PT_B1GQ,A,26.243
2021,WSM,TAX_REV,S13,_T,_T,PT_B1GQ,A,25.824
2022,WSM,TAX_REV,S13,_T,_T,PT_B1GQ,A,25.036
2023,WSM,TAX_REV,S13,_T,_T,PT_B1GQ,A,24.687
2014,SEN,TAX_REV,S13,_T,_T,PT_B1GQ,A,16.234
2015,SEN,TAX_REV,S13,_T,_T,PT_B1GQ,A,16.397
2016,SEN,TAX_REV,S13,_T,_T,PT_B1GQ,A,17.019
2017,SEN,TAX_REV,S13,_T,_T,PT_B1GQ,A,16.73
2018,SEN,TAX_REV,S13,_T,_T,PT_B1GQ,A,17.288
2019,SEN,TAX_REV,S13,_T,_T,PT_B1GQ,A,18.714
2020,SEN,TAX_REV,S13,_T,_T,PT_B1GQ,A,18.523
2021,SEN,TAX_REV,S13,_T,_T,PT_B1GQ,A,18.737
2022,SEN,TAX_REV,S13,_T,_T,PT_B1GQ,A,19.785
2014,SYC,TAX_REV,S13,_T,_T,PT_B1GQ,A,29.582
2015,SYC,TAX_REV,S13,_T,_T,PT_B1GQ,A,28.705
2016,SYC,TAX_REV,S13,_T,_T,PT_B1GQ,A,29.286
2017,SYC,TAX_REV,S13,_T,_T,PT_B1GQ,A,29.414
2018,SYC,TAX_REV,S13,_T,_T,PT_B1GQ,A,30.122
2019,SYC,TAX_REV,S13,_T,_T,PT_B1GQ,A,29.046
2020,SYC,TAX_REV,S13,_T,_T,PT_B1GQ,A,27.805
2021,SYC,TAX_REV,S13,_T,_T,PT_B1GQ,A,28.425
2022,SYC,TAX_REV,S13,_T,_T,PT_B1GQ,A,27.233
2014,SLE,TAX_REV,S13,_T,_T,PT_B1GQ,A,8.677
2015,SLE,TAX_REV,S13,_T,_T,PT_B1GQ,A,9.893
2016,SLE,TAX_REV,S13,_T,_T,PT_B1GQ,A,10.648
2017,SLE,TAX_REV,S13,_T,_T,PT_B1GQ,A,10.753
2018,SLE,TAX_REV,S13,_T,_T,PT_B1GQ,A,12.462
2019,SLE,TAX_REV,S13,_T,_T,PT_B1GQ,A,13.27
2020,SLE,TAX_REV,S13,_T,_T,PT_B1GQ,A,12.496
2021,SLE,TAX_REV,S13,_T,_T,PT_B1GQ,A,13.29
2022,SLE,TAX_REV,S13,_T,_T,PT_B1GQ,A,11.421
2014,SGP,TAX_REV,S13,_T,_T,PT_B1GQ,A,13.357
2015,SGP,TAX_REV,S13,_T,_T,PT_B1GQ,A,13.04
2016,SGP,TAX_REV,S13,_T,_T,PT_B1GQ,A,13.021
2017,SGP,TAX_REV,S13,_T,_T,PT_B1GQ,A,13.815
2018,SGP,TAX_REV,S13,_T,_T,PT_B1GQ,A,12.892
2019,SGP,TAX_REV,S13,_T,_T,PT_B1GQ,A,13.185
2020,SGP,TAX_REV,S13,_T,_T,PT_B1GQ,A,12.488
2021,SGP,TAX_REV,S13,_T,_T,PT_B1GQ,A,12.122
2022,SGP,TAX_REV,S13,_T,_T,PT_B1GQ,A,11.8
2023,SGP,TAX_REV,S13,_T,_T,PT_B1GQ,A,13.665
2014,SLB,TAX_REV,S13,_T,_T,PT_B1GQ,A,23.034
2015,SLB,TAX_REV,S13,_T,_T,PT_B1GQ,A,23.11
2016,SLB,TAX_REV,S13,_T,_T,PT_B1GQ,A,21.583
2017,SLB,TAX_REV,S13,_T,_T,PT_B1GQ,A,22.701
2018,SLB,TAX_REV,S13,_T,_T,PT_B1GQ,A,23.455
2019,SLB,TAX_REV,S13,_T,_T,PT_B1GQ,A,19.822
2020,SLB,TAX_REV,S13,_T,_T,PT_B1GQ,A,18.877
2021,SLB,TAX_REV,S13,_T,_T,PT_B1GQ,A,19.308
2022,SLB,TAX_REV,S13,_T,_T,PT_B1GQ,A,18.563
2023,SLB,TAX_REV,S13,_T,_T,PT_B1GQ,A,19.24
2014,SOM,TAX_REV,S13,_T,_T,PT_B1GQ,A,1.148
2015,SOM,TAX_REV,S13,_T,_T,PT_B1GQ,A,1.228
2016,SOM,TAX_REV,S13,_T,_T,PT_B1GQ,A,1.198
2017,SOM,TAX_REV,S13,_T,_T,PT_B1GQ,A,1.358
2018,SOM,TAX_REV,S13,_T,_T,PT_B1GQ,A,1.655
2019,SOM,TAX_REV,S13,_T,_T,PT_B1GQ,A,2.027
2020,SOM,TAX_REV,S13,_T,_T,PT_B1GQ,A,2.363
2021,SOM,TAX_REV,S13,_T,_T,PT_B1GQ,A,2.516
2022,SOM,TAX_REV,S13,_T,_T,PT_B1GQ,A,2.583
2014,ZAF,TAX_REV,S13,_T,_T,PT_B1GQ,A,25.42
2015,ZAF,TAX_REV,S13,_T,_T,PT_B1GQ,A,26.41
2016,ZAF,TAX_REV,S13,_T,_T,PT_B1GQ,A,26.008
2017,ZAF,TAX_REV,S13,_T,_T,PT_B1GQ,A,26.03
2018,ZAF,TAX_REV,S13,_T,_T,PT_B1GQ,A,26.46
2019,ZAF,TAX_REV,S13,_T,_T,PT_B1GQ,A,26.116
2020,ZAF,TAX_REV,S13,_T,_T,PT_B1GQ,A,25.11
2021,ZAF,TAX_REV,S13,_T,_T,PT_B1GQ,A,26.297
2022,ZAF,TAX_REV,S13,_T,_T,PT_B1GQ,A,27.067
2014,LKA,TAX_REV,S13,_T,_T,PT_B1GQ,A,9.886
2015,LKA,TAX_REV,S13,_T,_T,PT_B1GQ,A,11.853
2016,LKA,TAX_REV,S13,_T,_T,PT_B1GQ,A,11.564
2017,LKA,TAX_REV,S13,_T,_T,PT_B1GQ,A,11.768
2018,LKA,TAX_REV,S13,_T,_T,PT_B1GQ,A,11.318
2019,LKA,TAX_REV,S13,_T,_T,PT_B1GQ,A,11.086
2020,LKA,TAX_REV,S13,_T,_T,PT_B1GQ,A,7.982
2021,LKA,TAX_REV,S13,_T,_T,PT_B1GQ,A,7.566
2022,LKA,TAX_REV,S13,_T,_T,PT_B1GQ,A,7.934
2023,LKA,TAX_REV,S13,_T,_T,PT_B1GQ,A,9.978
2014,THA,TAX_REV,S13,_T,_T,PT_B1GQ,A,18.356
2015,THA,TAX_REV,S13,_T,_T,PT_B1GQ,A,18.899
2016,THA,TAX_REV,S13,_T,_T,PT_B1GQ,A,18.095
2017,THA,TAX_REV,S13,_T,_T,PT_B1GQ,A,17.537
2018,THA,TAX_REV,S13,_T,_T,PT_B1GQ,A,17.674
2019,THA,TAX_REV,S13,_T,_T,PT_B1GQ,A,17.241
2020,THA,TAX_REV,S13,_T,_T,PT_B1GQ,A,16.459
2021,THA,TAX_REV,S13,_T,_T,PT_B1GQ,A,16.4
2022,THA,TAX_REV,S13,_T,_T,PT_B1GQ,A,16.712
2023,THA,TAX_REV,S13,_T,_T,PT_B1GQ,A,17.1
2014,TLS,TAX_REV,S13,_T,_T,PT_B1GQ,A,20.014
2015,TLS,TAX_REV,S13,_T,_T,PT_B1GQ,A,16.732
2016,TLS,TAX_REV,S13,_T,_T,PT_B1GQ,A,6.362
2017,TLS,TAX_REV,S13,_T,_T,PT_B1GQ,A,10.598
2018,TLS,TAX_REV,S13,_T,_T,PT_B1GQ,A,13.597
2019,TLS,TAX_REV,S13,_T,_T,PT_B1GQ,A,16.368
2020,TLS,TAX_REV,S13,_T,_T,PT_B1GQ,A,12.32
2021,TLS,TAX_REV,S13,_T,_T,PT_B1GQ,A,14.424
2022,TLS,TAX_REV,S13,_T,_T,PT_B1GQ,A,19.754
2023,TLS,TAX_REV,S13,_T,_T,PT_B1GQ,A,9.599
2014,TGO,TAX_REV,S13,_T,_T,PT_B1GQ,A,14.936
2015,TGO,TAX_REV,S13,_T,_T,PT_B1GQ,A,15.68
2016,TGO,TAX_REV,S13,_T,_T,PT_B1GQ,A,16.31
2017,TGO,TAX_REV,S13,_T,_T,PT_B1GQ,A,15.791
2018,TGO,TAX_REV,S13,_T,_T,PT_B1GQ,A,14.766
2019,TGO,TAX_REV,S13,_T,_T,PT_B1GQ,A,15.487
2020,TGO,TAX_REV,S13,_T,_T,PT_B1GQ,A,15.749
2021,TGO,TAX_REV,S13,_T,_T,PT_B1GQ,A,17.157
2022,TGO,TAX_REV,S13,_T,_T,PT_B1GQ,A,17.434
2014,TKL,TAX_REV,S13,_T,_T,PT_B1GQ,A,17.053
2015,TKL,TAX_REV,S13,_T,_T,PT_B1GQ,A,15.124
2016,TKL,TAX_REV,S13,_T,_T,PT_B1GQ,A,14.665
2017,TKL,TAX_REV,S13,_T,_T,PT_B1GQ,A,16.787
2018,TKL,TAX_REV,S13,_T,_T,PT_B1GQ,A,16.713
2019,TKL,TAX_REV,S13,_T,_T,PT_B1GQ,A,16.712
2020,TKL,TAX_REV,S13,_T,_T,PT_B1GQ,A,17.147
2021,TKL,TAX_REV,S13,_T,_T,PT_B1GQ,A,18.36
2022,TKL,TAX_REV,S13,_T,_T,PT_B1GQ,A,15.959
2023,TKL,TAX_REV,S13,_T,_T,PT_B1GQ,A,18.315
2014,TTO,TAX_REV,S13,_T,_T,PT_B1GQ,A,26.938
2015,TTO,TAX_REV,S13,_T,_T,PT_B1GQ,A,26.326
2016,TTO,TAX_REV,S13,_T,_T,PT_B1GQ,A,21.011
2017,TTO,TAX_REV,S13,_T,_T,PT_B1GQ,A,19.263
2018,TTO,TAX_REV,S13,_T,_T,PT_B1GQ,A,22.242
2019,TTO,TAX_REV,S13,_T,_T,PT_B1GQ,A,23.71
2020,TTO,TAX_REV,S13,_T,_T,PT_B1GQ,A,21.483
2021,TTO,TAX_REV,S13,_T,_T,PT_B1GQ,A,21.813
2022,TTO,TAX_REV,S13,_T,_T,PT_B1GQ,A,24.767
2023,TTO,TAX_REV,S13,_T,_T,PT_B1GQ,A,24.246
2014,TUN,TAX_REV,S13,_T,_T,PT_B1GQ,A,29.29
2015,TUN,TAX_REV,S13,_T,_T,PT_B1GQ,A,28.522
2016,TUN,TAX_REV,S13,_T,_T,PT_B1GQ,A,27.911
2017,TUN,TAX_REV,S13,_T,_T,PT_B1GQ,A,29.222
2018,TUN,TAX_REV,S13,_T,_T,PT_B1GQ,A,29.937
2019,TUN,TAX_REV,S13,_T,_T,PT_B1GQ,A,32.081
2020,TUN,TAX_REV,S13,_T,_T,PT_B1GQ,A,32.456
2021,TUN,TAX_REV,S13,_T,_T,PT_B1GQ,A,32.536
2022,TUN,TAX_REV,S13,_T,_T,PT_B1GQ,A,33.504
2014,UGA,TAX_REV,S13,_T,_T,PT_B1GQ,A,9.271
2015,UGA,TAX_REV,S13,_T,_T,PT_B1GQ,A,10.388
2016,UGA,TAX_REV,S13,_T,_T,PT_B1GQ,A,10.978
2014,BGR,TAX_REV,S13,T_5000,_T,PT_B1GQ,A,14.893
2015,BGR,TAX_REV,S13,T_5000,_T,PT_B1GQ,A,15.247
2016,BGR,TAX_REV,S13,T_5000,_T,PT_B1GQ,A,15.432
2017,BGR,TAX_REV,S13,T_5000,_T,PT_B1GQ,A,15.313
2018,BGR,TAX_REV,S13,T_5000,_T,PT_B1GQ,A,14.83
2019,BGR,TAX_REV,S13,T_5000,_T,PT_B1GQ,A,15.383
2020,BGR,TAX_REV,S13,T_5000,_T,PT_B1GQ,A,15.051
2021,BGR,TAX_REV,S13,T_5000,_T,PT_B1GQ,A,14.979
2022,BGR,TAX_REV,S13,T_5000,_T,PT_B1GQ,A,14.13
2023,BGR,TAX_REV,S13,T_5000,_T,PT_B1GQ,A,14.159
2014,BFA,TAX_REV,S13,T_5000,_T,PT_B1GQ,A,8.538
2015,BFA,TAX_REV,S13,T_5000,_T,PT_B1GQ,A,9.142
2016,BFA,TAX_REV,S13,T_5000,_T,PT_B1GQ,A,9.349
2017,BFA,TAX_REV,S13,T_5000,_T,PT_B1GQ,A,10.067
2018,BFA,TAX_REV,S13,T_5000,_T,PT_B1GQ,A,10.312
2019,BFA,TAX_REV,S13,T_5000,_T,PT_B1GQ,A,10.217
2020,BFA,TAX_REV,S13,T_5000,_T,PT_B1GQ,A,9.536
2021,BFA,TAX_REV,S13,T_5000,_T,PT_B1GQ,A,7.958
2022,BFA,TAX_REV,S13,T_5000,_T,PT_B1GQ,A,10.197
2014,CPV,TAX_REV,S13,T_5000,_T,PT_B1GQ,A,10.391
2015,CPV,TAX_REV,S13,T_5000,_T,PT_B1GQ,A,11.138
2016,CPV,TAX_REV,S13,T_5000,_T,PT_B1GQ,A,11.105
2017,CPV,TAX_REV,S13,T_5000,_T,PT_B1GQ,A,11.805
2018,CPV,TAX_REV,S13,T_5000,_T,PT_B1GQ,A,12.661
2019,CPV,TAX_REV,S13,T_5000,_T,PT_B1GQ,A,12.034
2020,CPV,TAX_REV,S13,T_5000,_T,PT_B1GQ,A,12.163
2021,CPV,TAX_REV,S13,T_5000,_T,PT_B1GQ,A,12.461
2022,CPV,TAX_REV,S13,T_5000,_T,PT_B1GQ,A,13.555
2014,KHM,TAX_REV,S13,T_5000,_T,PT_B1GQ,A,9.11
2015,KHM,TAX_REV,S13,T_5000,_T,PT_B1GQ,A,8.696
2016,KHM,TAX_REV,S13,T_5000,_T,PT_B1GQ,A,8.792
2017,KHM,TAX_REV,S13,T_5000,_T,PT_B1GQ,A,9.102
2018,KHM,TAX_REV,S13,T_5000,_T,PT_B1GQ,A,9.971
2019,KHM,TAX_REV,S13,T_5000,_T,PT_B1GQ,A,11.568
2020,KHM,TAX_REV,S13,T_5000,_T,PT_B1GQ,A,9.662
2021,KHM,TAX_REV,S13,T_5000,_T,PT_B1GQ,A,8.441
2022,KHM,TAX_REV,S13,T_5000,_T,PT_B1GQ,A,9.436
2023,KHM,TAX_REV,S13,T_5000,_T,PT_B1GQ,A,7.903
2014,CMR,TAX_REV,S13,T_5000,_T,PT_B1GQ,A,8.062
2015,CMR,TAX_REV,S13,T_5000,_T,PT_B1GQ,A,8.048
2016,CMR,TAX_REV,S13,T_5000,_T,PT_B1GQ,A,8.198
2017,CMR,TAX_REV,S13,T_5000,_T,PT_B1GQ,A,8.801
2018,CMR,TAX_REV,S13,T_5000,_T,PT_B1GQ,A,8.819
2019,CMR,TAX_REV,S13,T_5000,_T,PT_B1GQ,A,8.445
2020,CMR,TAX_REV,S13,T_5000,_T,PT_B1GQ,A,7.51
2021,CMR,TAX_REV,S13,T_5000,_T,PT_B1GQ,A,8.009
2022,CMR,TAX_REV,S13,T_5000,_T,PT_B1GQ,A,8.193
2014,TCD,TAX_REV,S13,T_5000,_T,PT_B1GQ,A,2.476
2015,TCD,TAX_REV,S13,T_5000,_T,PT_B1GQ,A,1.734
2016,TCD,TAX_REV,S13,T_5000,_T,PT_B1GQ,A,1.815
2017,TCD,TAX_REV,S13,T_5000,_T,PT_B1GQ,A,2.327
2018,TCD,TAX_REV,S13,T_5000,_T,PT_B1GQ,A,2.637
2019,TCD,TAX_REV,S13,T_5000,_T,PT_B1GQ,A,2.892
2020,TCD,TAX_REV,S13,T_5000,_T,PT_B1GQ,A,3.542
2021,TCD,TAX_REV,S13,T_5000,_T,PT_B1GQ,A,3.345
2022,TCD,TAX_REV,S13,T_5000,_T,PT_B1GQ,A,2.921
2014,CHN,TAX_REV,S13,T_5000,_T,PT_B1GQ,A,11.262
2015,CHN,TAX_REV,S13,T_5000,_T,PT_B1GQ,A,10.506
2016,CHN,TAX_REV,S13,T_5000,_T,PT_B1GQ,A,10.012
2017,CHN,TAX_REV,S13,T_5000,_T,PT_B1GQ,A,9.829
2018,CHN,TAX_REV,S13,T_5000,_T,PT_B1GQ,A,9.44
2019,CHN,TAX_REV,S13,T_5000,_T,PT_B1GQ,A,8.938
2020,CHN,TAX_REV,S13,T_5000,_T,PT_B1GQ,A,8.19
2021,CHN,TAX_REV,S13,T_5000,_T,PT_B1GQ,A,7.911
2022,CHN,TAX_REV,S13,T_5000,_T,PT_B1GQ,A,6.937
2023,CHN,TAX_REV,S13,T_5000,_T,PT_B1GQ,A,8.038
2014,COG,TAX_REV,S13,T_5000,_T,PT_B1GQ,A,6.035
2015,COG,TAX_REV,S13,T_5000,_T,PT_B1GQ,A,7.332
2016,COG,TAX_REV,S13,T_5000,_T,PT_B1GQ,A,7.099
2017,COG,TAX_REV,S13,T_5000,_T,PT_B1GQ,A,5.674
2018,COG,TAX_REV,S13,T_5000,_T,PT_B1GQ,A,4.827
2019,COG,TAX_REV,S13,T_5000,_T,PT_B1GQ,A,4.787
2020,COG,TAX_REV,S13,T_5000,_T,PT_B1GQ,A,5.716
2021,COG,TAX_REV,S13,T_5000,_T,PT_B1GQ,A,4.843
2022,COG,TAX_REV,S13,T_5000,_T,PT_B1GQ,A,5.789
2014,COK,TAX_REV,S13,T_5000,_T,PT_B1GQ,A,16.338
2015,COK,TAX_REV,S13,T_5000,_T,PT_B1GQ,A,17.515
2016,COK,TAX_REV,S13,T_5000,_T,PT_B1GQ,A,18.335
2017,COK,TAX_REV,S13,T_5000,_T,PT_B1GQ,A,17.162
2018,COK,TAX_REV,S13,T_5000,_T,PT_B1GQ,A,17.419
2019,COK,TAX_REV,S13,T_5000,_T,PT_B1GQ,A,17.319
2020,COK,TAX_REV,S13,T_5000,_T,PT_B1GQ,A,15.492
2021,COK,TAX_REV,S13,T_5000,_T,PT_B1GQ,A,18.567
2022,COK,TAX_REV,S13,T_5000,_T,PT_B1GQ,A,16.722
2023,COK,TAX_REV,S13,T_5000,_T,PT_B1GQ,A,17.821
2014,CIV,TAX_REV,S13,T_5000,_T,PT_B1GQ,A,7.391
2015,CIV,TAX_REV,S13,T_5000,_T,PT_B1GQ,A,7.898
2016,CIV,TAX_REV,S13,T_5000,_T,PT_B1GQ,A,8.087
2017,CIV,TAX_REV,S13,T_5000,_T,PT_B1GQ,A,8.101
2018,CIV,TAX_REV,S13,T_5000,_T,PT_B1GQ,A,7.69
2019,CIV,TAX_REV,S13,T_5000,_T,PT_B1GQ,A,7.801
2020,CIV,TAX_REV,S13,T_5000,_T,PT_B1GQ,A,7.953
2021,CIV,TAX_REV,S13,T_5000,_T,PT_B1GQ,A,8.394
2022,CIV,TAX_REV,S13,T_5000,_T,PT_B1GQ,A,7.503
2014,HRV,TAX_REV,S13,T_5000,_T,PT_B1GQ,A,18.865
2015,HRV,TAX_REV,S13,T_5000,_T,PT_B1GQ,A,19.633
2016,HRV,TAX_REV,S13,T_5000,_T,PT_B1GQ,A,19.759
2017,HRV,TAX_REV,S13,T_5000,_T,PT_B1GQ,A,19.894
2018,HRV,TAX_REV,S13,T_5000,_T,PT_B1GQ,A,20.156
2019,HRV,TAX_REV,S13,T_5000,_T,PT_B1GQ,A,20.281
2020,HRV,TAX_REV,S13,T_5000,_T,PT_B1GQ,A,19.262
2021,HRV,TAX_REV,S13,T_5000,_T,PT_B1GQ,A,19.538
2022,HRV,TAX_REV,S13,T_5000,_T,PT_B1GQ,A,19.012
2014,CUB,TAX_REV,S13,T_5000,_T,PT_B1GQ,A,19.728
2015,CUB,TAX_REV,S13,T_5000,_T,PT_B1GQ,A,20.362
2016,CUB,TAX_REV,S13,T_5000,_T,PT_B1GQ,A,22.227
2017,CUB,TAX_REV,S13,T_5000,_T,PT_B1GQ,A,22.772
2018,CUB,TAX_REV,S13,T_5000,_T,PT_B1GQ,A,21.958
2019,CUB,TAX_REV,S13,T_5000,_T,PT_B1GQ,A,20.299
2020,CUB,TAX_REV,S13,T_5000,_T,PT_B1GQ,A,17.394
2021,CUB,TAX_REV,S13,T_5000,_T,PT_B1GQ,A,1.941
2022,CUB,TAX_REV,S13,T_5000,_T,PT_B1GQ,A,1.999
2023,CUB,TAX_REV,S13,T_5000,_T,PT_B1GQ,A,2.505
2014,COD,TAX_REV,S13,T_5000,_T,PT_B1GQ,A,4.988
2015,COD,TAX_REV,S13,T_5000,_T,PT_B1GQ,A,5.082
2016,COD,TAX_REV,S13,T_5000,_T,PT_B1GQ,A,4.991
2017,COD,TAX_REV,S13,T_5000,_T,PT_B1GQ,A,3.467
2018,COD,TAX_REV,S13,T_5000,_T,PT_B1GQ,A,3.349
2019,COD,TAX_REV,S13,T_5000,_T,PT_B1GQ,A,3.207
2020,COD,TAX_REV,S13,T_5000,_T,PT_B1GQ,A,3.652
2021,COD,TAX_REV,S13,T_5000,_T,PT_B1GQ,A,4.187
2022,COD,TAX_REV,S13,T_5000,_T,PT_B1GQ,A,4.746
2014,DOM,TAX_REV,S13,T_5000,_T,PT_B1GQ,A,8.464
2015,DOM,TAX_REV,S13,T_5000,_T,PT_B1GQ,A,8.522
2016,DOM,TAX_REV,S13,T_5000,_T,PT_B1GQ,A,8.443
2017,DOM,TAX_REV,S13,T_5000,_T,PT_B1GQ,A,8.388
2018,DOM,TAX_REV,S13,T_5000,_T,PT_B1GQ,A,8.443
2019,DOM,TAX_REV,S13,T_5000,_T,PT_B1GQ,A,8.469
2020,DOM,TAX_REV,S13,T_5000,_T,PT_B1GQ,A,7.61
2021,DOM,TAX_REV,S13,T_5000,_T,PT_B1GQ,A,8.624
2022,DOM,TAX_REV,S13,T_5000,_T,PT_B1GQ,A,8.664
2023,DOM,TAX_REV,S13,T_5000,_T,PT_B1GQ,A,8.453
2014,ECU,TAX_REV,S13,T_5000,_T,PT_B1GQ,A,10.236
2015,ECU,TAX_REV,S13,T_5000,_T,PT_B1GQ,A,11.285
2016,ECU,TAX_REV,S13,T_5000,_T,PT_B1GQ,A,10.103
2017,ECU,TAX_REV,S13,T_5000,_T,PT_B1GQ,A,10.391
2018,ECU,TAX_REV,S13,T_5000,_T,PT_B1GQ,A,10.327
2019,ECU,TAX_REV,S13,T_5000,_T,PT_B1GQ,A,9.949
2020,ECU,TAX_REV,S13,T_5000,_T,PT_B1GQ,A,8.669
2021,ECU,TAX_REV,S13,T_5000,_T,PT_B1GQ,A,9.905
2022,ECU,TAX_REV,S13,T_5000,_T,PT_B1GQ,A,10.425
2023,ECU,TAX_REV,S13,T_5000,_T,PT_B1GQ,A,10.075
2014,EGY,TAX_REV,S13,T_5000,_T,PT_B1GQ,A,4.684
2015,EGY,TAX_REV,S13,T_5000,_T,PT_B1GQ,A,5.394
2016,EGY,TAX_REV,S13,T_5000,_T,PT_B1GQ,A,5.672
2017,EGY,TAX_REV,S13,T_5000,_T,PT_B1GQ,A,6.368
2018,EGY,TAX_REV,S13,T_5000,_T,PT_B1GQ,A,6.825
2019,EGY,TAX_REV,S13,T_5000,_T,PT_B1GQ,A,6.739
2020,EGY,TAX_REV,S13,T_5000,_T,PT_B1GQ,A,5.682
2021,EGY,TAX_REV,S13,T_5000,_T,PT_B1GQ,A,6.095
2022,EGY,TAX_REV,S13,T_5000,_T,PT_B1GQ,A,6.079
2014,MDA,TAX_REV,S13,T_5000,_T,PT_B1GQ,A,15.091
2015,MDA,TAX_REV,S13,T_5000,_T,PT_B1GQ,A,13.872
2016,MDA,TAX_REV,S13,T_5000,_T,PT_B1GQ,A,14.014
2017,MDA,TAX_REV,S13,T_5000,_T,PT_B1GQ,A,14.89
2018,MDA,TAX_REV,S13,T_5000,_T,PT_B1GQ,A,14.682
2019,MDA,TAX_REV,S13,T_5000,_T,PT_B1GQ,A,14.612
2020,MDA,TAX_REV,S13,T_5000,_T,PT_B1GQ,A,14.958
2021,MDA,TAX_REV,S13,T_5000,_T,PT_B1GQ,A,15.489
2022,MDA,TAX_REV,S13,T_5000,_T,PT_B1GQ,A,15.317
2023,MDA,TAX_REV,S13,T_5000,_T,PT_B1GQ,A,15.008
2014,MNG,TAX_REV,S13,T_5000,_T,PT_B1GQ,A,10.766
2015,MNG,TAX_REV,S13,T_5000,_T,PT_B1GQ,A,9.439
2016,MNG,TAX_REV,S13,T_5000,_T,PT_B1GQ,A,9.781
2017,MNG,TAX_REV,S13,T_5000,_T,PT_B1GQ,A,10.624
2018,MNG,TAX_REV,S13,T_5000,_T,PT_B1GQ,A,12.153
2019,MNG,TAX_REV,S13,T_5000,_T,PT_B1GQ,A,11.809
2020,MNG,TAX_REV,S13,T_5000,_T,PT_B1GQ,A,10.417
2021,MNG,TAX_REV,S13,T_5000,_T,PT_B1GQ,A,10.969
2022,MNG,TAX_REV,S13,T_5000,_T,PT_B1GQ,A,11.564
2023,MNG,TAX_REV,S13,T_5000,_T,PT_B1GQ,A,10.482
2014,MAR,TAX_REV,S13,T_5000,_T,PT_B1GQ,A,10.986
2015,MAR,TAX_REV,S13,T_5000,_T,PT_B1GQ,A,10.367
2016,MAR,TAX_REV,S13,T_5000,_T,PT_B1GQ,A,10.486
2017,MAR,TAX_REV,S13,T_5000,_T,PT_B1GQ,A,10.831
2018,MAR,TAX_REV,S13,T_5000,_T,PT_B1GQ,A,11.227
2019,MAR,TAX_REV,S13,T_5000,_T,PT_B1GQ,A,11.125
2020,MAR,TAX_REV,S13,T_5000,_T,PT_B1GQ,A,10.983
2021,MAR,TAX_REV,S13,T_5000,_T,PT_B1GQ,A,11.554
2022,MAR,TAX_REV,S13,T_5000,_T,PT_B1GQ,A,12.389
2014,MOZ,TAX_REV,S13,T_5000,_T,PT_B1GQ,A,22.287
2015,MOZ,TAX_REV,S13,T_5000,_T,PT_B1GQ,A,21.841
2016,MOZ,TAX_REV,S13,T_5000,_T,PT_B1GQ,A,15.86
2017,MOZ,TAX_REV,S13,T_5000,_T,PT_B1GQ,A,9.992
2018,MOZ,TAX_REV,S13,T_5000,_T,PT_B1GQ,A,10.677
2019,MOZ,TAX_REV,S13,T_5000,_T,PT_B1GQ,A,11.268
2020,MOZ,TAX_REV,S13,T_5000,_T,PT_B1GQ,A,9.62
2021,MOZ,TAX_REV,S13,T_5000,_T,PT_B1GQ,A,11.405
2022,MOZ,TAX_REV,S13,T_5000,_T,PT_B1GQ,A,10.279
2014,NAM,TAX_REV,S13,T_5000,_T,PT_B1GQ,A,7.463
2015,NAM,TAX_REV,S13,T_5000,_T,PT_B1GQ,A,7.991
2016,NAM,TAX_REV,S13,T_5000,_T,PT_B1GQ,A,7.687
2017,NAM,TAX_REV,S13,T_5000,_T,PT_B1GQ,A,7.162
2018,NAM,TAX_REV,S13,T_5000,_T,PT_B1GQ,A,6.777
2019,NAM,TAX_REV,S13,T_5000,_T,PT_B1GQ,A,7.094
2020,NAM,TAX_REV,S13,T_5000,_T,PT_B1GQ,A,5.404
2021,NAM,TAX_REV,S13,T_5000,_T,PT_B1GQ,A,6.827
2022,NAM,TAX_REV,S13,T_5000,_T,PT_B1GQ,A,7.248
2014,NRU,TAX_REV,S13,T_5000,_T,PT_B1GQ,A,9.365
2015,NRU,TAX_REV,S13,T_5000,_T,PT_B1GQ,A,8.592
2016,NRU,TAX_REV,S13,T_5000,_T,PT_B1GQ,A,6.117
2017,NRU,TAX_REV,S13,T_5000,_T,PT_B1GQ,A,8.738
2018,NRU,TAX_REV,S13,T_5000,_T,PT_B1GQ,A,9.619
2019,NRU,TAX_REV,S13,T_5000,_T,PT_B1GQ,A,9.191
2020,NRU,TAX_REV,S13,T_5000,_T,PT_B1GQ,A,7.466
2021,NRU,TAX_REV,S13,T_5000,_T,PT_B1GQ,A,9.551
2022,NRU,TAX_REV,S13,T_5000,_T,PT_B1GQ,A,7.61
2023,NRU,TAX_REV,S13,T_5000,_T,PT_B1GQ,A,7.289
2014,NIC,TAX_REV,S13,T_5000,_T,PT_B1GQ,A,10.57
2015,NIC,TAX_REV,S13,T_5000,_T,PT_B1GQ,A,10.526
2016,NIC,TAX_REV,S13,T_5000,_T,PT_B1GQ,A,10.702
2017,NIC,TAX_REV,S13,T_5000,_T,PT_B1GQ,A,10.757
2018,NIC,TAX_REV,S13,T_5000,_T,PT_B1GQ,A,9.688
2019,NIC,TAX_REV,S13,T_5000,_T,PT_B1GQ,A,10.605
2020,NIC,TAX_REV,S13,T_5000,_T,PT_B1GQ,A,10.677
2021,NIC,TAX_REV,S13,T_5000,_T,PT_B1GQ,A,11.797
2022,NIC,TAX_REV,S13,T_5000,_T,PT_B1GQ,A,11.856
2023,NIC,TAX_REV,S13,T_5000,_T,PT_B1GQ,A,11.945
2014,NER,TAX_REV,S13,T_5000,_T,PT_B1GQ,A,6.676
2015,NER,TAX_REV,S13,T_5000,_T,PT_B1GQ,A,7.251
2016,NER,TAX_REV,S13,T_5000,_T,PT_B1GQ,A,6.141
2017,NER,TAX_REV,S13,T_5000,_T,PT_B1GQ,A,5.705
2018,NER,TAX_REV,S13,T_5000,_T,PT_B1GQ,A,7.382
2019,NER,TAX_REV,S13,T_5000,_T,PT_B1GQ,A,6.591
2020,NER,TAX_REV,S13,T_5000,_T,PT_B1GQ,A,5.803
2021,NER,TAX_REV,S13,T_5000,_T,PT_B1GQ,A,6.218
2022,NER,TAX_REV,S13,T_5000,_T,PT_B1GQ,A,5.685
2014,NGA,TAX_REV,S13,T_5000,_T,PT_B1GQ,A,1.782
2015,NGA,TAX_REV,S13,T_5000,_T,PT_B1GQ,A,1.598
2016,NGA,TAX_REV,S13,T_5000,_T,PT_B1GQ,A,1.53
2017,NGA,TAX_REV,S13,T_5000,_T,PT_B1GQ,A,1.585
2018,NGA,TAX_REV,S13,T_5000,_T,PT_B1GQ,A,1.605
2019,NGA,TAX_REV,S13,T_5000,_T,PT_B1GQ,A,1.591
2020,NGA,TAX_REV,S13,T_5000,_T,PT_B1GQ,A,1.799
2021,NGA,TAX_REV,S13,T_5000,_T,PT_B1GQ,A,2.558
2022,NGA,TAX_REV,S13,T_5000,_T,PT_B1GQ,A,2.559
2014,NIU,TAX_REV,S13,T_5000,_T,PT_B1GQ,A,16.68
2015,NIU,TAX_REV,S13,T_5000,_T,PT_B1GQ,A,16.815
2016,NIU,TAX_REV,S13,T_5000,_T,PT_B1GQ,A,15.067
2017,NIU,TAX_REV,S13,T_5000,_T,PT_B1GQ,A,19.447
2018,NIU,TAX_REV,S13,T_5000,_T,PT_B1GQ,A,17.548
2019,NIU,TAX_REV,S13,T_5000,_T,PT_B1GQ,A,14.293
2020,NIU,TAX_REV,S13,T_5000,_T,PT_B1GQ,A,12.844
2021,NIU,TAX_REV,S13,T_5000,_T,PT_B1GQ,A,12.581
2022,NIU,TAX_REV,S13,T_5000,_T,PT_B1GQ,A,18.151
2023,NIU,TAX_REV,S13,T_5000,_T,PT_B1GQ,A,25.399
2014,PAK,TAX_REV,S13,T_5000,_T,PT_B1GQ,A,5.9
2015,PAK,TAX_REV,S13,T_5000,_T,PT_B1GQ,A,7.144
2016,PAK,TAX_REV,S13,T_5000,_T,PT_B1GQ,A,7.028
2017,PAK,TAX_REV,S13,T_5000,_T,PT_B1GQ,A,7.1
2018,PAK,TAX_REV,S13,T_5000,_T,PT_B1GQ,A,6.525
2019,PAK,TAX_REV,S13,T_5000,_T,PT_B1GQ,A,6.417
2020,PAK,TAX_REV,S13,T_5000,_T,PT_B1GQ,A,6.862
2021,PAK,TAX_REV,S13,T_5000,_T,PT_B1GQ,A,6.651
2022,PAK,TAX_REV,S13,T_5000,_T,PT_B1GQ,A,5.908
2023,PAK,TAX_REV,S13,T_5000,_T,PT_B1GQ,A,6.048
2014,PAN,TAX_REV,S13,T_5000,_T,PT_B1GQ,A,5.113
2015,PAN,TAX_REV,S13,T_5000,_T,PT_B1GQ,A,4.857
2016,PAN,TAX_REV,S13,T_5000,_T,PT_B1GQ,A,4.876
2017,PAN,TAX_REV,S13,T_5000,_T,PT_B1GQ,A,4.58
2018,PAN,TAX_REV,S13,T_5000,_T,PT_B1GQ,A,4.093
2019,PAN,TAX_REV,S13,T_5000,_T,PT_B1GQ,A,3.88
2020,PAN,TAX_REV,S13,T_5000,_T,PT_B1GQ,A,3.306
2021,PAN,TAX_REV,S13,T_5000,_T,PT_B1GQ,A,3.295
2022,PAN,TAX_REV,S13,T_5000,_T,PT_B1GQ,A,3.469
2023,PAN,TAX_REV,S13,T_5000,_T,PT_B1GQ,A,3.166
2014,PNG,TAX_REV,S13,T_5000,_T,PT_B1GQ,A,5.667
2015,PNG,TAX_REV,S13,T_5000,_T,PT_B1GQ,A,5.211
2016,PNG,TAX_REV,S13,T_5000,_T,PT_B1GQ,A,4.678
2017,PNG,TAX_REV,S13,T_5000,_T,PT_B1GQ,A,5.199
2018,PNG,TAX_REV,S13,T_5000,_T,PT_B1GQ,A,5.35
2019,PNG,TAX_REV,S13,T_5000,_T,PT_B1GQ,A,5.725
2020,PNG,TAX_REV,S13,T_5000,_T,PT_B1GQ,A,4.956
2021,PNG,TAX_REV,S13,T_5000,_T,PT_B1GQ,A,5.207
2022,PNG,TAX_REV,S13,T_5000,_T,PT_B1GQ,A,4.647
2023,PNG,TAX_REV,S13,T_5000,_T,PT_B1GQ,A,5.28
2014,PRY,TAX_REV,S13,T_5000,_T,PT_B1GQ,A,7.714
2015,PRY,TAX_REV,S13,T_5000,_T,PT_B1GQ,A,7.576
2016,PRY,TAX_REV,S13,T_5000,_T,PT_B1GQ,A,7.44
2017,PRY,TAX_REV,S13,T_5000,_T,PT_B1GQ,A,7.673
2018,PRY,TAX_REV,S13,T_5000,_T,PT_B1GQ,A,7.764
2019,PRY,TAX_REV,S13,T_5000,_T,PT_B1GQ,A,7.441
2020,PRY,TAX_REV,S13,T_5000,_T,PT_B1GQ,A,7.056
2021,PRY,TAX_REV,S13,T_5000,_T,PT_B1GQ,A,7.223
2022,PRY,TAX_REV,S13,T_5000,_T,PT_B1GQ,A,7.267
2023,PRY,TAX_REV,S13,T_5000,_T,PT_B1GQ,A,7.508
2014,PER,TAX_REV,S13,T_5000,_T,PT_B1GQ,A,8.443
2015,PER,TAX_REV,S13,T_5000,_T,PT_B1GQ,A,8.172
2016,PER,TAX_REV,S13,T_5000,_T,PT_B1GQ,A,7.156
2017,PER,TAX_REV,S13,T_5000,_T,PT_B1GQ,A,6.955
2018,PER,TAX_REV,S13,T_5000,_T,PT_B1GQ,A,7.647
2019,PER,TAX_REV,S13,T_5000,_T,PT_B1GQ,A,7.646
2020,PER,TAX_REV,S13,T_5000,_T,PT_B1GQ,A,6.992
2021,PER,TAX_REV,S13,T_5000,_T,PT_B1GQ,A,8.336
2022,PER,TAX_REV,S13,T_5000,_T,PT_B1GQ,A,8.502
2023,PER,TAX_REV,S13,T_5000,_T,PT_B1GQ,A,7.641
2014,PHL,TAX_REV,S13,T_5000,_T,PT_B1GQ,A,6.394
2015,PHL,TAX_REV,S13,T_5000,_T,PT_B1GQ,A,6.282
2016,PHL,TAX_REV,S13,T_5000,_T,PT_B1GQ,A,6.328
2017,PHL,TAX_REV,S13,T_5000,_T,PT_B1GQ,A,6.728
2018,PHL,TAX_REV,S13,T_5000,_T,PT_B1GQ,A,7.416
2019,PHL,TAX_REV,S13,T_5000,_T,PT_B1GQ,A,7.619
2020,PHL,TAX_REV,S13,T_5000,_T,PT_B1GQ,A,7.253
2021,PHL,TAX_REV,S13,T_5000,_T,PT_B1GQ,A,7.625
2022,PHL,TAX_REV,S13,T_5000,_T,PT_B1GQ,A,8.021
2023,PHL,TAX_REV,S13,T_5000,_T,PT_B1GQ,A,7.393
2014,ROU,TAX_REV,S13,T_5000,_T,PT_B1GQ,A,12.2
2015,ROU,TAX_REV,S13,T_5000,_T,PT_B1GQ,A,12.856
2016,ROU,TAX_REV,S13,T_5000,_T,PT_B1GQ,A,11.137
2017,ROU,TAX_REV,S13,T_5000,_T,PT_B1GQ,A,10.148
2018,ROU,TAX_REV,S13,T_5000,_T,PT_B1GQ,A,10.151
2019,ROU,TAX_REV,S13,T_5000,_T,PT_B1GQ,A,10.326
2020,ROU,TAX_REV,S13,T_5000,_T,PT_B1GQ,A,10.075
2021,ROU,TAX_REV,S13,T_5000,_T,PT_B1GQ,A,10.473
2022,ROU,TAX_REV,S13,T_5000,_T,PT_B1GQ,A,10.608
2014,RWA,TAX_REV,S13,T_5000,_T,PT_B1GQ,A,8.664
2015,RWA,TAX_REV,S13,T_5000,_T,PT_B1GQ,A,9.061
2016,RWA,TAX_REV,S13,T_5000,_T,PT_B1GQ,A,8.907
2017,RWA,TAX_REV,S13,T_5000,_T,PT_B1GQ,A,8.887
2018,RWA,TAX_REV,S13,T_5000,_T,PT_B1GQ,A,9.058
2019,RWA,TAX_REV,S13,T_5000,_T,PT_B1GQ,A,9.397
2020,RWA,TAX_REV,S13,T_5000,_T,PT_B1GQ,A,8.83
2021,RWA,TAX_REV,S13,T_5000,_T,PT_B1GQ,A,8.652
2022,RWA,TAX_REV,S13,T_5000,_T,PT_B1GQ,A,8.42
2014,LCA,TAX_REV,S13,T_5000,_T,PT_B1GQ,A,13.12
2015,LCA,TAX_REV,S13,T_5000,_T,PT_B1GQ,A,13.623
2016,LCA,TAX_REV,S13,T_5000,_T,PT_B1GQ,A,13.511
2017,LCA,TAX_REV,S13,T_5000,_T,PT_B1GQ,A,13.233
2018,LCA,TAX_REV,S13,T_5000,_T,PT_B1GQ,A,13.284
2019,LCA,TAX_REV,S13,T_5000,_T,PT_B1GQ,A,13.614
2020,LCA,TAX_REV,S13,T_5000,_T,PT_B1GQ,A,12.927
2021,LCA,TAX_REV,S13,T_5000,_T,PT_B1GQ,A,12.334
2022,LCA,TAX_REV,S13,T_5000,_T,PT_B1GQ,A,12.579
2023,LCA,TAX_REV,S13,T_5000,_T,PT_B1GQ,A,13.249
2014,WSM,TAX_REV,S13,T_5000,_T,PT_B1GQ,A,16.642
2015,WSM,TAX_REV,S13,T_5000,_T,PT_B1GQ,A,17.627
2016,WSM,TAX_REV,S13,T_5000,_T,PT_B1GQ,A,17.892
2017,WSM,TAX_REV,S13,T_5000,_T,PT_B1GQ,A,18.248
2018,WSM,TAX_REV,S13,T_5000,_T,PT_B1GQ,A,18.219
2019,WSM,TAX_REV,S13,T_5000,_T,PT_B1GQ,A,18.338
2020,WSM,TAX_REV,S13,T_5000,_T,PT_B1GQ,A,20.001
2021,WSM,TAX_REV,S13,T_5000,_T,PT_B1GQ,A,19.49
2022,WSM,TAX_REV,S13,T_5000,_T,PT_B1GQ,A,19.864
2023,WSM,TAX_REV,S13,T_5000,_T,PT_B1GQ,A,19.046
2014,SEN,TAX_REV,S13,T_5000,_T,PT_B1GQ,A,10.339
2015,SEN,TAX_REV,S13,T_5000,_T,PT_B1GQ,A,10.343
2016,SEN,TAX_REV,S13,T_5000,_T,PT_B1GQ,A,10.528
2017,SEN,TAX_REV,S13,T_5000,_T,PT_B1GQ,A,10.054
2018,SEN,TAX_REV,S13,T_5000,_T,PT_B1GQ,A,10.19
2019,SEN,TAX_REV,S13,T_5000,_T,PT_B1GQ,A,11.295
2020,SEN,TAX_REV,S13,T_5000,_T,PT_B1GQ,A,10.725
2021,SEN,TAX_REV,S13,T_5000,_T,PT_B1GQ,A,11.524
2022,SEN,TAX_REV,S13,T_5000,_T,PT_B1GQ,A,12.072
2014,SYC,TAX_REV,S13,T_5000,_T,PT_B1GQ,A,18.68
2015,SYC,TAX_REV,S13,T_5000,_T,PT_B1GQ,A,17.946
2016,SYC,TAX_REV,S13,T_5000,_T,PT_B1GQ,A,18.381
2017,SYC,TAX_REV,S13,T_5000,_T,PT_B1GQ,A,18.003
2018,SYC,TAX_REV,S13,T_5000,_T,PT_B1GQ,A,18.058
2019,SYC,TAX_REV,S13,T_5000,_T,PT_B1GQ,A,17.889
2020,SYC,TAX_REV,S13,T_5000,_T,PT_B1GQ,A,16.408
2021,SYC,TAX_REV,S13,T_5000,_T,PT_B1GQ,A,16.413
2022,SYC,TAX_REV,S13,T_5000,_T,PT_B1GQ,A,17.057
2014,SLE,TAX_REV,S13,T_5000,_T,PT_B1GQ,A,4.679
2015,SLE,TAX_REV,S13,T_5000,_T,PT_B1GQ,A,5.745
2016,SLE,TAX_REV,S13,T_5000,_T,PT_B1GQ,A,5.458
2017,SLE,TAX_REV,S13,T_5000,_T,PT_B1GQ,A,6.446
2018,SLE,TAX_REV,S13,T_5000,_T,PT_B1GQ,A,6.015
2019,SLE,TAX_REV,S13,T_5000,_T,PT_B1GQ,A,6.7
2020,SLE,TAX_REV,S13,T_5000,_T,PT_B1GQ,A,5.971
2021,SLE,TAX_REV,S13,T_5000,_T,PT_B1GQ,A,6.218
2022,SLE,TAX_REV,S13,T_5000,_T,PT_B1GQ,A,4.921
2014,SGP,TAX_REV,S13,T_5000,_T,PT_B1GQ,A,4.184
2015,SGP,TAX_REV,S13,T_5000,_T,PT_B1GQ,A,4.138
2016,SGP,TAX_REV,S13,T_5000,_T,PT_B1GQ,A,4.135
2017,SGP,TAX_REV,S13,T_5000,_T,PT_B1GQ,A,3.941
2018,SGP,TAX_REV,S13,T_5000,_T,PT_B1GQ,A,3.797
2019,SGP,TAX_REV,S13,T_5000,_T,PT_B1GQ,A,3.794
2020,SGP,TAX_REV,S13,T_5000,_T,PT_B1GQ,A,3.616
2021,SGP,TAX_REV,S13,T_5000,_T,PT_B1GQ,A,3.391
2022,SGP,TAX_REV,S13,T_5000,_T,PT_B1GQ,A,3.208
2023,SGP,TAX_REV,S13,T_5000,_T,PT_B1GQ,A,3.655
2014,SLB,TAX_REV,S13,T_5000,_T,PT_B1GQ,A,16.579
2015,SLB,TAX_REV,S13,T_5000,_T,PT_B1GQ,A,15.977
2016,SLB,TAX_REV,S13,T_5000,_T,PT_B1GQ,A,15.137
2017,SLB,TAX_REV,S13,T_5000,_T,PT_B1GQ,A,15.851
2018,SLB,TAX_REV,S13,T_5000,_T,PT_B1GQ,A,17.153
2019,SLB,TAX_REV,S13,T_5000,_T,PT_B1GQ,A,13.991
2020,SLB,TAX_REV,S13,T_5000,_T,PT_B1GQ,A,13.312
2021,SLB,TAX_REV,S13,T_5000,_T,PT_B1GQ,A,13.381
2022,SLB,TAX_REV,S13,T_5000,_T,PT_B1GQ,A,12.857
2023,SLB,TAX_REV,S13,T_5000,_T,PT_B1GQ,A,13.457
2014,SOM,TAX_REV,S13,T_5000,_T,PT_B1GQ,A,1.09
2015,SOM,TAX_REV,S13,T_5000,_T,PT_B1GQ,A,1.202
2016,SOM,TAX_REV,S13,T_5000,_T,PT_B1GQ,A,1.166
2017,SOM,TAX_REV,S13,T_5000,_T,PT_B1GQ,A,1.293
2018,SOM,TAX_REV,S13,T_5000,_T,PT_B1GQ,A,1.519
2019,SOM,TAX_REV,S13,T_5000,_T,PT_B1GQ,A,1.855
2020,SOM,TAX_REV,S13,T_5000,_T,PT_B1GQ,A,2.059
2021,SOM,TAX_REV,S13,T_5000,_T,PT_B1GQ,A,2.206
2022,SOM,TAX_REV,S13,T_5000,_T,PT_B1GQ,A,2.25
2014,ZAF,TAX_REV,S13,T_5000,_T,PT_B1GQ,A,10.171
2015,ZAF,TAX_REV,S13,T_5000,_T,PT_B1GQ,A,10.661
2016,ZAF,TAX_REV,S13,T_5000,_T,PT_B1GQ,A,10.465
2017,ZAF,TAX_REV,S13,T_5000,_T,PT_B1GQ,A,10.07
2018,ZAF,TAX_REV,S13,T_5000,_T,PT_B1GQ,A,10.568
2019,ZAF,TAX_REV,S13,T_5000,_T,PT_B1GQ,A,10.219
2020,ZAF,TAX_REV,S13,T_5000,_T,PT_B1GQ,A,10.082
2021,ZAF,TAX_REV,S13,T_5000,_T,PT_B1GQ,A,10.392
2022,ZAF,TAX_REV,S13,T_5000,_T,PT_B1GQ,A,10.623
2014,LKA,TAX_REV,S13,T_5000,_T,PT_B1GQ,A,7.893
2015,LKA,TAX_REV,S13,T_5000,_T,PT_B1GQ,A,9.434
2016,LKA,TAX_REV,S13,T_5000,_T,PT_B1GQ,A,9.484
2017,LKA,TAX_REV,S13,T_5000,_T,PT_B1GQ,A,9.941
2018,LKA,TAX_REV,S13,T_5000,_T,PT_B1GQ,A,9.371
2019,LKA,TAX_REV,S13,T_5000,_T,PT_B1GQ,A,8.291
2020,LKA,TAX_REV,S13,T_5000,_T,PT_B1GQ,A,6.058
2021,LKA,TAX_REV,S13,T_5000,_T,PT_B1GQ,A,5.558
2022,LKA,TAX_REV,S13,T_5000,_T,PT_B1GQ,A,4.98
2023,LKA,TAX_REV,S13,T_5000,_T,PT_B1GQ,A,6.469
2014,THA,TAX_REV,S13,T_5000,_T,PT_B1GQ,A,10.073
2015,THA,TAX_REV,S13,T_5000,_T,PT_B1GQ,A,10.617
2016,THA,TAX_REV,S13,T_5000,_T,PT_B1GQ,A,10.298
2017,THA,TAX_REV,S13,T_5000,_T,PT_B1GQ,A,10.06
2018,THA,TAX_REV,S13,T_5000,_T,PT_B1GQ,A,10.025
2019,THA,TAX_REV,S13,T_5000,_T,PT_B1GQ,A,9.498
2020,THA,TAX_REV,S13,T_5000,_T,PT_B1GQ,A,9.412
2021,THA,TAX_REV,S13,T_5000,_T,PT_B1GQ,A,9.624
2022,THA,TAX_REV,S13,T_5000,_T,PT_B1GQ,A,9.299
2023,THA,TAX_REV,S13,T_5000,_T,PT_B1GQ,A,9.395
2014,TLS,TAX_REV,S13,T_5000,_T,PT_B1GQ,A,0.814
2015,TLS,TAX_REV,S13,T_5000,_T,PT_B1GQ,A,1.277
2016,TLS,TAX_REV,S13,T_5000,_T,PT_B1GQ,A,0.303
2017,TLS,TAX_REV,S13,T_5000,_T,PT_B1GQ,A,1.881
2018,TLS,TAX_REV,S13,T_5000,_T,PT_B1GQ,A,2.726
2019,TLS,TAX_REV,S13,T_5000,_T,PT_B1GQ,A,2.846
2020,TLS,TAX_REV,S13,T_5000,_T,PT_B1GQ,A,3.33
2021,TLS,TAX_REV,S13,T_5000,_T,PT_B1GQ,A,2.194
2022,TLS,TAX_REV,S13,T_5000,_T,PT_B1GQ,A,3.483
2023,TLS,TAX_REV,S13,T_5000,_T,PT_B1GQ,A,5.443
2014,TGO,TAX_REV,S13,T_5000,_T,PT_B1GQ,A,11.727
2015,TGO,TAX_REV,S13,T_5000,_T,PT_B1GQ,A,12.561
2016,TGO,TAX_REV,S13,T_5000,_T,PT_B1GQ,A,12.636
2017,TGO,TAX_REV,S13,T_5000,_T,PT_B1GQ,A,12.398
2018,TGO,TAX_REV,S13,T_5000,_T,PT_B1GQ,A,11.261
2019,TGO,TAX_REV,S13,T_5000,_T,PT_B1GQ,A,11.752
2020,TGO,TAX_REV,S13,T_5000,_T,PT_B1GQ,A,12.13
2021,TGO,TAX_REV,S13,T_5000,_T,PT_B1GQ,A,12.807
2022,TGO,TAX_REV,S13,T_5000,_T,PT_B1GQ,A,13.216
2014,TKL,TAX_REV,S13,T_5000,_T,PT_B1GQ,A,8.846
2015,TKL,TAX_REV,S13,T_5000,_T,PT_B1GQ,A,7.39
2016,TKL,TAX_REV,S13,T_5000,_T,PT_B1GQ,A,6.658
2017,TKL,TAX_REV,S13,T_5000,_T,PT_B1GQ,A,7.427
2018,TKL,TAX_REV,S13,T_5000,_T,PT_B1GQ,A,8.8
2019,TKL,TAX_REV,S13,T_5000,_T,PT_B1GQ,A,7.746
2020,TKL,TAX_REV,S13,T_5000,_T,PT_B1GQ,A,8.431
2021,TKL,TAX_REV,S13,T_5000,_T,PT_B1GQ,A,9.191
2022,TKL,TAX_REV,S13,T_5000,_T,PT_B1GQ,A,6.292
2023,TKL,TAX_REV,S13,T_5000,_T,PT_B1GQ,A,7.504
2014,TTO,TAX_REV,S13,T_5000,_T,PT_B1GQ,A,5.623
2015,TTO,TAX_REV,S13,T_5000,_T,PT_B1GQ,A,6.934
2016,TTO,TAX_REV,S13,T_5000,_T,PT_B1GQ,A,7.632
2017,TTO,TAX_REV,S13,T_5000,_T,PT_B1GQ,A,6.243
2018,TTO,TAX_REV,S13,T_5000,_T,PT_B1GQ,A,7.473
2019,TTO,TAX_REV,S13,T_5000,_T,PT_B1GQ,A,6.736
2020,TTO,TAX_REV,S13,T_5000,_T,PT_B1GQ,A,7.547
2021,TTO,TAX_REV,S13,T_5000,_T,PT_B1GQ,A,7.998
2022,TTO,TAX_REV,S13,T_5000,_T,PT_B1GQ,A,5.379
2023,TTO,TAX_REV,S13,T_5000,_T,PT_B1GQ,A,6.198
2014,TUN,TAX_REV,S13,T_5000,_T,PT_B1GQ,A,10.662
2015,TUN,TAX_REV,S13,T_5000,_T,PT_B1GQ,A,10.209
2016,TUN,TAX_REV,S13,T_5000,_T,PT_B1GQ,A,9.994
2017,TUN,TAX_REV,S13,T_5000,_T,PT_B1GQ,A,10.455
2018,TUN,TAX_REV,S13,T_5000,_T,PT_B1GQ,A,11.899
2019,TUN,TAX_REV,S13,T_5000,_T,PT_B1GQ,A,11.406
2020,TUN,TAX_REV,S13,T_5000,_T,PT_B1GQ,A,11.182
2021,TUN,TAX_REV,S13,T_5000,_T,PT_B1GQ,A,11.927
2022,TUN,TAX_REV,S13,T_5000,_T,PT_B1GQ,A,12.528
2014,UGA,TAX_REV,S13,T_5000,_T,PT_B1GQ,A,6.089
2015,UGA,TAX_REV,S13,T_5000,_T,PT_B1GQ,A,6.706
2016,UGA,TAX_REV,S13,T_5000,_T,PT_B1GQ,A,7.106
2020,AUS,TAX_REV,S13,T_2000,_T,PT_B1GQ,A,0.0
2021,AUS,TAX_REV,S13,T_2000,_T,PT_B1GQ,A,0.0
2022,AUS,TAX_REV,S13,T_2000,_T,PT_B1GQ,A,0.0
2014,FJI,TAX_REV,S13,T_2000,_T,PT_B1GQ,A,0.0
2015,FJI,TAX_REV,S13,T_2000,_T,PT_B1GQ,A,0.0
2016,FJI,TAX_REV,S13,T_2000,_T,PT_B1GQ,A,0.0
2017,FJI,TAX_REV,S13,T_2000,_T,PT_B1GQ,A,0.0
2018,FJI,TAX_REV,S13,T_2000,_T,PT_B1GQ,A,0.0
2019,FJI,TAX_REV,S13,T_2000,_T,PT_B1GQ,A,0.0
2020,FJI,TAX_REV,S13,T_2000,_T,PT_B1GQ,A,0.0
2021,FJI,TAX_REV,S13,T_2000,_T,PT_B1GQ,A,0.0
2022,FJI,TAX_REV,S13,T_2000,_T,PT_B1GQ,A,0.0
2023,FJI,TAX_REV,S13,T_2000,_T,PT_B1GQ,A,0.0
2014,GEO,TAX_REV,S13,T_2000,_T,PT_B1GQ,A,0.0
2015,GEO,TAX_REV,S13,T_2000,_T,PT_B1GQ,A,0.0
2016,GEO,TAX_REV,S13,T_2000,_T,PT_B1GQ,A,0.0
2017,GEO,TAX_REV,S13,T_2000,_T,PT_B1GQ,A,0.0
2018,GEO,TAX_REV,S13,T_2000,_T,PT_B1GQ,A,0.0
2019,GEO,TAX_REV,S13,T_2000,_T,PT_B1GQ,A,0.0
2020,GEO,TAX_REV,S13,T_2000,_T,PT_B1GQ,A,0.0
2021,GEO,TAX_REV,S13,T_2000,_T,PT_B1GQ,A,0.0
2022,GEO,TAX_REV,S13,T_2000,_T,PT_B1GQ,A,0.0
2023,GEO,TAX_REV,S13,T_2000,_T,PT_B1GQ,A,0.0
2014,HKG,TAX_REV,S13,T_2000,_T,PT_B1GQ,A,0.0
2015,HKG,TAX_REV,S13,T_2000,_T,PT_B1GQ,A,0.0
2016,HKG,TAX_REV,S13,T_2000,_T,PT_B1GQ,A,0.0
2017,HKG,TAX_REV,S13,T_2000,_T,PT_B1GQ,A,0.0
2018,HKG,TAX_REV,S13,T_2000,_T,PT_B1GQ,A,0.0
2019,HKG,TAX_REV,S13,T_2000,_T,PT_B1GQ,A,0.0
2020,HKG,TAX_REV,S13,T_2000,_T,PT_B1GQ,A,0.0
2021,HKG,TAX_REV,S13,T_2000,_T,PT_B1GQ,A,0.0
2022,HKG,TAX_REV,S13,T_2000,_T,PT_B1GQ,A,0.0
2023,HKG,TAX_REV,S13,T_2000,_T,PT_B1GQ,A,0.0
2014,KIR,TAX_REV,S13,T_2000,_T,PT_B1GQ,A,0.0
2015,KIR,TAX_REV,S13,T_2000,_T,PT_B1GQ,A,0.0
2016,KIR,TAX_REV,S13,T_2000,_T,PT_B1GQ,A,0.0
2017,KIR,TAX_REV,S13,T_2000,_T,PT_B1GQ,A,0.0
2018,KIR,TAX_REV,S13,T_2000,_T,PT_B1GQ,A,0.0
2019,KIR,TAX_REV,S13,T_2000,_T,PT_B1GQ,A,0.0
2020,KIR,TAX_REV,S13,T_2000,_T,PT_B1GQ,A,0.0
2021,KIR,TAX_REV,S13,T_2000,_T,PT_B1GQ,A,0.0
2022,KIR,TAX_REV,S13,T_2000,_T,PT_B1GQ,A,0.0
2023,KIR,TAX_REV,S13,T_2000,_T,PT_B1GQ,A,0.0
2014,LSO,TAX_REV,S13,T_2000,_T,PT_B1GQ,A,0.0
2015,LSO,TAX_REV,S13,T_2000,_T,PT_B1GQ,A,0.0
2016,LSO,TAX_REV,S13,T_2000,_T,PT_B1GQ,A,0.0
2017,LSO,TAX_REV,S13,T_2000,_T,PT_B1GQ,A,0.0
2018,LSO,TAX_REV,S13,T_2000,_T,PT_B1GQ,A,0.0
2019,LSO,TAX_REV,S13,T_2000,_T,PT_B1GQ,A,0.0
2020,LSO,TAX_REV,S13,T_2000,_T,PT_B1GQ,A,0.0
2021,LSO,TAX_REV,S13,T_2000,_T,PT_B1GQ,A,0.0
2022,LSO,TAX_REV,S13,T_2000,_T,PT_B1GQ,A,0.0
2014,MWI,TAX_REV,S13,T_2000,_T,PT_B1GQ,A,0.0
2015,MWI,TAX_REV,S13,T_2000,_T,PT_B1GQ,A,0.0
2016,MWI,TAX_REV,S13,T_2000,_T,PT_B1GQ,A,0.0
2017,MWI,TAX_REV,S13,T_2000,_T,PT_B1GQ,A,0.0
2018,MWI,TAX_REV,S13,T_2000,_T,PT_B1GQ,A,0.0
2019,MWI,TAX_REV,S13,T_2000,_T,PT_B1GQ,A,0.0
2020,MWI,TAX_REV,S13,T_2000,_T,PT_B1GQ,A,0.0
2021,MWI,TAX_REV,S13,T_2000,_T,PT_B1GQ,A,0.0
2022,MWI,TAX_REV,S13,T_2000,_T,PT_B1GQ,A,0.0
2014,MDV,TAX_REV,S13,T_2000,_T,PT_B1GQ,A,0.0
2015,MDV,TAX_REV,S13,T_2000,_T,PT_B1GQ,A,0.0
2016,MDV,TAX_REV,S13,T_2000,_T,PT_B1GQ,A,0.0
2017,MDV,TAX_REV,S13,T_2000,_T,PT_B1GQ,A,0.0
2018,MDV,TAX_REV,S13,T_2000,_T,PT_B1GQ,A,0.0
2019,MDV,TAX_REV,S13,T_2000,_T,PT_B1GQ,A,0.0
2020,MDV,TAX_REV,S13,T_2000,_T,PT_B1GQ,A,0.0
2021,MDV,TAX_REV,S13,T_2000,_T,PT_B1GQ,A,0.0
2022,MDV,TAX_REV,S13,T_2000,_T,PT_B1GQ,A,0.0
2023,MDV,TAX_REV,S13,T_2000,_T,PT_B1GQ,A,0.0
2014,VUT,TAX_REV,S13,T_2000,_T,PT_B1GQ,A,0.0
2015,VUT,TAX_REV,S13,T_2000,_T,PT_B1GQ,A,0.0
2016,VUT,TAX_REV,S13,T_2000,_T,PT_B1GQ,A,0.0
2017,VUT,TAX_REV,S13,T_2000,_T,PT_B1GQ,A,0.0
2018,VUT,TAX_REV,S13,T_2000,_T,PT_B1GQ,A,0.0
2019,VUT,TAX_REV,S13,T_2000,_T,PT_B1GQ,A,0.0
2020,VUT,TAX_REV,S13,T_2000,_T,PT_B1GQ,A,0.0
2021,VUT,TAX_REV,S13,T_2000,_T,PT_B1GQ,A,0.0
2022,VUT,TAX_REV,S13,T_2000,_T,PT_B1GQ,A,0.0
2023,VUT,TAX_REV,S13,T_2000,_T,PT_B1GQ,A,0.0
2014,KIR,TAX_REV,S13,T_4000,_T,PT_B1GQ,A,0.0
2015,KIR,TAX_REV,S13,T_4000,_T,PT_B1GQ,A,0.0
2016,KIR,TAX_REV,S13,T_4000,_T,PT_B1GQ,A,0.0
2017,KIR,TAX_REV,S13,T_4000,_T,PT_B1GQ,A,0.0
2018,KIR,TAX_REV,S13,T_4000,_T,PT_B1GQ,A,0.0
2019,KIR,TAX_REV,S13,T_4000,_T,PT_B1GQ,A,0.0
2020,KIR,TAX_REV,S13,T_4000,_T,PT_B1GQ,A,0.0
2021,KIR,TAX_REV,S13,T_4000,_T,PT_B1GQ,A,0.0
2022,KIR,TAX_REV,S13,T_4000,_T,PT_B1GQ,A,0.0
2023,KIR,TAX_REV,S13,T_4000,_T,PT_B1GQ,A,0.0
2014,MYS,TAX_REV,S13,T_4000,_T,PT_B1GQ,A,0.0
2015,MYS,TAX_REV,S13,T_4000,_T,PT_B1GQ,A,0.0
2016,MYS,TAX_REV,S13,T_4000,_T,PT_B1GQ,A,0.0
2017,MYS,TAX_REV,S13,T_4000,_T,PT_B1GQ,A,0.0
2018,MYS,TAX_REV,S13,T_4000,_T,PT_B1GQ,A,0.0
2019,MYS,TAX_REV,S13,T_4000,_T,PT_B1GQ,A,0.0
2020,MYS,TAX_REV,S13,T_4000,_T,PT_B1GQ,A,0.0
2021,MYS,TAX_REV,S13,T_4000,_T,PT_B1GQ,A,0.0
2022,MYS,TAX_REV,S13,T_4000,_T,PT_B1GQ,A,0.0
2023,MYS,TAX_REV,S13,T_4000,_T,PT_B1GQ,A,0.0
2014,VUT,TAX_REV,S13,T_1000,_T,PT_B1GQ,A,0.0
2015,VUT,TAX_REV,S13,T_1000,_T,PT_B1GQ,A,0.0
2016,VUT,TAX_REV,S13,T_1000,_T,PT_B1GQ,A,0.0
2017,VUT,TAX_REV,S13,T_1000,_T,PT_B1GQ,A,0.0
2018,VUT,TAX_REV,S13,T_1000,_T,PT_B1GQ,A,0.0
2019,VUT,TAX_REV,S13,T_1000,_T,PT_B1GQ,A,0.0
2020,VUT,TAX_REV,S13,T_1000,_T,PT_B1GQ,A,0.0
2021,VUT,TAX_REV,S13,T_1000,_T,PT_B1GQ,A,0.0
2022,VUT,TAX_REV,S13,T_1000,_T,PT_B1GQ,A,0.0
2023,VUT,TAX_REV,S13,T_1000,_T,PT_B1GQ,A,0.0
2020,AUS,TAX_REV,S13,_T,_T,PT_B1GQ,A,28.251
2020,AUS,TAX_REV,S13,T_4000,_T,PT_B1GQ,A,2.849
2020,AUS,TAX_REV,S13,T_5000,_T,PT_B1GQ,A,7.487
2020,AUS,TAX_REV,S13,T_1000,_T,PT_B1GQ,A,16.652
2021,AUS,TAX_REV,S13,T_1000,_T,PT_B1GQ,A,17.929
2021,AUS,TAX_REV,S13,T_5000,_T,PT_B1GQ,A,6.789
2021,AUS,TAX_REV,S13,T_4000,_T,PT_B1GQ,A,3.178
2021,AUS,TAX_REV,S13,_T,_T,PT_B1GQ,A,29.155
2022,AUS,TAX_REV,S13,_T,_T,PT_B1GQ,A,29.398
2022,AUS,TAX_REV,S13,T_4000,_T,PT_B1GQ,A,2.728
2022,AUS,TAX_REV,S13,T_5000,_T,PT_B1GQ,A,6.991
2022,AUS,TAX_REV,S13,T_1000,_T,PT_B1GQ,A,18.3
2017,UGA,TAX_REV,S13,T_4000,_T,PT_B1GQ,A,0.042
2017,UGA,TAX_REV,S13,T_1000,_T,PT_B1GQ,A,3.959
2017,UGA,TAX_REV,S13,T_5000,_T,PT_B1GQ,A,7.368
2017,UGA,TAX_REV,S13,_T,_T,PT_B1GQ,A,11.424
2018,UGA,TAX_REV,S13,_T,_T,PT_B1GQ,A,11.674
2018,UGA,TAX_REV,S13,T_5000,_T,PT_B1GQ,A,7.598
2018,UGA,TAX_REV,S13,T_1000,_T,PT_B1GQ,A,4.001
2018,UGA,TAX_REV,S13,T_4000,_T,PT_B1GQ,A,0.047
2019,UGA,TAX_REV,S13,T_4000,_T,PT_B1GQ,A,0.173
2019,UGA,TAX_REV,S13,T_1000,_T,PT_B1GQ,A,4.253
2019,UGA,TAX_REV,S13,T_5000,_T,PT_B1GQ,A,7.66
2019,UGA,TAX_REV,S13,_T,_T,PT_B1GQ,A,12.082
2020,UGA,TAX_REV,S13,_T,_T,PT_B1GQ,A,11.391
2020,UGA,TAX_REV,S13,T_5000,_T,PT_B1GQ,A,6.942
2020,UGA,TAX_REV,S13,T_1000,_T,PT_B1GQ,A,4.285
2020,UGA,TAX_REV,S13,T_4000,_T,PT_B1GQ,A,0.128
2021,UGA,TAX_REV,S13,T_4000,_T,PT_B1GQ,A,0.171
2021,UGA,TAX_REV,S13,T_1000,_T,PT_B1GQ,A,4.608
2021,UGA,TAX_REV,S13,T_5000,_T,PT_B1GQ,A,7.723
2021,UGA,TAX_REV,S13,_T,_T,PT_B1GQ,A,12.535
2022,UGA,TAX_REV,S13,_T,_T,PT_B1GQ,A,12.503
2022,UGA,TAX_REV,S13,T_5000,_T,PT_B1GQ,A,7.761
2022,UGA,TAX_REV,S13,T_1000,_T,PT_B1GQ,A,4.551
2022,UGA,TAX_REV,S13,T_4000,_T,PT_B1GQ,A,0.182
2014,KIR,TAX_REV,S13,_T,_T,PT_B1GQ,A,10.869
2014,KIR,TAX_REV,S13,T_1000,_T,PT_B1GQ,A,5.164
2014,KIR,TAX_REV,S13,T_5000,_T,PT_B1GQ,A,5.705
2015,KIR,TAX_REV,S13,T_5000,_T,PT_B1GQ,A,8.127
2015,KIR,TAX_REV,S13,T_1000,_T,PT_B1GQ,A,5.591
2015,KIR,TAX_REV,S13,_T,_T,PT_B1GQ,A,13.718
2016,KIR,TAX_REV,S13,_T,_T,PT_B1GQ,A,13.814
2016,KIR,TAX_REV,S13,T_1000,_T,PT_B1GQ,A,5.668
2016,KIR,TAX_REV,S13,T_5000,_T,PT_B1GQ,A,8.146
2017,KIR,TAX_REV,S13,T_5000,_T,PT_B1GQ,A,8.597
2017,KIR,TAX_REV,S13,T_1000,_T,PT_B1GQ,A,6.188
2017,KIR,TAX_REV,S13,_T,_T,PT_B1GQ,A,14.785
2018,KIR,TAX_REV,S13,_T,_T,PT_B1GQ,A,15.731
2018,KIR,TAX_REV,S13,T_1000,_T,PT_B1GQ,A,6.582
2018,KIR,TAX_REV,S13,T_5000,_T,PT_B1GQ,A,9.149
2019,KIR,TAX_REV,S13,T_5000,_T,PT_B1GQ,A,8.954
2019,KIR,TAX_REV,S13,T_1000,_T,PT_B1GQ,A,6.886
2019,KIR,TAX_REV,S13,_T,_T,PT_B1GQ,A,15.84
2020,KIR,TAX_REV,S13,_T,_T,PT_B1GQ,A,16.091
2020,KIR,TAX_REV,S13,T_1000,_T,PT_B1GQ,A,6.875
2020,KIR,TAX_REV,S13,T_5000,_T,PT_B1GQ,A,9.216
2021,KIR,TAX_REV,S13,T_5000,_T,PT_B1GQ,A,10.445
2021,KIR,TAX_REV,S13,T_1000,_T,PT_B1GQ,A,6.927
2021,KIR,TAX_REV,S13,_T,_T,PT_B1GQ,A,17.372
2022,KIR,TAX_REV,S13,_T,_T,PT_B1GQ,A,16.372
2022,KIR,TAX_REV,S13,T_1000,_T,PT_B1GQ,A,6.984
2022,KIR,TAX_REV,S13,T_5000,_T,PT_B1GQ,A,9.389
2023,KIR,TAX_REV,S13,T_5000,_T,PT_B1GQ,A,10.428
2023,KIR,TAX_REV,S13,T_1000,_T,PT_B1GQ,A,6.481
2023,KIR,TAX_REV,S13,_T,_T,PT_B1GQ,A,16.91
2014,F,TAX_REV,S13,_T,_T,PT_B1GQ,A,15.326
2014,F,TAX_REV,S13,T_4000,_T,PT_B1GQ,A,0.318
2014,F,TAX_REV,S13,T_1000,_T,PT_B1GQ,A,5.942
2014,F,TAX_REV,S13,T_2000,_T,PT_B1GQ,A,1.196
2014,F,TAX_REV,S13,T_5000,_T,PT_B1GQ,A,7.907
2015,F,TAX_REV,S13,T_5000,_T,PT_B1GQ,A,8.085
2015,F,TAX_REV,S13,T_2000,_T,PT_B1GQ,A,1.206
2015,F,TAX_REV,S13,T_1000,_T,PT_B1GQ,A,5.735
2015,F,TAX_REV,S13,T_4000,_T,PT_B1GQ,A,0.336
2015,F,TAX_REV,S13,_T,_T,PT_B1GQ,A,15.33
2016,F,TAX_REV,S13,_T,_T,PT_B1GQ,A,15.003
2016,F,TAX_REV,S13,T_4000,_T,PT_B1GQ,A,0.318
2016,F,TAX_REV,S13,T_1000,_T,PT_B1GQ,A,5.54
2016,F,TAX_REV,S13,T_2000,_T,PT_B1GQ,A,1.279
2016,F,TAX_REV,S13,T_5000,_T,PT_B1GQ,A,7.928
2017,F,TAX_REV,S13,T_5000,_T,PT_B1GQ,A,7.851
2017,F,TAX_REV,S13,T_2000,_T,PT_B1GQ,A,1.284
2017,F,TAX_REV,S13,T_1000,_T,PT_B1GQ,A,5.521
2017,F,TAX_REV,S13,T_4000,_T,PT_B1GQ,A,0.3
2017,F,TAX_REV,S13,_T,_T,PT_B1GQ,A,14.897
2018,F,TAX_REV,S13,_T,_T,PT_B1GQ,A,15.153
2018,F,TAX_REV,S13,T_4000,_T,PT_B1GQ,A,0.305
2018,F,TAX_REV,S13,T_1000,_T,PT_B1GQ,A,5.609
2018,F,TAX_REV,S13,T_2000,_T,PT_B1GQ,A,1.288
2018,F,TAX_REV,S13,T_5000,_T,PT_B1GQ,A,7.931
2019,F,TAX_REV,S13,T_5000,_T,PT_B1GQ,A,8.011
2019,F,TAX_REV,S13,T_2000,_T,PT_B1GQ,A,1.331
2019,F,TAX_REV,S13,T_1000,_T,PT_B1GQ,A,5.851
2019,F,TAX_REV,S13,T_4000,_T,PT_B1GQ,A,0.307
2019,F,TAX_REV,S13,_T,_T,PT_B1GQ,A,15.52
2020,F,TAX_REV,S13,_T,_T,PT_B1GQ,A,15.237
2020,F,TAX_REV,S13,T_4000,_T,PT_B1GQ,A,0.301
2020,F,TAX_REV,S13,T_1000,_T,PT_B1GQ,A,5.885
2020,F,TAX_REV,S13,T_2000,_T,PT_B1GQ,A,1.421
2020,F,TAX_REV,S13,T_5000,_T,PT_B1GQ,A,7.6
2021,F,TAX_REV,S13,T_5000,_T,PT_B1GQ,A,7.932
2021,F,TAX_REV,S13,T_2000,_T,PT_B1GQ,A,1.374
2021,F,TAX_REV,S13,T_1000,_T,PT_B1GQ,A,5.879
2021,F,TAX_REV,S13,T_4000,_T,PT_B1GQ,A,0.286
2021,F,TAX_REV,S13,_T,_T,PT_B1GQ,A,15.498
2022,F,TAX_REV,S13,_T,_T,PT_B1GQ,A,15.985
2022,F,TAX_REV,S13,T_4000,_T,PT_B1GQ,A,0.267
2022,F,TAX_REV,S13,T_1000,_T,PT_B1GQ,A,6.258
2022,F,TAX_REV,S13,T_2000,_T,PT_B1GQ,A,1.379
2022,F,TAX_REV,S13,T_5000,_T,PT_B1GQ,A,8.053
2014,LSO,TAX_REV,S13,T_5000,_T,PT_B1GQ,A,7.727
2014,LSO,TAX_REV,S13,T_1000,_T,PT_B1GQ,A,11.19
2014,LSO,TAX_REV,S13,_T,_T,PT_B1GQ,A,18.916
2015,LSO,TAX_REV,S13,_T,_T,PT_B1GQ,A,19.345
2015,LSO,TAX_REV,S13,T_1000,_T,PT_B1GQ,A,12.028
2015,LSO,TAX_REV,S13,T_5000,_T,PT_B1GQ,A,7.316
2016,LSO,TAX_REV,S13,T_5000,_T,PT_B1GQ,A,7.29
2016,LSO,TAX_REV,S13,T_1000,_T,PT_B1GQ,A,12.042
2016,LSO,TAX_REV,S13,_T,_T,PT_B1GQ,A,19.332
2017,LSO,TAX_REV,S13,_T,_T,PT_B1GQ,A,19.344
2017,LSO,TAX_REV,S13,T_1000,_T,PT_B1GQ,A,11.348
2017,LSO,TAX_REV,S13,T_5000,_T,PT_B1GQ,A,7.996
2018,LSO,TAX_REV,S13,T_5000,_T,PT_B1GQ,A,9.367
2018,LSO,TAX_REV,S13,T_1000,_T,PT_B1GQ,A,12.067
2018,LSO,TAX_REV,S13,_T,_T,PT_B1GQ,A,21.434
2019,LSO,TAX_REV,S13,_T,_T,PT_B1GQ,A,21.097
2019,LSO,TAX_REV,S13,T_1000,_T,PT_B1GQ,A,11.805
2019,LSO,TAX_REV,S13,T_5000,_T,PT_B1GQ,A,9.292
2020,LSO,TAX_REV,S13,T_5000,_T,PT_B1GQ,A,8.843
2020,LSO,TAX_REV,S13,T_1000,_T,PT_B1GQ,A,10.932
2020,LSO,TAX_REV,S13,_T,_T,PT_B1GQ,A,19.775
2021,LSO,TAX_REV,S13,_T,_T,PT_B1GQ,A,21.717
2021,LSO,TAX_REV,S13,T_1000,_T,PT_B1GQ,A,11.546
2021,LSO,TAX_REV,S13,T_5000,_T,PT_B1GQ,A,10.17
2022,LSO,TAX_REV,S13,T_5000,_T,PT_B1GQ,A,10.362
2022,LSO,TAX_REV,S13,T_1000,_T,PT_B1GQ,A,10.951
2022,LSO,TAX_REV,S13,_T,_T,PT_B1GQ,A,21.313
2014,VUT,TAX_REV,S13,T_4000,_T,PT_B1GQ,A,0.573
2014,VUT,TAX_REV,S13,T_5000,_T,PT_B1GQ,A,17.75
2014,VUT,TAX_REV,S13,_T,_T,PT_B1GQ,A,18.323
2015,VUT,TAX_REV,S13,_T,_T,PT_B1GQ,A,16.919
2015,VUT,TAX_REV,S13,T_5000,_T,PT_B1GQ,A,16.415
2015,VUT,TAX_REV,S13,T_4000,_T,PT_B1GQ,A,0.504
2016,VUT,TAX_REV,S13,T_4000,_T,PT_B1GQ,A,0.452
2016,VUT,TAX_REV,S13,T_5000,_T,PT_B1GQ,A,15.277
2016,VUT,TAX_REV,S13,_T,_T,PT_B1GQ,A,15.73
2017,VUT,TAX_REV,S13,_T,_T,PT_B1GQ,A,17.125
2017,VUT,TAX_REV,S13,T_5000,_T,PT_B1GQ,A,16.61
2017,VUT,TAX_REV,S13,T_4000,_T,PT_B1GQ,A,0.514
2018,VUT,TAX_REV,S13,T_4000,_T,PT_B1GQ,A,0.562
2018,VUT,TAX_REV,S13,T_5000,_T,PT_B1GQ,A,17.276
2018,VUT,TAX_REV,S13,_T,_T,PT_B1GQ,A,17.838
2019,VUT,TAX_REV,S13,_T,_T,PT_B1GQ,A,16.989
2019,VUT,TAX_REV,S13,T_5000,_T,PT_B1GQ,A,16.385
2019,VUT,TAX_REV,S13,T_4000,_T,PT_B1GQ,A,0.603
2020,VUT,TAX_REV,S13,T_4000,_T,PT_B1GQ,A,0.472
2020,VUT,TAX_REV,S13,T_5000,_T,PT_B1GQ,A,13.568
2020,VUT,TAX_REV,S13,_T,_T,PT_B1GQ,A,14.04
2021,VUT,TAX_REV,S13,_T,_T,PT_B1GQ,A,11.097
2021,VUT,TAX_REV,S13,T_5000,_T,PT_B1GQ,A,10.809
2021,VUT,TAX_REV,S13,T_4000,_T,PT_B1GQ,A,0.288
2022,VUT,TAX_REV,S13,T_4000,_T,PT_B1GQ,A,0.383
2022,VUT,TAX_REV,S13,T_5000,_T,PT_B1GQ,A,15.401
2022,VUT,TAX_REV,S13,_T,_T,PT_B1GQ,A,15.784
2023,VUT,TAX_REV,S13,_T,_T,PT_B1GQ,A,18.583
2023,VUT,TAX_REV,S13,T_5000,_T,PT_B1GQ,A,18.204
2023,VUT,TAX_REV,S13,T_4000,_T,PT_B1GQ,A,0.378
2014,MDV,TAX_REV,S13,T_4000,_T,PT_B1GQ,A,0.054
2014,MDV,TAX_REV,S13,_T,_T,PT_B1GQ,A,18.835
2014,MDV,TAX_REV,S13,T_5000,_T,PT_B1GQ,A,13.587
2014,MDV,TAX_REV,S13,T_1000,_T,PT_B1GQ,A,5.194
2015,MDV,TAX_REV,S13,T_1000,_T,PT_B1GQ,A,5.021
2015,MDV,TAX_REV,S13,T_5000,_T,PT_B1GQ,A,14.081
2015,MDV,TAX_REV,S13,_T,_T,PT_B1GQ,A,19.154
2015,MDV,TAX_REV,S13,T_4000,_T,PT_B1GQ,A,0.052
2016,MDV,TAX_REV,S13,T_4000,_T,PT_B1GQ,A,0.036
2016,MDV,TAX_REV,S13,_T,_T,PT_B1GQ,A,19.441
2016,MDV,TAX_REV,S13,T_5000,_T,PT_B1GQ,A,14.624
2016,MDV,TAX_REV,S13,T_1000,_T,PT_B1GQ,A,4.78
2017,MDV,TAX_REV,S13,T_1000,_T,PT_B1GQ,A,4.489
2017,MDV,TAX_REV,S13,T_5000,_T,PT_B1GQ,A,15.109
2017,MDV,TAX_REV,S13,_T,_T,PT_B1GQ,A,19.729
2017,MDV,TAX_REV,S13,T_4000,_T,PT_B1GQ,A,0.13
2018,MDV,TAX_REV,S13,T_4000,_T,PT_B1GQ,A,0.048
2018,MDV,TAX_REV,S13,_T,_T,PT_B1GQ,A,18.887
2018,MDV,TAX_REV,S13,T_5000,_T,PT_B1GQ,A,14.902
2018,MDV,TAX_REV,S13,T_1000,_T,PT_B1GQ,A,3.937
2019,MDV,TAX_REV,S13,T_1000,_T,PT_B1GQ,A,3.988
2019,MDV,TAX_REV,S13,T_5000,_T,PT_B1GQ,A,14.583
2019,MDV,TAX_REV,S13,_T,_T,PT_B1GQ,A,18.607
2019,MDV,TAX_REV,S13,T_4000,_T,PT_B1GQ,A,0.036
2020,MDV,TAX_REV,S13,T_4000,_T,PT_B1GQ,A,0.002
2020,MDV,TAX_REV,S13,_T,_T,PT_B1GQ,A,19.035
2020,MDV,TAX_REV,S13,T_5000,_T,PT_B1GQ,A,12.634
2020,MDV,TAX_REV,S13,T_1000,_T,PT_B1GQ,A,6.4
2021,MDV,TAX_REV,S13,T_1000,_T,PT_B1GQ,A,3.396
2021,MDV,TAX_REV,S13,T_5000,_T,PT_B1GQ,A,14.678
2021,MDV,TAX_REV,S13,_T,_T,PT_B1GQ,A,18.083
2021,MDV,TAX_REV,S13,T_4000,_T,PT_B1GQ,A,0.008
2022,MDV,TAX_REV,S13,T_4000,_T,PT_B1GQ,A,0.004
2022,MDV,TAX_REV,S13,_T,_T,PT_B1GQ,A,20.404
2022,MDV,TAX_REV,S13,T_5000,_T,PT_B1GQ,A,15.868
2022,MDV,TAX_REV,S13,T_1000,_T,PT_B1GQ,A,4.532
2023,MDV,TAX_REV,S13,T_1000,_T,PT_B1GQ,A,5.128
2023,MDV,TAX_REV,S13,T_5000,_T,PT_B1GQ,A,18.446
2023,MDV,TAX_REV,S13,_T,_T,PT_B1GQ,A,23.578
2023,MDV,TAX_REV,S13,T_4000,_T,PT_B1GQ,A,0.003
2014,ZMB,TAX_REV,S13,T_4000,_T,PT_B1GQ,A,0.12
2014,ZMB,TAX_REV,S13,T_5000,_T,PT_B1GQ,A,8.282
2014,ZMB,TAX_REV,S13,T_1000,_T,PT_B1GQ,A,6.88
2014,ZMB,TAX_REV,S13,_T,_T,PT_B1GQ,A,15.282
2015,ZMB,TAX_REV,S13,_T,_T,PT_B1GQ,A,14.289
2015,ZMB,TAX_REV,S13,T_1000,_T,PT_B1GQ,A,6.766
2015,ZMB,TAX_REV,S13,T_5000,_T,PT_B1GQ,A,7.35
2015,ZMB,TAX_REV,S13,T_4000,_T,PT_B1GQ,A,0.172
2016,ZMB,TAX_REV,S13,T_4000,_T,PT_B1GQ,A,0.155
2016,ZMB,TAX_REV,S13,T_5000,_T,PT_B1GQ,A,6.145
2016,ZMB,TAX_REV,S13,T_1000,_T,PT_B1GQ,A,6.732
2016,ZMB,TAX_REV,S13,_T,_T,PT_B1GQ,A,13.031
2017,ZMB,TAX_REV,S13,_T,_T,PT_B1GQ,A,14.894
2017,ZMB,TAX_REV,S13,T_1000,_T,PT_B1GQ,A,6.517
2017,ZMB,TAX_REV,S13,T_5000,_T,PT_B1GQ,A,8.204
2017,ZMB,TAX_REV,S13,T_4000,_T,PT_B1GQ,A,0.109
2018,ZMB,TAX_REV,S13,T_4000,_T,PT_B1GQ,A,0.079
2018,ZMB,TAX_REV,S13,T_5000,_T,PT_B1GQ,A,8.806
2018,ZMB,TAX_REV,S13,T_1000,_T,PT_B1GQ,A,7.218
2018,ZMB,TAX_REV,S13,_T,_T,PT_B1GQ,A,16.166
2019,ZMB,TAX_REV,S13,_T,_T,PT_B1GQ,A,16.215
2019,ZMB,TAX_REV,S13,T_1000,_T,PT_B1GQ,A,7.887
2019,ZMB,TAX_REV,S13,T_5000,_T,PT_B1GQ,A,8.145
2019,ZMB,TAX_REV,S13,T_4000,_T,PT_B1GQ,A,0.123
2020,ZMB,TAX_REV,S13,T_4000,_T,PT_B1GQ,A,0.101
2020,ZMB,TAX_REV,S13,T_5000,_T,PT_B1GQ,A,6.916
2020,ZMB,TAX_REV,S13,T_1000,_T,PT_B1GQ,A,8.64
2020,ZMB,TAX_REV,S13,_T,_T,PT_B1GQ,A,15.708
2021,ZMB,TAX_REV,S13,_T,_T,PT_B1GQ,A,16.15
2021,ZMB,TAX_REV,S13,T_1000,_T,PT_B1GQ,A,9.477
2021,ZMB,TAX_REV,S13,T_5000,_T,PT_B1GQ,A,6.539
2021,ZMB,TAX_REV,S13,T_4000,_T,PT_B1GQ,A,0.084
2022,ZMB,TAX_REV,S13,T_4000,_T,PT_B1GQ,A,0.09
2022,ZMB,TAX_REV,S13,T_5000,_T,PT_B1GQ,A,6.461
2022,ZMB,TAX_REV,S13,T_1000,_T,PT_B1GQ,A,9.562
2022,ZMB,TAX_REV,S13,_T,_T,PT_B1GQ,A,16.158
2014,MWI,TAX_REV,S13,T_1000,_T,PT_B1GQ,A,5.684
2014,MWI,TAX_REV,S13,T_5000,_T,PT_B1GQ,A,6.998
2014,MWI,TAX_REV,S13,_T,_T,PT_B1GQ,A,12.697
2015,MWI,TAX_REV,S13,_T,_T,PT_B1GQ,A,11.951
2015,MWI,TAX_REV,S13,T_5000,_T,PT_B1GQ,A,6.123
2015,MWI,TAX_REV,S13,T_1000,_T,PT_B1GQ,A,5.815
2016,MWI,TAX_REV,S13,T_1000,_T,PT_B1GQ,A,5.822
2016,MWI,TAX_REV,S13,T_5000,_T,PT_B1GQ,A,6.184
2016,MWI,TAX_REV,S13,_T,_T,PT_B1GQ,A,12.018
2017,MWI,TAX_REV,S13,_T,_T,PT_B1GQ,A,13.172
2017,MWI,TAX_REV,S13,T_5000,_T,PT_B1GQ,A,6.754
2017,MWI,TAX_REV,S13,T_1000,_T,PT_B1GQ,A,6.39
2018,MWI,TAX_REV,S13,T_1000,_T,PT_B1GQ,A,6.149
2018,MWI,TAX_REV,S13,T_5000,_T,PT_B1GQ,A,6.642
2018,MWI,TAX_REV,S13,_T,_T,PT_B1GQ,A,12.797
2019,MWI,TAX_REV,S13,_T,_T,PT_B1GQ,A,12.538
2019,MWI,TAX_REV,S13,T_5000,_T,PT_B1GQ,A,6.567
2019,MWI,TAX_REV,S13,T_1000,_T,PT_B1GQ,A,5.962
2020,MWI,TAX_REV,S13,T_1000,_T,PT_B1GQ,A,5.947
2020,MWI,TAX_REV,S13,T_5000,_T,PT_B1GQ,A,6.625
2020,MWI,TAX_REV,S13,_T,_T,PT_B1GQ,A,12.573
2021,MWI,TAX_REV,S13,_T,_T,PT_B1GQ,A,12.351
2021,MWI,TAX_REV,S13,T_5000,_T,PT_B1GQ,A,6.595
2021,MWI,TAX_REV,S13,T_1000,_T,PT_B1GQ,A,5.746
2022,MWI,TAX_REV,S13,T_1000,_T,PT_B1GQ,A,5.666
2022,MWI,TAX_REV,S13,T_5000,_T,PT_B1GQ,A,6.843
2022,MWI,TAX_REV,S13,_T,_T,PT_B1GQ,A,12.521
2014,LAO,TAX_REV,S13,T_1000,_T,PT_B1GQ,A,2.733
2014,LAO,TAX_REV,S13,T_5000,_T,PT_B1GQ,A,9.445
2014,LAO,TAX_REV,S13,_T,_T,PT_B1GQ,A,12.285
2014,LAO,TAX_REV,S13,T_4000,_T,PT_B1GQ,A,0.107
2015,LAO,TAX_REV,S13,T_4000,_T,PT_B1GQ,A,0.111
2015,LAO,TAX_REV,S13,_T,_T,PT_B1GQ,A,12.553
2015,LAO,TAX_REV,S13,T_5000,_T,PT_B1GQ,A,9.588
2015,LAO,TAX_REV,S13,T_1000,_T,PT_B1GQ,A,2.854
2016,LAO,TAX_REV,S13,T_1000,_T,PT_B1GQ,A,2.61
2016,LAO,TAX_REV,S13,T_5000,_T,PT_B1GQ,A,9.215
2016,LAO,TAX_REV,S13,_T,_T,PT_B1GQ,A,11.907
2016,LAO,TAX_REV,S13,T_4000,_T,PT_B1GQ,A,0.081
2017,LAO,TAX_REV,S13,T_4000,_T,PT_B1GQ,A,0.08
2017,LAO,TAX_REV,S13,_T,_T,PT_B1GQ,A,11.039
2017,LAO,TAX_REV,S13,T_5000,_T,PT_B1GQ,A,8.413
2017,LAO,TAX_REV,S13,T_1000,_T,PT_B1GQ,A,2.546
2018,LAO,TAX_REV,S13,T_1000,_T,PT_B1GQ,A,2.423
2018,LAO,TAX_REV,S13,T_5000,_T,PT_B1GQ,A,8.322
2018,LAO,TAX_REV,S13,_T,_T,PT_B1GQ,A,10.868
2018,LAO,TAX_REV,S13,T_4000,_T,PT_B1GQ,A,0.123
2019,LAO,TAX_REV,S13,T_4000,_T,PT_B1GQ,A,0.123
2019,LAO,TAX_REV,S13,_T,_T,PT_B1GQ,A,10.538
2019,LAO,TAX_REV,S13,T_5000,_T,PT_B1GQ,A,8.05
2019,LAO,TAX_REV,S13,T_1000,_T,PT_B1GQ,A,2.364
2020,LAO,TAX_REV,S13,T_1000,_T,PT_B1GQ,A,1.896
2020,LAO,TAX_REV,S13,T_5000,_T,PT_B1GQ,A,7.163
2020,LAO,TAX_REV,S13,_T,_T,PT_B1GQ,A,9.171
2020,LAO,TAX_REV,S13,T_4000,_T,PT_B1GQ,A,0.112
2021,LAO,TAX_REV,S13,T_4000,_T,PT_B1GQ,A,0.094
2021,LAO,TAX_REV,S13,_T,_T,PT_B1GQ,A,9.603
2021,LAO,TAX_REV,S13,T_5000,_T,PT_B1GQ,A,7.17
2021,LAO,TAX_REV,S13,T_1000,_T,PT_B1GQ,A,2.339
2022,LAO,TAX_REV,S13,T_1000,_T,PT_B1GQ,A,2.84
2022,LAO,TAX_REV,S13,T_5000,_T,PT_B1GQ,A,7.394
2022,LAO,TAX_REV,S13,_T,_T,PT_B1GQ,A,10.321
2022,LAO,TAX_REV,S13,T_4000,_T,PT_B1GQ,A,0.087
2023,LAO,TAX_REV,S13,T_4000,_T,PT_B1GQ,A,0.068
2023,LAO,TAX_REV,S13,_T,_T,PT_B1GQ,A,10.993
2023,LAO,TAX_REV,S13,T_5000,_T,PT_B1GQ,A,7.992
2023,LAO,TAX_REV,S13,T_1000,_T,PT_B1GQ,A,2.933
2014,HKG,TAX_REV,S13,T_1000,_T,PT_B1GQ,A,8.797
2014,HKG,TAX_REV,S13,T_4000,_T,PT_B1GQ,A,4.365
2014,HKG,TAX_REV,S13,_T,_T,PT_B1GQ,A,15.417
2014,HKG,TAX_REV,S13,T_5000,_T,PT_B1GQ,A,1.802
2015,HKG,TAX_REV,S13,T_5000,_T,PT_B1GQ,A,1.766
2015,HKG,TAX_REV,S13,_T,_T,PT_B1GQ,A,14.266
2015,HKG,TAX_REV,S13,T_4000,_T,PT_B1GQ,A,3.661
2015,HKG,TAX_REV,S13,T_1000,_T,PT_B1GQ,A,8.399
2016,HKG,TAX_REV,S13,T_1000,_T,PT_B1GQ,A,8.04
2016,HKG,TAX_REV,S13,T_4000,_T,PT_B1GQ,A,3.418
2016,HKG,TAX_REV,S13,_T,_T,PT_B1GQ,A,13.744
2016,HKG,TAX_REV,S13,T_5000,_T,PT_B1GQ,A,1.656
2017,HKG,TAX_REV,S13,T_5000,_T,PT_B1GQ,A,1.622
2017,HKG,TAX_REV,S13,_T,_T,PT_B1GQ,A,14.067
2017,HKG,TAX_REV,S13,T_4000,_T,PT_B1GQ,A,4.456
2017,HKG,TAX_REV,S13,T_1000,_T,PT_B1GQ,A,7.569
2018,HKG,TAX_REV,S13,T_1000,_T,PT_B1GQ,A,8.049
2018,HKG,TAX_REV,S13,T_4000,_T,PT_B1GQ,A,3.488
2018,HKG,TAX_REV,S13,_T,_T,PT_B1GQ,A,13.497
2018,HKG,TAX_REV,S13,T_5000,_T,PT_B1GQ,A,1.561
2019,HKG,TAX_REV,S13,T_5000,_T,PT_B1GQ,A,1.481
2019,HKG,TAX_REV,S13,_T,_T,PT_B1GQ,A,12.179
2019,HKG,TAX_REV,S13,T_4000,_T,PT_B1GQ,A,3.138
2019,HKG,TAX_REV,S13,T_1000,_T,PT_B1GQ,A,7.283
2020,HKG,TAX_REV,S13,T_1000,_T,PT_B1GQ,A,7.947
2020,HKG,TAX_REV,S13,T_4000,_T,PT_B1GQ,A,4.106
2020,HKG,TAX_REV,S13,_T,_T,PT_B1GQ,A,13.788
2020,HKG,TAX_REV,S13,T_5000,_T,PT_B1GQ,A,1.445
2021,HKG,TAX_REV,S13,T_5000,_T,PT_B1GQ,A,1.509
2021,HKG,TAX_REV,S13,_T,_T,PT_B1GQ,A,14.603
2021,HKG,TAX_REV,S13,T_4000,_T,PT_B1GQ,A,4.203
2021,HKG,TAX_REV,S13,T_1000,_T,PT_B1GQ,A,8.526
2022,HKG,TAX_REV,S13,T_1000,_T,PT_B1GQ,A,9.091
2022,HKG,TAX_REV,S13,T_4000,_T,PT_B1GQ,A,3.244
2022,HKG,TAX_REV,S13,_T,_T,PT_B1GQ,A,14.143
2022,HKG,TAX_REV,S13,T_5000,_T,PT_B1GQ,A,1.507
2023,HKG,TAX_REV,S13,T_5000,_T,PT_B1GQ,A,1.552
2023,HKG,TAX_REV,S13,_T,_T,PT_B1GQ,A,13.087
2023,HKG,TAX_REV,S13,T_4000,_T,PT_B1GQ,A,2.67
2023,HKG,TAX_REV,S13,T_1000,_T,PT_B1GQ,A,8.469
2014,UKR,TAX_REV,S13,T_1000,_T,PT_B1GQ,A,7.272
2014,UKR,TAX_REV,S13,_T,_T,PT_B1GQ,A,32.374
2014,UKR,TAX_REV,S13,T_5000,_T,PT_B1GQ,A,13.611
2014,UKR,TAX_REV,S13,T_4000,_T,PT_B1GQ,A,0.011
2014,UKR,TAX_REV,S13,T_2000,_T,PT_B1GQ,A,11.414
2015,UKR,TAX_REV,S13,T_2000,_T,PT_B1GQ,A,9.338
2015,UKR,TAX_REV,S13,T_4000,_T,PT_B1GQ,A,0.783
2015,UKR,TAX_REV,S13,T_5000,_T,PT_B1GQ,A,16.144
2015,UKR,TAX_REV,S13,_T,_T,PT_B1GQ,A,33.263
2015,UKR,TAX_REV,S13,T_1000,_T,PT_B1GQ,A,6.992
2016,UKR,TAX_REV,S13,T_1000,_T,PT_B1GQ,A,8.343
2016,UKR,TAX_REV,S13,_T,_T,PT_B1GQ,A,30.901
2016,UKR,TAX_REV,S13,T_5000,_T,PT_B1GQ,A,15.994
2016,UKR,TAX_REV,S13,T_4000,_T,PT_B1GQ,A,1.037
2016,UKR,TAX_REV,S13,T_2000,_T,PT_B1GQ,A,5.526
2017,UKR,TAX_REV,S13,T_2000,_T,PT_B1GQ,A,6.065
2017,UKR,TAX_REV,S13,T_4000,_T,PT_B1GQ,A,0.966
2017,UKR,TAX_REV,S13,T_5000,_T,PT_B1GQ,A,16.447
2017,UKR,TAX_REV,S13,_T,_T,PT_B1GQ,A,32.169
2017,UKR,TAX_REV,S13,T_1000,_T,PT_B1GQ,A,8.69
2018,UKR,TAX_REV,S13,T_1000,_T,PT_B1GQ,A,9.44
2018,UKR,TAX_REV,S13,_T,_T,PT_B1GQ,A,32.957
2018,UKR,TAX_REV,S13,T_5000,_T,PT_B1GQ,A,16.243
2018,UKR,TAX_REV,S13,T_4000,_T,PT_B1GQ,A,0.87
2018,UKR,TAX_REV,S13,T_2000,_T,PT_B1GQ,A,6.405
2019,UKR,TAX_REV,S13,T_2000,_T,PT_B1GQ,A,6.876
2019,UKR,TAX_REV,S13,T_4000,_T,PT_B1GQ,A,0.948
2019,UKR,TAX_REV,S13,T_5000,_T,PT_B1GQ,A,14.807
2019,UKR,TAX_REV,S13,_T,_T,PT_B1GQ,A,32.507
2019,UKR,TAX_REV,S13,T_1000,_T,PT_B1GQ,A,9.876
2020,UKR,TAX_REV,S13,T_1000,_T,PT_B1GQ,A,9.796
2020,UKR,TAX_REV,S13,_T,_T,PT_B1GQ,A,32.587
2020,UKR,TAX_REV,S13,T_5000,_T,PT_B1GQ,A,14.937
2020,UKR,TAX_REV,S13,T_4000,_T,PT_B1GQ,A,0.882
2020,UKR,TAX_REV,S13,T_2000,_T,PT_B1GQ,A,6.973
2021,UKR,TAX_REV,S13,T_2000,_T,PT_B1GQ,A,6.403
2021,UKR,TAX_REV,S13,T_4000,_T,PT_B1GQ,A,0.79
2021,UKR,TAX_REV,S13,T_5000,_T,PT_B1GQ,A,14.868
2021,UKR,TAX_REV,S13,_T,_T,PT_B1GQ,A,31.485
2021,UKR,TAX_REV,S13,T_1000,_T,PT_B1GQ,A,9.423
2022,UKR,TAX_REV,S13,T_1000,_T,PT_B1GQ,A,10.522
2022,UKR,TAX_REV,S13,_T,_T,PT_B1GQ,A,31.976
2022,UKR,TAX_REV,S13,T_5000,_T,PT_B1GQ,A,12.637
2022,UKR,TAX_REV,S13,T_4000,_T,PT_B1GQ,A,0.7
2022,UKR,TAX_REV,S13,T_2000,_T,PT_B1GQ,A,8.117
2023,UKR,TAX_REV,S13,T_2000,_T,PT_B1GQ,A,7.312
2023,UKR,TAX_REV,S13,T_4000,_T,PT_B1GQ,A,0.668
2023,UKR,TAX_REV,S13,T_5000,_T,PT_B1GQ,A,13.36
2023,UKR,TAX_REV,S13,_T,_T,PT_B1GQ,A,31.369
2023,UKR,TAX_REV,S13,T_1000,_T,PT_B1GQ,A,10.028
2014,FJI,TAX_REV,S13,T_4000,_T,PT_B1GQ,A,0.742
2014,FJI,TAX_REV,S13,_T,_T,PT_B1GQ,A,22.691
2014,FJI,TAX_REV,S13,T_5000,_T,PT_B1GQ,A,16.339
2014,FJI,TAX_REV,S13,T_1000,_T,PT_B1GQ,A,5.609
2015,FJI,TAX_REV,S13,T_1000,_T,PT_B1GQ,A,6.084
2015,FJI,TAX_REV,S13,T_5000,_T,PT_B1GQ,A,16.797
2015,FJI,TAX_REV,S13,_T,_T,PT_B1GQ,A,23.605
2015,FJI,TAX_REV,S13,T_4000,_T,PT_B1GQ,A,0.724
2016,FJI,TAX_REV,S13,T_4000,_T,PT_B1GQ,A,0.755
2016,FJI,TAX_REV,S13,_T,_T,PT_B1GQ,A,23.107
2016,FJI,TAX_REV,S13,T_5000,_T,PT_B1GQ,A,15.299
2016,FJI,TAX_REV,S13,T_1000,_T,PT_B1GQ,A,7.054
2017,FJI,TAX_REV,S13,T_1000,_T,PT_B1GQ,A,7.636
2017,FJI,TAX_REV,S13,T_5000,_T,PT_B1GQ,A,15.875
2017,FJI,TAX_REV,S13,_T,_T,PT_B1GQ,A,24.216
2017,FJI,TAX_REV,S13,T_4000,_T,PT_B1GQ,A,0.705
2018,FJI,TAX_REV,S13,T_4000,_T,PT_B1GQ,A,0.842
2018,FJI,TAX_REV,S13,_T,_T,PT_B1GQ,A,23.513
2018,FJI,TAX_REV,S13,T_5000,_T,PT_B1GQ,A,16.073
2018,FJI,TAX_REV,S13,T_1000,_T,PT_B1GQ,A,6.598
2019,FJI,TAX_REV,S13,T_1000,_T,PT_B1GQ,A,6.069
2019,FJI,TAX_REV,S13,T_5000,_T,PT_B1GQ,A,15.696
2019,FJI,TAX_REV,S13,_T,_T,PT_B1GQ,A,22.434
2019,FJI,TAX_REV,S13,T_4000,_T,PT_B1GQ,A,0.669
2020,FJI,TAX_REV,S13,T_4000,_T,PT_B1GQ,A,0.433
2020,FJI,TAX_REV,S13,_T,_T,PT_B1GQ,A,16.72
2020,FJI,TAX_REV,S13,T_5000,_T,PT_B1GQ,A,10.994
2020,FJI,TAX_REV,S13,T_1000,_T,PT_B1GQ,A,5.292
2021,FJI,TAX_REV,S13,T_1000,_T,PT_B1GQ,A,4.968
2021,FJI,TAX_REV,S13,T_5000,_T,PT_B1GQ,A,10.128
2021,FJI,TAX_REV,S13,_T,_T,PT_B1GQ,A,15.101
2021,FJI,TAX_REV,S13,T_4000,_T,PT_B1GQ,A,0.005
2022,FJI,TAX_REV,S13,T_4000,_T,PT_B1GQ,A,0.005
2022,FJI,TAX_REV,S13,_T,_T,PT_B1GQ,A,17.917
2022,FJI,TAX_REV,S13,T_5000,_T,PT_B1GQ,A,12.895
2022,FJI,TAX_REV,S13,T_1000,_T,PT_B1GQ,A,5.017
2023,FJI,TAX_REV,S13,T_1000,_T,PT_B1GQ,A,6.483
2023,FJI,TAX_REV,S13,T_5000,_T,PT_B1GQ,A,13.979
2023,FJI,TAX_REV,S13,_T,_T,PT_B1GQ,A,20.463
2023,FJI,TAX_REV,S13,T_4000,_T,PT_B1GQ,A,0.002
2014,GNQ,TAX_REV,S13,T_4000,_T,PT_B1GQ,A,0.003
2014,GNQ,TAX_REV,S13,T_2000,_T,PT_B1GQ,A,0.559
2014,GNQ,TAX_REV,S13,_T,_T,PT_B1GQ,A,9.756
2014,GNQ,TAX_REV,S13,T_5000,_T,PT_B1GQ,A,0.773
2014,GNQ,TAX_REV,S13,T_1000,_T,PT_B1GQ,A,8.281
2015,GNQ,TAX_REV,S13,T_1000,_T,PT_B1GQ,A,9.909
2015,GNQ,TAX_REV,S13,T_5000,_T,PT_B1GQ,A,1.236
2015,GNQ,TAX_REV,S13,_T,_T,PT_B1GQ,A,12.006
2015,GNQ,TAX_REV,S13,T_2000,_T,PT_B1GQ,A,0.755
2015,GNQ,TAX_REV,S13,T_4000,_T,PT_B1GQ,A,0.003
2016,GNQ,TAX_REV,S13,T_4000,_T,PT_B1GQ,A,0.005
2016,GNQ,TAX_REV,S13,T_2000,_T,PT_B1GQ,A,0.747
2016,GNQ,TAX_REV,S13,_T,_T,PT_B1GQ,A,7.089
2016,GNQ,TAX_REV,S13,T_5000,_T,PT_B1GQ,A,1.415
2016,GNQ,TAX_REV,S13,T_1000,_T,PT_B1GQ,A,4.757
2017,GNQ,TAX_REV,S13,T_1000,_T,PT_B1GQ,A,4.616
2017,GNQ,TAX_REV,S13,T_5000,_T,PT_B1GQ,A,1.245
2017,GNQ,TAX_REV,S13,_T,_T,PT_B1GQ,A,6.65
2017,GNQ,TAX_REV,S13,T_2000,_T,PT_B1GQ,A,0.72
2017,GNQ,TAX_REV,S13,T_4000,_T,PT_B1GQ,A,0.003
2018,GNQ,TAX_REV,S13,T_4000,_T,PT_B1GQ,A,0.004
2018,GNQ,TAX_REV,S13,T_2000,_T,PT_B1GQ,A,0.656
2018,GNQ,TAX_REV,S13,_T,_T,PT_B1GQ,A,6.6
2018,GNQ,TAX_REV,S13,T_5000,_T,PT_B1GQ,A,1.27
2018,GNQ,TAX_REV,S13,T_1000,_T,PT_B1GQ,A,4.408
2019,GNQ,TAX_REV,S13,T_1000,_T,PT_B1GQ,A,7.465
2019,GNQ,TAX_REV,S13,T_5000,_T,PT_B1GQ,A,1.482
2019,GNQ,TAX_REV,S13,_T,_T,PT_B1GQ,A,9.783
2019,GNQ,TAX_REV,S13,T_2000,_T,PT_B1GQ,A,0.734
2019,GNQ,TAX_REV,S13,T_4000,_T,PT_B1GQ,A,0.003
2020,GNQ,TAX_REV,S13,T_4000,_T,PT_B1GQ,A,0.002
2020,GNQ,TAX_REV,S13,T_2000,_T,PT_B1GQ,A,0.877
2020,GNQ,TAX_REV,S13,_T,_T,PT_B1GQ,A,8.611
2020,GNQ,TAX_REV,S13,T_5000,_T,PT_B1GQ,A,1.415
2020,GNQ,TAX_REV,S13,T_1000,_T,PT_B1GQ,A,6.166
2021,GNQ,TAX_REV,S13,T_1000,_T,PT_B1GQ,A,4.113
2021,GNQ,TAX_REV,S13,T_5000,_T,PT_B1GQ,A,1.089
2021,GNQ,TAX_REV,S13,_T,_T,PT_B1GQ,A,5.939
2021,GNQ,TAX_REV,S13,T_2000,_T,PT_B1GQ,A,0.659
2021,GNQ,TAX_REV,S13,T_4000,_T,PT_B1GQ,A,0.001
2022,GNQ,TAX_REV,S13,T_4000,_T,PT_B1GQ,A,0.002
2022,GNQ,TAX_REV,S13,T_2000,_T,PT_B1GQ,A,0.66
2022,GNQ,TAX_REV,S13,_T,_T,PT_B1GQ,A,8.136
2022,GNQ,TAX_REV,S13,T_5000,_T,PT_B1GQ,A,1.357
2022,GNQ,TAX_REV,S13,T_1000,_T,PT_B1GQ,A,6.096
2014,MRT,TAX_REV,S13,_T,_T,PT_B1GQ,A,15.125
2014,MRT,TAX_REV,S13,T_2000,_T,PT_B1GQ,A,0.888
2014,MRT,TAX_REV,S13,T_4000,_T,PT_B1GQ,A,0.478
2014,MRT,TAX_REV,S13,T_1000,_T,PT_B1GQ,A,5.733
2014,MRT,TAX_REV,S13,T_5000,_T,PT_B1GQ,A,8.009
2015,MRT,TAX_REV,S13,T_5000,_T,PT_B1GQ,A,8.05
2015,MRT,TAX_REV,S13,T_1000,_T,PT_B1GQ,A,4.855
2015,MRT,TAX_REV,S13,T_4000,_T,PT_B1GQ,A,0.693
2015,MRT,TAX_REV,S13,T_2000,_T,PT_B1GQ,A,0.908
2015,MRT,TAX_REV,S13,_T,_T,PT_B1GQ,A,14.53
2016,MRT,TAX_REV,S13,_T,_T,PT_B1GQ,A,14.173
2016,MRT,TAX_REV,S13,T_2000,_T,PT_B1GQ,A,0.779
2016,MRT,TAX_REV,S13,T_4000,_T,PT_B1GQ,A,0.574
2016,MRT,TAX_REV,S13,T_1000,_T,PT_B1GQ,A,4.426
2016,MRT,TAX_REV,S13,T_5000,_T,PT_B1GQ,A,8.377
2017,MRT,TAX_REV,S13,T_5000,_T,PT_B1GQ,A,8.667
2017,MRT,TAX_REV,S13,T_1000,_T,PT_B1GQ,A,4.507
2017,MRT,TAX_REV,S13,T_4000,_T,PT_B1GQ,A,0.474
2017,MRT,TAX_REV,S13,T_2000,_T,PT_B1GQ,A,0.777
2017,MRT,TAX_REV,S13,_T,_T,PT_B1GQ,A,14.442
2018,MRT,TAX_REV,S13,_T,_T,PT_B1GQ,A,15.139
2018,MRT,TAX_REV,S13,T_2000,_T,PT_B1GQ,A,0.773
2018,MRT,TAX_REV,S13,T_4000,_T,PT_B1GQ,A,0.44
2018,MRT,TAX_REV,S13,T_1000,_T,PT_B1GQ,A,4.445
2018,MRT,TAX_REV,S13,T_5000,_T,PT_B1GQ,A,9.466
2019,MRT,TAX_REV,S13,T_5000,_T,PT_B1GQ,A,8.719
2019,MRT,TAX_REV,S13,T_1000,_T,PT_B1GQ,A,4.338
2019,MRT,TAX_REV,S13,T_4000,_T,PT_B1GQ,A,0.015
2019,MRT,TAX_REV,S13,T_2000,_T,PT_B1GQ,A,0.696
2019,MRT,TAX_REV,S13,_T,_T,PT_B1GQ,A,13.786
2020,MRT,TAX_REV,S13,_T,_T,PT_B1GQ,A,12.565
2020,MRT,TAX_REV,S13,T_2000,_T,PT_B1GQ,A,0.683
2020,MRT,TAX_REV,S13,T_4000,_T,PT_B1GQ,A,0.019
2020,MRT,TAX_REV,S13,T_1000,_T,PT_B1GQ,A,4.852
2020,MRT,TAX_REV,S13,T_5000,_T,PT_B1GQ,A,6.989
2021,MRT,TAX_REV,S13,T_5000,_T,PT_B1GQ,A,8.154
2021,MRT,TAX_REV,S13,T_1000,_T,PT_B1GQ,A,5.537
2021,MRT,TAX_REV,S13,T_4000,_T,PT_B1GQ,A,0.023
2021,MRT,TAX_REV,S13,T_2000,_T,PT_B1GQ,A,0.649
2021,MRT,TAX_REV,S13,_T,_T,PT_B1GQ,A,14.397
2022,MRT,TAX_REV,S13,_T,_T,PT_B1GQ,A,14.673
2022,MRT,TAX_REV,S13,T_2000,_T,PT_B1GQ,A,0.622
2022,MRT,TAX_REV,S13,T_4000,_T,PT_B1GQ,A,0.012
2022,MRT,TAX_REV,S13,T_1000,_T,PT_B1GQ,A,4.992
2022,MRT,TAX_REV,S13,T_5000,_T,PT_B1GQ,A,8.935
2014,VNM,TAX_REV,S13,T_5000,_T,PT_B1GQ,A,8.515
2014,VNM,TAX_REV,S13,T_2000,_T,PT_B1GQ,A,4.005
2014,VNM,TAX_REV,S13,T_4000,_T,PT_B1GQ,A,0.031
2014,VNM,TAX_REV,S13,_T,_T,PT_B1GQ,A,17.729
2014,VNM,TAX_REV,S13,T_1000,_T,PT_B1GQ,A,5.178
2015,VNM,TAX_REV,S13,T_1000,_T,PT_B1GQ,A,4.946
2015,VNM,TAX_REV,S13,_T,_T,PT_B1GQ,A,18.169
2015,VNM,TAX_REV,S13,T_4000,_T,PT_B1GQ,A,0.03
2015,VNM,TAX_REV,S13,T_2000,_T,PT_B1GQ,A,4.195
2015,VNM,TAX_REV,S13,T_5000,_T,PT_B1GQ,A,8.999
2016,VNM,TAX_REV,S13,T_5000,_T,PT_B1GQ,A,9.268
2016,VNM,TAX_REV,S13,T_2000,_T,PT_B1GQ,A,4.546
2016,VNM,TAX_REV,S13,T_4000,_T,PT_B1GQ,A,0.026
2016,VNM,TAX_REV,S13,_T,_T,PT_B1GQ,A,18.361
2016,VNM,TAX_REV,S13,T_1000,_T,PT_B1GQ,A,4.52
2017,VNM,TAX_REV,S13,T_1000,_T,PT_B1GQ,A,4.703
2017,VNM,TAX_REV,S13,_T,_T,PT_B1GQ,A,18.414
2017,VNM,TAX_REV,S13,T_4000,_T,PT_B1GQ,A,0.027
2017,VNM,TAX_REV,S13,T_2000,_T,PT_B1GQ,A,4.621
2017,VNM,TAX_REV,S13,T_5000,_T,PT_B1GQ,A,9.063
2018,VNM,TAX_REV,S13,T_5000,_T,PT_B1GQ,A,8.658
2018,VNM,TAX_REV,S13,T_2000,_T,PT_B1GQ,A,4.731
2018,VNM,TAX_REV,S13,T_4000,_T,PT_B1GQ,A,0.027
2018,VNM,TAX_REV,S13,_T,_T,PT_B1GQ,A,18.342
2018,VNM,TAX_REV,S13,T_1000,_T,PT_B1GQ,A,4.926
2019,VNM,TAX_REV,S13,T_1000,_T,PT_B1GQ,A,4.931
2019,VNM,TAX_REV,S13,_T,_T,PT_B1GQ,A,18.926
2019,VNM,TAX_REV,S13,T_4000,_T,PT_B1GQ,A,0.027
2019,VNM,TAX_REV,S13,T_2000,_T,PT_B1GQ,A,5.28
2019,VNM,TAX_REV,S13,T_5000,_T,PT_B1GQ,A,8.689
2020,VNM,TAX_REV,S13,T_5000,_T,PT_B1GQ,A,7.636
2020,VNM,TAX_REV,S13,T_2000,_T,PT_B1GQ,A,5.384
2020,VNM,TAX_REV,S13,T_4000,_T,PT_B1GQ,A,0.026
2020,VNM,TAX_REV,S13,_T,_T,PT_B1GQ,A,17.672
2020,VNM,TAX_REV,S13,T_1000,_T,PT_B1GQ,A,4.626
2021,VNM,TAX_REV,S13,T_1000,_T,PT_B1GQ,A,5.26
2021,VNM,TAX_REV,S13,_T,_T,PT_B1GQ,A,18.206
2021,VNM,TAX_REV,S13,T_4000,_T,PT_B1GQ,A,0.024
2021,VNM,TAX_REV,S13,T_2000,_T,PT_B1GQ,A,5.09
2021,VNM,TAX_REV,S13,T_5000,_T,PT_B1GQ,A,7.832
2022,VNM,TAX_REV,S13,T_5000,_T,PT_B1GQ,A,8.166
2022,VNM,TAX_REV,S13,T_2000,_T,PT_B1GQ,A,5.395
2022,VNM,TAX_REV,S13,T_4000,_T,PT_B1GQ,A,0.033
2022,VNM,TAX_REV,S13,_T,_T,PT_B1GQ,A,18.803
2022,VNM,TAX_REV,S13,T_1000,_T,PT_B1GQ,A,5.209
2023,VNM,TAX_REV,S13,T_1000,_T,PT_B1GQ,A,5.031
2023,VNM,TAX_REV,S13,_T,_T,PT_B1GQ,A,16.833
2023,VNM,TAX_REV,S13,T_4000,_T,PT_B1GQ,A,0.033
2023,VNM,TAX_REV,S13,T_2000,_T,PT_B1GQ,A,5.036
2023,VNM,TAX_REV,S13,T_5000,_T,PT_B1GQ,A,6.733
2014,GAB,TAX_REV,S13,T_4000,_T,PT_B1GQ,A,0.371
2014,GAB,TAX_REV,S13,_T,_T,PT_B1GQ,A,16.451
2014,GAB,TAX_REV,S13,T_1000,_T,PT_B1GQ,A,6.848
2014,GAB,TAX_REV,S13,T_2000,_T,PT_B1GQ,A,1.308
2014,GAB,TAX_REV,S13,T_5000,_T,PT_B1GQ,A,7.821
2015,GAB,TAX_REV,S13,T_5000,_T,PT_B1GQ,A,7.898
2015,GAB,TAX_REV,S13,T_2000,_T,PT_B1GQ,A,1.031
2015,GAB,TAX_REV,S13,T_1000,_T,PT_B1GQ,A,6.043
2015,GAB,TAX_REV,S13,_T,_T,PT_B1GQ,A,15.314
2015,GAB,TAX_REV,S13,T_4000,_T,PT_B1GQ,A,0.225
2016,GAB,TAX_REV,S13,T_4000,_T,PT_B1GQ,A,0.152
2016,GAB,TAX_REV,S13,_T,_T,PT_B1GQ,A,12.316
2016,GAB,TAX_REV,S13,T_1000,_T,PT_B1GQ,A,4.297
2016,GAB,TAX_REV,S13,T_2000,_T,PT_B1GQ,A,1.739
2016,GAB,TAX_REV,S13,T_5000,_T,PT_B1GQ,A,6.021
2017,GAB,TAX_REV,S13,T_5000,_T,PT_B1GQ,A,4.818
2017,GAB,TAX_REV,S13,T_2000,_T,PT_B1GQ,A,1.661
2017,GAB,TAX_REV,S13,T_1000,_T,PT_B1GQ,A,4.028
2017,GAB,TAX_REV,S13,_T,_T,PT_B1GQ,A,10.885
2017,GAB,TAX_REV,S13,T_4000,_T,PT_B1GQ,A,0.272
2018,GAB,TAX_REV,S13,T_4000,_T,PT_B1GQ,A,0.161
2018,GAB,TAX_REV,S13,_T,_T,PT_B1GQ,A,10.372
2018,GAB,TAX_REV,S13,T_1000,_T,PT_B1GQ,A,4.035
2018,GAB,TAX_REV,S13,T_2000,_T,PT_B1GQ,A,1.531
2018,GAB,TAX_REV,S13,T_5000,_T,PT_B1GQ,A,4.532
2019,GAB,TAX_REV,S13,T_5000,_T,PT_B1GQ,A,4.615
2019,GAB,TAX_REV,S13,T_2000,_T,PT_B1GQ,A,1.511
2019,GAB,TAX_REV,S13,T_1000,_T,PT_B1GQ,A,5.7
2019,GAB,TAX_REV,S13,_T,_T,PT_B1GQ,A,12.09
2019,GAB,TAX_REV,S13,T_4000,_T,PT_B1GQ,A,0.137
2020,GAB,TAX_REV,S13,T_4000,_T,PT_B1GQ,A,0.22
2020,GAB,TAX_REV,S13,_T,_T,PT_B1GQ,A,12.838
2020,GAB,TAX_REV,S13,T_1000,_T,PT_B1GQ,A,5.774
2020,GAB,TAX_REV,S13,T_2000,_T,PT_B1GQ,A,1.658
2020,GAB,TAX_REV,S13,T_5000,_T,PT_B1GQ,A,5.058
2021,GAB,TAX_REV,S13,T_5000,_T,PT_B1GQ,A,4.838
2021,GAB,TAX_REV,S13,T_2000,_T,PT_B1GQ,A,1.364
2021,GAB,TAX_REV,S13,T_1000,_T,PT_B1GQ,A,3.558
2021,GAB,TAX_REV,S13,_T,_T,PT_B1GQ,A,10.321
2021,GAB,TAX_REV,S13,T_4000,_T,PT_B1GQ,A,0.156
2022,GAB,TAX_REV,S13,T_4000,_T,PT_B1GQ,A,0.182
2022,GAB,TAX_REV,S13,_T,_T,PT_B1GQ,A,11.419
2022,GAB,TAX_REV,S13,T_1000,_T,PT_B1GQ,A,5.353
2022,GAB,TAX_REV,S13,T_2000,_T,PT_B1GQ,A,1.221
2022,GAB,TAX_REV,S13,T_5000,_T,PT_B1GQ,A,4.506
2014,GHA,TAX_REV,S13,T_5000,_T,PT_B1GQ,A,6.175
2014,GHA,TAX_REV,S13,_T,_T,PT_B1GQ,A,11.938
2014,GHA,TAX_REV,S13,T_1000,_T,PT_B1GQ,A,4.638
2014,GHA,TAX_REV,S13,T_2000,_T,PT_B1GQ,A,1.125
2015,GHA,TAX_REV,S13,T_2000,_T,PT_B1GQ,A,1.156
2015,GHA,TAX_REV,S13,T_1000,_T,PT_B1GQ,A,4.125
2015,GHA,TAX_REV,S13,_T,_T,PT_B1GQ,A,12.855
2015,GHA,TAX_REV,S13,T_5000,_T,PT_B1GQ,A,7.574
2016,GHA,TAX_REV,S13,T_5000,_T,PT_B1GQ,A,8.569
2016,GHA,TAX_REV,S13,_T,_T,PT_B1GQ,A,13.092
2016,GHA,TAX_REV,S13,T_1000,_T,PT_B1GQ,A,3.681
2016,GHA,TAX_REV,S13,T_2000,_T,PT_B1GQ,A,0.842
2017,GHA,TAX_REV,S13,T_2000,_T,PT_B1GQ,A,0.903
2017,GHA,TAX_REV,S13,T_1000,_T,PT_B1GQ,A,4.457
2017,GHA,TAX_REV,S13,_T,_T,PT_B1GQ,A,13.449
2017,GHA,TAX_REV,S13,T_5000,_T,PT_B1GQ,A,8.088
2018,GHA,TAX_REV,S13,T_5000,_T,PT_B1GQ,A,7.656
2018,GHA,TAX_REV,S13,_T,_T,PT_B1GQ,A,13.67
2018,GHA,TAX_REV,S13,T_1000,_T,PT_B1GQ,A,5.296
2018,GHA,TAX_REV,S13,T_2000,_T,PT_B1GQ,A,0.717
2019,GHA,TAX_REV,S13,T_2000,_T,PT_B1GQ,A,0.692
2019,GHA,TAX_REV,S13,T_1000,_T,PT_B1GQ,A,5.568
2019,GHA,TAX_REV,S13,_T,_T,PT_B1GQ,A,13.193
2019,GHA,TAX_REV,S13,T_5000,_T,PT_B1GQ,A,6.933
2020,GHA,TAX_REV,S13,T_5000,_T,PT_B1GQ,A,6.707
2020,GHA,TAX_REV,S13,_T,_T,PT_B1GQ,A,13.131
2020,GHA,TAX_REV,S13,T_1000,_T,PT_B1GQ,A,5.377
2020,GHA,TAX_REV,S13,T_2000,_T,PT_B1GQ,A,1.048
2021,GHA,TAX_REV,S13,T_2000,_T,PT_B1GQ,A,0.73
2021,GHA,TAX_REV,S13,T_1000,_T,PT_B1GQ,A,5.41
2021,GHA,TAX_REV,S13,_T,_T,PT_B1GQ,A,14.048
2021,GHA,TAX_REV,S13,T_5000,_T,PT_B1GQ,A,7.908
2022,GHA,TAX_REV,S13,T_4000,_T,PT_B1GQ,A,0.097
2022,GHA,TAX_REV,S13,T_5000,_T,PT_B1GQ,A,7.679
2022,GHA,TAX_REV,S13,_T,_T,PT_B1GQ,A,13.961
2022,GHA,TAX_REV,S13,T_1000,_T,PT_B1GQ,A,5.471
2022,GHA,TAX_REV,S13,T_2000,_T,PT_B1GQ,A,0.714
2014,VEN,TAX_REV,S13,T_5000,_T,PT_B1GQ,A,11.418
2014,VEN,TAX_REV,S13,T_4000,_T,PT_B1GQ,A,0.034
2014,VEN,TAX_REV,S13,T_1000,_T,PT_B1GQ,A,6.195
2015,VEN,TAX_REV,S13,T_1000,_T,PT_B1GQ,A,3.543
2015,VEN,TAX_REV,S13,T_4000,_T,PT_B1GQ,A,0.037
2015,VEN,TAX_REV,S13,T_5000,_T,PT_B1GQ,A,11.357
2016,VEN,TAX_REV,S13,T_5000,_T,PT_B1GQ,A,9.106
2016,VEN,TAX_REV,S13,T_4000,_T,PT_B1GQ,A,0.032
2017,VEN,TAX_REV,S13,T_4000,_T,PT_B1GQ,A,1.212
2017,VEN,TAX_REV,S13,T_5000,_T,PT_B1GQ,A,7.401
2014,MHL,TAX_REV,S13,T_5000,_T,PT_B1GQ,A,6.978
2014,MHL,TAX_REV,S13,T_2000,_T,PT_B1GQ,A,10.887
2014,MHL,TAX_REV,S13,T_1000,_T,PT_B1GQ,A,6.307
2014,MHL,TAX_REV,S13,T_4000,_T,PT_B1GQ,A,0.001
2014,MHL,TAX_REV,S13,_T,_T,PT_B1GQ,A,24.452
2015,MHL,TAX_REV,S13,_T,_T,PT_B1GQ,A,25.805
2015,MHL,TAX_REV,S13,T_4000,_T,PT_B1GQ,A,0.359
2015,MHL,TAX_REV,S13,T_1000,_T,PT_B1GQ,A,6.462
2015,MHL,TAX_REV,S13,T_2000,_T,PT_B1GQ,A,11.761
2015,MHL,TAX_REV,S13,T_5000,_T,PT_B1GQ,A,6.949
2016,MHL,TAX_REV,S13,T_5000,_T,PT_B1GQ,A,6.908
2016,MHL,TAX_REV,S13,T_2000,_T,PT_B1GQ,A,10.807
2016,MHL,TAX_REV,S13,T_1000,_T,PT_B1GQ,A,6.842
2016,MHL,TAX_REV,S13,T_4000,_T,PT_B1GQ,A,0.318
2016,MHL,TAX_REV,S13,_T,_T,PT_B1GQ,A,25.137
2017,MHL,TAX_REV,S13,_T,_T,PT_B1GQ,A,26.416
2017,MHL,TAX_REV,S13,T_4000,_T,PT_B1GQ,A,0.32
2017,MHL,TAX_REV,S13,T_1000,_T,PT_B1GQ,A,6.938
2017,MHL,TAX_REV,S13,T_2000,_T,PT_B1GQ,A,12.164
2017,MHL,TAX_REV,S13,T_5000,_T,PT_B1GQ,A,6.669
2018,MHL,TAX_REV,S13,T_5000,_T,PT_B1GQ,A,7.057
2018,MHL,TAX_REV,S13,T_2000,_T,PT_B1GQ,A,12.415
2018,MHL,TAX_REV,S13,T_1000,_T,PT_B1GQ,A,6.792
2018,MHL,TAX_REV,S13,T_4000,_T,PT_B1GQ,A,0.32
2018,MHL,TAX_REV,S13,_T,_T,PT_B1GQ,A,26.906
2019,MHL,TAX_REV,S13,_T,_T,PT_B1GQ,A,26.603
2019,MHL,TAX_REV,S13,T_4000,_T,PT_B1GQ,A,0.293
2019,MHL,TAX_REV,S13,T_1000,_T,PT_B1GQ,A,6.784
2019,MHL,TAX_REV,S13,T_2000,_T,PT_B1GQ,A,12.042
2019,MHL,TAX_REV,S13,T_5000,_T,PT_B1GQ,A,7.14
2020,MHL,TAX_REV,S13,T_5000,_T,PT_B1GQ,A,6.622
2020,MHL,TAX_REV,S13,T_2000,_T,PT_B1GQ,A,12.682
2020,MHL,TAX_REV,S13,T_1000,_T,PT_B1GQ,A,6.72
2020,MHL,TAX_REV,S13,T_4000,_T,PT_B1GQ,A,0.308
2020,MHL,TAX_REV,S13,_T,_T,PT_B1GQ,A,26.4
2021,MHL,TAX_REV,S13,_T,_T,PT_B1GQ,A,25.624
2021,MHL,TAX_REV,S13,T_4000,_T,PT_B1GQ,A,0.276
2021,MHL,TAX_REV,S13,T_1000,_T,PT_B1GQ,A,6.775
2021,MHL,TAX_REV,S13,T_2000,_T,PT_B1GQ,A,11.832
2021,MHL,TAX_REV,S13,T_5000,_T,PT_B1GQ,A,6.733
2022,MHL,TAX_REV,S13,T_5000,_T,PT_B1GQ,A,6.991
2022,MHL,TAX_REV,S13,T_2000,_T,PT_B1GQ,A,12.354
2022,MHL,TAX_REV,S13,T_1000,_T,PT_B1GQ,A,6.399
2022,MHL,TAX_REV,S13,T_4000,_T,PT_B1GQ,A,0.043
2022,MHL,TAX_REV,S13,_T,_T,PT_B1GQ,A,26.108
2023,MHL,TAX_REV,S13,_T,_T,PT_B1GQ,A,25.148
2023,MHL,TAX_REV,S13,T_4000,_T,PT_B1GQ,A,0.14
2023,MHL,TAX_REV,S13,T_1000,_T,PT_B1GQ,A,6.066
2023,MHL,TAX_REV,S13,T_2000,_T,PT_B1GQ,A,11.966
2023,MHL,TAX_REV,S13,T_5000,_T,PT_B1GQ,A,6.689
2014,GEO,TAX_REV,S13,_T,_T,PT_B1GQ,A,22.828
2014,GEO,TAX_REV,S13,T_4000,_T,PT_B1GQ,A,0.775
2014,GEO,TAX_REV,S13,T_1000,_T,PT_B1GQ,A,8.724
2014,GEO,TAX_REV,S13,T_5000,_T,PT_B1GQ,A,13.251
2015,GEO,TAX_REV,S13,T_5000,_T,PT_B1GQ,A,12.867
2015,GEO,TAX_REV,S13,T_1000,_T,PT_B1GQ,A,9.403
2015,GEO,TAX_REV,S13,T_4000,_T,PT_B1GQ,A,0.84
2015,GEO,TAX_REV,S13,_T,_T,PT_B1GQ,A,23.187
2016,GEO,TAX_REV,S13,_T,_T,PT_B1GQ,A,24.036
2016,GEO,TAX_REV,S13,T_4000,_T,PT_B1GQ,A,0.994
2016,GEO,TAX_REV,S13,T_1000,_T,PT_B1GQ,A,9.493
2016,GEO,TAX_REV,S13,T_5000,_T,PT_B1GQ,A,12.109
2017,GEO,TAX_REV,S13,T_5000,_T,PT_B1GQ,A,13.655
2017,GEO,TAX_REV,S13,T_1000,_T,PT_B1GQ,A,8.891
2017,GEO,TAX_REV,S13,T_4000,_T,PT_B1GQ,A,0.955
2017,GEO,TAX_REV,S13,_T,_T,PT_B1GQ,A,23.968
2018,GEO,TAX_REV,S13,_T,_T,PT_B1GQ,A,23.02
2018,GEO,TAX_REV,S13,T_4000,_T,PT_B1GQ,A,0.972
2018,GEO,TAX_REV,S13,T_1000,_T,PT_B1GQ,A,8.78
2018,GEO,TAX_REV,S13,T_5000,_T,PT_B1GQ,A,13.148
2019,GEO,TAX_REV,S13,T_5000,_T,PT_B1GQ,A,13.725
2019,GEO,TAX_REV,S13,T_1000,_T,PT_B1GQ,A,8.746
2019,GEO,TAX_REV,S13,T_4000,_T,PT_B1GQ,A,0.954
2019,GEO,TAX_REV,S13,_T,_T,PT_B1GQ,A,23.851
2020,GEO,TAX_REV,S13,_T,_T,PT_B1GQ,A,22.052
2020,GEO,TAX_REV,S13,T_4000,_T,PT_B1GQ,A,0.871
2020,GEO,TAX_REV,S13,T_1000,_T,PT_B1GQ,A,8.528
2020,GEO,TAX_REV,S13,T_5000,_T,PT_B1GQ,A,12.506
2021,GEO,TAX_REV,S13,T_5000,_T,PT_B1GQ,A,13.385
2021,GEO,TAX_REV,S13,T_1000,_T,PT_B1GQ,A,7.89
2021,GEO,TAX_REV,S13,T_4000,_T,PT_B1GQ,A,0.841
2021,GEO,TAX_REV,S13,_T,_T,PT_B1GQ,A,22.314
2022,GEO,TAX_REV,S13,_T,_T,PT_B1GQ,A,23.731
2022,GEO,TAX_REV,S13,T_4000,_T,PT_B1GQ,A,0.828
2022,GEO,TAX_REV,S13,T_1000,_T,PT_B1GQ,A,9.558
2022,GEO,TAX_REV,S13,T_5000,_T,PT_B1GQ,A,13.134
2023,GEO,TAX_REV,S13,T_5000,_T,PT_B1GQ,A,13.086
2023,GEO,TAX_REV,S13,T_1000,_T,PT_B1GQ,A,10.002
2023,GEO,TAX_REV,S13,T_4000,_T,PT_B1GQ,A,0.802
2023,GEO,TAX_REV,S13,_T,_T,PT_B1GQ,A,24.401
2014,SLV,TAX_REV,S13,T_2000,_T,PT_B1GQ,A,2.526
2014,SLV,TAX_REV,S13,T_4000,_T,PT_B1GQ,A,0.225
2014,SLV,TAX_REV,S13,_T,_T,PT_B1GQ,A,19.822
2014,SLV,TAX_REV,S13,T_5000,_T,PT_B1GQ,A,9.814
2014,SLV,TAX_REV,S13,T_1000,_T,PT_B1GQ,A,6.733
2015,SLV,TAX_REV,S13,T_1000,_T,PT_B1GQ,A,6.592
2015,SLV,TAX_REV,S13,T_5000,_T,PT_B1GQ,A,9.719
2015,SLV,TAX_REV,S13,_T,_T,PT_B1GQ,A,19.876
2015,SLV,TAX_REV,S13,T_4000,_T,PT_B1GQ,A,0.477
2015,SLV,TAX_REV,S13,T_2000,_T,PT_B1GQ,A,2.593
2016,SLV,TAX_REV,S13,T_2000,_T,PT_B1GQ,A,2.708
2016,SLV,TAX_REV,S13,T_4000,_T,PT_B1GQ,A,0.462
2016,SLV,TAX_REV,S13,_T,_T,PT_B1GQ,A,20.525
2016,SLV,TAX_REV,S13,T_5000,_T,PT_B1GQ,A,9.947
2016,SLV,TAX_REV,S13,T_1000,_T,PT_B1GQ,A,6.887
2017,SLV,TAX_REV,S13,T_1000,_T,PT_B1GQ,A,7.203
2017,SLV,TAX_REV,S13,T_5000,_T,PT_B1GQ,A,10.057
2017,SLV,TAX_REV,S13,_T,_T,PT_B1GQ,A,20.953
2017,SLV,TAX_REV,S13,T_4000,_T,PT_B1GQ,A,0.45
2017,SLV,TAX_REV,S13,T_2000,_T,PT_B1GQ,A,2.738
2018,SLV,TAX_REV,S13,T_2000,_T,PT_B1GQ,A,2.708
2018,SLV,TAX_REV,S13,T_4000,_T,PT_B1GQ,A,0.458
2018,SLV,TAX_REV,S13,_T,_T,PT_B1GQ,A,21.31
2018,SLV,TAX_REV,S13,T_5000,_T,PT_B1GQ,A,10.355
2018,SLV,TAX_REV,S13,T_1000,_T,PT_B1GQ,A,7.26
2019,SLV,TAX_REV,S13,T_1000,_T,PT_B1GQ,A,7.287
2019,SLV,TAX_REV,S13,T_5000,_T,PT_B1GQ,A,10.336
2019,SLV,TAX_REV,S13,_T,_T,PT_B1GQ,A,20.981
2019,SLV,TAX_REV,S13,T_4000,_T,PT_B1GQ,A,0.163
2019,SLV,TAX_REV,S13,T_2000,_T,PT_B1GQ,A,2.687
2020,SLV,TAX_REV,S13,T_2000,_T,PT_B1GQ,A,2.808
2020,SLV,TAX_REV,S13,T_4000,_T,PT_B1GQ,A,0.107
2020,SLV,TAX_REV,S13,_T,_T,PT_B1GQ,A,21.685
2020,SLV,TAX_REV,S13,T_5000,_T,PT_B1GQ,A,10.374
2020,SLV,TAX_REV,S13,T_1000,_T,PT_B1GQ,A,7.842
2021,SLV,TAX_REV,S13,T_1000,_T,PT_B1GQ,A,7.778
2021,SLV,TAX_REV,S13,T_5000,_T,PT_B1GQ,A,12.029
2021,SLV,TAX_REV,S13,_T,_T,PT_B1GQ,A,23.123
2021,SLV,TAX_REV,S13,T_4000,_T,PT_B1GQ,A,0.161
2021,SLV,TAX_REV,S13,T_2000,_T,PT_B1GQ,A,2.654
2022,SLV,TAX_REV,S13,T_2000,_T,PT_B1GQ,A,2.608
2022,SLV,TAX_REV,S13,T_4000,_T,PT_B1GQ,A,0.18
2022,SLV,TAX_REV,S13,_T,_T,PT_B1GQ,A,23.253
2022,SLV,TAX_REV,S13,T_5000,_T,PT_B1GQ,A,11.517
2022,SLV,TAX_REV,S13,T_1000,_T,PT_B1GQ,A,8.463
2023,SLV,TAX_REV,S13,T_1000,_T,PT_B1GQ,A,8.258
2023,SLV,TAX_REV,S13,T_5000,_T,PT_B1GQ,A,11.339
2023,SLV,TAX_REV,S13,_T,_T,PT_B1GQ,A,22.817
2023,SLV,TAX_REV,S13,T_4000,_T,PT_B1GQ,A,0.179
2023,SLV,TAX_REV,S13,T_2000,_T,PT_B1GQ,A,2.591
2014,KEN,TAX_REV,S13,T_2000,_T,PT_B1GQ,A,0.241
2014,KEN,TAX_REV,S13,T_4000,_T,PT_B1GQ,A,0.02
2014,KEN,TAX_REV,S13,_T,_T,PT_B1GQ,A,17.444
2014,KEN,TAX_REV,S13,T_1000,_T,PT_B1GQ,A,7.986
2014,KEN,TAX_REV,S13,T_5000,_T,PT_B1GQ,A,9.016
2015,KEN,TAX_REV,S13,T_5000,_T,PT_B1GQ,A,8.754
2015,KEN,TAX_REV,S13,T_1000,_T,PT_B1GQ,A,7.822
2015,KEN,TAX_REV,S13,_T,_T,PT_B1GQ,A,17.018
2015,KEN,TAX_REV,S13,T_4000,_T,PT_B1GQ,A,0.016
2015,KEN,TAX_REV,S13,T_2000,_T,PT_B1GQ,A,0.246
2016,KEN,TAX_REV,S13,T_2000,_T,PT_B1GQ,A,0.442
2016,KEN,TAX_REV,S13,T_4000,_T,PT_B1GQ,A,0.017
2016,KEN,TAX_REV,S13,_T,_T,PT_B1GQ,A,17.156
2016,KEN,TAX_REV,S13,T_1000,_T,PT_B1GQ,A,7.759
2016,KEN,TAX_REV,S13,T_5000,_T,PT_B1GQ,A,8.794
2017,KEN,TAX_REV,S13,T_5000,_T,PT_B1GQ,A,9.147
2017,KEN,TAX_REV,S13,T_1000,_T,PT_B1GQ,A,7.816
2017,KEN,TAX_REV,S13,_T,_T,PT_B1GQ,A,17.518
2017,KEN,TAX_REV,S13,T_4000,_T,PT_B1GQ,A,0.012
2017,KEN,TAX_REV,S13,T_2000,_T,PT_B1GQ,A,0.435
2018,KEN,TAX_REV,S13,T_2000,_T,PT_B1GQ,A,0.534
2018,KEN,TAX_REV,S13,T_4000,_T,PT_B1GQ,A,0.007
2018,KEN,TAX_REV,S13,_T,_T,PT_B1GQ,A,16.768
2018,KEN,TAX_REV,S13,T_1000,_T,PT_B1GQ,A,7.345
2018,KEN,TAX_REV,S13,T_5000,_T,PT_B1GQ,A,8.745
2019,KEN,TAX_REV,S13,T_5000,_T,PT_B1GQ,A,8.799
2019,KEN,TAX_REV,S13,T_1000,_T,PT_B1GQ,A,7.019
2019,KEN,TAX_REV,S13,_T,_T,PT_B1GQ,A,16.497
2019,KEN,TAX_REV,S13,T_4000,_T,PT_B1GQ,A,0.007
2019,KEN,TAX_REV,S13,T_2000,_T,PT_B1GQ,A,0.568
2020,KEN,TAX_REV,S13,T_2000,_T,PT_B1GQ,A,0.581
2020,KEN,TAX_REV,S13,T_4000,_T,PT_B1GQ,A,0.005
2020,KEN,TAX_REV,S13,_T,_T,PT_B1GQ,A,15.999
2020,KEN,TAX_REV,S13,T_1000,_T,PT_B1GQ,A,7.196
2020,KEN,TAX_REV,S13,T_5000,_T,PT_B1GQ,A,8.13
2021,KEN,TAX_REV,S13,T_5000,_T,PT_B1GQ,A,8.453
2021,KEN,TAX_REV,S13,T_1000,_T,PT_B1GQ,A,6.311
2021,KEN,TAX_REV,S13,_T,_T,PT_B1GQ,A,15.419
2021,KEN,TAX_REV,S13,T_4000,_T,PT_B1GQ,A,0.006
2021,KEN,TAX_REV,S13,T_2000,_T,PT_B1GQ,A,0.534
2022,KEN,TAX_REV,S13,T_2000,_T,PT_B1GQ,A,0.621
2022,KEN,TAX_REV,S13,T_4000,_T,PT_B1GQ,A,0.007
2022,KEN,TAX_REV,S13,_T,_T,PT_B1GQ,A,16.788
2022,KEN,TAX_REV,S13,T_1000,_T,PT_B1GQ,A,7.054
2022,KEN,TAX_REV,S13,T_5000,_T,PT_B1GQ,A,9.001
2014,IDN,TAX_REV,S13,T_4000,_T,PT_B1GQ,A,0.269
2014,IDN,TAX_REV,S13,_T,_T,PT_B1GQ,A,12.163
2014,IDN,TAX_REV,S13,T_5000,_T,PT_B1GQ,A,5.405
2014,IDN,TAX_REV,S13,T_1000,_T,PT_B1GQ,A,5.167
2015,IDN,TAX_REV,S13,T_2000,_T,PT_B1GQ,A,0.067
2015,IDN,TAX_REV,S13,T_1000,_T,PT_B1GQ,A,5.225
2015,IDN,TAX_REV,S13,T_5000,_T,PT_B1GQ,A,5.239
2015,IDN,TAX_REV,S13,_T,_T,PT_B1GQ,A,12.111
2015,IDN,TAX_REV,S13,T_4000,_T,PT_B1GQ,A,0.293
2016,IDN,TAX_REV,S13,T_4000,_T,PT_B1GQ,A,0.196
2016,IDN,TAX_REV,S13,_T,_T,PT_B1GQ,A,12.009
2016,IDN,TAX_REV,S13,T_5000,_T,PT_B1GQ,A,4.776
2016,IDN,TAX_REV,S13,T_1000,_T,PT_B1GQ,A,5.372
2016,IDN,TAX_REV,S13,T_2000,_T,PT_B1GQ,A,0.381
2017,IDN,TAX_REV,S13,T_2000,_T,PT_B1GQ,A,0.4
2017,IDN,TAX_REV,S13,T_1000,_T,PT_B1GQ,A,4.759
2017,IDN,TAX_REV,S13,T_5000,_T,PT_B1GQ,A,4.961
2017,IDN,TAX_REV,S13,_T,_T,PT_B1GQ,A,11.612
2017,IDN,TAX_REV,S13,T_4000,_T,PT_B1GQ,A,0.161
2018,IDN,TAX_REV,S13,T_4000,_T,PT_B1GQ,A,0.168
2018,IDN,TAX_REV,S13,_T,_T,PT_B1GQ,A,11.973
2018,IDN,TAX_REV,S13,T_5000,_T,PT_B1GQ,A,5.01
2018,IDN,TAX_REV,S13,T_1000,_T,PT_B1GQ,A,5.054
2018,IDN,TAX_REV,S13,T_2000,_T,PT_B1GQ,A,0.429
2019,IDN,TAX_REV,S13,T_2000,_T,PT_B1GQ,A,0.503
2019,IDN,TAX_REV,S13,T_1000,_T,PT_B1GQ,A,4.878
2019,IDN,TAX_REV,S13,T_5000,_T,PT_B1GQ,A,4.709
2019,IDN,TAX_REV,S13,_T,_T,PT_B1GQ,A,11.588
2019,IDN,TAX_REV,S13,T_4000,_T,PT_B1GQ,A,0.169
2020,IDN,TAX_REV,S13,T_4000,_T,PT_B1GQ,A,0.169
2020,IDN,TAX_REV,S13,_T,_T,PT_B1GQ,A,10.071
2020,IDN,TAX_REV,S13,T_5000,_T,PT_B1GQ,A,4.299
2020,IDN,TAX_REV,S13,T_1000,_T,PT_B1GQ,A,3.847
2020,IDN,TAX_REV,S13,T_2000,_T,PT_B1GQ,A,0.589
2021,IDN,TAX_REV,S13,T_2000,_T,PT_B1GQ,A,0.575
2021,IDN,TAX_REV,S13,T_1000,_T,PT_B1GQ,A,4.16
2021,IDN,TAX_REV,S13,T_5000,_T,PT_B1GQ,A,4.837
2021,IDN,TAX_REV,S13,_T,_T,PT_B1GQ,A,10.866
2021,IDN,TAX_REV,S13,T_4000,_T,PT_B1GQ,A,0.111
2022,IDN,TAX_REV,S13,T_4000,_T,PT_B1GQ,A,0.153
2022,IDN,TAX_REV,S13,_T,_T,PT_B1GQ,A,12.068
2022,IDN,TAX_REV,S13,T_5000,_T,PT_B1GQ,A,5.135
2022,IDN,TAX_REV,S13,T_1000,_T,PT_B1GQ,A,5.096
2022,IDN,TAX_REV,S13,T_2000,_T,PT_B1GQ,A,0.519
2023,IDN,TAX_REV,S13,T_2000,_T,PT_B1GQ,A,0.522
2023,IDN,TAX_REV,S13,T_1000,_T,PT_B1GQ,A,5.08
2023,IDN,TAX_REV,S13,T_5000,_T,PT_B1GQ,A,5.027
2023,IDN,TAX_REV,S13,_T,_T,PT_B1GQ,A,12.048
2023,IDN,TAX_REV,S13,T_4000,_T,PT_B1GQ,A,0.191
2014,MDG,TAX_REV,S13,T_2000,_T,PT_B1GQ,A,0.374
2014,MDG,TAX_REV,S13,_T,_T,PT_B1GQ,A,8.833
2014,MDG,TAX_REV,S13,T_5000,_T,PT_B1GQ,A,6.365
2014,MDG,TAX_REV,S13,T_1000,_T,PT_B1GQ,A,2.022
2014,MDG,TAX_REV,S13,T_4000,_T,PT_B1GQ,A,0.061
2015,MDG,TAX_REV,S13,T_4000,_T,PT_B1GQ,A,0.073
2015,MDG,TAX_REV,S13,T_1000,_T,PT_B1GQ,A,2.128
2015,MDG,TAX_REV,S13,T_5000,_T,PT_B1GQ,A,6.738
2015,MDG,TAX_REV,S13,_T,_T,PT_B1GQ,A,9.349
2015,MDG,TAX_REV,S13,T_2000,_T,PT_B1GQ,A,0.401
2016,MDG,TAX_REV,S13,T_2000,_T,PT_B1GQ,A,0.351
2016,MDG,TAX_REV,S13,_T,_T,PT_B1GQ,A,9.596
2016,MDG,TAX_REV,S13,T_5000,_T,PT_B1GQ,A,6.794
2016,MDG,TAX_REV,S13,T_1000,_T,PT_B1GQ,A,2.345
2016,MDG,TAX_REV,S13,T_4000,_T,PT_B1GQ,A,0.067
2017,MDG,TAX_REV,S13,T_4000,_T,PT_B1GQ,A,0.063
2017,MDG,TAX_REV,S13,T_1000,_T,PT_B1GQ,A,2.442
2017,MDG,TAX_REV,S13,T_5000,_T,PT_B1GQ,A,7.485
2017,MDG,TAX_REV,S13,_T,_T,PT_B1GQ,A,10.415
2017,MDG,TAX_REV,S13,T_2000,_T,PT_B1GQ,A,0.388
2018,MDG,TAX_REV,S13,T_2000,_T,PT_B1GQ,A,0.645
2018,MDG,TAX_REV,S13,_T,_T,PT_B1GQ,A,10.911
2018,MDG,TAX_REV,S13,T_5000,_T,PT_B1GQ,A,7.57
2018,MDG,TAX_REV,S13,T_1000,_T,PT_B1GQ,A,2.56
2018,MDG,TAX_REV,S13,T_4000,_T,PT_B1GQ,A,0.089
2019,MDG,TAX_REV,S13,T_4000,_T,PT_B1GQ,A,0.062
2019,MDG,TAX_REV,S13,T_1000,_T,PT_B1GQ,A,2.817
2019,MDG,TAX_REV,S13,T_5000,_T,PT_B1GQ,A,7.621
2019,MDG,TAX_REV,S13,_T,_T,PT_B1GQ,A,11.062
2019,MDG,TAX_REV,S13,T_2000,_T,PT_B1GQ,A,0.511
2020,MDG,TAX_REV,S13,T_2000,_T,PT_B1GQ,A,0.616
2020,MDG,TAX_REV,S13,_T,_T,PT_B1GQ,A,10.137
2020,MDG,TAX_REV,S13,T_5000,_T,PT_B1GQ,A,6.807
2020,MDG,TAX_REV,S13,T_1000,_T,PT_B1GQ,A,2.641
2020,MDG,TAX_REV,S13,T_4000,_T,PT_B1GQ,A,0.061
2021,MDG,TAX_REV,S13,T_4000,_T,PT_B1GQ,A,0.065
2021,MDG,TAX_REV,S13,T_1000,_T,PT_B1GQ,A,2.775
2021,MDG,TAX_REV,S13,T_5000,_T,PT_B1GQ,A,7.392
2021,MDG,TAX_REV,S13,_T,_T,PT_B1GQ,A,10.673
2021,MDG,TAX_REV,S13,T_2000,_T,PT_B1GQ,A,0.435
2022,MDG,TAX_REV,S13,T_2000,_T,PT_B1GQ,A,0.57
2022,MDG,TAX_REV,S13,_T,_T,PT_B1GQ,A,11.473
2022,MDG,TAX_REV,S13,T_5000,_T,PT_B1GQ,A,7.751
2022,MDG,TAX_REV,S13,T_1000,_T,PT_B1GQ,A,3.071
2022,MDG,TAX_REV,S13,T_4000,_T,PT_B1GQ,A,0.065
2014,GIN,TAX_REV,S13,T_4000,_T,PT_B1GQ,A,0.023
2014,GIN,TAX_REV,S13,T_5000,_T,PT_B1GQ,A,10.175
2014,GIN,TAX_REV,S13,T_1000,_T,PT_B1GQ,A,2.554
2014,GIN,TAX_REV,S13,_T,_T,PT_B1GQ,A,13.052
2015,GIN,TAX_REV,S13,_T,_T,PT_B1GQ,A,13.028
2015,GIN,TAX_REV,S13,T_1000,_T,PT_B1GQ,A,2.784
2015,GIN,TAX_REV,S13,T_5000,_T,PT_B1GQ,A,9.936
2015,GIN,TAX_REV,S13,T_4000,_T,PT_B1GQ,A,0.02
2016,GIN,TAX_REV,S13,T_4000,_T,PT_B1GQ,A,0.026
2016,GIN,TAX_REV,S13,T_5000,_T,PT_B1GQ,A,10.966
2016,GIN,TAX_REV,S13,T_1000,_T,PT_B1GQ,A,2.725
2016,GIN,TAX_REV,S13,_T,_T,PT_B1GQ,A,14.045
2017,GIN,TAX_REV,S13,_T,_T,PT_B1GQ,A,12.781
2017,GIN,TAX_REV,S13,T_1000,_T,PT_B1GQ,A,2.292
2017,GIN,TAX_REV,S13,T_5000,_T,PT_B1GQ,A,10.136
2017,GIN,TAX_REV,S13,T_4000,_T,PT_B1GQ,A,0.011
2018,GIN,TAX_REV,S13,T_4000,_T,PT_B1GQ,A,0.052
2018,GIN,TAX_REV,S13,T_5000,_T,PT_B1GQ,A,9.266
2018,GIN,TAX_REV,S13,T_1000,_T,PT_B1GQ,A,2.272
2018,GIN,TAX_REV,S13,_T,_T,PT_B1GQ,A,11.977
2019,GIN,TAX_REV,S13,_T,_T,PT_B1GQ,A,12.215
2019,GIN,TAX_REV,S13,T_1000,_T,PT_B1GQ,A,1.912
2019,GIN,TAX_REV,S13,T_5000,_T,PT_B1GQ,A,9.835
2019,GIN,TAX_REV,S13,T_4000,_T,PT_B1GQ,A,0.023
2020,GIN,TAX_REV,S13,T_4000,_T,PT_B1GQ,A,0.021
2020,GIN,TAX_REV,S13,T_5000,_T,PT_B1GQ,A,9.382
2020,GIN,TAX_REV,S13,T_1000,_T,PT_B1GQ,A,1.897
2020,GIN,TAX_REV,S13,_T,_T,PT_B1GQ,A,11.705
2021,GIN,TAX_REV,S13,_T,_T,PT_B1GQ,A,11.093
2021,GIN,TAX_REV,S13,T_1000,_T,PT_B1GQ,A,1.758
2021,GIN,TAX_REV,S13,T_5000,_T,PT_B1GQ,A,8.997
2021,GIN,TAX_REV,S13,T_4000,_T,PT_B1GQ,A,0.014
2022,GIN,TAX_REV,S13,T_4000,_T,PT_B1GQ,A,0.027
2022,GIN,TAX_REV,S13,T_5000,_T,PT_B1GQ,A,8.178
2022,GIN,TAX_REV,S13,T_1000,_T,PT_B1GQ,A,2.191
2022,GIN,TAX_REV,S13,_T,_T,PT_B1GQ,A,10.766
2014,SWZ,TAX_REV,S13,T_2000,_T,PT_B1GQ,A,1.825
2014,SWZ,TAX_REV,S13,T_5000,_T,PT_B1GQ,A,5.245
2014,SWZ,TAX_REV,S13,T_4000,_T,PT_B1GQ,A,0.261
2014,SWZ,TAX_REV,S13,_T,_T,PT_B1GQ,A,14.904
2014,SWZ,TAX_REV,S13,T_1000,_T,PT_B1GQ,A,7.573
2015,SWZ,TAX_REV,S13,T_1000,_T,PT_B1GQ,A,7.288
2015,SWZ,TAX_REV,S13,_T,_T,PT_B1GQ,A,14.953
2015,SWZ,TAX_REV,S13,T_4000,_T,PT_B1GQ,A,0.252
2015,SWZ,TAX_REV,S13,T_5000,_T,PT_B1GQ,A,5.469
2015,SWZ,TAX_REV,S13,T_2000,_T,PT_B1GQ,A,1.944
2016,SWZ,TAX_REV,S13,T_2000,_T,PT_B1GQ,A,1.984
2016,SWZ,TAX_REV,S13,T_5000,_T,PT_B1GQ,A,5.77
2016,SWZ,TAX_REV,S13,T_4000,_T,PT_B1GQ,A,0.259
2016,SWZ,TAX_REV,S13,_T,_T,PT_B1GQ,A,16.099
2016,SWZ,TAX_REV,S13,T_1000,_T,PT_B1GQ,A,8.086
2017,SWZ,TAX_REV,S13,T_1000,_T,PT_B1GQ,A,8.236
2017,SWZ,TAX_REV,S13,_T,_T,PT_B1GQ,A,16.987
2017,SWZ,TAX_REV,S13,T_4000,_T,PT_B1GQ,A,0.399
2017,SWZ,TAX_REV,S13,T_5000,_T,PT_B1GQ,A,6.069
2017,SWZ,TAX_REV,S13,T_2000,_T,PT_B1GQ,A,2.283
2018,SWZ,TAX_REV,S13,T_2000,_T,PT_B1GQ,A,2.455
2018,SWZ,TAX_REV,S13,T_5000,_T,PT_B1GQ,A,6.09
2018,SWZ,TAX_REV,S13,T_4000,_T,PT_B1GQ,A,0.455
2018,SWZ,TAX_REV,S13,_T,_T,PT_B1GQ,A,17.404
2018,SWZ,TAX_REV,S13,T_1000,_T,PT_B1GQ,A,8.404
2019,SWZ,TAX_REV,S13,T_1000,_T,PT_B1GQ,A,8.802
2019,SWZ,TAX_REV,S13,_T,_T,PT_B1GQ,A,18.263
2019,SWZ,TAX_REV,S13,T_4000,_T,PT_B1GQ,A,0.47
2019,SWZ,TAX_REV,S13,T_5000,_T,PT_B1GQ,A,6.622
2019,SWZ,TAX_REV,S13,T_2000,_T,PT_B1GQ,A,2.368
2020,SWZ,TAX_REV,S13,T_2000,_T,PT_B1GQ,A,2.368
2020,SWZ,TAX_REV,S13,T_5000,_T,PT_B1GQ,A,6.748
2020,SWZ,TAX_REV,S13,T_4000,_T,PT_B1GQ,A,0.26
2020,SWZ,TAX_REV,S13,_T,_T,PT_B1GQ,A,17.754
2020,SWZ,TAX_REV,S13,T_1000,_T,PT_B1GQ,A,8.379
2021,SWZ,TAX_REV,S13,T_1000,_T,PT_B1GQ,A,8.458
2021,SWZ,TAX_REV,S13,_T,_T,PT_B1GQ,A,17.421
2021,SWZ,TAX_REV,S13,T_4000,_T,PT_B1GQ,A,0.319
2021,SWZ,TAX_REV,S13,T_5000,_T,PT_B1GQ,A,6.333
2021,SWZ,TAX_REV,S13,T_2000,_T,PT_B1GQ,A,2.31
2022,SWZ,TAX_REV,S13,T_2000,_T,PT_B1GQ,A,2.11
2022,SWZ,TAX_REV,S13,T_5000,_T,PT_B1GQ,A,6.871
2022,SWZ,TAX_REV,S13,T_4000,_T,PT_B1GQ,A,0.495
2022,SWZ,TAX_REV,S13,_T,_T,PT_B1GQ,A,17.604
2022,SWZ,TAX_REV,S13,T_1000,_T,PT_B1GQ,A,8.128
2014,SO,TAX_REV,S13,T_2000,_T,PT_B1GQ,A,1.383
2014,SO,TAX_REV,S13,T_1000,_T,PT_B1GQ,A,6.789
2014,SO,TAX_REV,S13,_T,_T,PT_B1GQ,A,18.363
2014,SO,TAX_REV,S13,T_5000,_T,PT_B1GQ,A,9.478
2014,SO,TAX_REV,S13,T_4000,_T,PT_B1GQ,A,0.636
2015,SO,TAX_REV,S13,T_4000,_T,PT_B1GQ,A,0.645
2015,SO,TAX_REV,S13,T_5000,_T,PT_B1GQ,A,9.447
2015,SO,TAX_REV,S13,_T,_T,PT_B1GQ,A,18.54
2015,SO,TAX_REV,S13,T_1000,_T,PT_B1GQ,A,6.944
2015,SO,TAX_REV,S13,T_2000,_T,PT_B1GQ,A,1.405
2016,SO,TAX_REV,S13,T_2000,_T,PT_B1GQ,A,1.41
2016,SO,TAX_REV,S13,T_1000,_T,PT_B1GQ,A,6.547
2016,SO,TAX_REV,S13,_T,_T,PT_B1GQ,A,17.904
2016,SO,TAX_REV,S13,T_5000,_T,PT_B1GQ,A,9.186
2016,SO,TAX_REV,S13,T_4000,_T,PT_B1GQ,A,0.623
2017,SO,TAX_REV,S13,T_4000,_T,PT_B1GQ,A,0.661
2017,SO,TAX_REV,S13,T_5000,_T,PT_B1GQ,A,9.616
2017,SO,TAX_REV,S13,_T,_T,PT_B1GQ,A,18.773
2017,SO,TAX_REV,S13,T_1000,_T,PT_B1GQ,A,6.944
2017,SO,TAX_REV,S13,T_2000,_T,PT_B1GQ,A,1.455
2018,SO,TAX_REV,S13,T_2000,_T,PT_B1GQ,A,1.501
2018,SO,TAX_REV,S13,T_1000,_T,PT_B1GQ,A,7.212
2018,SO,TAX_REV,S13,_T,_T,PT_B1GQ,A,19.141
2018,SO,TAX_REV,S13,T_5000,_T,PT_B1GQ,A,9.725
2018,SO,TAX_REV,S13,T_4000,_T,PT_B1GQ,A,0.639
2019,SO,TAX_REV,S13,T_4000,_T,PT_B1GQ,A,0.626
2019,SO,TAX_REV,S13,T_5000,_T,PT_B1GQ,A,9.383
2019,SO,TAX_REV,S13,_T,_T,PT_B1GQ,A,19.299
2019,SO,TAX_REV,S13,T_1000,_T,PT_B1GQ,A,7.481
2019,SO,TAX_REV,S13,T_2000,_T,PT_B1GQ,A,1.687
2020,SO,TAX_REV,S13,T_2000,_T,PT_B1GQ,A,1.733
2020,SO,TAX_REV,S13,T_1000,_T,PT_B1GQ,A,7.244
2020,SO,TAX_REV,S13,_T,_T,PT_B1GQ,A,18.357
2020,SO,TAX_REV,S13,T_5000,_T,PT_B1GQ,A,8.658
2020,SO,TAX_REV,S13,T_4000,_T,PT_B1GQ,A,0.65
2021,SO,TAX_REV,S13,T_4000,_T,PT_B1GQ,A,0.665
2021,SO,TAX_REV,S13,T_5000,_T,PT_B1GQ,A,8.809
2021,SO,TAX_REV,S13,_T,_T,PT_B1GQ,A,18.677
2021,SO,TAX_REV,S13,T_1000,_T,PT_B1GQ,A,7.35
2021,SO,TAX_REV,S13,T_2000,_T,PT_B1GQ,A,1.762
2022,SO,TAX_REV,S13,T_2000,_T,PT_B1GQ,A,1.799
2022,SO,TAX_REV,S13,T_1000,_T,PT_B1GQ,A,7.797
2022,SO,TAX_REV,S13,_T,_T,PT_B1GQ,A,19.441
2022,SO,TAX_REV,S13,T_5000,_T,PT_B1GQ,A,9.159
2022,SO,TAX_REV,S13,T_4000,_T,PT_B1GQ,A,0.596
2023,SO,TAX_REV,S13,T_4000,_T,PT_B1GQ,A,0.581
2023,SO,TAX_REV,S13,T_5000,_T,PT_B1GQ,A,9.65
2023,SO,TAX_REV,S13,_T,_T,PT_B1GQ,A,19.551
2023,SO,TAX_REV,S13,T_1000,_T,PT_B1GQ,A,7.368
2023,SO,TAX_REV,S13,T_2000,_T,PT_B1GQ,A,1.837
2014,KAZ,TAX_REV,S13,_T,_T,PT_B1GQ,A,21.084
2014,KAZ,TAX_REV,S13,T_4000,_T,PT_B1GQ,A,0.484
2014,KAZ,TAX_REV,S13,T_1000,_T,PT_B1GQ,A,7.849
2014,KAZ,TAX_REV,S13,T_5000,_T,PT_B1GQ,A,11.102
2014,KAZ,TAX_REV,S13,T_2000,_T,PT_B1GQ,A,0.569
2015,KAZ,TAX_REV,S13,T_2000,_T,PT_B1GQ,A,0.588
2015,KAZ,TAX_REV,S13,T_5000,_T,PT_B1GQ,A,7.222
2015,KAZ,TAX_REV,S13,T_1000,_T,PT_B1GQ,A,6.037
2015,KAZ,TAX_REV,S13,T_4000,_T,PT_B1GQ,A,0.555
2015,KAZ,TAX_REV,S13,_T,_T,PT_B1GQ,A,15.539
2016,KAZ,TAX_REV,S13,_T,_T,PT_B1GQ,A,14.916
2016,KAZ,TAX_REV,S13,T_4000,_T,PT_B1GQ,A,0.485
2016,KAZ,TAX_REV,S13,T_1000,_T,PT_B1GQ,A,5.557
2016,KAZ,TAX_REV,S13,T_5000,_T,PT_B1GQ,A,7.179
2016,KAZ,TAX_REV,S13,T_2000,_T,PT_B1GQ,A,0.564
2017,KAZ,TAX_REV,S13,T_2000,_T,PT_B1GQ,A,0.547
2017,KAZ,TAX_REV,S13,T_5000,_T,PT_B1GQ,A,8.16
2017,KAZ,TAX_REV,S13,T_1000,_T,PT_B1GQ,A,5.754
2017,KAZ,TAX_REV,S13,T_4000,_T,PT_B1GQ,A,0.473
2017,KAZ,TAX_REV,S13,_T,_T,PT_B1GQ,A,16.013
2018,KAZ,TAX_REV,S13,_T,_T,PT_B1GQ,A,16.96
2018,KAZ,TAX_REV,S13,T_4000,_T,PT_B1GQ,A,0.483
2018,KAZ,TAX_REV,S13,T_1000,_T,PT_B1GQ,A,6.426
2018,KAZ,TAX_REV,S13,T_5000,_T,PT_B1GQ,A,8.507
2018,KAZ,TAX_REV,S13,T_2000,_T,PT_B1GQ,A,0.535
2019,KAZ,TAX_REV,S13,T_2000,_T,PT_B1GQ,A,0.532
2019,KAZ,TAX_REV,S13,T_5000,_T,PT_B1GQ,A,8.63
2019,KAZ,TAX_REV,S13,T_1000,_T,PT_B1GQ,A,6.046
2019,KAZ,TAX_REV,S13,T_4000,_T,PT_B1GQ,A,0.464
2019,KAZ,TAX_REV,S13,_T,_T,PT_B1GQ,A,16.676
2020,KAZ,TAX_REV,S13,_T,_T,PT_B1GQ,A,14.061
2020,KAZ,TAX_REV,S13,T_4000,_T,PT_B1GQ,A,0.439
2020,KAZ,TAX_REV,S13,T_1000,_T,PT_B1GQ,A,4.954
2020,KAZ,TAX_REV,S13,T_5000,_T,PT_B1GQ,A,6.891
2020,KAZ,TAX_REV,S13,T_2000,_T,PT_B1GQ,A,0.745
2021,KAZ,TAX_REV,S13,T_2000,_T,PT_B1GQ,A,0.865
2021,KAZ,TAX_REV,S13,T_5000,_T,PT_B1GQ,A,7.394
2021,KAZ,TAX_REV,S13,T_1000,_T,PT_B1GQ,A,5.921
2021,KAZ,TAX_REV,S13,T_4000,_T,PT_B1GQ,A,0.414
2021,KAZ,TAX_REV,S13,_T,_T,PT_B1GQ,A,15.597
2022,KAZ,TAX_REV,S13,_T,_T,PT_B1GQ,A,19.754
2022,KAZ,TAX_REV,S13,T_4000,_T,PT_B1GQ,A,0.36
2022,KAZ,TAX_REV,S13,T_1000,_T,PT_B1GQ,A,7.547
2022,KAZ,TAX_REV,S13,T_5000,_T,PT_B1GQ,A,9.799
2022,KAZ,TAX_REV,S13,T_2000,_T,PT_B1GQ,A,1.05
2023,KAZ,TAX_REV,S13,T_2000,_T,PT_B1GQ,A,1.136
2023,KAZ,TAX_REV,S13,T_5000,_T,PT_B1GQ,A,9.662
2023,KAZ,TAX_REV,S13,T_1000,_T,PT_B1GQ,A,7.224
2023,KAZ,TAX_REV,S13,T_4000,_T,PT_B1GQ,A,0.334
2023,KAZ,TAX_REV,S13,_T,_T,PT_B1GQ,A,19.465
2014,KGZ,TAX_REV,S13,T_4000,_T,PT_B1GQ,A,0.384
2014,KGZ,TAX_REV,S13,T_5000,_T,PT_B1GQ,A,16.305
2014,KGZ,TAX_REV,S13,T_1000,_T,PT_B1GQ,A,3.746
2014,KGZ,TAX_REV,S13,_T,_T,PT_B1GQ,A,20.437
2015,KGZ,TAX_REV,S13,_T,_T,PT_B1GQ,A,19.102
2015,KGZ,TAX_REV,S13,T_1000,_T,PT_B1GQ,A,3.693
2015,KGZ,TAX_REV,S13,T_5000,_T,PT_B1GQ,A,15.038
2015,KGZ,TAX_REV,S13,T_4000,_T,PT_B1GQ,A,0.371
2016,KGZ,TAX_REV,S13,T_4000,_T,PT_B1GQ,A,0.357
2016,KGZ,TAX_REV,S13,T_5000,_T,PT_B1GQ,A,15.652
2016,KGZ,TAX_REV,S13,T_1000,_T,PT_B1GQ,A,3.5
2016,KGZ,TAX_REV,S13,_T,_T,PT_B1GQ,A,19.509
2017,KGZ,TAX_REV,S13,_T,_T,PT_B1GQ,A,19.263
2017,KGZ,TAX_REV,S13,T_1000,_T,PT_B1GQ,A,3.382
2017,KGZ,TAX_REV,S13,T_5000,_T,PT_B1GQ,A,15.538
2017,KGZ,TAX_REV,S13,T_4000,_T,PT_B1GQ,A,0.343
2018,KGZ,TAX_REV,S13,T_4000,_T,PT_B1GQ,A,0.345
2018,KGZ,TAX_REV,S13,T_5000,_T,PT_B1GQ,A,16.47
2018,KGZ,TAX_REV,S13,T_1000,_T,PT_B1GQ,A,3.467
2018,KGZ,TAX_REV,S13,_T,_T,PT_B1GQ,A,20.282
2019,KGZ,TAX_REV,S13,_T,_T,PT_B1GQ,A,18.358
2019,KGZ,TAX_REV,S13,T_1000,_T,PT_B1GQ,A,3.405
2019,KGZ,TAX_REV,S13,T_5000,_T,PT_B1GQ,A,14.626
2019,KGZ,TAX_REV,S13,T_4000,_T,PT_B1GQ,A,0.322
2020,KGZ,TAX_REV,S13,T_4000,_T,PT_B1GQ,A,0.316
2020,KGZ,TAX_REV,S13,T_5000,_T,PT_B1GQ,A,12.53
2020,KGZ,TAX_REV,S13,T_1000,_T,PT_B1GQ,A,3.554
2020,KGZ,TAX_REV,S13,_T,_T,PT_B1GQ,A,16.4
2021,KGZ,TAX_REV,S13,_T,_T,PT_B1GQ,A,18.927
2021,KGZ,TAX_REV,S13,T_1000,_T,PT_B1GQ,A,4.08
2021,KGZ,TAX_REV,S13,T_5000,_T,PT_B1GQ,A,14.302
2021,KGZ,TAX_REV,S13,T_4000,_T,PT_B1GQ,A,0.288
2022,KGZ,TAX_REV,S13,T_4000,_T,PT_B1GQ,A,0.222
2022,KGZ,TAX_REV,S13,T_5000,_T,PT_B1GQ,A,17.077
2022,KGZ,TAX_REV,S13,T_1000,_T,PT_B1GQ,A,4.943
2022,KGZ,TAX_REV,S13,_T,_T,PT_B1GQ,A,22.048
2023,KGZ,TAX_REV,S13,_T,_T,PT_B1GQ,A,21.913
2023,KGZ,TAX_REV,S13,T_1000,_T,PT_B1GQ,A,4.717
2023,KGZ,TAX_REV,S13,T_5000,_T,PT_B1GQ,A,16.982
2023,KGZ,TAX_REV,S13,T_4000,_T,PT_B1GQ,A,0.214
2014,HND,TAX_REV,S13,T_2000,_T,PT_B1GQ,A,3.007
2014,HND,TAX_REV,S13,_T,_T,PT_B1GQ,A,19.922
2014,HND,TAX_REV,S13,T_5000,_T,PT_B1GQ,A,10.395
2014,HND,TAX_REV,S13,T_1000,_T,PT_B1GQ,A,5.148
2014,HND,TAX_REV,S13,T_4000,_T,PT_B1GQ,A,0.555
2015,HND,TAX_REV,S13,T_4000,_T,PT_B1GQ,A,0.572
2015,HND,TAX_REV,S13,T_1000,_T,PT_B1GQ,A,5.431
2015,HND,TAX_REV,S13,T_5000,_T,PT_B1GQ,A,10.866
2015,HND,TAX_REV,S13,_T,_T,PT_B1GQ,A,20.569
2015,HND,TAX_REV,S13,T_2000,_T,PT_B1GQ,A,2.937
2016,HND,TAX_REV,S13,T_2000,_T,PT_B1GQ,A,3.136
2016,HND,TAX_REV,S13,_T,_T,PT_B1GQ,A,22.227
2016,HND,TAX_REV,S13,T_5000,_T,PT_B1GQ,A,11.366
2016,HND,TAX_REV,S13,T_1000,_T,PT_B1GQ,A,5.965
2016,HND,TAX_REV,S13,T_4000,_T,PT_B1GQ,A,0.55
2017,HND,TAX_REV,S13,T_4000,_T,PT_B1GQ,A,0.561
2017,HND,TAX_REV,S13,T_1000,_T,PT_B1GQ,A,6.083
2017,HND,TAX_REV,S13,T_5000,_T,PT_B1GQ,A,11.148
2017,HND,TAX_REV,S13,_T,_T,PT_B1GQ,A,21.652
2017,HND,TAX_REV,S13,T_2000,_T,PT_B1GQ,A,3.296
2018,HND,TAX_REV,S13,T_2000,_T,PT_B1GQ,A,3.355
2018,HND,TAX_REV,S13,_T,_T,PT_B1GQ,A,21.913
2018,HND,TAX_REV,S13,T_5000,_T,PT_B1GQ,A,11.128
2018,HND,TAX_REV,S13,T_1000,_T,PT_B1GQ,A,6.27
2018,HND,TAX_REV,S13,T_4000,_T,PT_B1GQ,A,0.564
2019,HND,TAX_REV,S13,T_4000,_T,PT_B1GQ,A,0.562
2019,HND,TAX_REV,S13,T_1000,_T,PT_B1GQ,A,5.663
2019,HND,TAX_REV,S13,T_5000,_T,PT_B1GQ,A,10.944
2019,HND,TAX_REV,S13,_T,_T,PT_B1GQ,A,21.645
2019,HND,TAX_REV,S13,T_2000,_T,PT_B1GQ,A,3.455
2020,HND,TAX_REV,S13,T_2000,_T,PT_B1GQ,A,4.031
2020,HND,TAX_REV,S13,_T,_T,PT_B1GQ,A,19.589
2020,HND,TAX_REV,S13,T_5000,_T,PT_B1GQ,A,9.672
2020,HND,TAX_REV,S13,T_1000,_T,PT_B1GQ,A,4.457
2020,HND,TAX_REV,S13,T_4000,_T,PT_B1GQ,A,0.515
2021,HND,TAX_REV,S13,T_4000,_T,PT_B1GQ,A,0.609
2021,HND,TAX_REV,S13,T_1000,_T,PT_B1GQ,A,5.209
2021,HND,TAX_REV,S13,T_5000,_T,PT_B1GQ,A,11.217
2021,HND,TAX_REV,S13,_T,_T,PT_B1GQ,A,21.462
2021,HND,TAX_REV,S13,T_2000,_T,PT_B1GQ,A,3.55
2022,HND,TAX_REV,S13,T_2000,_T,PT_B1GQ,A,3.286
2022,HND,TAX_REV,S13,_T,_T,PT_B1GQ,A,21.589
2022,HND,TAX_REV,S13,T_5000,_T,PT_B1GQ,A,10.465
2022,HND,TAX_REV,S13,T_1000,_T,PT_B1GQ,A,6.275
2022,HND,TAX_REV,S13,T_4000,_T,PT_B1GQ,A,0.634
2023,HND,TAX_REV,S13,T_4000,_T,PT_B1GQ,A,0.657
2023,HND,TAX_REV,S13,T_1000,_T,PT_B1GQ,A,5.719
2023,HND,TAX_REV,S13,T_5000,_T,PT_B1GQ,A,10.698
2023,HND,TAX_REV,S13,_T,_T,PT_B1GQ,A,20.995
2023,HND,TAX_REV,S13,T_2000,_T,PT_B1GQ,A,3.066
2014,MLI,TAX_REV,S13,T_5000,_T,PT_B1GQ,A,7.365
2014,MLI,TAX_REV,S13,T_1000,_T,PT_B1GQ,A,4.183
2014,MLI,TAX_REV,S13,_T,_T,PT_B1GQ,A,14.176
2014,MLI,TAX_REV,S13,T_4000,_T,PT_B1GQ,A,0.233
2014,MLI,TAX_REV,S13,T_2000,_T,PT_B1GQ,A,1.797
2015,MLI,TAX_REV,S13,T_2000,_T,PT_B1GQ,A,1.924
2015,MLI,TAX_REV,S13,T_4000,_T,PT_B1GQ,A,0.231
2015,MLI,TAX_REV,S13,_T,_T,PT_B1GQ,A,15.582
2015,MLI,TAX_REV,S13,T_1000,_T,PT_B1GQ,A,3.824
2015,MLI,TAX_REV,S13,T_5000,_T,PT_B1GQ,A,8.905
2016,MLI,TAX_REV,S13,T_5000,_T,PT_B1GQ,A,9.758
2016,MLI,TAX_REV,S13,T_1000,_T,PT_B1GQ,A,3.935
2016,MLI,TAX_REV,S13,_T,_T,PT_B1GQ,A,16.948
2016,MLI,TAX_REV,S13,T_4000,_T,PT_B1GQ,A,0.343
2016,MLI,TAX_REV,S13,T_2000,_T,PT_B1GQ,A,2.297
2017,MLI,TAX_REV,S13,T_2000,_T,PT_B1GQ,A,2.29
2017,MLI,TAX_REV,S13,T_4000,_T,PT_B1GQ,A,0.361
2017,MLI,TAX_REV,S13,_T,_T,PT_B1GQ,A,17.259
2017,MLI,TAX_REV,S13,T_1000,_T,PT_B1GQ,A,4.384
2017,MLI,TAX_REV,S13,T_5000,_T,PT_B1GQ,A,9.799
2018,MLI,TAX_REV,S13,T_5000,_T,PT_B1GQ,A,7.688
2018,MLI,TAX_REV,S13,T_1000,_T,PT_B1GQ,A,3.309
2018,MLI,TAX_REV,S13,_T,_T,PT_B1GQ,A,13.823
2018,MLI,TAX_REV,S13,T_4000,_T,PT_B1GQ,A,0.278
2018,MLI,TAX_REV,S13,T_2000,_T,PT_B1GQ,A,2.166
2019,MLI,TAX_REV,S13,T_2000,_T,PT_B1GQ,A,2.936
2019,MLI,TAX_REV,S13,T_4000,_T,PT_B1GQ,A,0.305
2019,MLI,TAX_REV,S13,_T,_T,PT_B1GQ,A,18.106
2019,MLI,TAX_REV,S13,T_1000,_T,PT_B1GQ,A,4.05
2019,MLI,TAX_REV,S13,T_5000,_T,PT_B1GQ,A,9.773
2020,MLI,TAX_REV,S13,T_5000,_T,PT_B1GQ,A,9.149
2020,MLI,TAX_REV,S13,T_1000,_T,PT_B1GQ,A,4.89
2020,MLI,TAX_REV,S13,_T,_T,PT_B1GQ,A,18.608
2020,MLI,TAX_REV,S13,T_4000,_T,PT_B1GQ,A,0.271
2020,MLI,TAX_REV,S13,T_2000,_T,PT_B1GQ,A,3.287
2021,MLI,TAX_REV,S13,T_2000,_T,PT_B1GQ,A,3.678
2021,MLI,TAX_REV,S13,T_4000,_T,PT_B1GQ,A,0.281
2021,MLI,TAX_REV,S13,_T,_T,PT_B1GQ,A,19.839
2021,MLI,TAX_REV,S13,T_1000,_T,PT_B1GQ,A,4.792
2021,MLI,TAX_REV,S13,T_5000,_T,PT_B1GQ,A,10.241
2022,MLI,TAX_REV,S13,T_5000,_T,PT_B1GQ,A,8.425
2022,MLI,TAX_REV,S13,T_1000,_T,PT_B1GQ,A,4.541
2022,MLI,TAX_REV,S13,_T,_T,PT_B1GQ,A,17.917
2022,MLI,TAX_REV,S13,T_4000,_T,PT_B1GQ,A,0.251
2022,MLI,TAX_REV,S13,T_2000,_T,PT_B1GQ,A,3.952
2014,MLT,TAX_REV,S13,T_5000,_T,PT_B1GQ,A,12.861
2014,MLT,TAX_REV,S13,_T,_T,PT_B1GQ,A,30.868
2014,MLT,TAX_REV,S13,T_2000,_T,PT_B1GQ,A,5.183
2014,MLT,TAX_REV,S13,T_4000,_T,PT_B1GQ,A,0.835
2014,MLT,TAX_REV,S13,T_1000,_T,PT_B1GQ,A,11.989
2015,MLT,TAX_REV,S13,T_1000,_T,PT_B1GQ,A,11.564
2015,MLT,TAX_REV,S13,T_4000,_T,PT_B1GQ,A,0.932
2015,MLT,TAX_REV,S13,T_2000,_T,PT_B1GQ,A,4.885
2015,MLT,TAX_REV,S13,_T,_T,PT_B1GQ,A,29.391
2015,MLT,TAX_REV,S13,T_5000,_T,PT_B1GQ,A,12.01
2016,MLT,TAX_REV,S13,T_5000,_T,PT_B1GQ,A,13.16
2016,MLT,TAX_REV,S13,_T,_T,PT_B1GQ,A,31.421
2016,MLT,TAX_REV,S13,T_2000,_T,PT_B1GQ,A,4.972
2016,MLT,TAX_REV,S13,T_4000,_T,PT_B1GQ,A,1.065
2016,MLT,TAX_REV,S13,T_1000,_T,PT_B1GQ,A,12.224
2017,MLT,TAX_REV,S13,T_1000,_T,PT_B1GQ,A,12.053
2017,MLT,TAX_REV,S13,T_4000,_T,PT_B1GQ,A,1.017
2017,MLT,TAX_REV,S13,T_2000,_T,PT_B1GQ,A,4.732
2017,MLT,TAX_REV,S13,_T,_T,PT_B1GQ,A,30.881
2017,MLT,TAX_REV,S13,T_5000,_T,PT_B1GQ,A,13.079
2018,MLT,TAX_REV,S13,T_5000,_T,PT_B1GQ,A,12.544
2018,MLT,TAX_REV,S13,_T,_T,PT_B1GQ,A,30.358
2018,MLT,TAX_REV,S13,T_2000,_T,PT_B1GQ,A,4.806
2018,MLT,TAX_REV,S13,T_4000,_T,PT_B1GQ,A,1.202
2018,MLT,TAX_REV,S13,T_1000,_T,PT_B1GQ,A,11.806
2019,MLT,TAX_REV,S13,T_1000,_T,PT_B1GQ,A,12.247
2019,MLT,TAX_REV,S13,T_4000,_T,PT_B1GQ,A,1.091
2019,MLT,TAX_REV,S13,T_2000,_T,PT_B1GQ,A,4.771
2019,MLT,TAX_REV,S13,_T,_T,PT_B1GQ,A,30.012
2019,MLT,TAX_REV,S13,T_5000,_T,PT_B1GQ,A,11.903
2020,MLT,TAX_REV,S13,T_5000,_T,PT_B1GQ,A,10.602
2020,MLT,TAX_REV,S13,_T,_T,PT_B1GQ,A,27.754
2020,MLT,TAX_REV,S13,T_2000,_T,PT_B1GQ,A,5.112
2020,MLT,TAX_REV,S13,T_4000,_T,PT_B1GQ,A,0.642
2020,MLT,TAX_REV,S13,T_1000,_T,PT_B1GQ,A,11.398
2021,MLT,TAX_REV,S13,T_1000,_T,PT_B1GQ,A,11.912
2021,MLT,TAX_REV,S13,T_4000,_T,PT_B1GQ,A,0.76
2021,MLT,TAX_REV,S13,T_2000,_T,PT_B1GQ,A,4.841
2021,MLT,TAX_REV,S13,_T,_T,PT_B1GQ,A,27.419
2021,MLT,TAX_REV,S13,T_5000,_T,PT_B1GQ,A,9.906
2022,MLT,TAX_REV,S13,T_5000,_T,PT_B1GQ,A,10.052
2022,MLT,TAX_REV,S13,_T,_T,PT_B1GQ,A,27.649
2022,MLT,TAX_REV,S13,T_2000,_T,PT_B1GQ,A,4.839
2022,MLT,TAX_REV,S13,T_4000,_T,PT_B1GQ,A,0.758
2022,MLT,TAX_REV,S13,T_1000,_T,PT_B1GQ,A,12.001
2023,MLT,TAX_REV,S13,T_1000,_T,PT_B1GQ,A,11.47
2023,MLT,TAX_REV,S13,T_4000,_T,PT_B1GQ,A,0.831
2023,MLT,TAX_REV,S13,T_2000,_T,PT_B1GQ,A,4.646
2023,MLT,TAX_REV,S13,_T,_T,PT_B1GQ,A,26.527
2023,MLT,TAX_REV,S13,T_5000,_T,PT_B1GQ,A,9.579
2014,GTM,TAX_REV,S13,_T,_T,PT_B1GQ,A,13.227
2014,GTM,TAX_REV,S13,T_5000,_T,PT_B1GQ,A,6.806
2014,GTM,TAX_REV,S13,T_4000,_T,PT_B1GQ,A,0.231
2014,GTM,TAX_REV,S13,T_1000,_T,PT_B1GQ,A,3.177
2014,GTM,TAX_REV,S13,T_2000,_T,PT_B1GQ,A,2.071
2015,GTM,TAX_REV,S13,T_2000,_T,PT_B1GQ,A,2.054
2015,GTM,TAX_REV,S13,T_1000,_T,PT_B1GQ,A,2.863
2015,GTM,TAX_REV,S13,T_4000,_T,PT_B1GQ,A,0.221
2015,GTM,TAX_REV,S13,T_5000,_T,PT_B1GQ,A,6.663
2015,GTM,TAX_REV,S13,_T,_T,PT_B1GQ,A,12.776
2016,GTM,TAX_REV,S13,_T,_T,PT_B1GQ,A,13.227
2016,GTM,TAX_REV,S13,T_5000,_T,PT_B1GQ,A,6.595
2016,GTM,TAX_REV,S13,T_4000,_T,PT_B1GQ,A,0.191
2016,GTM,TAX_REV,S13,T_1000,_T,PT_B1GQ,A,3.287
2016,GTM,TAX_REV,S13,T_2000,_T,PT_B1GQ,A,2.186
2017,GTM,TAX_REV,S13,T_2000,_T,PT_B1GQ,A,2.189
2017,GTM,TAX_REV,S13,T_1000,_T,PT_B1GQ,A,3.098
2017,GTM,TAX_REV,S13,T_4000,_T,PT_B1GQ,A,0.237
2017,GTM,TAX_REV,S13,T_5000,_T,PT_B1GQ,A,6.717
2017,GTM,TAX_REV,S13,_T,_T,PT_B1GQ,A,13.237
2018,GTM,TAX_REV,S13,_T,_T,PT_B1GQ,A,13.15
2018,GTM,TAX_REV,S13,T_5000,_T,PT_B1GQ,A,6.757
2018,GTM,TAX_REV,S13,T_4000,_T,PT_B1GQ,A,0.246
2018,GTM,TAX_REV,S13,T_1000,_T,PT_B1GQ,A,2.945
2018,GTM,TAX_REV,S13,T_2000,_T,PT_B1GQ,A,2.195
2019,GTM,TAX_REV,S13,T_2000,_T,PT_B1GQ,A,2.181
2019,GTM,TAX_REV,S13,T_1000,_T,PT_B1GQ,A,2.879
2019,GTM,TAX_REV,S13,T_4000,_T,PT_B1GQ,A,0.198
2019,GTM,TAX_REV,S13,T_5000,_T,PT_B1GQ,A,6.755
2019,GTM,TAX_REV,S13,_T,_T,PT_B1GQ,A,12.984
2020,GTM,TAX_REV,S13,_T,_T,PT_B1GQ,A,12.419
2020,GTM,TAX_REV,S13,T_5000,_T,PT_B1GQ,A,6.331
2020,GTM,TAX_REV,S13,T_4000,_T,PT_B1GQ,A,0.186
2020,GTM,TAX_REV,S13,T_1000,_T,PT_B1GQ,A,2.791
2020,GTM,TAX_REV,S13,T_2000,_T,PT_B1GQ,A,2.123
2021,GTM,TAX_REV,S13,T_2000,_T,PT_B1GQ,A,2.14
2021,GTM,TAX_REV,S13,T_1000,_T,PT_B1GQ,A,3.482
2021,GTM,TAX_REV,S13,T_4000,_T,PT_B1GQ,A,0.21
2021,GTM,TAX_REV,S13,T_5000,_T,PT_B1GQ,A,7.276
2021,GTM,TAX_REV,S13,_T,_T,PT_B1GQ,A,14.071
2022,GTM,TAX_REV,S13,_T,_T,PT_B1GQ,A,14.302
2022,GTM,TAX_REV,S13,T_5000,_T,PT_B1GQ,A,7.554
2022,GTM,TAX_REV,S13,T_4000,_T,PT_B1GQ,A,0.207
2022,GTM,TAX_REV,S13,T_1000,_T,PT_B1GQ,A,3.463
2022,GTM,TAX_REV,S13,T_2000,_T,PT_B1GQ,A,2.097
2023,GTM,TAX_REV,S13,T_2000,_T,PT_B1GQ,A,2.153
2023,GTM,TAX_REV,S13,T_1000,_T,PT_B1GQ,A,3.471
2023,GTM,TAX_REV,S13,T_4000,_T,PT_B1GQ,A,0.096
2023,GTM,TAX_REV,S13,T_5000,_T,PT_B1GQ,A,7.252
2023,GTM,TAX_REV,S13,_T,_T,PT_B1GQ,A,14.013
2014,JAM,TAX_REV,S13,T_1000,_T,PT_B1GQ,A,7.489
2014,JAM,TAX_REV,S13,T_5000,_T,PT_B1GQ,A,13.77
2014,JAM,TAX_REV,S13,T_2000,_T,PT_B1GQ,A,1.029
2014,JAM,TAX_REV,S13,_T,_T,PT_B1GQ,A,24.762
2014,JAM,TAX_REV,S13,T_4000,_T,PT_B1GQ,A,1.168
2015,JAM,TAX_REV,S13,T_4000,_T,PT_B1GQ,A,1.17
2015,JAM,TAX_REV,S13,_T,_T,PT_B1GQ,A,25.766
2015,JAM,TAX_REV,S13,T_2000,_T,PT_B1GQ,A,0.991
2015,JAM,TAX_REV,S13,T_5000,_T,PT_B1GQ,A,14.509
2015,JAM,TAX_REV,S13,T_1000,_T,PT_B1GQ,A,7.787
2016,JAM,TAX_REV,S13,T_1000,_T,PT_B1GQ,A,7.698
2016,JAM,TAX_REV,S13,T_5000,_T,PT_B1GQ,A,15.251
2016,JAM,TAX_REV,S13,T_2000,_T,PT_B1GQ,A,1.021
2016,JAM,TAX_REV,S13,_T,_T,PT_B1GQ,A,26.539
2016,JAM,TAX_REV,S13,T_4000,_T,PT_B1GQ,A,1.201
2017,JAM,TAX_REV,S13,T_4000,_T,PT_B1GQ,A,1.244
2017,JAM,TAX_REV,S13,_T,_T,PT_B1GQ,A,27.287
2017,JAM,TAX_REV,S13,T_2000,_T,PT_B1GQ,A,1.016
2017,JAM,TAX_REV,S13,T_5000,_T,PT_B1GQ,A,16.707
2017,JAM,TAX_REV,S13,T_1000,_T,PT_B1GQ,A,6.856
2018,JAM,TAX_REV,S13,T_1000,_T,PT_B1GQ,A,7.041
2018,JAM,TAX_REV,S13,T_5000,_T,PT_B1GQ,A,16.591
2018,JAM,TAX_REV,S13,T_2000,_T,PT_B1GQ,A,1.024
2018,JAM,TAX_REV,S13,_T,_T,PT_B1GQ,A,27.371
2018,JAM,TAX_REV,S13,T_4000,_T,PT_B1GQ,A,1.207
2019,JAM,TAX_REV,S13,T_4000,_T,PT_B1GQ,A,0.901
2019,JAM,TAX_REV,S13,_T,_T,PT_B1GQ,A,28.41
2019,JAM,TAX_REV,S13,T_2000,_T,PT_B1GQ,A,1.158
2019,JAM,TAX_REV,S13,T_5000,_T,PT_B1GQ,A,17.459
2019,JAM,TAX_REV,S13,T_1000,_T,PT_B1GQ,A,7.314
2020,JAM,TAX_REV,S13,T_1000,_T,PT_B1GQ,A,7.986
2020,JAM,TAX_REV,S13,T_5000,_T,PT_B1GQ,A,16.177
2020,JAM,TAX_REV,S13,T_2000,_T,PT_B1GQ,A,1.287
2020,JAM,TAX_REV,S13,_T,_T,PT_B1GQ,A,27.925
2020,JAM,TAX_REV,S13,T_4000,_T,PT_B1GQ,A,0.8
2021,JAM,TAX_REV,S13,T_4000,_T,PT_B1GQ,A,0.782
2021,JAM,TAX_REV,S13,_T,_T,PT_B1GQ,A,26.547
2021,JAM,TAX_REV,S13,T_2000,_T,PT_B1GQ,A,1.364
2021,JAM,TAX_REV,S13,T_5000,_T,PT_B1GQ,A,15.739
2021,JAM,TAX_REV,S13,T_1000,_T,PT_B1GQ,A,7.196
2022,JAM,TAX_REV,S13,T_1000,_T,PT_B1GQ,A,7.508
2022,JAM,TAX_REV,S13,T_5000,_T,PT_B1GQ,A,16.613
2022,JAM,TAX_REV,S13,T_2000,_T,PT_B1GQ,A,1.545
2022,JAM,TAX_REV,S13,_T,_T,PT_B1GQ,A,27.912
2022,JAM,TAX_REV,S13,T_4000,_T,PT_B1GQ,A,0.767
2023,JAM,TAX_REV,S13,T_4000,_T,PT_B1GQ,A,0.68
2023,JAM,TAX_REV,S13,_T,_T,PT_B1GQ,A,29.024
2023,JAM,TAX_REV,S13,T_2000,_T,PT_B1GQ,A,1.798
2023,JAM,TAX_REV,S13,T_5000,_T,PT_B1GQ,A,15.695
2023,JAM,TAX_REV,S13,T_1000,_T,PT_B1GQ,A,9.2
2014,MUS,TAX_REV,S13,T_4000,_T,PT_B1GQ,A,1.074
2014,MUS,TAX_REV,S13,T_2000,_T,PT_B1GQ,A,0.754
2014,MUS,TAX_REV,S13,_T,_T,PT_B1GQ,A,18.928
2014,MUS,TAX_REV,S13,T_1000,_T,PT_B1GQ,A,4.592
2014,MUS,TAX_REV,S13,T_5000,_T,PT_B1GQ,A,12.334
2015,MUS,TAX_REV,S13,T_5000,_T,PT_B1GQ,A,12.216
2015,MUS,TAX_REV,S13,T_1000,_T,PT_B1GQ,A,4.702
2015,MUS,TAX_REV,S13,_T,_T,PT_B1GQ,A,18.821
2015,MUS,TAX_REV,S13,T_2000,_T,PT_B1GQ,A,0.773
2015,MUS,TAX_REV,S13,T_4000,_T,PT_B1GQ,A,0.973
2016,MUS,TAX_REV,S13,T_4000,_T,PT_B1GQ,A,1.078
2016,MUS,TAX_REV,S13,T_2000,_T,PT_B1GQ,A,0.778
2016,MUS,TAX_REV,S13,_T,_T,PT_B1GQ,A,18.96
2016,MUS,TAX_REV,S13,T_1000,_T,PT_B1GQ,A,4.698
2016,MUS,TAX_REV,S13,T_5000,_T,PT_B1GQ,A,12.244
2017,MUS,TAX_REV,S13,T_5000,_T,PT_B1GQ,A,12.245
2017,MUS,TAX_REV,S13,T_1000,_T,PT_B1GQ,A,4.984
2017,MUS,TAX_REV,S13,_T,_T,PT_B1GQ,A,19.247
2017,MUS,TAX_REV,S13,T_2000,_T,PT_B1GQ,A,0.793
2017,MUS,TAX_REV,S13,T_4000,_T,PT_B1GQ,A,1.063
2018,MUS,TAX_REV,S13,T_4000,_T,PT_B1GQ,A,0.968
2018,MUS,TAX_REV,S13,T_2000,_T,PT_B1GQ,A,0.746
2018,MUS,TAX_REV,S13,_T,_T,PT_B1GQ,A,19.684
2018,MUS,TAX_REV,S13,T_1000,_T,PT_B1GQ,A,5.001
2018,MUS,TAX_REV,S13,T_5000,_T,PT_B1GQ,A,12.83
2019,MUS,TAX_REV,S13,T_5000,_T,PT_B1GQ,A,12.986
2019,MUS,TAX_REV,S13,T_1000,_T,PT_B1GQ,A,5.495
2019,MUS,TAX_REV,S13,_T,_T,PT_B1GQ,A,20.429
2019,MUS,TAX_REV,S13,T_2000,_T,PT_B1GQ,A,0.838
2019,MUS,TAX_REV,S13,T_4000,_T,PT_B1GQ,A,0.93
2020,MUS,TAX_REV,S13,T_4000,_T,PT_B1GQ,A,0.85
2020,MUS,TAX_REV,S13,T_2000,_T,PT_B1GQ,A,0.949
2020,MUS,TAX_REV,S13,_T,_T,PT_B1GQ,A,20.245
2020,MUS,TAX_REV,S13,T_1000,_T,PT_B1GQ,A,5.815
2020,MUS,TAX_REV,S13,T_5000,_T,PT_B1GQ,A,12.442
2021,MUS,TAX_REV,S13,T_5000,_T,PT_B1GQ,A,11.646
2021,MUS,TAX_REV,S13,T_1000,_T,PT_B1GQ,A,5.942
2021,MUS,TAX_REV,S13,_T,_T,PT_B1GQ,A,19.98
2021,MUS,TAX_REV,S13,T_2000,_T,PT_B1GQ,A,1.299
2021,MUS,TAX_REV,S13,T_4000,_T,PT_B1GQ,A,0.978
2022,MUS,TAX_REV,S13,T_4000,_T,PT_B1GQ,A,1.113
2022,MUS,TAX_REV,S13,T_2000,_T,PT_B1GQ,A,1.589
2022,MUS,TAX_REV,S13,_T,_T,PT_B1GQ,A,22.272
2022,MUS,TAX_REV,S13,T_1000,_T,PT_B1GQ,A,6.653
2022,MUS,TAX_REV,S13,T_5000,_T,PT_B1GQ,A,12.719
2014,MYS,TAX_REV,S13,_T,_T,PT_B1GQ,A,15.321
2014,MYS,TAX_REV,S13,T_1000,_T,PT_B1GQ,A,10.871
2014,MYS,TAX_REV,S13,T_5000,_T,PT_B1GQ,A,3.618
2014,MYS,TAX_REV,S13,T_2000,_T,PT_B1GQ,A,0.243
2015,MYS,TAX_REV,S13,T_2000,_T,PT_B1GQ,A,0.241
2015,MYS,TAX_REV,S13,T_5000,_T,PT_B1GQ,A,4.788
2015,MYS,TAX_REV,S13,T_1000,_T,PT_B1GQ,A,8.985
2015,MYS,TAX_REV,S13,_T,_T,PT_B1GQ,A,14.526
2016,MYS,TAX_REV,S13,_T,_T,PT_B1GQ,A,14.029
2016,MYS,TAX_REV,S13,T_1000,_T,PT_B1GQ,A,8.319
2016,MYS,TAX_REV,S13,T_5000,_T,PT_B1GQ,A,4.994
2016,MYS,TAX_REV,S13,T_2000,_T,PT_B1GQ,A,0.257
2017,MYS,TAX_REV,S13,T_2000,_T,PT_B1GQ,A,0.259
2017,MYS,TAX_REV,S13,T_5000,_T,PT_B1GQ,A,4.66
2017,MYS,TAX_REV,S13,T_1000,_T,PT_B1GQ,A,8.035
2017,MYS,TAX_REV,S13,_T,_T,PT_B1GQ,A,13.374
2018,MYS,TAX_REV,S13,_T,_T,PT_B1GQ,A,12.507
2018,MYS,TAX_REV,S13,T_1000,_T,PT_B1GQ,A,8.562
2018,MYS,TAX_REV,S13,T_5000,_T,PT_B1GQ,A,3.228
2018,MYS,TAX_REV,S13,T_2000,_T,PT_B1GQ,A,0.297
2019,MYS,TAX_REV,S13,T_2000,_T,PT_B1GQ,A,0.316
2019,MYS,TAX_REV,S13,T_5000,_T,PT_B1GQ,A,3.227
2019,MYS,TAX_REV,S13,T_1000,_T,PT_B1GQ,A,8.482
2019,MYS,TAX_REV,S13,_T,_T,PT_B1GQ,A,12.45
2020,MYS,TAX_REV,S13,_T,_T,PT_B1GQ,A,11.445
2020,MYS,TAX_REV,S13,T_1000,_T,PT_B1GQ,A,7.513
2020,MYS,TAX_REV,S13,T_5000,_T,PT_B1GQ,A,3.16
2020,MYS,TAX_REV,S13,T_2000,_T,PT_B1GQ,A,0.353
2021,MYS,TAX_REV,S13,T_2000,_T,PT_B1GQ,A,0.335
2021,MYS,TAX_REV,S13,T_5000,_T,PT_B1GQ,A,3.012
2021,MYS,TAX_REV,S13,T_1000,_T,PT_B1GQ,A,7.973
2021,MYS,TAX_REV,S13,_T,_T,PT_B1GQ,A,11.749
2022,MYS,TAX_REV,S13,_T,_T,PT_B1GQ,A,12.144
2022,MYS,TAX_REV,S13,T_1000,_T,PT_B1GQ,A,8.107
2022,MYS,TAX_REV,S13,T_5000,_T,PT_B1GQ,A,3.26
2022,MYS,TAX_REV,S13,T_2000,_T,PT_B1GQ,A,0.328
2023,MYS,TAX_REV,S13,T_2000,_T,PT_B1GQ,A,0.371
2023,MYS,TAX_REV,S13,T_5000,_T,PT_B1GQ,A,3.35
2023,MYS,TAX_REV,S13,T_1000,_T,PT_B1GQ,A,8.874
2023,MYS,TAX_REV,S13,_T,_T,PT_B1GQ,A,13.12
2014,LIE,TAX_REV,S13,T_1000,_T,PT_B1GQ,A,8.161
2014,LIE,TAX_REV,S13,T_2000,_T,PT_B1GQ,A,5.951
2014,LIE,TAX_REV,S13,_T,_T,PT_B1GQ,A,18.745
2014,LIE,TAX_REV,S13,T_4000,_T,PT_B1GQ,A,0.679
2014,LIE,TAX_REV,S13,T_5000,_T,PT_B1GQ,A,3.951
2015,LIE,TAX_REV,S13,T_5000,_T,PT_B1GQ,A,4.151
2015,LIE,TAX_REV,S13,T_4000,_T,PT_B1GQ,A,0.609
2015,LIE,TAX_REV,S13,_T,_T,PT_B1GQ,A,20.428
2015,LIE,TAX_REV,S13,T_2000,_T,PT_B1GQ,A,6.049
2015,LIE,TAX_REV,S13,T_1000,_T,PT_B1GQ,A,9.615
2016,LIE,TAX_REV,S13,T_1000,_T,PT_B1GQ,A,8.79
2016,LIE,TAX_REV,S13,T_2000,_T,PT_B1GQ,A,6.091
2016,LIE,TAX_REV,S13,_T,_T,PT_B1GQ,A,19.956
2016,LIE,TAX_REV,S13,T_4000,_T,PT_B1GQ,A,0.537
2016,LIE,TAX_REV,S13,T_5000,_T,PT_B1GQ,A,4.535
2017,LIE,TAX_REV,S13,T_5000,_T,PT_B1GQ,A,4.247
2017,LIE,TAX_REV,S13,T_4000,_T,PT_B1GQ,A,0.617
2017,LIE,TAX_REV,S13,_T,_T,PT_B1GQ,A,19.331
2017,LIE,TAX_REV,S13,T_2000,_T,PT_B1GQ,A,5.829
2017,LIE,TAX_REV,S13,T_1000,_T,PT_B1GQ,A,8.633
2018,LIE,TAX_REV,S13,T_1000,_T,PT_B1GQ,A,8.935
2018,LIE,TAX_REV,S13,T_2000,_T,PT_B1GQ,A,5.979
2018,LIE,TAX_REV,S13,_T,_T,PT_B1GQ,A,19.882
2018,LIE,TAX_REV,S13,T_4000,_T,PT_B1GQ,A,0.578
2018,LIE,TAX_REV,S13,T_5000,_T,PT_B1GQ,A,4.386
2019,LIE,TAX_REV,S13,T_5000,_T,PT_B1GQ,A,5.015
2019,LIE,TAX_REV,S13,T_4000,_T,PT_B1GQ,A,0.569
2019,LIE,TAX_REV,S13,_T,_T,PT_B1GQ,A,21.494
2019,LIE,TAX_REV,S13,T_2000,_T,PT_B1GQ,A,6.518
2019,LIE,TAX_REV,S13,T_1000,_T,PT_B1GQ,A,9.389
2020,LIE,TAX_REV,S13,T_1000,_T,PT_B1GQ,A,15.19
2020,LIE,TAX_REV,S13,T_2000,_T,PT_B1GQ,A,7.002
2020,LIE,TAX_REV,S13,_T,_T,PT_B1GQ,A,28.141
2020,LIE,TAX_REV,S13,T_4000,_T,PT_B1GQ,A,0.746
2020,LIE,TAX_REV,S13,T_5000,_T,PT_B1GQ,A,5.198
2021,LIE,TAX_REV,S13,T_5000,_T,PT_B1GQ,A,4.425
2021,LIE,TAX_REV,S13,T_4000,_T,PT_B1GQ,A,0.771
2021,LIE,TAX_REV,S13,_T,_T,PT_B1GQ,A,19.328
2021,LIE,TAX_REV,S13,T_2000,_T,PT_B1GQ,A,5.921
2021,LIE,TAX_REV,S13,T_1000,_T,PT_B1GQ,A,8.206
2022,LIE,TAX_REV,S13,T_1000,_T,PT_B1GQ,A,8.991
2022,LIE,TAX_REV,S13,T_2000,_T,PT_B1GQ,A,6.065
2022,LIE,TAX_REV,S13,_T,_T,PT_B1GQ,A,20.809
2022,LIE,TAX_REV,S13,T_4000,_T,PT_B1GQ,A,0.734
2022,LIE,TAX_REV,S13,T_5000,_T,PT_B1GQ,A,5.015
2023,LIE,TAX_REV,S13,T_5000,_T,PT_B1GQ,A,4.981
2023,LIE,TAX_REV,S13,T_4000,_T,PT_B1GQ,A,0.564
2023,LIE,TAX_REV,S13,_T,_T,PT_B1GQ,A,21.496
2023,LIE,TAX_REV,S13,T_2000,_T,PT_B1GQ,A,6.347
2023,LIE,TAX_REV,S13,T_1000,_T,PT_B1GQ,A,9.601
2014,GUY,TAX_REV,S13,T_1000,_T,PT_B1GQ,A,6.057
2014,GUY,TAX_REV,S13,_T,_T,PT_B1GQ,A,17.765
2014,GUY,TAX_REV,S13,T_5000,_T,PT_B1GQ,A,9.517
2014,GUY,TAX_REV,S13,T_2000,_T,PT_B1GQ,A,1.758
2014,GUY,TAX_REV,S13,T_4000,_T,PT_B1GQ,A,0.359
2015,GUY,TAX_REV,S13,T_4000,_T,PT_B1GQ,A,0.416
2015,GUY,TAX_REV,S13,T_2000,_T,PT_B1GQ,A,1.883
2015,GUY,TAX_REV,S13,T_5000,_T,PT_B1GQ,A,9.496
2015,GUY,TAX_REV,S13,_T,_T,PT_B1GQ,A,18.092
2015,GUY,TAX_REV,S13,T_1000,_T,PT_B1GQ,A,6.224
2016,GUY,TAX_REV,S13,T_1000,_T,PT_B1GQ,A,6.603
2016,GUY,TAX_REV,S13,_T,_T,PT_B1GQ,A,18.398
2016,GUY,TAX_REV,S13,T_5000,_T,PT_B1GQ,A,9.339
2016,GUY,TAX_REV,S13,T_2000,_T,PT_B1GQ,A,1.967
2016,GUY,TAX_REV,S13,T_4000,_T,PT_B1GQ,A,0.386
2017,GUY,TAX_REV,S13,T_4000,_T,PT_B1GQ,A,0.411
2017,GUY,TAX_REV,S13,T_2000,_T,PT_B1GQ,A,2.031
2017,GUY,TAX_REV,S13,T_5000,_T,PT_B1GQ,A,9.944
2017,GUY,TAX_REV,S13,_T,_T,PT_B1GQ,A,19.532
2017,GUY,TAX_REV,S13,T_1000,_T,PT_B1GQ,A,6.944
2018,GUY,TAX_REV,S13,T_1000,_T,PT_B1GQ,A,7.94
2018,GUY,TAX_REV,S13,_T,_T,PT_B1GQ,A,22.165
2018,GUY,TAX_REV,S13,T_5000,_T,PT_B1GQ,A,11.385
2018,GUY,TAX_REV,S13,T_2000,_T,PT_B1GQ,A,2.13
2018,GUY,TAX_REV,S13,T_4000,_T,PT_B1GQ,A,0.49
2019,GUY,TAX_REV,S13,T_4000,_T,PT_B1GQ,A,0.456
2019,GUY,TAX_REV,S13,T_2000,_T,PT_B1GQ,A,2.2
2019,GUY,TAX_REV,S13,T_5000,_T,PT_B1GQ,A,11.583
2019,GUY,TAX_REV,S13,_T,_T,PT_B1GQ,A,23.198
2019,GUY,TAX_REV,S13,T_1000,_T,PT_B1GQ,A,8.761
2020,GUY,TAX_REV,S13,T_1000,_T,PT_B1GQ,A,9.271
2020,GUY,TAX_REV,S13,_T,_T,PT_B1GQ,A,21.346
2020,GUY,TAX_REV,S13,T_5000,_T,PT_B1GQ,A,9.352
2020,GUY,TAX_REV,S13,T_2000,_T,PT_B1GQ,A,2.166
2020,GUY,TAX_REV,S13,T_4000,_T,PT_B1GQ,A,0.385
2021,GUY,TAX_REV,S13,T_4000,_T,PT_B1GQ,A,0.333
2021,GUY,TAX_REV,S13,T_2000,_T,PT_B1GQ,A,1.594
2021,GUY,TAX_REV,S13,T_5000,_T,PT_B1GQ,A,7.398
2021,GUY,TAX_REV,S13,_T,_T,PT_B1GQ,A,16.843
2021,GUY,TAX_REV,S13,T_1000,_T,PT_B1GQ,A,7.401
2022,GUY,TAX_REV,S13,T_1000,_T,PT_B1GQ,A,5.37
2022,GUY,TAX_REV,S13,_T,_T,PT_B1GQ,A,10.57
2022,GUY,TAX_REV,S13,T_5000,_T,PT_B1GQ,A,3.899
2022,GUY,TAX_REV,S13,T_2000,_T,PT_B1GQ,A,1.022
2022,GUY,TAX_REV,S13,T_4000,_T,PT_B1GQ,A,0.213
2023,GUY,TAX_REV,S13,T_4000,_T,PT_B1GQ,A,0.217
2023,GUY,TAX_REV,S13,T_2000,_T,PT_B1GQ,A,1.023
2023,GUY,TAX_REV,S13,T_5000,_T,PT_B1GQ,A,4.23
2023,GUY,TAX_REV,S13,_T,_T,PT_B1GQ,A,11.593
2023,GUY,TAX_REV,S13,T_1000,_T,PT_B1GQ,A,6.064
2014,URY,TAX_REV,S13,T_5000,_T,PT_B1GQ,A,10.998
2014,URY,TAX_REV,S13,_T,_T,PT_B1GQ,A,25.149
2014,URY,TAX_REV,S13,T_4000,_T,PT_B1GQ,A,2.013
2014,URY,TAX_REV,S13,T_2000,_T,PT_B1GQ,A,6.958
2014,URY,TAX_REV,S13,T_1000,_T,PT_B1GQ,A,5.037
2015,URY,TAX_REV,S13,T_1000,_T,PT_B1GQ,A,5.298
2015,URY,TAX_REV,S13,T_2000,_T,PT_B1GQ,A,6.88
2015,URY,TAX_REV,S13,T_4000,_T,PT_B1GQ,A,2.041
2015,URY,TAX_REV,S13,_T,_T,PT_B1GQ,A,25.076
2015,URY,TAX_REV,S13,T_5000,_T,PT_B1GQ,A,10.721
2016,URY,TAX_REV,S13,T_5000,_T,PT_B1GQ,A,10.502
2016,URY,TAX_REV,S13,_T,_T,PT_B1GQ,A,25.486
2016,URY,TAX_REV,S13,T_4000,_T,PT_B1GQ,A,2.102
2016,URY,TAX_REV,S13,T_2000,_T,PT_B1GQ,A,6.869
2016,URY,TAX_REV,S13,T_1000,_T,PT_B1GQ,A,5.868
2017,URY,TAX_REV,S13,T_1000,_T,PT_B1GQ,A,6.721
2017,URY,TAX_REV,S13,T_2000,_T,PT_B1GQ,A,7.057
2017,URY,TAX_REV,S13,T_4000,_T,PT_B1GQ,A,2.063
2017,URY,TAX_REV,S13,_T,_T,PT_B1GQ,A,26.548
2017,URY,TAX_REV,S13,T_5000,_T,PT_B1GQ,A,10.55
2018,URY,TAX_REV,S13,T_5000,_T,PT_B1GQ,A,10.495
2018,URY,TAX_REV,S13,_T,_T,PT_B1GQ,A,26.623
2018,URY,TAX_REV,S13,T_4000,_T,PT_B1GQ,A,2.018
2018,URY,TAX_REV,S13,T_2000,_T,PT_B1GQ,A,6.951
2018,URY,TAX_REV,S13,T_1000,_T,PT_B1GQ,A,6.999
2019,URY,TAX_REV,S13,T_1000,_T,PT_B1GQ,A,6.834
2019,URY,TAX_REV,S13,T_2000,_T,PT_B1GQ,A,6.91
2019,URY,TAX_REV,S13,T_4000,_T,PT_B1GQ,A,2.014
2019,URY,TAX_REV,S13,_T,_T,PT_B1GQ,A,26.15
2019,URY,TAX_REV,S13,T_5000,_T,PT_B1GQ,A,10.229
2020,URY,TAX_REV,S13,T_5000,_T,PT_B1GQ,A,10.641
2020,URY,TAX_REV,S13,_T,_T,PT_B1GQ,A,26.625
2020,URY,TAX_REV,S13,T_4000,_T,PT_B1GQ,A,2.075
2020,URY,TAX_REV,S13,T_2000,_T,PT_B1GQ,A,6.661
2020,URY,TAX_REV,S13,T_1000,_T,PT_B1GQ,A,7.086
2021,URY,TAX_REV,S13,T_1000,_T,PT_B1GQ,A,6.756
2021,URY,TAX_REV,S13,T_2000,_T,PT_B1GQ,A,6.254
2021,URY,TAX_REV,S13,T_4000,_T,PT_B1GQ,A,1.98
2021,URY,TAX_REV,S13,_T,_T,PT_B1GQ,A,25.879
2021,URY,TAX_REV,S13,T_5000,_T,PT_B1GQ,A,10.74
2022,URY,TAX_REV,S13,T_5000,_T,PT_B1GQ,A,10.774
2022,URY,TAX_REV,S13,_T,_T,PT_B1GQ,A,27.009
2022,URY,TAX_REV,S13,T_4000,_T,PT_B1GQ,A,2.078
2022,URY,TAX_REV,S13,T_2000,_T,PT_B1GQ,A,6.797
2022,URY,TAX_REV,S13,T_1000,_T,PT_B1GQ,A,7.177
2023,URY,TAX_REV,S13,T_1000,_T,PT_B1GQ,A,7.246
2023,URY,TAX_REV,S13,T_2000,_T,PT_B1GQ,A,7.279
2023,URY,TAX_REV,S13,T_4000,_T,PT_B1GQ,A,2.133
2023,URY,TAX_REV,S13,_T,_T,PT_B1GQ,A,27.411
2023,URY,TAX_REV,S13,T_5000,_T,PT_B1GQ,A,10.559
2014,A9,TAX_REV,S13,T_2000,_T,PT_B1GQ,A,3.478
2014,A9,TAX_REV,S13,T_4000,_T,PT_B1GQ,A,0.895
2014,A9,TAX_REV,S13,T_5000,_T,PT_B1GQ,A,10.146
2014,A9,TAX_REV,S13,T_1000,_T,PT_B1GQ,A,5.595
2014,A9,TAX_REV,S13,_T,_T,PT_B1GQ,A,20.567
2015,A9,TAX_REV,S13,_T,_T,PT_B1GQ,A,21.043
2015,A9,TAX_REV,S13,T_1000,_T,PT_B1GQ,A,5.612
2015,A9,TAX_REV,S13,T_5000,_T,PT_B1GQ,A,10.447
2015,A9,TAX_REV,S13,T_4000,_T,PT_B1GQ,A,0.899
2015,A9,TAX_REV,S13,T_2000,_T,PT_B1GQ,A,3.628
2016,A9,TAX_REV,S13,T_2000,_T,PT_B1GQ,A,3.617
2016,A9,TAX_REV,S13,T_4000,_T,PT_B1GQ,A,0.88
2016,A9,TAX_REV,S13,T_5000,_T,PT_B1GQ,A,10.498
2016,A9,TAX_REV,S13,T_1000,_T,PT_B1GQ,A,5.405
2016,A9,TAX_REV,S13,_T,_T,PT_B1GQ,A,20.949
2017,A9,TAX_REV,S13,_T,_T,PT_B1GQ,A,20.956
2017,A9,TAX_REV,S13,T_1000,_T,PT_B1GQ,A,5.334
2017,A9,TAX_REV,S13,T_5000,_T,PT_B1GQ,A,10.552
2017,A9,TAX_REV,S13,T_4000,_T,PT_B1GQ,A,0.887
2017,A9,TAX_REV,S13,T_2000,_T,PT_B1GQ,A,3.705
2018,A9,TAX_REV,S13,T_2000,_T,PT_B1GQ,A,3.682
2018,A9,TAX_REV,S13,T_4000,_T,PT_B1GQ,A,0.873
2018,A9,TAX_REV,S13,T_5000,_T,PT_B1GQ,A,10.627
2018,A9,TAX_REV,S13,T_1000,_T,PT_B1GQ,A,5.611
2018,A9,TAX_REV,S13,_T,_T,PT_B1GQ,A,21.258
2019,A9,TAX_REV,S13,_T,_T,PT_B1GQ,A,21.44
2019,A9,TAX_REV,S13,T_1000,_T,PT_B1GQ,A,5.673
2019,A9,TAX_REV,S13,T_5000,_T,PT_B1GQ,A,10.655
2019,A9,TAX_REV,S13,T_4000,_T,PT_B1GQ,A,0.901
2019,A9,TAX_REV,S13,T_2000,_T,PT_B1GQ,A,3.724
2020,A9,TAX_REV,S13,T_2000,_T,PT_B1GQ,A,3.829
2020,A9,TAX_REV,S13,T_4000,_T,PT_B1GQ,A,0.849
2020,A9,TAX_REV,S13,T_5000,_T,PT_B1GQ,A,10.058
2020,A9,TAX_REV,S13,T_1000,_T,PT_B1GQ,A,5.594
2020,A9,TAX_REV,S13,_T,_T,PT_B1GQ,A,20.816
2021,A9,TAX_REV,S13,_T,_T,PT_B1GQ,A,21.012
2021,A9,TAX_REV,S13,T_1000,_T,PT_B1GQ,A,5.649
2021,A9,TAX_REV,S13,T_5000,_T,PT_B1GQ,A,10.214
2021,A9,TAX_REV,S13,T_4000,_T,PT_B1GQ,A,0.912
2021,A9,TAX_REV,S13,T_2000,_T,PT_B1GQ,A,3.682
2022,A9,TAX_REV,S13,T_2000,_T,PT_B1GQ,A,3.526
2022,A9,TAX_REV,S13,T_4000,_T,PT_B1GQ,A,0.891
2022,A9,TAX_REV,S13,T_5000,_T,PT_B1GQ,A,10.04
2022,A9,TAX_REV,S13,T_1000,_T,PT_B1GQ,A,6.303
2022,A9,TAX_REV,S13,_T,_T,PT_B1GQ,A,21.422
2023,A9,TAX_REV,S13,_T,_T,PT_B1GQ,A,21.261
2023,A9,TAX_REV,S13,T_1000,_T,PT_B1GQ,A,6.183
2023,A9,TAX_REV,S13,T_5000,_T,PT_B1GQ,A,10.036
2023,A9,TAX_REV,S13,T_4000,_T,PT_B1GQ,A,0.848
2023,A9,TAX_REV,S13,T_2000,_T,PT_B1GQ,A,3.585
2014,BHS,TAX_REV,S13,T_1000,_T,PT_B1GQ,A,0.0
2015,BHS,TAX_REV,S13,T_1000,_T,PT_B1GQ,A,0.0
2016,BHS,TAX_REV,S13,T_1000,_T,PT_B1GQ,A,0.0
2017,BHS,TAX_REV,S13,T_1000,_T,PT_B1GQ,A,0.0
2018,BHS,TAX_REV,S13,T_1000,_T,PT_B1GQ,A,0.0
2019,BHS,TAX_REV,S13,T_1000,_T,PT_B1GQ,A,0.0
2020,BHS,TAX_REV,S13,T_1000,_T,PT_B1GQ,A,0.0
2021,BHS,TAX_REV,S13,T_1000,_T,PT_B1GQ,A,0.0
2022,BHS,TAX_REV,S13,T_1000,_T,PT_B1GQ,A,0.0
2023,BHS,TAX_REV,S13,T_1000,_T,PT_B1GQ,A,0.0
2014,ARM,TAX_REV,S13,T_4000,_T,PT_B1GQ,A,0.0
2015,ARM,TAX_REV,S13,T_4000,_T,PT_B1GQ,A,0.0
2016,ARM,TAX_REV,S13,T_4000,_T,PT_B1GQ,A,0.0
2017,ARM,TAX_REV,S13,T_4000,_T,PT_B1GQ,A,0.0
2018,ARM,TAX_REV,S13,T_4000,_T,PT_B1GQ,A,0.0
2019,ARM,TAX_REV,S13,T_4000,_T,PT_B1GQ,A,0.0
2020,ARM,TAX_REV,S13,T_4000,_T,PT_B1GQ,A,0.0
2021,ARM,TAX_REV,S13,T_4000,_T,PT_B1GQ,A,0.0
2022,ARM,TAX_REV,S13,T_4000,_T,PT_B1GQ,A,0.0
2023,ARM,TAX_REV,S13,T_4000,_T,PT_B1GQ,A,0.0
2014,BGD,TAX_REV,S13,T_4000,_T,PT_B1GQ,A,0.0
2015,BGD,TAX_REV,S13,T_4000,_T,PT_B1GQ,A,0.0
2016,BGD,TAX_REV,S13,T_4000,_T,PT_B1GQ,A,0.0
2017,BGD,TAX_REV,S13,T_4000,_T,PT_B1GQ,A,0.0
2018,BGD,TAX_REV,S13,T_4000,_T,PT_B1GQ,A,0.0
2019,BGD,TAX_REV,S13,T_4000,_T,PT_B1GQ,A,0.0
2020,BGD,TAX_REV,S13,T_4000,_T,PT_B1GQ,A,0.0
2021,BGD,TAX_REV,S13,T_4000,_T,PT_B1GQ,A,0.0
2022,BGD,TAX_REV,S13,T_4000,_T,PT_B1GQ,A,0.0
2023,BGD,TAX_REV,S13,T_4000,_T,PT_B1GQ,A,0.0
2014,AUS,TAX_REV,S13,T_2000,_T,PT_B1GQ,A,0.0
2015,AUS,TAX_REV,S13,T_2000,_T,PT_B1GQ,A,0.0
2016,AUS,TAX_REV,S13,T_2000,_T,PT_B1GQ,A,0.0
2017,AUS,TAX_REV,S13,T_2000,_T,PT_B1GQ,A,0.0
2018,AUS,TAX_REV,S13,T_2000,_T,PT_B1GQ,A,0.0
2019,AUS,TAX_REV,S13,T_2000,_T,PT_B1GQ,A,0.0
2014,NZL,TAX_REV,S13,T_2000,_T,PT_B1GQ,A,0.0
2015,NZL,TAX_REV,S13,T_2000,_T,PT_B1GQ,A,0.0
2016,NZL,TAX_REV,S13,T_2000,_T,PT_B1GQ,A,0.0
2017,NZL,TAX_REV,S13,T_2000,_T,PT_B1GQ,A,0.0
2018,NZL,TAX_REV,S13,T_2000,_T,PT_B1GQ,A,0.0
2019,NZL,TAX_REV,S13,T_2000,_T,PT_B1GQ,A,0.0
2020,NZL,TAX_REV,S13,T_2000,_T,PT_B1GQ,A,0.0
2021,NZL,TAX_REV,S13,T_2000,_T,PT_B1GQ,A,0.0
2022,NZL,TAX_REV,S13,T_2000,_T,PT_B1GQ,A,0.0
2023,NZL,TAX_REV,S13,T_2000,_T,PT_B1GQ,A,0.0
2014,BGD,TAX_REV,S13,T_2000,_T,PT_B1GQ,A,0.0
2015,BGD,TAX_REV,S13,T_2000,_T,PT_B1GQ,A,0.0
2016,BGD,TAX_REV,S13,T_2000,_T,PT_B1GQ,A,0.0
2017,BGD,TAX_REV,S13,T_2000,_T,PT_B1GQ,A,0.0
2018,BGD,TAX_REV,S13,T_2000,_T,PT_B1GQ,A,0.0
2019,BGD,TAX_REV,S13,T_2000,_T,PT_B1GQ,A,0.0
2020,BGD,TAX_REV,S13,T_2000,_T,PT_B1GQ,A,0.0
2021,BGD,TAX_REV,S13,T_2000,_T,PT_B1GQ,A,0.0
2022,BGD,TAX_REV,S13,T_2000,_T,PT_B1GQ,A,0.0
2023,BGD,TAX_REV,S13,T_2000,_T,PT_B1GQ,A,0.0
2014,BTN,TAX_REV,S13,T_2000,_T,PT_B1GQ,A,0.0
2015,BTN,TAX_REV,S13,T_2000,_T,PT_B1GQ,A,0.0
2016,BTN,TAX_REV,S13,T_2000,_T,PT_B1GQ,A,0.0
2017,BTN,TAX_REV,S13,T_2000,_T,PT_B1GQ,A,0.0
2018,BTN,TAX_REV,S13,T_2000,_T,PT_B1GQ,A,0.0
2019,BTN,TAX_REV,S13,T_2000,_T,PT_B1GQ,A,0.0
2020,BTN,TAX_REV,S13,T_2000,_T,PT_B1GQ,A,0.0
2021,BTN,TAX_REV,S13,T_2000,_T,PT_B1GQ,A,0.0
2022,BTN,TAX_REV,S13,T_2000,_T,PT_B1GQ,A,0.0
2023,BTN,TAX_REV,S13,T_2000,_T,PT_B1GQ,A,0.0
2014,BWA,TAX_REV,S13,T_2000,_T,PT_B1GQ,A,0.0
2015,BWA,TAX_REV,S13,T_2000,_T,PT_B1GQ,A,0.0
2016,BWA,TAX_REV,S13,T_2000,_T,PT_B1GQ,A,0.0
2017,BWA,TAX_REV,S13,T_2000,_T,PT_B1GQ,A,0.0
2018,BWA,TAX_REV,S13,T_2000,_T,PT_B1GQ,A,0.0
2019,BWA,TAX_REV,S13,T_2000,_T,PT_B1GQ,A,0.0
2020,BWA,TAX_REV,S13,T_2000,_T,PT_B1GQ,A,0.0
2021,BWA,TAX_REV,S13,T_2000,_T,PT_B1GQ,A,0.0
2022,BWA,TAX_REV,S13,T_2000,_T,PT_B1GQ,A,0.0
2014,AUT,TAX_REV,S13,T_2000,_T,PT_B1GQ,A,14.501
2015,AUT,TAX_REV,S13,T_2000,_T,PT_B1GQ,A,14.485
2016,AUT,TAX_REV,S13,T_2000,_T,PT_B1GQ,A,14.493
2017,AUT,TAX_REV,S13,T_2000,_T,PT_B1GQ,A,14.598
2018,AUT,TAX_REV,S13,T_2000,_T,PT_B1GQ,A,14.709
2019,AUT,TAX_REV,S13,T_2000,_T,PT_B1GQ,A,14.877
2020,AUT,TAX_REV,S13,T_2000,_T,PT_B1GQ,A,15.498
2021,AUT,TAX_REV,S13,T_2000,_T,PT_B1GQ,A,15.363
2022,AUT,TAX_REV,S13,T_2000,_T,PT_B1GQ,A,14.734
2023,AUT,TAX_REV,S13,T_2000,_T,PT_B1GQ,A,14.837
2014,BEL,TAX_REV,S13,T_2000,_T,PT_B1GQ,A,14.164
2015,BEL,TAX_REV,S13,T_2000,_T,PT_B1GQ,A,14.08
2016,BEL,TAX_REV,S13,T_2000,_T,PT_B1GQ,A,13.481
2017,BEL,TAX_REV,S13,T_2000,_T,PT_B1GQ,A,13.411
2018,BEL,TAX_REV,S13,T_2000,_T,PT_B1GQ,A,13.266
2019,BEL,TAX_REV,S13,T_2000,_T,PT_B1GQ,A,13.186
2020,BEL,TAX_REV,S13,T_2000,_T,PT_B1GQ,A,13.505
2021,BEL,TAX_REV,S13,T_2000,_T,PT_B1GQ,A,12.894
2022,BEL,TAX_REV,S13,T_2000,_T,PT_B1GQ,A,12.889
2023,BEL,TAX_REV,S13,T_2000,_T,PT_B1GQ,A,13.186
2014,CAN,TAX_REV,S13,T_2000,_T,PT_B1GQ,A,4.68
2015,CAN,TAX_REV,S13,T_2000,_T,PT_B1GQ,A,4.842
2016,CAN,TAX_REV,S13,T_2000,_T,PT_B1GQ,A,4.888
2017,CAN,TAX_REV,S13,T_2000,_T,PT_B1GQ,A,4.624
2018,CAN,TAX_REV,S13,T_2000,_T,PT_B1GQ,A,4.65
2019,CAN,TAX_REV,S13,T_2000,_T,PT_B1GQ,A,4.685
2020,CAN,TAX_REV,S13,T_2000,_T,PT_B1GQ,A,4.841
2021,CAN,TAX_REV,S13,T_2000,_T,PT_B1GQ,A,4.804
2022,CAN,TAX_REV,S13,T_2000,_T,PT_B1GQ,A,4.748
2023,CAN,TAX_REV,S13,T_2000,_T,PT_B1GQ,A,5.186
2014,CHL,TAX_REV,S13,T_2000,_T,PT_B1GQ,A,1.426
2015,CHL,TAX_REV,S13,T_2000,_T,PT_B1GQ,A,1.42
2016,CHL,TAX_REV,S13,T_2000,_T,PT_B1GQ,A,1.447
2017,CHL,TAX_REV,S13,T_2000,_T,PT_B1GQ,A,1.465
2018,CHL,TAX_REV,S13,T_2000,_T,PT_B1GQ,A,1.471
2019,CHL,TAX_REV,S13,T_2000,_T,PT_B1GQ,A,1.532
2020,CHL,TAX_REV,S13,T_2000,_T,PT_B1GQ,A,1.543
2021,CHL,TAX_REV,S13,T_2000,_T,PT_B1GQ,A,1.175
2022,CHL,TAX_REV,S13,T_2000,_T,PT_B1GQ,A,0.98
2023,CHL,TAX_REV,S13,T_2000,_T,PT_B1GQ,A,1.164
2014,COL,TAX_REV,S13,T_2000,_T,PT_B1GQ,A,1.798
2015,COL,TAX_REV,S13,T_2000,_T,PT_B1GQ,A,1.688
2016,COL,TAX_REV,S13,T_2000,_T,PT_B1GQ,A,1.788
2017,COL,TAX_REV,S13,T_2000,_T,PT_B1GQ,A,1.451
2018,COL,TAX_REV,S13,T_2000,_T,PT_B1GQ,A,1.842
2019,COL,TAX_REV,S13,T_2000,_T,PT_B1GQ,A,1.845
2020,COL,TAX_REV,S13,T_2000,_T,PT_B1GQ,A,1.842
2021,COL,TAX_REV,S13,T_2000,_T,PT_B1GQ,A,1.817
2022,COL,TAX_REV,S13,T_2000,_T,PT_B1GQ,A,1.627
2023,COL,TAX_REV,S13,T_2000,_T,PT_B1GQ,A,1.614
2014,CRI,TAX_REV,S13,T_2000,_T,PT_B1GQ,A,7.55
2015,CRI,TAX_REV,S13,T_2000,_T,PT_B1GQ,A,7.64
2016,CRI,TAX_REV,S13,T_2000,_T,PT_B1GQ,A,7.923
2017,CRI,TAX_REV,S13,T_2000,_T,PT_B1GQ,A,7.689
2018,CRI,TAX_REV,S13,T_2000,_T,PT_B1GQ,A,7.94
2019,CRI,TAX_REV,S13,T_2000,_T,PT_B1GQ,A,8.0
2020,CRI,TAX_REV,S13,T_2000,_T,PT_B1GQ,A,8.142
2021,CRI,TAX_REV,S13,T_2000,_T,PT_B1GQ,A,8.941
2022,CRI,TAX_REV,S13,T_2000,_T,PT_B1GQ,A,8.761
2023,CRI,TAX_REV,S13,T_2000,_T,PT_B1GQ,A,8.908
2014,CZE,TAX_REV,S13,T_2000,_T,PT_B1GQ,A,14.288
2015,CZE,TAX_REV,S13,T_2000,_T,PT_B1GQ,A,14.182
2016,CZE,TAX_REV,S13,T_2000,_T,PT_B1GQ,A,14.446
2017,CZE,TAX_REV,S13,T_2000,_T,PT_B1GQ,A,14.619
2018,CZE,TAX_REV,S13,T_2000,_T,PT_B1GQ,A,15.152
2019,CZE,TAX_REV,S13,T_2000,_T,PT_B1GQ,A,15.1
2020,CZE,TAX_REV,S13,T_2000,_T,PT_B1GQ,A,15.471
2021,CZE,TAX_REV,S13,T_2000,_T,PT_B1GQ,A,15.93
2022,CZE,TAX_REV,S13,T_2000,_T,PT_B1GQ,A,15.237
2023,CZE,TAX_REV,S13,T_2000,_T,PT_B1GQ,A,15.223
2014,DNK,TAX_REV,S13,T_2000,_T,PT_B1GQ,A,0.097
2015,DNK,TAX_REV,S13,T_2000,_T,PT_B1GQ,A,0.092
2016,DNK,TAX_REV,S13,T_2000,_T,PT_B1GQ,A,0.08
2017,DNK,TAX_REV,S13,T_2000,_T,PT_B1GQ,A,0.073
2018,DNK,TAX_REV,S13,T_2000,_T,PT_B1GQ,A,0.077
2019,DNK,TAX_REV,S13,T_2000,_T,PT_B1GQ,A,0.073
2020,DNK,TAX_REV,S13,T_2000,_T,PT_B1GQ,A,0.093
2021,DNK,TAX_REV,S13,T_2000,_T,PT_B1GQ,A,0.097
2022,DNK,TAX_REV,S13,T_2000,_T,PT_B1GQ,A,0.082
2023,DNK,TAX_REV,S13,T_2000,_T,PT_B1GQ,A,0.08
2014,EST,TAX_REV,S13,T_2000,_T,PT_B1GQ,A,10.722
2015,EST,TAX_REV,S13,T_2000,_T,PT_B1GQ,A,10.948
2016,EST,TAX_REV,S13,T_2000,_T,PT_B1GQ,A,11.014
2017,EST,TAX_REV,S13,T_2000,_T,PT_B1GQ,A,10.911
2018,EST,TAX_REV,S13,T_2000,_T,PT_B1GQ,A,11.265
2019,EST,TAX_REV,S13,T_2000,_T,PT_B1GQ,A,11.437
2020,EST,TAX_REV,S13,T_2000,_T,PT_B1GQ,A,11.957
2021,EST,TAX_REV,S13,T_2000,_T,PT_B1GQ,A,11.611
2022,EST,TAX_REV,S13,T_2000,_T,PT_B1GQ,A,11.313
2023,EST,TAX_REV,S13,T_2000,_T,PT_B1GQ,A,11.991
2014,FIN,TAX_REV,S13,T_2000,_T,PT_B1GQ,A,12.572
2015,FIN,TAX_REV,S13,T_2000,_T,PT_B1GQ,A,12.602
2016,FIN,TAX_REV,S13,T_2000,_T,PT_B1GQ,A,12.702
2017,FIN,TAX_REV,S13,T_2000,_T,PT_B1GQ,A,11.931
2018,FIN,TAX_REV,S13,T_2000,_T,PT_B1GQ,A,11.842
2019,FIN,TAX_REV,S13,T_2000,_T,PT_B1GQ,A,11.797
2020,FIN,TAX_REV,S13,T_2000,_T,PT_B1GQ,A,11.48
2021,FIN,TAX_REV,S13,T_2000,_T,PT_B1GQ,A,12.042
2022,FIN,TAX_REV,S13,T_2000,_T,PT_B1GQ,A,11.937
2023,FIN,TAX_REV,S13,T_2000,_T,PT_B1GQ,A,12.281
2014,FRA,TAX_REV,S13,T_2000,_T,PT_B1GQ,A,16.813
2015,FRA,TAX_REV,S13,T_2000,_T,PT_B1GQ,A,16.632
2016,FRA,TAX_REV,S13,T_2000,_T,PT_B1GQ,A,16.62
2017,FRA,TAX_REV,S13,T_2000,_T,PT_B1GQ,A,16.732
2018,FRA,TAX_REV,S13,T_2000,_T,PT_B1GQ,A,15.998
2019,FRA,TAX_REV,S13,T_2000,_T,PT_B1GQ,A,14.793
2020,FRA,TAX_REV,S13,T_2000,_T,PT_B1GQ,A,14.695
2021,FRA,TAX_REV,S13,T_2000,_T,PT_B1GQ,A,14.719
2022,FRA,TAX_REV,S13,T_2000,_T,PT_B1GQ,A,14.81
2023,FRA,TAX_REV,S13,T_2000,_T,PT_B1GQ,A,14.561
2014,DEU,TAX_REV,S13,T_2000,_T,PT_B1GQ,A,13.926
2015,DEU,TAX_REV,S13,T_2000,_T,PT_B1GQ,A,14.039
2016,DEU,TAX_REV,S13,T_2000,_T,PT_B1GQ,A,14.207
2017,DEU,TAX_REV,S13,T_2000,_T,PT_B1GQ,A,14.299
2018,DEU,TAX_REV,S13,T_2000,_T,PT_B1GQ,A,14.49
2019,DEU,TAX_REV,S13,T_2000,_T,PT_B1GQ,A,14.626
2020,DEU,TAX_REV,S13,T_2000,_T,PT_B1GQ,A,15.051
2021,DEU,TAX_REV,S13,T_2000,_T,PT_B1GQ,A,14.772
2022,DEU,TAX_REV,S13,T_2000,_T,PT_B1GQ,A,14.628
2023,DEU,TAX_REV,S13,T_2000,_T,PT_B1GQ,A,14.65
2014,GRC,TAX_REV,S13,T_2000,_T,PT_B1GQ,A,10.48
2015,GRC,TAX_REV,S13,T_2000,_T,PT_B1GQ,A,10.663
2016,GRC,TAX_REV,S13,T_2000,_T,PT_B1GQ,A,11.068
2017,GRC,TAX_REV,S13,T_2000,_T,PT_B1GQ,A,11.745
2018,GRC,TAX_REV,S13,T_2000,_T,PT_B1GQ,A,11.944
2019,GRC,TAX_REV,S13,T_2000,_T,PT_B1GQ,A,12.141
2020,GRC,TAX_REV,S13,T_2000,_T,PT_B1GQ,A,12.939
2021,GRC,TAX_REV,S13,T_2000,_T,PT_B1GQ,A,12.902
2022,GRC,TAX_REV,S13,T_2000,_T,PT_B1GQ,A,12.19
2023,GRC,TAX_REV,S13,T_2000,_T,PT_B1GQ,A,11.461
2014,HUN,TAX_REV,S13,T_2000,_T,PT_B1GQ,A,12.684
2015,HUN,TAX_REV,S13,T_2000,_T,PT_B1GQ,A,12.68
2016,HUN,TAX_REV,S13,T_2000,_T,PT_B1GQ,A,13.169
2017,HUN,TAX_REV,S13,T_2000,_T,PT_B1GQ,A,12.278
2018,HUN,TAX_REV,S13,T_2000,_T,PT_B1GQ,A,11.639
2019,HUN,TAX_REV,S13,T_2000,_T,PT_B1GQ,A,11.632
2020,HUN,TAX_REV,S13,T_2000,_T,PT_B1GQ,A,11.073
2021,HUN,TAX_REV,S13,T_2000,_T,PT_B1GQ,A,10.473
2022,HUN,TAX_REV,S13,T_2000,_T,PT_B1GQ,A,9.828
2023,HUN,TAX_REV,S13,T_2000,_T,PT_B1GQ,A,9.581
2014,ISL,TAX_REV,S13,T_2000,_T,PT_B1GQ,A,3.52
2015,ISL,TAX_REV,S13,T_2000,_T,PT_B1GQ,A,3.449
2016,ISL,TAX_REV,S13,T_2000,_T,PT_B1GQ,A,3.398
2017,ISL,TAX_REV,S13,T_2000,_T,PT_B1GQ,A,3.393
2018,ISL,TAX_REV,S13,T_2000,_T,PT_B1GQ,A,3.454
2019,ISL,TAX_REV,S13,T_2000,_T,PT_B1GQ,A,3.219
2020,ISL,TAX_REV,S13,T_2000,_T,PT_B1GQ,A,3.017
2021,ISL,TAX_REV,S13,T_2000,_T,PT_B1GQ,A,2.974
2022,ISL,TAX_REV,S13,T_2000,_T,PT_B1GQ,A,2.976
2023,ISL,TAX_REV,S13,T_2000,_T,PT_B1GQ,A,2.99
2014,IRL,TAX_REV,S13,T_2000,_T,PT_B1GQ,A,4.691
2015,IRL,TAX_REV,S13,T_2000,_T,PT_B1GQ,A,3.669
2016,IRL,TAX_REV,S13,T_2000,_T,PT_B1GQ,A,3.8
2017,IRL,TAX_REV,S13,T_2000,_T,PT_B1GQ,A,3.598
2018,IRL,TAX_REV,S13,T_2000,_T,PT_B1GQ,A,3.614
2019,IRL,TAX_REV,S13,T_2000,_T,PT_B1GQ,A,3.605
2020,IRL,TAX_REV,S13,T_2000,_T,PT_B1GQ,A,3.209
2021,IRL,TAX_REV,S13,T_2000,_T,PT_B1GQ,A,3.07
2022,IRL,TAX_REV,S13,T_2000,_T,PT_B1GQ,A,3.065
2023,IRL,TAX_REV,S13,T_2000,_T,PT_B1GQ,A,3.407
2014,ISR,TAX_REV,S13,T_2000,_T,PT_B1GQ,A,4.98
2015,ISR,TAX_REV,S13,T_2000,_T,PT_B1GQ,A,5.05
2016,ISR,TAX_REV,S13,T_2000,_T,PT_B1GQ,A,5.132
2017,ISR,TAX_REV,S13,T_2000,_T,PT_B1GQ,A,5.18
2018,ISR,TAX_REV,S13,T_2000,_T,PT_B1GQ,A,5.228
2019,ISR,TAX_REV,S13,T_2000,_T,PT_B1GQ,A,5.207
2020,ISR,TAX_REV,S13,T_2000,_T,PT_B1GQ,A,5.134
2021,ISR,TAX_REV,S13,T_2000,_T,PT_B1GQ,A,5.003
2022,ISR,TAX_REV,S13,T_2000,_T,PT_B1GQ,A,5.007
2023,ISR,TAX_REV,S13,T_2000,_T,PT_B1GQ,A,4.979
2014,ITA,TAX_REV,S13,T_2000,_T,PT_B1GQ,A,12.885
2015,ITA,TAX_REV,S13,T_2000,_T,PT_B1GQ,A,12.95
2016,ITA,TAX_REV,S13,T_2000,_T,PT_B1GQ,A,12.729
2017,ITA,TAX_REV,S13,T_2000,_T,PT_B1GQ,A,12.704
2018,ITA,TAX_REV,S13,T_2000,_T,PT_B1GQ,A,12.964
2019,ITA,TAX_REV,S13,T_2000,_T,PT_B1GQ,A,13.207
2020,ITA,TAX_REV,S13,T_2000,_T,PT_B1GQ,A,13.529
2021,ITA,TAX_REV,S13,T_2000,_T,PT_B1GQ,A,13.211
2022,ITA,TAX_REV,S13,T_2000,_T,PT_B1GQ,A,13.064
2023,ITA,TAX_REV,S13,T_2000,_T,PT_B1GQ,A,12.664
2014,JPN,TAX_REV,S13,T_2000,_T,PT_B1GQ,A,11.893
2015,JPN,TAX_REV,S13,T_2000,_T,PT_B1GQ,A,11.921
2016,JPN,TAX_REV,S13,T_2000,_T,PT_B1GQ,A,12.228
2017,JPN,TAX_REV,S13,T_2000,_T,PT_B1GQ,A,12.347
2018,JPN,TAX_REV,S13,T_2000,_T,PT_B1GQ,A,12.687
2019,JPN,TAX_REV,S13,T_2000,_T,PT_B1GQ,A,12.939
2020,JPN,TAX_REV,S13,T_2000,_T,PT_B1GQ,A,13.281
2021,JPN,TAX_REV,S13,T_2000,_T,PT_B1GQ,A,13.284
2022,JPN,TAX_REV,S13,T_2000,_T,PT_B1GQ,A,13.27
2014,KOR,TAX_REV,S13,T_2000,_T,PT_B1GQ,A,6.282
2015,KOR,TAX_REV,S13,T_2000,_T,PT_B1GQ,A,6.314
2016,KOR,TAX_REV,S13,T_2000,_T,PT_B1GQ,A,6.472
2017,KOR,TAX_REV,S13,T_2000,_T,PT_B1GQ,A,6.519
2018,KOR,TAX_REV,S13,T_2000,_T,PT_B1GQ,A,6.778
2019,KOR,TAX_REV,S13,T_2000,_T,PT_B1GQ,A,7.278
2020,KOR,TAX_REV,S13,T_2000,_T,PT_B1GQ,A,7.773
2021,KOR,TAX_REV,S13,T_2000,_T,PT_B1GQ,A,7.798
2022,KOR,TAX_REV,S13,T_2000,_T,PT_B1GQ,A,8.176
2023,KOR,TAX_REV,S13,T_2000,_T,PT_B1GQ,A,8.438
2014,LVA,TAX_REV,S13,T_2000,_T,PT_B1GQ,A,8.39
2015,LVA,TAX_REV,S13,T_2000,_T,PT_B1GQ,A,8.261
2016,LVA,TAX_REV,S13,T_2000,_T,PT_B1GQ,A,8.147
2017,LVA,TAX_REV,S13,T_2000,_T,PT_B1GQ,A,8.373
2018,LVA,TAX_REV,S13,T_2000,_T,PT_B1GQ,A,9.118
2019,LVA,TAX_REV,S13,T_2000,_T,PT_B1GQ,A,9.523
2020,LVA,TAX_REV,S13,T_2000,_T,PT_B1GQ,A,9.914
2021,LVA,TAX_REV,S13,T_2000,_T,PT_B1GQ,A,9.569
2022,LVA,TAX_REV,S13,T_2000,_T,PT_B1GQ,A,9.405
2023,LVA,TAX_REV,S13,T_2000,_T,PT_B1GQ,A,10.16
2014,LTU,TAX_REV,S13,T_2000,_T,PT_B1GQ,A,11.062
2015,LTU,TAX_REV,S13,T_2000,_T,PT_B1GQ,A,11.568
2016,LTU,TAX_REV,S13,T_2000,_T,PT_B1GQ,A,12.084
2017,LTU,TAX_REV,S13,T_2000,_T,PT_B1GQ,A,12.188
2018,LTU,TAX_REV,S13,T_2000,_T,PT_B1GQ,A,12.646
2019,LTU,TAX_REV,S13,T_2000,_T,PT_B1GQ,A,9.614
2020,LTU,TAX_REV,S13,T_2000,_T,PT_B1GQ,A,10.198
2021,LTU,TAX_REV,S13,T_2000,_T,PT_B1GQ,A,10.127
2022,LTU,TAX_REV,S13,T_2000,_T,PT_B1GQ,A,9.818
2023,LTU,TAX_REV,S13,T_2000,_T,PT_B1GQ,A,10.407
2014,LUX,TAX_REV,S13,T_2000,_T,PT_B1GQ,A,10.188
2015,LUX,TAX_REV,S13,T_2000,_T,PT_B1GQ,A,10.246
2016,LUX,TAX_REV,S13,T_2000,_T,PT_B1GQ,A,10.204
2017,LUX,TAX_REV,S13,T_2000,_T,PT_B1GQ,A,10.529
2018,LUX,TAX_REV,S13,T_2000,_T,PT_B1GQ,A,10.772
2019,LUX,TAX_REV,S13,T_2000,_T,PT_B1GQ,A,10.977
2020,LUX,TAX_REV,S13,T_2000,_T,PT_B1GQ,A,11.145
2021,LUX,TAX_REV,S13,T_2000,_T,PT_B1GQ,A,10.573
2022,LUX,TAX_REV,S13,T_2000,_T,PT_B1GQ,A,10.637
2023,LUX,TAX_REV,S13,T_2000,_T,PT_B1GQ,A,11.479
2014,MEX,TAX_REV,S13,T_2000,_T,PT_B1GQ,A,2.086
2015,MEX,TAX_REV,S13,T_2000,_T,PT_B1GQ,A,2.128
2016,MEX,TAX_REV,S13,T_2000,_T,PT_B1GQ,A,2.095
2017,MEX,TAX_REV,S13,T_2000,_T,PT_B1GQ,A,2.075
2018,MEX,TAX_REV,S13,T_2000,_T,PT_B1GQ,A,2.106
2019,MEX,TAX_REV,S13,T_2000,_T,PT_B1GQ,A,2.196
2020,MEX,TAX_REV,S13,T_2000,_T,PT_B1GQ,A,2.392
2021,MEX,TAX_REV,S13,T_2000,_T,PT_B1GQ,A,2.3
2022,MEX,TAX_REV,S13,T_2000,_T,PT_B1GQ,A,2.314
2023,MEX,TAX_REV,S13,T_2000,_T,PT_B1GQ,A,2.397
2014,NLD,TAX_REV,S13,T_2000,_T,PT_B1GQ,A,14.532
2015,NLD,TAX_REV,S13,T_2000,_T,PT_B1GQ,A,13.791
2016,NLD,TAX_REV,S13,T_2000,_T,PT_B1GQ,A,14.427
2017,NLD,TAX_REV,S13,T_2000,_T,PT_B1GQ,A,13.573
2018,NLD,TAX_REV,S13,T_2000,_T,PT_B1GQ,A,13.724
2019,NLD,TAX_REV,S13,T_2000,_T,PT_B1GQ,A,13.172
2020,NLD,TAX_REV,S13,T_2000,_T,PT_B1GQ,A,13.312
2021,NLD,TAX_REV,S13,T_2000,_T,PT_B1GQ,A,12.637
2022,NLD,TAX_REV,S13,T_2000,_T,PT_B1GQ,A,12.524
2023,NLD,TAX_REV,S13,T_2000,_T,PT_B1GQ,A,12.102
2014,NOR,TAX_REV,S13,T_2000,_T,PT_B1GQ,A,9.883
2015,NOR,TAX_REV,S13,T_2000,_T,PT_B1GQ,A,10.387
2016,NOR,TAX_REV,S13,T_2000,_T,PT_B1GQ,A,10.618
2017,NOR,TAX_REV,S13,T_2000,_T,PT_B1GQ,A,10.227
2018,NOR,TAX_REV,S13,T_2000,_T,PT_B1GQ,A,9.99
2019,NOR,TAX_REV,S13,T_2000,_T,PT_B1GQ,A,10.483
2020,NOR,TAX_REV,S13,T_2000,_T,PT_B1GQ,A,11.013
2021,NOR,TAX_REV,S13,T_2000,_T,PT_B1GQ,A,9.297
2022,NOR,TAX_REV,S13,T_2000,_T,PT_B1GQ,A,7.506
2023,NOR,TAX_REV,S13,T_2000,_T,PT_B1GQ,A,9.22
2014,POL,TAX_REV,S13,T_2000,_T,PT_B1GQ,A,12.233
2015,POL,TAX_REV,S13,T_2000,_T,PT_B1GQ,A,12.426
2016,POL,TAX_REV,S13,T_2000,_T,PT_B1GQ,A,12.748
2017,POL,TAX_REV,S13,T_2000,_T,PT_B1GQ,A,12.857
2018,POL,TAX_REV,S13,T_2000,_T,PT_B1GQ,A,13.058
2019,POL,TAX_REV,S13,T_2000,_T,PT_B1GQ,A,13.21
2020,POL,TAX_REV,S13,T_2000,_T,PT_B1GQ,A,13.494
2021,POL,TAX_REV,S13,T_2000,_T,PT_B1GQ,A,12.968
2022,POL,TAX_REV,S13,T_2000,_T,PT_B1GQ,A,12.766
2023,POL,TAX_REV,S13,T_2000,_T,PT_B1GQ,A,13.37
2014,PRT,TAX_REV,S13,T_2000,_T,PT_B1GQ,A,9.001
2015,PRT,TAX_REV,S13,T_2000,_T,PT_B1GQ,A,9.004
2016,PRT,TAX_REV,S13,T_2000,_T,PT_B1GQ,A,9.07
2017,PRT,TAX_REV,S13,T_2000,_T,PT_B1GQ,A,9.163
2018,PRT,TAX_REV,S13,T_2000,_T,PT_B1GQ,A,9.324
2019,PRT,TAX_REV,S13,T_2000,_T,PT_B1GQ,A,9.61
2020,PRT,TAX_REV,S13,T_2000,_T,PT_B1GQ,A,10.444
2021,PRT,TAX_REV,S13,T_2000,_T,PT_B1GQ,A,10.401
2022,PRT,TAX_REV,S13,T_2000,_T,PT_B1GQ,A,10.206
2023,PRT,TAX_REV,S13,T_2000,_T,PT_B1GQ,A,10.405
2014,SVK,TAX_REV,S13,T_2000,_T,PT_B1GQ,A,13.395
2015,SVK,TAX_REV,S13,T_2000,_T,PT_B1GQ,A,13.6
2016,SVK,TAX_REV,S13,T_2000,_T,PT_B1GQ,A,14.109
2017,SVK,TAX_REV,S13,T_2000,_T,PT_B1GQ,A,14.527
2018,SVK,TAX_REV,S13,T_2000,_T,PT_B1GQ,A,14.629
2019,SVK,TAX_REV,S13,T_2000,_T,PT_B1GQ,A,14.916
2020,SVK,TAX_REV,S13,T_2000,_T,PT_B1GQ,A,15.227
2021,SVK,TAX_REV,S13,T_2000,_T,PT_B1GQ,A,15.224
2022,SVK,TAX_REV,S13,T_2000,_T,PT_B1GQ,A,14.548
2023,SVK,TAX_REV,S13,T_2000,_T,PT_B1GQ,A,15.065
2014,SVN,TAX_REV,S13,T_2000,_T,PT_B1GQ,A,15.269
2015,SVN,TAX_REV,S13,T_2000,_T,PT_B1GQ,A,15.399
2016,SVN,TAX_REV,S13,T_2000,_T,PT_B1GQ,A,15.386
2017,SVN,TAX_REV,S13,T_2000,_T,PT_B1GQ,A,15.406
2018,SVN,TAX_REV,S13,T_2000,_T,PT_B1GQ,A,15.434
2019,SVN,TAX_REV,S13,T_2000,_T,PT_B1GQ,A,15.616
2020,SVN,TAX_REV,S13,T_2000,_T,PT_B1GQ,A,16.803
2021,SVN,TAX_REV,S13,T_2000,_T,PT_B1GQ,A,16.372
2022,SVN,TAX_REV,S13,T_2000,_T,PT_B1GQ,A,16.014
2023,SVN,TAX_REV,S13,T_2000,_T,PT_B1GQ,A,15.825
2014,ESP,TAX_REV,S13,T_2000,_T,PT_B1GQ,A,11.632
2015,ESP,TAX_REV,S13,T_2000,_T,PT_B1GQ,A,11.394
2016,ESP,TAX_REV,S13,T_2000,_T,PT_B1GQ,A,11.404
2017,ESP,TAX_REV,S13,T_2000,_T,PT_B1GQ,A,11.538
2018,ESP,TAX_REV,S13,T_2000,_T,PT_B1GQ,A,11.736
2019,ESP,TAX_REV,S13,T_2000,_T,PT_B1GQ,A,12.246
2020,ESP,TAX_REV,S13,T_2000,_T,PT_B1GQ,A,13.79
2021,ESP,TAX_REV,S13,T_2000,_T,PT_B1GQ,A,13.403
2022,ESP,TAX_REV,S13,T_2000,_T,PT_B1GQ,A,12.808
2023,ESP,TAX_REV,S13,T_2000,_T,PT_B1GQ,A,12.947
2014,SWE,TAX_REV,S13,T_2000,_T,PT_B1GQ,A,9.805
2015,SWE,TAX_REV,S13,T_2000,_T,PT_B1GQ,A,9.567
2016,SWE,TAX_REV,S13,T_2000,_T,PT_B1GQ,A,9.968
2017,SWE,TAX_REV,S13,T_2000,_T,PT_B1GQ,A,9.669
2018,SWE,TAX_REV,S13,T_2000,_T,PT_B1GQ,A,9.668
2019,SWE,TAX_REV,S13,T_2000,_T,PT_B1GQ,A,9.196
2020,SWE,TAX_REV,S13,T_2000,_T,PT_B1GQ,A,9.07
2021,SWE,TAX_REV,S13,T_2000,_T,PT_B1GQ,A,8.964
2022,SWE,TAX_REV,S13,T_2000,_T,PT_B1GQ,A,8.839
2023,SWE,TAX_REV,S13,T_2000,_T,PT_B1GQ,A,8.87
2014,CHE,TAX_REV,S13,T_2000,_T,PT_B1GQ,A,6.518
2015,CHE,TAX_REV,S13,T_2000,_T,PT_B1GQ,A,6.606
2016,CHE,TAX_REV,S13,T_2000,_T,PT_B1GQ,A,6.583
2017,CHE,TAX_REV,S13,T_2000,_T,PT_B1GQ,A,6.59
2018,CHE,TAX_REV,S13,T_2000,_T,PT_B1GQ,A,6.475
2019,CHE,TAX_REV,S13,T_2000,_T,PT_B1GQ,A,6.567
2020,CHE,TAX_REV,S13,T_2000,_T,PT_B1GQ,A,7.022
2021,CHE,TAX_REV,S13,T_2000,_T,PT_B1GQ,A,6.793
2022,CHE,TAX_REV,S13,T_2000,_T,PT_B1GQ,A,6.675
2023,CHE,TAX_REV,S13,T_2000,_T,PT_B1GQ,A,6.687
2014,TUR,TAX_REV,S13,T_2000,_T,PT_B1GQ,A,6.978
2015,TUR,TAX_REV,S13,T_2000,_T,PT_B1GQ,A,7.243
2016,TUR,TAX_REV,S13,T_2000,_T,PT_B1GQ,A,7.243
2017,TUR,TAX_REV,S13,T_2000,_T,PT_B1GQ,A,7.235
2018,TUR,TAX_REV,S13,T_2000,_T,PT_B1GQ,A,7.177
2019,TUR,TAX_REV,S13,T_2000,_T,PT_B1GQ,A,7.245
2020,TUR,TAX_REV,S13,T_2000,_T,PT_B1GQ,A,7.085
2021,TUR,TAX_REV,S13,T_2000,_T,PT_B1GQ,A,6.631
2022,TUR,TAX_REV,S13,T_2000,_T,PT_B1GQ,A,5.113
2023,TUR,TAX_REV,S13,T_2000,_T,PT_B1GQ,A,6.209
2014,GBR,TAX_REV,S13,T_2000,_T,PT_B1GQ,A,5.859
2015,GBR,TAX_REV,S13,T_2000,_T,PT_B1GQ,A,5.958
2016,GBR,TAX_REV,S13,T_2000,_T,PT_B1GQ,A,6.124
2017,GBR,TAX_REV,S13,T_2000,_T,PT_B1GQ,A,6.264
2018,GBR,TAX_REV,S13,T_2000,_T,PT_B1GQ,A,6.29
2019,GBR,TAX_REV,S13,T_2000,_T,PT_B1GQ,A,6.444
2020,GBR,TAX_REV,S13,T_2000,_T,PT_B1GQ,A,6.825
2021,GBR,TAX_REV,S13,T_2000,_T,PT_B1GQ,A,6.839
2022,GBR,TAX_REV,S13,T_2000,_T,PT_B1GQ,A,7.061
2023,GBR,TAX_REV,S13,T_2000,_T,PT_B1GQ,A,6.703
2014,USA,TAX_REV,S13,T_2000,_T,PT_B1GQ,A,6.116
2015,USA,TAX_REV,S13,T_2000,_T,PT_B1GQ,A,6.152
2016,USA,TAX_REV,S13,T_2000,_T,PT_B1GQ,A,6.132
2017,USA,TAX_REV,S13,T_2000,_T,PT_B1GQ,A,6.145
2018,USA,TAX_REV,S13,T_2000,_T,PT_B1GQ,A,6.08
2019,USA,TAX_REV,S13,T_2000,_T,PT_B1GQ,A,6.097
2020,USA,TAX_REV,S13,T_2000,_T,PT_B1GQ,A,6.227
2021,USA,TAX_REV,S13,T_2000,_T,PT_B1GQ,A,6.062
2022,USA,TAX_REV,S13,T_2000,_T,PT_B1GQ,A,6.047
2023,USA,TAX_REV,S13,T_2000,_T,PT_B1GQ,A,6.054
2014,ATG,TAX_REV,S13,T_2000,_T,PT_B1GQ,A,2.677
2015,ATG,TAX_REV,S13,T_2000,_T,PT_B1GQ,A,2.906
2016,ATG,TAX_REV,S13,T_2000,_T,PT_B1GQ,A,2.95
2017,ATG,TAX_REV,S13,T_2000,_T,PT_B1GQ,A,3.367
2018,ATG,TAX_REV,S13,T_2000,_T,PT_B1GQ,A,3.194
2019,ATG,TAX_REV,S13,T_2000,_T,PT_B1GQ,A,3.171
2020,ATG,TAX_REV,S13,T_2000,_T,PT_B1GQ,A,3.171
2021,ATG,TAX_REV,S13,T_2000,_T,PT_B1GQ,A,3.172
2022,ATG,TAX_REV,S13,T_2000,_T,PT_B1GQ,A,3.175
2023,ATG,TAX_REV,S13,T_2000,_T,PT_B1GQ,A,3.234
2014,ARG,TAX_REV,S13,T_2000,_T,PT_B1GQ,A,6.719
2015,ARG,TAX_REV,S13,T_2000,_T,PT_B1GQ,A,6.976
2016,ARG,TAX_REV,S13,T_2000,_T,PT_B1GQ,A,6.758
2017,ARG,TAX_REV,S13,T_2000,_T,PT_B1GQ,A,6.878
2018,ARG,TAX_REV,S13,T_2000,_T,PT_B1GQ,A,6.202
2019,ARG,TAX_REV,S13,T_2000,_T,PT_B1GQ,A,5.685
2020,ARG,TAX_REV,S13,T_2000,_T,PT_B1GQ,A,5.689
2021,ARG,TAX_REV,S13,T_2000,_T,PT_B1GQ,A,5.189
2022,ARG,TAX_REV,S13,T_2000,_T,PT_B1GQ,A,5.241
2023,ARG,TAX_REV,S13,T_2000,_T,PT_B1GQ,A,5.08
2014,ARM,TAX_REV,S13,T_2000,_T,PT_B1GQ,A,0.248
2015,ARM,TAX_REV,S13,T_2000,_T,PT_B1GQ,A,0.216
2016,ARM,TAX_REV,S13,T_2000,_T,PT_B1GQ,A,0.264
2017,ARM,TAX_REV,S13,T_2000,_T,PT_B1GQ,A,0.284
2018,ARM,TAX_REV,S13,T_2000,_T,PT_B1GQ,A,0.289
2019,ARM,TAX_REV,S13,T_2000,_T,PT_B1GQ,A,0.285
2020,ARM,TAX_REV,S13,T_2000,_T,PT_B1GQ,A,0.4
2021,ARM,TAX_REV,S13,T_2000,_T,PT_B1GQ,A,0.614
2022,ARM,TAX_REV,S13,T_2000,_T,PT_B1GQ,A,0.758
2023,ARM,TAX_REV,S13,T_2000,_T,PT_B1GQ,A,0.955
2014,AZE,TAX_REV,S13,T_2000,_T,PT_B1GQ,A,2.955
2015,AZE,TAX_REV,S13,T_2000,_T,PT_B1GQ,A,3.319
2016,AZE,TAX_REV,S13,T_2000,_T,PT_B1GQ,A,3.179
2017,AZE,TAX_REV,S13,T_2000,_T,PT_B1GQ,A,2.965
2018,AZE,TAX_REV,S13,T_2000,_T,PT_B1GQ,A,3.0
2019,AZE,TAX_REV,S13,T_2000,_T,PT_B1GQ,A,3.708
2020,AZE,TAX_REV,S13,T_2000,_T,PT_B1GQ,A,5.079
2021,AZE,TAX_REV,S13,T_2000,_T,PT_B1GQ,A,4.912
2022,AZE,TAX_REV,S13,T_2000,_T,PT_B1GQ,A,4.157
2023,AZE,TAX_REV,S13,T_2000,_T,PT_B1GQ,A,5.132
2014,BHS,TAX_REV,S13,T_2000,_T,PT_B1GQ,A,2.25
2015,BHS,TAX_REV,S13,T_2000,_T,PT_B1GQ,A,2.261
2016,BHS,TAX_REV,S13,T_2000,_T,PT_B1GQ,A,2.202
2017,BHS,TAX_REV,S13,T_2000,_T,PT_B1GQ,A,2.296
2018,BHS,TAX_REV,S13,T_2000,_T,PT_B1GQ,A,2.276
2019,BHS,TAX_REV,S13,T_2000,_T,PT_B1GQ,A,2.217
2020,BHS,TAX_REV,S13,T_2000,_T,PT_B1GQ,A,1.986
2021,BHS,TAX_REV,S13,T_2000,_T,PT_B1GQ,A,2.527
2022,BHS,TAX_REV,S13,T_2000,_T,PT_B1GQ,A,2.243
2023,BHS,TAX_REV,S13,T_2000,_T,PT_B1GQ,A,2.243
2014,BRB,TAX_REV,S13,T_2000,_T,PT_B1GQ,A,4.976
2015,BRB,TAX_REV,S13,T_2000,_T,PT_B1GQ,A,5.914
2016,BRB,TAX_REV,S13,T_2000,_T,PT_B1GQ,A,4.949
2017,BRB,TAX_REV,S13,T_2000,_T,PT_B1GQ,A,5.623
2018,BRB,TAX_REV,S13,T_2000,_T,PT_B1GQ,A,5.48
2019,BRB,TAX_REV,S13,T_2000,_T,PT_B1GQ,A,5.699
2020,BRB,TAX_REV,S13,T_2000,_T,PT_B1GQ,A,6.191
2021,BRB,TAX_REV,S13,T_2000,_T,PT_B1GQ,A,5.268
2022,BRB,TAX_REV,S13,T_2000,_T,PT_B1GQ,A,4.824
2023,BRB,TAX_REV,S13,T_2000,_T,PT_B1GQ,A,4.737
2014,BLZ,TAX_REV,S13,T_2000,_T,PT_B1GQ,A,1.682
2015,BLZ,TAX_REV,S13,T_2000,_T,PT_B1GQ,A,1.754
2016,BLZ,TAX_REV,S13,T_2000,_T,PT_B1GQ,A,1.782
2017,BLZ,TAX_REV,S13,T_2000,_T,PT_B1GQ,A,1.817
2018,BLZ,TAX_REV,S13,T_2000,_T,PT_B1GQ,A,1.879
2019,BLZ,TAX_REV,S13,T_2000,_T,PT_B1GQ,A,2.176
2020,BLZ,TAX_REV,S13,T_2000,_T,PT_B1GQ,A,2.578
2021,BLZ,TAX_REV,S13,T_2000,_T,PT_B1GQ,A,2.325
2022,BLZ,TAX_REV,S13,T_2000,_T,PT_B1GQ,A,2.489
2023,BLZ,TAX_REV,S13,T_2000,_T,PT_B1GQ,A,2.614
2014,BOL,TAX_REV,S13,T_2000,_T,PT_B1GQ,A,5.488
2015,BOL,TAX_REV,S13,T_2000,_T,PT_B1GQ,A,6.242
2016,BOL,TAX_REV,S13,T_2000,_T,PT_B1GQ,A,6.322
2017,BOL,TAX_REV,S13,T_2000,_T,PT_B1GQ,A,6.14
2018,BOL,TAX_REV,S13,T_2000,_T,PT_B1GQ,A,6.023
2019,BOL,TAX_REV,S13,T_2000,_T,PT_B1GQ,A,6.193
2020,BOL,TAX_REV,S13,T_2000,_T,PT_B1GQ,A,6.517
2021,BOL,TAX_REV,S13,T_2000,_T,PT_B1GQ,A,6.022
2022,BOL,TAX_REV,S13,T_2000,_T,PT_B1GQ,A,5.706
2023,BOL,TAX_REV,S13,T_2000,_T,PT_B1GQ,A,5.742
2014,BRA,TAX_REV,S13,T_2000,_T,PT_B1GQ,A,8.35
2015,BRA,TAX_REV,S13,T_2000,_T,PT_B1GQ,A,8.393
2016,BRA,TAX_REV,S13,T_2000,_T,PT_B1GQ,A,8.566
2017,BRA,TAX_REV,S13,T_2000,_T,PT_B1GQ,A,8.594
2018,BRA,TAX_REV,S13,T_2000,_T,PT_B1GQ,A,8.347
2019,BRA,TAX_REV,S13,T_2000,_T,PT_B1GQ,A,8.35
2020,BRA,TAX_REV,S13,T_2000,_T,PT_B1GQ,A,8.02
2021,BRA,TAX_REV,S13,T_2000,_T,PT_B1GQ,A,7.71
2022,BRA,TAX_REV,S13,T_2000,_T,PT_B1GQ,A,7.917
2023,BRA,TAX_REV,S13,T_2000,_T,PT_B1GQ,A,8.055
2014,AUS,TAX_REV,S13,T_1000,_T,PT_B1GQ,A,15.693
2015,AUS,TAX_REV,S13,T_1000,_T,PT_B1GQ,A,15.754
2016,AUS,TAX_REV,S13,T_1000,_T,PT_B1GQ,A,15.77
2017,AUS,TAX_REV,S13,T_1000,_T,PT_B1GQ,A,16.738
2018,AUS,TAX_REV,S13,T_1000,_T,PT_B1GQ,A,17.17
2019,AUS,TAX_REV,S13,T_1000,_T,PT_B1GQ,A,16.366
2014,AUT,TAX_REV,S13,T_1000,_T,PT_B1GQ,A,12.527
2015,AUT,TAX_REV,S13,T_1000,_T,PT_B1GQ,A,13.012
2016,AUT,TAX_REV,S13,T_1000,_T,PT_B1GQ,A,11.682
2017,AUT,TAX_REV,S13,T_1000,_T,PT_B1GQ,A,11.841
2018,AUT,TAX_REV,S13,T_1000,_T,PT_B1GQ,A,12.396
2019,AUT,TAX_REV,S13,T_1000,_T,PT_B1GQ,A,12.561
2020,AUT,TAX_REV,S13,T_1000,_T,PT_B1GQ,A,11.696
2021,AUT,TAX_REV,S13,T_1000,_T,PT_B1GQ,A,12.801
2022,AUT,TAX_REV,S13,T_1000,_T,PT_B1GQ,A,13.353
2023,AUT,TAX_REV,S13,T_1000,_T,PT_B1GQ,A,12.909
2014,BEL,TAX_REV,S13,T_1000,_T,PT_B1GQ,A,16.021
2015,BEL,TAX_REV,S13,T_1000,_T,PT_B1GQ,A,15.724
2016,BEL,TAX_REV,S13,T_1000,_T,PT_B1GQ,A,15.382
2017,BEL,TAX_REV,S13,T_1000,_T,PT_B1GQ,A,15.995
2018,BEL,TAX_REV,S13,T_1000,_T,PT_B1GQ,A,16.136
2019,BEL,TAX_REV,S13,T_1000,_T,PT_B1GQ,A,15.0
2020,BEL,TAX_REV,S13,T_1000,_T,PT_B1GQ,A,15.017
2021,BEL,TAX_REV,S13,T_1000,_T,PT_B1GQ,A,15.015
2022,BEL,TAX_REV,S13,T_1000,_T,PT_B1GQ,A,15.863
2023,BEL,TAX_REV,S13,T_1000,_T,PT_B1GQ,A,15.784
2014,CAN,TAX_REV,S13,T_1000,_T,PT_B1GQ,A,15.035
2015,CAN,TAX_REV,S13,T_1000,_T,PT_B1GQ,A,15.818
2016,CAN,TAX_REV,S13,T_1000,_T,PT_B1GQ,A,16.008
2017,CAN,TAX_REV,S13,T_1000,_T,PT_B1GQ,A,15.99
2018,CAN,TAX_REV,S13,T_1000,_T,PT_B1GQ,A,16.492
2019,CAN,TAX_REV,S13,T_1000,_T,PT_B1GQ,A,16.199
2020,CAN,TAX_REV,S13,T_1000,_T,PT_B1GQ,A,17.42
2021,CAN,TAX_REV,S13,T_1000,_T,PT_B1GQ,A,17.951
2022,CAN,TAX_REV,S13,T_1000,_T,PT_B1GQ,A,17.451
2023,CAN,TAX_REV,S13,T_1000,_T,PT_B1GQ,A,17.854
2014,CHL,TAX_REV,S13,T_1000,_T,PT_B1GQ,A,6.508
2015,CHL,TAX_REV,S13,T_1000,_T,PT_B1GQ,A,7.465
2016,CHL,TAX_REV,S13,T_1000,_T,PT_B1GQ,A,6.782
2017,CHL,TAX_REV,S13,T_1000,_T,PT_B1GQ,A,6.98
2018,CHL,TAX_REV,S13,T_1000,_T,PT_B1GQ,A,7.612
2019,CHL,TAX_REV,S13,T_1000,_T,PT_B1GQ,A,7.305
2020,CHL,TAX_REV,S13,T_1000,_T,PT_B1GQ,A,6.231
2021,CHL,TAX_REV,S13,T_1000,_T,PT_B1GQ,A,8.539
2022,CHL,TAX_REV,S13,T_1000,_T,PT_B1GQ,A,10.42
2023,CHL,TAX_REV,S13,T_1000,_T,PT_B1GQ,A,7.249
2014,COL,TAX_REV,S13,T_1000,_T,PT_B1GQ,A,6.565
2015,COL,TAX_REV,S13,T_1000,_T,PT_B1GQ,A,6.544
2016,COL,TAX_REV,S13,T_1000,_T,PT_B1GQ,A,6.289
2017,COL,TAX_REV,S13,T_1000,_T,PT_B1GQ,A,6.259
2018,COL,TAX_REV,S13,T_1000,_T,PT_B1GQ,A,6.484
2019,COL,TAX_REV,S13,T_1000,_T,PT_B1GQ,A,6.369
2020,COL,TAX_REV,S13,T_1000,_T,PT_B1GQ,A,6.191
2021,COL,TAX_REV,S13,T_1000,_T,PT_B1GQ,A,6.14
2022,COL,TAX_REV,S13,T_1000,_T,PT_B1GQ,A,6.525
2023,COL,TAX_REV,S13,T_1000,_T,PT_B1GQ,A,8.913
2014,CRI,TAX_REV,S13,T_1000,_T,PT_B1GQ,A,3.898
2015,CRI,TAX_REV,S13,T_1000,_T,PT_B1GQ,A,4.134
2016,CRI,TAX_REV,S13,T_1000,_T,PT_B1GQ,A,4.418
2017,CRI,TAX_REV,S13,T_1000,_T,PT_B1GQ,A,4.548
2018,CRI,TAX_REV,S13,T_1000,_T,PT_B1GQ,A,4.718
2019,CRI,TAX_REV,S13,T_1000,_T,PT_B1GQ,A,4.903
2020,CRI,TAX_REV,S13,T_1000,_T,PT_B1GQ,A,4.525
2021,CRI,TAX_REV,S13,T_1000,_T,PT_B1GQ,A,5.118
2022,CRI,TAX_REV,S13,T_1000,_T,PT_B1GQ,A,5.423
2023,CRI,TAX_REV,S13,T_1000,_T,PT_B1GQ,A,5.284
2014,CZE,TAX_REV,S13,T_1000,_T,PT_B1GQ,A,6.983
2015,CZE,TAX_REV,S13,T_1000,_T,PT_B1GQ,A,7.089
2016,CZE,TAX_REV,S13,T_1000,_T,PT_B1GQ,A,7.472
2017,CZE,TAX_REV,S13,T_1000,_T,PT_B1GQ,A,7.541
2018,CZE,TAX_REV,S13,T_1000,_T,PT_B1GQ,A,7.798
2019,CZE,TAX_REV,S13,T_1000,_T,PT_B1GQ,A,7.791
2020,CZE,TAX_REV,S13,T_1000,_T,PT_B1GQ,A,7.806
2021,CZE,TAX_REV,S13,T_1000,_T,PT_B1GQ,A,6.994
2022,CZE,TAX_REV,S13,T_1000,_T,PT_B1GQ,A,7.31
2023,CZE,TAX_REV,S13,T_1000,_T,PT_B1GQ,A,7.954
2014,DNK,TAX_REV,S13,T_1000,_T,PT_B1GQ,A,31.833
2015,DNK,TAX_REV,S13,T_1000,_T,PT_B1GQ,A,29.455
2016,DNK,TAX_REV,S13,T_1000,_T,PT_B1GQ,A,28.82
2017,DNK,TAX_REV,S13,T_1000,_T,PT_B1GQ,A,28.874
2018,DNK,TAX_REV,S13,T_1000,_T,PT_B1GQ,A,27.562
2019,DNK,TAX_REV,S13,T_1000,_T,PT_B1GQ,A,30.539
2020,DNK,TAX_REV,S13,T_1000,_T,PT_B1GQ,A,30.521
2021,DNK,TAX_REV,S13,T_1000,_T,PT_B1GQ,A,31.367
2022,DNK,TAX_REV,S13,T_1000,_T,PT_B1GQ,A,27.097
2023,DNK,TAX_REV,S13,T_1000,_T,PT_B1GQ,A,29.04
2014,EST,TAX_REV,S13,T_1000,_T,PT_B1GQ,A,7.26
2015,EST,TAX_REV,S13,T_1000,_T,PT_B1GQ,A,7.647
2016,EST,TAX_REV,S13,T_1000,_T,PT_B1GQ,A,7.336
2017,EST,TAX_REV,S13,T_1000,_T,PT_B1GQ,A,7.032
2018,EST,TAX_REV,S13,T_1000,_T,PT_B1GQ,A,7.296
2019,EST,TAX_REV,S13,T_1000,_T,PT_B1GQ,A,7.167
2020,EST,TAX_REV,S13,T_1000,_T,PT_B1GQ,A,7.546
2021,EST,TAX_REV,S13,T_1000,_T,PT_B1GQ,A,8.354
2022,EST,TAX_REV,S13,T_1000,_T,PT_B1GQ,A,7.892
2023,EST,TAX_REV,S13,T_1000,_T,PT_B1GQ,A,8.139
2014,FIN,TAX_REV,S13,T_1000,_T,PT_B1GQ,A,15.215
2015,FIN,TAX_REV,S13,T_1000,_T,PT_B1GQ,A,15.314
2016,FIN,TAX_REV,S13,T_1000,_T,PT_B1GQ,A,15.141
2017,FIN,TAX_REV,S13,T_1000,_T,PT_B1GQ,A,15.203
2018,FIN,TAX_REV,S13,T_1000,_T,PT_B1GQ,A,14.78
2019,FIN,TAX_REV,S13,T_1000,_T,PT_B1GQ,A,14.788
2020,FIN,TAX_REV,S13,T_1000,_T,PT_B1GQ,A,14.688
2021,FIN,TAX_REV,S13,T_1000,_T,PT_B1GQ,A,15.605
2022,FIN,TAX_REV,S13,T_1000,_T,PT_B1GQ,A,15.937
2023,FIN,TAX_REV,S13,T_1000,_T,PT_B1GQ,A,15.544
2014,FRA,TAX_REV,S13,T_1000,_T,PT_B1GQ,A,10.717
2015,FRA,TAX_REV,S13,T_1000,_T,PT_B1GQ,A,10.607
2016,FRA,TAX_REV,S13,T_1000,_T,PT_B1GQ,A,10.457
2017,FRA,TAX_REV,S13,T_1000,_T,PT_B1GQ,A,10.816
2018,FRA,TAX_REV,S13,T_1000,_T,PT_B1GQ,A,11.416
2019,FRA,TAX_REV,S13,T_1000,_T,PT_B1GQ,A,11.415
2020,FRA,TAX_REV,S13,T_1000,_T,PT_B1GQ,A,11.728
2021,FRA,TAX_REV,S13,T_1000,_T,PT_B1GQ,A,11.741
2022,FRA,TAX_REV,S13,T_1000,_T,PT_B1GQ,A,12.543
2023,FRA,TAX_REV,S13,T_1000,_T,PT_B1GQ,A,11.743
2014,DEU,TAX_REV,S13,T_1000,_T,PT_B1GQ,A,11.38
2015,DEU,TAX_REV,S13,T_1000,_T,PT_B1GQ,A,11.612
2016,DEU,TAX_REV,S13,T_1000,_T,PT_B1GQ,A,12.015
2017,DEU,TAX_REV,S13,T_1000,_T,PT_B1GQ,A,12.272
2018,DEU,TAX_REV,S13,T_1000,_T,PT_B1GQ,A,12.594
2019,DEU,TAX_REV,S13,T_1000,_T,PT_B1GQ,A,12.58
2020,DEU,TAX_REV,S13,T_1000,_T,PT_B1GQ,A,11.861
2021,DEU,TAX_REV,S13,T_1000,_T,PT_B1GQ,A,12.807
2022,DEU,TAX_REV,S13,T_1000,_T,PT_B1GQ,A,13.052
2023,DEU,TAX_REV,S13,T_1000,_T,PT_B1GQ,A,12.379
2014,GRC,TAX_REV,S13,T_1000,_T,PT_B1GQ,A,8.583
2015,GRC,TAX_REV,S13,T_1000,_T,PT_B1GQ,A,8.27
2016,GRC,TAX_REV,S13,T_1000,_T,PT_B1GQ,A,8.96
2017,GRC,TAX_REV,S13,T_1000,_T,PT_B1GQ,A,8.82
2018,GRC,TAX_REV,S13,T_1000,_T,PT_B1GQ,A,9.171
2019,GRC,TAX_REV,S13,T_1000,_T,PT_B1GQ,A,8.21
2020,GRC,TAX_REV,S13,T_1000,_T,PT_B1GQ,A,8.158
2021,GRC,TAX_REV,S13,T_1000,_T,PT_B1GQ,A,8.358
2022,GRC,TAX_REV,S13,T_1000,_T,PT_B1GQ,A,8.451
2023,GRC,TAX_REV,S13,T_1000,_T,PT_B1GQ,A,9.539
2014,HUN,TAX_REV,S13,T_1000,_T,PT_B1GQ,A,6.807
2015,HUN,TAX_REV,S13,T_1000,_T,PT_B1GQ,A,6.938
2016,HUN,TAX_REV,S13,T_1000,_T,PT_B1GQ,A,7.414
2017,HUN,TAX_REV,S13,T_1000,_T,PT_B1GQ,A,7.289
2018,HUN,TAX_REV,S13,T_1000,_T,PT_B1GQ,A,6.712
2019,HUN,TAX_REV,S13,T_1000,_T,PT_B1GQ,A,6.389
2020,HUN,TAX_REV,S13,T_1000,_T,PT_B1GQ,A,6.535
2021,HUN,TAX_REV,S13,T_1000,_T,PT_B1GQ,A,5.456
2022,HUN,TAX_REV,S13,T_1000,_T,PT_B1GQ,A,7.003
2023,HUN,TAX_REV,S13,T_1000,_T,PT_B1GQ,A,7.489
2014,ISL,TAX_REV,S13,T_1000,_T,PT_B1GQ,A,17.278
2015,ISL,TAX_REV,S13,T_1000,_T,PT_B1GQ,A,16.487
2016,ISL,TAX_REV,S13,T_1000,_T,PT_B1GQ,A,17.099
2017,ISL,TAX_REV,S13,T_1000,_T,PT_B1GQ,A,18.32
2018,ISL,TAX_REV,S13,T_1000,_T,PT_B1GQ,A,17.993
2019,ISL,TAX_REV,S13,T_1000,_T,PT_B1GQ,A,17.521
2020,ISL,TAX_REV,S13,T_1000,_T,PT_B1GQ,A,18.505
2021,ISL,TAX_REV,S13,T_1000,_T,PT_B1GQ,A,17.388
2022,ISL,TAX_REV,S13,T_1000,_T,PT_B1GQ,A,18.104
2023,ISL,TAX_REV,S13,T_1000,_T,PT_B1GQ,A,18.686
2014,IRL,TAX_REV,S13,T_1000,_T,PT_B1GQ,A,11.461
2015,IRL,TAX_REV,S13,T_1000,_T,PT_B1GQ,A,9.76
2016,IRL,TAX_REV,S13,T_1000,_T,PT_B1GQ,A,10.099
2017,IRL,TAX_REV,S13,T_1000,_T,PT_B1GQ,A,9.596
2018,IRL,TAX_REV,S13,T_1000,_T,PT_B1GQ,A,9.937
2019,IRL,TAX_REV,S13,T_1000,_T,PT_B1GQ,A,9.778
2020,IRL,TAX_REV,S13,T_1000,_T,PT_B1GQ,A,9.506
2021,IRL,TAX_REV,S13,T_1000,_T,PT_B1GQ,A,9.959
2022,IRL,TAX_REV,S13,T_1000,_T,PT_B1GQ,A,10.688
2023,IRL,TAX_REV,S13,T_1000,_T,PT_B1GQ,A,11.557
2014,ISR,TAX_REV,S13,T_1000,_T,PT_B1GQ,A,9.349
2015,ISR,TAX_REV,S13,T_1000,_T,PT_B1GQ,A,9.663
2016,ISR,TAX_REV,S13,T_1000,_T,PT_B1GQ,A,9.752
2017,ISR,TAX_REV,S13,T_1000,_T,PT_B1GQ,A,11.422
2018,ISR,TAX_REV,S13,T_1000,_T,PT_B1GQ,A,10.001
2019,ISR,TAX_REV,S13,T_1000,_T,PT_B1GQ,A,9.814
2020,ISR,TAX_REV,S13,T_1000,_T,PT_B1GQ,A,9.769
2021,ISR,TAX_REV,S13,T_1000,_T,PT_B1GQ,A,11.495
2022,ISR,TAX_REV,S13,T_1000,_T,PT_B1GQ,A,12.205
2023,ISR,TAX_REV,S13,T_1000,_T,PT_B1GQ,A,11.045
2014,ITA,TAX_REV,S13,T_1000,_T,PT_B1GQ,A,13.837
2015,ITA,TAX_REV,S13,T_1000,_T,PT_B1GQ,A,13.649
2016,ITA,TAX_REV,S13,T_1000,_T,PT_B1GQ,A,13.463
2017,ITA,TAX_REV,S13,T_1000,_T,PT_B1GQ,A,13.336
2018,ITA,TAX_REV,S13,T_1000,_T,PT_B1GQ,A,12.956
2019,ITA,TAX_REV,S13,T_1000,_T,PT_B1GQ,A,13.35
2020,ITA,TAX_REV,S13,T_1000,_T,PT_B1GQ,A,13.96
2021,ITA,TAX_REV,S13,T_1000,_T,PT_B1GQ,A,13.51
2022,ITA,TAX_REV,S13,T_1000,_T,PT_B1GQ,A,14.044
2023,ITA,TAX_REV,S13,T_1000,_T,PT_B1GQ,A,14.668
2014,JPN,TAX_REV,S13,T_1000,_T,PT_B1GQ,A,9.541
2015,JPN,TAX_REV,S13,T_1000,_T,PT_B1GQ,A,9.426
2016,JPN,TAX_REV,S13,T_1000,_T,PT_B1GQ,A,9.259
2017,JPN,TAX_REV,S13,T_1000,_T,PT_B1GQ,A,9.476
2018,JPN,TAX_REV,S13,T_1000,_T,PT_B1GQ,A,10.077
2019,JPN,TAX_REV,S13,T_1000,_T,PT_B1GQ,A,9.697
2020,JPN,TAX_REV,S13,T_1000,_T,PT_B1GQ,A,10.01
2021,JPN,TAX_REV,S13,T_1000,_T,PT_B1GQ,A,10.815
2022,JPN,TAX_REV,S13,T_1000,_T,PT_B1GQ,A,11.197
2023,JPN,TAX_REV,S13,T_1000,_T,PT_B1GQ,A,10.35
2014,KOR,TAX_REV,S13,T_1000,_T,PT_B1GQ,A,6.805
2015,KOR,TAX_REV,S13,T_1000,_T,PT_B1GQ,A,7.186
2016,KOR,TAX_REV,S13,T_1000,_T,PT_B1GQ,A,7.727
2017,KOR,TAX_REV,S13,T_1000,_T,PT_B1GQ,A,8.14
2018,KOR,TAX_REV,S13,T_1000,_T,PT_B1GQ,A,9.113
2019,KOR,TAX_REV,S13,T_1000,_T,PT_B1GQ,A,9.043
2020,KOR,TAX_REV,S13,T_1000,_T,PT_B1GQ,A,8.583
2021,KOR,TAX_REV,S13,T_1000,_T,PT_B1GQ,A,9.882
2022,KOR,TAX_REV,S13,T_1000,_T,PT_B1GQ,A,11.944
2023,KOR,TAX_REV,S13,T_1000,_T,PT_B1GQ,A,9.877
2014,LVA,TAX_REV,S13,T_1000,_T,PT_B1GQ,A,7.454
2015,LVA,TAX_REV,S13,T_1000,_T,PT_B1GQ,A,7.461
2016,LVA,TAX_REV,S13,T_1000,_T,PT_B1GQ,A,7.928
2017,LVA,TAX_REV,S13,T_1000,_T,PT_B1GQ,A,8.169
2018,LVA,TAX_REV,S13,T_1000,_T,PT_B1GQ,A,7.029
2019,LVA,TAX_REV,S13,T_1000,_T,PT_B1GQ,A,6.626
2020,LVA,TAX_REV,S13,T_1000,_T,PT_B1GQ,A,6.706
2021,LVA,TAX_REV,S13,T_1000,_T,PT_B1GQ,A,6.886
2022,LVA,TAX_REV,S13,T_1000,_T,PT_B1GQ,A,6.911
2023,LVA,TAX_REV,S13,T_1000,_T,PT_B1GQ,A,7.605
2014,LTU,TAX_REV,S13,T_1000,_T,PT_B1GQ,A,4.989
2015,LTU,TAX_REV,S13,T_1000,_T,PT_B1GQ,A,5.391
2016,LTU,TAX_REV,S13,T_1000,_T,PT_B1GQ,A,5.593
2017,LTU,TAX_REV,S13,T_1000,_T,PT_B1GQ,A,5.517
2018,LTU,TAX_REV,S13,T_1000,_T,PT_B1GQ,A,5.767
2019,LTU,TAX_REV,S13,T_1000,_T,PT_B1GQ,A,8.759
2020,LTU,TAX_REV,S13,T_1000,_T,PT_B1GQ,A,8.928
2021,LTU,TAX_REV,S13,T_1000,_T,PT_B1GQ,A,9.518
2022,LTU,TAX_REV,S13,T_1000,_T,PT_B1GQ,A,9.902
2023,LTU,TAX_REV,S13,T_1000,_T,PT_B1GQ,A,10.585
2014,LUX,TAX_REV,S13,T_1000,_T,PT_B1GQ,A,12.487
2015,LUX,TAX_REV,S13,T_1000,_T,PT_B1GQ,A,12.949
2016,LUX,TAX_REV,S13,T_1000,_T,PT_B1GQ,A,13.242
2017,LUX,TAX_REV,S13,T_1000,_T,PT_B1GQ,A,13.68
2018,LUX,TAX_REV,S13,T_1000,_T,PT_B1GQ,A,15.621
2019,LUX,TAX_REV,S13,T_1000,_T,PT_B1GQ,A,15.502
2020,LUX,TAX_REV,S13,T_1000,_T,PT_B1GQ,A,14.521
2021,LUX,TAX_REV,S13,T_1000,_T,PT_B1GQ,A,14.637
2022,LUX,TAX_REV,S13,T_1000,_T,PT_B1GQ,A,14.75
2023,LUX,TAX_REV,S13,T_1000,_T,PT_B1GQ,A,16.567
2014,MEX,TAX_REV,S13,T_1000,_T,PT_B1GQ,A,5.399
2015,MEX,TAX_REV,S13,T_1000,_T,PT_B1GQ,A,6.4
2016,MEX,TAX_REV,S13,T_1000,_T,PT_B1GQ,A,6.875
2017,MEX,TAX_REV,S13,T_1000,_T,PT_B1GQ,A,6.975
2018,MEX,TAX_REV,S13,T_1000,_T,PT_B1GQ,A,6.914
2019,MEX,TAX_REV,S13,T_1000,_T,PT_B1GQ,A,6.738
2020,MEX,TAX_REV,S13,T_1000,_T,PT_B1GQ,A,7.342
2021,MEX,TAX_REV,S13,T_1000,_T,PT_B1GQ,A,7.149
2022,MEX,TAX_REV,S13,T_1000,_T,PT_B1GQ,A,7.744
2023,MEX,TAX_REV,S13,T_1000,_T,PT_B1GQ,A,7.915
2014,NLD,TAX_REV,S13,T_1000,_T,PT_B1GQ,A,9.382
2015,NLD,TAX_REV,S13,T_1000,_T,PT_B1GQ,A,10.133
2016,NLD,TAX_REV,S13,T_1000,_T,PT_B1GQ,A,10.274
2017,NLD,TAX_REV,S13,T_1000,_T,PT_B1GQ,A,11.422
2018,NLD,TAX_REV,S13,T_1000,_T,PT_B1GQ,A,11.276
2019,NLD,TAX_REV,S13,T_1000,_T,PT_B1GQ,A,11.931
2020,NLD,TAX_REV,S13,T_1000,_T,PT_B1GQ,A,11.98
2021,NLD,TAX_REV,S13,T_1000,_T,PT_B1GQ,A,12.096
2022,NLD,TAX_REV,S13,T_1000,_T,PT_B1GQ,A,12.46
2023,NLD,TAX_REV,S13,T_1000,_T,PT_B1GQ,A,13.788
2014,NZL,TAX_REV,S13,T_1000,_T,PT_B1GQ,A,17.023
2015,NZL,TAX_REV,S13,T_1000,_T,PT_B1GQ,A,17.286
2016,NZL,TAX_REV,S13,T_1000,_T,PT_B1GQ,A,17.457
2017,NZL,TAX_REV,S13,T_1000,_T,PT_B1GQ,A,17.418
2018,NZL,TAX_REV,S13,T_1000,_T,PT_B1GQ,A,18.119
2019,NZL,TAX_REV,S13,T_1000,_T,PT_B1GQ,A,17.311
2020,NZL,TAX_REV,S13,T_1000,_T,PT_B1GQ,A,19.052
2021,NZL,TAX_REV,S13,T_1000,_T,PT_B1GQ,A,20.224
2022,NZL,TAX_REV,S13,T_1000,_T,PT_B1GQ,A,19.281
2023,NZL,TAX_REV,S13,T_1000,_T,PT_B1GQ,A,19.917
2014,NOR,TAX_REV,S13,T_1000,_T,PT_B1GQ,A,16.474
2015,NOR,TAX_REV,S13,T_1000,_T,PT_B1GQ,A,15.216
2016,NOR,TAX_REV,S13,T_1000,_T,PT_B1GQ,A,14.78
2017,NOR,TAX_REV,S13,T_1000,_T,PT_B1GQ,A,15.134
2018,NOR,TAX_REV,S13,T_1000,_T,PT_B1GQ,A,16.445
2019,NOR,TAX_REV,S13,T_1000,_T,PT_B1GQ,A,16.365
2020,NOR,TAX_REV,S13,T_1000,_T,PT_B1GQ,A,14.12
2021,NOR,TAX_REV,S13,T_1000,_T,PT_B1GQ,A,20.381
2022,NOR,TAX_REV,S13,T_1000,_T,PT_B1GQ,A,26.465
2023,NOR,TAX_REV,S13,T_1000,_T,PT_B1GQ,A,21.378
2014,POL,TAX_REV,S13,T_1000,_T,PT_B1GQ,A,6.396
2015,POL,TAX_REV,S13,T_1000,_T,PT_B1GQ,A,6.51
2016,POL,TAX_REV,S13,T_1000,_T,PT_B1GQ,A,6.705
2017,POL,TAX_REV,S13,T_1000,_T,PT_B1GQ,A,6.934
2018,POL,TAX_REV,S13,T_1000,_T,PT_B1GQ,A,7.382
2019,POL,TAX_REV,S13,T_1000,_T,PT_B1GQ,A,7.539
2020,POL,TAX_REV,S13,T_1000,_T,PT_B1GQ,A,7.522
2021,POL,TAX_REV,S13,T_1000,_T,PT_B1GQ,A,7.953
2022,POL,TAX_REV,S13,T_1000,_T,PT_B1GQ,A,7.286
2023,POL,TAX_REV,S13,T_1000,_T,PT_B1GQ,A,6.936
2014,PRT,TAX_REV,S13,T_1000,_T,PT_B1GQ,A,10.548
2015,PRT,TAX_REV,S13,T_1000,_T,PT_B1GQ,A,10.44
2016,PRT,TAX_REV,S13,T_1000,_T,PT_B1GQ,A,9.806
2017,PRT,TAX_REV,S13,T_1000,_T,PT_B1GQ,A,9.632
2018,PRT,TAX_REV,S13,T_1000,_T,PT_B1GQ,A,9.803
2019,PRT,TAX_REV,S13,T_1000,_T,PT_B1GQ,A,9.451
2020,PRT,TAX_REV,S13,T_1000,_T,PT_B1GQ,A,9.742
2021,PRT,TAX_REV,S13,T_1000,_T,PT_B1GQ,A,9.34
2022,PRT,TAX_REV,S13,T_1000,_T,PT_B1GQ,A,10.313
2023,PRT,TAX_REV,S13,T_1000,_T,PT_B1GQ,A,10.434
2014,SVK,TAX_REV,S13,T_1000,_T,PT_B1GQ,A,6.489
2015,SVK,TAX_REV,S13,T_1000,_T,PT_B1GQ,A,6.917
2016,SVK,TAX_REV,S13,T_1000,_T,PT_B1GQ,A,6.985
2017,SVK,TAX_REV,S13,T_1000,_T,PT_B1GQ,A,7.038
2018,SVK,TAX_REV,S13,T_1000,_T,PT_B1GQ,A,7.088
2019,SVK,TAX_REV,S13,T_1000,_T,PT_B1GQ,A,7.05
2020,SVK,TAX_REV,S13,T_1000,_T,PT_B1GQ,A,6.993
2021,SVK,TAX_REV,S13,T_1000,_T,PT_B1GQ,A,7.663
2022,SVK,TAX_REV,S13,T_1000,_T,PT_B1GQ,A,7.701
2023,SVK,TAX_REV,S13,T_1000,_T,PT_B1GQ,A,7.659
2014,SVN,TAX_REV,S13,T_1000,_T,PT_B1GQ,A,6.477
2015,SVN,TAX_REV,S13,T_1000,_T,PT_B1GQ,A,6.556
2016,SVN,TAX_REV,S13,T_1000,_T,PT_B1GQ,A,6.84
2017,SVN,TAX_REV,S13,T_1000,_T,PT_B1GQ,A,6.875
2018,SVN,TAX_REV,S13,T_1000,_T,PT_B1GQ,A,7.299
2019,SVN,TAX_REV,S13,T_1000,_T,PT_B1GQ,A,7.21
2020,SVN,TAX_REV,S13,T_1000,_T,PT_B1GQ,A,7.228
2021,SVN,TAX_REV,S13,T_1000,_T,PT_B1GQ,A,7.885
2022,SVN,TAX_REV,S13,T_1000,_T,PT_B1GQ,A,7.519
2023,SVN,TAX_REV,S13,T_1000,_T,PT_B1GQ,A,7.518
2014,ESP,TAX_REV,S13,T_1000,_T,PT_B1GQ,A,9.691
2015,ESP,TAX_REV,S13,T_1000,_T,PT_B1GQ,A,9.521
2016,ESP,TAX_REV,S13,T_1000,_T,PT_B1GQ,A,9.433
2017,ESP,TAX_REV,S13,T_1000,_T,PT_B1GQ,A,9.618
2018,ESP,TAX_REV,S13,T_1000,_T,PT_B1GQ,A,10.138
2019,ESP,TAX_REV,S13,T_1000,_T,PT_B1GQ,A,9.927
2020,ESP,TAX_REV,S13,T_1000,_T,PT_B1GQ,A,10.704
2021,ESP,TAX_REV,S13,T_1000,_T,PT_B1GQ,A,11.269
2022,ESP,TAX_REV,S13,T_1000,_T,PT_B1GQ,A,11.788
2023,ESP,TAX_REV,S13,T_1000,_T,PT_B1GQ,A,12.046
2014,SWE,TAX_REV,S13,T_1000,_T,PT_B1GQ,A,14.965
2015,SWE,TAX_REV,S13,T_1000,_T,PT_B1GQ,A,15.538
2016,SWE,TAX_REV,S13,T_1000,_T,PT_B1GQ,A,16.029
2017,SWE,TAX_REV,S13,T_1000,_T,PT_B1GQ,A,16.254
2018,SWE,TAX_REV,S13,T_1000,_T,PT_B1GQ,A,15.881
2019,SWE,TAX_REV,S13,T_1000,_T,PT_B1GQ,A,15.34
2020,SWE,TAX_REV,S13,T_1000,_T,PT_B1GQ,A,15.304
2021,SWE,TAX_REV,S13,T_1000,_T,PT_B1GQ,A,15.708
2022,SWE,TAX_REV,S13,T_1000,_T,PT_B1GQ,A,15.309
2023,SWE,TAX_REV,S13,T_1000,_T,PT_B1GQ,A,14.615
2014,CHE,TAX_REV,S13,T_1000,_T,PT_B1GQ,A,11.914
2015,CHE,TAX_REV,S13,T_1000,_T,PT_B1GQ,A,12.524
2016,CHE,TAX_REV,S13,T_1000,_T,PT_B1GQ,A,12.539
2017,CHE,TAX_REV,S13,T_1000,_T,PT_B1GQ,A,13.128
2018,CHE,TAX_REV,S13,T_1000,_T,PT_B1GQ,A,12.952
2019,CHE,TAX_REV,S13,T_1000,_T,PT_B1GQ,A,13.326
2020,CHE,TAX_REV,S13,T_1000,_T,PT_B1GQ,A,12.899
2021,CHE,TAX_REV,S13,T_1000,_T,PT_B1GQ,A,13.37
2022,CHE,TAX_REV,S13,T_1000,_T,PT_B1GQ,A,12.549
2023,CHE,TAX_REV,S13,T_1000,_T,PT_B1GQ,A,12.653
2014,TUR,TAX_REV,S13,T_1000,_T,PT_B1GQ,A,5.168
2015,TUR,TAX_REV,S13,T_1000,_T,PT_B1GQ,A,5.068
2016,TUR,TAX_REV,S13,T_1000,_T,PT_B1GQ,A,5.314
2017,TUR,TAX_REV,S13,T_1000,_T,PT_B1GQ,A,5.275
2018,TUR,TAX_REV,S13,T_1000,_T,PT_B1GQ,A,5.787
2019,TUR,TAX_REV,S13,T_1000,_T,PT_B1GQ,A,5.594
2020,TUR,TAX_REV,S13,T_1000,_T,PT_B1GQ,A,5.227
2021,TUR,TAX_REV,S13,T_1000,_T,PT_B1GQ,A,5.48
2022,TUR,TAX_REV,S13,T_1000,_T,PT_B1GQ,A,5.755
2023,TUR,TAX_REV,S13,T_1000,_T,PT_B1GQ,A,5.634
2014,GBR,TAX_REV,S13,T_1000,_T,PT_B1GQ,A,11.013
2015,GBR,TAX_REV,S13,T_1000,_T,PT_B1GQ,A,11.1
2016,GBR,TAX_REV,S13,T_1000,_T,PT_B1GQ,A,11.435
2017,GBR,TAX_REV,S13,T_1000,_T,PT_B1GQ,A,11.553
2018,GBR,TAX_REV,S13,T_1000,_T,PT_B1GQ,A,11.514
2019,GBR,TAX_REV,S13,T_1000,_T,PT_B1GQ,A,11.193
2020,GBR,TAX_REV,S13,T_1000,_T,PT_B1GQ,A,11.807
2021,GBR,TAX_REV,S13,T_1000,_T,PT_B1GQ,A,12.918
2022,GBR,TAX_REV,S13,T_1000,_T,PT_B1GQ,A,13.377
2023,GBR,TAX_REV,S13,T_1000,_T,PT_B1GQ,A,14.172
2014,USA,TAX_REV,S13,T_1000,_T,PT_B1GQ,A,12.326
2015,USA,TAX_REV,S13,T_1000,_T,PT_B1GQ,A,12.655
2016,USA,TAX_REV,S13,T_1000,_T,PT_B1GQ,A,12.304
2017,USA,TAX_REV,S13,T_1000,_T,PT_B1GQ,A,11.847
2018,USA,TAX_REV,S13,T_1000,_T,PT_B1GQ,A,11.365
2019,USA,TAX_REV,S13,T_1000,_T,PT_B1GQ,A,11.483
2020,USA,TAX_REV,S13,T_1000,_T,PT_B1GQ,A,11.911
2021,USA,TAX_REV,S13,T_1000,_T,PT_B1GQ,A,13.232
2022,USA,TAX_REV,S13,T_1000,_T,PT_B1GQ,A,14.197
2023,USA,TAX_REV,S13,T_1000,_T,PT_B1GQ,A,12.121
2014,ATG,TAX_REV,S13,T_1000,_T,PT_B1GQ,A,1.949
2015,ATG,TAX_REV,S13,T_1000,_T,PT_B1GQ,A,2.306
2016,ATG,TAX_REV,S13,T_1000,_T,PT_B1GQ,A,1.879
2017,ATG,TAX_REV,S13,T_1000,_T,PT_B1GQ,A,1.788
2018,ATG,TAX_REV,S13,T_1000,_T,PT_B1GQ,A,1.747
2019,ATG,TAX_REV,S13,T_1000,_T,PT_B1GQ,A,1.697
2020,ATG,TAX_REV,S13,T_1000,_T,PT_B1GQ,A,2.289
2021,ATG,TAX_REV,S13,T_1000,_T,PT_B1GQ,A,1.928
2022,ATG,TAX_REV,S13,T_1000,_T,PT_B1GQ,A,1.406
2023,ATG,TAX_REV,S13,T_1000,_T,PT_B1GQ,A,1.968
2014,ARG,TAX_REV,S13,T_1000,_T,PT_B1GQ,A,5.892
2015,ARG,TAX_REV,S13,T_1000,_T,PT_B1GQ,A,6.458
2016,ARG,TAX_REV,S13,T_1000,_T,PT_B1GQ,A,5.31
2017,ARG,TAX_REV,S13,T_1000,_T,PT_B1GQ,A,5.251
2018,ARG,TAX_REV,S13,T_1000,_T,PT_B1GQ,A,5.066
2019,ARG,TAX_REV,S13,T_1000,_T,PT_B1GQ,A,5.116
2020,ARG,TAX_REV,S13,T_1000,_T,PT_B1GQ,A,5.404
2021,ARG,TAX_REV,S13,T_1000,_T,PT_B1GQ,A,5.089
2022,ARG,TAX_REV,S13,T_1000,_T,PT_B1GQ,A,5.72
2023,ARG,TAX_REV,S13,T_1000,_T,PT_B1GQ,A,4.606
2014,ARM,TAX_REV,S13,T_1000,_T,PT_B1GQ,A,8.391
2015,ARM,TAX_REV,S13,T_1000,_T,PT_B1GQ,A,8.404
2016,ARM,TAX_REV,S13,T_1000,_T,PT_B1GQ,A,9.077
2017,ARM,TAX_REV,S13,T_1000,_T,PT_B1GQ,A,8.109
2018,ARM,TAX_REV,S13,T_1000,_T,PT_B1GQ,A,8.754
2019,ARM,TAX_REV,S13,T_1000,_T,PT_B1GQ,A,9.041
2020,ARM,TAX_REV,S13,T_1000,_T,PT_B1GQ,A,9.058
2021,ARM,TAX_REV,S13,T_1000,_T,PT_B1GQ,A,8.366
2022,ARM,TAX_REV,S13,T_1000,_T,PT_B1GQ,A,8.209
2023,ARM,TAX_REV,S13,T_1000,_T,PT_B1GQ,A,9.268
2014,AZE,TAX_REV,S13,T_1000,_T,PT_B1GQ,A,5.563
2015,AZE,TAX_REV,S13,T_1000,_T,PT_B1GQ,A,5.873
2016,AZE,TAX_REV,S13,T_1000,_T,PT_B1GQ,A,5.178
2017,AZE,TAX_REV,S13,T_1000,_T,PT_B1GQ,A,4.729
2018,AZE,TAX_REV,S13,T_1000,_T,PT_B1GQ,A,4.364
2019,AZE,TAX_REV,S13,T_1000,_T,PT_B1GQ,A,4.271
2020,AZE,TAX_REV,S13,T_1000,_T,PT_B1GQ,A,4.826
2021,AZE,TAX_REV,S13,T_1000,_T,PT_B1GQ,A,4.456
2022,AZE,TAX_REV,S13,T_1000,_T,PT_B1GQ,A,7.462
2023,AZE,TAX_REV,S13,T_1000,_T,PT_B1GQ,A,7.865
2014,BGD,TAX_REV,S13,T_1000,_T,PT_B1GQ,A,2.615
2015,BGD,TAX_REV,S13,T_1000,_T,PT_B1GQ,A,2.473
2016,BGD,TAX_REV,S13,T_1000,_T,PT_B1GQ,A,2.27
2017,BGD,TAX_REV,S13,T_1000,_T,PT_B1GQ,A,2.317
2018,BGD,TAX_REV,S13,T_1000,_T,PT_B1GQ,A,2.34
2019,BGD,TAX_REV,S13,T_1000,_T,PT_B1GQ,A,2.224
2020,BGD,TAX_REV,S13,T_1000,_T,PT_B1GQ,A,2.456
2021,BGD,TAX_REV,S13,T_1000,_T,PT_B1GQ,A,2.419
2022,BGD,TAX_REV,S13,T_1000,_T,PT_B1GQ,A,2.376
2023,BGD,TAX_REV,S13,T_1000,_T,PT_B1GQ,A,2.463
2014,BRB,TAX_REV,S13,T_1000,_T,PT_B1GQ,A,6.338
2015,BRB,TAX_REV,S13,T_1000,_T,PT_B1GQ,A,6.736
2016,BRB,TAX_REV,S13,T_1000,_T,PT_B1GQ,A,7.462
2017,BRB,TAX_REV,S13,T_1000,_T,PT_B1GQ,A,7.056
2018,BRB,TAX_REV,S13,T_1000,_T,PT_B1GQ,A,8.122
2019,BRB,TAX_REV,S13,T_1000,_T,PT_B1GQ,A,6.987
2020,BRB,TAX_REV,S13,T_1000,_T,PT_B1GQ,A,10.158
2021,BRB,TAX_REV,S13,T_1000,_T,PT_B1GQ,A,7.941
2022,BRB,TAX_REV,S13,T_1000,_T,PT_B1GQ,A,8.632
2023,BRB,TAX_REV,S13,T_1000,_T,PT_B1GQ,A,8.084
2014,BLZ,TAX_REV,S13,T_1000,_T,PT_B1GQ,A,6.36
2015,BLZ,TAX_REV,S13,T_1000,_T,PT_B1GQ,A,5.767
2016,BLZ,TAX_REV,S13,T_1000,_T,PT_B1GQ,A,5.802
2017,BLZ,TAX_REV,S13,T_1000,_T,PT_B1GQ,A,5.911
2018,BLZ,TAX_REV,S13,T_1000,_T,PT_B1GQ,A,6.174
2019,BLZ,TAX_REV,S13,T_1000,_T,PT_B1GQ,A,6.329
2020,BLZ,TAX_REV,S13,T_1000,_T,PT_B1GQ,A,5.541
2021,BLZ,TAX_REV,S13,T_1000,_T,PT_B1GQ,A,4.428
2022,BLZ,TAX_REV,S13,T_1000,_T,PT_B1GQ,A,5.323
2023,BLZ,TAX_REV,S13,T_1000,_T,PT_B1GQ,A,5.562
2014,BTN,TAX_REV,S13,T_1000,_T,PT_B1GQ,A,7.176
2015,BTN,TAX_REV,S13,T_1000,_T,PT_B1GQ,A,6.92
2016,BTN,TAX_REV,S13,T_1000,_T,PT_B1GQ,A,6.33
2017,BTN,TAX_REV,S13,T_1000,_T,PT_B1GQ,A,6.837
2018,BTN,TAX_REV,S13,T_1000,_T,PT_B1GQ,A,6.474
2019,BTN,TAX_REV,S13,T_1000,_T,PT_B1GQ,A,5.839
2020,BTN,TAX_REV,S13,T_1000,_T,PT_B1GQ,A,4.981
2021,BTN,TAX_REV,S13,T_1000,_T,PT_B1GQ,A,6.163
2022,BTN,TAX_REV,S13,T_1000,_T,PT_B1GQ,A,6.138
2023,BTN,TAX_REV,S13,T_1000,_T,PT_B1GQ,A,6.411
2014,BOL,TAX_REV,S13,T_1000,_T,PT_B1GQ,A,5.58
2015,BOL,TAX_REV,S13,T_1000,_T,PT_B1GQ,A,5.617
2016,BOL,TAX_REV,S13,T_1000,_T,PT_B1GQ,A,4.637
2017,BOL,TAX_REV,S13,T_1000,_T,PT_B1GQ,A,3.917
2018,BOL,TAX_REV,S13,T_1000,_T,PT_B1GQ,A,3.804
2019,BOL,TAX_REV,S13,T_1000,_T,PT_B1GQ,A,4.019
2020,BOL,TAX_REV,S13,T_1000,_T,PT_B1GQ,A,2.924
2021,BOL,TAX_REV,S13,T_1000,_T,PT_B1GQ,A,2.738
2022,BOL,TAX_REV,S13,T_1000,_T,PT_B1GQ,A,3.419
2023,BOL,TAX_REV,S13,T_1000,_T,PT_B1GQ,A,2.888
2014,BWA,TAX_REV,S13,T_1000,_T,PT_B1GQ,A,11.475
2015,BWA,TAX_REV,S13,T_1000,_T,PT_B1GQ,A,9.128
2016,BWA,TAX_REV,S13,T_1000,_T,PT_B1GQ,A,10.17
2017,BWA,TAX_REV,S13,T_1000,_T,PT_B1GQ,A,8.177
2018,BWA,TAX_REV,S13,T_1000,_T,PT_B1GQ,A,8.602
2019,BWA,TAX_REV,S13,T_1000,_T,PT_B1GQ,A,8.646
2020,BWA,TAX_REV,S13,T_1000,_T,PT_B1GQ,A,7.445
2021,BWA,TAX_REV,S13,T_1000,_T,PT_B1GQ,A,9.225
2022,BWA,TAX_REV,S13,T_1000,_T,PT_B1GQ,A,8.757
2014,BRA,TAX_REV,S13,T_1000,_T,PT_B1GQ,A,6.607
2015,BRA,TAX_REV,S13,T_1000,_T,PT_B1GQ,A,6.688
2016,BRA,TAX_REV,S13,T_1000,_T,PT_B1GQ,A,7.228
2017,BRA,TAX_REV,S13,T_1000,_T,PT_B1GQ,A,6.965
2018,BRA,TAX_REV,S13,T_1000,_T,PT_B1GQ,A,7.006
2019,BRA,TAX_REV,S13,T_1000,_T,PT_B1GQ,A,7.28
2020,BRA,TAX_REV,S13,T_1000,_T,PT_B1GQ,A,6.907
2021,BRA,TAX_REV,S13,T_1000,_T,PT_B1GQ,A,7.746
2022,BRA,TAX_REV,S13,T_1000,_T,PT_B1GQ,A,9.018
2023,BRA,TAX_REV,S13,T_1000,_T,PT_B1GQ,A,8.664
2014,AUS,TAX_REV,S13,T_4000,_T,PT_B1GQ,A,2.786
2015,AUS,TAX_REV,S13,T_4000,_T,PT_B1GQ,A,2.964
2016,AUS,TAX_REV,S13,T_4000,_T,PT_B1GQ,A,2.959
2017,AUS,TAX_REV,S13,T_4000,_T,PT_B1GQ,A,2.87
2018,AUS,TAX_REV,S13,T_4000,_T,PT_B1GQ,A,2.724
2019,AUS,TAX_REV,S13,T_4000,_T,PT_B1GQ,A,2.72
2014,AUT,TAX_REV,S13,T_4000,_T,PT_B1GQ,A,0.597
2015,AUT,TAX_REV,S13,T_4000,_T,PT_B1GQ,A,0.571
2016,AUT,TAX_REV,S13,T_4000,_T,PT_B1GQ,A,0.546
2017,AUT,TAX_REV,S13,T_4000,_T,PT_B1GQ,A,0.526
2018,AUT,TAX_REV,S13,T_4000,_T,PT_B1GQ,A,0.545
2019,AUT,TAX_REV,S13,T_4000,_T,PT_B1GQ,A,0.543
2020,AUT,TAX_REV,S13,T_4000,_T,PT_B1GQ,A,0.576
2021,AUT,TAX_REV,S13,T_4000,_T,PT_B1GQ,A,0.631
2022,AUT,TAX_REV,S13,T_4000,_T,PT_B1GQ,A,0.589
2023,AUT,TAX_REV,S13,T_4000,_T,PT_B1GQ,A,0.46
2014,BEL,TAX_REV,S13,T_4000,_T,PT_B1GQ,A,3.537
2015,BEL,TAX_REV,S13,T_4000,_T,PT_B1GQ,A,3.458
2016,BEL,TAX_REV,S13,T_4000,_T,PT_B1GQ,A,3.474
2017,BEL,TAX_REV,S13,T_4000,_T,PT_B1GQ,A,3.459
2018,BEL,TAX_REV,S13,T_4000,_T,PT_B1GQ,A,3.441
2019,BEL,TAX_REV,S13,T_4000,_T,PT_B1GQ,A,3.418
2020,BEL,TAX_REV,S13,T_4000,_T,PT_B1GQ,A,3.391
2021,BEL,TAX_REV,S13,T_4000,_T,PT_B1GQ,A,3.543
2022,BEL,TAX_REV,S13,T_4000,_T,PT_B1GQ,A,3.253
2023,BEL,TAX_REV,S13,T_4000,_T,PT_B1GQ,A,3.147
2014,CAN,TAX_REV,S13,T_4000,_T,PT_B1GQ,A,3.674
2015,CAN,TAX_REV,S13,T_4000,_T,PT_B1GQ,A,3.908
2016,CAN,TAX_REV,S13,T_4000,_T,PT_B1GQ,A,4.008
2017,CAN,TAX_REV,S13,T_4000,_T,PT_B1GQ,A,3.931
2018,CAN,TAX_REV,S13,T_4000,_T,PT_B1GQ,A,3.851
2019,CAN,TAX_REV,S13,T_4000,_T,PT_B1GQ,A,3.868
2020,CAN,TAX_REV,S13,T_4000,_T,PT_B1GQ,A,4.045
2021,CAN,TAX_REV,S13,T_4000,_T,PT_B1GQ,A,3.892
2022,CAN,TAX_REV,S13,T_4000,_T,PT_B1GQ,A,3.503
2023,CAN,TAX_REV,S13,T_4000,_T,PT_B1GQ,A,3.426
2014,CHL,TAX_REV,S13,T_4000,_T,PT_B1GQ,A,0.83
2015,CHL,TAX_REV,S13,T_4000,_T,PT_B1GQ,A,0.895
2016,CHL,TAX_REV,S13,T_4000,_T,PT_B1GQ,A,1.025
2017,CHL,TAX_REV,S13,T_4000,_T,PT_B1GQ,A,1.097
2018,CHL,TAX_REV,S13,T_4000,_T,PT_B1GQ,A,1.1
2019,CHL,TAX_REV,S13,T_4000,_T,PT_B1GQ,A,1.145
2020,CHL,TAX_REV,S13,T_4000,_T,PT_B1GQ,A,1.124
2021,CHL,TAX_REV,S13,T_4000,_T,PT_B1GQ,A,1.204
2022,CHL,TAX_REV,S13,T_4000,_T,PT_B1GQ,A,1.314
2023,CHL,TAX_REV,S13,T_4000,_T,PT_B1GQ,A,1.331
2014,COL,TAX_REV,S13,T_4000,_T,PT_B1GQ,A,2.095
2015,COL,TAX_REV,S13,T_4000,_T,PT_B1GQ,A,2.256
2016,COL,TAX_REV,S13,T_4000,_T,PT_B1GQ,A,2.094
2017,COL,TAX_REV,S13,T_4000,_T,PT_B1GQ,A,1.95
2018,COL,TAX_REV,S13,T_4000,_T,PT_B1GQ,A,1.545
2019,COL,TAX_REV,S13,T_4000,_T,PT_B1GQ,A,1.791
2020,COL,TAX_REV,S13,T_4000,_T,PT_B1GQ,A,1.82
2021,COL,TAX_REV,S13,T_4000,_T,PT_B1GQ,A,1.732
2022,COL,TAX_REV,S13,T_4000,_T,PT_B1GQ,A,1.533
2023,COL,TAX_REV,S13,T_4000,_T,PT_B1GQ,A,1.647
2014,CRI,TAX_REV,S13,T_4000,_T,PT_B1GQ,A,0.408
2015,CRI,TAX_REV,S13,T_4000,_T,PT_B1GQ,A,0.409
2016,CRI,TAX_REV,S13,T_4000,_T,PT_B1GQ,A,0.419
2017,CRI,TAX_REV,S13,T_4000,_T,PT_B1GQ,A,0.425
2018,CRI,TAX_REV,S13,T_4000,_T,PT_B1GQ,A,0.415
2019,CRI,TAX_REV,S13,T_4000,_T,PT_B1GQ,A,0.444
2020,CRI,TAX_REV,S13,T_4000,_T,PT_B1GQ,A,0.446
2021,CRI,TAX_REV,S13,T_4000,_T,PT_B1GQ,A,0.517
2022,CRI,TAX_REV,S13,T_4000,_T,PT_B1GQ,A,0.493
2023,CRI,TAX_REV,S13,T_4000,_T,PT_B1GQ,A,0.469
2014,CZE,TAX_REV,S13,T_4000,_T,PT_B1GQ,A,0.446
2015,CZE,TAX_REV,S13,T_4000,_T,PT_B1GQ,A,0.471
2016,CZE,TAX_REV,S13,T_4000,_T,PT_B1GQ,A,0.484
2017,CZE,TAX_REV,S13,T_4000,_T,PT_B1GQ,A,0.46
2018,CZE,TAX_REV,S13,T_4000,_T,PT_B1GQ,A,0.45
2019,CZE,TAX_REV,S13,T_4000,_T,PT_B1GQ,A,0.409
2020,CZE,TAX_REV,S13,T_4000,_T,PT_B1GQ,A,0.199
2021,CZE,TAX_REV,S13,T_4000,_T,PT_B1GQ,A,0.189
2022,CZE,TAX_REV,S13,T_4000,_T,PT_B1GQ,A,0.177
2023,CZE,TAX_REV,S13,T_4000,_T,PT_B1GQ,A,0.164
2014,DNK,TAX_REV,S13,T_4000,_T,PT_B1GQ,A,1.833
2015,DNK,TAX_REV,S13,T_4000,_T,PT_B1GQ,A,1.939
2016,DNK,TAX_REV,S13,T_4000,_T,PT_B1GQ,A,1.84
2017,DNK,TAX_REV,S13,T_4000,_T,PT_B1GQ,A,1.792
2018,DNK,TAX_REV,S13,T_4000,_T,PT_B1GQ,A,1.836
2019,DNK,TAX_REV,S13,T_4000,_T,PT_B1GQ,A,2.011
2020,DNK,TAX_REV,S13,T_4000,_T,PT_B1GQ,A,1.96
2021,DNK,TAX_REV,S13,T_4000,_T,PT_B1GQ,A,1.835
2022,DNK,TAX_REV,S13,T_4000,_T,PT_B1GQ,A,1.703
2023,DNK,TAX_REV,S13,T_4000,_T,PT_B1GQ,A,1.657
2014,EST,TAX_REV,S13,T_4000,_T,PT_B1GQ,A,0.289
2015,EST,TAX_REV,S13,T_4000,_T,PT_B1GQ,A,0.276
2016,EST,TAX_REV,S13,T_4000,_T,PT_B1GQ,A,0.266
2017,EST,TAX_REV,S13,T_4000,_T,PT_B1GQ,A,0.237
2018,EST,TAX_REV,S13,T_4000,_T,PT_B1GQ,A,0.219
2019,EST,TAX_REV,S13,T_4000,_T,PT_B1GQ,A,0.204
2020,EST,TAX_REV,S13,T_4000,_T,PT_B1GQ,A,0.21
2021,EST,TAX_REV,S13,T_4000,_T,PT_B1GQ,A,0.189
2022,EST,TAX_REV,S13,T_4000,_T,PT_B1GQ,A,0.162
2023,EST,TAX_REV,S13,T_4000,_T,PT_B1GQ,A,0.155
2014,FIN,TAX_REV,S13,T_4000,_T,PT_B1GQ,A,1.314
2015,FIN,TAX_REV,S13,T_4000,_T,PT_B1GQ,A,1.427
2016,FIN,TAX_REV,S13,T_4000,_T,PT_B1GQ,A,1.41
2017,FIN,TAX_REV,S13,T_4000,_T,PT_B1GQ,A,1.528
2018,FIN,TAX_REV,S13,T_4000,_T,PT_B1GQ,A,1.434
2019,FIN,TAX_REV,S13,T_4000,_T,PT_B1GQ,A,1.45
2020,FIN,TAX_REV,S13,T_4000,_T,PT_B1GQ,A,1.499
2021,FIN,TAX_REV,S13,T_4000,_T,PT_B1GQ,A,1.511
2022,FIN,TAX_REV,S13,T_4000,_T,PT_B1GQ,A,1.443
2023,FIN,TAX_REV,S13,T_4000,_T,PT_B1GQ,A,1.402
2014,FRA,TAX_REV,S13,T_4000,_T,PT_B1GQ,A,3.912
2015,FRA,TAX_REV,S13,T_4000,_T,PT_B1GQ,A,4.077
2016,FRA,TAX_REV,S13,T_4000,_T,PT_B1GQ,A,4.147
2017,FRA,TAX_REV,S13,T_4000,_T,PT_B1GQ,A,4.289
2018,FRA,TAX_REV,S13,T_4000,_T,PT_B1GQ,A,4.034
2019,FRA,TAX_REV,S13,T_4000,_T,PT_B1GQ,A,3.936
2020,FRA,TAX_REV,S13,T_4000,_T,PT_B1GQ,A,4.001
2021,FRA,TAX_REV,S13,T_4000,_T,PT_B1GQ,A,3.887
2022,FRA,TAX_REV,S13,T_4000,_T,PT_B1GQ,A,3.702
2023,FRA,TAX_REV,S13,T_4000,_T,PT_B1GQ,A,3.457
2014,DEU,TAX_REV,S13,T_4000,_T,PT_B1GQ,A,0.962
2015,DEU,TAX_REV,S13,T_4000,_T,PT_B1GQ,A,1.072
2016,DEU,TAX_REV,S13,T_4000,_T,PT_B1GQ,A,1.087
2017,DEU,TAX_REV,S13,T_4000,_T,PT_B1GQ,A,1.049
2018,DEU,TAX_REV,S13,T_4000,_T,PT_B1GQ,A,1.079
2019,DEU,TAX_REV,S13,T_4000,_T,PT_B1GQ,A,1.113
2020,DEU,TAX_REV,S13,T_4000,_T,PT_B1GQ,A,1.246
2021,DEU,TAX_REV,S13,T_4000,_T,PT_B1GQ,A,1.239
2022,DEU,TAX_REV,S13,T_4000,_T,PT_B1GQ,A,1.115
2023,DEU,TAX_REV,S13,T_4000,_T,PT_B1GQ,A,0.937
2014,GRC,TAX_REV,S13,T_4000,_T,PT_B1GQ,A,2.896
2015,GRC,TAX_REV,S13,T_4000,_T,PT_B1GQ,A,3.072
2016,GRC,TAX_REV,S13,T_4000,_T,PT_B1GQ,A,3.147
2017,GRC,TAX_REV,S13,T_4000,_T,PT_B1GQ,A,3.144
2018,GRC,TAX_REV,S13,T_4000,_T,PT_B1GQ,A,3.094
2019,GRC,TAX_REV,S13,T_4000,_T,PT_B1GQ,A,3.055
2020,GRC,TAX_REV,S13,T_4000,_T,PT_B1GQ,A,3.055
2021,GRC,TAX_REV,S13,T_4000,_T,PT_B1GQ,A,2.915
2022,GRC,TAX_REV,S13,T_4000,_T,PT_B1GQ,A,2.739
2023,GRC,TAX_REV,S13,T_4000,_T,PT_B1GQ,A,2.825
2014,HUN,TAX_REV,S13,T_4000,_T,PT_B1GQ,A,1.272
2015,HUN,TAX_REV,S13,T_4000,_T,PT_B1GQ,A,1.251
2016,HUN,TAX_REV,S13,T_4000,_T,PT_B1GQ,A,1.083
2017,HUN,TAX_REV,S13,T_4000,_T,PT_B1GQ,A,1.041
2018,HUN,TAX_REV,S13,T_4000,_T,PT_B1GQ,A,0.963
2019,HUN,TAX_REV,S13,T_4000,_T,PT_B1GQ,A,0.937
2020,HUN,TAX_REV,S13,T_4000,_T,PT_B1GQ,A,1.047
2021,HUN,TAX_REV,S13,T_4000,_T,PT_B1GQ,A,0.874
2022,HUN,TAX_REV,S13,T_4000,_T,PT_B1GQ,A,0.807
2023,HUN,TAX_REV,S13,T_4000,_T,PT_B1GQ,A,0.736
2014,ISL,TAX_REV,S13,T_4000,_T,PT_B1GQ,A,2.212
2015,ISL,TAX_REV,S13,T_4000,_T,PT_B1GQ,A,1.695
2016,ISL,TAX_REV,S13,T_4000,_T,PT_B1GQ,A,17.026
2017,ISL,TAX_REV,S13,T_4000,_T,PT_B1GQ,A,1.869
2018,ISL,TAX_REV,S13,T_4000,_T,PT_B1GQ,A,1.823
2019,ISL,TAX_REV,S13,T_4000,_T,PT_B1GQ,A,1.929
2020,ISL,TAX_REV,S13,T_4000,_T,PT_B1GQ,A,2.264
2021,ISL,TAX_REV,S13,T_4000,_T,PT_B1GQ,A,2.068
2022,ISL,TAX_REV,S13,T_4000,_T,PT_B1GQ,A,1.962
2023,ISL,TAX_REV,S13,T_4000,_T,PT_B1GQ,A,2.009
2014,IRL,TAX_REV,S13,T_4000,_T,PT_B1GQ,A,2.112
2015,IRL,TAX_REV,S13,T_4000,_T,PT_B1GQ,A,1.438
2016,IRL,TAX_REV,S13,T_4000,_T,PT_B1GQ,A,1.391
2017,IRL,TAX_REV,S13,T_4000,_T,PT_B1GQ,A,1.249
2018,IRL,TAX_REV,S13,T_4000,_T,PT_B1GQ,A,1.289
2019,IRL,TAX_REV,S13,T_4000,_T,PT_B1GQ,A,1.219
2020,IRL,TAX_REV,S13,T_4000,_T,PT_B1GQ,A,0.965
2021,IRL,TAX_REV,S13,T_4000,_T,PT_B1GQ,A,1.078
2022,IRL,TAX_REV,S13,T_4000,_T,PT_B1GQ,A,0.962
2023,IRL,TAX_REV,S13,T_4000,_T,PT_B1GQ,A,1.009
2014,ISR,TAX_REV,S13,T_4000,_T,PT_B1GQ,A,3.202
2015,ISR,TAX_REV,S13,T_4000,_T,PT_B1GQ,A,3.443
2016,ISR,TAX_REV,S13,T_4000,_T,PT_B1GQ,A,3.338
2017,ISR,TAX_REV,S13,T_4000,_T,PT_B1GQ,A,3.351
2018,ISR,TAX_REV,S13,T_4000,_T,PT_B1GQ,A,3.306
2019,ISR,TAX_REV,S13,T_4000,_T,PT_B1GQ,A,3.204
2020,ISR,TAX_REV,S13,T_4000,_T,PT_B1GQ,A,3.061
2021,ISR,TAX_REV,S13,T_4000,_T,PT_B1GQ,A,3.898
2022,ISR,TAX_REV,S13,T_4000,_T,PT_B1GQ,A,4.026
2023,ISR,TAX_REV,S13,T_4000,_T,PT_B1GQ,A,3.236
2014,ITA,TAX_REV,S13,T_4000,_T,PT_B1GQ,A,2.88
2015,ITA,TAX_REV,S13,T_4000,_T,PT_B1GQ,A,2.795
2016,ITA,TAX_REV,S13,T_4000,_T,PT_B1GQ,A,2.765
2017,ITA,TAX_REV,S13,T_4000,_T,PT_B1GQ,A,2.503
2018,ITA,TAX_REV,S13,T_4000,_T,PT_B1GQ,A,2.489
2019,ITA,TAX_REV,S13,T_4000,_T,PT_B1GQ,A,2.407
2020,ITA,TAX_REV,S13,T_4000,_T,PT_B1GQ,A,2.434
2021,ITA,TAX_REV,S13,T_4000,_T,PT_B1GQ,A,2.473
2022,ITA,TAX_REV,S13,T_4000,_T,PT_B1GQ,A,2.453
2023,ITA,TAX_REV,S13,T_4000,_T,PT_B1GQ,A,2.25
2014,JPN,TAX_REV,S13,T_4000,_T,PT_B1GQ,A,2.542
2015,JPN,TAX_REV,S13,T_4000,_T,PT_B1GQ,A,2.478
2016,JPN,TAX_REV,S13,T_4000,_T,PT_B1GQ,A,2.528
2017,JPN,TAX_REV,S13,T_4000,_T,PT_B1GQ,A,2.532
2018,JPN,TAX_REV,S13,T_4000,_T,PT_B1GQ,A,2.551
2019,JPN,TAX_REV,S13,T_4000,_T,PT_B1GQ,A,2.575
2020,JPN,TAX_REV,S13,T_4000,_T,PT_B1GQ,A,2.659
2021,JPN,TAX_REV,S13,T_4000,_T,PT_B1GQ,A,2.664
2022,JPN,TAX_REV,S13,T_4000,_T,PT_B1GQ,A,2.711
2023,JPN,TAX_REV,S13,T_4000,_T,PT_B1GQ,A,2.589
2014,KOR,TAX_REV,S13,T_4000,_T,PT_B1GQ,A,2.579
2015,KOR,TAX_REV,S13,T_4000,_T,PT_B1GQ,A,2.933
2016,KOR,TAX_REV,S13,T_4000,_T,PT_B1GQ,A,2.862
2017,KOR,TAX_REV,S13,T_4000,_T,PT_B1GQ,A,2.964
2018,KOR,TAX_REV,S13,T_4000,_T,PT_B1GQ,A,3.098
2019,KOR,TAX_REV,S13,T_4000,_T,PT_B1GQ,A,3.104
2020,KOR,TAX_REV,S13,T_4000,_T,PT_B1GQ,A,3.942
2021,KOR,TAX_REV,S13,T_4000,_T,PT_B1GQ,A,4.483
2022,KOR,TAX_REV,S13,T_4000,_T,PT_B1GQ,A,3.796
2023,KOR,TAX_REV,S13,T_4000,_T,PT_B1GQ,A,3.323
2014,LVA,TAX_REV,S13,T_4000,_T,PT_B1GQ,A,1.046
2015,LVA,TAX_REV,S13,T_4000,_T,PT_B1GQ,A,1.013
2016,LVA,TAX_REV,S13,T_4000,_T,PT_B1GQ,A,1.069
2017,LVA,TAX_REV,S13,T_4000,_T,PT_B1GQ,A,1.039
2018,LVA,TAX_REV,S13,T_4000,_T,PT_B1GQ,A,0.955
2019,LVA,TAX_REV,S13,T_4000,_T,PT_B1GQ,A,0.94
2020,LVA,TAX_REV,S13,T_4000,_T,PT_B1GQ,A,0.933
2021,LVA,TAX_REV,S13,T_4000,_T,PT_B1GQ,A,0.889
2022,LVA,TAX_REV,S13,T_4000,_T,PT_B1GQ,A,0.767
2023,LVA,TAX_REV,S13,T_4000,_T,PT_B1GQ,A,0.728
2014,LTU,TAX_REV,S13,T_4000,_T,PT_B1GQ,A,0.296
2015,LTU,TAX_REV,S13,T_4000,_T,PT_B1GQ,A,0.338
2016,LTU,TAX_REV,S13,T_4000,_T,PT_B1GQ,A,0.328
2017,LTU,TAX_REV,S13,T_4000,_T,PT_B1GQ,A,0.305
2018,LTU,TAX_REV,S13,T_4000,_T,PT_B1GQ,A,0.301
2019,LTU,TAX_REV,S13,T_4000,_T,PT_B1GQ,A,0.304
2020,LTU,TAX_REV,S13,T_4000,_T,PT_B1GQ,A,0.301
2021,LTU,TAX_REV,S13,T_4000,_T,PT_B1GQ,A,0.294
2022,LTU,TAX_REV,S13,T_4000,_T,PT_B1GQ,A,0.288
2023,LTU,TAX_REV,S13,T_4000,_T,PT_B1GQ,A,0.305
2014,LUX,TAX_REV,S13,T_4000,_T,PT_B1GQ,A,2.81
2015,LUX,TAX_REV,S13,T_4000,_T,PT_B1GQ,A,3.167
2016,LUX,TAX_REV,S13,T_4000,_T,PT_B1GQ,A,3.334
2017,LUX,TAX_REV,S13,T_4000,_T,PT_B1GQ,A,3.551
2018,LUX,TAX_REV,S13,T_4000,_T,PT_B1GQ,A,3.85
2019,LUX,TAX_REV,S13,T_4000,_T,PT_B1GQ,A,3.869
2020,LUX,TAX_REV,S13,T_4000,_T,PT_B1GQ,A,3.817
2021,LUX,TAX_REV,S13,T_4000,_T,PT_B1GQ,A,4.024
2022,LUX,TAX_REV,S13,T_4000,_T,PT_B1GQ,A,3.693
2023,LUX,TAX_REV,S13,T_4000,_T,PT_B1GQ,A,3.52
2014,MEX,TAX_REV,S13,T_4000,_T,PT_B1GQ,A,0.303
2015,MEX,TAX_REV,S13,T_4000,_T,PT_B1GQ,A,0.3
2016,MEX,TAX_REV,S13,T_4000,_T,PT_B1GQ,A,0.305
2017,MEX,TAX_REV,S13,T_4000,_T,PT_B1GQ,A,0.301
2018,MEX,TAX_REV,S13,T_4000,_T,PT_B1GQ,A,0.319
2019,MEX,TAX_REV,S13,T_4000,_T,PT_B1GQ,A,0.315
2020,MEX,TAX_REV,S13,T_4000,_T,PT_B1GQ,A,0.329
2021,MEX,TAX_REV,S13,T_4000,_T,PT_B1GQ,A,0.339
2022,MEX,TAX_REV,S13,T_4000,_T,PT_B1GQ,A,0.357
2023,MEX,TAX_REV,S13,T_4000,_T,PT_B1GQ,A,0.301
2014,NLD,TAX_REV,S13,T_4000,_T,PT_B1GQ,A,1.416
2015,NLD,TAX_REV,S13,T_4000,_T,PT_B1GQ,A,1.397
2016,NLD,TAX_REV,S13,T_4000,_T,PT_B1GQ,A,1.495
2017,NLD,TAX_REV,S13,T_4000,_T,PT_B1GQ,A,1.53
2018,NLD,TAX_REV,S13,T_4000,_T,PT_B1GQ,A,1.542
2019,NLD,TAX_REV,S13,T_4000,_T,PT_B1GQ,A,1.468
2020,NLD,TAX_REV,S13,T_4000,_T,PT_B1GQ,A,1.659
2021,NLD,TAX_REV,S13,T_4000,_T,PT_B1GQ,A,1.583
2022,NLD,TAX_REV,S13,T_4000,_T,PT_B1GQ,A,1.487
2023,NLD,TAX_REV,S13,T_4000,_T,PT_B1GQ,A,1.243
2014,NZL,TAX_REV,S13,T_4000,_T,PT_B1GQ,A,1.951
2015,NZL,TAX_REV,S13,T_4000,_T,PT_B1GQ,A,1.95
2016,NZL,TAX_REV,S13,T_4000,_T,PT_B1GQ,A,1.908
2017,NZL,TAX_REV,S13,T_4000,_T,PT_B1GQ,A,1.872
2018,NZL,TAX_REV,S13,T_4000,_T,PT_B1GQ,A,1.881
2019,NZL,TAX_REV,S13,T_4000,_T,PT_B1GQ,A,1.935
2020,NZL,TAX_REV,S13,T_4000,_T,PT_B1GQ,A,1.855
2021,NZL,TAX_REV,S13,T_4000,_T,PT_B1GQ,A,1.918
2022,NZL,TAX_REV,S13,T_4000,_T,PT_B1GQ,A,1.918
2023,NZL,TAX_REV,S13,T_4000,_T,PT_B1GQ,A,2.023
2014,NOR,TAX_REV,S13,T_4000,_T,PT_B1GQ,A,1.055
2015,NOR,TAX_REV,S13,T_4000,_T,PT_B1GQ,A,1.057
2016,NOR,TAX_REV,S13,T_4000,_T,PT_B1GQ,A,1.137
2017,NOR,TAX_REV,S13,T_4000,_T,PT_B1GQ,A,1.164
2018,NOR,TAX_REV,S13,T_4000,_T,PT_B1GQ,A,1.114
2019,NOR,TAX_REV,S13,T_4000,_T,PT_B1GQ,A,1.171
2020,NOR,TAX_REV,S13,T_4000,_T,PT_B1GQ,A,1.27
2021,NOR,TAX_REV,S13,T_4000,_T,PT_B1GQ,A,1.102
2022,NOR,TAX_REV,S13,T_4000,_T,PT_B1GQ,A,0.968
2023,NOR,TAX_REV,S13,T_4000,_T,PT_B1GQ,A,1.197
2014,POL,TAX_REV,S13,T_4000,_T,PT_B1GQ,A,1.411
2015,POL,TAX_REV,S13,T_4000,_T,PT_B1GQ,A,1.37
2016,POL,TAX_REV,S13,T_4000,_T,PT_B1GQ,A,1.382
2017,POL,TAX_REV,S13,T_4000,_T,PT_B1GQ,A,1.367
2018,POL,TAX_REV,S13,T_4000,_T,PT_B1GQ,A,1.31
2019,POL,TAX_REV,S13,T_4000,_T,PT_B1GQ,A,1.267
2020,POL,TAX_REV,S13,T_4000,_T,PT_B1GQ,A,1.296
2021,POL,TAX_REV,S13,T_4000,_T,PT_B1GQ,A,1.277
2022,POL,TAX_REV,S13,T_4000,_T,PT_B1GQ,A,1.164
2023,POL,TAX_REV,S13,T_4000,_T,PT_B1GQ,A,1.141
2014,PRT,TAX_REV,S13,T_4000,_T,PT_B1GQ,A,1.23
2015,PRT,TAX_REV,S13,T_4000,_T,PT_B1GQ,A,1.284
2016,PRT,TAX_REV,S13,T_4000,_T,PT_B1GQ,A,1.282
2017,PRT,TAX_REV,S13,T_4000,_T,PT_B1GQ,A,1.356
2018,PRT,TAX_REV,S13,T_4000,_T,PT_B1GQ,A,1.445
2019,PRT,TAX_REV,S13,T_4000,_T,PT_B1GQ,A,1.436
2020,PRT,TAX_REV,S13,T_4000,_T,PT_B1GQ,A,1.44
2021,PRT,TAX_REV,S13,T_4000,_T,PT_B1GQ,A,1.541
2022,PRT,TAX_REV,S13,T_4000,_T,PT_B1GQ,A,1.54
2023,PRT,TAX_REV,S13,T_4000,_T,PT_B1GQ,A,1.423
2014,SVK,TAX_REV,S13,T_4000,_T,PT_B1GQ,A,0.433
2015,SVK,TAX_REV,S13,T_4000,_T,PT_B1GQ,A,0.418
2016,SVK,TAX_REV,S13,T_4000,_T,PT_B1GQ,A,0.428
2017,SVK,TAX_REV,S13,T_4000,_T,PT_B1GQ,A,0.426
2018,SVK,TAX_REV,S13,T_4000,_T,PT_B1GQ,A,0.411
2019,SVK,TAX_REV,S13,T_4000,_T,PT_B1GQ,A,0.4
2020,SVK,TAX_REV,S13,T_4000,_T,PT_B1GQ,A,0.468
2021,SVK,TAX_REV,S13,T_4000,_T,PT_B1GQ,A,0.465
2022,SVK,TAX_REV,S13,T_4000,_T,PT_B1GQ,A,0.427
2023,SVK,TAX_REV,S13,T_4000,_T,PT_B1GQ,A,0.415
2014,SVN,TAX_REV,S13,T_4000,_T,PT_B1GQ,A,0.619
2015,SVN,TAX_REV,S13,T_4000,_T,PT_B1GQ,A,0.62
2016,SVN,TAX_REV,S13,T_4000,_T,PT_B1GQ,A,0.629
2017,SVN,TAX_REV,S13,T_4000,_T,PT_B1GQ,A,0.643
2018,SVN,TAX_REV,S13,T_4000,_T,PT_B1GQ,A,0.602
2019,SVN,TAX_REV,S13,T_4000,_T,PT_B1GQ,A,0.615
2020,SVN,TAX_REV,S13,T_4000,_T,PT_B1GQ,A,0.627
2021,SVN,TAX_REV,S13,T_4000,_T,PT_B1GQ,A,0.615
2022,SVN,TAX_REV,S13,T_4000,_T,PT_B1GQ,A,0.609
2023,SVN,TAX_REV,S13,T_4000,_T,PT_B1GQ,A,0.556
2014,ESP,TAX_REV,S13,T_4000,_T,PT_B1GQ,A,2.516
2015,ESP,TAX_REV,S13,T_4000,_T,PT_B1GQ,A,2.584
2016,ESP,TAX_REV,S13,T_4000,_T,PT_B1GQ,A,2.569
2017,ESP,TAX_REV,S13,T_4000,_T,PT_B1GQ,A,2.534
2018,ESP,TAX_REV,S13,T_4000,_T,PT_B1GQ,A,2.538
2019,ESP,TAX_REV,S13,T_4000,_T,PT_B1GQ,A,2.454
2020,ESP,TAX_REV,S13,T_4000,_T,PT_B1GQ,A,2.482
2021,ESP,TAX_REV,S13,T_4000,_T,PT_B1GQ,A,2.755
2022,ESP,TAX_REV,S13,T_4000,_T,PT_B1GQ,A,2.595
2023,ESP,TAX_REV,S13,T_4000,_T,PT_B1GQ,A,2.324
2014,SWE,TAX_REV,S13,T_4000,_T,PT_B1GQ,A,1.058
2015,SWE,TAX_REV,S13,T_4000,_T,PT_B1GQ,A,1.036
2016,SWE,TAX_REV,S13,T_4000,_T,PT_B1GQ,A,1.051
2017,SWE,TAX_REV,S13,T_4000,_T,PT_B1GQ,A,0.992
2018,SWE,TAX_REV,S13,T_4000,_T,PT_B1GQ,A,0.957
2019,SWE,TAX_REV,S13,T_4000,_T,PT_B1GQ,A,0.939
2020,SWE,TAX_REV,S13,T_4000,_T,PT_B1GQ,A,0.954
2021,SWE,TAX_REV,S13,T_4000,_T,PT_B1GQ,A,0.955
2022,SWE,TAX_REV,S13,T_4000,_T,PT_B1GQ,A,0.938
2023,SWE,TAX_REV,S13,T_4000,_T,PT_B1GQ,A,0.814
2014,CHE,TAX_REV,S13,T_4000,_T,PT_B1GQ,A,1.885
2015,CHE,TAX_REV,S13,T_4000,_T,PT_B1GQ,A,1.965
2016,CHE,TAX_REV,S13,T_4000,_T,PT_B1GQ,A,1.996
2017,CHE,TAX_REV,S13,T_4000,_T,PT_B1GQ,A,2.094
2018,CHE,TAX_REV,S13,T_4000,_T,PT_B1GQ,A,2.042
2019,CHE,TAX_REV,S13,T_4000,_T,PT_B1GQ,A,2.122
2020,CHE,TAX_REV,S13,T_4000,_T,PT_B1GQ,A,2.258
2021,CHE,TAX_REV,S13,T_4000,_T,PT_B1GQ,A,2.24
2022,CHE,TAX_REV,S13,T_4000,_T,PT_B1GQ,A,2.172
2023,CHE,TAX_REV,S13,T_4000,_T,PT_B1GQ,A,2.191
2014,TUR,TAX_REV,S13,T_4000,_T,PT_B1GQ,A,1.191
2015,TUR,TAX_REV,S13,T_4000,_T,PT_B1GQ,A,1.216
2016,TUR,TAX_REV,S13,T_4000,_T,PT_B1GQ,A,1.213
2017,TUR,TAX_REV,S13,T_4000,_T,PT_B1GQ,A,1.112
2018,TUR,TAX_REV,S13,T_4000,_T,PT_B1GQ,A,1.035
2019,TUR,TAX_REV,S13,T_4000,_T,PT_B1GQ,A,0.966
2020,TUR,TAX_REV,S13,T_4000,_T,PT_B1GQ,A,1.061
2021,TUR,TAX_REV,S13,T_4000,_T,PT_B1GQ,A,0.967
2022,TUR,TAX_REV,S13,T_4000,_T,PT_B1GQ,A,0.729
2023,TUR,TAX_REV,S13,T_4000,_T,PT_B1GQ,A,0.7
2014,GBR,TAX_REV,S13,T_4000,_T,PT_B1GQ,A,4.005
2015,GBR,TAX_REV,S13,T_4000,_T,PT_B1GQ,A,3.986
2016,GBR,TAX_REV,S13,T_4000,_T,PT_B1GQ,A,4.077
2017,GBR,TAX_REV,S13,T_4000,_T,PT_B1GQ,A,4.108
2018,GBR,TAX_REV,S13,T_4000,_T,PT_B1GQ,A,4.118
2019,GBR,TAX_REV,S13,T_4000,_T,PT_B1GQ,A,4.041
2020,GBR,TAX_REV,S13,T_4000,_T,PT_B1GQ,A,3.799
2021,GBR,TAX_REV,S13,T_4000,_T,PT_B1GQ,A,3.922
2022,GBR,TAX_REV,S13,T_4000,_T,PT_B1GQ,A,4.014
2023,GBR,TAX_REV,S13,T_4000,_T,PT_B1GQ,A,3.72
2014,USA,TAX_REV,S13,T_4000,_T,PT_B1GQ,A,2.943
2015,USA,TAX_REV,S13,T_4000,_T,PT_B1GQ,A,2.94
2016,USA,TAX_REV,S13,T_4000,_T,PT_B1GQ,A,2.977
2017,USA,TAX_REV,S13,T_4000,_T,PT_B1GQ,A,4.188
2018,USA,TAX_REV,S13,T_4000,_T,PT_B1GQ,A,2.946
2019,USA,TAX_REV,S13,T_4000,_T,PT_B1GQ,A,2.958
2020,USA,TAX_REV,S13,T_4000,_T,PT_B1GQ,A,3.098
2021,USA,TAX_REV,S13,T_4000,_T,PT_B1GQ,A,2.931
2022,USA,TAX_REV,S13,T_4000,_T,PT_B1GQ,A,2.862
2023,USA,TAX_REV,S13,T_4000,_T,PT_B1GQ,A,2.771
2014,ATG,TAX_REV,S13,T_4000,_T,PT_B1GQ,A,1.409
2015,ATG,TAX_REV,S13,T_4000,_T,PT_B1GQ,A,1.347
2016,ATG,TAX_REV,S13,T_4000,_T,PT_B1GQ,A,1.483
2017,ATG,TAX_REV,S13,T_4000,_T,PT_B1GQ,A,1.692
2018,ATG,TAX_REV,S13,T_4000,_T,PT_B1GQ,A,1.391
2019,ATG,TAX_REV,S13,T_4000,_T,PT_B1GQ,A,1.541
2020,ATG,TAX_REV,S13,T_4000,_T,PT_B1GQ,A,1.457
2021,ATG,TAX_REV,S13,T_4000,_T,PT_B1GQ,A,2.142
2022,ATG,TAX_REV,S13,T_4000,_T,PT_B1GQ,A,1.911
2023,ATG,TAX_REV,S13,T_4000,_T,PT_B1GQ,A,1.223
2014,ARG,TAX_REV,S13,T_4000,_T,PT_B1GQ,A,2.816
2015,ARG,TAX_REV,S13,T_4000,_T,PT_B1GQ,A,2.791
2016,ARG,TAX_REV,S13,T_4000,_T,PT_B1GQ,A,2.727
2017,ARG,TAX_REV,S13,T_4000,_T,PT_B1GQ,A,2.846
2018,ARG,TAX_REV,S13,T_4000,_T,PT_B1GQ,A,2.682
2019,ARG,TAX_REV,S13,T_4000,_T,PT_B1GQ,A,2.611
2020,ARG,TAX_REV,S13,T_4000,_T,PT_B1GQ,A,3.248
2021,ARG,TAX_REV,S13,T_4000,_T,PT_B1GQ,A,3.07
2022,ARG,TAX_REV,S13,T_4000,_T,PT_B1GQ,A,2.905
2023,ARG,TAX_REV,S13,T_4000,_T,PT_B1GQ,A,2.772
2014,AZE,TAX_REV,S13,T_4000,_T,PT_B1GQ,A,0.299
2015,AZE,TAX_REV,S13,T_4000,_T,PT_B1GQ,A,0.362
2016,AZE,TAX_REV,S13,T_4000,_T,PT_B1GQ,A,0.372
2017,AZE,TAX_REV,S13,T_4000,_T,PT_B1GQ,A,0.325
2018,AZE,TAX_REV,S13,T_4000,_T,PT_B1GQ,A,0.291
2019,AZE,TAX_REV,S13,T_4000,_T,PT_B1GQ,A,0.321
2020,AZE,TAX_REV,S13,T_4000,_T,PT_B1GQ,A,0.314
2021,AZE,TAX_REV,S13,T_4000,_T,PT_B1GQ,A,0.276
2022,AZE,TAX_REV,S13,T_4000,_T,PT_B1GQ,A,0.208
2023,AZE,TAX_REV,S13,T_4000,_T,PT_B1GQ,A,0.277
2014,BHS,TAX_REV,S13,T_4000,_T,PT_B1GQ,A,2.463
2015,BHS,TAX_REV,S13,T_4000,_T,PT_B1GQ,A,2.586
2016,BHS,TAX_REV,S13,T_4000,_T,PT_B1GQ,A,1.719
2017,BHS,TAX_REV,S13,T_4000,_T,PT_B1GQ,A,1.927
2018,BHS,TAX_REV,S13,T_4000,_T,PT_B1GQ,A,1.903
2019,BHS,TAX_REV,S13,T_4000,_T,PT_B1GQ,A,2.662
2020,BHS,TAX_REV,S13,T_4000,_T,PT_B1GQ,A,1.528
2021,BHS,TAX_REV,S13,T_4000,_T,PT_B1GQ,A,1.995
2022,BHS,TAX_REV,S13,T_4000,_T,PT_B1GQ,A,1.942
2023,BHS,TAX_REV,S13,T_4000,_T,PT_B1GQ,A,1.968
2014,BRB,TAX_REV,S13,T_4000,_T,PT_B1GQ,A,1.94
2015,BRB,TAX_REV,S13,T_4000,_T,PT_B1GQ,A,1.349
2016,BRB,TAX_REV,S13,T_4000,_T,PT_B1GQ,A,1.346
2017,BRB,TAX_REV,S13,T_4000,_T,PT_B1GQ,A,1.335
2018,BRB,TAX_REV,S13,T_4000,_T,PT_B1GQ,A,1.519
2019,BRB,TAX_REV,S13,T_4000,_T,PT_B1GQ,A,1.92
2020,BRB,TAX_REV,S13,T_4000,_T,PT_B1GQ,A,1.97
2021,BRB,TAX_REV,S13,T_4000,_T,PT_B1GQ,A,1.935
2022,BRB,TAX_REV,S13,T_4000,_T,PT_B1GQ,A,1.853
2023,BRB,TAX_REV,S13,T_4000,_T,PT_B1GQ,A,1.729
2014,BLZ,TAX_REV,S13,T_4000,_T,PT_B1GQ,A,0.806
2015,BLZ,TAX_REV,S13,T_4000,_T,PT_B1GQ,A,0.79
2016,BLZ,TAX_REV,S13,T_4000,_T,PT_B1GQ,A,0.699
2017,BLZ,TAX_REV,S13,T_4000,_T,PT_B1GQ,A,0.714
2018,BLZ,TAX_REV,S13,T_4000,_T,PT_B1GQ,A,1.065
2019,BLZ,TAX_REV,S13,T_4000,_T,PT_B1GQ,A,0.843
2020,BLZ,TAX_REV,S13,T_4000,_T,PT_B1GQ,A,0.792
2021,BLZ,TAX_REV,S13,T_4000,_T,PT_B1GQ,A,1.247
2022,BLZ,TAX_REV,S13,T_4000,_T,PT_B1GQ,A,0.994
2023,BLZ,TAX_REV,S13,T_4000,_T,PT_B1GQ,A,1.159
2014,BTN,TAX_REV,S13,T_4000,_T,PT_B1GQ,A,0.006
2015,BTN,TAX_REV,S13,T_4000,_T,PT_B1GQ,A,0.045
2016,BTN,TAX_REV,S13,T_4000,_T,PT_B1GQ,A,0.034
2017,BTN,TAX_REV,S13,T_4000,_T,PT_B1GQ,A,0.02
2018,BTN,TAX_REV,S13,T_4000,_T,PT_B1GQ,A,0.018
2019,BTN,TAX_REV,S13,T_4000,_T,PT_B1GQ,A,0.014
2020,BTN,TAX_REV,S13,T_4000,_T,PT_B1GQ,A,0.061
2021,BTN,TAX_REV,S13,T_4000,_T,PT_B1GQ,A,0.058
2022,BTN,TAX_REV,S13,T_4000,_T,PT_B1GQ,A,0.063
2023,BTN,TAX_REV,S13,T_4000,_T,PT_B1GQ,A,0.32
2014,BOL,TAX_REV,S13,T_4000,_T,PT_B1GQ,A,0.19
2015,BOL,TAX_REV,S13,T_4000,_T,PT_B1GQ,A,0.186
2016,BOL,TAX_REV,S13,T_4000,_T,PT_B1GQ,A,0.194
2017,BOL,TAX_REV,S13,T_4000,_T,PT_B1GQ,A,0.19
2018,BOL,TAX_REV,S13,T_4000,_T,PT_B1GQ,A,0.195
2019,BOL,TAX_REV,S13,T_4000,_T,PT_B1GQ,A,0.185
2020,BOL,TAX_REV,S13,T_4000,_T,PT_B1GQ,A,0.166
2021,BOL,TAX_REV,S13,T_4000,_T,PT_B1GQ,A,0.266
2022,BOL,TAX_REV,S13,T_4000,_T,PT_B1GQ,A,0.252
2023,BOL,TAX_REV,S13,T_4000,_T,PT_B1GQ,A,0.183
2014,BWA,TAX_REV,S13,T_4000,_T,PT_B1GQ,A,0.039
2015,BWA,TAX_REV,S13,T_4000,_T,PT_B1GQ,A,0.046
2016,BWA,TAX_REV,S13,T_4000,_T,PT_B1GQ,A,0.038
2017,BWA,TAX_REV,S13,T_4000,_T,PT_B1GQ,A,0.038
2018,BWA,TAX_REV,S13,T_4000,_T,PT_B1GQ,A,0.045
2019,BWA,TAX_REV,S13,T_4000,_T,PT_B1GQ,A,0.04
2020,BWA,TAX_REV,S13,T_4000,_T,PT_B1GQ,A,0.035
2021,BWA,TAX_REV,S13,T_4000,_T,PT_B1GQ,A,0.045
2022,BWA,TAX_REV,S13,T_4000,_T,PT_B1GQ,A,0.039
2014,BRA,TAX_REV,S13,T_4000,_T,PT_B1GQ,A,1.274
2015,BRA,TAX_REV,S13,T_4000,_T,PT_B1GQ,A,1.412
2016,BRA,TAX_REV,S13,T_4000,_T,PT_B1GQ,A,1.391
2017,BRA,TAX_REV,S13,T_4000,_T,PT_B1GQ,A,1.412
2018,BRA,TAX_REV,S13,T_4000,_T,PT_B1GQ,A,1.45
2019,BRA,TAX_REV,S13,T_4000,_T,PT_B1GQ,A,1.524
2020,BRA,TAX_REV,S13,T_4000,_T,PT_B1GQ,A,1.211
2021,BRA,TAX_REV,S13,T_4000,_T,PT_B1GQ,A,1.574
2022,BRA,TAX_REV,S13,T_4000,_T,PT_B1GQ,A,1.546
2023,BRA,TAX_REV,S13,T_4000,_T,PT_B1GQ,A,1.544
2014,AUS,TAX_REV,S13,_T,_T,PT_B1GQ,A,27.15
2015,AUS,TAX_REV,S13,_T,_T,PT_B1GQ,A,27.773
2016,AUS,TAX_REV,S13,_T,_T,PT_B1GQ,A,27.511
2017,AUS,TAX_REV,S13,_T,_T,PT_B1GQ,A,28.517
2018,AUS,TAX_REV,S13,_T,_T,PT_B1GQ,A,28.571
2019,AUS,TAX_REV,S13,_T,_T,PT_B1GQ,A,27.657
2014,AUT,TAX_REV,S13,_T,_T,PT_B1GQ,A,42.699
2015,AUT,TAX_REV,S13,_T,_T,PT_B1GQ,A,43.126
2016,AUT,TAX_REV,S13,_T,_T,PT_B1GQ,A,41.753
2017,AUT,TAX_REV,S13,_T,_T,PT_B1GQ,A,41.871
2018,AUT,TAX_REV,S13,_T,_T,PT_B1GQ,A,42.261
2019,AUT,TAX_REV,S13,_T,_T,PT_B1GQ,A,42.617
2020,AUT,TAX_REV,S13,_T,_T,PT_B1GQ,A,42.102
2021,AUT,TAX_REV,S13,_T,_T,PT_B1GQ,A,43.383
2022,AUT,TAX_REV,S13,_T,_T,PT_B1GQ,A,43.181
2023,AUT,TAX_REV,S13,_T,_T,PT_B1GQ,A,42.665
2014,BEL,TAX_REV,S13,_T,_T,PT_B1GQ,A,44.75
2015,BEL,TAX_REV,S13,_T,_T,PT_B1GQ,A,44.115
2016,BEL,TAX_REV,S13,_T,_T,PT_B1GQ,A,43.288
2017,BEL,TAX_REV,S13,_T,_T,PT_B1GQ,A,43.797
2018,BEL,TAX_REV,S13,_T,_T,PT_B1GQ,A,43.824
2019,BEL,TAX_REV,S13,_T,_T,PT_B1GQ,A,42.385
2020,BEL,TAX_REV,S13,_T,_T,PT_B1GQ,A,42.219
2021,BEL,TAX_REV,S13,_T,_T,PT_B1GQ,A,42.065
2022,BEL,TAX_REV,S13,_T,_T,PT_B1GQ,A,42.377
2023,BEL,TAX_REV,S13,_T,_T,PT_B1GQ,A,42.58
2014,CAN,TAX_REV,S13,_T,_T,PT_B1GQ,A,31.266
2015,CAN,TAX_REV,S13,_T,_T,PT_B1GQ,A,32.82
2016,CAN,TAX_REV,S13,_T,_T,PT_B1GQ,A,33.258
2017,CAN,TAX_REV,S13,_T,_T,PT_B1GQ,A,33.044
2018,CAN,TAX_REV,S13,_T,_T,PT_B1GQ,A,33.482
2019,CAN,TAX_REV,S13,_T,_T,PT_B1GQ,A,33.082
2020,CAN,TAX_REV,S13,_T,_T,PT_B1GQ,A,34.468
2021,CAN,TAX_REV,S13,_T,_T,PT_B1GQ,A,34.799
2022,CAN,TAX_REV,S13,_T,_T,PT_B1GQ,A,33.832
2023,CAN,TAX_REV,S13,_T,_T,PT_B1GQ,A,34.778
2014,CHL,TAX_REV,S13,_T,_T,PT_B1GQ,A,19.699
2015,CHL,TAX_REV,S13,_T,_T,PT_B1GQ,A,20.51
2016,CHL,TAX_REV,S13,_T,_T,PT_B1GQ,A,20.223
2017,CHL,TAX_REV,S13,_T,_T,PT_B1GQ,A,20.223
2018,CHL,TAX_REV,S13,_T,_T,PT_B1GQ,A,21.282
2019,CHL,TAX_REV,S13,_T,_T,PT_B1GQ,A,20.982
2020,CHL,TAX_REV,S13,_T,_T,PT_B1GQ,A,19.29
2021,CHL,TAX_REV,S13,_T,_T,PT_B1GQ,A,22.317
2022,CHL,TAX_REV,S13,_T,_T,PT_B1GQ,A,23.841
2023,CHL,TAX_REV,S13,_T,_T,PT_B1GQ,A,20.615
2014,COL,TAX_REV,S13,_T,_T,PT_B1GQ,A,19.55
2015,COL,TAX_REV,S13,_T,_T,PT_B1GQ,A,19.903
2016,COL,TAX_REV,S13,_T,_T,PT_B1GQ,A,19.079
2017,COL,TAX_REV,S13,_T,_T,PT_B1GQ,A,18.983
2018,COL,TAX_REV,S13,_T,_T,PT_B1GQ,A,19.265
2019,COL,TAX_REV,S13,_T,_T,PT_B1GQ,A,19.692
2020,COL,TAX_REV,S13,_T,_T,PT_B1GQ,A,18.773
2021,COL,TAX_REV,S13,_T,_T,PT_B1GQ,A,19.193
2022,COL,TAX_REV,S13,_T,_T,PT_B1GQ,A,19.652
2023,COL,TAX_REV,S13,_T,_T,PT_B1GQ,A,22.243
2014,CRI,TAX_REV,S13,_T,_T,PT_B1GQ,A,22.609
2015,CRI,TAX_REV,S13,_T,_T,PT_B1GQ,A,22.947
2016,CRI,TAX_REV,S13,_T,_T,PT_B1GQ,A,23.486
2017,CRI,TAX_REV,S13,_T,_T,PT_B1GQ,A,22.984
2018,CRI,TAX_REV,S13,_T,_T,PT_B1GQ,A,23.157
2019,CRI,TAX_REV,S13,_T,_T,PT_B1GQ,A,23.408
2020,CRI,TAX_REV,S13,_T,_T,PT_B1GQ,A,22.566
2021,CRI,TAX_REV,S13,_T,_T,PT_B1GQ,A,24.845
2022,CRI,TAX_REV,S13,_T,_T,PT_B1GQ,A,25.186
2023,CRI,TAX_REV,S13,_T,_T,PT_B1GQ,A,24.931
2014,CZE,TAX_REV,S13,_T,_T,PT_B1GQ,A,32.61
2015,CZE,TAX_REV,S13,_T,_T,PT_B1GQ,A,32.946
2016,CZE,TAX_REV,S13,_T,_T,PT_B1GQ,A,33.707
2017,CZE,TAX_REV,S13,_T,_T,PT_B1GQ,A,33.982
2018,CZE,TAX_REV,S13,_T,_T,PT_B1GQ,A,34.559
2019,CZE,TAX_REV,S13,_T,_T,PT_B1GQ,A,34.203
2020,CZE,TAX_REV,S13,_T,_T,PT_B1GQ,A,34.046
2021,CZE,TAX_REV,S13,_T,_T,PT_B1GQ,A,33.654
2022,CZE,TAX_REV,S13,_T,_T,PT_B1GQ,A,33.187
2023,CZE,TAX_REV,S13,_T,_T,PT_B1GQ,A,33.7
2014,DNK,TAX_REV,S13,_T,_T,PT_B1GQ,A,48.776
2015,DNK,TAX_REV,S13,_T,_T,PT_B1GQ,A,46.487
2016,DNK,TAX_REV,S13,_T,_T,PT_B1GQ,A,45.799
2017,DNK,TAX_REV,S13,_T,_T,PT_B1GQ,A,45.457
2018,DNK,TAX_REV,S13,_T,_T,PT_B1GQ,A,44.445
2019,DNK,TAX_REV,S13,_T,_T,PT_B1GQ,A,47.146
2020,DNK,TAX_REV,S13,_T,_T,PT_B1GQ,A,47.237
2021,DNK,TAX_REV,S13,_T,_T,PT_B1GQ,A,47.249
2022,DNK,TAX_REV,S13,_T,_T,PT_B1GQ,A,41.934
2023,DNK,TAX_REV,S13,_T,_T,PT_B1GQ,A,43.391
2014,EST,TAX_REV,S13,_T,_T,PT_B1GQ,A,31.635
2015,EST,TAX_REV,S13,_T,_T,PT_B1GQ,A,32.719
2016,EST,TAX_REV,S13,_T,_T,PT_B1GQ,A,32.851
2017,EST,TAX_REV,S13,_T,_T,PT_B1GQ,A,31.902
2018,EST,TAX_REV,S13,_T,_T,PT_B1GQ,A,32.271
2019,EST,TAX_REV,S13,_T,_T,PT_B1GQ,A,32.655
2020,EST,TAX_REV,S13,_T,_T,PT_B1GQ,A,32.79
2021,EST,TAX_REV,S13,_T,_T,PT_B1GQ,A,33.502
2022,EST,TAX_REV,S13,_T,_T,PT_B1GQ,A,32.554
2023,EST,TAX_REV,S13,_T,_T,PT_B1GQ,A,33.51
2014,FIN,TAX_REV,S13,_T,_T,PT_B1GQ,A,43.513
2015,FIN,TAX_REV,S13,_T,_T,PT_B1GQ,A,43.524
2016,FIN,TAX_REV,S13,_T,_T,PT_B1GQ,A,43.727
2017,FIN,TAX_REV,S13,_T,_T,PT_B1GQ,A,42.857
2018,FIN,TAX_REV,S13,_T,_T,PT_B1GQ,A,42.387
2019,FIN,TAX_REV,S13,_T,_T,PT_B1GQ,A,42.291
2020,FIN,TAX_REV,S13,_T,_T,PT_B1GQ,A,41.846
2021,FIN,TAX_REV,S13,_T,_T,PT_B1GQ,A,43.211
2022,FIN,TAX_REV,S13,_T,_T,PT_B1GQ,A,43.175
2023,FIN,TAX_REV,S13,_T,_T,PT_B1GQ,A,42.45
2014,FRA,TAX_REV,S13,_T,_T,PT_B1GQ,A,45.406
2015,FRA,TAX_REV,S13,_T,_T,PT_B1GQ,A,45.363
2016,FRA,TAX_REV,S13,_T,_T,PT_B1GQ,A,45.397
2017,FRA,TAX_REV,S13,_T,_T,PT_B1GQ,A,46.239
2018,FRA,TAX_REV,S13,_T,_T,PT_B1GQ,A,46.022
2019,FRA,TAX_REV,S13,_T,_T,PT_B1GQ,A,45.024
2020,FRA,TAX_REV,S13,_T,_T,PT_B1GQ,A,45.239
2021,FRA,TAX_REV,S13,_T,_T,PT_B1GQ,A,45.059
2022,FRA,TAX_REV,S13,_T,_T,PT_B1GQ,A,45.774
2023,FRA,TAX_REV,S13,_T,_T,PT_B1GQ,A,43.814
2014,DEU,TAX_REV,S13,_T,_T,PT_B1GQ,A,37.614
2015,DEU,TAX_REV,S13,_T,_T,PT_B1GQ,A,38.052
2016,DEU,TAX_REV,S13,_T,_T,PT_B1GQ,A,38.518
2017,DEU,TAX_REV,S13,_T,_T,PT_B1GQ,A,38.528
2018,DEU,TAX_REV,S13,_T,_T,PT_B1GQ,A,39.196
2019,DEU,TAX_REV,S13,_T,_T,PT_B1GQ,A,39.326
2020,DEU,TAX_REV,S13,_T,_T,PT_B1GQ,A,38.652
2021,DEU,TAX_REV,S13,_T,_T,PT_B1GQ,A,39.781
2022,DEU,TAX_REV,S13,_T,_T,PT_B1GQ,A,39.647
2023,DEU,TAX_REV,S13,_T,_T,PT_B1GQ,A,38.057
2014,GRC,TAX_REV,S13,_T,_T,PT_B1GQ,A,36.687
2015,GRC,TAX_REV,S13,_T,_T,PT_B1GQ,A,36.946
2016,GRC,TAX_REV,S13,_T,_T,PT_B1GQ,A,39.212
2017,GRC,TAX_REV,S13,_T,_T,PT_B1GQ,A,39.722
2018,GRC,TAX_REV,S13,_T,_T,PT_B1GQ,A,40.345
2019,GRC,TAX_REV,S13,_T,_T,PT_B1GQ,A,39.492
2020,GRC,TAX_REV,S13,_T,_T,PT_B1GQ,A,39.509
2021,GRC,TAX_REV,S13,_T,_T,PT_B1GQ,A,40.041
2022,GRC,TAX_REV,S13,_T,_T,PT_B1GQ,A,41.212
2023,GRC,TAX_REV,S13,_T,_T,PT_B1GQ,A,39.779
2014,HUN,TAX_REV,S13,_T,_T,PT_B1GQ,A,38.362
2015,HUN,TAX_REV,S13,_T,_T,PT_B1GQ,A,38.666
2016,HUN,TAX_REV,S13,_T,_T,PT_B1GQ,A,39.038
2017,HUN,TAX_REV,S13,_T,_T,PT_B1GQ,A,37.818
2018,HUN,TAX_REV,S13,_T,_T,PT_B1GQ,A,36.79
2019,HUN,TAX_REV,S13,_T,_T,PT_B1GQ,A,36.306
2020,HUN,TAX_REV,S13,_T,_T,PT_B1GQ,A,35.969
2021,HUN,TAX_REV,S13,_T,_T,PT_B1GQ,A,33.777
2022,HUN,TAX_REV,S13,_T,_T,PT_B1GQ,A,35.149
2023,HUN,TAX_REV,S13,_T,_T,PT_B1GQ,A,34.19
2014,ISL,TAX_REV,S13,_T,_T,PT_B1GQ,A,37.111
2015,ISL,TAX_REV,S13,_T,_T,PT_B1GQ,A,35.139
2016,ISL,TAX_REV,S13,_T,_T,PT_B1GQ,A,50.286
2017,ISL,TAX_REV,S13,_T,_T,PT_B1GQ,A,37.13
2018,ISL,TAX_REV,S13,_T,_T,PT_B1GQ,A,36.457
2019,ISL,TAX_REV,S13,_T,_T,PT_B1GQ,A,35.094
2020,ISL,TAX_REV,S13,_T,_T,PT_B1GQ,A,36.225
2021,ISL,TAX_REV,S13,_T,_T,PT_B1GQ,A,34.797
2022,ISL,TAX_REV,S13,_T,_T,PT_B1GQ,A,35.166
2023,ISL,TAX_REV,S13,_T,_T,PT_B1GQ,A,35.924
2014,IRL,TAX_REV,S13,_T,_T,PT_B1GQ,A,27.899
2015,IRL,TAX_REV,S13,_T,_T,PT_B1GQ,A,22.344
2016,IRL,TAX_REV,S13,_T,_T,PT_B1GQ,A,23.032
2017,IRL,TAX_REV,S13,_T,_T,PT_B1GQ,A,21.741
2018,IRL,TAX_REV,S13,_T,_T,PT_B1GQ,A,21.758
2019,IRL,TAX_REV,S13,_T,_T,PT_B1GQ,A,21.444
2020,IRL,TAX_REV,S13,_T,_T,PT_B1GQ,A,19.37
2021,IRL,TAX_REV,S13,_T,_T,PT_B1GQ,A,20.041
2022,IRL,TAX_REV,S13,_T,_T,PT_B1GQ,A,20.255
2023,IRL,TAX_REV,S13,_T,_T,PT_B1GQ,A,21.897
2014,ISR,TAX_REV,S13,_T,_T,PT_B1GQ,A,30.642
2015,ISR,TAX_REV,S13,_T,_T,PT_B1GQ,A,31.035
2016,ISR,TAX_REV,S13,_T,_T,PT_B1GQ,A,30.998
2017,ISR,TAX_REV,S13,_T,_T,PT_B1GQ,A,32.196
2018,ISR,TAX_REV,S13,_T,_T,PT_B1GQ,A,30.761
2019,ISR,TAX_REV,S13,_T,_T,PT_B1GQ,A,30.125
2020,ISR,TAX_REV,S13,_T,_T,PT_B1GQ,A,29.581
2021,ISR,TAX_REV,S13,_T,_T,PT_B1GQ,A,32.305
2022,ISR,TAX_REV,S13,_T,_T,PT_B1GQ,A,32.78
2023,ISR,TAX_REV,S13,_T,_T,PT_B1GQ,A,29.805
2014,ITA,TAX_REV,S13,_T,_T,PT_B1GQ,A,43.325
2015,ITA,TAX_REV,S13,_T,_T,PT_B1GQ,A,42.958
2016,ITA,TAX_REV,S13,_T,_T,PT_B1GQ,A,42.242
2017,ITA,TAX_REV,S13,_T,_T,PT_B1GQ,A,41.912
2018,ITA,TAX_REV,S13,_T,_T,PT_B1GQ,A,41.731
2019,ITA,TAX_REV,S13,_T,_T,PT_B1GQ,A,42.272
2020,ITA,TAX_REV,S13,_T,_T,PT_B1GQ,A,42.582
2021,ITA,TAX_REV,S13,_T,_T,PT_B1GQ,A,42.461
2022,ITA,TAX_REV,S13,_T,_T,PT_B1GQ,A,42.837
2023,ITA,TAX_REV,S13,_T,_T,PT_B1GQ,A,42.844
2014,JPN,TAX_REV,S13,_T,_T,PT_B1GQ,A,29.973
2015,JPN,TAX_REV,S13,_T,_T,PT_B1GQ,A,30.242
2016,JPN,TAX_REV,S13,_T,_T,PT_B1GQ,A,30.279
2017,JPN,TAX_REV,S13,_T,_T,PT_B1GQ,A,30.916
2018,JPN,TAX_REV,S13,_T,_T,PT_B1GQ,A,31.548
2019,JPN,TAX_REV,S13,_T,_T,PT_B1GQ,A,31.507
2020,JPN,TAX_REV,S13,_T,_T,PT_B1GQ,A,32.909
2021,JPN,TAX_REV,S13,_T,_T,PT_B1GQ,A,33.883
2022,JPN,TAX_REV,S13,_T,_T,PT_B1GQ,A,34.441
2014,KOR,TAX_REV,S13,_T,_T,PT_B1GQ,A,23.381
2015,KOR,TAX_REV,S13,_T,_T,PT_B1GQ,A,23.737
2016,KOR,TAX_REV,S13,_T,_T,PT_B1GQ,A,24.745
2017,KOR,TAX_REV,S13,_T,_T,PT_B1GQ,A,25.357
2018,KOR,TAX_REV,S13,_T,_T,PT_B1GQ,A,26.686
2019,KOR,TAX_REV,S13,_T,_T,PT_B1GQ,A,27.227
2020,KOR,TAX_REV,S13,_T,_T,PT_B1GQ,A,27.745
2021,KOR,TAX_REV,S13,_T,_T,PT_B1GQ,A,29.761
2022,KOR,TAX_REV,S13,_T,_T,PT_B1GQ,A,31.976
2023,KOR,TAX_REV,S13,_T,_T,PT_B1GQ,A,28.852
2014,LVA,TAX_REV,S13,_T,_T,PT_B1GQ,A,29.715
2015,LVA,TAX_REV,S13,_T,_T,PT_B1GQ,A,29.79
2016,LVA,TAX_REV,S13,_T,_T,PT_B1GQ,A,30.73
2017,LVA,TAX_REV,S13,_T,_T,PT_B1GQ,A,31.091
2018,LVA,TAX_REV,S13,_T,_T,PT_B1GQ,A,31.052
2019,LVA,TAX_REV,S13,_T,_T,PT_B1GQ,A,31.013
2020,LVA,TAX_REV,S13,_T,_T,PT_B1GQ,A,31.134
2021,LVA,TAX_REV,S13,_T,_T,PT_B1GQ,A,30.746
2022,LVA,TAX_REV,S13,_T,_T,PT_B1GQ,A,30.762
2023,LVA,TAX_REV,S13,_T,_T,PT_B1GQ,A,31.882
2014,LTU,TAX_REV,S13,_T,_T,PT_B1GQ,A,27.477
2015,LTU,TAX_REV,S13,_T,_T,PT_B1GQ,A,28.942
2016,LTU,TAX_REV,S13,_T,_T,PT_B1GQ,A,29.656
2017,LTU,TAX_REV,S13,_T,_T,PT_B1GQ,A,29.61
2018,LTU,TAX_REV,S13,_T,_T,PT_B1GQ,A,30.238
2019,LTU,TAX_REV,S13,_T,_T,PT_B1GQ,A,30.217
2020,LTU,TAX_REV,S13,_T,_T,PT_B1GQ,A,31.244
2021,LTU,TAX_REV,S13,_T,_T,PT_B1GQ,A,31.895
2022,LTU,TAX_REV,S13,_T,_T,PT_B1GQ,A,31.555
2023,LTU,TAX_REV,S13,_T,_T,PT_B1GQ,A,32.596
2014,LUX,TAX_REV,S13,_T,_T,PT_B1GQ,A,36.08
2015,LUX,TAX_REV,S13,_T,_T,PT_B1GQ,A,34.777
2016,LUX,TAX_REV,S13,_T,_T,PT_B1GQ,A,35.461
2017,LUX,TAX_REV,S13,_T,_T,PT_B1GQ,A,36.649
2018,LUX,TAX_REV,S13,_T,_T,PT_B1GQ,A,39.355
2019,LUX,TAX_REV,S13,_T,_T,PT_B1GQ,A,39.509
2020,LUX,TAX_REV,S13,_T,_T,PT_B1GQ,A,38.272
2021,LUX,TAX_REV,S13,_T,_T,PT_B1GQ,A,38.187
2022,LUX,TAX_REV,S13,_T,_T,PT_B1GQ,A,38.257
2023,LUX,TAX_REV,S13,_T,_T,PT_B1GQ,A,40.925
2014,MEX,TAX_REV,S13,_T,_T,PT_B1GQ,A,13.201
2015,MEX,TAX_REV,S13,_T,_T,PT_B1GQ,A,15.36
2016,MEX,TAX_REV,S13,_T,_T,PT_B1GQ,A,16.106
2017,MEX,TAX_REV,S13,_T,_T,PT_B1GQ,A,15.651
2018,MEX,TAX_REV,S13,_T,_T,PT_B1GQ,A,15.709
2019,MEX,TAX_REV,S13,_T,_T,PT_B1GQ,A,15.892
2020,MEX,TAX_REV,S13,_T,_T,PT_B1GQ,A,17.228
2021,MEX,TAX_REV,S13,_T,_T,PT_B1GQ,A,16.726
2022,MEX,TAX_REV,S13,_T,_T,PT_B1GQ,A,16.801
2023,MEX,TAX_REV,S13,_T,_T,PT_B1GQ,A,17.749
2014,NLD,TAX_REV,S13,_T,_T,PT_B1GQ,A,36.661
2015,NLD,TAX_REV,S13,_T,_T,PT_B1GQ,A,36.521
2016,NLD,TAX_REV,S13,_T,_T,PT_B1GQ,A,37.774
2017,NLD,TAX_REV,S13,_T,_T,PT_B1GQ,A,38.046
2018,NLD,TAX_REV,S13,_T,_T,PT_B1GQ,A,38.144
2019,NLD,TAX_REV,S13,_T,_T,PT_B1GQ,A,38.473
2020,NLD,TAX_REV,S13,_T,_T,PT_B1GQ,A,39.022
2021,NLD,TAX_REV,S13,_T,_T,PT_B1GQ,A,38.264
2022,NLD,TAX_REV,S13,_T,_T,PT_B1GQ,A,38.066
2023,NLD,TAX_REV,S13,_T,_T,PT_B1GQ,A,38.526
2014,NZL,TAX_REV,S13,_T,_T,PT_B1GQ,A,31.186
2015,NZL,TAX_REV,S13,_T,_T,PT_B1GQ,A,31.5
2016,NZL,TAX_REV,S13,_T,_T,PT_B1GQ,A,31.4
2017,NZL,TAX_REV,S13,_T,_T,PT_B1GQ,A,31.322
2018,NZL,TAX_REV,S13,_T,_T,PT_B1GQ,A,32.18
2019,NZL,TAX_REV,S13,_T,_T,PT_B1GQ,A,31.404
2020,NZL,TAX_REV,S13,_T,_T,PT_B1GQ,A,33.727
2021,NZL,TAX_REV,S13,_T,_T,PT_B1GQ,A,34.542
2022,NZL,TAX_REV,S13,_T,_T,PT_B1GQ,A,33.12
2023,NZL,TAX_REV,S13,_T,_T,PT_B1GQ,A,33.986
2014,NOR,TAX_REV,S13,_T,_T,PT_B1GQ,A,38.637
2015,NOR,TAX_REV,S13,_T,_T,PT_B1GQ,A,38.337
2016,NOR,TAX_REV,S13,_T,_T,PT_B1GQ,A,38.807
2017,NOR,TAX_REV,S13,_T,_T,PT_B1GQ,A,38.601
2018,NOR,TAX_REV,S13,_T,_T,PT_B1GQ,A,39.253
2019,NOR,TAX_REV,S13,_T,_T,PT_B1GQ,A,39.854
2020,NOR,TAX_REV,S13,_T,_T,PT_B1GQ,A,38.714
2021,NOR,TAX_REV,S13,_T,_T,PT_B1GQ,A,41.344
2022,NOR,TAX_REV,S13,_T,_T,PT_B1GQ,A,43.437
2023,NOR,TAX_REV,S13,_T,_T,PT_B1GQ,A,41.443
2014,POL,TAX_REV,S13,_T,_T,PT_B1GQ,A,32.272
2015,POL,TAX_REV,S13,_T,_T,PT_B1GQ,A,32.474
2016,POL,TAX_REV,S13,_T,_T,PT_B1GQ,A,33.556
2017,POL,TAX_REV,S13,_T,_T,PT_B1GQ,A,34.239
2018,POL,TAX_REV,S13,_T,_T,PT_B1GQ,A,35.061
2019,POL,TAX_REV,S13,_T,_T,PT_B1GQ,A,35.178
2020,POL,TAX_REV,S13,_T,_T,PT_B1GQ,A,35.56
2021,POL,TAX_REV,S13,_T,_T,PT_B1GQ,A,36.698
2022,POL,TAX_REV,S13,_T,_T,PT_B1GQ,A,34.38
2023,POL,TAX_REV,S13,_T,_T,PT_B1GQ,A,35.13
2014,PRT,TAX_REV,S13,_T,_T,PT_B1GQ,A,34.182
2015,PRT,TAX_REV,S13,_T,_T,PT_B1GQ,A,34.382
2016,PRT,TAX_REV,S13,_T,_T,PT_B1GQ,A,34.051
2017,PRT,TAX_REV,S13,_T,_T,PT_B1GQ,A,34.112
2018,PRT,TAX_REV,S13,_T,_T,PT_B1GQ,A,34.656
2019,PRT,TAX_REV,S13,_T,_T,PT_B1GQ,A,34.498
2020,PRT,TAX_REV,S13,_T,_T,PT_B1GQ,A,35.164
2021,PRT,TAX_REV,S13,_T,_T,PT_B1GQ,A,35.183
2022,PRT,TAX_REV,S13,_T,_T,PT_B1GQ,A,36.014
2023,PRT,TAX_REV,S13,_T,_T,PT_B1GQ,A,35.755
2014,SVK,TAX_REV,S13,_T,_T,PT_B1GQ,A,31.861
2015,SVK,TAX_REV,S13,_T,_T,PT_B1GQ,A,32.51
2016,SVK,TAX_REV,S13,_T,_T,PT_B1GQ,A,33.071
2017,SVK,TAX_REV,S13,_T,_T,PT_B1GQ,A,33.966
2018,SVK,TAX_REV,S13,_T,_T,PT_B1GQ,A,34.027
2019,SVK,TAX_REV,S13,_T,_T,PT_B1GQ,A,34.534
2020,SVK,TAX_REV,S13,_T,_T,PT_B1GQ,A,34.778
2021,SVK,TAX_REV,S13,_T,_T,PT_B1GQ,A,35.41
2022,SVK,TAX_REV,S13,_T,_T,PT_B1GQ,A,35.011
2023,SVK,TAX_REV,S13,_T,_T,PT_B1GQ,A,35.489
2014,SVN,TAX_REV,S13,_T,_T,PT_B1GQ,A,37.179
2015,SVN,TAX_REV,S13,_T,_T,PT_B1GQ,A,37.311
2016,SVN,TAX_REV,S13,_T,_T,PT_B1GQ,A,37.385
2017,SVN,TAX_REV,S13,_T,_T,PT_B1GQ,A,37.067
2018,SVN,TAX_REV,S13,_T,_T,PT_B1GQ,A,37.239
2019,SVN,TAX_REV,S13,_T,_T,PT_B1GQ,A,37.539
2020,SVN,TAX_REV,S13,_T,_T,PT_B1GQ,A,37.555
2021,SVN,TAX_REV,S13,_T,_T,PT_B1GQ,A,38.251
2022,SVN,TAX_REV,S13,_T,_T,PT_B1GQ,A,37.402
2023,SVN,TAX_REV,S13,_T,_T,PT_B1GQ,A,36.886
2014,ESP,TAX_REV,S13,_T,_T,PT_B1GQ,A,33.872
2015,ESP,TAX_REV,S13,_T,_T,PT_B1GQ,A,33.827
2016,ESP,TAX_REV,S13,_T,_T,PT_B1GQ,A,33.58
2017,ESP,TAX_REV,S13,_T,_T,PT_B1GQ,A,33.852
2018,ESP,TAX_REV,S13,_T,_T,PT_B1GQ,A,34.645
2019,ESP,TAX_REV,S13,_T,_T,PT_B1GQ,A,34.663
2020,ESP,TAX_REV,S13,_T,_T,PT_B1GQ,A,36.844
2021,ESP,TAX_REV,S13,_T,_T,PT_B1GQ,A,37.813
2022,ESP,TAX_REV,S13,_T,_T,PT_B1GQ,A,37.59
2023,ESP,TAX_REV,S13,_T,_T,PT_B1GQ,A,37.328
2014,SWE,TAX_REV,S13,_T,_T,PT_B1GQ,A,42.49
2015,SWE,TAX_REV,S13,_T,_T,PT_B1GQ,A,42.918
2016,SWE,TAX_REV,S13,_T,_T,PT_B1GQ,A,44.219
2017,SWE,TAX_REV,S13,_T,_T,PT_B1GQ,A,44.495
2018,SWE,TAX_REV,S13,_T,_T,PT_B1GQ,A,44.11
2019,SWE,TAX_REV,S13,_T,_T,PT_B1GQ,A,42.971
2020,SWE,TAX_REV,S13,_T,_T,PT_B1GQ,A,42.58
2021,SWE,TAX_REV,S13,_T,_T,PT_B1GQ,A,42.761
2022,SWE,TAX_REV,S13,_T,_T,PT_B1GQ,A,42.512
2023,SWE,TAX_REV,S13,_T,_T,PT_B1GQ,A,41.365
2014,CHE,TAX_REV,S13,_T,_T,PT_B1GQ,A,26.189
2015,CHE,TAX_REV,S13,_T,_T,PT_B1GQ,A,26.956
2016,CHE,TAX_REV,S13,_T,_T,PT_B1GQ,A,26.938
2017,CHE,TAX_REV,S13,_T,_T,PT_B1GQ,A,27.716
2018,CHE,TAX_REV,S13,_T,_T,PT_B1GQ,A,27.182
2019,CHE,TAX_REV,S13,_T,_T,PT_B1GQ,A,27.66
2020,CHE,TAX_REV,S13,_T,_T,PT_B1GQ,A,27.912
2021,CHE,TAX_REV,S13,_T,_T,PT_B1GQ,A,28.035
2022,CHE,TAX_REV,S13,_T,_T,PT_B1GQ,A,26.91
2023,CHE,TAX_REV,S13,_T,_T,PT_B1GQ,A,27.093
2014,TUR,TAX_REV,S13,_T,_T,PT_B1GQ,A,24.457
2015,TUR,TAX_REV,S13,_T,_T,PT_B1GQ,A,24.957
2016,TUR,TAX_REV,S13,_T,_T,PT_B1GQ,A,25.128
2017,TUR,TAX_REV,S13,_T,_T,PT_B1GQ,A,24.68
2018,TUR,TAX_REV,S13,_T,_T,PT_B1GQ,A,23.968
2019,TUR,TAX_REV,S13,_T,_T,PT_B1GQ,A,23.103
2020,TUR,TAX_REV,S13,_T,_T,PT_B1GQ,A,23.861
2021,TUR,TAX_REV,S13,_T,_T,PT_B1GQ,A,22.914
2022,TUR,TAX_REV,S13,_T,_T,PT_B1GQ,A,20.945
2023,TUR,TAX_REV,S13,_T,_T,PT_B1GQ,A,23.455
2014,GBR,TAX_REV,S13,_T,_T,PT_B1GQ,A,31.693
2015,GBR,TAX_REV,S13,_T,_T,PT_B1GQ,A,31.907
2016,GBR,TAX_REV,S13,_T,_T,PT_B1GQ,A,32.45
2017,GBR,TAX_REV,S13,_T,_T,PT_B1GQ,A,32.733
2018,GBR,TAX_REV,S13,_T,_T,PT_B1GQ,A,32.768
2019,GBR,TAX_REV,S13,_T,_T,PT_B1GQ,A,32.49
2020,GBR,TAX_REV,S13,_T,_T,PT_B1GQ,A,32.812
2021,GBR,TAX_REV,S13,_T,_T,PT_B1GQ,A,34.227
2022,GBR,TAX_REV,S13,_T,_T,PT_B1GQ,A,35.42
2023,GBR,TAX_REV,S13,_T,_T,PT_B1GQ,A,35.335
2014,USA,TAX_REV,S13,_T,_T,PT_B1GQ,A,25.786
2015,USA,TAX_REV,S13,_T,_T,PT_B1GQ,A,26.087
2016,USA,TAX_REV,S13,_T,_T,PT_B1GQ,A,25.713
2017,USA,TAX_REV,S13,_T,_T,PT_B1GQ,A,26.459
2018,USA,TAX_REV,S13,_T,_T,PT_B1GQ,A,24.816
2019,USA,TAX_REV,S13,_T,_T,PT_B1GQ,A,24.982
2020,USA,TAX_REV,S13,_T,_T,PT_B1GQ,A,25.57
2021,USA,TAX_REV,S13,_T,_T,PT_B1GQ,A,26.709
2022,USA,TAX_REV,S13,_T,_T,PT_B1GQ,A,27.607
2023,USA,TAX_REV,S13,_T,_T,PT_B1GQ,A,25.184
2014,ATG,TAX_REV,S13,_T,_T,PT_B1GQ,A,18.019
2015,ATG,TAX_REV,S13,_T,_T,PT_B1GQ,A,18.948
2016,ATG,TAX_REV,S13,_T,_T,PT_B1GQ,A,18.893
2017,ATG,TAX_REV,S13,_T,_T,PT_B1GQ,A,18.724
2018,ATG,TAX_REV,S13,_T,_T,PT_B1GQ,A,18.344
2019,ATG,TAX_REV,S13,_T,_T,PT_B1GQ,A,17.592
2020,ATG,TAX_REV,S13,_T,_T,PT_B1GQ,A,19.17
2021,ATG,TAX_REV,S13,_T,_T,PT_B1GQ,A,18.581
2022,ATG,TAX_REV,S13,_T,_T,PT_B1GQ,A,18.097
2023,ATG,TAX_REV,S13,_T,_T,PT_B1GQ,A,17.852
2014,ARG,TAX_REV,S13,_T,_T,PT_B1GQ,A,31.123
2015,ARG,TAX_REV,S13,_T,_T,PT_B1GQ,A,31.454
2016,ARG,TAX_REV,S13,_T,_T,PT_B1GQ,A,30.673
2017,ARG,TAX_REV,S13,_T,_T,PT_B1GQ,A,30.041
2018,ARG,TAX_REV,S13,_T,_T,PT_B1GQ,A,28.513
2019,ARG,TAX_REV,S13,_T,_T,PT_B1GQ,A,28.503
2020,ARG,TAX_REV,S13,_T,_T,PT_B1GQ,A,29.746
2021,ARG,TAX_REV,S13,_T,_T,PT_B1GQ,A,29.129
2022,ARG,TAX_REV,S13,_T,_T,PT_B1GQ,A,29.558
2023,ARG,TAX_REV,S13,_T,_T,PT_B1GQ,A,27.842
2014,ARM,TAX_REV,S13,_T,_T,PT_B1GQ,A,22.012
2015,ARM,TAX_REV,S13,_T,_T,PT_B1GQ,A,21.129
2016,ARM,TAX_REV,S13,_T,_T,PT_B1GQ,A,21.279
2017,ARM,TAX_REV,S13,_T,_T,PT_B1GQ,A,20.812
2018,ARM,TAX_REV,S13,_T,_T,PT_B1GQ,A,20.909
2019,ARM,TAX_REV,S13,_T,_T,PT_B1GQ,A,22.379
2020,ARM,TAX_REV,S13,_T,_T,PT_B1GQ,A,22.407
2021,ARM,TAX_REV,S13,_T,_T,PT_B1GQ,A,22.697
2022,ARM,TAX_REV,S13,_T,_T,PT_B1GQ,A,22.655
2023,ARM,TAX_REV,S13,_T,_T,PT_B1GQ,A,23.505
2014,AZE,TAX_REV,S13,_T,_T,PT_B1GQ,A,17.184
2015,AZE,TAX_REV,S13,_T,_T,PT_B1GQ,A,18.949
2016,AZE,TAX_REV,S13,_T,_T,PT_B1GQ,A,18.224
2017,AZE,TAX_REV,S13,_T,_T,PT_B1GQ,A,16.277
2018,AZE,TAX_REV,S13,_T,_T,PT_B1GQ,A,16.206
2019,AZE,TAX_REV,S13,_T,_T,PT_B1GQ,A,18.062
2020,AZE,TAX_REV,S13,_T,_T,PT_B1GQ,A,20.298
2021,AZE,TAX_REV,S13,_T,_T,PT_B1GQ,A,18.396
2022,AZE,TAX_REV,S13,_T,_T,PT_B1GQ,A,19.625
2023,AZE,TAX_REV,S13,_T,_T,PT_B1GQ,A,22.977
2014,BHS,TAX_REV,S13,_T,_T,PT_B1GQ,A,13.709
2015,BHS,TAX_REV,S13,_T,_T,PT_B1GQ,A,15.287
2016,BHS,TAX_REV,S13,_T,_T,PT_B1GQ,A,16.362
2017,BHS,TAX_REV,S13,_T,_T,PT_B1GQ,A,17.528
2018,BHS,TAX_REV,S13,_T,_T,PT_B1GQ,A,16.992
2019,BHS,TAX_REV,S13,_T,_T,PT_B1GQ,A,19.197
2020,BHS,TAX_REV,S13,_T,_T,PT_B1GQ,A,18.249
2021,BHS,TAX_REV,S13,_T,_T,PT_B1GQ,A,18.331
2022,BHS,TAX_REV,S13,_T,_T,PT_B1GQ,A,19.635
2023,BHS,TAX_REV,S13,_T,_T,PT_B1GQ,A,19.879
2014,BGD,TAX_REV,S13,_T,_T,PT_B1GQ,A,7.473
2015,BGD,TAX_REV,S13,_T,_T,PT_B1GQ,A,7.401
2016,BGD,TAX_REV,S13,_T,_T,PT_B1GQ,A,7.385
2017,BGD,TAX_REV,S13,_T,_T,PT_B1GQ,A,7.666
2018,BGD,TAX_REV,S13,_T,_T,PT_B1GQ,A,7.48
2019,BGD,TAX_REV,S13,_T,_T,PT_B1GQ,A,6.827
2020,BGD,TAX_REV,S13,_T,_T,PT_B1GQ,A,7.413
2021,BGD,TAX_REV,S13,_T,_T,PT_B1GQ,A,7.423
2022,BGD,TAX_REV,S13,_T,_T,PT_B1GQ,A,7.323
2023,BGD,TAX_REV,S13,_T,_T,PT_B1GQ,A,7.252
2014,BRB,TAX_REV,S13,_T,_T,PT_B1GQ,A,25.39
2015,BRB,TAX_REV,S13,_T,_T,PT_B1GQ,A,27.3
2016,BRB,TAX_REV,S13,_T,_T,PT_B1GQ,A,28.143
2017,BRB,TAX_REV,S13,_T,_T,PT_B1GQ,A,29.574
2018,BRB,TAX_REV,S13,_T,_T,PT_B1GQ,A,30.284
2019,BRB,TAX_REV,S13,_T,_T,PT_B1GQ,A,29.237
2020,BRB,TAX_REV,S13,_T,_T,PT_B1GQ,A,31.049
2021,BRB,TAX_REV,S13,_T,_T,PT_B1GQ,A,28.696
2022,BRB,TAX_REV,S13,_T,_T,PT_B1GQ,A,28.988
2023,BRB,TAX_REV,S13,_T,_T,PT_B1GQ,A,28.133
2014,BLZ,TAX_REV,S13,_T,_T,PT_B1GQ,A,21.644
2015,BLZ,TAX_REV,S13,_T,_T,PT_B1GQ,A,21.464
2016,BLZ,TAX_REV,S13,_T,_T,PT_B1GQ,A,22.366
2017,BLZ,TAX_REV,S13,_T,_T,PT_B1GQ,A,23.189
2018,BLZ,TAX_REV,S13,_T,_T,PT_B1GQ,A,24.378
2019,BLZ,TAX_REV,S13,_T,_T,PT_B1GQ,A,25.045
2020,BLZ,TAX_REV,S13,_T,_T,PT_B1GQ,A,21.828
2021,BLZ,TAX_REV,S13,_T,_T,PT_B1GQ,A,22.323
2022,BLZ,TAX_REV,S13,_T,_T,PT_B1GQ,A,23.081
2023,BLZ,TAX_REV,S13,_T,_T,PT_B1GQ,A,23.976
2014,BTN,TAX_REV,S13,_T,_T,PT_B1GQ,A,13.469
2015,BTN,TAX_REV,S13,_T,_T,PT_B1GQ,A,13.174
2016,BTN,TAX_REV,S13,_T,_T,PT_B1GQ,A,12.85
2017,BTN,TAX_REV,S13,_T,_T,PT_B1GQ,A,14.231
2018,BTN,TAX_REV,S13,_T,_T,PT_B1GQ,A,13.177
2019,BTN,TAX_REV,S13,_T,_T,PT_B1GQ,A,10.41
2020,BTN,TAX_REV,S13,_T,_T,PT_B1GQ,A,8.143
2021,BTN,TAX_REV,S13,_T,_T,PT_B1GQ,A,9.882
2022,BTN,TAX_REV,S13,_T,_T,PT_B1GQ,A,11.176
2023,BTN,TAX_REV,S13,_T,_T,PT_B1GQ,A,11.626
2014,BOL,TAX_REV,S13,_T,_T,PT_B1GQ,A,27.854
2015,BOL,TAX_REV,S13,_T,_T,PT_B1GQ,A,29.498
2016,BOL,TAX_REV,S13,_T,_T,PT_B1GQ,A,27.925
2017,BOL,TAX_REV,S13,_T,_T,PT_B1GQ,A,25.878
2018,BOL,TAX_REV,S13,_T,_T,PT_B1GQ,A,24.978
2019,BOL,TAX_REV,S13,_T,_T,PT_B1GQ,A,24.695
2020,BOL,TAX_REV,S13,_T,_T,PT_B1GQ,A,22.159
2021,BOL,TAX_REV,S13,_T,_T,PT_B1GQ,A,22.637
2022,BOL,TAX_REV,S13,_T,_T,PT_B1GQ,A,23.681
2023,BOL,TAX_REV,S13,_T,_T,PT_B1GQ,A,23.861
2014,BWA,TAX_REV,S13,_T,_T,PT_B1GQ,A,16.01
2015,BWA,TAX_REV,S13,_T,_T,PT_B1GQ,A,13.435
2016,BWA,TAX_REV,S13,_T,_T,PT_B1GQ,A,14.632
2017,BWA,TAX_REV,S13,_T,_T,PT_B1GQ,A,13.342
2018,BWA,TAX_REV,S13,_T,_T,PT_B1GQ,A,13.293
2019,BWA,TAX_REV,S13,_T,_T,PT_B1GQ,A,13.726
2020,BWA,TAX_REV,S13,_T,_T,PT_B1GQ,A,12.193
2021,BWA,TAX_REV,S13,_T,_T,PT_B1GQ,A,14.745
2022,BWA,TAX_REV,S13,_T,_T,PT_B1GQ,A,13.641
2014,BRA,TAX_REV,S13,_T,_T,PT_B1GQ,A,31.113
2015,BRA,TAX_REV,S13,_T,_T,PT_B1GQ,A,31.343
2016,BRA,TAX_REV,S13,_T,_T,PT_B1GQ,A,31.616
2017,BRA,TAX_REV,S13,_T,_T,PT_B1GQ,A,31.731
2018,BRA,TAX_REV,S13,_T,_T,PT_B1GQ,A,31.986
2019,BRA,TAX_REV,S13,_T,_T,PT_B1GQ,A,31.932
2020,BRA,TAX_REV,S13,_T,_T,PT_B1GQ,A,30.453
2021,BRA,TAX_REV,S13,_T,_T,PT_B1GQ,A,32.098
2022,BRA,TAX_REV,S13,_T,_T,PT_B1GQ,A,32.54
2023,BRA,TAX_REV,S13,_T,_T,PT_B1GQ,A,32.003
2014,AUS,TAX_REV,S13,T_5000,_T,PT_B1GQ,A,7.269
2015,AUS,TAX_REV,S13,T_5000,_T,PT_B1GQ,A,7.647
2016,AUS,TAX_REV,S13,T_5000,_T,PT_B1GQ,A,7.429
2017,AUS,TAX_REV,S13,T_5000,_T,PT_B1GQ,A,7.525
2018,AUS,TAX_REV,S13,T_5000,_T,PT_B1GQ,A,7.297
2019,AUS,TAX_REV,S13,T_5000,_T,PT_B1GQ,A,7.276
2014,AUT,TAX_REV,S13,T_5000,_T,PT_B1GQ,A,11.902
2015,AUT,TAX_REV,S13,T_5000,_T,PT_B1GQ,A,11.928
2016,AUT,TAX_REV,S13,T_5000,_T,PT_B1GQ,A,11.914
2017,AUT,TAX_REV,S13,T_5000,_T,PT_B1GQ,A,11.918
2018,AUT,TAX_REV,S13,T_5000,_T,PT_B1GQ,A,11.705
2019,AUT,TAX_REV,S13,T_5000,_T,PT_B1GQ,A,11.717
2020,AUT,TAX_REV,S13,T_5000,_T,PT_B1GQ,A,11.409
2021,AUT,TAX_REV,S13,T_5000,_T,PT_B1GQ,A,11.604
2022,AUT,TAX_REV,S13,T_5000,_T,PT_B1GQ,A,11.622
2023,AUT,TAX_REV,S13,T_5000,_T,PT_B1GQ,A,11.603
2014,BEL,TAX_REV,S13,T_5000,_T,PT_B1GQ,A,11.015
2015,BEL,TAX_REV,S13,T_5000,_T,PT_B1GQ,A,10.842
2016,BEL,TAX_REV,S13,T_5000,_T,PT_B1GQ,A,10.949
2017,BEL,TAX_REV,S13,T_5000,_T,PT_B1GQ,A,10.931
2018,BEL,TAX_REV,S13,T_5000,_T,PT_B1GQ,A,10.98
2019,BEL,TAX_REV,S13,T_5000,_T,PT_B1GQ,A,10.78
2020,BEL,TAX_REV,S13,T_5000,_T,PT_B1GQ,A,10.304
2021,BEL,TAX_REV,S13,T_5000,_T,PT_B1GQ,A,10.613
2022,BEL,TAX_REV,S13,T_5000,_T,PT_B1GQ,A,10.371
2023,BEL,TAX_REV,S13,T_5000,_T,PT_B1GQ,A,10.462
2014,CAN,TAX_REV,S13,T_5000,_T,PT_B1GQ,A,7.193
2015,CAN,TAX_REV,S13,T_5000,_T,PT_B1GQ,A,7.55
2016,CAN,TAX_REV,S13,T_5000,_T,PT_B1GQ,A,7.642
2017,CAN,TAX_REV,S13,T_5000,_T,PT_B1GQ,A,7.792
2018,CAN,TAX_REV,S13,T_5000,_T,PT_B1GQ,A,7.785
2019,CAN,TAX_REV,S13,T_5000,_T,PT_B1GQ,A,7.537
2020,CAN,TAX_REV,S13,T_5000,_T,PT_B1GQ,A,7.348
2021,CAN,TAX_REV,S13,T_5000,_T,PT_B1GQ,A,7.362
2022,CAN,TAX_REV,S13,T_5000,_T,PT_B1GQ,A,7.357
2023,CAN,TAX_REV,S13,T_5000,_T,PT_B1GQ,A,7.509
2014,CHL,TAX_REV,S13,T_5000,_T,PT_B1GQ,A,10.901
2015,CHL,TAX_REV,S13,T_5000,_T,PT_B1GQ,A,11.094
2016,CHL,TAX_REV,S13,T_5000,_T,PT_B1GQ,A,11.038
2017,CHL,TAX_REV,S13,T_5000,_T,PT_B1GQ,A,11.076
2018,CHL,TAX_REV,S13,T_5000,_T,PT_B1GQ,A,11.333
2019,CHL,TAX_REV,S13,T_5000,_T,PT_B1GQ,A,11.125
2020,CHL,TAX_REV,S13,T_5000,_T,PT_B1GQ,A,10.571
2021,CHL,TAX_REV,S13,T_5000,_T,PT_B1GQ,A,11.842
2022,CHL,TAX_REV,S13,T_5000,_T,PT_B1GQ,A,11.401
2023,CHL,TAX_REV,S13,T_5000,_T,PT_B1GQ,A,11.173
2014,COL,TAX_REV,S13,T_5000,_T,PT_B1GQ,A,7.992
2015,COL,TAX_REV,S13,T_5000,_T,PT_B1GQ,A,8.167
2016,COL,TAX_REV,S13,T_5000,_T,PT_B1GQ,A,7.752
2017,COL,TAX_REV,S13,T_5000,_T,PT_B1GQ,A,8.189
2018,COL,TAX_REV,S13,T_5000,_T,PT_B1GQ,A,8.241
2019,COL,TAX_REV,S13,T_5000,_T,PT_B1GQ,A,8.471
2020,COL,TAX_REV,S13,T_5000,_T,PT_B1GQ,A,7.787
2021,COL,TAX_REV,S13,T_5000,_T,PT_B1GQ,A,8.323
2022,COL,TAX_REV,S13,T_5000,_T,PT_B1GQ,A,8.799
2023,COL,TAX_REV,S13,T_5000,_T,PT_B1GQ,A,8.786
2014,CRI,TAX_REV,S13,T_5000,_T,PT_B1GQ,A,8.814
2015,CRI,TAX_REV,S13,T_5000,_T,PT_B1GQ,A,8.822
2016,CRI,TAX_REV,S13,T_5000,_T,PT_B1GQ,A,8.717
2017,CRI,TAX_REV,S13,T_5000,_T,PT_B1GQ,A,8.372
2018,CRI,TAX_REV,S13,T_5000,_T,PT_B1GQ,A,8.104
2019,CRI,TAX_REV,S13,T_5000,_T,PT_B1GQ,A,8.146
2020,CRI,TAX_REV,S13,T_5000,_T,PT_B1GQ,A,7.522
2021,CRI,TAX_REV,S13,T_5000,_T,PT_B1GQ,A,8.651
2022,CRI,TAX_REV,S13,T_5000,_T,PT_B1GQ,A,8.201
2023,CRI,TAX_REV,S13,T_5000,_T,PT_B1GQ,A,8.323
2014,CZE,TAX_REV,S13,T_5000,_T,PT_B1GQ,A,10.891
2015,CZE,TAX_REV,S13,T_5000,_T,PT_B1GQ,A,11.194
2016,CZE,TAX_REV,S13,T_5000,_T,PT_B1GQ,A,11.295
2017,CZE,TAX_REV,S13,T_5000,_T,PT_B1GQ,A,11.344
2018,CZE,TAX_REV,S13,T_5000,_T,PT_B1GQ,A,11.155
2019,CZE,TAX_REV,S13,T_5000,_T,PT_B1GQ,A,10.9
2020,CZE,TAX_REV,S13,T_5000,_T,PT_B1GQ,A,10.567
2021,CZE,TAX_REV,S13,T_5000,_T,PT_B1GQ,A,10.538
2022,CZE,TAX_REV,S13,T_5000,_T,PT_B1GQ,A,10.459
2023,CZE,TAX_REV,S13,T_5000,_T,PT_B1GQ,A,10.351
2014,DNK,TAX_REV,S13,T_5000,_T,PT_B1GQ,A,14.576
2015,DNK,TAX_REV,S13,T_5000,_T,PT_B1GQ,A,14.574
2016,DNK,TAX_REV,S13,T_5000,_T,PT_B1GQ,A,14.729
2017,DNK,TAX_REV,S13,T_5000,_T,PT_B1GQ,A,14.418
2018,DNK,TAX_REV,S13,T_5000,_T,PT_B1GQ,A,14.649
2019,DNK,TAX_REV,S13,T_5000,_T,PT_B1GQ,A,14.194
2020,DNK,TAX_REV,S13,T_5000,_T,PT_B1GQ,A,14.43
2021,DNK,TAX_REV,S13,T_5000,_T,PT_B1GQ,A,13.638
2022,DNK,TAX_REV,S13,T_5000,_T,PT_B1GQ,A,12.752
2023,DNK,TAX_REV,S13,T_5000,_T,PT_B1GQ,A,12.301
2014,EST,TAX_REV,S13,T_5000,_T,PT_B1GQ,A,13.363
2015,EST,TAX_REV,S13,T_5000,_T,PT_B1GQ,A,13.847
2016,EST,TAX_REV,S13,T_5000,_T,PT_B1GQ,A,14.234
2017,EST,TAX_REV,S13,T_5000,_T,PT_B1GQ,A,13.722
2018,EST,TAX_REV,S13,T_5000,_T,PT_B1GQ,A,13.49
2019,EST,TAX_REV,S13,T_5000,_T,PT_B1GQ,A,13.847
2020,EST,TAX_REV,S13,T_5000,_T,PT_B1GQ,A,13.078
2021,EST,TAX_REV,S13,T_5000,_T,PT_B1GQ,A,13.348
2022,EST,TAX_REV,S13,T_5000,_T,PT_B1GQ,A,13.187
2023,EST,TAX_REV,S13,T_5000,_T,PT_B1GQ,A,13.226
2014,FIN,TAX_REV,S13,T_5000,_T,PT_B1GQ,A,14.375
2015,FIN,TAX_REV,S13,T_5000,_T,PT_B1GQ,A,14.142
2016,FIN,TAX_REV,S13,T_5000,_T,PT_B1GQ,A,14.429
2017,FIN,TAX_REV,S13,T_5000,_T,PT_B1GQ,A,14.167
2018,FIN,TAX_REV,S13,T_5000,_T,PT_B1GQ,A,14.312
2019,FIN,TAX_REV,S13,T_5000,_T,PT_B1GQ,A,14.236
2020,FIN,TAX_REV,S13,T_5000,_T,PT_B1GQ,A,14.149
2021,FIN,TAX_REV,S13,T_5000,_T,PT_B1GQ,A,14.01
2022,FIN,TAX_REV,S13,T_5000,_T,PT_B1GQ,A,13.826
2023,FIN,TAX_REV,S13,T_5000,_T,PT_B1GQ,A,13.194
2014,FRA,TAX_REV,S13,T_5000,_T,PT_B1GQ,A,11.756
2015,FRA,TAX_REV,S13,T_5000,_T,PT_B1GQ,A,11.855
2016,FRA,TAX_REV,S13,T_5000,_T,PT_B1GQ,A,12.004
2017,FRA,TAX_REV,S13,T_5000,_T,PT_B1GQ,A,12.22
2018,FRA,TAX_REV,S13,T_5000,_T,PT_B1GQ,A,12.396
2019,FRA,TAX_REV,S13,T_5000,_T,PT_B1GQ,A,12.411
2020,FRA,TAX_REV,S13,T_5000,_T,PT_B1GQ,A,12.211
2021,FRA,TAX_REV,S13,T_5000,_T,PT_B1GQ,A,12.194
2022,FRA,TAX_REV,S13,T_5000,_T,PT_B1GQ,A,11.945
2023,FRA,TAX_REV,S13,T_5000,_T,PT_B1GQ,A,11.267
2014,DEU,TAX_REV,S13,T_5000,_T,PT_B1GQ,A,11.339
2015,DEU,TAX_REV,S13,T_5000,_T,PT_B1GQ,A,11.323
2016,DEU,TAX_REV,S13,T_5000,_T,PT_B1GQ,A,11.201
2017,DEU,TAX_REV,S13,T_5000,_T,PT_B1GQ,A,10.9
2018,DEU,TAX_REV,S13,T_5000,_T,PT_B1GQ,A,11.026
2019,DEU,TAX_REV,S13,T_5000,_T,PT_B1GQ,A,10.997
2020,DEU,TAX_REV,S13,T_5000,_T,PT_B1GQ,A,10.488
2021,DEU,TAX_REV,S13,T_5000,_T,PT_B1GQ,A,10.956
2022,DEU,TAX_REV,S13,T_5000,_T,PT_B1GQ,A,10.843
2023,DEU,TAX_REV,S13,T_5000,_T,PT_B1GQ,A,10.081
2014,GRC,TAX_REV,S13,T_5000,_T,PT_B1GQ,A,14.728
2015,GRC,TAX_REV,S13,T_5000,_T,PT_B1GQ,A,14.941
2016,GRC,TAX_REV,S13,T_5000,_T,PT_B1GQ,A,16.037
2017,GRC,TAX_REV,S13,T_5000,_T,PT_B1GQ,A,16.013
2018,GRC,TAX_REV,S13,T_5000,_T,PT_B1GQ,A,16.136
2019,GRC,TAX_REV,S13,T_5000,_T,PT_B1GQ,A,16.086
2020,GRC,TAX_REV,S13,T_5000,_T,PT_B1GQ,A,15.356
2021,GRC,TAX_REV,S13,T_5000,_T,PT_B1GQ,A,15.866
2022,GRC,TAX_REV,S13,T_5000,_T,PT_B1GQ,A,17.833
2023,GRC,TAX_REV,S13,T_5000,_T,PT_B1GQ,A,15.954
2014,HUN,TAX_REV,S13,T_5000,_T,PT_B1GQ,A,16.799
2015,HUN,TAX_REV,S13,T_5000,_T,PT_B1GQ,A,16.978
2016,HUN,TAX_REV,S13,T_5000,_T,PT_B1GQ,A,16.52
2017,HUN,TAX_REV,S13,T_5000,_T,PT_B1GQ,A,16.26
2018,HUN,TAX_REV,S13,T_5000,_T,PT_B1GQ,A,16.477
2019,HUN,TAX_REV,S13,T_5000,_T,PT_B1GQ,A,16.24
2020,HUN,TAX_REV,S13,T_5000,_T,PT_B1GQ,A,16.233
2021,HUN,TAX_REV,S13,T_5000,_T,PT_B1GQ,A,15.923
2022,HUN,TAX_REV,S13,T_5000,_T,PT_B1GQ,A,16.682
2023,HUN,TAX_REV,S13,T_5000,_T,PT_B1GQ,A,15.621
2014,ISL,TAX_REV,S13,T_5000,_T,PT_B1GQ,A,11.666
2015,ISL,TAX_REV,S13,T_5000,_T,PT_B1GQ,A,11.561
2016,ISL,TAX_REV,S13,T_5000,_T,PT_B1GQ,A,11.874
2017,ISL,TAX_REV,S13,T_5000,_T,PT_B1GQ,A,12.625
2018,ISL,TAX_REV,S13,T_5000,_T,PT_B1GQ,A,12.289
2019,ISL,TAX_REV,S13,T_5000,_T,PT_B1GQ,A,11.509
2020,ISL,TAX_REV,S13,T_5000,_T,PT_B1GQ,A,11.47
2021,ISL,TAX_REV,S13,T_5000,_T,PT_B1GQ,A,11.683
2022,ISL,TAX_REV,S13,T_5000,_T,PT_B1GQ,A,11.5
2023,ISL,TAX_REV,S13,T_5000,_T,PT_B1GQ,A,11.596
2014,IRL,TAX_REV,S13,T_5000,_T,PT_B1GQ,A,9.457
2015,IRL,TAX_REV,S13,T_5000,_T,PT_B1GQ,A,7.343
2016,IRL,TAX_REV,S13,T_5000,_T,PT_B1GQ,A,7.598
2017,IRL,TAX_REV,S13,T_5000,_T,PT_B1GQ,A,7.155
2018,IRL,TAX_REV,S13,T_5000,_T,PT_B1GQ,A,6.746
2019,IRL,TAX_REV,S13,T_5000,_T,PT_B1GQ,A,6.627
2020,IRL,TAX_REV,S13,T_5000,_T,PT_B1GQ,A,5.5
2021,IRL,TAX_REV,S13,T_5000,_T,PT_B1GQ,A,5.754
2022,IRL,TAX_REV,S13,T_5000,_T,PT_B1GQ,A,5.355
2023,IRL,TAX_REV,S13,T_5000,_T,PT_B1GQ,A,5.714
2014,ISR,TAX_REV,S13,T_5000,_T,PT_B1GQ,A,11.938
2015,ISR,TAX_REV,S13,T_5000,_T,PT_B1GQ,A,11.713
2016,ISR,TAX_REV,S13,T_5000,_T,PT_B1GQ,A,11.645
2017,ISR,TAX_REV,S13,T_5000,_T,PT_B1GQ,A,11.095
2018,ISR,TAX_REV,S13,T_5000,_T,PT_B1GQ,A,11.064
2019,ISR,TAX_REV,S13,T_5000,_T,PT_B1GQ,A,10.755
2020,ISR,TAX_REV,S13,T_5000,_T,PT_B1GQ,A,10.451
2021,ISR,TAX_REV,S13,T_5000,_T,PT_B1GQ,A,10.895
2022,ISR,TAX_REV,S13,T_5000,_T,PT_B1GQ,A,10.624
2023,ISR,TAX_REV,S13,T_5000,_T,PT_B1GQ,A,9.635
2014,ITA,TAX_REV,S13,T_5000,_T,PT_B1GQ,A,11.857
2015,ITA,TAX_REV,S13,T_5000,_T,PT_B1GQ,A,11.869
2016,ITA,TAX_REV,S13,T_5000,_T,PT_B1GQ,A,12.094
2017,ITA,TAX_REV,S13,T_5000,_T,PT_B1GQ,A,12.088
2018,ITA,TAX_REV,S13,T_5000,_T,PT_B1GQ,A,11.969
2019,ITA,TAX_REV,S13,T_5000,_T,PT_B1GQ,A,11.956
2020,ITA,TAX_REV,S13,T_5000,_T,PT_B1GQ,A,11.491
2021,ITA,TAX_REV,S13,T_5000,_T,PT_B1GQ,A,12.024
2022,ITA,TAX_REV,S13,T_5000,_T,PT_B1GQ,A,11.843
2023,ITA,TAX_REV,S13,T_5000,_T,PT_B1GQ,A,11.876
2014,JPN,TAX_REV,S13,T_5000,_T,PT_B1GQ,A,5.921
2015,JPN,TAX_REV,S13,T_5000,_T,PT_B1GQ,A,6.341
2016,JPN,TAX_REV,S13,T_5000,_T,PT_B1GQ,A,6.187
2017,JPN,TAX_REV,S13,T_5000,_T,PT_B1GQ,A,6.484
2018,JPN,TAX_REV,S13,T_5000,_T,PT_B1GQ,A,6.154
2019,JPN,TAX_REV,S13,T_5000,_T,PT_B1GQ,A,6.214
2020,JPN,TAX_REV,S13,T_5000,_T,PT_B1GQ,A,6.877
2021,JPN,TAX_REV,S13,T_5000,_T,PT_B1GQ,A,7.031
2022,JPN,TAX_REV,S13,T_5000,_T,PT_B1GQ,A,7.18
2023,JPN,TAX_REV,S13,T_5000,_T,PT_B1GQ,A,6.847
2014,KOR,TAX_REV,S13,T_5000,_T,PT_B1GQ,A,7.003
2015,KOR,TAX_REV,S13,T_5000,_T,PT_B1GQ,A,6.654
2016,KOR,TAX_REV,S13,T_5000,_T,PT_B1GQ,A,6.962
2017,KOR,TAX_REV,S13,T_5000,_T,PT_B1GQ,A,7.031
2018,KOR,TAX_REV,S13,T_5000,_T,PT_B1GQ,A,7.012
2019,KOR,TAX_REV,S13,T_5000,_T,PT_B1GQ,A,7.029
2020,KOR,TAX_REV,S13,T_5000,_T,PT_B1GQ,A,6.768
2021,KOR,TAX_REV,S13,T_5000,_T,PT_B1GQ,A,6.879
2022,KOR,TAX_REV,S13,T_5000,_T,PT_B1GQ,A,7.252
2023,KOR,TAX_REV,S13,T_5000,_T,PT_B1GQ,A,6.533
2014,LVA,TAX_REV,S13,T_5000,_T,PT_B1GQ,A,12.812
2015,LVA,TAX_REV,S13,T_5000,_T,PT_B1GQ,A,13.043
2016,LVA,TAX_REV,S13,T_5000,_T,PT_B1GQ,A,13.574
2017,LVA,TAX_REV,S13,T_5000,_T,PT_B1GQ,A,13.498
2018,LVA,TAX_REV,S13,T_5000,_T,PT_B1GQ,A,13.939
2019,LVA,TAX_REV,S13,T_5000,_T,PT_B1GQ,A,13.914
2020,LVA,TAX_REV,S13,T_5000,_T,PT_B1GQ,A,13.571
2021,LVA,TAX_REV,S13,T_5000,_T,PT_B1GQ,A,13.394
2022,LVA,TAX_REV,S13,T_5000,_T,PT_B1GQ,A,13.671
2023,LVA,TAX_REV,S13,T_5000,_T,PT_B1GQ,A,13.382
2014,LTU,TAX_REV,S13,T_5000,_T,PT_B1GQ,A,11.129
2015,LTU,TAX_REV,S13,T_5000,_T,PT_B1GQ,A,11.644
2016,LTU,TAX_REV,S13,T_5000,_T,PT_B1GQ,A,11.651
2017,LTU,TAX_REV,S13,T_5000,_T,PT_B1GQ,A,11.6
2018,LTU,TAX_REV,S13,T_5000,_T,PT_B1GQ,A,11.525
2019,LTU,TAX_REV,S13,T_5000,_T,PT_B1GQ,A,11.54
2020,LTU,TAX_REV,S13,T_5000,_T,PT_B1GQ,A,11.817
2021,LTU,TAX_REV,S13,T_5000,_T,PT_B1GQ,A,11.956
2022,LTU,TAX_REV,S13,T_5000,_T,PT_B1GQ,A,11.546
2023,LTU,TAX_REV,S13,T_5000,_T,PT_B1GQ,A,11.298
2014,LUX,TAX_REV,S13,T_5000,_T,PT_B1GQ,A,10.559
2015,LUX,TAX_REV,S13,T_5000,_T,PT_B1GQ,A,8.363
2016,LUX,TAX_REV,S13,T_5000,_T,PT_B1GQ,A,8.62
2017,LUX,TAX_REV,S13,T_5000,_T,PT_B1GQ,A,8.843
2018,LUX,TAX_REV,S13,T_5000,_T,PT_B1GQ,A,9.065
2019,LUX,TAX_REV,S13,T_5000,_T,PT_B1GQ,A,9.114
2020,LUX,TAX_REV,S13,T_5000,_T,PT_B1GQ,A,8.754
2021,LUX,TAX_REV,S13,T_5000,_T,PT_B1GQ,A,8.912
2022,LUX,TAX_REV,S13,T_5000,_T,PT_B1GQ,A,9.139
2023,LUX,TAX_REV,S13,T_5000,_T,PT_B1GQ,A,9.325
2014,MEX,TAX_REV,S13,T_5000,_T,PT_B1GQ,A,4.853
2015,MEX,TAX_REV,S13,T_5000,_T,PT_B1GQ,A,5.935
2016,MEX,TAX_REV,S13,T_5000,_T,PT_B1GQ,A,6.241
2017,MEX,TAX_REV,S13,T_5000,_T,PT_B1GQ,A,5.693
2018,MEX,TAX_REV,S13,T_5000,_T,PT_B1GQ,A,5.715
2019,MEX,TAX_REV,S13,T_5000,_T,PT_B1GQ,A,5.983
2020,MEX,TAX_REV,S13,T_5000,_T,PT_B1GQ,A,6.412
2021,MEX,TAX_REV,S13,T_5000,_T,PT_B1GQ,A,6.191
2022,MEX,TAX_REV,S13,T_5000,_T,PT_B1GQ,A,5.513
2023,MEX,TAX_REV,S13,T_5000,_T,PT_B1GQ,A,6.24
2014,NLD,TAX_REV,S13,T_5000,_T,PT_B1GQ,A,11.149
2015,NLD,TAX_REV,S13,T_5000,_T,PT_B1GQ,A,11.14
2016,NLD,TAX_REV,S13,T_5000,_T,PT_B1GQ,A,11.478
2017,NLD,TAX_REV,S13,T_5000,_T,PT_B1GQ,A,11.407
2018,NLD,TAX_REV,S13,T_5000,_T,PT_B1GQ,A,11.499
2019,NLD,TAX_REV,S13,T_5000,_T,PT_B1GQ,A,11.808
2020,NLD,TAX_REV,S13,T_5000,_T,PT_B1GQ,A,11.885
2021,NLD,TAX_REV,S13,T_5000,_T,PT_B1GQ,A,11.835
2022,NLD,TAX_REV,S13,T_5000,_T,PT_B1GQ,A,11.475
2023,NLD,TAX_REV,S13,T_5000,_T,PT_B1GQ,A,11.264
2014,NZL,TAX_REV,S13,T_5000,_T,PT_B1GQ,A,12.211
2015,NZL,TAX_REV,S13,T_5000,_T,PT_B1GQ,A,12.263
2016,NZL,TAX_REV,S13,T_5000,_T,PT_B1GQ,A,12.033
2017,NZL,TAX_REV,S13,T_5000,_T,PT_B1GQ,A,12.033
2018,NZL,TAX_REV,S13,T_5000,_T,PT_B1GQ,A,12.18
2019,NZL,TAX_REV,S13,T_5000,_T,PT_B1GQ,A,12.158
2020,NZL,TAX_REV,S13,T_5000,_T,PT_B1GQ,A,12.819
2021,NZL,TAX_REV,S13,T_5000,_T,PT_B1GQ,A,12.399
2022,NZL,TAX_REV,S13,T_5000,_T,PT_B1GQ,A,11.921
2023,NZL,TAX_REV,S13,T_5000,_T,PT_B1GQ,A,12.046
2014,NOR,TAX_REV,S13,T_5000,_T,PT_B1GQ,A,11.225
2015,NOR,TAX_REV,S13,T_5000,_T,PT_B1GQ,A,11.677
2016,NOR,TAX_REV,S13,T_5000,_T,PT_B1GQ,A,12.272
2017,NOR,TAX_REV,S13,T_5000,_T,PT_B1GQ,A,12.019
2018,NOR,TAX_REV,S13,T_5000,_T,PT_B1GQ,A,11.648
2019,NOR,TAX_REV,S13,T_5000,_T,PT_B1GQ,A,11.78
2020,NOR,TAX_REV,S13,T_5000,_T,PT_B1GQ,A,12.251
2021,NOR,TAX_REV,S13,T_5000,_T,PT_B1GQ,A,10.513
2022,NOR,TAX_REV,S13,T_5000,_T,PT_B1GQ,A,8.456
2023,NOR,TAX_REV,S13,T_5000,_T,PT_B1GQ,A,9.598
2014,POL,TAX_REV,S13,T_5000,_T,PT_B1GQ,A,11.929
2015,POL,TAX_REV,S13,T_5000,_T,PT_B1GQ,A,11.908
2016,POL,TAX_REV,S13,T_5000,_T,PT_B1GQ,A,12.447
2017,POL,TAX_REV,S13,T_5000,_T,PT_B1GQ,A,12.806
2018,POL,TAX_REV,S13,T_5000,_T,PT_B1GQ,A,13.039
2019,POL,TAX_REV,S13,T_5000,_T,PT_B1GQ,A,12.853
2020,POL,TAX_REV,S13,T_5000,_T,PT_B1GQ,A,12.877
2021,POL,TAX_REV,S13,T_5000,_T,PT_B1GQ,A,13.899
2022,POL,TAX_REV,S13,T_5000,_T,PT_B1GQ,A,12.557
2023,POL,TAX_REV,S13,T_5000,_T,PT_B1GQ,A,11.021
2014,PRT,TAX_REV,S13,T_5000,_T,PT_B1GQ,A,13.224
2015,PRT,TAX_REV,S13,T_5000,_T,PT_B1GQ,A,13.463
2016,PRT,TAX_REV,S13,T_5000,_T,PT_B1GQ,A,13.681
2017,PRT,TAX_REV,S13,T_5000,_T,PT_B1GQ,A,13.814
2018,PRT,TAX_REV,S13,T_5000,_T,PT_B1GQ,A,13.884
2019,PRT,TAX_REV,S13,T_5000,_T,PT_B1GQ,A,13.852
2020,PRT,TAX_REV,S13,T_5000,_T,PT_B1GQ,A,13.316
2021,PRT,TAX_REV,S13,T_5000,_T,PT_B1GQ,A,13.705
2022,PRT,TAX_REV,S13,T_5000,_T,PT_B1GQ,A,13.782
2023,PRT,TAX_REV,S13,T_5000,_T,PT_B1GQ,A,13.329
2014,SVK,TAX_REV,S13,T_5000,_T,PT_B1GQ,A,11.544
2015,SVK,TAX_REV,S13,T_5000,_T,PT_B1GQ,A,11.575
2016,SVK,TAX_REV,S13,T_5000,_T,PT_B1GQ,A,11.549
2017,SVK,TAX_REV,S13,T_5000,_T,PT_B1GQ,A,11.975
2018,SVK,TAX_REV,S13,T_5000,_T,PT_B1GQ,A,11.9
2019,SVK,TAX_REV,S13,T_5000,_T,PT_B1GQ,A,12.168
2020,SVK,TAX_REV,S13,T_5000,_T,PT_B1GQ,A,12.09
2021,SVK,TAX_REV,S13,T_5000,_T,PT_B1GQ,A,12.058
2022,SVK,TAX_REV,S13,T_5000,_T,PT_B1GQ,A,12.336
2023,SVK,TAX_REV,S13,T_5000,_T,PT_B1GQ,A,12.35
2014,SVN,TAX_REV,S13,T_5000,_T,PT_B1GQ,A,14.761
2015,SVN,TAX_REV,S13,T_5000,_T,PT_B1GQ,A,14.685
2016,SVN,TAX_REV,S13,T_5000,_T,PT_B1GQ,A,14.482
2017,SVN,TAX_REV,S13,T_5000,_T,PT_B1GQ,A,14.094
2018,SVN,TAX_REV,S13,T_5000,_T,PT_B1GQ,A,13.857
2019,SVN,TAX_REV,S13,T_5000,_T,PT_B1GQ,A,14.05
2020,SVN,TAX_REV,S13,T_5000,_T,PT_B1GQ,A,12.851
2021,SVN,TAX_REV,S13,T_5000,_T,PT_B1GQ,A,13.334
2022,SVN,TAX_REV,S13,T_5000,_T,PT_B1GQ,A,13.213
2023,SVN,TAX_REV,S13,T_5000,_T,PT_B1GQ,A,12.943
2014,ESP,TAX_REV,S13,T_5000,_T,PT_B1GQ,A,10.015
2015,ESP,TAX_REV,S13,T_5000,_T,PT_B1GQ,A,10.311
2016,ESP,TAX_REV,S13,T_5000,_T,PT_B1GQ,A,10.159
2017,ESP,TAX_REV,S13,T_5000,_T,PT_B1GQ,A,10.152
2018,ESP,TAX_REV,S13,T_5000,_T,PT_B1GQ,A,10.217
2019,ESP,TAX_REV,S13,T_5000,_T,PT_B1GQ,A,10.024
2020,ESP,TAX_REV,S13,T_5000,_T,PT_B1GQ,A,9.857
2021,ESP,TAX_REV,S13,T_5000,_T,PT_B1GQ,A,10.372
2022,ESP,TAX_REV,S13,T_5000,_T,PT_B1GQ,A,10.384
2023,ESP,TAX_REV,S13,T_5000,_T,PT_B1GQ,A,9.999
2014,SWE,TAX_REV,S13,T_5000,_T,PT_B1GQ,A,12.152
2015,SWE,TAX_REV,S13,T_5000,_T,PT_B1GQ,A,12.157
2016,SWE,TAX_REV,S13,T_5000,_T,PT_B1GQ,A,12.502
2017,SWE,TAX_REV,S13,T_5000,_T,PT_B1GQ,A,12.442
2018,SWE,TAX_REV,S13,T_5000,_T,PT_B1GQ,A,12.451
2019,SWE,TAX_REV,S13,T_5000,_T,PT_B1GQ,A,12.123
2020,SWE,TAX_REV,S13,T_5000,_T,PT_B1GQ,A,12.109
2021,SWE,TAX_REV,S13,T_5000,_T,PT_B1GQ,A,11.947
2022,SWE,TAX_REV,S13,T_5000,_T,PT_B1GQ,A,12.233
2023,SWE,TAX_REV,S13,T_5000,_T,PT_B1GQ,A,11.747
2014,CHE,TAX_REV,S13,T_5000,_T,PT_B1GQ,A,5.758
2015,CHE,TAX_REV,S13,T_5000,_T,PT_B1GQ,A,5.742
2016,CHE,TAX_REV,S13,T_5000,_T,PT_B1GQ,A,5.688
2017,CHE,TAX_REV,S13,T_5000,_T,PT_B1GQ,A,5.763
2018,CHE,TAX_REV,S13,T_5000,_T,PT_B1GQ,A,5.568
2019,CHE,TAX_REV,S13,T_5000,_T,PT_B1GQ,A,5.504
2020,CHE,TAX_REV,S13,T_5000,_T,PT_B1GQ,A,5.583
2021,CHE,TAX_REV,S13,T_5000,_T,PT_B1GQ,A,5.489
2022,CHE,TAX_REV,S13,T_5000,_T,PT_B1GQ,A,5.365
2023,CHE,TAX_REV,S13,T_5000,_T,PT_B1GQ,A,5.414
2014,TUR,TAX_REV,S13,T_5000,_T,PT_B1GQ,A,10.786
2015,TUR,TAX_REV,S13,T_5000,_T,PT_B1GQ,A,11.058
2016,TUR,TAX_REV,S13,T_5000,_T,PT_B1GQ,A,10.963
2017,TUR,TAX_REV,S13,T_5000,_T,PT_B1GQ,A,10.73
2018,TUR,TAX_REV,S13,T_5000,_T,PT_B1GQ,A,9.704
2019,TUR,TAX_REV,S13,T_5000,_T,PT_B1GQ,A,9.011
2020,TUR,TAX_REV,S13,T_5000,_T,PT_B1GQ,A,10.246
2021,TUR,TAX_REV,S13,T_5000,_T,PT_B1GQ,A,9.597
2022,TUR,TAX_REV,S13,T_5000,_T,PT_B1GQ,A,9.127
2023,TUR,TAX_REV,S13,T_5000,_T,PT_B1GQ,A,10.692
2014,GBR,TAX_REV,S13,T_5000,_T,PT_B1GQ,A,10.816
2015,GBR,TAX_REV,S13,T_5000,_T,PT_B1GQ,A,10.863
2016,GBR,TAX_REV,S13,T_5000,_T,PT_B1GQ,A,10.814
2017,GBR,TAX_REV,S13,T_5000,_T,PT_B1GQ,A,10.72
2018,GBR,TAX_REV,S13,T_5000,_T,PT_B1GQ,A,10.725
2019,GBR,TAX_REV,S13,T_5000,_T,PT_B1GQ,A,10.688
2020,GBR,TAX_REV,S13,T_5000,_T,PT_B1GQ,A,10.244
2021,GBR,TAX_REV,S13,T_5000,_T,PT_B1GQ,A,10.409
2022,GBR,TAX_REV,S13,T_5000,_T,PT_B1GQ,A,10.828
2023,GBR,TAX_REV,S13,T_5000,_T,PT_B1GQ,A,10.597
2014,USA,TAX_REV,S13,T_5000,_T,PT_B1GQ,A,4.392
2015,USA,TAX_REV,S13,T_5000,_T,PT_B1GQ,A,4.33
2016,USA,TAX_REV,S13,T_5000,_T,PT_B1GQ,A,4.29
2017,USA,TAX_REV,S13,T_5000,_T,PT_B1GQ,A,4.268
2018,USA,TAX_REV,S13,T_5000,_T,PT_B1GQ,A,4.415
2019,USA,TAX_REV,S13,T_5000,_T,PT_B1GQ,A,4.433
2020,USA,TAX_REV,S13,T_5000,_T,PT_B1GQ,A,4.318
2021,USA,TAX_REV,S13,T_5000,_T,PT_B1GQ,A,4.469
2022,USA,TAX_REV,S13,T_5000,_T,PT_B1GQ,A,4.487
2023,USA,TAX_REV,S13,T_5000,_T,PT_B1GQ,A,4.224
2014,ATG,TAX_REV,S13,T_5000,_T,PT_B1GQ,A,11.984
2015,ATG,TAX_REV,S13,T_5000,_T,PT_B1GQ,A,12.39
2016,ATG,TAX_REV,S13,T_5000,_T,PT_B1GQ,A,12.58
2017,ATG,TAX_REV,S13,T_5000,_T,PT_B1GQ,A,11.877
2018,ATG,TAX_REV,S13,T_5000,_T,PT_B1GQ,A,12.012
2019,ATG,TAX_REV,S13,T_5000,_T,PT_B1GQ,A,11.183
2020,ATG,TAX_REV,S13,T_5000,_T,PT_B1GQ,A,12.253
2021,ATG,TAX_REV,S13,T_5000,_T,PT_B1GQ,A,11.339
2022,ATG,TAX_REV,S13,T_5000,_T,PT_B1GQ,A,11.604
2023,ATG,TAX_REV,S13,T_5000,_T,PT_B1GQ,A,11.427
2014,ARG,TAX_REV,S13,T_5000,_T,PT_B1GQ,A,15.406
2015,ARG,TAX_REV,S13,T_5000,_T,PT_B1GQ,A,14.935
2016,ARG,TAX_REV,S13,T_5000,_T,PT_B1GQ,A,14.301
2017,ARG,TAX_REV,S13,T_5000,_T,PT_B1GQ,A,14.364
2018,ARG,TAX_REV,S13,T_5000,_T,PT_B1GQ,A,14.377
2019,ARG,TAX_REV,S13,T_5000,_T,PT_B1GQ,A,14.886
2020,ARG,TAX_REV,S13,T_5000,_T,PT_B1GQ,A,15.186
2021,ARG,TAX_REV,S13,T_5000,_T,PT_B1GQ,A,15.607
2022,ARG,TAX_REV,S13,T_5000,_T,PT_B1GQ,A,15.534
2023,ARG,TAX_REV,S13,T_5000,_T,PT_B1GQ,A,15.247
2014,ARM,TAX_REV,S13,T_5000,_T,PT_B1GQ,A,13.274
2015,ARM,TAX_REV,S13,T_5000,_T,PT_B1GQ,A,12.285
2016,ARM,TAX_REV,S13,T_5000,_T,PT_B1GQ,A,11.677
2017,ARM,TAX_REV,S13,T_5000,_T,PT_B1GQ,A,11.954
2018,ARM,TAX_REV,S13,T_5000,_T,PT_B1GQ,A,12.42
2019,ARM,TAX_REV,S13,T_5000,_T,PT_B1GQ,A,12.75
2020,ARM,TAX_REV,S13,T_5000,_T,PT_B1GQ,A,12.561
2021,ARM,TAX_REV,S13,T_5000,_T,PT_B1GQ,A,13.101
2022,ARM,TAX_REV,S13,T_5000,_T,PT_B1GQ,A,13.024
2023,ARM,TAX_REV,S13,T_5000,_T,PT_B1GQ,A,12.4
2014,AZE,TAX_REV,S13,T_5000,_T,PT_B1GQ,A,7.584
2015,AZE,TAX_REV,S13,T_5000,_T,PT_B1GQ,A,8.712
2016,AZE,TAX_REV,S13,T_5000,_T,PT_B1GQ,A,8.781
2017,AZE,TAX_REV,S13,T_5000,_T,PT_B1GQ,A,7.811
2018,AZE,TAX_REV,S13,T_5000,_T,PT_B1GQ,A,8.067
2019,AZE,TAX_REV,S13,T_5000,_T,PT_B1GQ,A,9.313
2020,AZE,TAX_REV,S13,T_5000,_T,PT_B1GQ,A,9.847
2021,AZE,TAX_REV,S13,T_5000,_T,PT_B1GQ,A,8.558
2022,AZE,TAX_REV,S13,T_5000,_T,PT_B1GQ,A,7.611
2023,AZE,TAX_REV,S13,T_5000,_T,PT_B1GQ,A,9.503
2014,BHS,TAX_REV,S13,T_5000,_T,PT_B1GQ,A,9.073
2015,BHS,TAX_REV,S13,T_5000,_T,PT_B1GQ,A,10.44
2016,BHS,TAX_REV,S13,T_5000,_T,PT_B1GQ,A,12.441
2017,BHS,TAX_REV,S13,T_5000,_T,PT_B1GQ,A,13.305
2018,BHS,TAX_REV,S13,T_5000,_T,PT_B1GQ,A,12.812
2019,BHS,TAX_REV,S13,T_5000,_T,PT_B1GQ,A,14.317
2020,BHS,TAX_REV,S13,T_5000,_T,PT_B1GQ,A,14.735
2021,BHS,TAX_REV,S13,T_5000,_T,PT_B1GQ,A,13.809
2022,BHS,TAX_REV,S13,T_5000,_T,PT_B1GQ,A,15.45
2023,BHS,TAX_REV,S13,T_5000,_T,PT_B1GQ,A,15.667
2014,BGD,TAX_REV,S13,T_5000,_T,PT_B1GQ,A,4.859
2015,BGD,TAX_REV,S13,T_5000,_T,PT_B1GQ,A,4.928
2016,BGD,TAX_REV,S13,T_5000,_T,PT_B1GQ,A,5.116
2017,BGD,TAX_REV,S13,T_5000,_T,PT_B1GQ,A,5.349
2018,BGD,TAX_REV,S13,T_5000,_T,PT_B1GQ,A,5.14
2019,BGD,TAX_REV,S13,T_5000,_T,PT_B1GQ,A,4.583
2020,BGD,TAX_REV,S13,T_5000,_T,PT_B1GQ,A,4.922
2021,BGD,TAX_REV,S13,T_5000,_T,PT_B1GQ,A,4.935
2022,BGD,TAX_REV,S13,T_5000,_T,PT_B1GQ,A,4.918
2023,BGD,TAX_REV,S13,T_5000,_T,PT_B1GQ,A,4.743
2014,BRB,TAX_REV,S13,T_5000,_T,PT_B1GQ,A,12.136
2015,BRB,TAX_REV,S13,T_5000,_T,PT_B1GQ,A,13.302
2016,BRB,TAX_REV,S13,T_5000,_T,PT_B1GQ,A,14.386
2017,BRB,TAX_REV,S13,T_5000,_T,PT_B1GQ,A,15.559
2018,BRB,TAX_REV,S13,T_5000,_T,PT_B1GQ,A,15.162
2019,BRB,TAX_REV,S13,T_5000,_T,PT_B1GQ,A,14.631
2020,BRB,TAX_REV,S13,T_5000,_T,PT_B1GQ,A,12.731
2021,BRB,TAX_REV,S13,T_5000,_T,PT_B1GQ,A,13.552
2022,BRB,TAX_REV,S13,T_5000,_T,PT_B1GQ,A,13.678
2023,BRB,TAX_REV,S13,T_5000,_T,PT_B1GQ,A,13.583
2014,BLZ,TAX_REV,S13,T_5000,_T,PT_B1GQ,A,12.797
2015,BLZ,TAX_REV,S13,T_5000,_T,PT_B1GQ,A,13.153
2016,BLZ,TAX_REV,S13,T_5000,_T,PT_B1GQ,A,14.082
2017,BLZ,TAX_REV,S13,T_5000,_T,PT_B1GQ,A,14.747
2018,BLZ,TAX_REV,S13,T_5000,_T,PT_B1GQ,A,15.259
2019,BLZ,TAX_REV,S13,T_5000,_T,PT_B1GQ,A,15.698
2020,BLZ,TAX_REV,S13,T_5000,_T,PT_B1GQ,A,12.916
2021,BLZ,TAX_REV,S13,T_5000,_T,PT_B1GQ,A,14.323
2022,BLZ,TAX_REV,S13,T_5000,_T,PT_B1GQ,A,14.275
2023,BLZ,TAX_REV,S13,T_5000,_T,PT_B1GQ,A,14.64
2014,BTN,TAX_REV,S13,T_5000,_T,PT_B1GQ,A,6.247
2015,BTN,TAX_REV,S13,T_5000,_T,PT_B1GQ,A,6.171
2016,BTN,TAX_REV,S13,T_5000,_T,PT_B1GQ,A,6.535
2017,BTN,TAX_REV,S13,T_5000,_T,PT_B1GQ,A,7.38
2018,BTN,TAX_REV,S13,T_5000,_T,PT_B1GQ,A,6.645
2019,BTN,TAX_REV,S13,T_5000,_T,PT_B1GQ,A,4.574
2020,BTN,TAX_REV,S13,T_5000,_T,PT_B1GQ,A,3.094
2021,BTN,TAX_REV,S13,T_5000,_T,PT_B1GQ,A,3.667
2022,BTN,TAX_REV,S13,T_5000,_T,PT_B1GQ,A,4.98
2023,BTN,TAX_REV,S13,T_5000,_T,PT_B1GQ,A,4.895
2014,BOL,TAX_REV,S13,T_5000,_T,PT_B1GQ,A,14.873
2015,BOL,TAX_REV,S13,T_5000,_T,PT_B1GQ,A,15.243
2016,BOL,TAX_REV,S13,T_5000,_T,PT_B1GQ,A,14.258
2017,BOL,TAX_REV,S13,T_5000,_T,PT_B1GQ,A,13.126
2018,BOL,TAX_REV,S13,T_5000,_T,PT_B1GQ,A,12.65
2019,BOL,TAX_REV,S13,T_5000,_T,PT_B1GQ,A,12.098
2020,BOL,TAX_REV,S13,T_5000,_T,PT_B1GQ,A,10.219
2021,BOL,TAX_REV,S13,T_5000,_T,PT_B1GQ,A,11.529
2022,BOL,TAX_REV,S13,T_5000,_T,PT_B1GQ,A,12.103
2023,BOL,TAX_REV,S13,T_5000,_T,PT_B1GQ,A,12.308
2014,BWA,TAX_REV,S13,T_5000,_T,PT_B1GQ,A,4.496
2015,BWA,TAX_REV,S13,T_5000,_T,PT_B1GQ,A,4.262
2016,BWA,TAX_REV,S13,T_5000,_T,PT_B1GQ,A,4.425
2017,BWA,TAX_REV,S13,T_5000,_T,PT_B1GQ,A,5.127
2018,BWA,TAX_REV,S13,T_5000,_T,PT_B1GQ,A,4.646
2019,BWA,TAX_REV,S13,T_5000,_T,PT_B1GQ,A,5.04
2020,BWA,TAX_REV,S13,T_5000,_T,PT_B1GQ,A,4.713
2021,BWA,TAX_REV,S13,T_5000,_T,PT_B1GQ,A,5.475
2022,BWA,TAX_REV,S13,T_5000,_T,PT_B1GQ,A,4.845
2014,BRA,TAX_REV,S13,T_5000,_T,PT_B1GQ,A,14.247
2015,BRA,TAX_REV,S13,T_5000,_T,PT_B1GQ,A,14.217
2016,BRA,TAX_REV,S13,T_5000,_T,PT_B1GQ,A,13.801
2017,BRA,TAX_REV,S13,T_5000,_T,PT_B1GQ,A,14.142
2018,BRA,TAX_REV,S13,T_5000,_T,PT_B1GQ,A,14.576
2019,BRA,TAX_REV,S13,T_5000,_T,PT_B1GQ,A,14.197
2020,BRA,TAX_REV,S13,T_5000,_T,PT_B1GQ,A,13.784
2021,BRA,TAX_REV,S13,T_5000,_T,PT_B1GQ,A,14.541
2022,BRA,TAX_REV,S13,T_5000,_T,PT_B1GQ,A,13.515
2023,BRA,TAX_REV,S13,T_5000,_T,PT_B1GQ,A,13.034
2014,OECD_REP,TAX_REV,S13,T_4000,_T,PT_B1GQ,A,1.804
2014,OECD_REP,TAX_REV,S13,T_5000,_T,PT_B1GQ,A,10.791
2014,OECD_REP,TAX_REV,S13,T_1000,_T,PT_B1GQ,A,10.829
2014,OECD_REP,TAX_REV,S13,_T,_T,PT_B1GQ,A,32.831
2014,OECD_REP,TAX_REV,S13,T_2000,_T,PT_B1GQ,A,8.76
2015,OECD_REP,TAX_REV,S13,T_2000,_T,PT_B1GQ,A,8.765
2015,OECD_REP,TAX_REV,S13,_T,_T,PT_B1GQ,A,32.892
2015,OECD_REP,TAX_REV,S13,T_1000,_T,PT_B1GQ,A,10.874
2015,OECD_REP,TAX_REV,S13,T_5000,_T,PT_B1GQ,A,10.804
2015,OECD_REP,TAX_REV,S13,T_4000,_T,PT_B1GQ,A,1.828
2016,OECD_REP,TAX_REV,S13,T_4000,_T,PT_B1GQ,A,2.239
2016,OECD_REP,TAX_REV,S13,T_5000,_T,PT_B1GQ,A,10.913
2016,OECD_REP,TAX_REV,S13,T_1000,_T,PT_B1GQ,A,10.918
2016,OECD_REP,TAX_REV,S13,_T,_T,PT_B1GQ,A,33.538
2016,OECD_REP,TAX_REV,S13,T_2000,_T,PT_B1GQ,A,8.88
2017,OECD_REP,TAX_REV,S13,T_2000,_T,PT_B1GQ,A,8.84
2017,OECD_REP,TAX_REV,S13,_T,_T,PT_B1GQ,A,33.302
2017,OECD_REP,TAX_REV,S13,T_1000,_T,PT_B1GQ,A,11.13
2017,OECD_REP,TAX_REV,S13,T_5000,_T,PT_B1GQ,A,10.873
2017,OECD_REP,TAX_REV,S13,T_4000,_T,PT_B1GQ,A,1.864
2018,OECD_REP,TAX_REV,S13,T_4000,_T,PT_B1GQ,A,1.807
2018,OECD_REP,TAX_REV,S13,T_5000,_T,PT_B1GQ,A,10.833
2018,OECD_REP,TAX_REV,S13,T_1000,_T,PT_B1GQ,A,11.284
2018,OECD_REP,TAX_REV,S13,_T,_T,PT_B1GQ,A,33.453
2018,OECD_REP,TAX_REV,S13,T_2000,_T,PT_B1GQ,A,8.927
2019,OECD_REP,TAX_REV,S13,T_2000,_T,PT_B1GQ,A,8.902
2019,OECD_REP,TAX_REV,S13,_T,_T,PT_B1GQ,A,33.366
2019,OECD_REP,TAX_REV,S13,T_1000,_T,PT_B1GQ,A,11.267
2019,OECD_REP,TAX_REV,S13,T_5000,_T,PT_B1GQ,A,10.765
2019,OECD_REP,TAX_REV,S13,T_4000,_T,PT_B1GQ,A,1.807
2020,OECD_REP,TAX_REV,S13,T_4000,_T,PT_B1GQ,A,1.854
2020,OECD_REP,TAX_REV,S13,T_5000,_T,PT_B1GQ,A,10.592
2020,OECD_REP,TAX_REV,S13,T_1000,_T,PT_B1GQ,A,11.287
2020,OECD_REP,TAX_REV,S13,_T,_T,PT_B1GQ,A,33.509
2020,OECD_REP,TAX_REV,S13,T_2000,_T,PT_B1GQ,A,9.159
2021,OECD_REP,TAX_REV,S13,T_2000,_T,PT_B1GQ,A,8.975
2021,OECD_REP,TAX_REV,S13,_T,_T,PT_B1GQ,A,34.079
2021,OECD_REP,TAX_REV,S13,T_1000,_T,PT_B1GQ,A,11.919
2021,OECD_REP,TAX_REV,S13,T_5000,_T,PT_B1GQ,A,10.695
2021,OECD_REP,TAX_REV,S13,T_4000,_T,PT_B1GQ,A,1.89
2022,OECD_REP,TAX_REV,S13,T_4000,_T,PT_B1GQ,A,1.782
2022,OECD_REP,TAX_REV,S13,T_5000,_T,PT_B1GQ,A,10.58
2022,OECD_REP,TAX_REV,S13,T_1000,_T,PT_B1GQ,A,12.319
2022,OECD_REP,TAX_REV,S13,_T,_T,PT_B1GQ,A,34.035
2022,OECD_REP,TAX_REV,S13,T_2000,_T,PT_B1GQ,A,8.726
2023,OECD_REP,TAX_REV,S13,_T,_T,PT_B1GQ,A,33.943
