TIME_PERIOD,REF_AREA,MEASURE,SECTOR,STANDARD_REVENUE,CTRY_SPECIFIC_REVENUE,UNIT_MEASURE,FREQ,value
2014,NRU,TAX_REV,S13,T_1000,_T,PT_B1GQ,A,0.0
2005,KHM,TAX_REV,S13,T_4000,_T,PT_B1GQ,A,0.0
2006,KHM,TAX_REV,S13,T_4000,_T,PT_B1GQ,A,0.0
2007,KHM,TAX_REV,S13,T_4000,_T,PT_B1GQ,A,0.0
2008,KHM,TAX_REV,S13,T_4000,_T,PT_B1GQ,A,0.0
2009,KHM,TAX_REV,S13,T_4000,_T,PT_B1GQ,A,0.0
2010,KHM,TAX_REV,S13,T_4000,_T,PT_B1GQ,A,0.0
2011,KHM,TAX_REV,S13,T_4000,_T,PT_B1GQ,A,0.0
2006,COK,TAX_REV,S13,T_4000,_T,PT_B1GQ,A,0.0
2007,COK,TAX_REV,S13,T_4000,_T,PT_B1GQ,A,0.0
2008,COK,TAX_REV,S13,T_4000,_T,PT_B1GQ,A,0.0
2009,COK,TAX_REV,S13,T_4000,_T,PT_B1GQ,A,0.0
2010,COK,TAX_REV,S13,T_4000,_T,PT_B1GQ,A,0.0
2011,COK,TAX_REV,S13,T_4000,_T,PT_B1GQ,A,0.0
2012,COK,TAX_REV,S13,T_4000,_T,PT_B1GQ,A,0.0
2013,COK,TAX_REV,S13,T_4000,_T,PT_B1GQ,A,0.0
2014,COK,TAX_REV,S13,T_4000,_T,PT_B1GQ,A,0.0
2015,COK,TAX_REV,S13,T_4000,_T,PT_B1GQ,A,0.0
2016,COK,TAX_REV,S13,T_4000,_T,PT_B1GQ,A,0.0
2017,COK,TAX_REV,S13,T_4000,_T,PT_B1GQ,A,0.0
2018,COK,TAX_REV,S13,T_4000,_T,PT_B1GQ,A,0.0
2019,COK,TAX_REV,S13,T_4000,_T,PT_B1GQ,A,0.0
2020,COK,TAX_REV,S13,T_4000,_T,PT_B1GQ,A,0.0
2021,COK,TAX_REV,S13,T_4000,_T,PT_B1GQ,A,0.0
2022,COK,TAX_REV,S13,T_4000,_T,PT_B1GQ,A,0.0
2023,COK,TAX_REV,S13,T_4000,_T,PT_B1GQ,A,0.0
1990,CUB,TAX_REV,S13,T_4000,_T,PT_B1GQ,A,0.0
1991,CUB,TAX_REV,S13,T_4000,_T,PT_B1GQ,A,0.0
1992,CUB,TAX_REV,S13,T_4000,_T,PT_B1GQ,A,0.0
1993,CUB,TAX_REV,S13,T_4000,_T,PT_B1GQ,A,0.0
1994,CUB,TAX_REV,S13,T_4000,_T,PT_B1GQ,A,0.0
1995,CUB,TAX_REV,S13,T_4000,_T,PT_B1GQ,A,0.0
1996,CUB,TAX_REV,S13,T_4000,_T,PT_B1GQ,A,0.0
1997,CUB,TAX_REV,S13,T_4000,_T,PT_B1GQ,A,0.0
1998,CUB,TAX_REV,S13,T_4000,_T,PT_B1GQ,A,0.0
1999,CUB,TAX_REV,S13,T_4000,_T,PT_B1GQ,A,0.0
2000,CUB,TAX_REV,S13,T_4000,_T,PT_B1GQ,A,0.0
2001,CUB,TAX_REV,S13,T_4000,_T,PT_B1GQ,A,0.0
2002,CUB,TAX_REV,S13,T_4000,_T,PT_B1GQ,A,0.0
2003,CUB,TAX_REV,S13,T_4000,_T,PT_B1GQ,A,0.0
2004,CUB,TAX_REV,S13,T_4000,_T,PT_B1GQ,A,0.0
2005,CUB,TAX_REV,S13,T_4000,_T,PT_B1GQ,A,0.0
2006,CUB,TAX_REV,S13,T_4000,_T,PT_B1GQ,A,0.0
2007,CUB,TAX_REV,S13,T_4000,_T,PT_B1GQ,A,0.0
2008,CUB,TAX_REV,S13,T_4000,_T,PT_B1GQ,A,0.0
2009,CUB,TAX_REV,S13,T_4000,_T,PT_B1GQ,A,0.0
2010,CUB,TAX_REV,S13,T_4000,_T,PT_B1GQ,A,0.0
2011,CUB,TAX_REV,S13,T_4000,_T,PT_B1GQ,A,0.0
2012,CUB,TAX_REV,S13,T_4000,_T,PT_B1GQ,A,0.0
2013,CUB,TAX_REV,S13,T_4000,_T,PT_B1GQ,A,0.0
2014,CUB,TAX_REV,S13,T_4000,_T,PT_B1GQ,A,0.0
2015,CUB,TAX_REV,S13,T_4000,_T,PT_B1GQ,A,0.0
2016,CUB,TAX_REV,S13,T_4000,_T,PT_B1GQ,A,0.0
2017,CUB,TAX_REV,S13,T_4000,_T,PT_B1GQ,A,0.0
2018,CUB,TAX_REV,S13,T_4000,_T,PT_B1GQ,A,0.0
2019,CUB,TAX_REV,S13,T_4000,_T,PT_B1GQ,A,0.0
2020,CUB,TAX_REV,S13,T_4000,_T,PT_B1GQ,A,0.0
2021,CUB,TAX_REV,S13,T_4000,_T,PT_B1GQ,A,0.0
2022,CUB,TAX_REV,S13,T_4000,_T,PT_B1GQ,A,0.0
2023,CUB,TAX_REV,S13,T_4000,_T,PT_B1GQ,A,0.0
2014,NRU,TAX_REV,S13,T_4000,_T,PT_B1GQ,A,0.0
2015,NRU,TAX_REV,S13,T_4000,_T,PT_B1GQ,A,0.0
2016,NRU,TAX_REV,S13,T_4000,_T,PT_B1GQ,A,0.0
2017,NRU,TAX_REV,S13,T_4000,_T,PT_B1GQ,A,0.0
2018,NRU,TAX_REV,S13,T_4000,_T,PT_B1GQ,A,0.0
2019,NRU,TAX_REV,S13,T_4000,_T,PT_B1GQ,A,0.0
2020,NRU,TAX_REV,S13,T_4000,_T,PT_B1GQ,A,0.0
2021,NRU,TAX_REV,S13,T_4000,_T,PT_B1GQ,A,0.0
2022,NRU,TAX_REV,S13,T_4000,_T,PT_B1GQ,A,0.0
2023,NRU,TAX_REV,S13,T_4000,_T,PT_B1GQ,A,0.0
2010,NIU,TAX_REV,S13,T_4000,_T,PT_B1GQ,A,0.0
2011,NIU,TAX_REV,S13,T_4000,_T,PT_B1GQ,A,0.0
2012,NIU,TAX_REV,S13,T_4000,_T,PT_B1GQ,A,0.0
2013,NIU,TAX_REV,S13,T_4000,_T,PT_B1GQ,A,0.0
2014,NIU,TAX_REV,S13,T_4000,_T,PT_B1GQ,A,0.0
2015,NIU,TAX_REV,S13,T_4000,_T,PT_B1GQ,A,0.0
2016,NIU,TAX_REV,S13,T_4000,_T,PT_B1GQ,A,0.0
2017,NIU,TAX_REV,S13,T_4000,_T,PT_B1GQ,A,0.0
2018,NIU,TAX_REV,S13,T_4000,_T,PT_B1GQ,A,0.0
2019,NIU,TAX_REV,S13,T_4000,_T,PT_B1GQ,A,0.0
2020,NIU,TAX_REV,S13,T_4000,_T,PT_B1GQ,A,0.0
2021,NIU,TAX_REV,S13,T_4000,_T,PT_B1GQ,A,0.0
2022,NIU,TAX_REV,S13,T_4000,_T,PT_B1GQ,A,0.0
2023,NIU,TAX_REV,S13,T_4000,_T,PT_B1GQ,A,0.0
2009,WSM,TAX_REV,S13,T_4000,_T,PT_B1GQ,A,0.0
2010,WSM,TAX_REV,S13,T_4000,_T,PT_B1GQ,A,0.0
2011,WSM,TAX_REV,S13,T_4000,_T,PT_B1GQ,A,0.0
2012,WSM,TAX_REV,S13,T_4000,_T,PT_B1GQ,A,0.0
2013,WSM,TAX_REV,S13,T_4000,_T,PT_B1GQ,A,0.0
2014,WSM,TAX_REV,S13,T_4000,_T,PT_B1GQ,A,0.0
2015,WSM,TAX_REV,S13,T_4000,_T,PT_B1GQ,A,0.0
2016,WSM,TAX_REV,S13,T_4000,_T,PT_B1GQ,A,0.0
2017,WSM,TAX_REV,S13,T_4000,_T,PT_B1GQ,A,0.0
2018,WSM,TAX_REV,S13,T_4000,_T,PT_B1GQ,A,0.0
2019,WSM,TAX_REV,S13,T_4000,_T,PT_B1GQ,A,0.0
2020,WSM,TAX_REV,S13,T_4000,_T,PT_B1GQ,A,0.0
2021,WSM,TAX_REV,S13,T_4000,_T,PT_B1GQ,A,0.0
2022,WSM,TAX_REV,S13,T_4000,_T,PT_B1GQ,A,0.0
2023,WSM,TAX_REV,S13,T_4000,_T,PT_B1GQ,A,0.0
2015,SOM,TAX_REV,S13,T_4000,_T,PT_B1GQ,A,0.0
2016,SOM,TAX_REV,S13,T_4000,_T,PT_B1GQ,A,0.0
2012,LKA,TAX_REV,S13,T_4000,_T,PT_B1GQ,A,0.0
2013,LKA,TAX_REV,S13,T_4000,_T,PT_B1GQ,A,0.0
2014,LKA,TAX_REV,S13,T_4000,_T,PT_B1GQ,A,0.0
2015,LKA,TAX_REV,S13,T_4000,_T,PT_B1GQ,A,0.0
2016,LKA,TAX_REV,S13,T_4000,_T,PT_B1GQ,A,0.0
2017,LKA,TAX_REV,S13,T_4000,_T,PT_B1GQ,A,0.0
2018,LKA,TAX_REV,S13,T_4000,_T,PT_B1GQ,A,0.0
2019,LKA,TAX_REV,S13,T_4000,_T,PT_B1GQ,A,0.0
2020,LKA,TAX_REV,S13,T_4000,_T,PT_B1GQ,A,0.0
2021,LKA,TAX_REV,S13,T_4000,_T,PT_B1GQ,A,0.0
2022,LKA,TAX_REV,S13,T_4000,_T,PT_B1GQ,A,0.0
2023,LKA,TAX_REV,S13,T_4000,_T,PT_B1GQ,A,0.0
2012,TLS,TAX_REV,S13,T_4000,_T,PT_B1GQ,A,0.0
2013,TLS,TAX_REV,S13,T_4000,_T,PT_B1GQ,A,0.0
2014,TLS,TAX_REV,S13,T_4000,_T,PT_B1GQ,A,0.0
2015,TLS,TAX_REV,S13,T_4000,_T,PT_B1GQ,A,0.0
2016,TLS,TAX_REV,S13,T_4000,_T,PT_B1GQ,A,0.0
2017,TLS,TAX_REV,S13,T_4000,_T,PT_B1GQ,A,0.0
2018,TLS,TAX_REV,S13,T_4000,_T,PT_B1GQ,A,0.0
2019,TLS,TAX_REV,S13,T_4000,_T,PT_B1GQ,A,0.0
2020,TLS,TAX_REV,S13,T_4000,_T,PT_B1GQ,A,0.0
2021,TLS,TAX_REV,S13,T_4000,_T,PT_B1GQ,A,0.0
2022,TLS,TAX_REV,S13,T_4000,_T,PT_B1GQ,A,0.0
2023,TLS,TAX_REV,S13,T_4000,_T,PT_B1GQ,A,0.0
2006,TKL,TAX_REV,S13,T_4000,_T,PT_B1GQ,A,0.0
2007,TKL,TAX_REV,S13,T_4000,_T,PT_B1GQ,A,0.0
2008,TKL,TAX_REV,S13,T_4000,_T,PT_B1GQ,A,0.0
2009,TKL,TAX_REV,S13,T_4000,_T,PT_B1GQ,A,0.0
2010,TKL,TAX_REV,S13,T_4000,_T,PT_B1GQ,A,0.0
2011,TKL,TAX_REV,S13,T_4000,_T,PT_B1GQ,A,0.0
2012,TKL,TAX_REV,S13,T_4000,_T,PT_B1GQ,A,0.0
2013,TKL,TAX_REV,S13,T_4000,_T,PT_B1GQ,A,0.0
2014,TKL,TAX_REV,S13,T_4000,_T,PT_B1GQ,A,0.0
2015,TKL,TAX_REV,S13,T_4000,_T,PT_B1GQ,A,0.0
2016,TKL,TAX_REV,S13,T_4000,_T,PT_B1GQ,A,0.0
2017,TKL,TAX_REV,S13,T_4000,_T,PT_B1GQ,A,0.0
2018,TKL,TAX_REV,S13,T_4000,_T,PT_B1GQ,A,0.0
2019,TKL,TAX_REV,S13,T_4000,_T,PT_B1GQ,A,0.0
2020,TKL,TAX_REV,S13,T_4000,_T,PT_B1GQ,A,0.0
2021,TKL,TAX_REV,S13,T_4000,_T,PT_B1GQ,A,0.0
2022,TKL,TAX_REV,S13,T_4000,_T,PT_B1GQ,A,0.0
2023,TKL,TAX_REV,S13,T_4000,_T,PT_B1GQ,A,0.0
1990,CPV,TAX_REV,S13,T_2000,_T,PT_B1GQ,A,0.0
1991,CPV,TAX_REV,S13,T_2000,_T,PT_B1GQ,A,0.0
1992,CPV,TAX_REV,S13,T_2000,_T,PT_B1GQ,A,0.0
1993,CPV,TAX_REV,S13,T_2000,_T,PT_B1GQ,A,0.0
1994,CPV,TAX_REV,S13,T_2000,_T,PT_B1GQ,A,0.0
1995,CPV,TAX_REV,S13,T_2000,_T,PT_B1GQ,A,0.0
1996,CPV,TAX_REV,S13,T_2000,_T,PT_B1GQ,A,0.0
1997,CPV,TAX_REV,S13,T_2000,_T,PT_B1GQ,A,0.0
1998,CPV,TAX_REV,S13,T_2000,_T,PT_B1GQ,A,0.0
1999,CPV,TAX_REV,S13,T_2000,_T,PT_B1GQ,A,0.0
2006,COK,TAX_REV,S13,T_2000,_T,PT_B1GQ,A,0.0
2007,COK,TAX_REV,S13,T_2000,_T,PT_B1GQ,A,0.0
2008,COK,TAX_REV,S13,T_2000,_T,PT_B1GQ,A,0.0
2009,COK,TAX_REV,S13,T_2000,_T,PT_B1GQ,A,0.0
2010,COK,TAX_REV,S13,T_2000,_T,PT_B1GQ,A,0.0
2011,COK,TAX_REV,S13,T_2000,_T,PT_B1GQ,A,0.0
2012,COK,TAX_REV,S13,T_2000,_T,PT_B1GQ,A,0.0
2013,COK,TAX_REV,S13,T_2000,_T,PT_B1GQ,A,0.0
2014,COK,TAX_REV,S13,T_2000,_T,PT_B1GQ,A,0.0
2015,COK,TAX_REV,S13,T_2000,_T,PT_B1GQ,A,0.0
2016,COK,TAX_REV,S13,T_2000,_T,PT_B1GQ,A,0.0
2017,COK,TAX_REV,S13,T_2000,_T,PT_B1GQ,A,0.0
2018,COK,TAX_REV,S13,T_2000,_T,PT_B1GQ,A,0.0
2019,COK,TAX_REV,S13,T_2000,_T,PT_B1GQ,A,0.0
2020,COK,TAX_REV,S13,T_2000,_T,PT_B1GQ,A,0.0
2021,COK,TAX_REV,S13,T_2000,_T,PT_B1GQ,A,0.0
2022,COK,TAX_REV,S13,T_2000,_T,PT_B1GQ,A,0.0
2023,COK,TAX_REV,S13,T_2000,_T,PT_B1GQ,A,0.0
2002,EGY,TAX_REV,S13,T_2000,_T,PT_B1GQ,A,0.0
2006,NAM,TAX_REV,S13,T_2000,_T,PT_B1GQ,A,0.0
2007,NAM,TAX_REV,S13,T_2000,_T,PT_B1GQ,A,0.0
2008,NAM,TAX_REV,S13,T_2000,_T,PT_B1GQ,A,0.0
2014,NRU,TAX_REV,S13,T_2000,_T,PT_B1GQ,A,0.0
2015,NRU,TAX_REV,S13,T_2000,_T,PT_B1GQ,A,0.0
2016,NRU,TAX_REV,S13,T_2000,_T,PT_B1GQ,A,0.0
2017,NRU,TAX_REV,S13,T_2000,_T,PT_B1GQ,A,0.0
2018,NRU,TAX_REV,S13,T_2000,_T,PT_B1GQ,A,0.0
2019,NRU,TAX_REV,S13,T_2000,_T,PT_B1GQ,A,0.0
2020,NRU,TAX_REV,S13,T_2000,_T,PT_B1GQ,A,0.0
2021,NRU,TAX_REV,S13,T_2000,_T,PT_B1GQ,A,0.0
2022,NRU,TAX_REV,S13,T_2000,_T,PT_B1GQ,A,0.0
2023,NRU,TAX_REV,S13,T_2000,_T,PT_B1GQ,A,0.0
2010,NIU,TAX_REV,S13,T_2000,_T,PT_B1GQ,A,0.0
2011,NIU,TAX_REV,S13,T_2000,_T,PT_B1GQ,A,0.0
2012,NIU,TAX_REV,S13,T_2000,_T,PT_B1GQ,A,0.0
2013,NIU,TAX_REV,S13,T_2000,_T,PT_B1GQ,A,0.0
2014,NIU,TAX_REV,S13,T_2000,_T,PT_B1GQ,A,0.0
2015,NIU,TAX_REV,S13,T_2000,_T,PT_B1GQ,A,0.0
2016,NIU,TAX_REV,S13,T_2000,_T,PT_B1GQ,A,0.0
2017,NIU,TAX_REV,S13,T_2000,_T,PT_B1GQ,A,0.0
2018,NIU,TAX_REV,S13,T_2000,_T,PT_B1GQ,A,0.0
2019,NIU,TAX_REV,S13,T_2000,_T,PT_B1GQ,A,0.0
2020,NIU,TAX_REV,S13,T_2000,_T,PT_B1GQ,A,0.0
2021,NIU,TAX_REV,S13,T_2000,_T,PT_B1GQ,A,0.0
2022,NIU,TAX_REV,S13,T_2000,_T,PT_B1GQ,A,0.0
2023,NIU,TAX_REV,S13,T_2000,_T,PT_B1GQ,A,0.0
2011,PAK,TAX_REV,S13,T_2000,_T,PT_B1GQ,A,0.0
2012,PAK,TAX_REV,S13,T_2000,_T,PT_B1GQ,A,0.0
2013,PAK,TAX_REV,S13,T_2000,_T,PT_B1GQ,A,0.0
2014,PAK,TAX_REV,S13,T_2000,_T,PT_B1GQ,A,0.0
2015,PAK,TAX_REV,S13,T_2000,_T,PT_B1GQ,A,0.0
2016,PAK,TAX_REV,S13,T_2000,_T,PT_B1GQ,A,0.0
2017,PAK,TAX_REV,S13,T_2000,_T,PT_B1GQ,A,0.0
2018,PAK,TAX_REV,S13,T_2000,_T,PT_B1GQ,A,0.0
2019,PAK,TAX_REV,S13,T_2000,_T,PT_B1GQ,A,0.0
2020,PAK,TAX_REV,S13,T_2000,_T,PT_B1GQ,A,0.0
2021,PAK,TAX_REV,S13,T_2000,_T,PT_B1GQ,A,0.0
2022,PAK,TAX_REV,S13,T_2000,_T,PT_B1GQ,A,0.0
2023,PAK,TAX_REV,S13,T_2000,_T,PT_B1GQ,A,0.0
2000,PNG,TAX_REV,S13,T_2000,_T,PT_B1GQ,A,0.0
2001,PNG,TAX_REV,S13,T_2000,_T,PT_B1GQ,A,0.0
2002,PNG,TAX_REV,S13,T_2000,_T,PT_B1GQ,A,0.0
2003,PNG,TAX_REV,S13,T_2000,_T,PT_B1GQ,A,0.0
2004,PNG,TAX_REV,S13,T_2000,_T,PT_B1GQ,A,0.0
2005,PNG,TAX_REV,S13,T_2000,_T,PT_B1GQ,A,0.0
2006,PNG,TAX_REV,S13,T_2000,_T,PT_B1GQ,A,0.0
2007,PNG,TAX_REV,S13,T_2000,_T,PT_B1GQ,A,0.0
2008,PNG,TAX_REV,S13,T_2000,_T,PT_B1GQ,A,0.0
2009,PNG,TAX_REV,S13,T_2000,_T,PT_B1GQ,A,0.0
2010,PNG,TAX_REV,S13,T_2000,_T,PT_B1GQ,A,0.0
2011,PNG,TAX_REV,S13,T_2000,_T,PT_B1GQ,A,0.0
2012,PNG,TAX_REV,S13,T_2000,_T,PT_B1GQ,A,0.0
2013,PNG,TAX_REV,S13,T_2000,_T,PT_B1GQ,A,0.0
2014,PNG,TAX_REV,S13,T_2000,_T,PT_B1GQ,A,0.0
2015,PNG,TAX_REV,S13,T_2000,_T,PT_B1GQ,A,0.0
2016,PNG,TAX_REV,S13,T_2000,_T,PT_B1GQ,A,0.0
2017,PNG,TAX_REV,S13,T_2000,_T,PT_B1GQ,A,0.0
2018,PNG,TAX_REV,S13,T_2000,_T,PT_B1GQ,A,0.0
2019,PNG,TAX_REV,S13,T_2000,_T,PT_B1GQ,A,0.0
2020,PNG,TAX_REV,S13,T_2000,_T,PT_B1GQ,A,0.0
2021,PNG,TAX_REV,S13,T_2000,_T,PT_B1GQ,A,0.0
2022,PNG,TAX_REV,S13,T_2000,_T,PT_B1GQ,A,0.0
2023,PNG,TAX_REV,S13,T_2000,_T,PT_B1GQ,A,0.0
2005,WSM,TAX_REV,S13,T_2000,_T,PT_B1GQ,A,0.0
2006,WSM,TAX_REV,S13,T_2000,_T,PT_B1GQ,A,0.0
2007,WSM,TAX_REV,S13,T_2000,_T,PT_B1GQ,A,0.0
2008,WSM,TAX_REV,S13,T_2000,_T,PT_B1GQ,A,0.0
2009,WSM,TAX_REV,S13,T_2000,_T,PT_B1GQ,A,0.0
2010,WSM,TAX_REV,S13,T_2000,_T,PT_B1GQ,A,0.0
2011,WSM,TAX_REV,S13,T_2000,_T,PT_B1GQ,A,0.0
2012,WSM,TAX_REV,S13,T_2000,_T,PT_B1GQ,A,0.0
2013,WSM,TAX_REV,S13,T_2000,_T,PT_B1GQ,A,0.0
2014,WSM,TAX_REV,S13,T_2000,_T,PT_B1GQ,A,0.0
2015,WSM,TAX_REV,S13,T_2000,_T,PT_B1GQ,A,0.0
2016,WSM,TAX_REV,S13,T_2000,_T,PT_B1GQ,A,0.0
2017,WSM,TAX_REV,S13,T_2000,_T,PT_B1GQ,A,0.0
2018,WSM,TAX_REV,S13,T_2000,_T,PT_B1GQ,A,0.0
2019,WSM,TAX_REV,S13,T_2000,_T,PT_B1GQ,A,0.0
2020,WSM,TAX_REV,S13,T_2000,_T,PT_B1GQ,A,0.0
2021,WSM,TAX_REV,S13,T_2000,_T,PT_B1GQ,A,0.0
2022,WSM,TAX_REV,S13,T_2000,_T,PT_B1GQ,A,0.0
2023,WSM,TAX_REV,S13,T_2000,_T,PT_B1GQ,A,0.0
2000,SGP,TAX_REV,S13,T_2000,_T,PT_B1GQ,A,0.0
2001,SGP,TAX_REV,S13,T_2000,_T,PT_B1GQ,A,0.0
2002,SGP,TAX_REV,S13,T_2000,_T,PT_B1GQ,A,0.0
2003,SGP,TAX_REV,S13,T_2000,_T,PT_B1GQ,A,0.0
2004,SGP,TAX_REV,S13,T_2000,_T,PT_B1GQ,A,0.0
2005,SGP,TAX_REV,S13,T_2000,_T,PT_B1GQ,A,0.0
2006,SGP,TAX_REV,S13,T_2000,_T,PT_B1GQ,A,0.0
2007,SGP,TAX_REV,S13,T_2000,_T,PT_B1GQ,A,0.0
2008,SGP,TAX_REV,S13,T_2000,_T,PT_B1GQ,A,0.0
2009,SGP,TAX_REV,S13,T_2000,_T,PT_B1GQ,A,0.0
2010,SGP,TAX_REV,S13,T_2000,_T,PT_B1GQ,A,0.0
2011,SGP,TAX_REV,S13,T_2000,_T,PT_B1GQ,A,0.0
2012,SGP,TAX_REV,S13,T_2000,_T,PT_B1GQ,A,0.0
2013,SGP,TAX_REV,S13,T_2000,_T,PT_B1GQ,A,0.0
2014,SGP,TAX_REV,S13,T_2000,_T,PT_B1GQ,A,0.0
2015,SGP,TAX_REV,S13,T_2000,_T,PT_B1GQ,A,0.0
2016,SGP,TAX_REV,S13,T_2000,_T,PT_B1GQ,A,0.0
2017,SGP,TAX_REV,S13,T_2000,_T,PT_B1GQ,A,0.0
2018,SGP,TAX_REV,S13,T_2000,_T,PT_B1GQ,A,0.0
2019,SGP,TAX_REV,S13,T_2000,_T,PT_B1GQ,A,0.0
2020,SGP,TAX_REV,S13,T_2000,_T,PT_B1GQ,A,0.0
2021,SGP,TAX_REV,S13,T_2000,_T,PT_B1GQ,A,0.0
2022,SGP,TAX_REV,S13,T_2000,_T,PT_B1GQ,A,0.0
2023,SGP,TAX_REV,S13,T_2000,_T,PT_B1GQ,A,0.0
2007,SLB,TAX_REV,S13,T_2000,_T,PT_B1GQ,A,0.0
2008,SLB,TAX_REV,S13,T_2000,_T,PT_B1GQ,A,0.0
2009,SLB,TAX_REV,S13,T_2000,_T,PT_B1GQ,A,0.0
2010,SLB,TAX_REV,S13,T_2000,_T,PT_B1GQ,A,0.0
2011,SLB,TAX_REV,S13,T_2000,_T,PT_B1GQ,A,0.0
2012,SLB,TAX_REV,S13,T_2000,_T,PT_B1GQ,A,0.0
2013,SLB,TAX_REV,S13,T_2000,_T,PT_B1GQ,A,0.0
2014,SLB,TAX_REV,S13,T_2000,_T,PT_B1GQ,A,0.0
2015,SLB,TAX_REV,S13,T_2000,_T,PT_B1GQ,A,0.0
2016,SLB,TAX_REV,S13,T_2000,_T,PT_B1GQ,A,0.0
2017,SLB,TAX_REV,S13,T_2000,_T,PT_B1GQ,A,0.0
2018,SLB,TAX_REV,S13,T_2000,_T,PT_B1GQ,A,0.0
2019,SLB,TAX_REV,S13,T_2000,_T,PT_B1GQ,A,0.0
2020,SLB,TAX_REV,S13,T_2000,_T,PT_B1GQ,A,0.0
2021,SLB,TAX_REV,S13,T_2000,_T,PT_B1GQ,A,0.0
2022,SLB,TAX_REV,S13,T_2000,_T,PT_B1GQ,A,0.0
2023,SLB,TAX_REV,S13,T_2000,_T,PT_B1GQ,A,0.0
2013,SOM,TAX_REV,S13,T_2000,_T,PT_B1GQ,A,0.0
2014,SOM,TAX_REV,S13,T_2000,_T,PT_B1GQ,A,0.0
2015,SOM,TAX_REV,S13,T_2000,_T,PT_B1GQ,A,0.0
2016,SOM,TAX_REV,S13,T_2000,_T,PT_B1GQ,A,0.0
2017,SOM,TAX_REV,S13,T_2000,_T,PT_B1GQ,A,0.0
2018,SOM,TAX_REV,S13,T_2000,_T,PT_B1GQ,A,0.0
2019,SOM,TAX_REV,S13,T_2000,_T,PT_B1GQ,A,0.0
2020,SOM,TAX_REV,S13,T_2000,_T,PT_B1GQ,A,0.0
2021,SOM,TAX_REV,S13,T_2000,_T,PT_B1GQ,A,0.0
2022,SOM,TAX_REV,S13,T_2000,_T,PT_B1GQ,A,0.0
1990,ZAF,TAX_REV,S13,T_2000,_T,PT_B1GQ,A,0.0
1991,ZAF,TAX_REV,S13,T_2000,_T,PT_B1GQ,A,0.0
1992,ZAF,TAX_REV,S13,T_2000,_T,PT_B1GQ,A,0.0
1993,ZAF,TAX_REV,S13,T_2000,_T,PT_B1GQ,A,0.0
1994,ZAF,TAX_REV,S13,T_2000,_T,PT_B1GQ,A,0.0
1995,ZAF,TAX_REV,S13,T_2000,_T,PT_B1GQ,A,0.0
1996,ZAF,TAX_REV,S13,T_2000,_T,PT_B1GQ,A,0.0
1997,ZAF,TAX_REV,S13,T_2000,_T,PT_B1GQ,A,0.0
1998,ZAF,TAX_REV,S13,T_2000,_T,PT_B1GQ,A,0.0
1999,ZAF,TAX_REV,S13,T_2000,_T,PT_B1GQ,A,0.0
2000,ZAF,TAX_REV,S13,T_2000,_T,PT_B1GQ,A,0.0
2012,TLS,TAX_REV,S13,T_2000,_T,PT_B1GQ,A,0.0
2013,TLS,TAX_REV,S13,T_2000,_T,PT_B1GQ,A,0.0
2014,TLS,TAX_REV,S13,T_2000,_T,PT_B1GQ,A,0.0
2015,TLS,TAX_REV,S13,T_2000,_T,PT_B1GQ,A,0.0
2016,TLS,TAX_REV,S13,T_2000,_T,PT_B1GQ,A,0.0
2017,TLS,TAX_REV,S13,T_2000,_T,PT_B1GQ,A,0.0
2018,TLS,TAX_REV,S13,T_2000,_T,PT_B1GQ,A,0.0
2019,TLS,TAX_REV,S13,T_2000,_T,PT_B1GQ,A,0.0
2020,TLS,TAX_REV,S13,T_2000,_T,PT_B1GQ,A,0.0
2021,TLS,TAX_REV,S13,T_2000,_T,PT_B1GQ,A,0.0
2022,TLS,TAX_REV,S13,T_2000,_T,PT_B1GQ,A,0.0
2023,TLS,TAX_REV,S13,T_2000,_T,PT_B1GQ,A,0.0
2006,TKL,TAX_REV,S13,T_2000,_T,PT_B1GQ,A,0.0
2007,TKL,TAX_REV,S13,T_2000,_T,PT_B1GQ,A,0.0
2008,TKL,TAX_REV,S13,T_2000,_T,PT_B1GQ,A,0.0
2009,TKL,TAX_REV,S13,T_2000,_T,PT_B1GQ,A,0.0
2010,TKL,TAX_REV,S13,T_2000,_T,PT_B1GQ,A,0.0
2011,TKL,TAX_REV,S13,T_2000,_T,PT_B1GQ,A,0.0
2012,TKL,TAX_REV,S13,T_2000,_T,PT_B1GQ,A,0.0
2013,TKL,TAX_REV,S13,T_2000,_T,PT_B1GQ,A,0.0
2014,TKL,TAX_REV,S13,T_2000,_T,PT_B1GQ,A,0.0
2015,TKL,TAX_REV,S13,T_2000,_T,PT_B1GQ,A,0.0
2016,TKL,TAX_REV,S13,T_2000,_T,PT_B1GQ,A,0.0
2017,TKL,TAX_REV,S13,T_2000,_T,PT_B1GQ,A,0.0
2018,TKL,TAX_REV,S13,T_2000,_T,PT_B1GQ,A,0.0
2019,TKL,TAX_REV,S13,T_2000,_T,PT_B1GQ,A,0.0
2020,TKL,TAX_REV,S13,T_2000,_T,PT_B1GQ,A,0.0
2021,TKL,TAX_REV,S13,T_2000,_T,PT_B1GQ,A,0.0
2022,TKL,TAX_REV,S13,T_2000,_T,PT_B1GQ,A,0.0
2023,TKL,TAX_REV,S13,T_2000,_T,PT_B1GQ,A,0.0
2013,RWA,TAX_REV,S13,T_4000,_T,PT_B1GQ,A,0.0
2014,RWA,TAX_REV,S13,T_4000,_T,PT_B1GQ,A,0.0
2013,BGR,TAX_REV,S13,T_2000,_T,PT_B1GQ,A,7.436
2014,BGR,TAX_REV,S13,T_2000,_T,PT_B1GQ,A,7.814
2015,BGR,TAX_REV,S13,T_2000,_T,PT_B1GQ,A,7.777
2016,BGR,TAX_REV,S13,T_2000,_T,PT_B1GQ,A,7.729
2017,BGR,TAX_REV,S13,T_2000,_T,PT_B1GQ,A,8.236
2018,BGR,TAX_REV,S13,T_2000,_T,PT_B1GQ,A,8.666
2019,BGR,TAX_REV,S13,T_2000,_T,PT_B1GQ,A,8.852
2020,BGR,TAX_REV,S13,T_2000,_T,PT_B1GQ,A,9.085
2021,BGR,TAX_REV,S13,T_2000,_T,PT_B1GQ,A,8.821
2022,BGR,TAX_REV,S13,T_2000,_T,PT_B1GQ,A,8.245
2023,BGR,TAX_REV,S13,T_2000,_T,PT_B1GQ,A,8.505
2000,BFA,TAX_REV,S13,T_2000,_T,PT_B1GQ,A,1.62
2001,BFA,TAX_REV,S13,T_2000,_T,PT_B1GQ,A,1.546
2002,BFA,TAX_REV,S13,T_2000,_T,PT_B1GQ,A,1.517
2003,BFA,TAX_REV,S13,T_2000,_T,PT_B1GQ,A,1.578
2004,BFA,TAX_REV,S13,T_2000,_T,PT_B1GQ,A,1.694
2005,BFA,TAX_REV,S13,T_2000,_T,PT_B1GQ,A,1.545
2006,BFA,TAX_REV,S13,T_2000,_T,PT_B1GQ,A,1.61
2007,BFA,TAX_REV,S13,T_2000,_T,PT_B1GQ,A,1.617
2008,BFA,TAX_REV,S13,T_2000,_T,PT_B1GQ,A,1.51
2009,BFA,TAX_REV,S13,T_2000,_T,PT_B1GQ,A,1.577
2010,BFA,TAX_REV,S13,T_2000,_T,PT_B1GQ,A,1.531
2011,BFA,TAX_REV,S13,T_2000,_T,PT_B1GQ,A,1.459
2012,BFA,TAX_REV,S13,T_2000,_T,PT_B1GQ,A,1.431
2013,BFA,TAX_REV,S13,T_2000,_T,PT_B1GQ,A,1.56
2014,BFA,TAX_REV,S13,T_2000,_T,PT_B1GQ,A,1.536
2015,BFA,TAX_REV,S13,T_2000,_T,PT_B1GQ,A,1.716
2016,BFA,TAX_REV,S13,T_2000,_T,PT_B1GQ,A,1.758
2017,BFA,TAX_REV,S13,T_2000,_T,PT_B1GQ,A,1.779
2018,BFA,TAX_REV,S13,T_2000,_T,PT_B1GQ,A,1.858
2019,BFA,TAX_REV,S13,T_2000,_T,PT_B1GQ,A,1.889
2020,BFA,TAX_REV,S13,T_2000,_T,PT_B1GQ,A,1.549
2021,BFA,TAX_REV,S13,T_2000,_T,PT_B1GQ,A,1.687
2022,BFA,TAX_REV,S13,T_2000,_T,PT_B1GQ,A,1.684
2000,CPV,TAX_REV,S13,T_2000,_T,PT_B1GQ,A,0.807
2001,CPV,TAX_REV,S13,T_2000,_T,PT_B1GQ,A,0.474
2002,CPV,TAX_REV,S13,T_2000,_T,PT_B1GQ,A,0.404
2003,CPV,TAX_REV,S13,T_2000,_T,PT_B1GQ,A,0.555
2004,CPV,TAX_REV,S13,T_2000,_T,PT_B1GQ,A,0.566
2005,CPV,TAX_REV,S13,T_2000,_T,PT_B1GQ,A,0.577
2006,CPV,TAX_REV,S13,T_2000,_T,PT_B1GQ,A,0.522
2007,CPV,TAX_REV,S13,T_2000,_T,PT_B1GQ,A,0.087
2008,CPV,TAX_REV,S13,T_2000,_T,PT_B1GQ,A,0.046
2009,CPV,TAX_REV,S13,T_2000,_T,PT_B1GQ,A,0.035
2010,CPV,TAX_REV,S13,T_2000,_T,PT_B1GQ,A,0.028
2011,CPV,TAX_REV,S13,T_2000,_T,PT_B1GQ,A,0.023
2012,CPV,TAX_REV,S13,T_2000,_T,PT_B1GQ,A,0.025
2013,CPV,TAX_REV,S13,T_2000,_T,PT_B1GQ,A,0.026
2014,CPV,TAX_REV,S13,T_2000,_T,PT_B1GQ,A,0.033
2015,CPV,TAX_REV,S13,T_2000,_T,PT_B1GQ,A,0.026
2016,CPV,TAX_REV,S13,T_2000,_T,PT_B1GQ,A,0.03
2017,CPV,TAX_REV,S13,T_2000,_T,PT_B1GQ,A,0.031
2018,CPV,TAX_REV,S13,T_2000,_T,PT_B1GQ,A,0.037
2019,CPV,TAX_REV,S13,T_2000,_T,PT_B1GQ,A,0.034
2020,CPV,TAX_REV,S13,T_2000,_T,PT_B1GQ,A,0.044
2021,CPV,TAX_REV,S13,T_2000,_T,PT_B1GQ,A,0.042
2022,CPV,TAX_REV,S13,T_2000,_T,PT_B1GQ,A,0.035
1993,CMR,TAX_REV,S13,T_2000,_T,PT_B1GQ,A,0.934
1994,CMR,TAX_REV,S13,T_2000,_T,PT_B1GQ,A,0.838
1995,CMR,TAX_REV,S13,T_2000,_T,PT_B1GQ,A,0.769
1996,CMR,TAX_REV,S13,T_2000,_T,PT_B1GQ,A,0.771
1997,CMR,TAX_REV,S13,T_2000,_T,PT_B1GQ,A,0.742
1998,CMR,TAX_REV,S13,T_2000,_T,PT_B1GQ,A,0.736
1999,CMR,TAX_REV,S13,T_2000,_T,PT_B1GQ,A,0.777
2000,CMR,TAX_REV,S13,T_2000,_T,PT_B1GQ,A,0.873
2001,CMR,TAX_REV,S13,T_2000,_T,PT_B1GQ,A,0.926
2002,CMR,TAX_REV,S13,T_2000,_T,PT_B1GQ,A,0.919
2003,CMR,TAX_REV,S13,T_2000,_T,PT_B1GQ,A,0.895
2004,CMR,TAX_REV,S13,T_2000,_T,PT_B1GQ,A,0.878
2005,CMR,TAX_REV,S13,T_2000,_T,PT_B1GQ,A,0.816
2006,CMR,TAX_REV,S13,T_2000,_T,PT_B1GQ,A,0.767
2007,CMR,TAX_REV,S13,T_2000,_T,PT_B1GQ,A,0.783
2008,CMR,TAX_REV,S13,T_2000,_T,PT_B1GQ,A,0.808
2009,CMR,TAX_REV,S13,T_2000,_T,PT_B1GQ,A,0.831
2010,CMR,TAX_REV,S13,T_2000,_T,PT_B1GQ,A,0.997
2011,CMR,TAX_REV,S13,T_2000,_T,PT_B1GQ,A,0.996
2012,CMR,TAX_REV,S13,T_2000,_T,PT_B1GQ,A,0.958
2013,CMR,TAX_REV,S13,T_2000,_T,PT_B1GQ,A,0.961
2014,CMR,TAX_REV,S13,T_2000,_T,PT_B1GQ,A,0.856
2015,CMR,TAX_REV,S13,T_2000,_T,PT_B1GQ,A,0.845
2016,CMR,TAX_REV,S13,T_2000,_T,PT_B1GQ,A,1.003
2017,CMR,TAX_REV,S13,T_2000,_T,PT_B1GQ,A,1.02
2018,CMR,TAX_REV,S13,T_2000,_T,PT_B1GQ,A,1.021
2019,CMR,TAX_REV,S13,T_2000,_T,PT_B1GQ,A,1.015
2020,CMR,TAX_REV,S13,T_2000,_T,PT_B1GQ,A,1.038
2021,CMR,TAX_REV,S13,T_2000,_T,PT_B1GQ,A,1.02
2022,CMR,TAX_REV,S13,T_2000,_T,PT_B1GQ,A,0.959
2019,CHN,TAX_REV,S13,T_2000,_T,PT_B1GQ,A,5.964
2020,CHN,TAX_REV,S13,T_2000,_T,PT_B1GQ,A,4.757
2021,CHN,TAX_REV,S13,T_2000,_T,PT_B1GQ,A,5.887
2022,CHN,TAX_REV,S13,T_2000,_T,PT_B1GQ,A,6.076
2023,CHN,TAX_REV,S13,T_2000,_T,PT_B1GQ,A,6.443
2018,COG,TAX_REV,S13,T_2000,_T,PT_B1GQ,A,0.604
2019,COG,TAX_REV,S13,T_2000,_T,PT_B1GQ,A,0.67
2020,COG,TAX_REV,S13,T_2000,_T,PT_B1GQ,A,0.832
2021,COG,TAX_REV,S13,T_2000,_T,PT_B1GQ,A,0.712
2022,COG,TAX_REV,S13,T_2000,_T,PT_B1GQ,A,0.617
1990,CIV,TAX_REV,S13,T_2000,_T,PT_B1GQ,A,1.063
1991,CIV,TAX_REV,S13,T_2000,_T,PT_B1GQ,A,0.936
1992,CIV,TAX_REV,S13,T_2000,_T,PT_B1GQ,A,0.926
1993,CIV,TAX_REV,S13,T_2000,_T,PT_B1GQ,A,0.87
1994,CIV,TAX_REV,S13,T_2000,_T,PT_B1GQ,A,0.668
1995,CIV,TAX_REV,S13,T_2000,_T,PT_B1GQ,A,0.688
1996,CIV,TAX_REV,S13,T_2000,_T,PT_B1GQ,A,0.866
1997,CIV,TAX_REV,S13,T_2000,_T,PT_B1GQ,A,0.878
1998,CIV,TAX_REV,S13,T_2000,_T,PT_B1GQ,A,0.77
1999,CIV,TAX_REV,S13,T_2000,_T,PT_B1GQ,A,0.795
2000,CIV,TAX_REV,S13,T_2000,_T,PT_B1GQ,A,0.974
2001,CIV,TAX_REV,S13,T_2000,_T,PT_B1GQ,A,1.007
2002,CIV,TAX_REV,S13,T_2000,_T,PT_B1GQ,A,0.951
2003,CIV,TAX_REV,S13,T_2000,_T,PT_B1GQ,A,0.887
2004,CIV,TAX_REV,S13,T_2000,_T,PT_B1GQ,A,0.941
2005,CIV,TAX_REV,S13,T_2000,_T,PT_B1GQ,A,0.938
2006,CIV,TAX_REV,S13,T_2000,_T,PT_B1GQ,A,0.949
2007,CIV,TAX_REV,S13,T_2000,_T,PT_B1GQ,A,0.962
2008,CIV,TAX_REV,S13,T_2000,_T,PT_B1GQ,A,0.943
2009,CIV,TAX_REV,S13,T_2000,_T,PT_B1GQ,A,0.954
2010,CIV,TAX_REV,S13,T_2000,_T,PT_B1GQ,A,0.955
2011,CIV,TAX_REV,S13,T_2000,_T,PT_B1GQ,A,0.783
2012,CIV,TAX_REV,S13,T_2000,_T,PT_B1GQ,A,1.248
2013,CIV,TAX_REV,S13,T_2000,_T,PT_B1GQ,A,1.439
2014,CIV,TAX_REV,S13,T_2000,_T,PT_B1GQ,A,1.411
2015,CIV,TAX_REV,S13,T_2000,_T,PT_B1GQ,A,1.416
2016,CIV,TAX_REV,S13,T_2000,_T,PT_B1GQ,A,1.545
2017,CIV,TAX_REV,S13,T_2000,_T,PT_B1GQ,A,1.495
2018,CIV,TAX_REV,S13,T_2000,_T,PT_B1GQ,A,1.474
2019,CIV,TAX_REV,S13,T_2000,_T,PT_B1GQ,A,1.44
2020,CIV,TAX_REV,S13,T_2000,_T,PT_B1GQ,A,1.516
2021,CIV,TAX_REV,S13,T_2000,_T,PT_B1GQ,A,1.529
2022,CIV,TAX_REV,S13,T_2000,_T,PT_B1GQ,A,1.439
1995,HRV,TAX_REV,S13,T_2000,_T,PT_B1GQ,A,15.368
1996,HRV,TAX_REV,S13,T_2000,_T,PT_B1GQ,A,15.565
1997,HRV,TAX_REV,S13,T_2000,_T,PT_B1GQ,A,15.126
1998,HRV,TAX_REV,S13,T_2000,_T,PT_B1GQ,A,13.997
1999,HRV,TAX_REV,S13,T_2000,_T,PT_B1GQ,A,13.856
2000,HRV,TAX_REV,S13,T_2000,_T,PT_B1GQ,A,13.264
2001,HRV,TAX_REV,S13,T_2000,_T,PT_B1GQ,A,12.762
2002,HRV,TAX_REV,S13,T_2000,_T,PT_B1GQ,A,11.82
2003,HRV,TAX_REV,S13,T_2000,_T,PT_B1GQ,A,11.682
2004,HRV,TAX_REV,S13,T_2000,_T,PT_B1GQ,A,11.632
2005,HRV,TAX_REV,S13,T_2000,_T,PT_B1GQ,A,11.532
2006,HRV,TAX_REV,S13,T_2000,_T,PT_B1GQ,A,11.465
2007,HRV,TAX_REV,S13,T_2000,_T,PT_B1GQ,A,11.693
2008,HRV,TAX_REV,S13,T_2000,_T,PT_B1GQ,A,11.72
2009,HRV,TAX_REV,S13,T_2000,_T,PT_B1GQ,A,11.919
2010,HRV,TAX_REV,S13,T_2000,_T,PT_B1GQ,A,11.722
2011,HRV,TAX_REV,S13,T_2000,_T,PT_B1GQ,A,11.626
2012,HRV,TAX_REV,S13,T_2000,_T,PT_B1GQ,A,11.382
2013,HRV,TAX_REV,S13,T_2000,_T,PT_B1GQ,A,11.134
2014,HRV,TAX_REV,S13,T_2000,_T,PT_B1GQ,A,11.622
2015,HRV,TAX_REV,S13,T_2000,_T,PT_B1GQ,A,11.4
2016,HRV,TAX_REV,S13,T_2000,_T,PT_B1GQ,A,11.243
2017,HRV,TAX_REV,S13,T_2000,_T,PT_B1GQ,A,11.223
2018,HRV,TAX_REV,S13,T_2000,_T,PT_B1GQ,A,11.201
2019,HRV,TAX_REV,S13,T_2000,_T,PT_B1GQ,A,11.078
2020,HRV,TAX_REV,S13,T_2000,_T,PT_B1GQ,A,11.318
2021,HRV,TAX_REV,S13,T_2000,_T,PT_B1GQ,A,10.914
2022,HRV,TAX_REV,S13,T_2000,_T,PT_B1GQ,A,10.672
1990,CUB,TAX_REV,S13,T_2000,_T,PT_B1GQ,A,3.517
1991,CUB,TAX_REV,S13,T_2000,_T,PT_B1GQ,A,4.099
1992,CUB,TAX_REV,S13,T_2000,_T,PT_B1GQ,A,4.515
1993,CUB,TAX_REV,S13,T_2000,_T,PT_B1GQ,A,6.128
1994,CUB,TAX_REV,S13,T_2000,_T,PT_B1GQ,A,4.589
1995,CUB,TAX_REV,S13,T_2000,_T,PT_B1GQ,A,4.131
1996,CUB,TAX_REV,S13,T_2000,_T,PT_B1GQ,A,3.834
1997,CUB,TAX_REV,S13,T_2000,_T,PT_B1GQ,A,4.22
1998,CUB,TAX_REV,S13,T_2000,_T,PT_B1GQ,A,3.983
1999,CUB,TAX_REV,S13,T_2000,_T,PT_B1GQ,A,3.932
2000,CUB,TAX_REV,S13,T_2000,_T,PT_B1GQ,A,3.865
2001,CUB,TAX_REV,S13,T_2000,_T,PT_B1GQ,A,3.938
2002,CUB,TAX_REV,S13,T_2000,_T,PT_B1GQ,A,3.978
2003,CUB,TAX_REV,S13,T_2000,_T,PT_B1GQ,A,3.966
2004,CUB,TAX_REV,S13,T_2000,_T,PT_B1GQ,A,4.099
2005,CUB,TAX_REV,S13,T_2000,_T,PT_B1GQ,A,4.169
2006,CUB,TAX_REV,S13,T_2000,_T,PT_B1GQ,A,4.187
2007,CUB,TAX_REV,S13,T_2000,_T,PT_B1GQ,A,4.115
2008,CUB,TAX_REV,S13,T_2000,_T,PT_B1GQ,A,4.243
2009,CUB,TAX_REV,S13,T_2000,_T,PT_B1GQ,A,4.468
2010,CUB,TAX_REV,S13,T_2000,_T,PT_B1GQ,A,4.623
2011,CUB,TAX_REV,S13,T_2000,_T,PT_B1GQ,A,4.342
2012,CUB,TAX_REV,S13,T_2000,_T,PT_B1GQ,A,4.16
2013,CUB,TAX_REV,S13,T_2000,_T,PT_B1GQ,A,4.048
2014,CUB,TAX_REV,S13,T_2000,_T,PT_B1GQ,A,4.49
2015,CUB,TAX_REV,S13,T_2000,_T,PT_B1GQ,A,4.96
2016,CUB,TAX_REV,S13,T_2000,_T,PT_B1GQ,A,5.155
2017,CUB,TAX_REV,S13,T_2000,_T,PT_B1GQ,A,5.275
2018,CUB,TAX_REV,S13,T_2000,_T,PT_B1GQ,A,5.203
2019,CUB,TAX_REV,S13,T_2000,_T,PT_B1GQ,A,5.537
2020,CUB,TAX_REV,S13,T_2000,_T,PT_B1GQ,A,5.992
2021,CUB,TAX_REV,S13,T_2000,_T,PT_B1GQ,A,4.43
2022,CUB,TAX_REV,S13,T_2000,_T,PT_B1GQ,A,2.642
2023,CUB,TAX_REV,S13,T_2000,_T,PT_B1GQ,A,3.379
2012,COD,TAX_REV,S13,T_2000,_T,PT_B1GQ,A,0.467
2013,COD,TAX_REV,S13,T_2000,_T,PT_B1GQ,A,0.529
2014,COD,TAX_REV,S13,T_2000,_T,PT_B1GQ,A,0.562
2015,COD,TAX_REV,S13,T_2000,_T,PT_B1GQ,A,0.543
2016,COD,TAX_REV,S13,T_2000,_T,PT_B1GQ,A,0.493
2017,COD,TAX_REV,S13,T_2000,_T,PT_B1GQ,A,0.499
2018,COD,TAX_REV,S13,T_2000,_T,PT_B1GQ,A,0.477
2019,COD,TAX_REV,S13,T_2000,_T,PT_B1GQ,A,0.78
2020,COD,TAX_REV,S13,T_2000,_T,PT_B1GQ,A,0.831
2021,COD,TAX_REV,S13,T_2000,_T,PT_B1GQ,A,0.77
2022,COD,TAX_REV,S13,T_2000,_T,PT_B1GQ,A,0.835
1990,DOM,TAX_REV,S13,T_2000,_T,PT_B1GQ,A,0.069
1991,DOM,TAX_REV,S13,T_2000,_T,PT_B1GQ,A,0.052
1992,DOM,TAX_REV,S13,T_2000,_T,PT_B1GQ,A,0.055
1993,DOM,TAX_REV,S13,T_2000,_T,PT_B1GQ,A,0.059
1994,DOM,TAX_REV,S13,T_2000,_T,PT_B1GQ,A,0.065
1995,DOM,TAX_REV,S13,T_2000,_T,PT_B1GQ,A,0.075
1996,DOM,TAX_REV,S13,T_2000,_T,PT_B1GQ,A,0.069
1997,DOM,TAX_REV,S13,T_2000,_T,PT_B1GQ,A,0.107
1998,DOM,TAX_REV,S13,T_2000,_T,PT_B1GQ,A,0.112
1999,DOM,TAX_REV,S13,T_2000,_T,PT_B1GQ,A,0.121
2000,DOM,TAX_REV,S13,T_2000,_T,PT_B1GQ,A,0.125
2001,DOM,TAX_REV,S13,T_2000,_T,PT_B1GQ,A,0.135
2002,DOM,TAX_REV,S13,T_2000,_T,PT_B1GQ,A,0.135
2003,DOM,TAX_REV,S13,T_2000,_T,PT_B1GQ,A,0.066
2004,DOM,TAX_REV,S13,T_2000,_T,PT_B1GQ,A,0.01
2005,DOM,TAX_REV,S13,T_2000,_T,PT_B1GQ,A,0.003
2006,DOM,TAX_REV,S13,T_2000,_T,PT_B1GQ,A,0.097
2007,DOM,TAX_REV,S13,T_2000,_T,PT_B1GQ,A,0.059
2008,DOM,TAX_REV,S13,T_2000,_T,PT_B1GQ,A,0.052
2009,DOM,TAX_REV,S13,T_2000,_T,PT_B1GQ,A,0.058
2010,DOM,TAX_REV,S13,T_2000,_T,PT_B1GQ,A,0.093
2011,DOM,TAX_REV,S13,T_2000,_T,PT_B1GQ,A,0.06
2012,DOM,TAX_REV,S13,T_2000,_T,PT_B1GQ,A,0.052
2013,DOM,TAX_REV,S13,T_2000,_T,PT_B1GQ,A,0.059
2014,DOM,TAX_REV,S13,T_2000,_T,PT_B1GQ,A,0.052
2015,DOM,TAX_REV,S13,T_2000,_T,PT_B1GQ,A,0.046
2016,DOM,TAX_REV,S13,T_2000,_T,PT_B1GQ,A,0.044
2017,DOM,TAX_REV,S13,T_2000,_T,PT_B1GQ,A,0.069
2018,DOM,TAX_REV,S13,T_2000,_T,PT_B1GQ,A,0.059
2019,DOM,TAX_REV,S13,T_2000,_T,PT_B1GQ,A,0.056
2020,DOM,TAX_REV,S13,T_2000,_T,PT_B1GQ,A,0.06
2021,DOM,TAX_REV,S13,T_2000,_T,PT_B1GQ,A,0.063
2022,DOM,TAX_REV,S13,T_2000,_T,PT_B1GQ,A,0.079
2023,DOM,TAX_REV,S13,T_2000,_T,PT_B1GQ,A,0.062
1990,ECU,TAX_REV,S13,T_2000,_T,PT_B1GQ,A,1.592
1991,ECU,TAX_REV,S13,T_2000,_T,PT_B1GQ,A,1.869
1992,ECU,TAX_REV,S13,T_2000,_T,PT_B1GQ,A,1.951
1993,ECU,TAX_REV,S13,T_2000,_T,PT_B1GQ,A,1.952
1994,ECU,TAX_REV,S13,T_2000,_T,PT_B1GQ,A,1.983
1995,ECU,TAX_REV,S13,T_2000,_T,PT_B1GQ,A,2.071
1996,ECU,TAX_REV,S13,T_2000,_T,PT_B1GQ,A,1.784
1997,ECU,TAX_REV,S13,T_2000,_T,PT_B1GQ,A,1.617
1998,ECU,TAX_REV,S13,T_2000,_T,PT_B1GQ,A,1.613
1999,ECU,TAX_REV,S13,T_2000,_T,PT_B1GQ,A,1.169
2000,ECU,TAX_REV,S13,T_2000,_T,PT_B1GQ,A,1.244
2001,ECU,TAX_REV,S13,T_2000,_T,PT_B1GQ,A,1.858
2002,ECU,TAX_REV,S13,T_2000,_T,PT_B1GQ,A,2.688
2003,ECU,TAX_REV,S13,T_2000,_T,PT_B1GQ,A,2.773
2004,ECU,TAX_REV,S13,T_2000,_T,PT_B1GQ,A,2.797
2005,ECU,TAX_REV,S13,T_2000,_T,PT_B1GQ,A,2.672
2006,ECU,TAX_REV,S13,T_2000,_T,PT_B1GQ,A,3.325
2007,ECU,TAX_REV,S13,T_2000,_T,PT_B1GQ,A,3.513
2008,ECU,TAX_REV,S13,T_2000,_T,PT_B1GQ,A,3.395
2009,ECU,TAX_REV,S13,T_2000,_T,PT_B1GQ,A,3.297
2010,ECU,TAX_REV,S13,T_2000,_T,PT_B1GQ,A,3.653
2011,ECU,TAX_REV,S13,T_2000,_T,PT_B1GQ,A,5.009
2012,ECU,TAX_REV,S13,T_2000,_T,PT_B1GQ,A,5.408
2013,ECU,TAX_REV,S13,T_2000,_T,PT_B1GQ,A,4.276
2014,ECU,TAX_REV,S13,T_2000,_T,PT_B1GQ,A,4.564
2015,ECU,TAX_REV,S13,T_2000,_T,PT_B1GQ,A,5.168
2016,ECU,TAX_REV,S13,T_2000,_T,PT_B1GQ,A,4.717
2017,ECU,TAX_REV,S13,T_2000,_T,PT_B1GQ,A,5.464
2018,ECU,TAX_REV,S13,T_2000,_T,PT_B1GQ,A,5.493
2019,ECU,TAX_REV,S13,T_2000,_T,PT_B1GQ,A,5.276
2020,ECU,TAX_REV,S13,T_2000,_T,PT_B1GQ,A,5.115
2021,ECU,TAX_REV,S13,T_2000,_T,PT_B1GQ,A,4.997
2022,ECU,TAX_REV,S13,T_2000,_T,PT_B1GQ,A,5.018
2023,ECU,TAX_REV,S13,T_2000,_T,PT_B1GQ,A,5.092
2003,EGY,TAX_REV,S13,T_2000,_T,PT_B1GQ,A,3.452
2004,EGY,TAX_REV,S13,T_2000,_T,PT_B1GQ,A,3.234
2005,EGY,TAX_REV,S13,T_2000,_T,PT_B1GQ,A,2.87
2006,EGY,TAX_REV,S13,T_2000,_T,PT_B1GQ,A,2.801
2007,EGY,TAX_REV,S13,T_2000,_T,PT_B1GQ,A,3.144
2008,EGY,TAX_REV,S13,T_2000,_T,PT_B1GQ,A,2.738
2009,EGY,TAX_REV,S13,T_2000,_T,PT_B1GQ,A,2.574
2010,EGY,TAX_REV,S13,T_2000,_T,PT_B1GQ,A,2.488
2011,EGY,TAX_REV,S13,T_2000,_T,PT_B1GQ,A,2.5
2012,EGY,TAX_REV,S13,T_2000,_T,PT_B1GQ,A,2.486
2013,EGY,TAX_REV,S13,T_2000,_T,PT_B1GQ,A,2.457
2014,EGY,TAX_REV,S13,T_2000,_T,PT_B1GQ,A,2.696
2015,EGY,TAX_REV,S13,T_2000,_T,PT_B1GQ,A,2.344
2016,EGY,TAX_REV,S13,T_2000,_T,PT_B1GQ,A,2.996
2017,EGY,TAX_REV,S13,T_2000,_T,PT_B1GQ,A,2.589
2018,EGY,TAX_REV,S13,T_2000,_T,PT_B1GQ,A,2.39
2019,EGY,TAX_REV,S13,T_2000,_T,PT_B1GQ,A,2.402
2020,EGY,TAX_REV,S13,T_2000,_T,PT_B1GQ,A,1.849
2021,EGY,TAX_REV,S13,T_2000,_T,PT_B1GQ,A,1.927
2022,EGY,TAX_REV,S13,T_2000,_T,PT_B1GQ,A,1.909
1990,SLV,TAX_REV,S13,T_2000,_T,PT_B1GQ,A,2.168
1991,SLV,TAX_REV,S13,T_2000,_T,PT_B1GQ,A,2.207
1992,SLV,TAX_REV,S13,T_2000,_T,PT_B1GQ,A,2.185
1993,SLV,TAX_REV,S13,T_2000,_T,PT_B1GQ,A,2.425
1994,SLV,TAX_REV,S13,T_2000,_T,PT_B1GQ,A,2.766
1995,SLV,TAX_REV,S13,T_2000,_T,PT_B1GQ,A,2.806
1996,SLV,TAX_REV,S13,T_2000,_T,PT_B1GQ,A,2.927
1997,SLV,TAX_REV,S13,T_2000,_T,PT_B1GQ,A,3.126
1998,SLV,TAX_REV,S13,T_2000,_T,PT_B1GQ,A,3.285
1999,SLV,TAX_REV,S13,T_2000,_T,PT_B1GQ,A,2.736
2000,SLV,TAX_REV,S13,T_2000,_T,PT_B1GQ,A,2.76
2001,SLV,TAX_REV,S13,T_2000,_T,PT_B1GQ,A,2.555
2002,SLV,TAX_REV,S13,T_2000,_T,PT_B1GQ,A,2.548
2003,SLV,TAX_REV,S13,T_2000,_T,PT_B1GQ,A,2.466
2004,SLV,TAX_REV,S13,T_2000,_T,PT_B1GQ,A,2.487
2005,SLV,TAX_REV,S13,T_2000,_T,PT_B1GQ,A,2.307
2014,MDA,TAX_REV,S13,T_2000,_T,PT_B1GQ,A,8.167
2015,MDA,TAX_REV,S13,T_2000,_T,PT_B1GQ,A,8.265
2016,MDA,TAX_REV,S13,T_2000,_T,PT_B1GQ,A,8.35
2017,MDA,TAX_REV,S13,T_2000,_T,PT_B1GQ,A,8.814
2018,MDA,TAX_REV,S13,T_2000,_T,PT_B1GQ,A,9.074
2019,MDA,TAX_REV,S13,T_2000,_T,PT_B1GQ,A,8.923
2020,MDA,TAX_REV,S13,T_2000,_T,PT_B1GQ,A,9.63
2021,MDA,TAX_REV,S13,T_2000,_T,PT_B1GQ,A,9.021
2022,MDA,TAX_REV,S13,T_2000,_T,PT_B1GQ,A,9.08
2023,MDA,TAX_REV,S13,T_2000,_T,PT_B1GQ,A,9.561
2006,MNG,TAX_REV,S13,T_2000,_T,PT_B1GQ,A,2.694
2007,MNG,TAX_REV,S13,T_2000,_T,PT_B1GQ,A,3.183
2008,MNG,TAX_REV,S13,T_2000,_T,PT_B1GQ,A,3.454
2009,MNG,TAX_REV,S13,T_2000,_T,PT_B1GQ,A,3.911
2010,MNG,TAX_REV,S13,T_2000,_T,PT_B1GQ,A,3.311
2011,MNG,TAX_REV,S13,T_2000,_T,PT_B1GQ,A,3.497
2012,MNG,TAX_REV,S13,T_2000,_T,PT_B1GQ,A,3.938
2013,MNG,TAX_REV,S13,T_2000,_T,PT_B1GQ,A,4.27
2014,MNG,TAX_REV,S13,T_2000,_T,PT_B1GQ,A,3.919
2015,MNG,TAX_REV,S13,T_2000,_T,PT_B1GQ,A,4.243
2016,MNG,TAX_REV,S13,T_2000,_T,PT_B1GQ,A,4.419
2017,MNG,TAX_REV,S13,T_2000,_T,PT_B1GQ,A,4.495
2018,MNG,TAX_REV,S13,T_2000,_T,PT_B1GQ,A,4.816
2019,MNG,TAX_REV,S13,T_2000,_T,PT_B1GQ,A,4.722
2020,MNG,TAX_REV,S13,T_2000,_T,PT_B1GQ,A,3.925
2021,MNG,TAX_REV,S13,T_2000,_T,PT_B1GQ,A,4.932
2022,MNG,TAX_REV,S13,T_2000,_T,PT_B1GQ,A,5.346
2023,MNG,TAX_REV,S13,T_2000,_T,PT_B1GQ,A,5.371
2000,MAR,TAX_REV,S13,T_2000,_T,PT_B1GQ,A,2.234
2001,MAR,TAX_REV,S13,T_2000,_T,PT_B1GQ,A,2.973
2002,MAR,TAX_REV,S13,T_2000,_T,PT_B1GQ,A,3.009
2003,MAR,TAX_REV,S13,T_2000,_T,PT_B1GQ,A,3.113
2004,MAR,TAX_REV,S13,T_2000,_T,PT_B1GQ,A,3.268
2005,MAR,TAX_REV,S13,T_2000,_T,PT_B1GQ,A,3.843
2006,MAR,TAX_REV,S13,T_2000,_T,PT_B1GQ,A,4.34
2007,MAR,TAX_REV,S13,T_2000,_T,PT_B1GQ,A,4.371
2008,MAR,TAX_REV,S13,T_2000,_T,PT_B1GQ,A,4.219
2009,MAR,TAX_REV,S13,T_2000,_T,PT_B1GQ,A,4.372
2010,MAR,TAX_REV,S13,T_2000,_T,PT_B1GQ,A,4.466
2011,MAR,TAX_REV,S13,T_2000,_T,PT_B1GQ,A,4.781
2012,MAR,TAX_REV,S13,T_2000,_T,PT_B1GQ,A,4.98
2013,MAR,TAX_REV,S13,T_2000,_T,PT_B1GQ,A,4.915
2014,MAR,TAX_REV,S13,T_2000,_T,PT_B1GQ,A,4.99
2015,MAR,TAX_REV,S13,T_2000,_T,PT_B1GQ,A,4.862
2016,MAR,TAX_REV,S13,T_2000,_T,PT_B1GQ,A,5.117
2017,MAR,TAX_REV,S13,T_2000,_T,PT_B1GQ,A,5.232
2018,MAR,TAX_REV,S13,T_2000,_T,PT_B1GQ,A,5.45
2019,MAR,TAX_REV,S13,T_2000,_T,PT_B1GQ,A,5.938
2020,MAR,TAX_REV,S13,T_2000,_T,PT_B1GQ,A,6.766
2021,MAR,TAX_REV,S13,T_2000,_T,PT_B1GQ,A,6.448
2022,MAR,TAX_REV,S13,T_2000,_T,PT_B1GQ,A,6.734
2006,MOZ,TAX_REV,S13,T_2000,_T,PT_B1GQ,A,0.249
2007,MOZ,TAX_REV,S13,T_2000,_T,PT_B1GQ,A,0.243
2008,MOZ,TAX_REV,S13,T_2000,_T,PT_B1GQ,A,0.248
2009,MOZ,TAX_REV,S13,T_2000,_T,PT_B1GQ,A,0.264
2010,MOZ,TAX_REV,S13,T_2000,_T,PT_B1GQ,A,0.3
2011,MOZ,TAX_REV,S13,T_2000,_T,PT_B1GQ,A,0.334
2012,MOZ,TAX_REV,S13,T_2000,_T,PT_B1GQ,A,0.354
2013,MOZ,TAX_REV,S13,T_2000,_T,PT_B1GQ,A,0.407
2014,MOZ,TAX_REV,S13,T_2000,_T,PT_B1GQ,A,0.5
2015,MOZ,TAX_REV,S13,T_2000,_T,PT_B1GQ,A,0.532
2016,MOZ,TAX_REV,S13,T_2000,_T,PT_B1GQ,A,0.299
2017,MOZ,TAX_REV,S13,T_2000,_T,PT_B1GQ,A,0.07
2018,MOZ,TAX_REV,S13,T_2000,_T,PT_B1GQ,A,0.059
2019,MOZ,TAX_REV,S13,T_2000,_T,PT_B1GQ,A,0.053
2020,MOZ,TAX_REV,S13,T_2000,_T,PT_B1GQ,A,0.157
2021,MOZ,TAX_REV,S13,T_2000,_T,PT_B1GQ,A,0.089
2022,MOZ,TAX_REV,S13,T_2000,_T,PT_B1GQ,A,0.151
2009,NAM,TAX_REV,S13,T_2000,_T,PT_B1GQ,A,0.294
2010,NAM,TAX_REV,S13,T_2000,_T,PT_B1GQ,A,0.361
2011,NAM,TAX_REV,S13,T_2000,_T,PT_B1GQ,A,0.339
2012,NAM,TAX_REV,S13,T_2000,_T,PT_B1GQ,A,0.306
2013,NAM,TAX_REV,S13,T_2000,_T,PT_B1GQ,A,0.304
2014,NAM,TAX_REV,S13,T_2000,_T,PT_B1GQ,A,0.335
2015,NAM,TAX_REV,S13,T_2000,_T,PT_B1GQ,A,0.36
2016,NAM,TAX_REV,S13,T_2000,_T,PT_B1GQ,A,0.339
2017,NAM,TAX_REV,S13,T_2000,_T,PT_B1GQ,A,0.373
2018,NAM,TAX_REV,S13,T_2000,_T,PT_B1GQ,A,0.343
2019,NAM,TAX_REV,S13,T_2000,_T,PT_B1GQ,A,0.346
2020,NAM,TAX_REV,S13,T_2000,_T,PT_B1GQ,A,0.368
2021,NAM,TAX_REV,S13,T_2000,_T,PT_B1GQ,A,0.318
2022,NAM,TAX_REV,S13,T_2000,_T,PT_B1GQ,A,0.281
1991,NIC,TAX_REV,S13,T_2000,_T,PT_B1GQ,A,1.371
1992,NIC,TAX_REV,S13,T_2000,_T,PT_B1GQ,A,1.643
1993,NIC,TAX_REV,S13,T_2000,_T,PT_B1GQ,A,1.399
1994,NIC,TAX_REV,S13,T_2000,_T,PT_B1GQ,A,1.697
1995,NIC,TAX_REV,S13,T_2000,_T,PT_B1GQ,A,1.738
1996,NIC,TAX_REV,S13,T_2000,_T,PT_B1GQ,A,1.673
1997,NIC,TAX_REV,S13,T_2000,_T,PT_B1GQ,A,1.741
1998,NIC,TAX_REV,S13,T_2000,_T,PT_B1GQ,A,2.024
1999,NIC,TAX_REV,S13,T_2000,_T,PT_B1GQ,A,2.121
2000,NIC,TAX_REV,S13,T_2000,_T,PT_B1GQ,A,2.59
2001,NIC,TAX_REV,S13,T_2000,_T,PT_B1GQ,A,2.929
2002,NIC,TAX_REV,S13,T_2000,_T,PT_B1GQ,A,2.979
2003,NIC,TAX_REV,S13,T_2000,_T,PT_B1GQ,A,3.071
2004,NIC,TAX_REV,S13,T_2000,_T,PT_B1GQ,A,3.113
2005,NIC,TAX_REV,S13,T_2000,_T,PT_B1GQ,A,3.179
2006,NIC,TAX_REV,S13,T_2000,_T,PT_B1GQ,A,3.491
2007,NIC,TAX_REV,S13,T_2000,_T,PT_B1GQ,A,3.593
2008,NIC,TAX_REV,S13,T_2000,_T,PT_B1GQ,A,3.659
2009,NIC,TAX_REV,S13,T_2000,_T,PT_B1GQ,A,4.031
2010,NIC,TAX_REV,S13,T_2000,_T,PT_B1GQ,A,4.325
2011,NIC,TAX_REV,S13,T_2000,_T,PT_B1GQ,A,4.304
2012,NIC,TAX_REV,S13,T_2000,_T,PT_B1GQ,A,4.438
2013,NIC,TAX_REV,S13,T_2000,_T,PT_B1GQ,A,4.716
2014,NIC,TAX_REV,S13,T_2000,_T,PT_B1GQ,A,4.916
2015,NIC,TAX_REV,S13,T_2000,_T,PT_B1GQ,A,5.232
2016,NIC,TAX_REV,S13,T_2000,_T,PT_B1GQ,A,5.6
2017,NIC,TAX_REV,S13,T_2000,_T,PT_B1GQ,A,5.761
2018,NIC,TAX_REV,S13,T_2000,_T,PT_B1GQ,A,5.991
2019,NIC,TAX_REV,S13,T_2000,_T,PT_B1GQ,A,6.558
2020,NIC,TAX_REV,S13,T_2000,_T,PT_B1GQ,A,6.664
2021,NIC,TAX_REV,S13,T_2000,_T,PT_B1GQ,A,6.443
2022,NIC,TAX_REV,S13,T_2000,_T,PT_B1GQ,A,6.327
2023,NIC,TAX_REV,S13,T_2000,_T,PT_B1GQ,A,5.909
2000,NER,TAX_REV,S13,T_2000,_T,PT_B1GQ,A,0.392
2001,NER,TAX_REV,S13,T_2000,_T,PT_B1GQ,A,0.35
2002,NER,TAX_REV,S13,T_2000,_T,PT_B1GQ,A,0.367
2003,NER,TAX_REV,S13,T_2000,_T,PT_B1GQ,A,0.327
2004,NER,TAX_REV,S13,T_2000,_T,PT_B1GQ,A,0.353
2005,NER,TAX_REV,S13,T_2000,_T,PT_B1GQ,A,0.317
2006,NER,TAX_REV,S13,T_2000,_T,PT_B1GQ,A,0.348
2007,NER,TAX_REV,S13,T_2000,_T,PT_B1GQ,A,0.369
2008,NER,TAX_REV,S13,T_2000,_T,PT_B1GQ,A,0.46
2009,NER,TAX_REV,S13,T_2000,_T,PT_B1GQ,A,0.46
2010,NER,TAX_REV,S13,T_2000,_T,PT_B1GQ,A,0.515
2011,NER,TAX_REV,S13,T_2000,_T,PT_B1GQ,A,0.539
2012,NER,TAX_REV,S13,T_2000,_T,PT_B1GQ,A,0.515
2013,NER,TAX_REV,S13,T_2000,_T,PT_B1GQ,A,0.595
2014,NER,TAX_REV,S13,T_2000,_T,PT_B1GQ,A,0.629
2015,NER,TAX_REV,S13,T_2000,_T,PT_B1GQ,A,0.596
2016,NER,TAX_REV,S13,T_2000,_T,PT_B1GQ,A,0.578
2017,NER,TAX_REV,S13,T_2000,_T,PT_B1GQ,A,0.574
2018,NER,TAX_REV,S13,T_2000,_T,PT_B1GQ,A,0.532
2019,NER,TAX_REV,S13,T_2000,_T,PT_B1GQ,A,0.559
2020,NER,TAX_REV,S13,T_2000,_T,PT_B1GQ,A,0.548
2021,NER,TAX_REV,S13,T_2000,_T,PT_B1GQ,A,0.556
2022,NER,TAX_REV,S13,T_2000,_T,PT_B1GQ,A,0.521
2010,NGA,TAX_REV,S13,T_2000,_T,PT_B1GQ,A,0.55
2011,NGA,TAX_REV,S13,T_2000,_T,PT_B1GQ,A,0.631
2012,NGA,TAX_REV,S13,T_2000,_T,PT_B1GQ,A,0.708
2013,NGA,TAX_REV,S13,T_2000,_T,PT_B1GQ,A,0.709
2014,NGA,TAX_REV,S13,T_2000,_T,PT_B1GQ,A,0.714
2015,NGA,TAX_REV,S13,T_2000,_T,PT_B1GQ,A,0.599
2016,NGA,TAX_REV,S13,T_2000,_T,PT_B1GQ,A,0.536
2017,NGA,TAX_REV,S13,T_2000,_T,PT_B1GQ,A,0.622
2018,NGA,TAX_REV,S13,T_2000,_T,PT_B1GQ,A,0.532
2019,NGA,TAX_REV,S13,T_2000,_T,PT_B1GQ,A,0.64
2020,NGA,TAX_REV,S13,T_2000,_T,PT_B1GQ,A,0.637
2021,NGA,TAX_REV,S13,T_2000,_T,PT_B1GQ,A,0.549
2022,NGA,TAX_REV,S13,T_2000,_T,PT_B1GQ,A,0.556
1990,PAN,TAX_REV,S13,T_2000,_T,PT_B1GQ,A,5.671
1991,PAN,TAX_REV,S13,T_2000,_T,PT_B1GQ,A,5.672
1992,PAN,TAX_REV,S13,T_2000,_T,PT_B1GQ,A,5.671
1993,PAN,TAX_REV,S13,T_2000,_T,PT_B1GQ,A,5.671
1994,PAN,TAX_REV,S13,T_2000,_T,PT_B1GQ,A,5.671
1995,PAN,TAX_REV,S13,T_2000,_T,PT_B1GQ,A,5.671
1996,PAN,TAX_REV,S13,T_2000,_T,PT_B1GQ,A,5.671
1997,PAN,TAX_REV,S13,T_2000,_T,PT_B1GQ,A,5.671
1998,PAN,TAX_REV,S13,T_2000,_T,PT_B1GQ,A,5.671
1999,PAN,TAX_REV,S13,T_2000,_T,PT_B1GQ,A,5.598
2000,PAN,TAX_REV,S13,T_2000,_T,PT_B1GQ,A,5.935
2001,PAN,TAX_REV,S13,T_2000,_T,PT_B1GQ,A,5.778
2002,PAN,TAX_REV,S13,T_2000,_T,PT_B1GQ,A,5.491
2003,PAN,TAX_REV,S13,T_2000,_T,PT_B1GQ,A,5.21
2004,PAN,TAX_REV,S13,T_2000,_T,PT_B1GQ,A,5.22
2005,PAN,TAX_REV,S13,T_2000,_T,PT_B1GQ,A,4.972
2006,PAN,TAX_REV,S13,T_2000,_T,PT_B1GQ,A,4.874
2007,PAN,TAX_REV,S13,T_2000,_T,PT_B1GQ,A,5.097
2008,PAN,TAX_REV,S13,T_2000,_T,PT_B1GQ,A,5.314
2009,PAN,TAX_REV,S13,T_2000,_T,PT_B1GQ,A,5.478
2010,PAN,TAX_REV,S13,T_2000,_T,PT_B1GQ,A,5.486
2011,PAN,TAX_REV,S13,T_2000,_T,PT_B1GQ,A,5.538
2012,PAN,TAX_REV,S13,T_2000,_T,PT_B1GQ,A,5.1
2013,PAN,TAX_REV,S13,T_2000,_T,PT_B1GQ,A,5.432
2014,PAN,TAX_REV,S13,T_2000,_T,PT_B1GQ,A,5.122
2015,PAN,TAX_REV,S13,T_2000,_T,PT_B1GQ,A,5.121
2016,PAN,TAX_REV,S13,T_2000,_T,PT_B1GQ,A,5.137
2017,PAN,TAX_REV,S13,T_2000,_T,PT_B1GQ,A,5.053
2018,PAN,TAX_REV,S13,T_2000,_T,PT_B1GQ,A,4.863
2019,PAN,TAX_REV,S13,T_2000,_T,PT_B1GQ,A,4.725
2020,PAN,TAX_REV,S13,T_2000,_T,PT_B1GQ,A,4.994
2021,PAN,TAX_REV,S13,T_2000,_T,PT_B1GQ,A,4.933
2022,PAN,TAX_REV,S13,T_2000,_T,PT_B1GQ,A,4.33
2023,PAN,TAX_REV,S13,T_2000,_T,PT_B1GQ,A,4.185
1990,PRY,TAX_REV,S13,T_2000,_T,PT_B1GQ,A,0.404
1991,PRY,TAX_REV,S13,T_2000,_T,PT_B1GQ,A,0.518
1992,PRY,TAX_REV,S13,T_2000,_T,PT_B1GQ,A,0.664
1993,PRY,TAX_REV,S13,T_2000,_T,PT_B1GQ,A,0.82
1994,PRY,TAX_REV,S13,T_2000,_T,PT_B1GQ,A,0.893
1995,PRY,TAX_REV,S13,T_2000,_T,PT_B1GQ,A,0.964
1996,PRY,TAX_REV,S13,T_2000,_T,PT_B1GQ,A,1.047
1997,PRY,TAX_REV,S13,T_2000,_T,PT_B1GQ,A,1.047
1998,PRY,TAX_REV,S13,T_2000,_T,PT_B1GQ,A,0.969
1999,PRY,TAX_REV,S13,T_2000,_T,PT_B1GQ,A,3.115
2000,PRY,TAX_REV,S13,T_2000,_T,PT_B1GQ,A,2.978
2001,PRY,TAX_REV,S13,T_2000,_T,PT_B1GQ,A,2.613
2002,PRY,TAX_REV,S13,T_2000,_T,PT_B1GQ,A,2.451
2003,PRY,TAX_REV,S13,T_2000,_T,PT_B1GQ,A,2.426
2004,PRY,TAX_REV,S13,T_2000,_T,PT_B1GQ,A,2.403
2005,PRY,TAX_REV,S13,T_2000,_T,PT_B1GQ,A,2.4
2006,PRY,TAX_REV,S13,T_2000,_T,PT_B1GQ,A,2.531
2007,PRY,TAX_REV,S13,T_2000,_T,PT_B1GQ,A,2.521
2008,PRY,TAX_REV,S13,T_2000,_T,PT_B1GQ,A,2.593
2009,PRY,TAX_REV,S13,T_2000,_T,PT_B1GQ,A,2.809
2010,PRY,TAX_REV,S13,T_2000,_T,PT_B1GQ,A,2.752
2011,PRY,TAX_REV,S13,T_2000,_T,PT_B1GQ,A,2.989
2012,PRY,TAX_REV,S13,T_2000,_T,PT_B1GQ,A,3.51
2013,PRY,TAX_REV,S13,T_2000,_T,PT_B1GQ,A,3.333
2014,PRY,TAX_REV,S13,T_2000,_T,PT_B1GQ,A,3.721
2015,PRY,TAX_REV,S13,T_2000,_T,PT_B1GQ,A,3.737
2016,PRY,TAX_REV,S13,T_2000,_T,PT_B1GQ,A,3.444
2017,PRY,TAX_REV,S13,T_2000,_T,PT_B1GQ,A,3.675
2018,PRY,TAX_REV,S13,T_2000,_T,PT_B1GQ,A,3.56
2019,PRY,TAX_REV,S13,T_2000,_T,PT_B1GQ,A,3.688
2020,PRY,TAX_REV,S13,T_2000,_T,PT_B1GQ,A,3.733
2021,PRY,TAX_REV,S13,T_2000,_T,PT_B1GQ,A,3.796
2022,PRY,TAX_REV,S13,T_2000,_T,PT_B1GQ,A,4.028
2023,PRY,TAX_REV,S13,T_2000,_T,PT_B1GQ,A,4.123
1990,PER,TAX_REV,S13,T_2000,_T,PT_B1GQ,A,0.937
1991,PER,TAX_REV,S13,T_2000,_T,PT_B1GQ,A,2.051
1992,PER,TAX_REV,S13,T_2000,_T,PT_B1GQ,A,2.121
1993,PER,TAX_REV,S13,T_2000,_T,PT_B1GQ,A,1.961
1994,PER,TAX_REV,S13,T_2000,_T,PT_B1GQ,A,1.877
1995,PER,TAX_REV,S13,T_2000,_T,PT_B1GQ,A,1.899
1996,PER,TAX_REV,S13,T_2000,_T,PT_B1GQ,A,1.826
1997,PER,TAX_REV,S13,T_2000,_T,PT_B1GQ,A,1.999
1998,PER,TAX_REV,S13,T_2000,_T,PT_B1GQ,A,1.891
1999,PER,TAX_REV,S13,T_2000,_T,PT_B1GQ,A,1.819
2000,PER,TAX_REV,S13,T_2000,_T,PT_B1GQ,A,1.811
2001,PER,TAX_REV,S13,T_2000,_T,PT_B1GQ,A,1.822
2002,PER,TAX_REV,S13,T_2000,_T,PT_B1GQ,A,1.748
2003,PER,TAX_REV,S13,T_2000,_T,PT_B1GQ,A,1.717
2004,PER,TAX_REV,S13,T_2000,_T,PT_B1GQ,A,1.658
2005,PER,TAX_REV,S13,T_2000,_T,PT_B1GQ,A,1.645
2006,PER,TAX_REV,S13,T_2000,_T,PT_B1GQ,A,1.704
2007,PER,TAX_REV,S13,T_2000,_T,PT_B1GQ,A,1.64
2008,PER,TAX_REV,S13,T_2000,_T,PT_B1GQ,A,1.908
2009,PER,TAX_REV,S13,T_2000,_T,PT_B1GQ,A,1.968
2010,PER,TAX_REV,S13,T_2000,_T,PT_B1GQ,A,1.881
2011,PER,TAX_REV,S13,T_2000,_T,PT_B1GQ,A,1.896
2012,PER,TAX_REV,S13,T_2000,_T,PT_B1GQ,A,1.99
2013,PER,TAX_REV,S13,T_2000,_T,PT_B1GQ,A,2.052
2014,PER,TAX_REV,S13,T_2000,_T,PT_B1GQ,A,2.048
2015,PER,TAX_REV,S13,T_2000,_T,PT_B1GQ,A,2.064
2016,PER,TAX_REV,S13,T_2000,_T,PT_B1GQ,A,1.989
2017,PER,TAX_REV,S13,T_2000,_T,PT_B1GQ,A,1.937
2018,PER,TAX_REV,S13,T_2000,_T,PT_B1GQ,A,1.988
2019,PER,TAX_REV,S13,T_2000,_T,PT_B1GQ,A,1.987
2020,PER,TAX_REV,S13,T_2000,_T,PT_B1GQ,A,2.034
2021,PER,TAX_REV,S13,T_2000,_T,PT_B1GQ,A,1.868
2022,PER,TAX_REV,S13,T_2000,_T,PT_B1GQ,A,1.909
2023,PER,TAX_REV,S13,T_2000,_T,PT_B1GQ,A,1.89
1994,PHL,TAX_REV,S13,T_2000,_T,PT_B1GQ,A,1.371
1995,PHL,TAX_REV,S13,T_2000,_T,PT_B1GQ,A,1.447
1996,PHL,TAX_REV,S13,T_2000,_T,PT_B1GQ,A,1.398
1997,PHL,TAX_REV,S13,T_2000,_T,PT_B1GQ,A,1.316
1998,PHL,TAX_REV,S13,T_2000,_T,PT_B1GQ,A,1.897
1999,PHL,TAX_REV,S13,T_2000,_T,PT_B1GQ,A,2.07
2000,PHL,TAX_REV,S13,T_2000,_T,PT_B1GQ,A,2.006
2001,PHL,TAX_REV,S13,T_2000,_T,PT_B1GQ,A,2.01
2002,PHL,TAX_REV,S13,T_2000,_T,PT_B1GQ,A,2.09
2003,PHL,TAX_REV,S13,T_2000,_T,PT_B1GQ,A,1.954
2004,PHL,TAX_REV,S13,T_2000,_T,PT_B1GQ,A,1.878
2005,PHL,TAX_REV,S13,T_2000,_T,PT_B1GQ,A,1.823
2006,PHL,TAX_REV,S13,T_2000,_T,PT_B1GQ,A,1.796
2007,PHL,TAX_REV,S13,T_2000,_T,PT_B1GQ,A,1.831
2008,PHL,TAX_REV,S13,T_2000,_T,PT_B1GQ,A,1.767
2009,PHL,TAX_REV,S13,T_2000,_T,PT_B1GQ,A,1.859
2010,PHL,TAX_REV,S13,T_2000,_T,PT_B1GQ,A,1.792
2011,PHL,TAX_REV,S13,T_2000,_T,PT_B1GQ,A,1.835
2012,PHL,TAX_REV,S13,T_2000,_T,PT_B1GQ,A,1.947
2013,PHL,TAX_REV,S13,T_2000,_T,PT_B1GQ,A,1.963
2014,PHL,TAX_REV,S13,T_2000,_T,PT_B1GQ,A,2.153
2015,PHL,TAX_REV,S13,T_2000,_T,PT_B1GQ,A,2.288
2016,PHL,TAX_REV,S13,T_2000,_T,PT_B1GQ,A,2.27
2017,PHL,TAX_REV,S13,T_2000,_T,PT_B1GQ,A,2.249
2018,PHL,TAX_REV,S13,T_2000,_T,PT_B1GQ,A,2.374
2019,PHL,TAX_REV,S13,T_2000,_T,PT_B1GQ,A,2.579
2020,PHL,TAX_REV,S13,T_2000,_T,PT_B1GQ,A,2.802
2021,PHL,TAX_REV,S13,T_2000,_T,PT_B1GQ,A,2.903
2022,PHL,TAX_REV,S13,T_2000,_T,PT_B1GQ,A,2.873
2023,PHL,TAX_REV,S13,T_2000,_T,PT_B1GQ,A,2.782
1995,ROU,TAX_REV,S13,T_2000,_T,PT_B1GQ,A,7.663
1996,ROU,TAX_REV,S13,T_2000,_T,PT_B1GQ,A,7.253
1997,ROU,TAX_REV,S13,T_2000,_T,PT_B1GQ,A,6.967
1998,ROU,TAX_REV,S13,T_2000,_T,PT_B1GQ,A,9.231
1999,ROU,TAX_REV,S13,T_2000,_T,PT_B1GQ,A,11.019
2000,ROU,TAX_REV,S13,T_2000,_T,PT_B1GQ,A,11.1
2001,ROU,TAX_REV,S13,T_2000,_T,PT_B1GQ,A,11.003
2002,ROU,TAX_REV,S13,T_2000,_T,PT_B1GQ,A,10.715
2003,ROU,TAX_REV,S13,T_2000,_T,PT_B1GQ,A,9.771
2004,ROU,TAX_REV,S13,T_2000,_T,PT_B1GQ,A,9.32
2005,ROU,TAX_REV,S13,T_2000,_T,PT_B1GQ,A,9.727
2006,ROU,TAX_REV,S13,T_2000,_T,PT_B1GQ,A,9.817
2007,ROU,TAX_REV,S13,T_2000,_T,PT_B1GQ,A,9.593
2008,ROU,TAX_REV,S13,T_2000,_T,PT_B1GQ,A,9.005
2009,ROU,TAX_REV,S13,T_2000,_T,PT_B1GQ,A,8.961
2010,ROU,TAX_REV,S13,T_2000,_T,PT_B1GQ,A,8.468
2011,ROU,TAX_REV,S13,T_2000,_T,PT_B1GQ,A,8.65
2012,ROU,TAX_REV,S13,T_2000,_T,PT_B1GQ,A,8.36
2013,ROU,TAX_REV,S13,T_2000,_T,PT_B1GQ,A,8.678
2014,ROU,TAX_REV,S13,T_2000,_T,PT_B1GQ,A,8.518
2015,ROU,TAX_REV,S13,T_2000,_T,PT_B1GQ,A,8.084
2016,ROU,TAX_REV,S13,T_2000,_T,PT_B1GQ,A,8.144
2017,ROU,TAX_REV,S13,T_2000,_T,PT_B1GQ,A,8.506
2018,ROU,TAX_REV,S13,T_2000,_T,PT_B1GQ,A,10.472
2019,ROU,TAX_REV,S13,T_2000,_T,PT_B1GQ,A,10.453
2020,ROU,TAX_REV,S13,T_2000,_T,PT_B1GQ,A,10.987
2021,ROU,TAX_REV,S13,T_2000,_T,PT_B1GQ,A,10.428
2022,ROU,TAX_REV,S13,T_2000,_T,PT_B1GQ,A,10.082
1996,RWA,TAX_REV,S13,T_2000,_T,PT_B1GQ,A,0.251
1997,RWA,TAX_REV,S13,T_2000,_T,PT_B1GQ,A,0.295
1998,RWA,TAX_REV,S13,T_2000,_T,PT_B1GQ,A,0.344
1999,RWA,TAX_REV,S13,T_2000,_T,PT_B1GQ,A,0.406
2000,RWA,TAX_REV,S13,T_2000,_T,PT_B1GQ,A,0.425
2001,RWA,TAX_REV,S13,T_2000,_T,PT_B1GQ,A,0.437
2002,RWA,TAX_REV,S13,T_2000,_T,PT_B1GQ,A,0.46
2003,RWA,TAX_REV,S13,T_2000,_T,PT_B1GQ,A,0.509
2004,RWA,TAX_REV,S13,T_2000,_T,PT_B1GQ,A,0.787
2005,RWA,TAX_REV,S13,T_2000,_T,PT_B1GQ,A,0.733
2006,RWA,TAX_REV,S13,T_2000,_T,PT_B1GQ,A,0.623
2007,RWA,TAX_REV,S13,T_2000,_T,PT_B1GQ,A,0.746
2008,RWA,TAX_REV,S13,T_2000,_T,PT_B1GQ,A,0.821
2009,RWA,TAX_REV,S13,T_2000,_T,PT_B1GQ,A,0.798
2010,RWA,TAX_REV,S13,T_2000,_T,PT_B1GQ,A,0.791
2011,RWA,TAX_REV,S13,T_2000,_T,PT_B1GQ,A,0.862
2012,RWA,TAX_REV,S13,T_2000,_T,PT_B1GQ,A,0.912
2013,RWA,TAX_REV,S13,T_2000,_T,PT_B1GQ,A,1.05
2014,RWA,TAX_REV,S13,T_2000,_T,PT_B1GQ,A,0.988
2015,RWA,TAX_REV,S13,T_2000,_T,PT_B1GQ,A,0.971
2016,RWA,TAX_REV,S13,T_2000,_T,PT_B1GQ,A,1.092
2017,RWA,TAX_REV,S13,T_2000,_T,PT_B1GQ,A,0.973
2018,RWA,TAX_REV,S13,T_2000,_T,PT_B1GQ,A,1.004
2019,RWA,TAX_REV,S13,T_2000,_T,PT_B1GQ,A,1.014
2020,RWA,TAX_REV,S13,T_2000,_T,PT_B1GQ,A,1.065
2021,RWA,TAX_REV,S13,T_2000,_T,PT_B1GQ,A,0.977
2022,RWA,TAX_REV,S13,T_2000,_T,PT_B1GQ,A,0.917
1996,LCA,TAX_REV,S13,T_2000,_T,PT_B1GQ,A,1.806
1997,LCA,TAX_REV,S13,T_2000,_T,PT_B1GQ,A,1.765
1998,LCA,TAX_REV,S13,T_2000,_T,PT_B1GQ,A,1.597
1999,LCA,TAX_REV,S13,T_2000,_T,PT_B1GQ,A,1.81
2000,LCA,TAX_REV,S13,T_2000,_T,PT_B1GQ,A,1.937
2001,LCA,TAX_REV,S13,T_2000,_T,PT_B1GQ,A,2.136
2002,LCA,TAX_REV,S13,T_2000,_T,PT_B1GQ,A,2.033
2003,LCA,TAX_REV,S13,T_2000,_T,PT_B1GQ,A,1.908
2004,LCA,TAX_REV,S13,T_2000,_T,PT_B1GQ,A,1.944
2005,LCA,TAX_REV,S13,T_2000,_T,PT_B1GQ,A,1.997
2006,LCA,TAX_REV,S13,T_2000,_T,PT_B1GQ,A,1.978
2007,LCA,TAX_REV,S13,T_2000,_T,PT_B1GQ,A,2.103
2008,LCA,TAX_REV,S13,T_2000,_T,PT_B1GQ,A,2.171
2009,LCA,TAX_REV,S13,T_2000,_T,PT_B1GQ,A,2.28
2010,LCA,TAX_REV,S13,T_2000,_T,PT_B1GQ,A,2.282
2011,LCA,TAX_REV,S13,T_2000,_T,PT_B1GQ,A,2.161
2012,LCA,TAX_REV,S13,T_2000,_T,PT_B1GQ,A,2.36
2013,LCA,TAX_REV,S13,T_2000,_T,PT_B1GQ,A,2.257
2014,LCA,TAX_REV,S13,T_2000,_T,PT_B1GQ,A,2.266
2015,LCA,TAX_REV,S13,T_2000,_T,PT_B1GQ,A,2.248
2016,LCA,TAX_REV,S13,T_2000,_T,PT_B1GQ,A,2.191
2017,LCA,TAX_REV,S13,T_2000,_T,PT_B1GQ,A,2.102
2018,LCA,TAX_REV,S13,T_2000,_T,PT_B1GQ,A,2.142
2019,LCA,TAX_REV,S13,T_2000,_T,PT_B1GQ,A,2.241
2020,LCA,TAX_REV,S13,T_2000,_T,PT_B1GQ,A,2.757
2021,LCA,TAX_REV,S13,T_2000,_T,PT_B1GQ,A,2.38
2022,LCA,TAX_REV,S13,T_2000,_T,PT_B1GQ,A,2.38
2023,LCA,TAX_REV,S13,T_2000,_T,PT_B1GQ,A,2.38
1997,SEN,TAX_REV,S13,T_2000,_T,PT_B1GQ,A,0.481
1998,SEN,TAX_REV,S13,T_2000,_T,PT_B1GQ,A,0.483
1999,SEN,TAX_REV,S13,T_2000,_T,PT_B1GQ,A,0.496
2000,SEN,TAX_REV,S13,T_2000,_T,PT_B1GQ,A,0.52
2001,SEN,TAX_REV,S13,T_2000,_T,PT_B1GQ,A,0.515
2002,SEN,TAX_REV,S13,T_2000,_T,PT_B1GQ,A,0.558
2003,SEN,TAX_REV,S13,T_2000,_T,PT_B1GQ,A,0.589
2004,SEN,TAX_REV,S13,T_2000,_T,PT_B1GQ,A,0.623
2005,SEN,TAX_REV,S13,T_2000,_T,PT_B1GQ,A,0.63
2006,SEN,TAX_REV,S13,T_2000,_T,PT_B1GQ,A,0.661
2007,SEN,TAX_REV,S13,T_2000,_T,PT_B1GQ,A,0.66
2008,SEN,TAX_REV,S13,T_2000,_T,PT_B1GQ,A,0.691
2009,SEN,TAX_REV,S13,T_2000,_T,PT_B1GQ,A,0.71
2010,SEN,TAX_REV,S13,T_2000,_T,PT_B1GQ,A,0.915
2011,SEN,TAX_REV,S13,T_2000,_T,PT_B1GQ,A,0.71
2012,SEN,TAX_REV,S13,T_2000,_T,PT_B1GQ,A,1.058
2013,SEN,TAX_REV,S13,T_2000,_T,PT_B1GQ,A,1.035
2014,SEN,TAX_REV,S13,T_2000,_T,PT_B1GQ,A,1.068
2015,SEN,TAX_REV,S13,T_2000,_T,PT_B1GQ,A,1.106
2016,SEN,TAX_REV,S13,T_2000,_T,PT_B1GQ,A,1.136
2017,SEN,TAX_REV,S13,T_2000,_T,PT_B1GQ,A,1.165
2018,SEN,TAX_REV,S13,T_2000,_T,PT_B1GQ,A,1.168
2019,SEN,TAX_REV,S13,T_2000,_T,PT_B1GQ,A,1.189
2020,SEN,TAX_REV,S13,T_2000,_T,PT_B1GQ,A,1.092
2021,SEN,TAX_REV,S13,T_2000,_T,PT_B1GQ,A,0.975
2022,SEN,TAX_REV,S13,T_2000,_T,PT_B1GQ,A,0.923
2008,SYC,TAX_REV,S13,T_2000,_T,PT_B1GQ,A,5.3
2009,SYC,TAX_REV,S13,T_2000,_T,PT_B1GQ,A,4.84
2010,SYC,TAX_REV,S13,T_2000,_T,PT_B1GQ,A,2.809
2011,SYC,TAX_REV,S13,T_2000,_T,PT_B1GQ,A,0.602
2012,SYC,TAX_REV,S13,T_2000,_T,PT_B1GQ,A,0.636
2013,SYC,TAX_REV,S13,T_2000,_T,PT_B1GQ,A,0.807
2014,SYC,TAX_REV,S13,T_2000,_T,PT_B1GQ,A,1.04
2015,SYC,TAX_REV,S13,T_2000,_T,PT_B1GQ,A,1.128
2016,SYC,TAX_REV,S13,T_2000,_T,PT_B1GQ,A,1.015
2017,SYC,TAX_REV,S13,T_2000,_T,PT_B1GQ,A,1.116
2018,SYC,TAX_REV,S13,T_2000,_T,PT_B1GQ,A,2.175
2019,SYC,TAX_REV,S13,T_2000,_T,PT_B1GQ,A,1.518
2020,SYC,TAX_REV,S13,T_2000,_T,PT_B1GQ,A,1.788
2021,SYC,TAX_REV,S13,T_2000,_T,PT_B1GQ,A,1.747
2022,SYC,TAX_REV,S13,T_2000,_T,PT_B1GQ,A,2.119
2018,SLE,TAX_REV,S13,T_2000,_T,PT_B1GQ,A,1.521
2019,SLE,TAX_REV,S13,T_2000,_T,PT_B1GQ,A,1.49
2020,SLE,TAX_REV,S13,T_2000,_T,PT_B1GQ,A,1.536
2021,SLE,TAX_REV,S13,T_2000,_T,PT_B1GQ,A,1.583
2022,SLE,TAX_REV,S13,T_2000,_T,PT_B1GQ,A,1.45
2001,ZAF,TAX_REV,S13,T_2000,_T,PT_B1GQ,A,0.002
2002,ZAF,TAX_REV,S13,T_2000,_T,PT_B1GQ,A,0.214
2003,ZAF,TAX_REV,S13,T_2000,_T,PT_B1GQ,A,0.343
2004,ZAF,TAX_REV,S13,T_2000,_T,PT_B1GQ,A,0.353
2005,ZAF,TAX_REV,S13,T_2000,_T,PT_B1GQ,A,0.353
2006,ZAF,TAX_REV,S13,T_2000,_T,PT_B1GQ,A,0.373
2007,ZAF,TAX_REV,S13,T_2000,_T,PT_B1GQ,A,0.375
2008,ZAF,TAX_REV,S13,T_2000,_T,PT_B1GQ,A,0.383
2009,ZAF,TAX_REV,S13,T_2000,_T,PT_B1GQ,A,0.379
2010,ZAF,TAX_REV,S13,T_2000,_T,PT_B1GQ,A,0.364
2011,ZAF,TAX_REV,S13,T_2000,_T,PT_B1GQ,A,0.377
2012,ZAF,TAX_REV,S13,T_2000,_T,PT_B1GQ,A,0.395
2013,ZAF,TAX_REV,S13,T_2000,_T,PT_B1GQ,A,0.367
2014,ZAF,TAX_REV,S13,T_2000,_T,PT_B1GQ,A,0.377
2015,ZAF,TAX_REV,S13,T_2000,_T,PT_B1GQ,A,0.388
2016,ZAF,TAX_REV,S13,T_2000,_T,PT_B1GQ,A,0.374
2017,ZAF,TAX_REV,S13,T_2000,_T,PT_B1GQ,A,0.367
2018,ZAF,TAX_REV,S13,T_2000,_T,PT_B1GQ,A,0.355
2019,ZAF,TAX_REV,S13,T_2000,_T,PT_B1GQ,A,0.352
2020,ZAF,TAX_REV,S13,T_2000,_T,PT_B1GQ,A,0.34
2021,ZAF,TAX_REV,S13,T_2000,_T,PT_B1GQ,A,0.335
2022,ZAF,TAX_REV,S13,T_2000,_T,PT_B1GQ,A,0.347
2006,LKA,TAX_REV,S13,T_2000,_T,PT_B1GQ,A,0.186
2007,LKA,TAX_REV,S13,T_2000,_T,PT_B1GQ,A,0.207
2008,LKA,TAX_REV,S13,T_2000,_T,PT_B1GQ,A,0.188
2009,LKA,TAX_REV,S13,T_2000,_T,PT_B1GQ,A,0.195
2010,LKA,TAX_REV,S13,T_2000,_T,PT_B1GQ,A,0.168
2011,LKA,TAX_REV,S13,T_2000,_T,PT_B1GQ,A,0.169
2012,LKA,TAX_REV,S13,T_2000,_T,PT_B1GQ,A,0.131
2013,LKA,TAX_REV,S13,T_2000,_T,PT_B1GQ,A,0.152
2014,LKA,TAX_REV,S13,T_2000,_T,PT_B1GQ,A,0.138
2015,LKA,TAX_REV,S13,T_2000,_T,PT_B1GQ,A,0.132
2016,LKA,TAX_REV,S13,T_2000,_T,PT_B1GQ,A,0.141
2017,LKA,TAX_REV,S13,T_2000,_T,PT_B1GQ,A,0.159
2018,LKA,TAX_REV,S13,T_2000,_T,PT_B1GQ,A,0.164
2019,LKA,TAX_REV,S13,T_2000,_T,PT_B1GQ,A,0.182
2020,LKA,TAX_REV,S13,T_2000,_T,PT_B1GQ,A,0.207
2021,LKA,TAX_REV,S13,T_2000,_T,PT_B1GQ,A,0.197
2022,LKA,TAX_REV,S13,T_2000,_T,PT_B1GQ,A,0.155
2023,LKA,TAX_REV,S13,T_2000,_T,PT_B1GQ,A,0.131
2000,THA,TAX_REV,S13,T_2000,_T,PT_B1GQ,A,0.558
2001,THA,TAX_REV,S13,T_2000,_T,PT_B1GQ,A,0.53
2002,THA,TAX_REV,S13,T_2000,_T,PT_B1GQ,A,0.565
2003,THA,TAX_REV,S13,T_2000,_T,PT_B1GQ,A,0.683
2004,THA,TAX_REV,S13,T_2000,_T,PT_B1GQ,A,0.856
2005,THA,TAX_REV,S13,T_2000,_T,PT_B1GQ,A,0.923
2006,THA,TAX_REV,S13,T_2000,_T,PT_B1GQ,A,0.897
2007,THA,TAX_REV,S13,T_2000,_T,PT_B1GQ,A,0.902
2008,THA,TAX_REV,S13,T_2000,_T,PT_B1GQ,A,0.871
2009,THA,TAX_REV,S13,T_2000,_T,PT_B1GQ,A,0.876
2010,THA,TAX_REV,S13,T_2000,_T,PT_B1GQ,A,1.247
2011,THA,TAX_REV,S13,T_2000,_T,PT_B1GQ,A,0.865
2012,THA,TAX_REV,S13,T_2000,_T,PT_B1GQ,A,0.876
2013,THA,TAX_REV,S13,T_2000,_T,PT_B1GQ,A,0.801
2014,THA,TAX_REV,S13,T_2000,_T,PT_B1GQ,A,0.976
2015,THA,TAX_REV,S13,T_2000,_T,PT_B1GQ,A,1.066
2016,THA,TAX_REV,S13,T_2000,_T,PT_B1GQ,A,1.016
2017,THA,TAX_REV,S13,T_2000,_T,PT_B1GQ,A,1.007
2018,THA,TAX_REV,S13,T_2000,_T,PT_B1GQ,A,1.003
2019,THA,TAX_REV,S13,T_2000,_T,PT_B1GQ,A,1.024
2020,THA,TAX_REV,S13,T_2000,_T,PT_B1GQ,A,0.953
2021,THA,TAX_REV,S13,T_2000,_T,PT_B1GQ,A,0.67
2022,THA,TAX_REV,S13,T_2000,_T,PT_B1GQ,A,0.7
2023,THA,TAX_REV,S13,T_2000,_T,PT_B1GQ,A,0.915
1990,TTO,TAX_REV,S13,T_2000,_T,PT_B1GQ,A,0.868
1991,TTO,TAX_REV,S13,T_2000,_T,PT_B1GQ,A,0.87
1992,TTO,TAX_REV,S13,T_2000,_T,PT_B1GQ,A,0.794
1993,TTO,TAX_REV,S13,T_2000,_T,PT_B1GQ,A,0.975
1994,TTO,TAX_REV,S13,T_2000,_T,PT_B1GQ,A,0.815
1995,TTO,TAX_REV,S13,T_2000,_T,PT_B1GQ,A,0.724
1996,TTO,TAX_REV,S13,T_2000,_T,PT_B1GQ,A,0.701
1997,TTO,TAX_REV,S13,T_2000,_T,PT_B1GQ,A,0.739
1998,TTO,TAX_REV,S13,T_2000,_T,PT_B1GQ,A,0.677
1999,TTO,TAX_REV,S13,T_2000,_T,PT_B1GQ,A,0.774
2000,TTO,TAX_REV,S13,T_2000,_T,PT_B1GQ,A,1.402
2001,TTO,TAX_REV,S13,T_2000,_T,PT_B1GQ,A,1.385
2002,TTO,TAX_REV,S13,T_2000,_T,PT_B1GQ,A,1.406
2003,TTO,TAX_REV,S13,T_2000,_T,PT_B1GQ,A,1.272
2004,TTO,TAX_REV,S13,T_2000,_T,PT_B1GQ,A,1.152
2005,TTO,TAX_REV,S13,T_2000,_T,PT_B1GQ,A,1.201
2006,TTO,TAX_REV,S13,T_2000,_T,PT_B1GQ,A,1.21
2007,TTO,TAX_REV,S13,T_2000,_T,PT_B1GQ,A,1.126
2008,TTO,TAX_REV,S13,T_2000,_T,PT_B1GQ,A,1.217
2009,TTO,TAX_REV,S13,T_2000,_T,PT_B1GQ,A,1.862
2010,TTO,TAX_REV,S13,T_2000,_T,PT_B1GQ,A,1.909
2011,TTO,TAX_REV,S13,T_2000,_T,PT_B1GQ,A,1.703
2012,TTO,TAX_REV,S13,T_2000,_T,PT_B1GQ,A,1.63
2013,TTO,TAX_REV,S13,T_2000,_T,PT_B1GQ,A,1.809
2014,TTO,TAX_REV,S13,T_2000,_T,PT_B1GQ,A,1.918
2015,TTO,TAX_REV,S13,T_2000,_T,PT_B1GQ,A,2.409
2016,TTO,TAX_REV,S13,T_2000,_T,PT_B1GQ,A,2.629
2017,TTO,TAX_REV,S13,T_2000,_T,PT_B1GQ,A,2.848
2018,TTO,TAX_REV,S13,T_2000,_T,PT_B1GQ,A,2.821
2019,TTO,TAX_REV,S13,T_2000,_T,PT_B1GQ,A,2.905
2020,TTO,TAX_REV,S13,T_2000,_T,PT_B1GQ,A,3.22
2021,TTO,TAX_REV,S13,T_2000,_T,PT_B1GQ,A,2.831
2022,TTO,TAX_REV,S13,T_2000,_T,PT_B1GQ,A,2.34
2023,TTO,TAX_REV,S13,T_2000,_T,PT_B1GQ,A,2.496
2000,TUN,TAX_REV,S13,T_2000,_T,PT_B1GQ,A,5.024
2001,TUN,TAX_REV,S13,T_2000,_T,PT_B1GQ,A,5.099
2002,TUN,TAX_REV,S13,T_2000,_T,PT_B1GQ,A,5.279
2003,TUN,TAX_REV,S13,T_2000,_T,PT_B1GQ,A,5.342
2004,TUN,TAX_REV,S13,T_2000,_T,PT_B1GQ,A,5.309
2005,TUN,TAX_REV,S13,T_2000,_T,PT_B1GQ,A,5.253
2006,TUN,TAX_REV,S13,T_2000,_T,PT_B1GQ,A,5.721
2007,TUN,TAX_REV,S13,T_2000,_T,PT_B1GQ,A,5.957
2008,TUN,TAX_REV,S13,T_2000,_T,PT_B1GQ,A,6.154
2009,TUN,TAX_REV,S13,T_2000,_T,PT_B1GQ,A,6.658
2010,TUN,TAX_REV,S13,T_2000,_T,PT_B1GQ,A,6.999
2011,TUN,TAX_REV,S13,T_2000,_T,PT_B1GQ,A,7.69
2012,TUN,TAX_REV,S13,T_2000,_T,PT_B1GQ,A,7.902
2013,TUN,TAX_REV,S13,T_2000,_T,PT_B1GQ,A,8.223
2014,TUN,TAX_REV,S13,T_2000,_T,PT_B1GQ,A,8.064
2015,TUN,TAX_REV,S13,T_2000,_T,PT_B1GQ,A,8.406
2016,TUN,TAX_REV,S13,T_2000,_T,PT_B1GQ,A,8.831
2017,TUN,TAX_REV,S13,T_2000,_T,PT_B1GQ,A,9.076
2018,TUN,TAX_REV,S13,T_2000,_T,PT_B1GQ,A,8.697
2019,TUN,TAX_REV,S13,T_2000,_T,PT_B1GQ,A,9.085
2020,TUN,TAX_REV,S13,T_2000,_T,PT_B1GQ,A,10.015
2021,TUN,TAX_REV,S13,T_2000,_T,PT_B1GQ,A,9.656
2022,TUN,TAX_REV,S13,T_2000,_T,PT_B1GQ,A,9.225
2013,BGR,TAX_REV,S13,T_4000,_T,PT_B1GQ,A,0.564
2014,BGR,TAX_REV,S13,T_4000,_T,PT_B1GQ,A,0.575
2015,BGR,TAX_REV,S13,T_4000,_T,PT_B1GQ,A,0.566
2016,BGR,TAX_REV,S13,T_4000,_T,PT_B1GQ,A,0.594
2017,BGR,TAX_REV,S13,T_4000,_T,PT_B1GQ,A,0.58
2018,BGR,TAX_REV,S13,T_4000,_T,PT_B1GQ,A,0.563
2019,BGR,TAX_REV,S13,T_4000,_T,PT_B1GQ,A,0.543
2020,BGR,TAX_REV,S13,T_4000,_T,PT_B1GQ,A,0.559
2021,BGR,TAX_REV,S13,T_4000,_T,PT_B1GQ,A,0.631
2022,BGR,TAX_REV,S13,T_4000,_T,PT_B1GQ,A,0.549
2023,BGR,TAX_REV,S13,T_4000,_T,PT_B1GQ,A,0.504
2000,BFA,TAX_REV,S13,T_4000,_T,PT_B1GQ,A,0.044
2001,BFA,TAX_REV,S13,T_4000,_T,PT_B1GQ,A,0.047
2002,BFA,TAX_REV,S13,T_4000,_T,PT_B1GQ,A,0.054
2003,BFA,TAX_REV,S13,T_4000,_T,PT_B1GQ,A,0.068
2004,BFA,TAX_REV,S13,T_4000,_T,PT_B1GQ,A,0.151
2005,BFA,TAX_REV,S13,T_4000,_T,PT_B1GQ,A,0.064
2006,BFA,TAX_REV,S13,T_4000,_T,PT_B1GQ,A,0.066
2007,BFA,TAX_REV,S13,T_4000,_T,PT_B1GQ,A,0.065
2008,BFA,TAX_REV,S13,T_4000,_T,PT_B1GQ,A,0.082
2009,BFA,TAX_REV,S13,T_4000,_T,PT_B1GQ,A,0.095
2010,BFA,TAX_REV,S13,T_4000,_T,PT_B1GQ,A,0.096
2011,BFA,TAX_REV,S13,T_4000,_T,PT_B1GQ,A,0.096
2012,BFA,TAX_REV,S13,T_4000,_T,PT_B1GQ,A,0.101
2013,BFA,TAX_REV,S13,T_4000,_T,PT_B1GQ,A,0.125
2014,BFA,TAX_REV,S13,T_4000,_T,PT_B1GQ,A,0.153
2015,BFA,TAX_REV,S13,T_4000,_T,PT_B1GQ,A,0.122
2016,BFA,TAX_REV,S13,T_4000,_T,PT_B1GQ,A,0.159
2017,BFA,TAX_REV,S13,T_4000,_T,PT_B1GQ,A,0.12
2018,BFA,TAX_REV,S13,T_4000,_T,PT_B1GQ,A,0.113
2019,BFA,TAX_REV,S13,T_4000,_T,PT_B1GQ,A,0.117
2020,BFA,TAX_REV,S13,T_4000,_T,PT_B1GQ,A,0.128
2021,BFA,TAX_REV,S13,T_4000,_T,PT_B1GQ,A,0.238
2022,BFA,TAX_REV,S13,T_4000,_T,PT_B1GQ,A,0.12
1990,CPV,TAX_REV,S13,T_4000,_T,PT_B1GQ,A,0.879
1991,CPV,TAX_REV,S13,T_4000,_T,PT_B1GQ,A,0.837
1992,CPV,TAX_REV,S13,T_4000,_T,PT_B1GQ,A,0.809
1993,CPV,TAX_REV,S13,T_4000,_T,PT_B1GQ,A,0.934
1994,CPV,TAX_REV,S13,T_4000,_T,PT_B1GQ,A,0.827
1995,CPV,TAX_REV,S13,T_4000,_T,PT_B1GQ,A,0.806
1996,CPV,TAX_REV,S13,T_4000,_T,PT_B1GQ,A,0.822
1997,CPV,TAX_REV,S13,T_4000,_T,PT_B1GQ,A,0.783
1998,CPV,TAX_REV,S13,T_4000,_T,PT_B1GQ,A,0.612
1999,CPV,TAX_REV,S13,T_4000,_T,PT_B1GQ,A,0.677
2000,CPV,TAX_REV,S13,T_4000,_T,PT_B1GQ,A,0.828
2001,CPV,TAX_REV,S13,T_4000,_T,PT_B1GQ,A,0.79
2002,CPV,TAX_REV,S13,T_4000,_T,PT_B1GQ,A,0.917
2003,CPV,TAX_REV,S13,T_4000,_T,PT_B1GQ,A,0.845
2004,CPV,TAX_REV,S13,T_4000,_T,PT_B1GQ,A,0.876
2005,CPV,TAX_REV,S13,T_4000,_T,PT_B1GQ,A,0.877
2006,CPV,TAX_REV,S13,T_4000,_T,PT_B1GQ,A,1.091
2007,CPV,TAX_REV,S13,T_4000,_T,PT_B1GQ,A,1.49
2008,CPV,TAX_REV,S13,T_4000,_T,PT_B1GQ,A,1.814
2009,CPV,TAX_REV,S13,T_4000,_T,PT_B1GQ,A,1.169
2010,CPV,TAX_REV,S13,T_4000,_T,PT_B1GQ,A,0.947
2011,CPV,TAX_REV,S13,T_4000,_T,PT_B1GQ,A,1.082
2012,CPV,TAX_REV,S13,T_4000,_T,PT_B1GQ,A,0.934
2013,CPV,TAX_REV,S13,T_4000,_T,PT_B1GQ,A,0.957
2014,CPV,TAX_REV,S13,T_4000,_T,PT_B1GQ,A,0.95
2015,CPV,TAX_REV,S13,T_4000,_T,PT_B1GQ,A,0.924
2016,CPV,TAX_REV,S13,T_4000,_T,PT_B1GQ,A,0.879
2017,CPV,TAX_REV,S13,T_4000,_T,PT_B1GQ,A,0.587
2018,CPV,TAX_REV,S13,T_4000,_T,PT_B1GQ,A,0.914
2019,CPV,TAX_REV,S13,T_4000,_T,PT_B1GQ,A,0.85
2020,CPV,TAX_REV,S13,T_4000,_T,PT_B1GQ,A,0.88
2021,CPV,TAX_REV,S13,T_4000,_T,PT_B1GQ,A,0.345
2022,CPV,TAX_REV,S13,T_4000,_T,PT_B1GQ,A,0.321
2012,KHM,TAX_REV,S13,T_4000,_T,PT_B1GQ,A,0.38
2013,KHM,TAX_REV,S13,T_4000,_T,PT_B1GQ,A,0.344
2014,KHM,TAX_REV,S13,T_4000,_T,PT_B1GQ,A,0.425
2015,KHM,TAX_REV,S13,T_4000,_T,PT_B1GQ,A,0.445
2016,KHM,TAX_REV,S13,T_4000,_T,PT_B1GQ,A,0.339
2017,KHM,TAX_REV,S13,T_4000,_T,PT_B1GQ,A,0.474
2018,KHM,TAX_REV,S13,T_4000,_T,PT_B1GQ,A,0.592
2019,KHM,TAX_REV,S13,T_4000,_T,PT_B1GQ,A,0.741
2020,KHM,TAX_REV,S13,T_4000,_T,PT_B1GQ,A,0.689
2021,KHM,TAX_REV,S13,T_4000,_T,PT_B1GQ,A,0.601
2022,KHM,TAX_REV,S13,T_4000,_T,PT_B1GQ,A,0.628
2023,KHM,TAX_REV,S13,T_4000,_T,PT_B1GQ,A,0.496
1993,CMR,TAX_REV,S13,T_4000,_T,PT_B1GQ,A,0.154
1994,CMR,TAX_REV,S13,T_4000,_T,PT_B1GQ,A,0.128
1995,CMR,TAX_REV,S13,T_4000,_T,PT_B1GQ,A,0.151
1996,CMR,TAX_REV,S13,T_4000,_T,PT_B1GQ,A,0.08
1997,CMR,TAX_REV,S13,T_4000,_T,PT_B1GQ,A,0.073
1998,CMR,TAX_REV,S13,T_4000,_T,PT_B1GQ,A,0.079
1999,CMR,TAX_REV,S13,T_4000,_T,PT_B1GQ,A,0.103
2000,CMR,TAX_REV,S13,T_4000,_T,PT_B1GQ,A,0.175
2001,CMR,TAX_REV,S13,T_4000,_T,PT_B1GQ,A,0.163
2002,CMR,TAX_REV,S13,T_4000,_T,PT_B1GQ,A,0.16
2003,CMR,TAX_REV,S13,T_4000,_T,PT_B1GQ,A,0.134
2004,CMR,TAX_REV,S13,T_4000,_T,PT_B1GQ,A,0.116
2005,CMR,TAX_REV,S13,T_4000,_T,PT_B1GQ,A,0.13
2006,CMR,TAX_REV,S13,T_4000,_T,PT_B1GQ,A,0.144
2007,CMR,TAX_REV,S13,T_4000,_T,PT_B1GQ,A,0.152
2008,CMR,TAX_REV,S13,T_4000,_T,PT_B1GQ,A,0.149
2009,CMR,TAX_REV,S13,T_4000,_T,PT_B1GQ,A,0.136
2010,CMR,TAX_REV,S13,T_4000,_T,PT_B1GQ,A,0.132
2011,CMR,TAX_REV,S13,T_4000,_T,PT_B1GQ,A,0.09
2012,CMR,TAX_REV,S13,T_4000,_T,PT_B1GQ,A,0.098
2013,CMR,TAX_REV,S13,T_4000,_T,PT_B1GQ,A,0.125
2014,CMR,TAX_REV,S13,T_4000,_T,PT_B1GQ,A,0.117
2015,CMR,TAX_REV,S13,T_4000,_T,PT_B1GQ,A,0.134
2016,CMR,TAX_REV,S13,T_4000,_T,PT_B1GQ,A,0.152
2017,CMR,TAX_REV,S13,T_4000,_T,PT_B1GQ,A,0.159
2018,CMR,TAX_REV,S13,T_4000,_T,PT_B1GQ,A,0.114
2019,CMR,TAX_REV,S13,T_4000,_T,PT_B1GQ,A,0.117
2020,CMR,TAX_REV,S13,T_4000,_T,PT_B1GQ,A,0.109
2021,CMR,TAX_REV,S13,T_4000,_T,PT_B1GQ,A,0.116
2022,CMR,TAX_REV,S13,T_4000,_T,PT_B1GQ,A,0.097
2010,TCD,TAX_REV,S13,T_4000,_T,PT_B1GQ,A,0.338
2011,TCD,TAX_REV,S13,T_4000,_T,PT_B1GQ,A,0.213
2012,TCD,TAX_REV,S13,T_4000,_T,PT_B1GQ,A,0.355
2013,TCD,TAX_REV,S13,T_4000,_T,PT_B1GQ,A,0.458
2014,TCD,TAX_REV,S13,T_4000,_T,PT_B1GQ,A,0.27
2015,TCD,TAX_REV,S13,T_4000,_T,PT_B1GQ,A,0.139
2016,TCD,TAX_REV,S13,T_4000,_T,PT_B1GQ,A,0.1
2017,TCD,TAX_REV,S13,T_4000,_T,PT_B1GQ,A,0.074
2018,TCD,TAX_REV,S13,T_4000,_T,PT_B1GQ,A,0.093
2019,TCD,TAX_REV,S13,T_4000,_T,PT_B1GQ,A,0.271
2020,TCD,TAX_REV,S13,T_4000,_T,PT_B1GQ,A,0.373
2021,TCD,TAX_REV,S13,T_4000,_T,PT_B1GQ,A,0.299
2022,TCD,TAX_REV,S13,T_4000,_T,PT_B1GQ,A,0.219
2007,CHN,TAX_REV,S13,T_4000,_T,PT_B1GQ,A,1.615
2008,CHN,TAX_REV,S13,T_4000,_T,PT_B1GQ,A,1.269
2009,CHN,TAX_REV,S13,T_4000,_T,PT_B1GQ,A,1.229
2010,CHN,TAX_REV,S13,T_4000,_T,PT_B1GQ,A,1.289
2011,CHN,TAX_REV,S13,T_4000,_T,PT_B1GQ,A,1.237
2012,CHN,TAX_REV,S13,T_4000,_T,PT_B1GQ,A,1.237
2013,CHN,TAX_REV,S13,T_4000,_T,PT_B1GQ,A,1.39
2014,CHN,TAX_REV,S13,T_4000,_T,PT_B1GQ,A,1.431
2015,CHN,TAX_REV,S13,T_4000,_T,PT_B1GQ,A,1.642
2016,CHN,TAX_REV,S13,T_4000,_T,PT_B1GQ,A,1.443
2017,CHN,TAX_REV,S13,T_4000,_T,PT_B1GQ,A,1.426
2018,CHN,TAX_REV,S13,T_4000,_T,PT_B1GQ,A,1.411
2019,CHN,TAX_REV,S13,T_4000,_T,PT_B1GQ,A,1.378
2020,CHN,TAX_REV,S13,T_4000,_T,PT_B1GQ,A,1.454
2021,CHN,TAX_REV,S13,T_4000,_T,PT_B1GQ,A,1.44
2022,CHN,TAX_REV,S13,T_4000,_T,PT_B1GQ,A,1.297
2023,CHN,TAX_REV,S13,T_4000,_T,PT_B1GQ,A,1.229
1998,COG,TAX_REV,S13,T_4000,_T,PT_B1GQ,A,0.057
1999,COG,TAX_REV,S13,T_4000,_T,PT_B1GQ,A,0.048
2000,COG,TAX_REV,S13,T_4000,_T,PT_B1GQ,A,0.05
2001,COG,TAX_REV,S13,T_4000,_T,PT_B1GQ,A,0.089
2002,COG,TAX_REV,S13,T_4000,_T,PT_B1GQ,A,0.071
2003,COG,TAX_REV,S13,T_4000,_T,PT_B1GQ,A,0.082
2004,COG,TAX_REV,S13,T_4000,_T,PT_B1GQ,A,0.063
2005,COG,TAX_REV,S13,T_4000,_T,PT_B1GQ,A,0.045
2006,COG,TAX_REV,S13,T_4000,_T,PT_B1GQ,A,0.097
2007,COG,TAX_REV,S13,T_4000,_T,PT_B1GQ,A,0.045
2008,COG,TAX_REV,S13,T_4000,_T,PT_B1GQ,A,0.051
2009,COG,TAX_REV,S13,T_4000,_T,PT_B1GQ,A,0.068
2010,COG,TAX_REV,S13,T_4000,_T,PT_B1GQ,A,0.185
2011,COG,TAX_REV,S13,T_4000,_T,PT_B1GQ,A,0.2
2012,COG,TAX_REV,S13,T_4000,_T,PT_B1GQ,A,0.193
2013,COG,TAX_REV,S13,T_4000,_T,PT_B1GQ,A,0.238
2014,COG,TAX_REV,S13,T_4000,_T,PT_B1GQ,A,0.227
2015,COG,TAX_REV,S13,T_4000,_T,PT_B1GQ,A,0.674
2016,COG,TAX_REV,S13,T_4000,_T,PT_B1GQ,A,0.232
2017,COG,TAX_REV,S13,T_4000,_T,PT_B1GQ,A,0.244
2018,COG,TAX_REV,S13,T_4000,_T,PT_B1GQ,A,0.208
2019,COG,TAX_REV,S13,T_4000,_T,PT_B1GQ,A,0.282
2020,COG,TAX_REV,S13,T_4000,_T,PT_B1GQ,A,0.292
2021,COG,TAX_REV,S13,T_4000,_T,PT_B1GQ,A,0.322
2022,COG,TAX_REV,S13,T_4000,_T,PT_B1GQ,A,0.265
1990,CIV,TAX_REV,S13,T_4000,_T,PT_B1GQ,A,0.209
1991,CIV,TAX_REV,S13,T_4000,_T,PT_B1GQ,A,0.399
1992,CIV,TAX_REV,S13,T_4000,_T,PT_B1GQ,A,0.43
1993,CIV,TAX_REV,S13,T_4000,_T,PT_B1GQ,A,0.281
1994,CIV,TAX_REV,S13,T_4000,_T,PT_B1GQ,A,0.247
1995,CIV,TAX_REV,S13,T_4000,_T,PT_B1GQ,A,0.209
1996,CIV,TAX_REV,S13,T_4000,_T,PT_B1GQ,A,0.27
1997,CIV,TAX_REV,S13,T_4000,_T,PT_B1GQ,A,0.323
1998,CIV,TAX_REV,S13,T_4000,_T,PT_B1GQ,A,0.249
1999,CIV,TAX_REV,S13,T_4000,_T,PT_B1GQ,A,0.278
2000,CIV,TAX_REV,S13,T_4000,_T,PT_B1GQ,A,0.31
2001,CIV,TAX_REV,S13,T_4000,_T,PT_B1GQ,A,0.359
2002,CIV,TAX_REV,S13,T_4000,_T,PT_B1GQ,A,0.354
2003,CIV,TAX_REV,S13,T_4000,_T,PT_B1GQ,A,0.32
2004,CIV,TAX_REV,S13,T_4000,_T,PT_B1GQ,A,0.336
2005,CIV,TAX_REV,S13,T_4000,_T,PT_B1GQ,A,0.352
2006,CIV,TAX_REV,S13,T_4000,_T,PT_B1GQ,A,0.356
2007,CIV,TAX_REV,S13,T_4000,_T,PT_B1GQ,A,0.314
2008,CIV,TAX_REV,S13,T_4000,_T,PT_B1GQ,A,0.305
2009,CIV,TAX_REV,S13,T_4000,_T,PT_B1GQ,A,0.304
2010,CIV,TAX_REV,S13,T_4000,_T,PT_B1GQ,A,0.292
2011,CIV,TAX_REV,S13,T_4000,_T,PT_B1GQ,A,0.23
2012,CIV,TAX_REV,S13,T_4000,_T,PT_B1GQ,A,0.323
2013,CIV,TAX_REV,S13,T_4000,_T,PT_B1GQ,A,0.386
2014,CIV,TAX_REV,S13,T_4000,_T,PT_B1GQ,A,0.331
2015,CIV,TAX_REV,S13,T_4000,_T,PT_B1GQ,A,0.329
2016,CIV,TAX_REV,S13,T_4000,_T,PT_B1GQ,A,0.372
2017,CIV,TAX_REV,S13,T_4000,_T,PT_B1GQ,A,0.336
2018,CIV,TAX_REV,S13,T_4000,_T,PT_B1GQ,A,0.37
2019,CIV,TAX_REV,S13,T_4000,_T,PT_B1GQ,A,0.395
2020,CIV,TAX_REV,S13,T_4000,_T,PT_B1GQ,A,0.373
2021,CIV,TAX_REV,S13,T_4000,_T,PT_B1GQ,A,0.427
2022,CIV,TAX_REV,S13,T_4000,_T,PT_B1GQ,A,0.424
1995,HRV,TAX_REV,S13,T_4000,_T,PT_B1GQ,A,0.711
1996,HRV,TAX_REV,S13,T_4000,_T,PT_B1GQ,A,1.074
1997,HRV,TAX_REV,S13,T_4000,_T,PT_B1GQ,A,1.156
1998,HRV,TAX_REV,S13,T_4000,_T,PT_B1GQ,A,1.116
1999,HRV,TAX_REV,S13,T_4000,_T,PT_B1GQ,A,1.105
2000,HRV,TAX_REV,S13,T_4000,_T,PT_B1GQ,A,1.084
2001,HRV,TAX_REV,S13,T_4000,_T,PT_B1GQ,A,1.115
2002,HRV,TAX_REV,S13,T_4000,_T,PT_B1GQ,A,1.068
2003,HRV,TAX_REV,S13,T_4000,_T,PT_B1GQ,A,1.007
2004,HRV,TAX_REV,S13,T_4000,_T,PT_B1GQ,A,1.034
2005,HRV,TAX_REV,S13,T_4000,_T,PT_B1GQ,A,1.053
2006,HRV,TAX_REV,S13,T_4000,_T,PT_B1GQ,A,1.152
2007,HRV,TAX_REV,S13,T_4000,_T,PT_B1GQ,A,1.254
2008,HRV,TAX_REV,S13,T_4000,_T,PT_B1GQ,A,1.32
2009,HRV,TAX_REV,S13,T_4000,_T,PT_B1GQ,A,1.247
2010,HRV,TAX_REV,S13,T_4000,_T,PT_B1GQ,A,1.152
2011,HRV,TAX_REV,S13,T_4000,_T,PT_B1GQ,A,1.242
2012,HRV,TAX_REV,S13,T_4000,_T,PT_B1GQ,A,1.147
2013,HRV,TAX_REV,S13,T_4000,_T,PT_B1GQ,A,1.165
2014,HRV,TAX_REV,S13,T_4000,_T,PT_B1GQ,A,1.146
2015,HRV,TAX_REV,S13,T_4000,_T,PT_B1GQ,A,1.12
2016,HRV,TAX_REV,S13,T_4000,_T,PT_B1GQ,A,1.115
2017,HRV,TAX_REV,S13,T_4000,_T,PT_B1GQ,A,1.094
2018,HRV,TAX_REV,S13,T_4000,_T,PT_B1GQ,A,1.176
2019,HRV,TAX_REV,S13,T_4000,_T,PT_B1GQ,A,1.154
2020,HRV,TAX_REV,S13,T_4000,_T,PT_B1GQ,A,1.092
2021,HRV,TAX_REV,S13,T_4000,_T,PT_B1GQ,A,1.094
2022,HRV,TAX_REV,S13,T_4000,_T,PT_B1GQ,A,1.064
2010,COD,TAX_REV,S13,T_4000,_T,PT_B1GQ,A,0.048
2011,COD,TAX_REV,S13,T_4000,_T,PT_B1GQ,A,0.022
2012,COD,TAX_REV,S13,T_4000,_T,PT_B1GQ,A,0.034
2013,COD,TAX_REV,S13,T_4000,_T,PT_B1GQ,A,0.015
2014,COD,TAX_REV,S13,T_4000,_T,PT_B1GQ,A,0.039
2015,COD,TAX_REV,S13,T_4000,_T,PT_B1GQ,A,0.035
2016,COD,TAX_REV,S13,T_4000,_T,PT_B1GQ,A,0.038
2017,COD,TAX_REV,S13,T_4000,_T,PT_B1GQ,A,0.034
2018,COD,TAX_REV,S13,T_4000,_T,PT_B1GQ,A,0.05
2019,COD,TAX_REV,S13,T_4000,_T,PT_B1GQ,A,0.053
2020,COD,TAX_REV,S13,T_4000,_T,PT_B1GQ,A,0.061
2021,COD,TAX_REV,S13,T_4000,_T,PT_B1GQ,A,0.054
2022,COD,TAX_REV,S13,T_4000,_T,PT_B1GQ,A,0.068
1990,DOM,TAX_REV,S13,T_4000,_T,PT_B1GQ,A,0.096
1991,DOM,TAX_REV,S13,T_4000,_T,PT_B1GQ,A,0.072
1992,DOM,TAX_REV,S13,T_4000,_T,PT_B1GQ,A,0.08
1993,DOM,TAX_REV,S13,T_4000,_T,PT_B1GQ,A,0.091
1994,DOM,TAX_REV,S13,T_4000,_T,PT_B1GQ,A,0.096
1995,DOM,TAX_REV,S13,T_4000,_T,PT_B1GQ,A,0.092
1996,DOM,TAX_REV,S13,T_4000,_T,PT_B1GQ,A,0.095
1997,DOM,TAX_REV,S13,T_4000,_T,PT_B1GQ,A,0.119
1998,DOM,TAX_REV,S13,T_4000,_T,PT_B1GQ,A,0.128
1999,DOM,TAX_REV,S13,T_4000,_T,PT_B1GQ,A,0.16
2000,DOM,TAX_REV,S13,T_4000,_T,PT_B1GQ,A,0.164
2001,DOM,TAX_REV,S13,T_4000,_T,PT_B1GQ,A,0.174
2002,DOM,TAX_REV,S13,T_4000,_T,PT_B1GQ,A,0.191
2003,DOM,TAX_REV,S13,T_4000,_T,PT_B1GQ,A,0.199
2004,DOM,TAX_REV,S13,T_4000,_T,PT_B1GQ,A,0.3
2005,DOM,TAX_REV,S13,T_4000,_T,PT_B1GQ,A,0.611
2006,DOM,TAX_REV,S13,T_4000,_T,PT_B1GQ,A,0.617
2007,DOM,TAX_REV,S13,T_4000,_T,PT_B1GQ,A,0.665
2008,DOM,TAX_REV,S13,T_4000,_T,PT_B1GQ,A,0.687
2009,DOM,TAX_REV,S13,T_4000,_T,PT_B1GQ,A,0.628
2010,DOM,TAX_REV,S13,T_4000,_T,PT_B1GQ,A,0.626
2011,DOM,TAX_REV,S13,T_4000,_T,PT_B1GQ,A,0.675
2012,DOM,TAX_REV,S13,T_4000,_T,PT_B1GQ,A,0.781
2013,DOM,TAX_REV,S13,T_4000,_T,PT_B1GQ,A,0.846
2014,DOM,TAX_REV,S13,T_4000,_T,PT_B1GQ,A,0.598
2015,DOM,TAX_REV,S13,T_4000,_T,PT_B1GQ,A,0.572
2016,DOM,TAX_REV,S13,T_4000,_T,PT_B1GQ,A,0.568
2017,DOM,TAX_REV,S13,T_4000,_T,PT_B1GQ,A,0.565
2018,DOM,TAX_REV,S13,T_4000,_T,PT_B1GQ,A,0.566
2019,DOM,TAX_REV,S13,T_4000,_T,PT_B1GQ,A,0.6
2020,DOM,TAX_REV,S13,T_4000,_T,PT_B1GQ,A,0.547
2021,DOM,TAX_REV,S13,T_4000,_T,PT_B1GQ,A,0.849
2022,DOM,TAX_REV,S13,T_4000,_T,PT_B1GQ,A,0.72
2023,DOM,TAX_REV,S13,T_4000,_T,PT_B1GQ,A,0.722
1990,ECU,TAX_REV,S13,T_4000,_T,PT_B1GQ,A,0.104
1991,ECU,TAX_REV,S13,T_4000,_T,PT_B1GQ,A,0.071
1992,ECU,TAX_REV,S13,T_4000,_T,PT_B1GQ,A,0.084
1993,ECU,TAX_REV,S13,T_4000,_T,PT_B1GQ,A,0.082
1994,ECU,TAX_REV,S13,T_4000,_T,PT_B1GQ,A,0.169
1995,ECU,TAX_REV,S13,T_4000,_T,PT_B1GQ,A,0.175
1996,ECU,TAX_REV,S13,T_4000,_T,PT_B1GQ,A,0.169
1997,ECU,TAX_REV,S13,T_4000,_T,PT_B1GQ,A,0.151
1998,ECU,TAX_REV,S13,T_4000,_T,PT_B1GQ,A,0.14
1999,ECU,TAX_REV,S13,T_4000,_T,PT_B1GQ,A,0.133
2000,ECU,TAX_REV,S13,T_4000,_T,PT_B1GQ,A,0.095
2001,ECU,TAX_REV,S13,T_4000,_T,PT_B1GQ,A,0.156
2002,ECU,TAX_REV,S13,T_4000,_T,PT_B1GQ,A,0.189
2003,ECU,TAX_REV,S13,T_4000,_T,PT_B1GQ,A,0.251
2004,ECU,TAX_REV,S13,T_4000,_T,PT_B1GQ,A,0.232
2005,ECU,TAX_REV,S13,T_4000,_T,PT_B1GQ,A,0.172
2006,ECU,TAX_REV,S13,T_4000,_T,PT_B1GQ,A,0.175
2007,ECU,TAX_REV,S13,T_4000,_T,PT_B1GQ,A,0.179
2008,ECU,TAX_REV,S13,T_4000,_T,PT_B1GQ,A,0.159
2009,ECU,TAX_REV,S13,T_4000,_T,PT_B1GQ,A,0.213
2010,ECU,TAX_REV,S13,T_4000,_T,PT_B1GQ,A,0.228
2011,ECU,TAX_REV,S13,T_4000,_T,PT_B1GQ,A,0.22
2012,ECU,TAX_REV,S13,T_4000,_T,PT_B1GQ,A,0.24
2013,ECU,TAX_REV,S13,T_4000,_T,PT_B1GQ,A,0.265
2014,ECU,TAX_REV,S13,T_4000,_T,PT_B1GQ,A,0.256
2015,ECU,TAX_REV,S13,T_4000,_T,PT_B1GQ,A,0.306
2016,ECU,TAX_REV,S13,T_4000,_T,PT_B1GQ,A,0.639
2017,ECU,TAX_REV,S13,T_4000,_T,PT_B1GQ,A,0.333
2018,ECU,TAX_REV,S13,T_4000,_T,PT_B1GQ,A,0.346
2019,ECU,TAX_REV,S13,T_4000,_T,PT_B1GQ,A,0.326
2020,ECU,TAX_REV,S13,T_4000,_T,PT_B1GQ,A,0.337
2021,ECU,TAX_REV,S13,T_4000,_T,PT_B1GQ,A,0.339
2022,ECU,TAX_REV,S13,T_4000,_T,PT_B1GQ,A,0.857
2023,ECU,TAX_REV,S13,T_4000,_T,PT_B1GQ,A,0.624
2002,EGY,TAX_REV,S13,T_4000,_T,PT_B1GQ,A,0.203
2003,EGY,TAX_REV,S13,T_4000,_T,PT_B1GQ,A,0.15
2004,EGY,TAX_REV,S13,T_4000,_T,PT_B1GQ,A,0.113
2005,EGY,TAX_REV,S13,T_4000,_T,PT_B1GQ,A,0.113
2006,EGY,TAX_REV,S13,T_4000,_T,PT_B1GQ,A,0.105
2007,EGY,TAX_REV,S13,T_4000,_T,PT_B1GQ,A,0.105
2008,EGY,TAX_REV,S13,T_4000,_T,PT_B1GQ,A,0.106
2009,EGY,TAX_REV,S13,T_4000,_T,PT_B1GQ,A,0.106
2010,EGY,TAX_REV,S13,T_4000,_T,PT_B1GQ,A,0.089
2011,EGY,TAX_REV,S13,T_4000,_T,PT_B1GQ,A,0.065
2012,EGY,TAX_REV,S13,T_4000,_T,PT_B1GQ,A,0.068
2013,EGY,TAX_REV,S13,T_4000,_T,PT_B1GQ,A,0.065
2014,EGY,TAX_REV,S13,T_4000,_T,PT_B1GQ,A,0.055
2015,EGY,TAX_REV,S13,T_4000,_T,PT_B1GQ,A,0.086
2016,EGY,TAX_REV,S13,T_4000,_T,PT_B1GQ,A,0.087
2017,EGY,TAX_REV,S13,T_4000,_T,PT_B1GQ,A,0.089
2018,EGY,TAX_REV,S13,T_4000,_T,PT_B1GQ,A,0.09
2019,EGY,TAX_REV,S13,T_4000,_T,PT_B1GQ,A,0.112
2020,EGY,TAX_REV,S13,T_4000,_T,PT_B1GQ,A,0.079
2021,EGY,TAX_REV,S13,T_4000,_T,PT_B1GQ,A,0.104
2022,EGY,TAX_REV,S13,T_4000,_T,PT_B1GQ,A,0.083
1990,SLV,TAX_REV,S13,T_4000,_T,PT_B1GQ,A,0.538
1991,SLV,TAX_REV,S13,T_4000,_T,PT_B1GQ,A,0.632
1992,SLV,TAX_REV,S13,T_4000,_T,PT_B1GQ,A,0.652
1993,SLV,TAX_REV,S13,T_4000,_T,PT_B1GQ,A,0.42
1994,SLV,TAX_REV,S13,T_4000,_T,PT_B1GQ,A,0.431
1995,SLV,TAX_REV,S13,T_4000,_T,PT_B1GQ,A,0.145
1996,SLV,TAX_REV,S13,T_4000,_T,PT_B1GQ,A,0.105
1997,SLV,TAX_REV,S13,T_4000,_T,PT_B1GQ,A,0.131
1998,SLV,TAX_REV,S13,T_4000,_T,PT_B1GQ,A,0.131
1999,SLV,TAX_REV,S13,T_4000,_T,PT_B1GQ,A,0.121
2000,SLV,TAX_REV,S13,T_4000,_T,PT_B1GQ,A,0.098
2001,SLV,TAX_REV,S13,T_4000,_T,PT_B1GQ,A,0.094
2002,SLV,TAX_REV,S13,T_4000,_T,PT_B1GQ,A,0.096
2003,SLV,TAX_REV,S13,T_4000,_T,PT_B1GQ,A,0.103
2004,SLV,TAX_REV,S13,T_4000,_T,PT_B1GQ,A,0.111
2005,SLV,TAX_REV,S13,T_4000,_T,PT_B1GQ,A,0.123
2014,MDA,TAX_REV,S13,T_4000,_T,PT_B1GQ,A,0.262
2015,MDA,TAX_REV,S13,T_4000,_T,PT_B1GQ,A,0.246
2016,MDA,TAX_REV,S13,T_4000,_T,PT_B1GQ,A,0.254
2017,MDA,TAX_REV,S13,T_4000,_T,PT_B1GQ,A,0.31
2018,MDA,TAX_REV,S13,T_4000,_T,PT_B1GQ,A,0.298
2019,MDA,TAX_REV,S13,T_4000,_T,PT_B1GQ,A,0.281
2020,MDA,TAX_REV,S13,T_4000,_T,PT_B1GQ,A,0.292
2021,MDA,TAX_REV,S13,T_4000,_T,PT_B1GQ,A,0.31
2022,MDA,TAX_REV,S13,T_4000,_T,PT_B1GQ,A,0.275
2023,MDA,TAX_REV,S13,T_4000,_T,PT_B1GQ,A,0.261
2006,MNG,TAX_REV,S13,T_4000,_T,PT_B1GQ,A,0.549
2007,MNG,TAX_REV,S13,T_4000,_T,PT_B1GQ,A,0.559
2008,MNG,TAX_REV,S13,T_4000,_T,PT_B1GQ,A,0.522
2009,MNG,TAX_REV,S13,T_4000,_T,PT_B1GQ,A,0.619
2010,MNG,TAX_REV,S13,T_4000,_T,PT_B1GQ,A,0.48
2011,MNG,TAX_REV,S13,T_4000,_T,PT_B1GQ,A,0.394
2012,MNG,TAX_REV,S13,T_4000,_T,PT_B1GQ,A,0.399
2013,MNG,TAX_REV,S13,T_4000,_T,PT_B1GQ,A,0.576
2014,MNG,TAX_REV,S13,T_4000,_T,PT_B1GQ,A,0.519
2015,MNG,TAX_REV,S13,T_4000,_T,PT_B1GQ,A,0.511
2016,MNG,TAX_REV,S13,T_4000,_T,PT_B1GQ,A,0.523
2017,MNG,TAX_REV,S13,T_4000,_T,PT_B1GQ,A,0.559
2018,MNG,TAX_REV,S13,T_4000,_T,PT_B1GQ,A,0.517
2019,MNG,TAX_REV,S13,T_4000,_T,PT_B1GQ,A,0.587
2020,MNG,TAX_REV,S13,T_4000,_T,PT_B1GQ,A,0.601
2021,MNG,TAX_REV,S13,T_4000,_T,PT_B1GQ,A,0.649
2022,MNG,TAX_REV,S13,T_4000,_T,PT_B1GQ,A,0.668
2023,MNG,TAX_REV,S13,T_4000,_T,PT_B1GQ,A,0.729
2000,MAR,TAX_REV,S13,T_4000,_T,PT_B1GQ,A,1.21
2001,MAR,TAX_REV,S13,T_4000,_T,PT_B1GQ,A,1.228
2002,MAR,TAX_REV,S13,T_4000,_T,PT_B1GQ,A,1.295
2003,MAR,TAX_REV,S13,T_4000,_T,PT_B1GQ,A,1.283
2004,MAR,TAX_REV,S13,T_4000,_T,PT_B1GQ,A,1.291
2005,MAR,TAX_REV,S13,T_4000,_T,PT_B1GQ,A,1.405
2006,MAR,TAX_REV,S13,T_4000,_T,PT_B1GQ,A,1.426
2007,MAR,TAX_REV,S13,T_4000,_T,PT_B1GQ,A,1.63
2008,MAR,TAX_REV,S13,T_4000,_T,PT_B1GQ,A,1.538
2009,MAR,TAX_REV,S13,T_4000,_T,PT_B1GQ,A,1.356
2010,MAR,TAX_REV,S13,T_4000,_T,PT_B1GQ,A,1.496
2011,MAR,TAX_REV,S13,T_4000,_T,PT_B1GQ,A,1.48
2012,MAR,TAX_REV,S13,T_4000,_T,PT_B1GQ,A,1.684
2013,MAR,TAX_REV,S13,T_4000,_T,PT_B1GQ,A,1.75
2014,MAR,TAX_REV,S13,T_4000,_T,PT_B1GQ,A,1.79
2015,MAR,TAX_REV,S13,T_4000,_T,PT_B1GQ,A,1.812
2016,MAR,TAX_REV,S13,T_4000,_T,PT_B1GQ,A,1.844
2017,MAR,TAX_REV,S13,T_4000,_T,PT_B1GQ,A,1.453
2018,MAR,TAX_REV,S13,T_4000,_T,PT_B1GQ,A,1.395
2019,MAR,TAX_REV,S13,T_4000,_T,PT_B1GQ,A,1.334
2020,MAR,TAX_REV,S13,T_4000,_T,PT_B1GQ,A,1.167
2021,MAR,TAX_REV,S13,T_4000,_T,PT_B1GQ,A,1.458
2022,MAR,TAX_REV,S13,T_4000,_T,PT_B1GQ,A,1.492
2006,MOZ,TAX_REV,S13,T_4000,_T,PT_B1GQ,A,0.089
2007,MOZ,TAX_REV,S13,T_4000,_T,PT_B1GQ,A,0.115
2008,MOZ,TAX_REV,S13,T_4000,_T,PT_B1GQ,A,0.103
2009,MOZ,TAX_REV,S13,T_4000,_T,PT_B1GQ,A,0.13
2010,MOZ,TAX_REV,S13,T_4000,_T,PT_B1GQ,A,0.154
2011,MOZ,TAX_REV,S13,T_4000,_T,PT_B1GQ,A,0.159
2012,MOZ,TAX_REV,S13,T_4000,_T,PT_B1GQ,A,0.18
2013,MOZ,TAX_REV,S13,T_4000,_T,PT_B1GQ,A,0.183
2014,MOZ,TAX_REV,S13,T_4000,_T,PT_B1GQ,A,0.2
2015,MOZ,TAX_REV,S13,T_4000,_T,PT_B1GQ,A,0.216
2016,MOZ,TAX_REV,S13,T_4000,_T,PT_B1GQ,A,0.225
2017,MOZ,TAX_REV,S13,T_4000,_T,PT_B1GQ,A,0.274
2018,MOZ,TAX_REV,S13,T_4000,_T,PT_B1GQ,A,0.344
2019,MOZ,TAX_REV,S13,T_4000,_T,PT_B1GQ,A,0.275
2020,MOZ,TAX_REV,S13,T_4000,_T,PT_B1GQ,A,0.413
2021,MOZ,TAX_REV,S13,T_4000,_T,PT_B1GQ,A,0.631
2022,MOZ,TAX_REV,S13,T_4000,_T,PT_B1GQ,A,0.259
2006,NAM,TAX_REV,S13,T_4000,_T,PT_B1GQ,A,0.26
2007,NAM,TAX_REV,S13,T_4000,_T,PT_B1GQ,A,0.234
2008,NAM,TAX_REV,S13,T_4000,_T,PT_B1GQ,A,0.24
2009,NAM,TAX_REV,S13,T_4000,_T,PT_B1GQ,A,0.288
2010,NAM,TAX_REV,S13,T_4000,_T,PT_B1GQ,A,0.164
2011,NAM,TAX_REV,S13,T_4000,_T,PT_B1GQ,A,0.248
2012,NAM,TAX_REV,S13,T_4000,_T,PT_B1GQ,A,0.264
2013,NAM,TAX_REV,S13,T_4000,_T,PT_B1GQ,A,0.214
2014,NAM,TAX_REV,S13,T_4000,_T,PT_B1GQ,A,0.21
2015,NAM,TAX_REV,S13,T_4000,_T,PT_B1GQ,A,0.21
2016,NAM,TAX_REV,S13,T_4000,_T,PT_B1GQ,A,0.176
2017,NAM,TAX_REV,S13,T_4000,_T,PT_B1GQ,A,0.155
2018,NAM,TAX_REV,S13,T_4000,_T,PT_B1GQ,A,0.122
2019,NAM,TAX_REV,S13,T_4000,_T,PT_B1GQ,A,0.097
2020,NAM,TAX_REV,S13,T_4000,_T,PT_B1GQ,A,0.098
2021,NAM,TAX_REV,S13,T_4000,_T,PT_B1GQ,A,0.128
2022,NAM,TAX_REV,S13,T_4000,_T,PT_B1GQ,A,0.117
1991,NIC,TAX_REV,S13,T_4000,_T,PT_B1GQ,A,0.722
1992,NIC,TAX_REV,S13,T_4000,_T,PT_B1GQ,A,0.471
1993,NIC,TAX_REV,S13,T_4000,_T,PT_B1GQ,A,0.608
1994,NIC,TAX_REV,S13,T_4000,_T,PT_B1GQ,A,0.661
1995,NIC,TAX_REV,S13,T_4000,_T,PT_B1GQ,A,0.71
1996,NIC,TAX_REV,S13,T_4000,_T,PT_B1GQ,A,0.724
1997,NIC,TAX_REV,S13,T_4000,_T,PT_B1GQ,A,0.468
1998,NIC,TAX_REV,S13,T_4000,_T,PT_B1GQ,A,0.035
1999,NIC,TAX_REV,S13,T_4000,_T,PT_B1GQ,A,0.023
2000,NIC,TAX_REV,S13,T_4000,_T,PT_B1GQ,A,0.017
2001,NIC,TAX_REV,S13,T_4000,_T,PT_B1GQ,A,0.017
2002,NIC,TAX_REV,S13,T_4000,_T,PT_B1GQ,A,0.017
2003,NIC,TAX_REV,S13,T_4000,_T,PT_B1GQ,A,0.016
2004,NIC,TAX_REV,S13,T_4000,_T,PT_B1GQ,A,0.223
2005,NIC,TAX_REV,S13,T_4000,_T,PT_B1GQ,A,0.215
2006,NIC,TAX_REV,S13,T_4000,_T,PT_B1GQ,A,0.245
2007,NIC,TAX_REV,S13,T_4000,_T,PT_B1GQ,A,0.247
2008,NIC,TAX_REV,S13,T_4000,_T,PT_B1GQ,A,0.21
2009,NIC,TAX_REV,S13,T_4000,_T,PT_B1GQ,A,0.214
2010,NIC,TAX_REV,S13,T_4000,_T,PT_B1GQ,A,0.226
2011,NIC,TAX_REV,S13,T_4000,_T,PT_B1GQ,A,0.221
2012,NIC,TAX_REV,S13,T_4000,_T,PT_B1GQ,A,0.21
2013,NIC,TAX_REV,S13,T_4000,_T,PT_B1GQ,A,0.241
2014,NIC,TAX_REV,S13,T_4000,_T,PT_B1GQ,A,0.232
2015,NIC,TAX_REV,S13,T_4000,_T,PT_B1GQ,A,0.222
2016,NIC,TAX_REV,S13,T_4000,_T,PT_B1GQ,A,0.219
2017,NIC,TAX_REV,S13,T_4000,_T,PT_B1GQ,A,0.216
2018,NIC,TAX_REV,S13,T_4000,_T,PT_B1GQ,A,0.234
2019,NIC,TAX_REV,S13,T_4000,_T,PT_B1GQ,A,0.284
2020,NIC,TAX_REV,S13,T_4000,_T,PT_B1GQ,A,0.322
2021,NIC,TAX_REV,S13,T_4000,_T,PT_B1GQ,A,0.357
2022,NIC,TAX_REV,S13,T_4000,_T,PT_B1GQ,A,0.323
2023,NIC,TAX_REV,S13,T_4000,_T,PT_B1GQ,A,0.323
2000,NER,TAX_REV,S13,T_4000,_T,PT_B1GQ,A,0.079
2001,NER,TAX_REV,S13,T_4000,_T,PT_B1GQ,A,0.073
2002,NER,TAX_REV,S13,T_4000,_T,PT_B1GQ,A,0.047
2003,NER,TAX_REV,S13,T_4000,_T,PT_B1GQ,A,0.057
2004,NER,TAX_REV,S13,T_4000,_T,PT_B1GQ,A,0.072
2005,NER,TAX_REV,S13,T_4000,_T,PT_B1GQ,A,0.069
2006,NER,TAX_REV,S13,T_4000,_T,PT_B1GQ,A,0.079
2007,NER,TAX_REV,S13,T_4000,_T,PT_B1GQ,A,0.073
2008,NER,TAX_REV,S13,T_4000,_T,PT_B1GQ,A,0.043
2009,NER,TAX_REV,S13,T_4000,_T,PT_B1GQ,A,0.054
2010,NER,TAX_REV,S13,T_4000,_T,PT_B1GQ,A,0.075
2011,NER,TAX_REV,S13,T_4000,_T,PT_B1GQ,A,0.07
2012,NER,TAX_REV,S13,T_4000,_T,PT_B1GQ,A,0.069
2013,NER,TAX_REV,S13,T_4000,_T,PT_B1GQ,A,0.034
2014,NER,TAX_REV,S13,T_4000,_T,PT_B1GQ,A,0.03
2015,NER,TAX_REV,S13,T_4000,_T,PT_B1GQ,A,0.048
2016,NER,TAX_REV,S13,T_4000,_T,PT_B1GQ,A,0.034
2017,NER,TAX_REV,S13,T_4000,_T,PT_B1GQ,A,0.036
2018,NER,TAX_REV,S13,T_4000,_T,PT_B1GQ,A,0.078
2019,NER,TAX_REV,S13,T_4000,_T,PT_B1GQ,A,0.13
2020,NER,TAX_REV,S13,T_4000,_T,PT_B1GQ,A,0.172
2021,NER,TAX_REV,S13,T_4000,_T,PT_B1GQ,A,0.173
2022,NER,TAX_REV,S13,T_4000,_T,PT_B1GQ,A,0.184
2021,NGA,TAX_REV,S13,T_4000,_T,PT_B1GQ,A,0.064
2022,NGA,TAX_REV,S13,T_4000,_T,PT_B1GQ,A,0.062
2011,PAK,TAX_REV,S13,T_4000,_T,PT_B1GQ,A,0.109
2012,PAK,TAX_REV,S13,T_4000,_T,PT_B1GQ,A,0.1
2013,PAK,TAX_REV,S13,T_4000,_T,PT_B1GQ,A,0.111
2014,PAK,TAX_REV,S13,T_4000,_T,PT_B1GQ,A,0.132
2015,PAK,TAX_REV,S13,T_4000,_T,PT_B1GQ,A,0.12
2016,PAK,TAX_REV,S13,T_4000,_T,PT_B1GQ,A,0.127
2017,PAK,TAX_REV,S13,T_4000,_T,PT_B1GQ,A,0.174
2018,PAK,TAX_REV,S13,T_4000,_T,PT_B1GQ,A,0.177
2019,PAK,TAX_REV,S13,T_4000,_T,PT_B1GQ,A,0.145
2020,PAK,TAX_REV,S13,T_4000,_T,PT_B1GQ,A,0.099
2021,PAK,TAX_REV,S13,T_4000,_T,PT_B1GQ,A,0.106
2022,PAK,TAX_REV,S13,T_4000,_T,PT_B1GQ,A,0.078
2023,PAK,TAX_REV,S13,T_4000,_T,PT_B1GQ,A,0.059
1990,PAN,TAX_REV,S13,T_4000,_T,PT_B1GQ,A,0.557
1991,PAN,TAX_REV,S13,T_4000,_T,PT_B1GQ,A,0.476
1992,PAN,TAX_REV,S13,T_4000,_T,PT_B1GQ,A,0.447
1993,PAN,TAX_REV,S13,T_4000,_T,PT_B1GQ,A,0.42
1994,PAN,TAX_REV,S13,T_4000,_T,PT_B1GQ,A,0.417
1995,PAN,TAX_REV,S13,T_4000,_T,PT_B1GQ,A,0.408
1996,PAN,TAX_REV,S13,T_4000,_T,PT_B1GQ,A,0.358
1997,PAN,TAX_REV,S13,T_4000,_T,PT_B1GQ,A,0.367
1998,PAN,TAX_REV,S13,T_4000,_T,PT_B1GQ,A,0.387
1999,PAN,TAX_REV,S13,T_4000,_T,PT_B1GQ,A,0.415
2000,PAN,TAX_REV,S13,T_4000,_T,PT_B1GQ,A,0.346
2001,PAN,TAX_REV,S13,T_4000,_T,PT_B1GQ,A,0.393
2002,PAN,TAX_REV,S13,T_4000,_T,PT_B1GQ,A,0.358
2003,PAN,TAX_REV,S13,T_4000,_T,PT_B1GQ,A,0.45
2004,PAN,TAX_REV,S13,T_4000,_T,PT_B1GQ,A,0.405
2005,PAN,TAX_REV,S13,T_4000,_T,PT_B1GQ,A,0.466
2006,PAN,TAX_REV,S13,T_4000,_T,PT_B1GQ,A,0.583
2007,PAN,TAX_REV,S13,T_4000,_T,PT_B1GQ,A,0.561
2008,PAN,TAX_REV,S13,T_4000,_T,PT_B1GQ,A,0.483
2009,PAN,TAX_REV,S13,T_4000,_T,PT_B1GQ,A,0.476
2010,PAN,TAX_REV,S13,T_4000,_T,PT_B1GQ,A,0.467
2011,PAN,TAX_REV,S13,T_4000,_T,PT_B1GQ,A,0.421
2012,PAN,TAX_REV,S13,T_4000,_T,PT_B1GQ,A,0.398
2013,PAN,TAX_REV,S13,T_4000,_T,PT_B1GQ,A,0.504
2014,PAN,TAX_REV,S13,T_4000,_T,PT_B1GQ,A,0.442
2015,PAN,TAX_REV,S13,T_4000,_T,PT_B1GQ,A,0.368
2016,PAN,TAX_REV,S13,T_4000,_T,PT_B1GQ,A,0.361
2017,PAN,TAX_REV,S13,T_4000,_T,PT_B1GQ,A,0.403
2018,PAN,TAX_REV,S13,T_4000,_T,PT_B1GQ,A,0.363
2019,PAN,TAX_REV,S13,T_4000,_T,PT_B1GQ,A,0.243
2020,PAN,TAX_REV,S13,T_4000,_T,PT_B1GQ,A,0.221
2021,PAN,TAX_REV,S13,T_4000,_T,PT_B1GQ,A,0.267
2022,PAN,TAX_REV,S13,T_4000,_T,PT_B1GQ,A,0.272
2023,PAN,TAX_REV,S13,T_4000,_T,PT_B1GQ,A,0.298
2000,PNG,TAX_REV,S13,T_4000,_T,PT_B1GQ,A,0.306
2001,PNG,TAX_REV,S13,T_4000,_T,PT_B1GQ,A,0.261
2002,PNG,TAX_REV,S13,T_4000,_T,PT_B1GQ,A,0.302
2003,PNG,TAX_REV,S13,T_4000,_T,PT_B1GQ,A,0.214
2004,PNG,TAX_REV,S13,T_4000,_T,PT_B1GQ,A,0.29
2005,PNG,TAX_REV,S13,T_4000,_T,PT_B1GQ,A,0.209
2006,PNG,TAX_REV,S13,T_4000,_T,PT_B1GQ,A,0.285
2007,PNG,TAX_REV,S13,T_4000,_T,PT_B1GQ,A,0.301
2008,PNG,TAX_REV,S13,T_4000,_T,PT_B1GQ,A,0.236
2009,PNG,TAX_REV,S13,T_4000,_T,PT_B1GQ,A,0.18
2010,PNG,TAX_REV,S13,T_4000,_T,PT_B1GQ,A,0.169
2011,PNG,TAX_REV,S13,T_4000,_T,PT_B1GQ,A,0.149
2012,PNG,TAX_REV,S13,T_4000,_T,PT_B1GQ,A,0.158
2013,PNG,TAX_REV,S13,T_4000,_T,PT_B1GQ,A,0.141
2014,PNG,TAX_REV,S13,T_4000,_T,PT_B1GQ,A,0.24
2015,PNG,TAX_REV,S13,T_4000,_T,PT_B1GQ,A,0.085
2016,PNG,TAX_REV,S13,T_4000,_T,PT_B1GQ,A,0.122
2017,PNG,TAX_REV,S13,T_4000,_T,PT_B1GQ,A,0.058
2018,PNG,TAX_REV,S13,T_4000,_T,PT_B1GQ,A,0.126
2019,PNG,TAX_REV,S13,T_4000,_T,PT_B1GQ,A,0.056
2020,PNG,TAX_REV,S13,T_4000,_T,PT_B1GQ,A,0.052
2021,PNG,TAX_REV,S13,T_4000,_T,PT_B1GQ,A,0.002
2022,PNG,TAX_REV,S13,T_4000,_T,PT_B1GQ,A,0.027
2023,PNG,TAX_REV,S13,T_4000,_T,PT_B1GQ,A,0.017
1990,PRY,TAX_REV,S13,T_4000,_T,PT_B1GQ,A,0.24
1991,PRY,TAX_REV,S13,T_4000,_T,PT_B1GQ,A,0.239
1992,PRY,TAX_REV,S13,T_4000,_T,PT_B1GQ,A,0.394
1993,PRY,TAX_REV,S13,T_4000,_T,PT_B1GQ,A,0.52
1994,PRY,TAX_REV,S13,T_4000,_T,PT_B1GQ,A,0.496
1995,PRY,TAX_REV,S13,T_4000,_T,PT_B1GQ,A,0.391
1996,PRY,TAX_REV,S13,T_4000,_T,PT_B1GQ,A,0.339
1997,PRY,TAX_REV,S13,T_4000,_T,PT_B1GQ,A,0.351
1998,PRY,TAX_REV,S13,T_4000,_T,PT_B1GQ,A,0.306
1999,PRY,TAX_REV,S13,T_4000,_T,PT_B1GQ,A,0.253
2000,PRY,TAX_REV,S13,T_4000,_T,PT_B1GQ,A,0.232
2001,PRY,TAX_REV,S13,T_4000,_T,PT_B1GQ,A,0.214
2002,PRY,TAX_REV,S13,T_4000,_T,PT_B1GQ,A,0.18
2003,PRY,TAX_REV,S13,T_4000,_T,PT_B1GQ,A,0.143
2004,PRY,TAX_REV,S13,T_4000,_T,PT_B1GQ,A,0.232
2005,PRY,TAX_REV,S13,T_4000,_T,PT_B1GQ,A,0.29
2006,PRY,TAX_REV,S13,T_4000,_T,PT_B1GQ,A,0.333
2007,PRY,TAX_REV,S13,T_4000,_T,PT_B1GQ,A,0.308
2008,PRY,TAX_REV,S13,T_4000,_T,PT_B1GQ,A,0.256
2009,PRY,TAX_REV,S13,T_4000,_T,PT_B1GQ,A,0.233
2010,PRY,TAX_REV,S13,T_4000,_T,PT_B1GQ,A,0.214
2011,PRY,TAX_REV,S13,T_4000,_T,PT_B1GQ,A,0.207
2012,PRY,TAX_REV,S13,T_4000,_T,PT_B1GQ,A,0.205
2013,PRY,TAX_REV,S13,T_4000,_T,PT_B1GQ,A,0.219
2014,PRY,TAX_REV,S13,T_4000,_T,PT_B1GQ,A,0.209
2015,PRY,TAX_REV,S13,T_4000,_T,PT_B1GQ,A,0.231
2016,PRY,TAX_REV,S13,T_4000,_T,PT_B1GQ,A,0.279
2017,PRY,TAX_REV,S13,T_4000,_T,PT_B1GQ,A,0.258
2018,PRY,TAX_REV,S13,T_4000,_T,PT_B1GQ,A,0.18
2019,PRY,TAX_REV,S13,T_4000,_T,PT_B1GQ,A,0.187
2020,PRY,TAX_REV,S13,T_4000,_T,PT_B1GQ,A,0.167
2021,PRY,TAX_REV,S13,T_4000,_T,PT_B1GQ,A,0.181
2022,PRY,TAX_REV,S13,T_4000,_T,PT_B1GQ,A,0.185
2023,PRY,TAX_REV,S13,T_4000,_T,PT_B1GQ,A,0.187
1990,PER,TAX_REV,S13,T_4000,_T,PT_B1GQ,A,1.852
1991,PER,TAX_REV,S13,T_4000,_T,PT_B1GQ,A,1.378
1992,PER,TAX_REV,S13,T_4000,_T,PT_B1GQ,A,0.522
1993,PER,TAX_REV,S13,T_4000,_T,PT_B1GQ,A,0.373
1994,PER,TAX_REV,S13,T_4000,_T,PT_B1GQ,A,0.09
1995,PER,TAX_REV,S13,T_4000,_T,PT_B1GQ,A,0.026
1996,PER,TAX_REV,S13,T_4000,_T,PT_B1GQ,A,0.002
1997,PER,TAX_REV,S13,T_4000,_T,PT_B1GQ,A,0.002
1998,PER,TAX_REV,S13,T_4000,_T,PT_B1GQ,A,0.001
1999,PER,TAX_REV,S13,T_4000,_T,PT_B1GQ,A,0.007
2000,PER,TAX_REV,S13,T_4000,_T,PT_B1GQ,A,0.184
2001,PER,TAX_REV,S13,T_4000,_T,PT_B1GQ,A,0.512
2002,PER,TAX_REV,S13,T_4000,_T,PT_B1GQ,A,0.456
2003,PER,TAX_REV,S13,T_4000,_T,PT_B1GQ,A,0.225
2004,PER,TAX_REV,S13,T_4000,_T,PT_B1GQ,A,0.534
2005,PER,TAX_REV,S13,T_4000,_T,PT_B1GQ,A,0.987
2006,PER,TAX_REV,S13,T_4000,_T,PT_B1GQ,A,0.91
2007,PER,TAX_REV,S13,T_4000,_T,PT_B1GQ,A,1.046
2008,PER,TAX_REV,S13,T_4000,_T,PT_B1GQ,A,1.076
2009,PER,TAX_REV,S13,T_4000,_T,PT_B1GQ,A,0.965
2010,PER,TAX_REV,S13,T_4000,_T,PT_B1GQ,A,0.909
2011,PER,TAX_REV,S13,T_4000,_T,PT_B1GQ,A,0.837
2012,PER,TAX_REV,S13,T_4000,_T,PT_B1GQ,A,0.798
2013,PER,TAX_REV,S13,T_4000,_T,PT_B1GQ,A,0.855
2014,PER,TAX_REV,S13,T_4000,_T,PT_B1GQ,A,0.913
2015,PER,TAX_REV,S13,T_4000,_T,PT_B1GQ,A,0.873
2016,PER,TAX_REV,S13,T_4000,_T,PT_B1GQ,A,0.922
2017,PER,TAX_REV,S13,T_4000,_T,PT_B1GQ,A,0.854
2018,PER,TAX_REV,S13,T_4000,_T,PT_B1GQ,A,0.885
2019,PER,TAX_REV,S13,T_4000,_T,PT_B1GQ,A,0.919
2020,PER,TAX_REV,S13,T_4000,_T,PT_B1GQ,A,0.823
2021,PER,TAX_REV,S13,T_4000,_T,PT_B1GQ,A,0.872
2022,PER,TAX_REV,S13,T_4000,_T,PT_B1GQ,A,0.894
2023,PER,TAX_REV,S13,T_4000,_T,PT_B1GQ,A,0.913
1994,PHL,TAX_REV,S13,T_4000,_T,PT_B1GQ,A,0.399
1995,PHL,TAX_REV,S13,T_4000,_T,PT_B1GQ,A,0.481
1996,PHL,TAX_REV,S13,T_4000,_T,PT_B1GQ,A,0.5
1997,PHL,TAX_REV,S13,T_4000,_T,PT_B1GQ,A,0.565
1998,PHL,TAX_REV,S13,T_4000,_T,PT_B1GQ,A,0.493
1999,PHL,TAX_REV,S13,T_4000,_T,PT_B1GQ,A,0.485
2000,PHL,TAX_REV,S13,T_4000,_T,PT_B1GQ,A,0.471
2001,PHL,TAX_REV,S13,T_4000,_T,PT_B1GQ,A,0.455
2002,PHL,TAX_REV,S13,T_4000,_T,PT_B1GQ,A,0.486
2003,PHL,TAX_REV,S13,T_4000,_T,PT_B1GQ,A,0.5
2004,PHL,TAX_REV,S13,T_4000,_T,PT_B1GQ,A,0.437
2005,PHL,TAX_REV,S13,T_4000,_T,PT_B1GQ,A,0.498
2006,PHL,TAX_REV,S13,T_4000,_T,PT_B1GQ,A,0.465
2007,PHL,TAX_REV,S13,T_4000,_T,PT_B1GQ,A,0.449
2008,PHL,TAX_REV,S13,T_4000,_T,PT_B1GQ,A,0.42
2009,PHL,TAX_REV,S13,T_4000,_T,PT_B1GQ,A,0.434
2010,PHL,TAX_REV,S13,T_4000,_T,PT_B1GQ,A,0.43
2011,PHL,TAX_REV,S13,T_4000,_T,PT_B1GQ,A,0.44
2012,PHL,TAX_REV,S13,T_4000,_T,PT_B1GQ,A,0.461
2013,PHL,TAX_REV,S13,T_4000,_T,PT_B1GQ,A,0.468
2014,PHL,TAX_REV,S13,T_4000,_T,PT_B1GQ,A,0.455
2015,PHL,TAX_REV,S13,T_4000,_T,PT_B1GQ,A,0.455
2016,PHL,TAX_REV,S13,T_4000,_T,PT_B1GQ,A,0.432
2017,PHL,TAX_REV,S13,T_4000,_T,PT_B1GQ,A,0.471
2018,PHL,TAX_REV,S13,T_4000,_T,PT_B1GQ,A,0.454
2019,PHL,TAX_REV,S13,T_4000,_T,PT_B1GQ,A,0.448
2020,PHL,TAX_REV,S13,T_4000,_T,PT_B1GQ,A,0.474
2021,PHL,TAX_REV,S13,T_4000,_T,PT_B1GQ,A,0.514
2022,PHL,TAX_REV,S13,T_4000,_T,PT_B1GQ,A,0.483
2023,PHL,TAX_REV,S13,T_4000,_T,PT_B1GQ,A,0.466
1995,ROU,TAX_REV,S13,T_4000,_T,PT_B1GQ,A,0.603
1996,ROU,TAX_REV,S13,T_4000,_T,PT_B1GQ,A,0.249
1997,ROU,TAX_REV,S13,T_4000,_T,PT_B1GQ,A,0.193
1998,ROU,TAX_REV,S13,T_4000,_T,PT_B1GQ,A,0.184
1999,ROU,TAX_REV,S13,T_4000,_T,PT_B1GQ,A,0.445
2000,ROU,TAX_REV,S13,T_4000,_T,PT_B1GQ,A,0.484
2001,ROU,TAX_REV,S13,T_4000,_T,PT_B1GQ,A,0.565
2002,ROU,TAX_REV,S13,T_4000,_T,PT_B1GQ,A,0.524
2003,ROU,TAX_REV,S13,T_4000,_T,PT_B1GQ,A,0.558
2004,ROU,TAX_REV,S13,T_4000,_T,PT_B1GQ,A,0.52
2005,ROU,TAX_REV,S13,T_4000,_T,PT_B1GQ,A,0.556
2006,ROU,TAX_REV,S13,T_4000,_T,PT_B1GQ,A,0.67
2007,ROU,TAX_REV,S13,T_4000,_T,PT_B1GQ,A,0.885
2008,ROU,TAX_REV,S13,T_4000,_T,PT_B1GQ,A,0.742
2009,ROU,TAX_REV,S13,T_4000,_T,PT_B1GQ,A,0.691
2010,ROU,TAX_REV,S13,T_4000,_T,PT_B1GQ,A,0.755
2011,ROU,TAX_REV,S13,T_4000,_T,PT_B1GQ,A,0.717
2012,ROU,TAX_REV,S13,T_4000,_T,PT_B1GQ,A,0.689
2013,ROU,TAX_REV,S13,T_4000,_T,PT_B1GQ,A,0.736
2014,ROU,TAX_REV,S13,T_4000,_T,PT_B1GQ,A,0.966
2015,ROU,TAX_REV,S13,T_4000,_T,PT_B1GQ,A,0.86
2016,ROU,TAX_REV,S13,T_4000,_T,PT_B1GQ,A,0.837
2017,ROU,TAX_REV,S13,T_4000,_T,PT_B1GQ,A,0.628
2018,ROU,TAX_REV,S13,T_4000,_T,PT_B1GQ,A,0.551
2019,ROU,TAX_REV,S13,T_4000,_T,PT_B1GQ,A,0.53
2020,ROU,TAX_REV,S13,T_4000,_T,PT_B1GQ,A,0.525
2021,ROU,TAX_REV,S13,T_4000,_T,PT_B1GQ,A,0.547
2022,ROU,TAX_REV,S13,T_4000,_T,PT_B1GQ,A,0.489
1996,RWA,TAX_REV,S13,T_4000,_T,PT_B1GQ,A,0.012
1997,RWA,TAX_REV,S13,T_4000,_T,PT_B1GQ,A,0.007
1998,RWA,TAX_REV,S13,T_4000,_T,PT_B1GQ,A,0.016
1999,RWA,TAX_REV,S13,T_4000,_T,PT_B1GQ,A,0.02
2000,RWA,TAX_REV,S13,T_4000,_T,PT_B1GQ,A,0.016
2001,RWA,TAX_REV,S13,T_4000,_T,PT_B1GQ,A,0.017
2002,RWA,TAX_REV,S13,T_4000,_T,PT_B1GQ,A,0.023
2003,RWA,TAX_REV,S13,T_4000,_T,PT_B1GQ,A,0.001
2004,RWA,TAX_REV,S13,T_4000,_T,PT_B1GQ,A,0.003
2005,RWA,TAX_REV,S13,T_4000,_T,PT_B1GQ,A,0.003
2006,RWA,TAX_REV,S13,T_4000,_T,PT_B1GQ,A,0.001
2007,RWA,TAX_REV,S13,T_4000,_T,PT_B1GQ,A,0.001
2008,RWA,TAX_REV,S13,T_4000,_T,PT_B1GQ,A,0.001
2009,RWA,TAX_REV,S13,T_4000,_T,PT_B1GQ,A,0.002
2010,RWA,TAX_REV,S13,T_4000,_T,PT_B1GQ,A,0.003
2011,RWA,TAX_REV,S13,T_4000,_T,PT_B1GQ,A,0.002
2012,RWA,TAX_REV,S13,T_4000,_T,PT_B1GQ,A,0.001
2015,RWA,TAX_REV,S13,T_4000,_T,PT_B1GQ,A,0.01
2016,RWA,TAX_REV,S13,T_4000,_T,PT_B1GQ,A,0.011
2017,RWA,TAX_REV,S13,T_4000,_T,PT_B1GQ,A,0.015
2018,RWA,TAX_REV,S13,T_4000,_T,PT_B1GQ,A,0.016
2019,RWA,TAX_REV,S13,T_4000,_T,PT_B1GQ,A,0.023
2020,RWA,TAX_REV,S13,T_4000,_T,PT_B1GQ,A,0.156
2021,RWA,TAX_REV,S13,T_4000,_T,PT_B1GQ,A,0.137
2022,RWA,TAX_REV,S13,T_4000,_T,PT_B1GQ,A,0.143
1992,LCA,TAX_REV,S13,T_4000,_T,PT_B1GQ,A,0.367
1993,LCA,TAX_REV,S13,T_4000,_T,PT_B1GQ,A,0.512
1994,LCA,TAX_REV,S13,T_4000,_T,PT_B1GQ,A,0.405
1995,LCA,TAX_REV,S13,T_4000,_T,PT_B1GQ,A,0.349
1996,LCA,TAX_REV,S13,T_4000,_T,PT_B1GQ,A,0.386
1997,LCA,TAX_REV,S13,T_4000,_T,PT_B1GQ,A,0.36
1998,LCA,TAX_REV,S13,T_4000,_T,PT_B1GQ,A,0.481
1999,LCA,TAX_REV,S13,T_4000,_T,PT_B1GQ,A,0.416
2000,LCA,TAX_REV,S13,T_4000,_T,PT_B1GQ,A,0.431
2001,LCA,TAX_REV,S13,T_4000,_T,PT_B1GQ,A,0.549
2002,LCA,TAX_REV,S13,T_4000,_T,PT_B1GQ,A,0.962
2003,LCA,TAX_REV,S13,T_4000,_T,PT_B1GQ,A,0.563
2004,LCA,TAX_REV,S13,T_4000,_T,PT_B1GQ,A,0.645
2005,LCA,TAX_REV,S13,T_4000,_T,PT_B1GQ,A,0.755
2006,LCA,TAX_REV,S13,T_4000,_T,PT_B1GQ,A,0.869
2007,LCA,TAX_REV,S13,T_4000,_T,PT_B1GQ,A,1.003
2008,LCA,TAX_REV,S13,T_4000,_T,PT_B1GQ,A,0.741
2009,LCA,TAX_REV,S13,T_4000,_T,PT_B1GQ,A,0.628
2010,LCA,TAX_REV,S13,T_4000,_T,PT_B1GQ,A,0.482
2011,LCA,TAX_REV,S13,T_4000,_T,PT_B1GQ,A,0.468
2012,LCA,TAX_REV,S13,T_4000,_T,PT_B1GQ,A,0.546
2013,LCA,TAX_REV,S13,T_4000,_T,PT_B1GQ,A,0.486
2014,LCA,TAX_REV,S13,T_4000,_T,PT_B1GQ,A,0.495
2015,LCA,TAX_REV,S13,T_4000,_T,PT_B1GQ,A,0.463
2016,LCA,TAX_REV,S13,T_4000,_T,PT_B1GQ,A,0.505
2017,LCA,TAX_REV,S13,T_4000,_T,PT_B1GQ,A,0.481
2018,LCA,TAX_REV,S13,T_4000,_T,PT_B1GQ,A,0.469
2019,LCA,TAX_REV,S13,T_4000,_T,PT_B1GQ,A,0.447
2020,LCA,TAX_REV,S13,T_4000,_T,PT_B1GQ,A,0.475
2021,LCA,TAX_REV,S13,T_4000,_T,PT_B1GQ,A,0.579
2022,LCA,TAX_REV,S13,T_4000,_T,PT_B1GQ,A,0.563
2023,LCA,TAX_REV,S13,T_4000,_T,PT_B1GQ,A,0.533
2005,WSM,TAX_REV,S13,T_4000,_T,PT_B1GQ,A,0.11
2006,WSM,TAX_REV,S13,T_4000,_T,PT_B1GQ,A,0.097
2007,WSM,TAX_REV,S13,T_4000,_T,PT_B1GQ,A,0.093
2008,WSM,TAX_REV,S13,T_4000,_T,PT_B1GQ,A,0.082
1997,SEN,TAX_REV,S13,T_4000,_T,PT_B1GQ,A,0.289
1998,SEN,TAX_REV,S13,T_4000,_T,PT_B1GQ,A,0.23
1999,SEN,TAX_REV,S13,T_4000,_T,PT_B1GQ,A,0.283
2000,SEN,TAX_REV,S13,T_4000,_T,PT_B1GQ,A,0.262
2001,SEN,TAX_REV,S13,T_4000,_T,PT_B1GQ,A,0.302
2002,SEN,TAX_REV,S13,T_4000,_T,PT_B1GQ,A,0.315
2003,SEN,TAX_REV,S13,T_4000,_T,PT_B1GQ,A,0.385
2004,SEN,TAX_REV,S13,T_4000,_T,PT_B1GQ,A,0.376
2005,SEN,TAX_REV,S13,T_4000,_T,PT_B1GQ,A,0.4
2006,SEN,TAX_REV,S13,T_4000,_T,PT_B1GQ,A,0.399
2007,SEN,TAX_REV,S13,T_4000,_T,PT_B1GQ,A,0.415
2008,SEN,TAX_REV,S13,T_4000,_T,PT_B1GQ,A,0.428
2009,SEN,TAX_REV,S13,T_4000,_T,PT_B1GQ,A,0.437
2010,SEN,TAX_REV,S13,T_4000,_T,PT_B1GQ,A,0.49
2011,SEN,TAX_REV,S13,T_4000,_T,PT_B1GQ,A,0.455
2012,SEN,TAX_REV,S13,T_4000,_T,PT_B1GQ,A,0.413
2013,SEN,TAX_REV,S13,T_4000,_T,PT_B1GQ,A,0.392
2014,SEN,TAX_REV,S13,T_4000,_T,PT_B1GQ,A,0.405
2015,SEN,TAX_REV,S13,T_4000,_T,PT_B1GQ,A,0.395
2016,SEN,TAX_REV,S13,T_4000,_T,PT_B1GQ,A,0.461
2017,SEN,TAX_REV,S13,T_4000,_T,PT_B1GQ,A,0.434
2018,SEN,TAX_REV,S13,T_4000,_T,PT_B1GQ,A,0.437
2019,SEN,TAX_REV,S13,T_4000,_T,PT_B1GQ,A,0.444
2020,SEN,TAX_REV,S13,T_4000,_T,PT_B1GQ,A,0.444
2021,SEN,TAX_REV,S13,T_4000,_T,PT_B1GQ,A,0.601
2022,SEN,TAX_REV,S13,T_4000,_T,PT_B1GQ,A,0.451
2008,SYC,TAX_REV,S13,T_4000,_T,PT_B1GQ,A,0.815
2009,SYC,TAX_REV,S13,T_4000,_T,PT_B1GQ,A,0.33
2010,SYC,TAX_REV,S13,T_4000,_T,PT_B1GQ,A,1.073
2011,SYC,TAX_REV,S13,T_4000,_T,PT_B1GQ,A,0.341
2012,SYC,TAX_REV,S13,T_4000,_T,PT_B1GQ,A,1.354
2013,SYC,TAX_REV,S13,T_4000,_T,PT_B1GQ,A,0.564
2014,SYC,TAX_REV,S13,T_4000,_T,PT_B1GQ,A,0.517
2015,SYC,TAX_REV,S13,T_4000,_T,PT_B1GQ,A,0.737
2016,SYC,TAX_REV,S13,T_4000,_T,PT_B1GQ,A,0.473
2017,SYC,TAX_REV,S13,T_4000,_T,PT_B1GQ,A,0.433
2018,SYC,TAX_REV,S13,T_4000,_T,PT_B1GQ,A,0.507
2019,SYC,TAX_REV,S13,T_4000,_T,PT_B1GQ,A,0.641
2020,SYC,TAX_REV,S13,T_4000,_T,PT_B1GQ,A,0.508
2021,SYC,TAX_REV,S13,T_4000,_T,PT_B1GQ,A,0.408
2022,SYC,TAX_REV,S13,T_4000,_T,PT_B1GQ,A,0.249
2000,SGP,TAX_REV,S13,T_4000,_T,PT_B1GQ,A,1.696
2001,SGP,TAX_REV,S13,T_4000,_T,PT_B1GQ,A,1.422
2002,SGP,TAX_REV,S13,T_4000,_T,PT_B1GQ,A,1.198
2003,SGP,TAX_REV,S13,T_4000,_T,PT_B1GQ,A,1.291
2004,SGP,TAX_REV,S13,T_4000,_T,PT_B1GQ,A,1.449
2005,SGP,TAX_REV,S13,T_4000,_T,PT_B1GQ,A,1.319
2006,SGP,TAX_REV,S13,T_4000,_T,PT_B1GQ,A,1.692
2007,SGP,TAX_REV,S13,T_4000,_T,PT_B1GQ,A,2.253
2008,SGP,TAX_REV,S13,T_4000,_T,PT_B1GQ,A,1.606
2009,SGP,TAX_REV,S13,T_4000,_T,PT_B1GQ,A,1.48
2010,SGP,TAX_REV,S13,T_4000,_T,PT_B1GQ,A,1.812
2011,SGP,TAX_REV,S13,T_4000,_T,PT_B1GQ,A,1.988
2012,SGP,TAX_REV,S13,T_4000,_T,PT_B1GQ,A,2.174
2013,SGP,TAX_REV,S13,T_4000,_T,PT_B1GQ,A,2.09
2014,SGP,TAX_REV,S13,T_4000,_T,PT_B1GQ,A,1.759
2015,SGP,TAX_REV,S13,T_4000,_T,PT_B1GQ,A,1.693
2016,SGP,TAX_REV,S13,T_4000,_T,PT_B1GQ,A,1.694
2017,SGP,TAX_REV,S13,T_4000,_T,PT_B1GQ,A,1.945
2018,SGP,TAX_REV,S13,T_4000,_T,PT_B1GQ,A,1.803
2019,SGP,TAX_REV,S13,T_4000,_T,PT_B1GQ,A,1.747
2020,SGP,TAX_REV,S13,T_4000,_T,PT_B1GQ,A,1.428
2021,SGP,TAX_REV,S13,T_4000,_T,PT_B1GQ,A,1.854
2022,SGP,TAX_REV,S13,T_4000,_T,PT_B1GQ,A,1.576
2023,SGP,TAX_REV,S13,T_4000,_T,PT_B1GQ,A,1.701
2007,SLB,TAX_REV,S13,T_4000,_T,PT_B1GQ,A,0.172
2008,SLB,TAX_REV,S13,T_4000,_T,PT_B1GQ,A,0.189
2009,SLB,TAX_REV,S13,T_4000,_T,PT_B1GQ,A,0.215
2010,SLB,TAX_REV,S13,T_4000,_T,PT_B1GQ,A,0.111
2011,SLB,TAX_REV,S13,T_4000,_T,PT_B1GQ,A,0.224
2012,SLB,TAX_REV,S13,T_4000,_T,PT_B1GQ,A,0.104
2013,SLB,TAX_REV,S13,T_4000,_T,PT_B1GQ,A,0.116
2014,SLB,TAX_REV,S13,T_4000,_T,PT_B1GQ,A,0.139
2015,SLB,TAX_REV,S13,T_4000,_T,PT_B1GQ,A,0.184
2016,SLB,TAX_REV,S13,T_4000,_T,PT_B1GQ,A,0.155
2017,SLB,TAX_REV,S13,T_4000,_T,PT_B1GQ,A,0.122
2018,SLB,TAX_REV,S13,T_4000,_T,PT_B1GQ,A,0.124
2019,SLB,TAX_REV,S13,T_4000,_T,PT_B1GQ,A,0.113
2020,SLB,TAX_REV,S13,T_4000,_T,PT_B1GQ,A,0.093
2021,SLB,TAX_REV,S13,T_4000,_T,PT_B1GQ,A,0.091
2022,SLB,TAX_REV,S13,T_4000,_T,PT_B1GQ,A,0.12
2023,SLB,TAX_REV,S13,T_4000,_T,PT_B1GQ,A,0.162
2013,SOM,TAX_REV,S13,T_4000,_T,PT_B1GQ,A,0.043
2014,SOM,TAX_REV,S13,T_4000,_T,PT_B1GQ,A,0.039
2017,SOM,TAX_REV,S13,T_4000,_T,PT_B1GQ,A,0.023
2018,SOM,TAX_REV,S13,T_4000,_T,PT_B1GQ,A,0.032
2019,SOM,TAX_REV,S13,T_4000,_T,PT_B1GQ,A,0.017
2020,SOM,TAX_REV,S13,T_4000,_T,PT_B1GQ,A,0.017
2021,SOM,TAX_REV,S13,T_4000,_T,PT_B1GQ,A,0.036
2022,SOM,TAX_REV,S13,T_4000,_T,PT_B1GQ,A,0.022
1990,ZAF,TAX_REV,S13,T_4000,_T,PT_B1GQ,A,0.346
1991,ZAF,TAX_REV,S13,T_4000,_T,PT_B1GQ,A,0.306
1992,ZAF,TAX_REV,S13,T_4000,_T,PT_B1GQ,A,0.268
1993,ZAF,TAX_REV,S13,T_4000,_T,PT_B1GQ,A,0.288
1994,ZAF,TAX_REV,S13,T_4000,_T,PT_B1GQ,A,0.366
1995,ZAF,TAX_REV,S13,T_4000,_T,PT_B1GQ,A,0.342
1996,ZAF,TAX_REV,S13,T_4000,_T,PT_B1GQ,A,0.335
1997,ZAF,TAX_REV,S13,T_4000,_T,PT_B1GQ,A,0.333
1998,ZAF,TAX_REV,S13,T_4000,_T,PT_B1GQ,A,0.314
1999,ZAF,TAX_REV,S13,T_4000,_T,PT_B1GQ,A,0.401
2000,ZAF,TAX_REV,S13,T_4000,_T,PT_B1GQ,A,0.364
2001,ZAF,TAX_REV,S13,T_4000,_T,PT_B1GQ,A,0.378
2002,ZAF,TAX_REV,S13,T_4000,_T,PT_B1GQ,A,0.376
2003,ZAF,TAX_REV,S13,T_4000,_T,PT_B1GQ,A,0.587
2004,ZAF,TAX_REV,S13,T_4000,_T,PT_B1GQ,A,1.014
2005,ZAF,TAX_REV,S13,T_4000,_T,PT_B1GQ,A,1.281
2006,ZAF,TAX_REV,S13,T_4000,_T,PT_B1GQ,A,0.834
2007,ZAF,TAX_REV,S13,T_4000,_T,PT_B1GQ,A,1.308
2008,ZAF,TAX_REV,S13,T_4000,_T,PT_B1GQ,A,1.277
2009,ZAF,TAX_REV,S13,T_4000,_T,PT_B1GQ,A,1.279
2010,ZAF,TAX_REV,S13,T_4000,_T,PT_B1GQ,A,1.313
2011,ZAF,TAX_REV,S13,T_4000,_T,PT_B1GQ,A,1.27
2012,ZAF,TAX_REV,S13,T_4000,_T,PT_B1GQ,A,1.298
2013,ZAF,TAX_REV,S13,T_4000,_T,PT_B1GQ,A,1.33
2014,ZAF,TAX_REV,S13,T_4000,_T,PT_B1GQ,A,1.41
2015,ZAF,TAX_REV,S13,T_4000,_T,PT_B1GQ,A,1.337
2016,ZAF,TAX_REV,S13,T_4000,_T,PT_B1GQ,A,1.419
2017,ZAF,TAX_REV,S13,T_4000,_T,PT_B1GQ,A,1.576
2018,ZAF,TAX_REV,S13,T_4000,_T,PT_B1GQ,A,1.558
2019,ZAF,TAX_REV,S13,T_4000,_T,PT_B1GQ,A,1.641
2020,ZAF,TAX_REV,S13,T_4000,_T,PT_B1GQ,A,1.696
2021,ZAF,TAX_REV,S13,T_4000,_T,PT_B1GQ,A,1.081
2022,ZAF,TAX_REV,S13,T_4000,_T,PT_B1GQ,A,1.236
2006,LKA,TAX_REV,S13,T_4000,_T,PT_B1GQ,A,0.224
2007,LKA,TAX_REV,S13,T_4000,_T,PT_B1GQ,A,0.265
2008,LKA,TAX_REV,S13,T_4000,_T,PT_B1GQ,A,0.233
2009,LKA,TAX_REV,S13,T_4000,_T,PT_B1GQ,A,0.199
2010,LKA,TAX_REV,S13,T_4000,_T,PT_B1GQ,A,0.231
2011,LKA,TAX_REV,S13,T_4000,_T,PT_B1GQ,A,0.056
2000,THA,TAX_REV,S13,T_4000,_T,PT_B1GQ,A,0.336
2001,THA,TAX_REV,S13,T_4000,_T,PT_B1GQ,A,0.342
2002,THA,TAX_REV,S13,T_4000,_T,PT_B1GQ,A,0.358
2003,THA,TAX_REV,S13,T_4000,_T,PT_B1GQ,A,0.369
2004,THA,TAX_REV,S13,T_4000,_T,PT_B1GQ,A,0.43
2005,THA,TAX_REV,S13,T_4000,_T,PT_B1GQ,A,0.437
2006,THA,TAX_REV,S13,T_4000,_T,PT_B1GQ,A,0.203
2007,THA,TAX_REV,S13,T_4000,_T,PT_B1GQ,A,0.207
2008,THA,TAX_REV,S13,T_4000,_T,PT_B1GQ,A,0.175
2009,THA,TAX_REV,S13,T_4000,_T,PT_B1GQ,A,0.301
2010,THA,TAX_REV,S13,T_4000,_T,PT_B1GQ,A,0.232
2011,THA,TAX_REV,S13,T_4000,_T,PT_B1GQ,A,0.377
2012,THA,TAX_REV,S13,T_4000,_T,PT_B1GQ,A,0.414
2013,THA,TAX_REV,S13,T_4000,_T,PT_B1GQ,A,0.447
2014,THA,TAX_REV,S13,T_4000,_T,PT_B1GQ,A,0.477
2015,THA,TAX_REV,S13,T_4000,_T,PT_B1GQ,A,0.499
2016,THA,TAX_REV,S13,T_4000,_T,PT_B1GQ,A,0.421
2017,THA,TAX_REV,S13,T_4000,_T,PT_B1GQ,A,0.485
2018,THA,TAX_REV,S13,T_4000,_T,PT_B1GQ,A,0.486
2019,THA,TAX_REV,S13,T_4000,_T,PT_B1GQ,A,0.466
2020,THA,TAX_REV,S13,T_4000,_T,PT_B1GQ,A,0.234
2021,THA,TAX_REV,S13,T_4000,_T,PT_B1GQ,A,0.224
2022,THA,TAX_REV,S13,T_4000,_T,PT_B1GQ,A,0.389
2023,THA,TAX_REV,S13,T_4000,_T,PT_B1GQ,A,0.406
2000,TGO,TAX_REV,S13,T_4000,_T,PT_B1GQ,A,0.026
2001,TGO,TAX_REV,S13,T_4000,_T,PT_B1GQ,A,0.043
2002,TGO,TAX_REV,S13,T_4000,_T,PT_B1GQ,A,0.027
2003,TGO,TAX_REV,S13,T_4000,_T,PT_B1GQ,A,0.037
2004,TGO,TAX_REV,S13,T_4000,_T,PT_B1GQ,A,0.032
2005,TGO,TAX_REV,S13,T_4000,_T,PT_B1GQ,A,0.037
2006,TGO,TAX_REV,S13,T_4000,_T,PT_B1GQ,A,0.037
2007,TGO,TAX_REV,S13,T_4000,_T,PT_B1GQ,A,0.036
2008,TGO,TAX_REV,S13,T_4000,_T,PT_B1GQ,A,0.08
2009,TGO,TAX_REV,S13,T_4000,_T,PT_B1GQ,A,0.085
2010,TGO,TAX_REV,S13,T_4000,_T,PT_B1GQ,A,0.081
2011,TGO,TAX_REV,S13,T_4000,_T,PT_B1GQ,A,0.079
2012,TGO,TAX_REV,S13,T_4000,_T,PT_B1GQ,A,0.084
2013,TGO,TAX_REV,S13,T_4000,_T,PT_B1GQ,A,0.092
2014,TGO,TAX_REV,S13,T_4000,_T,PT_B1GQ,A,0.121
2015,TGO,TAX_REV,S13,T_4000,_T,PT_B1GQ,A,0.128
2016,TGO,TAX_REV,S13,T_4000,_T,PT_B1GQ,A,0.132
2017,TGO,TAX_REV,S13,T_4000,_T,PT_B1GQ,A,0.115
2018,TGO,TAX_REV,S13,T_4000,_T,PT_B1GQ,A,0.123
2019,TGO,TAX_REV,S13,T_4000,_T,PT_B1GQ,A,0.123
2020,TGO,TAX_REV,S13,T_4000,_T,PT_B1GQ,A,0.128
2021,TGO,TAX_REV,S13,T_4000,_T,PT_B1GQ,A,0.089
2022,TGO,TAX_REV,S13,T_4000,_T,PT_B1GQ,A,0.111
1990,TTO,TAX_REV,S13,T_4000,_T,PT_B1GQ,A,0.427
1991,TTO,TAX_REV,S13,T_4000,_T,PT_B1GQ,A,0.316
1992,TTO,TAX_REV,S13,T_4000,_T,PT_B1GQ,A,0.979
1993,TTO,TAX_REV,S13,T_4000,_T,PT_B1GQ,A,0.732
1994,TTO,TAX_REV,S13,T_4000,_T,PT_B1GQ,A,0.541
1995,TTO,TAX_REV,S13,T_4000,_T,PT_B1GQ,A,0.377
1996,TTO,TAX_REV,S13,T_4000,_T,PT_B1GQ,A,0.368
1997,TTO,TAX_REV,S13,T_4000,_T,PT_B1GQ,A,0.446
1998,TTO,TAX_REV,S13,T_4000,_T,PT_B1GQ,A,0.315
1999,TTO,TAX_REV,S13,T_4000,_T,PT_B1GQ,A,0.337
2000,TTO,TAX_REV,S13,T_4000,_T,PT_B1GQ,A,0.348
2001,TTO,TAX_REV,S13,T_4000,_T,PT_B1GQ,A,0.313
2002,TTO,TAX_REV,S13,T_4000,_T,PT_B1GQ,A,0.379
2003,TTO,TAX_REV,S13,T_4000,_T,PT_B1GQ,A,0.342
2004,TTO,TAX_REV,S13,T_4000,_T,PT_B1GQ,A,0.311
2005,TTO,TAX_REV,S13,T_4000,_T,PT_B1GQ,A,0.315
2006,TTO,TAX_REV,S13,T_4000,_T,PT_B1GQ,A,0.405
2007,TTO,TAX_REV,S13,T_4000,_T,PT_B1GQ,A,0.289
2008,TTO,TAX_REV,S13,T_4000,_T,PT_B1GQ,A,0.259
2009,TTO,TAX_REV,S13,T_4000,_T,PT_B1GQ,A,0.191
2010,TTO,TAX_REV,S13,T_4000,_T,PT_B1GQ,A,0.14
2011,TTO,TAX_REV,S13,T_4000,_T,PT_B1GQ,A,0.122
2012,TTO,TAX_REV,S13,T_4000,_T,PT_B1GQ,A,0.126
2013,TTO,TAX_REV,S13,T_4000,_T,PT_B1GQ,A,0.137
2014,TTO,TAX_REV,S13,T_4000,_T,PT_B1GQ,A,0.153
2015,TTO,TAX_REV,S13,T_4000,_T,PT_B1GQ,A,0.23
2016,TTO,TAX_REV,S13,T_4000,_T,PT_B1GQ,A,0.205
2017,TTO,TAX_REV,S13,T_4000,_T,PT_B1GQ,A,0.199
2018,TTO,TAX_REV,S13,T_4000,_T,PT_B1GQ,A,0.219
2019,TTO,TAX_REV,S13,T_4000,_T,PT_B1GQ,A,0.25
2020,TTO,TAX_REV,S13,T_4000,_T,PT_B1GQ,A,0.178
2021,TTO,TAX_REV,S13,T_4000,_T,PT_B1GQ,A,0.182
2022,TTO,TAX_REV,S13,T_4000,_T,PT_B1GQ,A,0.178
2023,TTO,TAX_REV,S13,T_4000,_T,PT_B1GQ,A,0.151
2000,TUN,TAX_REV,S13,T_4000,_T,PT_B1GQ,A,0.263
2001,TUN,TAX_REV,S13,T_4000,_T,PT_B1GQ,A,0.261
2002,TUN,TAX_REV,S13,T_4000,_T,PT_B1GQ,A,0.242
2003,TUN,TAX_REV,S13,T_4000,_T,PT_B1GQ,A,0.23
2004,TUN,TAX_REV,S13,T_4000,_T,PT_B1GQ,A,0.231
2005,TUN,TAX_REV,S13,T_4000,_T,PT_B1GQ,A,0.236
2006,TUN,TAX_REV,S13,T_4000,_T,PT_B1GQ,A,0.281
2007,TUN,TAX_REV,S13,T_4000,_T,PT_B1GQ,A,0.272
2008,TUN,TAX_REV,S13,T_4000,_T,PT_B1GQ,A,0.271
2009,TUN,TAX_REV,S13,T_4000,_T,PT_B1GQ,A,0.28
2010,TUN,TAX_REV,S13,T_4000,_T,PT_B1GQ,A,0.268
2011,TUN,TAX_REV,S13,T_4000,_T,PT_B1GQ,A,0.321
2012,TUN,TAX_REV,S13,T_4000,_T,PT_B1GQ,A,0.308
2013,TUN,TAX_REV,S13,T_4000,_T,PT_B1GQ,A,0.308
2014,TUN,TAX_REV,S13,T_4000,_T,PT_B1GQ,A,0.301
2015,TUN,TAX_REV,S13,T_4000,_T,PT_B1GQ,A,0.314
2016,TUN,TAX_REV,S13,T_4000,_T,PT_B1GQ,A,0.314
2017,TUN,TAX_REV,S13,T_4000,_T,PT_B1GQ,A,0.297
2018,TUN,TAX_REV,S13,T_4000,_T,PT_B1GQ,A,0.273
2019,TUN,TAX_REV,S13,T_4000,_T,PT_B1GQ,A,0.301
2020,TUN,TAX_REV,S13,T_4000,_T,PT_B1GQ,A,0.258
2021,TUN,TAX_REV,S13,T_4000,_T,PT_B1GQ,A,0.31
2022,TUN,TAX_REV,S13,T_4000,_T,PT_B1GQ,A,0.334
2014,UGA,TAX_REV,S13,T_4000,_T,PT_B1GQ,A,0.006
2015,UGA,TAX_REV,S13,T_4000,_T,PT_B1GQ,A,0.052
2016,UGA,TAX_REV,S13,T_4000,_T,PT_B1GQ,A,0.038
2013,BGR,TAX_REV,S13,T_1000,_T,PT_B1GQ,A,4.859
2014,BGR,TAX_REV,S13,T_1000,_T,PT_B1GQ,A,5.09
2015,BGR,TAX_REV,S13,T_1000,_T,PT_B1GQ,A,5.264
2016,BGR,TAX_REV,S13,T_1000,_T,PT_B1GQ,A,5.399
2017,BGR,TAX_REV,S13,T_1000,_T,PT_B1GQ,A,5.682
2018,BGR,TAX_REV,S13,T_1000,_T,PT_B1GQ,A,5.628
2019,BGR,TAX_REV,S13,T_1000,_T,PT_B1GQ,A,5.672
2020,BGR,TAX_REV,S13,T_1000,_T,PT_B1GQ,A,5.628
2021,BGR,TAX_REV,S13,T_1000,_T,PT_B1GQ,A,6.213
2022,BGR,TAX_REV,S13,T_1000,_T,PT_B1GQ,A,6.032
2023,BGR,TAX_REV,S13,T_1000,_T,PT_B1GQ,A,6.228
2000,BFA,TAX_REV,S13,T_1000,_T,PT_B1GQ,A,2.519
2001,BFA,TAX_REV,S13,T_1000,_T,PT_B1GQ,A,2.045
2002,BFA,TAX_REV,S13,T_1000,_T,PT_B1GQ,A,2.084
2003,BFA,TAX_REV,S13,T_1000,_T,PT_B1GQ,A,2.218
2004,BFA,TAX_REV,S13,T_1000,_T,PT_B1GQ,A,2.209
2005,BFA,TAX_REV,S13,T_1000,_T,PT_B1GQ,A,2.447
2006,BFA,TAX_REV,S13,T_1000,_T,PT_B1GQ,A,2.508
2007,BFA,TAX_REV,S13,T_1000,_T,PT_B1GQ,A,2.725
2008,BFA,TAX_REV,S13,T_1000,_T,PT_B1GQ,A,2.492
2009,BFA,TAX_REV,S13,T_1000,_T,PT_B1GQ,A,2.439
2010,BFA,TAX_REV,S13,T_1000,_T,PT_B1GQ,A,2.7
2011,BFA,TAX_REV,S13,T_1000,_T,PT_B1GQ,A,3.553
2012,BFA,TAX_REV,S13,T_1000,_T,PT_B1GQ,A,4.017
2013,BFA,TAX_REV,S13,T_1000,_T,PT_B1GQ,A,4.2
2014,BFA,TAX_REV,S13,T_1000,_T,PT_B1GQ,A,3.839
2015,BFA,TAX_REV,S13,T_1000,_T,PT_B1GQ,A,3.376
2016,BFA,TAX_REV,S13,T_1000,_T,PT_B1GQ,A,3.784
2017,BFA,TAX_REV,S13,T_1000,_T,PT_B1GQ,A,3.975
2018,BFA,TAX_REV,S13,T_1000,_T,PT_B1GQ,A,4.268
2019,BFA,TAX_REV,S13,T_1000,_T,PT_B1GQ,A,4.797
2020,BFA,TAX_REV,S13,T_1000,_T,PT_B1GQ,A,4.475
2021,BFA,TAX_REV,S13,T_1000,_T,PT_B1GQ,A,5.294
2022,BFA,TAX_REV,S13,T_1000,_T,PT_B1GQ,A,6.168
1990,CPV,TAX_REV,S13,T_1000,_T,PT_B1GQ,A,3.655
1991,CPV,TAX_REV,S13,T_1000,_T,PT_B1GQ,A,3.74
1992,CPV,TAX_REV,S13,T_1000,_T,PT_B1GQ,A,4.165
1993,CPV,TAX_REV,S13,T_1000,_T,PT_B1GQ,A,4.786
1994,CPV,TAX_REV,S13,T_1000,_T,PT_B1GQ,A,5.156
1995,CPV,TAX_REV,S13,T_1000,_T,PT_B1GQ,A,5.107
1996,CPV,TAX_REV,S13,T_1000,_T,PT_B1GQ,A,5.07
1997,CPV,TAX_REV,S13,T_1000,_T,PT_B1GQ,A,5.112
1998,CPV,TAX_REV,S13,T_1000,_T,PT_B1GQ,A,5.096
1999,CPV,TAX_REV,S13,T_1000,_T,PT_B1GQ,A,5.443
2000,CPV,TAX_REV,S13,T_1000,_T,PT_B1GQ,A,5.547
2001,CPV,TAX_REV,S13,T_1000,_T,PT_B1GQ,A,5.849
2002,CPV,TAX_REV,S13,T_1000,_T,PT_B1GQ,A,6.917
2003,CPV,TAX_REV,S13,T_1000,_T,PT_B1GQ,A,6.382
2004,CPV,TAX_REV,S13,T_1000,_T,PT_B1GQ,A,6.448
2005,CPV,TAX_REV,S13,T_1000,_T,PT_B1GQ,A,6.299
2006,CPV,TAX_REV,S13,T_1000,_T,PT_B1GQ,A,7.264
2007,CPV,TAX_REV,S13,T_1000,_T,PT_B1GQ,A,7.712
2008,CPV,TAX_REV,S13,T_1000,_T,PT_B1GQ,A,7.688
2009,CPV,TAX_REV,S13,T_1000,_T,PT_B1GQ,A,6.061
2010,CPV,TAX_REV,S13,T_1000,_T,PT_B1GQ,A,5.193
2011,CPV,TAX_REV,S13,T_1000,_T,PT_B1GQ,A,5.348
2012,CPV,TAX_REV,S13,T_1000,_T,PT_B1GQ,A,5.217
2013,CPV,TAX_REV,S13,T_1000,_T,PT_B1GQ,A,5.1
2014,CPV,TAX_REV,S13,T_1000,_T,PT_B1GQ,A,4.569
2015,CPV,TAX_REV,S13,T_1000,_T,PT_B1GQ,A,5.56
2016,CPV,TAX_REV,S13,T_1000,_T,PT_B1GQ,A,5.45
2017,CPV,TAX_REV,S13,T_1000,_T,PT_B1GQ,A,5.782
2018,CPV,TAX_REV,S13,T_1000,_T,PT_B1GQ,A,5.971
2019,CPV,TAX_REV,S13,T_1000,_T,PT_B1GQ,A,5.776
2020,CPV,TAX_REV,S13,T_1000,_T,PT_B1GQ,A,5.65
2021,CPV,TAX_REV,S13,T_1000,_T,PT_B1GQ,A,4.94
2022,CPV,TAX_REV,S13,T_1000,_T,PT_B1GQ,A,4.347
2005,KHM,TAX_REV,S13,T_1000,_T,PT_B1GQ,A,0.769
2006,KHM,TAX_REV,S13,T_1000,_T,PT_B1GQ,A,0.967
2007,KHM,TAX_REV,S13,T_1000,_T,PT_B1GQ,A,1.169
2008,KHM,TAX_REV,S13,T_1000,_T,PT_B1GQ,A,1.325
2009,KHM,TAX_REV,S13,T_1000,_T,PT_B1GQ,A,0.365
2010,KHM,TAX_REV,S13,T_1000,_T,PT_B1GQ,A,0.503
2011,KHM,TAX_REV,S13,T_1000,_T,PT_B1GQ,A,0.45
2012,KHM,TAX_REV,S13,T_1000,_T,PT_B1GQ,A,1.775
2013,KHM,TAX_REV,S13,T_1000,_T,PT_B1GQ,A,1.957
2014,KHM,TAX_REV,S13,T_1000,_T,PT_B1GQ,A,2.208
2015,KHM,TAX_REV,S13,T_1000,_T,PT_B1GQ,A,2.514
2016,KHM,TAX_REV,S13,T_1000,_T,PT_B1GQ,A,2.74
2017,KHM,TAX_REV,S13,T_1000,_T,PT_B1GQ,A,3.194
2018,KHM,TAX_REV,S13,T_1000,_T,PT_B1GQ,A,3.252
2019,KHM,TAX_REV,S13,T_1000,_T,PT_B1GQ,A,3.67
2020,KHM,TAX_REV,S13,T_1000,_T,PT_B1GQ,A,4.288
2021,KHM,TAX_REV,S13,T_1000,_T,PT_B1GQ,A,4.124
2022,KHM,TAX_REV,S13,T_1000,_T,PT_B1GQ,A,4.665
2023,KHM,TAX_REV,S13,T_1000,_T,PT_B1GQ,A,4.625
1993,CMR,TAX_REV,S13,T_1000,_T,PT_B1GQ,A,2.088
1994,CMR,TAX_REV,S13,T_1000,_T,PT_B1GQ,A,1.892
1995,CMR,TAX_REV,S13,T_1000,_T,PT_B1GQ,A,2.207
1996,CMR,TAX_REV,S13,T_1000,_T,PT_B1GQ,A,2.201
1997,CMR,TAX_REV,S13,T_1000,_T,PT_B1GQ,A,2.279
1998,CMR,TAX_REV,S13,T_1000,_T,PT_B1GQ,A,2.886
1999,CMR,TAX_REV,S13,T_1000,_T,PT_B1GQ,A,2.496
2000,CMR,TAX_REV,S13,T_1000,_T,PT_B1GQ,A,3.04
2001,CMR,TAX_REV,S13,T_1000,_T,PT_B1GQ,A,3.678
2002,CMR,TAX_REV,S13,T_1000,_T,PT_B1GQ,A,3.697
2003,CMR,TAX_REV,S13,T_1000,_T,PT_B1GQ,A,2.979
2004,CMR,TAX_REV,S13,T_1000,_T,PT_B1GQ,A,2.741
2005,CMR,TAX_REV,S13,T_1000,_T,PT_B1GQ,A,3.167
2006,CMR,TAX_REV,S13,T_1000,_T,PT_B1GQ,A,3.28
2007,CMR,TAX_REV,S13,T_1000,_T,PT_B1GQ,A,3.685
2008,CMR,TAX_REV,S13,T_1000,_T,PT_B1GQ,A,3.599
2009,CMR,TAX_REV,S13,T_1000,_T,PT_B1GQ,A,3.979
2010,CMR,TAX_REV,S13,T_1000,_T,PT_B1GQ,A,3.128
2011,CMR,TAX_REV,S13,T_1000,_T,PT_B1GQ,A,3.503
2012,CMR,TAX_REV,S13,T_1000,_T,PT_B1GQ,A,4.14
2013,CMR,TAX_REV,S13,T_1000,_T,PT_B1GQ,A,4.162
2014,CMR,TAX_REV,S13,T_1000,_T,PT_B1GQ,A,4.364
2015,CMR,TAX_REV,S13,T_1000,_T,PT_B1GQ,A,4.557
2016,CMR,TAX_REV,S13,T_1000,_T,PT_B1GQ,A,3.848
2017,CMR,TAX_REV,S13,T_1000,_T,PT_B1GQ,A,3.538
2018,CMR,TAX_REV,S13,T_1000,_T,PT_B1GQ,A,3.821
2019,CMR,TAX_REV,S13,T_1000,_T,PT_B1GQ,A,3.795
2020,CMR,TAX_REV,S13,T_1000,_T,PT_B1GQ,A,3.677
2021,CMR,TAX_REV,S13,T_1000,_T,PT_B1GQ,A,3.645
2022,CMR,TAX_REV,S13,T_1000,_T,PT_B1GQ,A,4.24
2010,TCD,TAX_REV,S13,T_1000,_T,PT_B1GQ,A,8.223
2011,TCD,TAX_REV,S13,T_1000,_T,PT_B1GQ,A,10.735
2012,TCD,TAX_REV,S13,T_1000,_T,PT_B1GQ,A,9.059
2013,TCD,TAX_REV,S13,T_1000,_T,PT_B1GQ,A,8.461
2014,TCD,TAX_REV,S13,T_1000,_T,PT_B1GQ,A,5.315
2015,TCD,TAX_REV,S13,T_1000,_T,PT_B1GQ,A,2.363
2016,TCD,TAX_REV,S13,T_1000,_T,PT_B1GQ,A,1.581
2017,TCD,TAX_REV,S13,T_1000,_T,PT_B1GQ,A,2.18
2018,TCD,TAX_REV,S13,T_1000,_T,PT_B1GQ,A,2.933
2019,TCD,TAX_REV,S13,T_1000,_T,PT_B1GQ,A,2.687
2020,TCD,TAX_REV,S13,T_1000,_T,PT_B1GQ,A,6.672
2021,TCD,TAX_REV,S13,T_1000,_T,PT_B1GQ,A,3.582
2022,TCD,TAX_REV,S13,T_1000,_T,PT_B1GQ,A,7.41
2007,CHN,TAX_REV,S13,T_1000,_T,PT_B1GQ,A,4.511
2008,CHN,TAX_REV,S13,T_1000,_T,PT_B1GQ,A,4.759
2009,CHN,TAX_REV,S13,T_1000,_T,PT_B1GQ,A,4.571
2010,CHN,TAX_REV,S13,T_1000,_T,PT_B1GQ,A,4.522
2011,CHN,TAX_REV,S13,T_1000,_T,PT_B1GQ,A,5.02
2012,CHN,TAX_REV,S13,T_1000,_T,PT_B1GQ,A,5.149
2013,CHN,TAX_REV,S13,T_1000,_T,PT_B1GQ,A,5.343
2014,CHN,TAX_REV,S13,T_1000,_T,PT_B1GQ,A,5.479
2015,CHN,TAX_REV,S13,T_1000,_T,PT_B1GQ,A,5.635
2016,CHN,TAX_REV,S13,T_1000,_T,PT_B1GQ,A,5.669
2017,CHN,TAX_REV,S13,T_1000,_T,PT_B1GQ,A,5.782
2018,CHN,TAX_REV,S13,T_1000,_T,PT_B1GQ,A,5.859
2019,CHN,TAX_REV,S13,T_1000,_T,PT_B1GQ,A,5.384
2020,CHN,TAX_REV,S13,T_1000,_T,PT_B1GQ,A,5.263
2021,CHN,TAX_REV,S13,T_1000,_T,PT_B1GQ,A,5.361
2022,CHN,TAX_REV,S13,T_1000,_T,PT_B1GQ,A,5.265
2023,CHN,TAX_REV,S13,T_1000,_T,PT_B1GQ,A,4.726
1998,COG,TAX_REV,S13,T_1000,_T,PT_B1GQ,A,2.882
1999,COG,TAX_REV,S13,T_1000,_T,PT_B1GQ,A,2.967
2000,COG,TAX_REV,S13,T_1000,_T,PT_B1GQ,A,1.843
2001,COG,TAX_REV,S13,T_1000,_T,PT_B1GQ,A,2.254
2002,COG,TAX_REV,S13,T_1000,_T,PT_B1GQ,A,1.923
2003,COG,TAX_REV,S13,T_1000,_T,PT_B1GQ,A,2.071
2004,COG,TAX_REV,S13,T_1000,_T,PT_B1GQ,A,2.079
2005,COG,TAX_REV,S13,T_1000,_T,PT_B1GQ,A,1.781
2006,COG,TAX_REV,S13,T_1000,_T,PT_B1GQ,A,1.671
2007,COG,TAX_REV,S13,T_1000,_T,PT_B1GQ,A,1.95
2008,COG,TAX_REV,S13,T_1000,_T,PT_B1GQ,A,2.074
2009,COG,TAX_REV,S13,T_1000,_T,PT_B1GQ,A,2.613
2010,COG,TAX_REV,S13,T_1000,_T,PT_B1GQ,A,2.318
2011,COG,TAX_REV,S13,T_1000,_T,PT_B1GQ,A,2.564
2012,COG,TAX_REV,S13,T_1000,_T,PT_B1GQ,A,2.441
2013,COG,TAX_REV,S13,T_1000,_T,PT_B1GQ,A,2.951
2014,COG,TAX_REV,S13,T_1000,_T,PT_B1GQ,A,3.284
2015,COG,TAX_REV,S13,T_1000,_T,PT_B1GQ,A,4.876
2016,COG,TAX_REV,S13,T_1000,_T,PT_B1GQ,A,4.764
2017,COG,TAX_REV,S13,T_1000,_T,PT_B1GQ,A,4.023
2018,COG,TAX_REV,S13,T_1000,_T,PT_B1GQ,A,1.693
2019,COG,TAX_REV,S13,T_1000,_T,PT_B1GQ,A,2.246
2020,COG,TAX_REV,S13,T_1000,_T,PT_B1GQ,A,2.715
2021,COG,TAX_REV,S13,T_1000,_T,PT_B1GQ,A,2.161
2022,COG,TAX_REV,S13,T_1000,_T,PT_B1GQ,A,2.037
2006,COK,TAX_REV,S13,T_1000,_T,PT_B1GQ,A,10.938
2007,COK,TAX_REV,S13,T_1000,_T,PT_B1GQ,A,9.754
2008,COK,TAX_REV,S13,T_1000,_T,PT_B1GQ,A,9.755
2009,COK,TAX_REV,S13,T_1000,_T,PT_B1GQ,A,10.875
2010,COK,TAX_REV,S13,T_1000,_T,PT_B1GQ,A,10.134
2011,COK,TAX_REV,S13,T_1000,_T,PT_B1GQ,A,9.469
2012,COK,TAX_REV,S13,T_1000,_T,PT_B1GQ,A,10.969
2013,COK,TAX_REV,S13,T_1000,_T,PT_B1GQ,A,8.1
2014,COK,TAX_REV,S13,T_1000,_T,PT_B1GQ,A,5.63
2015,COK,TAX_REV,S13,T_1000,_T,PT_B1GQ,A,9.426
2016,COK,TAX_REV,S13,T_1000,_T,PT_B1GQ,A,9.235
2017,COK,TAX_REV,S13,T_1000,_T,PT_B1GQ,A,9.895
2018,COK,TAX_REV,S13,T_1000,_T,PT_B1GQ,A,10.936
2019,COK,TAX_REV,S13,T_1000,_T,PT_B1GQ,A,8.759
2020,COK,TAX_REV,S13,T_1000,_T,PT_B1GQ,A,10.331
2021,COK,TAX_REV,S13,T_1000,_T,PT_B1GQ,A,8.284
2022,COK,TAX_REV,S13,T_1000,_T,PT_B1GQ,A,5.394
2023,COK,TAX_REV,S13,T_1000,_T,PT_B1GQ,A,7.655
1990,CIV,TAX_REV,S13,T_1000,_T,PT_B1GQ,A,1.175
1991,CIV,TAX_REV,S13,T_1000,_T,PT_B1GQ,A,1.234
1992,CIV,TAX_REV,S13,T_1000,_T,PT_B1GQ,A,1.281
1993,CIV,TAX_REV,S13,T_1000,_T,PT_B1GQ,A,0.938
1994,CIV,TAX_REV,S13,T_1000,_T,PT_B1GQ,A,0.983
1995,CIV,TAX_REV,S13,T_1000,_T,PT_B1GQ,A,1.822
1996,CIV,TAX_REV,S13,T_1000,_T,PT_B1GQ,A,2.207
1997,CIV,TAX_REV,S13,T_1000,_T,PT_B1GQ,A,2.315
1998,CIV,TAX_REV,S13,T_1000,_T,PT_B1GQ,A,2.301
1999,CIV,TAX_REV,S13,T_1000,_T,PT_B1GQ,A,2.054
2000,CIV,TAX_REV,S13,T_1000,_T,PT_B1GQ,A,1.823
2001,CIV,TAX_REV,S13,T_1000,_T,PT_B1GQ,A,1.406
2002,CIV,TAX_REV,S13,T_1000,_T,PT_B1GQ,A,1.296
2003,CIV,TAX_REV,S13,T_1000,_T,PT_B1GQ,A,1.009
2004,CIV,TAX_REV,S13,T_1000,_T,PT_B1GQ,A,0.988
2005,CIV,TAX_REV,S13,T_1000,_T,PT_B1GQ,A,1.549
2006,CIV,TAX_REV,S13,T_1000,_T,PT_B1GQ,A,1.86
2007,CIV,TAX_REV,S13,T_1000,_T,PT_B1GQ,A,1.964
2008,CIV,TAX_REV,S13,T_1000,_T,PT_B1GQ,A,2.32
2009,CIV,TAX_REV,S13,T_1000,_T,PT_B1GQ,A,1.759
2010,CIV,TAX_REV,S13,T_1000,_T,PT_B1GQ,A,1.531
2011,CIV,TAX_REV,S13,T_1000,_T,PT_B1GQ,A,1.925
2012,CIV,TAX_REV,S13,T_1000,_T,PT_B1GQ,A,2.315
2013,CIV,TAX_REV,S13,T_1000,_T,PT_B1GQ,A,2.045
2014,CIV,TAX_REV,S13,T_1000,_T,PT_B1GQ,A,1.664
2015,CIV,TAX_REV,S13,T_1000,_T,PT_B1GQ,A,1.51
2016,CIV,TAX_REV,S13,T_1000,_T,PT_B1GQ,A,1.462
2017,CIV,TAX_REV,S13,T_1000,_T,PT_B1GQ,A,1.588
2018,CIV,TAX_REV,S13,T_1000,_T,PT_B1GQ,A,1.766
2019,CIV,TAX_REV,S13,T_1000,_T,PT_B1GQ,A,1.576
2020,CIV,TAX_REV,S13,T_1000,_T,PT_B1GQ,A,1.6
2021,CIV,TAX_REV,S13,T_1000,_T,PT_B1GQ,A,1.809
2022,CIV,TAX_REV,S13,T_1000,_T,PT_B1GQ,A,1.938
1995,HRV,TAX_REV,S13,T_1000,_T,PT_B1GQ,A,6.024
1996,HRV,TAX_REV,S13,T_1000,_T,PT_B1GQ,A,6.659
1997,HRV,TAX_REV,S13,T_1000,_T,PT_B1GQ,A,6.226
1998,HRV,TAX_REV,S13,T_1000,_T,PT_B1GQ,A,7.039
1999,HRV,TAX_REV,S13,T_1000,_T,PT_B1GQ,A,6.472
2000,HRV,TAX_REV,S13,T_1000,_T,PT_B1GQ,A,5.468
2001,HRV,TAX_REV,S13,T_1000,_T,PT_B1GQ,A,5.106
2002,HRV,TAX_REV,S13,T_1000,_T,PT_B1GQ,A,5.569
2003,HRV,TAX_REV,S13,T_1000,_T,PT_B1GQ,A,5.509
2004,HRV,TAX_REV,S13,T_1000,_T,PT_B1GQ,A,5.464
2005,HRV,TAX_REV,S13,T_1000,_T,PT_B1GQ,A,5.665
2006,HRV,TAX_REV,S13,T_1000,_T,PT_B1GQ,A,6.283
2007,HRV,TAX_REV,S13,T_1000,_T,PT_B1GQ,A,6.794
2008,HRV,TAX_REV,S13,T_1000,_T,PT_B1GQ,A,6.618
2009,HRV,TAX_REV,S13,T_1000,_T,PT_B1GQ,A,6.599
2010,HRV,TAX_REV,S13,T_1000,_T,PT_B1GQ,A,5.87
2011,HRV,TAX_REV,S13,T_1000,_T,PT_B1GQ,A,5.629
2012,HRV,TAX_REV,S13,T_1000,_T,PT_B1GQ,A,5.54
2013,HRV,TAX_REV,S13,T_1000,_T,PT_B1GQ,A,5.884
2014,HRV,TAX_REV,S13,T_1000,_T,PT_B1GQ,A,5.548
2015,HRV,TAX_REV,S13,T_1000,_T,PT_B1GQ,A,5.401
2016,HRV,TAX_REV,S13,T_1000,_T,PT_B1GQ,A,5.814
2017,HRV,TAX_REV,S13,T_1000,_T,PT_B1GQ,A,5.577
2018,HRV,TAX_REV,S13,T_1000,_T,PT_B1GQ,A,5.766
2019,HRV,TAX_REV,S13,T_1000,_T,PT_B1GQ,A,5.925
2020,HRV,TAX_REV,S13,T_1000,_T,PT_B1GQ,A,5.895
2021,HRV,TAX_REV,S13,T_1000,_T,PT_B1GQ,A,5.193
2022,HRV,TAX_REV,S13,T_1000,_T,PT_B1GQ,A,6.475
1990,CUB,TAX_REV,S13,T_1000,_T,PT_B1GQ,A,0.071
1991,CUB,TAX_REV,S13,T_1000,_T,PT_B1GQ,A,0.086
1992,CUB,TAX_REV,S13,T_1000,_T,PT_B1GQ,A,0.101
1993,CUB,TAX_REV,S13,T_1000,_T,PT_B1GQ,A,0.431
1994,CUB,TAX_REV,S13,T_1000,_T,PT_B1GQ,A,0.708
1995,CUB,TAX_REV,S13,T_1000,_T,PT_B1GQ,A,1.486
1996,CUB,TAX_REV,S13,T_1000,_T,PT_B1GQ,A,2.736
1997,CUB,TAX_REV,S13,T_1000,_T,PT_B1GQ,A,4.388
1998,CUB,TAX_REV,S13,T_1000,_T,PT_B1GQ,A,5.465
1999,CUB,TAX_REV,S13,T_1000,_T,PT_B1GQ,A,5.719
2000,CUB,TAX_REV,S13,T_1000,_T,PT_B1GQ,A,5.973
2001,CUB,TAX_REV,S13,T_1000,_T,PT_B1GQ,A,6.324
2002,CUB,TAX_REV,S13,T_1000,_T,PT_B1GQ,A,5.914
2003,CUB,TAX_REV,S13,T_1000,_T,PT_B1GQ,A,6.085
2004,CUB,TAX_REV,S13,T_1000,_T,PT_B1GQ,A,6.029
2005,CUB,TAX_REV,S13,T_1000,_T,PT_B1GQ,A,5.749
2006,CUB,TAX_REV,S13,T_1000,_T,PT_B1GQ,A,4.49
2007,CUB,TAX_REV,S13,T_1000,_T,PT_B1GQ,A,5.806
2008,CUB,TAX_REV,S13,T_1000,_T,PT_B1GQ,A,5.727
2009,CUB,TAX_REV,S13,T_1000,_T,PT_B1GQ,A,5.14
2010,CUB,TAX_REV,S13,T_1000,_T,PT_B1GQ,A,5.601
2011,CUB,TAX_REV,S13,T_1000,_T,PT_B1GQ,A,6.528
2012,CUB,TAX_REV,S13,T_1000,_T,PT_B1GQ,A,6.2
2013,CUB,TAX_REV,S13,T_1000,_T,PT_B1GQ,A,6.859
2014,CUB,TAX_REV,S13,T_1000,_T,PT_B1GQ,A,7.433
2015,CUB,TAX_REV,S13,T_1000,_T,PT_B1GQ,A,7.662
2016,CUB,TAX_REV,S13,T_1000,_T,PT_B1GQ,A,8.776
2017,CUB,TAX_REV,S13,T_1000,_T,PT_B1GQ,A,10.253
2018,CUB,TAX_REV,S13,T_1000,_T,PT_B1GQ,A,11.088
2019,CUB,TAX_REV,S13,T_1000,_T,PT_B1GQ,A,11.851
2020,CUB,TAX_REV,S13,T_1000,_T,PT_B1GQ,A,10.603
2021,CUB,TAX_REV,S13,T_1000,_T,PT_B1GQ,A,8.17
2022,CUB,TAX_REV,S13,T_1000,_T,PT_B1GQ,A,8.585
2023,CUB,TAX_REV,S13,T_1000,_T,PT_B1GQ,A,8.036
2000,COD,TAX_REV,S13,T_1000,_T,PT_B1GQ,A,0.195
2001,COD,TAX_REV,S13,T_1000,_T,PT_B1GQ,A,0.732
2002,COD,TAX_REV,S13,T_1000,_T,PT_B1GQ,A,0.924
2003,COD,TAX_REV,S13,T_1000,_T,PT_B1GQ,A,0.703
2004,COD,TAX_REV,S13,T_1000,_T,PT_B1GQ,A,0.875
2005,COD,TAX_REV,S13,T_1000,_T,PT_B1GQ,A,0.916
2006,COD,TAX_REV,S13,T_1000,_T,PT_B1GQ,A,1.174
2007,COD,TAX_REV,S13,T_1000,_T,PT_B1GQ,A,1.477
2008,COD,TAX_REV,S13,T_1000,_T,PT_B1GQ,A,1.919
2009,COD,TAX_REV,S13,T_1000,_T,PT_B1GQ,A,2.024
2010,COD,TAX_REV,S13,T_1000,_T,PT_B1GQ,A,2.206
2011,COD,TAX_REV,S13,T_1000,_T,PT_B1GQ,A,2.18
2012,COD,TAX_REV,S13,T_1000,_T,PT_B1GQ,A,2.292
2013,COD,TAX_REV,S13,T_1000,_T,PT_B1GQ,A,2.426
2014,COD,TAX_REV,S13,T_1000,_T,PT_B1GQ,A,2.853
2015,COD,TAX_REV,S13,T_1000,_T,PT_B1GQ,A,3.294
2016,COD,TAX_REV,S13,T_1000,_T,PT_B1GQ,A,2.504
2017,COD,TAX_REV,S13,T_1000,_T,PT_B1GQ,A,2.441
2018,COD,TAX_REV,S13,T_1000,_T,PT_B1GQ,A,3.291
2019,COD,TAX_REV,S13,T_1000,_T,PT_B1GQ,A,3.217
2020,COD,TAX_REV,S13,T_1000,_T,PT_B1GQ,A,2.373
2021,COD,TAX_REV,S13,T_1000,_T,PT_B1GQ,A,3.466
2022,COD,TAX_REV,S13,T_1000,_T,PT_B1GQ,A,6.439
1990,DOM,TAX_REV,S13,T_1000,_T,PT_B1GQ,A,2.134
1991,DOM,TAX_REV,S13,T_1000,_T,PT_B1GQ,A,2.011
1992,DOM,TAX_REV,S13,T_1000,_T,PT_B1GQ,A,1.998
1993,DOM,TAX_REV,S13,T_1000,_T,PT_B1GQ,A,2.019
1994,DOM,TAX_REV,S13,T_1000,_T,PT_B1GQ,A,1.977
1995,DOM,TAX_REV,S13,T_1000,_T,PT_B1GQ,A,2.165
1996,DOM,TAX_REV,S13,T_1000,_T,PT_B1GQ,A,2.086
1997,DOM,TAX_REV,S13,T_1000,_T,PT_B1GQ,A,2.201
1998,DOM,TAX_REV,S13,T_1000,_T,PT_B1GQ,A,2.291
1999,DOM,TAX_REV,S13,T_1000,_T,PT_B1GQ,A,2.56
2000,DOM,TAX_REV,S13,T_1000,_T,PT_B1GQ,A,2.674
2001,DOM,TAX_REV,S13,T_1000,_T,PT_B1GQ,A,3.542
2002,DOM,TAX_REV,S13,T_1000,_T,PT_B1GQ,A,3.313
2003,DOM,TAX_REV,S13,T_1000,_T,PT_B1GQ,A,3.148
2004,DOM,TAX_REV,S13,T_1000,_T,PT_B1GQ,A,2.543
2005,DOM,TAX_REV,S13,T_1000,_T,PT_B1GQ,A,2.711
2006,DOM,TAX_REV,S13,T_1000,_T,PT_B1GQ,A,3.041
2007,DOM,TAX_REV,S13,T_1000,_T,PT_B1GQ,A,3.735
2008,DOM,TAX_REV,S13,T_1000,_T,PT_B1GQ,A,3.493
2009,DOM,TAX_REV,S13,T_1000,_T,PT_B1GQ,A,3.076
2010,DOM,TAX_REV,S13,T_1000,_T,PT_B1GQ,A,2.655
2011,DOM,TAX_REV,S13,T_1000,_T,PT_B1GQ,A,2.906
2012,DOM,TAX_REV,S13,T_1000,_T,PT_B1GQ,A,3.836
2013,DOM,TAX_REV,S13,T_1000,_T,PT_B1GQ,A,4.098
2014,DOM,TAX_REV,S13,T_1000,_T,PT_B1GQ,A,4.236
2015,DOM,TAX_REV,S13,T_1000,_T,PT_B1GQ,A,3.698
2016,DOM,TAX_REV,S13,T_1000,_T,PT_B1GQ,A,3.857
2017,DOM,TAX_REV,S13,T_1000,_T,PT_B1GQ,A,4.024
2018,DOM,TAX_REV,S13,T_1000,_T,PT_B1GQ,A,3.978
2019,DOM,TAX_REV,S13,T_1000,_T,PT_B1GQ,A,4.203
2020,DOM,TAX_REV,S13,T_1000,_T,PT_B1GQ,A,4.198
2021,DOM,TAX_REV,S13,T_1000,_T,PT_B1GQ,A,4.878
2022,DOM,TAX_REV,S13,T_1000,_T,PT_B1GQ,A,4.411
2023,DOM,TAX_REV,S13,T_1000,_T,PT_B1GQ,A,4.98
1990,ECU,TAX_REV,S13,T_1000,_T,PT_B1GQ,A,0.91
1991,ECU,TAX_REV,S13,T_1000,_T,PT_B1GQ,A,0.996
1992,ECU,TAX_REV,S13,T_1000,_T,PT_B1GQ,A,0.988
1993,ECU,TAX_REV,S13,T_1000,_T,PT_B1GQ,A,0.986
1994,ECU,TAX_REV,S13,T_1000,_T,PT_B1GQ,A,0.946
1995,ECU,TAX_REV,S13,T_1000,_T,PT_B1GQ,A,1.275
1996,ECU,TAX_REV,S13,T_1000,_T,PT_B1GQ,A,1.191
1997,ECU,TAX_REV,S13,T_1000,_T,PT_B1GQ,A,1.278
1998,ECU,TAX_REV,S13,T_1000,_T,PT_B1GQ,A,1.498
1999,ECU,TAX_REV,S13,T_1000,_T,PT_B1GQ,A,0.583
2000,ECU,TAX_REV,S13,T_1000,_T,PT_B1GQ,A,1.465
2001,ECU,TAX_REV,S13,T_1000,_T,PT_B1GQ,A,2.432
2002,ECU,TAX_REV,S13,T_1000,_T,PT_B1GQ,A,2.362
2003,ECU,TAX_REV,S13,T_1000,_T,PT_B1GQ,A,2.399
2004,ECU,TAX_REV,S13,T_1000,_T,PT_B1GQ,A,2.551
2005,ECU,TAX_REV,S13,T_1000,_T,PT_B1GQ,A,3.007
2006,ECU,TAX_REV,S13,T_1000,_T,PT_B1GQ,A,3.235
2007,ECU,TAX_REV,S13,T_1000,_T,PT_B1GQ,A,3.448
2008,ECU,TAX_REV,S13,T_1000,_T,PT_B1GQ,A,3.842
2009,ECU,TAX_REV,S13,T_1000,_T,PT_B1GQ,A,4.043
2010,ECU,TAX_REV,S13,T_1000,_T,PT_B1GQ,A,4.204
2011,ECU,TAX_REV,S13,T_1000,_T,PT_B1GQ,A,3.89
2012,ECU,TAX_REV,S13,T_1000,_T,PT_B1GQ,A,3.812
2013,ECU,TAX_REV,S13,T_1000,_T,PT_B1GQ,A,4.081
2014,ECU,TAX_REV,S13,T_1000,_T,PT_B1GQ,A,4.147
2015,ECU,TAX_REV,S13,T_1000,_T,PT_B1GQ,A,5.046
2016,ECU,TAX_REV,S13,T_1000,_T,PT_B1GQ,A,4.389
2017,ECU,TAX_REV,S13,T_1000,_T,PT_B1GQ,A,3.963
2018,ECU,TAX_REV,S13,T_1000,_T,PT_B1GQ,A,4.877
2019,ECU,TAX_REV,S13,T_1000,_T,PT_B1GQ,A,4.319
2020,ECU,TAX_REV,S13,T_1000,_T,PT_B1GQ,A,4.535
2021,ECU,TAX_REV,S13,T_1000,_T,PT_B1GQ,A,4.186
2022,ECU,TAX_REV,S13,T_1000,_T,PT_B1GQ,A,4.62
2023,ECU,TAX_REV,S13,T_1000,_T,PT_B1GQ,A,4.801
2002,EGY,TAX_REV,S13,T_1000,_T,PT_B1GQ,A,5.465
2003,EGY,TAX_REV,S13,T_1000,_T,PT_B1GQ,A,5.373
2004,EGY,TAX_REV,S13,T_1000,_T,PT_B1GQ,A,5.992
2005,EGY,TAX_REV,S13,T_1000,_T,PT_B1GQ,A,6.279
2006,EGY,TAX_REV,S13,T_1000,_T,PT_B1GQ,A,8.039
2007,EGY,TAX_REV,S13,T_1000,_T,PT_B1GQ,A,8.01
2008,EGY,TAX_REV,S13,T_1000,_T,PT_B1GQ,A,7.58
2009,EGY,TAX_REV,S13,T_1000,_T,PT_B1GQ,A,7.663
2010,EGY,TAX_REV,S13,T_1000,_T,PT_B1GQ,A,6.768
2011,EGY,TAX_REV,S13,T_1000,_T,PT_B1GQ,A,6.909
2012,EGY,TAX_REV,S13,T_1000,_T,PT_B1GQ,A,5.936
2013,EGY,TAX_REV,S13,T_1000,_T,PT_B1GQ,A,7.063
2014,EGY,TAX_REV,S13,T_1000,_T,PT_B1GQ,A,6.575
2015,EGY,TAX_REV,S13,T_1000,_T,PT_B1GQ,A,6.095
2016,EGY,TAX_REV,S13,T_1000,_T,PT_B1GQ,A,6.269
2017,EGY,TAX_REV,S13,T_1000,_T,PT_B1GQ,A,5.847
2018,EGY,TAX_REV,S13,T_1000,_T,PT_B1GQ,A,6.213
2019,EGY,TAX_REV,S13,T_1000,_T,PT_B1GQ,A,5.937
2020,EGY,TAX_REV,S13,T_1000,_T,PT_B1GQ,A,5.963
2021,EGY,TAX_REV,S13,T_1000,_T,PT_B1GQ,A,5.977
2022,EGY,TAX_REV,S13,T_1000,_T,PT_B1GQ,A,6.118
1990,SLV,TAX_REV,S13,T_1000,_T,PT_B1GQ,A,1.98
1991,SLV,TAX_REV,S13,T_1000,_T,PT_B1GQ,A,2.281
1992,SLV,TAX_REV,S13,T_1000,_T,PT_B1GQ,A,2.183
1993,SLV,TAX_REV,S13,T_1000,_T,PT_B1GQ,A,2.363
1994,SLV,TAX_REV,S13,T_1000,_T,PT_B1GQ,A,2.662
1995,SLV,TAX_REV,S13,T_1000,_T,PT_B1GQ,A,3.379
1996,SLV,TAX_REV,S13,T_1000,_T,PT_B1GQ,A,3.187
1997,SLV,TAX_REV,S13,T_1000,_T,PT_B1GQ,A,3.16
1998,SLV,TAX_REV,S13,T_1000,_T,PT_B1GQ,A,3.212
1999,SLV,TAX_REV,S13,T_1000,_T,PT_B1GQ,A,3.478
2000,SLV,TAX_REV,S13,T_1000,_T,PT_B1GQ,A,3.641
2001,SLV,TAX_REV,S13,T_1000,_T,PT_B1GQ,A,3.512
2002,SLV,TAX_REV,S13,T_1000,_T,PT_B1GQ,A,3.611
2003,SLV,TAX_REV,S13,T_1000,_T,PT_B1GQ,A,3.615
2004,SLV,TAX_REV,S13,T_1000,_T,PT_B1GQ,A,3.64
2005,SLV,TAX_REV,S13,T_1000,_T,PT_B1GQ,A,4.331
2014,MDA,TAX_REV,S13,T_1000,_T,PT_B1GQ,A,3.696
2015,MDA,TAX_REV,S13,T_1000,_T,PT_B1GQ,A,3.785
2016,MDA,TAX_REV,S13,T_1000,_T,PT_B1GQ,A,4.116
2017,MDA,TAX_REV,S13,T_1000,_T,PT_B1GQ,A,4.388
2018,MDA,TAX_REV,S13,T_1000,_T,PT_B1GQ,A,4.939
2019,MDA,TAX_REV,S13,T_1000,_T,PT_B1GQ,A,4.526
2020,MDA,TAX_REV,S13,T_1000,_T,PT_B1GQ,A,4.65
2021,MDA,TAX_REV,S13,T_1000,_T,PT_B1GQ,A,4.603
2022,MDA,TAX_REV,S13,T_1000,_T,PT_B1GQ,A,5.365
2023,MDA,TAX_REV,S13,T_1000,_T,PT_B1GQ,A,5.487
2006,MNG,TAX_REV,S13,T_1000,_T,PT_B1GQ,A,11.742
2007,MNG,TAX_REV,S13,T_1000,_T,PT_B1GQ,A,12.861
2008,MNG,TAX_REV,S13,T_1000,_T,PT_B1GQ,A,11.372
2009,MNG,TAX_REV,S13,T_1000,_T,PT_B1GQ,A,7.919
2010,MNG,TAX_REV,S13,T_1000,_T,PT_B1GQ,A,9.993
2011,MNG,TAX_REV,S13,T_1000,_T,PT_B1GQ,A,6.329
2012,MNG,TAX_REV,S13,T_1000,_T,PT_B1GQ,A,5.222
2013,MNG,TAX_REV,S13,T_1000,_T,PT_B1GQ,A,5.785
2014,MNG,TAX_REV,S13,T_1000,_T,PT_B1GQ,A,4.954
2015,MNG,TAX_REV,S13,T_1000,_T,PT_B1GQ,A,5.114
2016,MNG,TAX_REV,S13,T_1000,_T,PT_B1GQ,A,4.36
2017,MNG,TAX_REV,S13,T_1000,_T,PT_B1GQ,A,5.759
2018,MNG,TAX_REV,S13,T_1000,_T,PT_B1GQ,A,6.418
2019,MNG,TAX_REV,S13,T_1000,_T,PT_B1GQ,A,6.754
2020,MNG,TAX_REV,S13,T_1000,_T,PT_B1GQ,A,5.879
2021,MNG,TAX_REV,S13,T_1000,_T,PT_B1GQ,A,7.44
2022,MNG,TAX_REV,S13,T_1000,_T,PT_B1GQ,A,6.973
2023,MNG,TAX_REV,S13,T_1000,_T,PT_B1GQ,A,8.1
2000,MAR,TAX_REV,S13,T_1000,_T,PT_B1GQ,A,5.294
2001,MAR,TAX_REV,S13,T_1000,_T,PT_B1GQ,A,5.63
2002,MAR,TAX_REV,S13,T_1000,_T,PT_B1GQ,A,5.765
2003,MAR,TAX_REV,S13,T_1000,_T,PT_B1GQ,A,6.051
2004,MAR,TAX_REV,S13,T_1000,_T,PT_B1GQ,A,6.265
2005,MAR,TAX_REV,S13,T_1000,_T,PT_B1GQ,A,7.125
2006,MAR,TAX_REV,S13,T_1000,_T,PT_B1GQ,A,7.551
2007,MAR,TAX_REV,S13,T_1000,_T,PT_B1GQ,A,8.35
2008,MAR,TAX_REV,S13,T_1000,_T,PT_B1GQ,A,10.337
2009,MAR,TAX_REV,S13,T_1000,_T,PT_B1GQ,A,8.613
2010,MAR,TAX_REV,S13,T_1000,_T,PT_B1GQ,A,7.378
2011,MAR,TAX_REV,S13,T_1000,_T,PT_B1GQ,A,7.783
2012,MAR,TAX_REV,S13,T_1000,_T,PT_B1GQ,A,8.426
2013,MAR,TAX_REV,S13,T_1000,_T,PT_B1GQ,A,7.784
2014,MAR,TAX_REV,S13,T_1000,_T,PT_B1GQ,A,7.623
2015,MAR,TAX_REV,S13,T_1000,_T,PT_B1GQ,A,7.323
2016,MAR,TAX_REV,S13,T_1000,_T,PT_B1GQ,A,7.687
2017,MAR,TAX_REV,S13,T_1000,_T,PT_B1GQ,A,8.04
2018,MAR,TAX_REV,S13,T_1000,_T,PT_B1GQ,A,8.034
2019,MAR,TAX_REV,S13,T_1000,_T,PT_B1GQ,A,7.927
2020,MAR,TAX_REV,S13,T_1000,_T,PT_B1GQ,A,8.28
2021,MAR,TAX_REV,S13,T_1000,_T,PT_B1GQ,A,7.709
2022,MAR,TAX_REV,S13,T_1000,_T,PT_B1GQ,A,9.216
2006,MOZ,TAX_REV,S13,T_1000,_T,PT_B1GQ,A,2.627
2007,MOZ,TAX_REV,S13,T_1000,_T,PT_B1GQ,A,3.306
2008,MOZ,TAX_REV,S13,T_1000,_T,PT_B1GQ,A,3.721
2009,MOZ,TAX_REV,S13,T_1000,_T,PT_B1GQ,A,4.054
2010,MOZ,TAX_REV,S13,T_1000,_T,PT_B1GQ,A,4.756
2011,MOZ,TAX_REV,S13,T_1000,_T,PT_B1GQ,A,5.843
2012,MOZ,TAX_REV,S13,T_1000,_T,PT_B1GQ,A,7.756
2013,MOZ,TAX_REV,S13,T_1000,_T,PT_B1GQ,A,9.525
2014,MOZ,TAX_REV,S13,T_1000,_T,PT_B1GQ,A,11.181
2015,MOZ,TAX_REV,S13,T_1000,_T,PT_B1GQ,A,8.92
2016,MOZ,TAX_REV,S13,T_1000,_T,PT_B1GQ,A,8.426
2017,MOZ,TAX_REV,S13,T_1000,_T,PT_B1GQ,A,9.055
2018,MOZ,TAX_REV,S13,T_1000,_T,PT_B1GQ,A,10.035
2019,MOZ,TAX_REV,S13,T_1000,_T,PT_B1GQ,A,9.331
2020,MOZ,TAX_REV,S13,T_1000,_T,PT_B1GQ,A,10.114
2021,MOZ,TAX_REV,S13,T_1000,_T,PT_B1GQ,A,10.342
2022,MOZ,TAX_REV,S13,T_1000,_T,PT_B1GQ,A,10.975
2006,NAM,TAX_REV,S13,T_1000,_T,PT_B1GQ,A,10.41
2007,NAM,TAX_REV,S13,T_1000,_T,PT_B1GQ,A,10.563
2008,NAM,TAX_REV,S13,T_1000,_T,PT_B1GQ,A,11.304
2009,NAM,TAX_REV,S13,T_1000,_T,PT_B1GQ,A,10.559
2010,NAM,TAX_REV,S13,T_1000,_T,PT_B1GQ,A,11.734
2011,NAM,TAX_REV,S13,T_1000,_T,PT_B1GQ,A,12.298
2012,NAM,TAX_REV,S13,T_1000,_T,PT_B1GQ,A,13.275
2013,NAM,TAX_REV,S13,T_1000,_T,PT_B1GQ,A,11.518
2014,NAM,TAX_REV,S13,T_1000,_T,PT_B1GQ,A,12.919
2015,NAM,TAX_REV,S13,T_1000,_T,PT_B1GQ,A,12.761
2016,NAM,TAX_REV,S13,T_1000,_T,PT_B1GQ,A,12.786
2017,NAM,TAX_REV,S13,T_1000,_T,PT_B1GQ,A,12.617
2018,NAM,TAX_REV,S13,T_1000,_T,PT_B1GQ,A,12.068
2019,NAM,TAX_REV,S13,T_1000,_T,PT_B1GQ,A,12.599
2020,NAM,TAX_REV,S13,T_1000,_T,PT_B1GQ,A,12.62
2021,NAM,TAX_REV,S13,T_1000,_T,PT_B1GQ,A,12.11
2022,NAM,TAX_REV,S13,T_1000,_T,PT_B1GQ,A,11.99
2015,NRU,TAX_REV,S13,T_1000,_T,PT_B1GQ,A,9.398
2016,NRU,TAX_REV,S13,T_1000,_T,PT_B1GQ,A,8.683
2017,NRU,TAX_REV,S13,T_1000,_T,PT_B1GQ,A,16.166
2018,NRU,TAX_REV,S13,T_1000,_T,PT_B1GQ,A,22.703
2019,NRU,TAX_REV,S13,T_1000,_T,PT_B1GQ,A,33.832
2020,NRU,TAX_REV,S13,T_1000,_T,PT_B1GQ,A,27.008
2021,NRU,TAX_REV,S13,T_1000,_T,PT_B1GQ,A,25.657
2022,NRU,TAX_REV,S13,T_1000,_T,PT_B1GQ,A,21.544
2023,NRU,TAX_REV,S13,T_1000,_T,PT_B1GQ,A,11.717
1991,NIC,TAX_REV,S13,T_1000,_T,PT_B1GQ,A,1.331
1992,NIC,TAX_REV,S13,T_1000,_T,PT_B1GQ,A,1.584
1993,NIC,TAX_REV,S13,T_1000,_T,PT_B1GQ,A,1.215
1994,NIC,TAX_REV,S13,T_1000,_T,PT_B1GQ,A,1.033
1995,NIC,TAX_REV,S13,T_1000,_T,PT_B1GQ,A,1.286
1996,NIC,TAX_REV,S13,T_1000,_T,PT_B1GQ,A,1.414
1997,NIC,TAX_REV,S13,T_1000,_T,PT_B1GQ,A,1.638
1998,NIC,TAX_REV,S13,T_1000,_T,PT_B1GQ,A,1.649
1999,NIC,TAX_REV,S13,T_1000,_T,PT_B1GQ,A,1.698
2000,NIC,TAX_REV,S13,T_1000,_T,PT_B1GQ,A,1.765
2001,NIC,TAX_REV,S13,T_1000,_T,PT_B1GQ,A,1.8
2002,NIC,TAX_REV,S13,T_1000,_T,PT_B1GQ,A,2.162
2003,NIC,TAX_REV,S13,T_1000,_T,PT_B1GQ,A,3.045
2004,NIC,TAX_REV,S13,T_1000,_T,PT_B1GQ,A,3.44
2005,NIC,TAX_REV,S13,T_1000,_T,PT_B1GQ,A,3.689
2006,NIC,TAX_REV,S13,T_1000,_T,PT_B1GQ,A,4.022
2007,NIC,TAX_REV,S13,T_1000,_T,PT_B1GQ,A,4.196
2008,NIC,TAX_REV,S13,T_1000,_T,PT_B1GQ,A,4.254
2009,NIC,TAX_REV,S13,T_1000,_T,PT_B1GQ,A,4.632
2010,NIC,TAX_REV,S13,T_1000,_T,PT_B1GQ,A,4.464
2011,NIC,TAX_REV,S13,T_1000,_T,PT_B1GQ,A,5.084
2012,NIC,TAX_REV,S13,T_1000,_T,PT_B1GQ,A,5.285
2013,NIC,TAX_REV,S13,T_1000,_T,PT_B1GQ,A,5.462
2014,NIC,TAX_REV,S13,T_1000,_T,PT_B1GQ,A,5.847
2015,NIC,TAX_REV,S13,T_1000,_T,PT_B1GQ,A,6.13
2016,NIC,TAX_REV,S13,T_1000,_T,PT_B1GQ,A,6.551
2017,NIC,TAX_REV,S13,T_1000,_T,PT_B1GQ,A,6.893
2018,NIC,TAX_REV,S13,T_1000,_T,PT_B1GQ,A,7.119
2019,NIC,TAX_REV,S13,T_1000,_T,PT_B1GQ,A,7.854
2020,NIC,TAX_REV,S13,T_1000,_T,PT_B1GQ,A,7.458
2021,NIC,TAX_REV,S13,T_1000,_T,PT_B1GQ,A,8.191
2022,NIC,TAX_REV,S13,T_1000,_T,PT_B1GQ,A,9.021
2023,NIC,TAX_REV,S13,T_1000,_T,PT_B1GQ,A,9.033
2000,NER,TAX_REV,S13,T_1000,_T,PT_B1GQ,A,1.316
2001,NER,TAX_REV,S13,T_1000,_T,PT_B1GQ,A,1.08
2002,NER,TAX_REV,S13,T_1000,_T,PT_B1GQ,A,1.243
2003,NER,TAX_REV,S13,T_1000,_T,PT_B1GQ,A,1.687
2004,NER,TAX_REV,S13,T_1000,_T,PT_B1GQ,A,1.73
2005,NER,TAX_REV,S13,T_1000,_T,PT_B1GQ,A,1.512
2006,NER,TAX_REV,S13,T_1000,_T,PT_B1GQ,A,1.807
2007,NER,TAX_REV,S13,T_1000,_T,PT_B1GQ,A,2.049
2008,NER,TAX_REV,S13,T_1000,_T,PT_B1GQ,A,2.505
2009,NER,TAX_REV,S13,T_1000,_T,PT_B1GQ,A,3.306
2010,NER,TAX_REV,S13,T_1000,_T,PT_B1GQ,A,2.447
2011,NER,TAX_REV,S13,T_1000,_T,PT_B1GQ,A,2.731
2012,NER,TAX_REV,S13,T_1000,_T,PT_B1GQ,A,3.449
2013,NER,TAX_REV,S13,T_1000,_T,PT_B1GQ,A,4.951
2014,NER,TAX_REV,S13,T_1000,_T,PT_B1GQ,A,3.898
2015,NER,TAX_REV,S13,T_1000,_T,PT_B1GQ,A,3.104
2016,NER,TAX_REV,S13,T_1000,_T,PT_B1GQ,A,2.779
2017,NER,TAX_REV,S13,T_1000,_T,PT_B1GQ,A,2.563
2018,NER,TAX_REV,S13,T_1000,_T,PT_B1GQ,A,2.361
2019,NER,TAX_REV,S13,T_1000,_T,PT_B1GQ,A,2.276
2020,NER,TAX_REV,S13,T_1000,_T,PT_B1GQ,A,2.298
2021,NER,TAX_REV,S13,T_1000,_T,PT_B1GQ,A,2.545
2022,NER,TAX_REV,S13,T_1000,_T,PT_B1GQ,A,2.421
2010,NGA,TAX_REV,S13,T_1000,_T,PT_B1GQ,A,4.63
2011,NGA,TAX_REV,S13,T_1000,_T,PT_B1GQ,A,6.774
2012,NGA,TAX_REV,S13,T_1000,_T,PT_B1GQ,A,6.516
2013,NGA,TAX_REV,S13,T_1000,_T,PT_B1GQ,A,5.536
2014,NGA,TAX_REV,S13,T_1000,_T,PT_B1GQ,A,4.879
2015,NGA,TAX_REV,S13,T_1000,_T,PT_B1GQ,A,3.663
2016,NGA,TAX_REV,S13,T_1000,_T,PT_B1GQ,A,2.973
2017,NGA,TAX_REV,S13,T_1000,_T,PT_B1GQ,A,3.212
2018,NGA,TAX_REV,S13,T_1000,_T,PT_B1GQ,A,3.843
2019,NGA,TAX_REV,S13,T_1000,_T,PT_B1GQ,A,3.409
2020,NGA,TAX_REV,S13,T_1000,_T,PT_B1GQ,A,2.761
2021,NGA,TAX_REV,S13,T_1000,_T,PT_B1GQ,A,3.098
2022,NGA,TAX_REV,S13,T_1000,_T,PT_B1GQ,A,4.261
2010,NIU,TAX_REV,S13,T_1000,_T,PT_B1GQ,A,8.019
2011,NIU,TAX_REV,S13,T_1000,_T,PT_B1GQ,A,8.092
2012,NIU,TAX_REV,S13,T_1000,_T,PT_B1GQ,A,11.087
2013,NIU,TAX_REV,S13,T_1000,_T,PT_B1GQ,A,8.252
2014,NIU,TAX_REV,S13,T_1000,_T,PT_B1GQ,A,9.473
2015,NIU,TAX_REV,S13,T_1000,_T,PT_B1GQ,A,8.686
2016,NIU,TAX_REV,S13,T_1000,_T,PT_B1GQ,A,8.781
2017,NIU,TAX_REV,S13,T_1000,_T,PT_B1GQ,A,9.461
2018,NIU,TAX_REV,S13,T_1000,_T,PT_B1GQ,A,8.401
2019,NIU,TAX_REV,S13,T_1000,_T,PT_B1GQ,A,9.374
2020,NIU,TAX_REV,S13,T_1000,_T,PT_B1GQ,A,11.6
2021,NIU,TAX_REV,S13,T_1000,_T,PT_B1GQ,A,9.197
2022,NIU,TAX_REV,S13,T_1000,_T,PT_B1GQ,A,12.682
2023,NIU,TAX_REV,S13,T_1000,_T,PT_B1GQ,A,9.929
2011,PAK,TAX_REV,S13,T_1000,_T,PT_B1GQ,A,3.276
2012,PAK,TAX_REV,S13,T_1000,_T,PT_B1GQ,A,2.938
2013,PAK,TAX_REV,S13,T_1000,_T,PT_B1GQ,A,3.163
2014,PAK,TAX_REV,S13,T_1000,_T,PT_B1GQ,A,3.383
2015,PAK,TAX_REV,S13,T_1000,_T,PT_B1GQ,A,3.641
2016,PAK,TAX_REV,S13,T_1000,_T,PT_B1GQ,A,3.778
2017,PAK,TAX_REV,S13,T_1000,_T,PT_B1GQ,A,3.921
2018,PAK,TAX_REV,S13,T_1000,_T,PT_B1GQ,A,3.301
2019,PAK,TAX_REV,S13,T_1000,_T,PT_B1GQ,A,3.206
2020,PAK,TAX_REV,S13,T_1000,_T,PT_B1GQ,A,3.102
2021,PAK,TAX_REV,S13,T_1000,_T,PT_B1GQ,A,3.421
2022,PAK,TAX_REV,S13,T_1000,_T,PT_B1GQ,A,3.898
2023,PAK,TAX_REV,S13,T_1000,_T,PT_B1GQ,A,4.29
1990,PAN,TAX_REV,S13,T_1000,_T,PT_B1GQ,A,3.791
1991,PAN,TAX_REV,S13,T_1000,_T,PT_B1GQ,A,4.378
1992,PAN,TAX_REV,S13,T_1000,_T,PT_B1GQ,A,4.429
1993,PAN,TAX_REV,S13,T_1000,_T,PT_B1GQ,A,4.172
1994,PAN,TAX_REV,S13,T_1000,_T,PT_B1GQ,A,4.111
1995,PAN,TAX_REV,S13,T_1000,_T,PT_B1GQ,A,4.673
1996,PAN,TAX_REV,S13,T_1000,_T,PT_B1GQ,A,3.828
1997,PAN,TAX_REV,S13,T_1000,_T,PT_B1GQ,A,4.13
1998,PAN,TAX_REV,S13,T_1000,_T,PT_B1GQ,A,3.309
1999,PAN,TAX_REV,S13,T_1000,_T,PT_B1GQ,A,4.046
2000,PAN,TAX_REV,S13,T_1000,_T,PT_B1GQ,A,3.878
2001,PAN,TAX_REV,S13,T_1000,_T,PT_B1GQ,A,3.513
2002,PAN,TAX_REV,S13,T_1000,_T,PT_B1GQ,A,3.363
2003,PAN,TAX_REV,S13,T_1000,_T,PT_B1GQ,A,3.053
2004,PAN,TAX_REV,S13,T_1000,_T,PT_B1GQ,A,3.11
2005,PAN,TAX_REV,S13,T_1000,_T,PT_B1GQ,A,3.383
2006,PAN,TAX_REV,S13,T_1000,_T,PT_B1GQ,A,3.948
2007,PAN,TAX_REV,S13,T_1000,_T,PT_B1GQ,A,4.413
2008,PAN,TAX_REV,S13,T_1000,_T,PT_B1GQ,A,4.361
2009,PAN,TAX_REV,S13,T_1000,_T,PT_B1GQ,A,4.741
2010,PAN,TAX_REV,S13,T_1000,_T,PT_B1GQ,A,4.474
2011,PAN,TAX_REV,S13,T_1000,_T,PT_B1GQ,A,3.891
2012,PAN,TAX_REV,S13,T_1000,_T,PT_B1GQ,A,4.91
2013,PAN,TAX_REV,S13,T_1000,_T,PT_B1GQ,A,4.824
2014,PAN,TAX_REV,S13,T_1000,_T,PT_B1GQ,A,4.002
2015,PAN,TAX_REV,S13,T_1000,_T,PT_B1GQ,A,3.82
2016,PAN,TAX_REV,S13,T_1000,_T,PT_B1GQ,A,4.145
2017,PAN,TAX_REV,S13,T_1000,_T,PT_B1GQ,A,3.94
2018,PAN,TAX_REV,S13,T_1000,_T,PT_B1GQ,A,3.971
2019,PAN,TAX_REV,S13,T_1000,_T,PT_B1GQ,A,3.506
2020,PAN,TAX_REV,S13,T_1000,_T,PT_B1GQ,A,3.292
2021,PAN,TAX_REV,S13,T_1000,_T,PT_B1GQ,A,2.964
2022,PAN,TAX_REV,S13,T_1000,_T,PT_B1GQ,A,3.668
2023,PAN,TAX_REV,S13,T_1000,_T,PT_B1GQ,A,4.024
2000,PNG,TAX_REV,S13,T_1000,_T,PT_B1GQ,A,6.508
2001,PNG,TAX_REV,S13,T_1000,_T,PT_B1GQ,A,9.081
2002,PNG,TAX_REV,S13,T_1000,_T,PT_B1GQ,A,7.898
2003,PNG,TAX_REV,S13,T_1000,_T,PT_B1GQ,A,8.491
2004,PNG,TAX_REV,S13,T_1000,_T,PT_B1GQ,A,10.179
2005,PNG,TAX_REV,S13,T_1000,_T,PT_B1GQ,A,11.484
2006,PNG,TAX_REV,S13,T_1000,_T,PT_B1GQ,A,14.213
2007,PNG,TAX_REV,S13,T_1000,_T,PT_B1GQ,A,15.146
2008,PNG,TAX_REV,S13,T_1000,_T,PT_B1GQ,A,13.177
2009,PNG,TAX_REV,S13,T_1000,_T,PT_B1GQ,A,10.55
2010,PNG,TAX_REV,S13,T_1000,_T,PT_B1GQ,A,11.772
2011,PNG,TAX_REV,S13,T_1000,_T,PT_B1GQ,A,13.956
2012,PNG,TAX_REV,S13,T_1000,_T,PT_B1GQ,A,12.692
2013,PNG,TAX_REV,S13,T_1000,_T,PT_B1GQ,A,12.317
2014,PNG,TAX_REV,S13,T_1000,_T,PT_B1GQ,A,12.058
2015,PNG,TAX_REV,S13,T_1000,_T,PT_B1GQ,A,9.904
2016,PNG,TAX_REV,S13,T_1000,_T,PT_B1GQ,A,8.127
2017,PNG,TAX_REV,S13,T_1000,_T,PT_B1GQ,A,7.332
2018,PNG,TAX_REV,S13,T_1000,_T,PT_B1GQ,A,7.706
2019,PNG,TAX_REV,S13,T_1000,_T,PT_B1GQ,A,7.239
2020,PNG,TAX_REV,S13,T_1000,_T,PT_B1GQ,A,6.87
2021,PNG,TAX_REV,S13,T_1000,_T,PT_B1GQ,A,6.937
2022,PNG,TAX_REV,S13,T_1000,_T,PT_B1GQ,A,10.115
2023,PNG,TAX_REV,S13,T_1000,_T,PT_B1GQ,A,10.535
1990,PRY,TAX_REV,S13,T_1000,_T,PT_B1GQ,A,1.031
1991,PRY,TAX_REV,S13,T_1000,_T,PT_B1GQ,A,1.017
1992,PRY,TAX_REV,S13,T_1000,_T,PT_B1GQ,A,1.232
1993,PRY,TAX_REV,S13,T_1000,_T,PT_B1GQ,A,1.38
1994,PRY,TAX_REV,S13,T_1000,_T,PT_B1GQ,A,1.991
1995,PRY,TAX_REV,S13,T_1000,_T,PT_B1GQ,A,2.246
1996,PRY,TAX_REV,S13,T_1000,_T,PT_B1GQ,A,2.19
1997,PRY,TAX_REV,S13,T_1000,_T,PT_B1GQ,A,1.975
1998,PRY,TAX_REV,S13,T_1000,_T,PT_B1GQ,A,1.874
1999,PRY,TAX_REV,S13,T_1000,_T,PT_B1GQ,A,2.0
2000,PRY,TAX_REV,S13,T_1000,_T,PT_B1GQ,A,1.524
2001,PRY,TAX_REV,S13,T_1000,_T,PT_B1GQ,A,1.266
2002,PRY,TAX_REV,S13,T_1000,_T,PT_B1GQ,A,1.248
2003,PRY,TAX_REV,S13,T_1000,_T,PT_B1GQ,A,1.189
2004,PRY,TAX_REV,S13,T_1000,_T,PT_B1GQ,A,1.524
2005,PRY,TAX_REV,S13,T_1000,_T,PT_B1GQ,A,1.415
2006,PRY,TAX_REV,S13,T_1000,_T,PT_B1GQ,A,1.33
2007,PRY,TAX_REV,S13,T_1000,_T,PT_B1GQ,A,1.367
2008,PRY,TAX_REV,S13,T_1000,_T,PT_B1GQ,A,1.464
2009,PRY,TAX_REV,S13,T_1000,_T,PT_B1GQ,A,1.97
2010,PRY,TAX_REV,S13,T_1000,_T,PT_B1GQ,A,1.624
2011,PRY,TAX_REV,S13,T_1000,_T,PT_B1GQ,A,1.843
2012,PRY,TAX_REV,S13,T_1000,_T,PT_B1GQ,A,1.972
2013,PRY,TAX_REV,S13,T_1000,_T,PT_B1GQ,A,1.864
2014,PRY,TAX_REV,S13,T_1000,_T,PT_B1GQ,A,2.042
2015,PRY,TAX_REV,S13,T_1000,_T,PT_B1GQ,A,2.081
2016,PRY,TAX_REV,S13,T_1000,_T,PT_B1GQ,A,2.164
2017,PRY,TAX_REV,S13,T_1000,_T,PT_B1GQ,A,2.321
2018,PRY,TAX_REV,S13,T_1000,_T,PT_B1GQ,A,2.284
2019,PRY,TAX_REV,S13,T_1000,_T,PT_B1GQ,A,2.545
2020,PRY,TAX_REV,S13,T_1000,_T,PT_B1GQ,A,2.505
2021,PRY,TAX_REV,S13,T_1000,_T,PT_B1GQ,A,2.557
2022,PRY,TAX_REV,S13,T_1000,_T,PT_B1GQ,A,2.996
2023,PRY,TAX_REV,S13,T_1000,_T,PT_B1GQ,A,2.611
1990,PER,TAX_REV,S13,T_1000,_T,PT_B1GQ,A,0.697
1991,PER,TAX_REV,S13,T_1000,_T,PT_B1GQ,A,0.951
1992,PER,TAX_REV,S13,T_1000,_T,PT_B1GQ,A,1.703
1993,PER,TAX_REV,S13,T_1000,_T,PT_B1GQ,A,2.065
1994,PER,TAX_REV,S13,T_1000,_T,PT_B1GQ,A,2.666
1995,PER,TAX_REV,S13,T_1000,_T,PT_B1GQ,A,3.012
1996,PER,TAX_REV,S13,T_1000,_T,PT_B1GQ,A,3.808
1997,PER,TAX_REV,S13,T_1000,_T,PT_B1GQ,A,3.813
1998,PER,TAX_REV,S13,T_1000,_T,PT_B1GQ,A,3.686
1999,PER,TAX_REV,S13,T_1000,_T,PT_B1GQ,A,3.057
2000,PER,TAX_REV,S13,T_1000,_T,PT_B1GQ,A,2.888
2001,PER,TAX_REV,S13,T_1000,_T,PT_B1GQ,A,3.025
2002,PER,TAX_REV,S13,T_1000,_T,PT_B1GQ,A,3.14
2003,PER,TAX_REV,S13,T_1000,_T,PT_B1GQ,A,3.887
2004,PER,TAX_REV,S13,T_1000,_T,PT_B1GQ,A,3.94
2005,PER,TAX_REV,S13,T_1000,_T,PT_B1GQ,A,4.446
2006,PER,TAX_REV,S13,T_1000,_T,PT_B1GQ,A,6.364
2007,PER,TAX_REV,S13,T_1000,_T,PT_B1GQ,A,7.087
2008,PER,TAX_REV,S13,T_1000,_T,PT_B1GQ,A,6.761
2009,PER,TAX_REV,S13,T_1000,_T,PT_B1GQ,A,5.439
2010,PER,TAX_REV,S13,T_1000,_T,PT_B1GQ,A,6.056
2011,PER,TAX_REV,S13,T_1000,_T,PT_B1GQ,A,7.002
2012,PER,TAX_REV,S13,T_1000,_T,PT_B1GQ,A,7.313
2013,PER,TAX_REV,S13,T_1000,_T,PT_B1GQ,A,6.667
2014,PER,TAX_REV,S13,T_1000,_T,PT_B1GQ,A,6.925
2015,PER,TAX_REV,S13,T_1000,_T,PT_B1GQ,A,5.547
2016,PER,TAX_REV,S13,T_1000,_T,PT_B1GQ,A,5.441
2017,PER,TAX_REV,S13,T_1000,_T,PT_B1GQ,A,5.121
2018,PER,TAX_REV,S13,T_1000,_T,PT_B1GQ,A,5.395
2019,PER,TAX_REV,S13,T_1000,_T,PT_B1GQ,A,5.529
2020,PER,TAX_REV,S13,T_1000,_T,PT_B1GQ,A,5.061
2021,PER,TAX_REV,S13,T_1000,_T,PT_B1GQ,A,6.283
2022,PER,TAX_REV,S13,T_1000,_T,PT_B1GQ,A,7.382
2023,PER,TAX_REV,S13,T_1000,_T,PT_B1GQ,A,6.169
1994,PHL,TAX_REV,S13,T_1000,_T,PT_B1GQ,A,5.25
1995,PHL,TAX_REV,S13,T_1000,_T,PT_B1GQ,A,5.462
1996,PHL,TAX_REV,S13,T_1000,_T,PT_B1GQ,A,5.938
1997,PHL,TAX_REV,S13,T_1000,_T,PT_B1GQ,A,6.361
1998,PHL,TAX_REV,S13,T_1000,_T,PT_B1GQ,A,6.451
1999,PHL,TAX_REV,S13,T_1000,_T,PT_B1GQ,A,5.916
2000,PHL,TAX_REV,S13,T_1000,_T,PT_B1GQ,A,5.89
2001,PHL,TAX_REV,S13,T_1000,_T,PT_B1GQ,A,5.894
2002,PHL,TAX_REV,S13,T_1000,_T,PT_B1GQ,A,5.59
2003,PHL,TAX_REV,S13,T_1000,_T,PT_B1GQ,A,5.547
2004,PHL,TAX_REV,S13,T_1000,_T,PT_B1GQ,A,5.592
2005,PHL,TAX_REV,S13,T_1000,_T,PT_B1GQ,A,5.83
2006,PHL,TAX_REV,S13,T_1000,_T,PT_B1GQ,A,6.131
2007,PHL,TAX_REV,S13,T_1000,_T,PT_B1GQ,A,6.298
2008,PHL,TAX_REV,S13,T_1000,_T,PT_B1GQ,A,6.349
2009,PHL,TAX_REV,S13,T_1000,_T,PT_B1GQ,A,5.57
2010,PHL,TAX_REV,S13,T_1000,_T,PT_B1GQ,A,5.566
2011,PHL,TAX_REV,S13,T_1000,_T,PT_B1GQ,A,6.038
2012,PHL,TAX_REV,S13,T_1000,_T,PT_B1GQ,A,6.25
2013,PHL,TAX_REV,S13,T_1000,_T,PT_B1GQ,A,6.372
2014,PHL,TAX_REV,S13,T_1000,_T,PT_B1GQ,A,6.366
2015,PHL,TAX_REV,S13,T_1000,_T,PT_B1GQ,A,6.527
2016,PHL,TAX_REV,S13,T_1000,_T,PT_B1GQ,A,6.526
2017,PHL,TAX_REV,S13,T_1000,_T,PT_B1GQ,A,6.659
2018,PHL,TAX_REV,S13,T_1000,_T,PT_B1GQ,A,6.163
2019,PHL,TAX_REV,S13,T_1000,_T,PT_B1GQ,A,6.437
2020,PHL,TAX_REV,S13,T_1000,_T,PT_B1GQ,A,6.439
2021,PHL,TAX_REV,S13,T_1000,_T,PT_B1GQ,A,5.969
2022,PHL,TAX_REV,S13,T_1000,_T,PT_B1GQ,A,6.107
2023,PHL,TAX_REV,S13,T_1000,_T,PT_B1GQ,A,6.318
1995,ROU,TAX_REV,S13,T_1000,_T,PT_B1GQ,A,10.636
1996,ROU,TAX_REV,S13,T_1000,_T,PT_B1GQ,A,9.829
1997,ROU,TAX_REV,S13,T_1000,_T,PT_B1GQ,A,9.51
1998,ROU,TAX_REV,S13,T_1000,_T,PT_B1GQ,A,8.305
1999,ROU,TAX_REV,S13,T_1000,_T,PT_B1GQ,A,7.351
2000,ROU,TAX_REV,S13,T_1000,_T,PT_B1GQ,A,6.698
2001,ROU,TAX_REV,S13,T_1000,_T,PT_B1GQ,A,5.865
2002,ROU,TAX_REV,S13,T_1000,_T,PT_B1GQ,A,5.363
2003,ROU,TAX_REV,S13,T_1000,_T,PT_B1GQ,A,5.845
2004,ROU,TAX_REV,S13,T_1000,_T,PT_B1GQ,A,6.209
2005,ROU,TAX_REV,S13,T_1000,_T,PT_B1GQ,A,5.09
2006,ROU,TAX_REV,S13,T_1000,_T,PT_B1GQ,A,5.76
2007,ROU,TAX_REV,S13,T_1000,_T,PT_B1GQ,A,6.222
2008,ROU,TAX_REV,S13,T_1000,_T,PT_B1GQ,A,6.137
2009,ROU,TAX_REV,S13,T_1000,_T,PT_B1GQ,A,5.665
2010,ROU,TAX_REV,S13,T_1000,_T,PT_B1GQ,A,5.329
2011,ROU,TAX_REV,S13,T_1000,_T,PT_B1GQ,A,5.462
2012,ROU,TAX_REV,S13,T_1000,_T,PT_B1GQ,A,5.158
2013,ROU,TAX_REV,S13,T_1000,_T,PT_B1GQ,A,5.527
2014,ROU,TAX_REV,S13,T_1000,_T,PT_B1GQ,A,5.77
2015,ROU,TAX_REV,S13,T_1000,_T,PT_B1GQ,A,6.189
2016,ROU,TAX_REV,S13,T_1000,_T,PT_B1GQ,A,6.124
2017,ROU,TAX_REV,S13,T_1000,_T,PT_B1GQ,A,5.761
2018,ROU,TAX_REV,S13,T_1000,_T,PT_B1GQ,A,4.545
2019,ROU,TAX_REV,S13,T_1000,_T,PT_B1GQ,A,4.521
2020,ROU,TAX_REV,S13,T_1000,_T,PT_B1GQ,A,4.384
2021,ROU,TAX_REV,S13,T_1000,_T,PT_B1GQ,A,4.795
2022,ROU,TAX_REV,S13,T_1000,_T,PT_B1GQ,A,5.901
1996,RWA,TAX_REV,S13,T_1000,_T,PT_B1GQ,A,1.667
1997,RWA,TAX_REV,S13,T_1000,_T,PT_B1GQ,A,2.191
1998,RWA,TAX_REV,S13,T_1000,_T,PT_B1GQ,A,2.514
1999,RWA,TAX_REV,S13,T_1000,_T,PT_B1GQ,A,2.336
2000,RWA,TAX_REV,S13,T_1000,_T,PT_B1GQ,A,2.226
2001,RWA,TAX_REV,S13,T_1000,_T,PT_B1GQ,A,2.744
2002,RWA,TAX_REV,S13,T_1000,_T,PT_B1GQ,A,3.156
2003,RWA,TAX_REV,S13,T_1000,_T,PT_B1GQ,A,3.003
2004,RWA,TAX_REV,S13,T_1000,_T,PT_B1GQ,A,2.729
2005,RWA,TAX_REV,S13,T_1000,_T,PT_B1GQ,A,3.051
2006,RWA,TAX_REV,S13,T_1000,_T,PT_B1GQ,A,3.496
2007,RWA,TAX_REV,S13,T_1000,_T,PT_B1GQ,A,3.865
2008,RWA,TAX_REV,S13,T_1000,_T,PT_B1GQ,A,4.343
2009,RWA,TAX_REV,S13,T_1000,_T,PT_B1GQ,A,4.193
2010,RWA,TAX_REV,S13,T_1000,_T,PT_B1GQ,A,4.468
2011,RWA,TAX_REV,S13,T_1000,_T,PT_B1GQ,A,4.728
2012,RWA,TAX_REV,S13,T_1000,_T,PT_B1GQ,A,5.242
2013,RWA,TAX_REV,S13,T_1000,_T,PT_B1GQ,A,6.093
2014,RWA,TAX_REV,S13,T_1000,_T,PT_B1GQ,A,5.741
2015,RWA,TAX_REV,S13,T_1000,_T,PT_B1GQ,A,6.174
2016,RWA,TAX_REV,S13,T_1000,_T,PT_B1GQ,A,6.288
2017,RWA,TAX_REV,S13,T_1000,_T,PT_B1GQ,A,6.345
2018,RWA,TAX_REV,S13,T_1000,_T,PT_B1GQ,A,6.812
2019,RWA,TAX_REV,S13,T_1000,_T,PT_B1GQ,A,6.887
2020,RWA,TAX_REV,S13,T_1000,_T,PT_B1GQ,A,7.071
2021,RWA,TAX_REV,S13,T_1000,_T,PT_B1GQ,A,7.253
2022,RWA,TAX_REV,S13,T_1000,_T,PT_B1GQ,A,7.044
1992,LCA,TAX_REV,S13,T_1000,_T,PT_B1GQ,A,4.759
1993,LCA,TAX_REV,S13,T_1000,_T,PT_B1GQ,A,4.434
1994,LCA,TAX_REV,S13,T_1000,_T,PT_B1GQ,A,4.646
1995,LCA,TAX_REV,S13,T_1000,_T,PT_B1GQ,A,4.496
1996,LCA,TAX_REV,S13,T_1000,_T,PT_B1GQ,A,4.414
1997,LCA,TAX_REV,S13,T_1000,_T,PT_B1GQ,A,4.561
1998,LCA,TAX_REV,S13,T_1000,_T,PT_B1GQ,A,4.398
1999,LCA,TAX_REV,S13,T_1000,_T,PT_B1GQ,A,5.089
2000,LCA,TAX_REV,S13,T_1000,_T,PT_B1GQ,A,5.519
2001,LCA,TAX_REV,S13,T_1000,_T,PT_B1GQ,A,4.905
2002,LCA,TAX_REV,S13,T_1000,_T,PT_B1GQ,A,4.22
2003,LCA,TAX_REV,S13,T_1000,_T,PT_B1GQ,A,4.043
2004,LCA,TAX_REV,S13,T_1000,_T,PT_B1GQ,A,4.495
2005,LCA,TAX_REV,S13,T_1000,_T,PT_B1GQ,A,4.965
2006,LCA,TAX_REV,S13,T_1000,_T,PT_B1GQ,A,4.628
2007,LCA,TAX_REV,S13,T_1000,_T,PT_B1GQ,A,5.353
2008,LCA,TAX_REV,S13,T_1000,_T,PT_B1GQ,A,6.049
2009,LCA,TAX_REV,S13,T_1000,_T,PT_B1GQ,A,5.693
2010,LCA,TAX_REV,S13,T_1000,_T,PT_B1GQ,A,5.573
2011,LCA,TAX_REV,S13,T_1000,_T,PT_B1GQ,A,5.663
2012,LCA,TAX_REV,S13,T_1000,_T,PT_B1GQ,A,5.153
2013,LCA,TAX_REV,S13,T_1000,_T,PT_B1GQ,A,4.843
2014,LCA,TAX_REV,S13,T_1000,_T,PT_B1GQ,A,4.705
2015,LCA,TAX_REV,S13,T_1000,_T,PT_B1GQ,A,4.908
2016,LCA,TAX_REV,S13,T_1000,_T,PT_B1GQ,A,5.036
2017,LCA,TAX_REV,S13,T_1000,_T,PT_B1GQ,A,4.548
2018,LCA,TAX_REV,S13,T_1000,_T,PT_B1GQ,A,4.811
2019,LCA,TAX_REV,S13,T_1000,_T,PT_B1GQ,A,4.56
2020,LCA,TAX_REV,S13,T_1000,_T,PT_B1GQ,A,5.317
2021,LCA,TAX_REV,S13,T_1000,_T,PT_B1GQ,A,4.213
2022,LCA,TAX_REV,S13,T_1000,_T,PT_B1GQ,A,4.435
2023,LCA,TAX_REV,S13,T_1000,_T,PT_B1GQ,A,4.617
2005,WSM,TAX_REV,S13,T_1000,_T,PT_B1GQ,A,3.905
2006,WSM,TAX_REV,S13,T_1000,_T,PT_B1GQ,A,4.726
2007,WSM,TAX_REV,S13,T_1000,_T,PT_B1GQ,A,4.47
2008,WSM,TAX_REV,S13,T_1000,_T,PT_B1GQ,A,4.281
2009,WSM,TAX_REV,S13,T_1000,_T,PT_B1GQ,A,4.55
2010,WSM,TAX_REV,S13,T_1000,_T,PT_B1GQ,A,4.751
2011,WSM,TAX_REV,S13,T_1000,_T,PT_B1GQ,A,5.137
2012,WSM,TAX_REV,S13,T_1000,_T,PT_B1GQ,A,5.547
2013,WSM,TAX_REV,S13,T_1000,_T,PT_B1GQ,A,5.511
2014,WSM,TAX_REV,S13,T_1000,_T,PT_B1GQ,A,5.379
2015,WSM,TAX_REV,S13,T_1000,_T,PT_B1GQ,A,5.298
2016,WSM,TAX_REV,S13,T_1000,_T,PT_B1GQ,A,5.274
2017,WSM,TAX_REV,S13,T_1000,_T,PT_B1GQ,A,5.17
2018,WSM,TAX_REV,S13,T_1000,_T,PT_B1GQ,A,5.447
2019,WSM,TAX_REV,S13,T_1000,_T,PT_B1GQ,A,5.474
2020,WSM,TAX_REV,S13,T_1000,_T,PT_B1GQ,A,6.242
2021,WSM,TAX_REV,S13,T_1000,_T,PT_B1GQ,A,6.334
2022,WSM,TAX_REV,S13,T_1000,_T,PT_B1GQ,A,5.172
2023,WSM,TAX_REV,S13,T_1000,_T,PT_B1GQ,A,5.641
1997,SEN,TAX_REV,S13,T_1000,_T,PT_B1GQ,A,2.555
1998,SEN,TAX_REV,S13,T_1000,_T,PT_B1GQ,A,2.665
1999,SEN,TAX_REV,S13,T_1000,_T,PT_B1GQ,A,2.472
2000,SEN,TAX_REV,S13,T_1000,_T,PT_B1GQ,A,2.898
2001,SEN,TAX_REV,S13,T_1000,_T,PT_B1GQ,A,2.589
2002,SEN,TAX_REV,S13,T_1000,_T,PT_B1GQ,A,2.866
2003,SEN,TAX_REV,S13,T_1000,_T,PT_B1GQ,A,2.979
2004,SEN,TAX_REV,S13,T_1000,_T,PT_B1GQ,A,3.2
2005,SEN,TAX_REV,S13,T_1000,_T,PT_B1GQ,A,3.528
2006,SEN,TAX_REV,S13,T_1000,_T,PT_B1GQ,A,3.428
2007,SEN,TAX_REV,S13,T_1000,_T,PT_B1GQ,A,3.313
2008,SEN,TAX_REV,S13,T_1000,_T,PT_B1GQ,A,3.499
2009,SEN,TAX_REV,S13,T_1000,_T,PT_B1GQ,A,3.623
2010,SEN,TAX_REV,S13,T_1000,_T,PT_B1GQ,A,4.114
2011,SEN,TAX_REV,S13,T_1000,_T,PT_B1GQ,A,3.969
2012,SEN,TAX_REV,S13,T_1000,_T,PT_B1GQ,A,4.259
2013,SEN,TAX_REV,S13,T_1000,_T,PT_B1GQ,A,4.0
2014,SEN,TAX_REV,S13,T_1000,_T,PT_B1GQ,A,4.077
2015,SEN,TAX_REV,S13,T_1000,_T,PT_B1GQ,A,4.145
2016,SEN,TAX_REV,S13,T_1000,_T,PT_B1GQ,A,4.578
2017,SEN,TAX_REV,S13,T_1000,_T,PT_B1GQ,A,4.458
2018,SEN,TAX_REV,S13,T_1000,_T,PT_B1GQ,A,4.699
2019,SEN,TAX_REV,S13,T_1000,_T,PT_B1GQ,A,5.182
2020,SEN,TAX_REV,S13,T_1000,_T,PT_B1GQ,A,5.086
2021,SEN,TAX_REV,S13,T_1000,_T,PT_B1GQ,A,5.11
2022,SEN,TAX_REV,S13,T_1000,_T,PT_B1GQ,A,5.857
2008,SYC,TAX_REV,S13,T_1000,_T,PT_B1GQ,A,5.697
2009,SYC,TAX_REV,S13,T_1000,_T,PT_B1GQ,A,7.138
2010,SYC,TAX_REV,S13,T_1000,_T,PT_B1GQ,A,9.073
2011,SYC,TAX_REV,S13,T_1000,_T,PT_B1GQ,A,12.228
2012,SYC,TAX_REV,S13,T_1000,_T,PT_B1GQ,A,10.689
2013,SYC,TAX_REV,S13,T_1000,_T,PT_B1GQ,A,9.817
2014,SYC,TAX_REV,S13,T_1000,_T,PT_B1GQ,A,9.346
2015,SYC,TAX_REV,S13,T_1000,_T,PT_B1GQ,A,8.894
2016,SYC,TAX_REV,S13,T_1000,_T,PT_B1GQ,A,9.417
2017,SYC,TAX_REV,S13,T_1000,_T,PT_B1GQ,A,9.862
2018,SYC,TAX_REV,S13,T_1000,_T,PT_B1GQ,A,9.382
2019,SYC,TAX_REV,S13,T_1000,_T,PT_B1GQ,A,8.998
2020,SYC,TAX_REV,S13,T_1000,_T,PT_B1GQ,A,9.1
2021,SYC,TAX_REV,S13,T_1000,_T,PT_B1GQ,A,9.857
2022,SYC,TAX_REV,S13,T_1000,_T,PT_B1GQ,A,7.808
2001,SLE,TAX_REV,S13,T_1000,_T,PT_B1GQ,A,2.479
2002,SLE,TAX_REV,S13,T_1000,_T,PT_B1GQ,A,2.343
2003,SLE,TAX_REV,S13,T_1000,_T,PT_B1GQ,A,2.245
2004,SLE,TAX_REV,S13,T_1000,_T,PT_B1GQ,A,2.401
2005,SLE,TAX_REV,S13,T_1000,_T,PT_B1GQ,A,2.309
2006,SLE,TAX_REV,S13,T_1000,_T,PT_B1GQ,A,2.192
2007,SLE,TAX_REV,S13,T_1000,_T,PT_B1GQ,A,1.947
2008,SLE,TAX_REV,S13,T_1000,_T,PT_B1GQ,A,2.295
2009,SLE,TAX_REV,S13,T_1000,_T,PT_B1GQ,A,2.204
2010,SLE,TAX_REV,S13,T_1000,_T,PT_B1GQ,A,2.844
2011,SLE,TAX_REV,S13,T_1000,_T,PT_B1GQ,A,3.734
2012,SLE,TAX_REV,S13,T_1000,_T,PT_B1GQ,A,4.804
2013,SLE,TAX_REV,S13,T_1000,_T,PT_B1GQ,A,3.548
2014,SLE,TAX_REV,S13,T_1000,_T,PT_B1GQ,A,3.994
2015,SLE,TAX_REV,S13,T_1000,_T,PT_B1GQ,A,4.148
2016,SLE,TAX_REV,S13,T_1000,_T,PT_B1GQ,A,5.186
2017,SLE,TAX_REV,S13,T_1000,_T,PT_B1GQ,A,4.304
2018,SLE,TAX_REV,S13,T_1000,_T,PT_B1GQ,A,4.922
2019,SLE,TAX_REV,S13,T_1000,_T,PT_B1GQ,A,5.079
2020,SLE,TAX_REV,S13,T_1000,_T,PT_B1GQ,A,4.988
2021,SLE,TAX_REV,S13,T_1000,_T,PT_B1GQ,A,5.489
2022,SLE,TAX_REV,S13,T_1000,_T,PT_B1GQ,A,5.048
2000,SGP,TAX_REV,S13,T_1000,_T,PT_B1GQ,A,8.019
2001,SGP,TAX_REV,S13,T_1000,_T,PT_B1GQ,A,8.27
2002,SGP,TAX_REV,S13,T_1000,_T,PT_B1GQ,A,6.873
2003,SGP,TAX_REV,S13,T_1000,_T,PT_B1GQ,A,5.882
2004,SGP,TAX_REV,S13,T_1000,_T,PT_B1GQ,A,5.783
2005,SGP,TAX_REV,S13,T_1000,_T,PT_B1GQ,A,5.923
2006,SGP,TAX_REV,S13,T_1000,_T,PT_B1GQ,A,5.795
2007,SGP,TAX_REV,S13,T_1000,_T,PT_B1GQ,A,5.982
2008,SGP,TAX_REV,S13,T_1000,_T,PT_B1GQ,A,7.143
2009,SGP,TAX_REV,S13,T_1000,_T,PT_B1GQ,A,5.825
2010,SGP,TAX_REV,S13,T_1000,_T,PT_B1GQ,A,5.568
2011,SGP,TAX_REV,S13,T_1000,_T,PT_B1GQ,A,5.78
2012,SGP,TAX_REV,S13,T_1000,_T,PT_B1GQ,A,6.033
2013,SGP,TAX_REV,S13,T_1000,_T,PT_B1GQ,A,5.68
2014,SGP,TAX_REV,S13,T_1000,_T,PT_B1GQ,A,5.909
2015,SGP,TAX_REV,S13,T_1000,_T,PT_B1GQ,A,5.833
2016,SGP,TAX_REV,S13,T_1000,_T,PT_B1GQ,A,5.851
2017,SGP,TAX_REV,S13,T_1000,_T,PT_B1GQ,A,6.675
2018,SGP,TAX_REV,S13,T_1000,_T,PT_B1GQ,A,6.002
2019,SGP,TAX_REV,S13,T_1000,_T,PT_B1GQ,A,6.341
2020,SGP,TAX_REV,S13,T_1000,_T,PT_B1GQ,A,6.711
2021,SGP,TAX_REV,S13,T_1000,_T,PT_B1GQ,A,6.021
2022,SGP,TAX_REV,S13,T_1000,_T,PT_B1GQ,A,6.014
2023,SGP,TAX_REV,S13,T_1000,_T,PT_B1GQ,A,7.161
2007,SLB,TAX_REV,S13,T_1000,_T,PT_B1GQ,A,3.561
2008,SLB,TAX_REV,S13,T_1000,_T,PT_B1GQ,A,4.321
2009,SLB,TAX_REV,S13,T_1000,_T,PT_B1GQ,A,4.906
2010,SLB,TAX_REV,S13,T_1000,_T,PT_B1GQ,A,5.767
2011,SLB,TAX_REV,S13,T_1000,_T,PT_B1GQ,A,5.762
2012,SLB,TAX_REV,S13,T_1000,_T,PT_B1GQ,A,6.467
2013,SLB,TAX_REV,S13,T_1000,_T,PT_B1GQ,A,6.84
2014,SLB,TAX_REV,S13,T_1000,_T,PT_B1GQ,A,6.317
2015,SLB,TAX_REV,S13,T_1000,_T,PT_B1GQ,A,6.949
2016,SLB,TAX_REV,S13,T_1000,_T,PT_B1GQ,A,6.291
2017,SLB,TAX_REV,S13,T_1000,_T,PT_B1GQ,A,6.728
2018,SLB,TAX_REV,S13,T_1000,_T,PT_B1GQ,A,6.178
2019,SLB,TAX_REV,S13,T_1000,_T,PT_B1GQ,A,5.718
2020,SLB,TAX_REV,S13,T_1000,_T,PT_B1GQ,A,5.472
2021,SLB,TAX_REV,S13,T_1000,_T,PT_B1GQ,A,5.836
2022,SLB,TAX_REV,S13,T_1000,_T,PT_B1GQ,A,5.586
2023,SLB,TAX_REV,S13,T_1000,_T,PT_B1GQ,A,5.621
2013,SOM,TAX_REV,S13,T_1000,_T,PT_B1GQ,A,0.017
2014,SOM,TAX_REV,S13,T_1000,_T,PT_B1GQ,A,0.02
2015,SOM,TAX_REV,S13,T_1000,_T,PT_B1GQ,A,0.026
2016,SOM,TAX_REV,S13,T_1000,_T,PT_B1GQ,A,0.032
2017,SOM,TAX_REV,S13,T_1000,_T,PT_B1GQ,A,0.042
2018,SOM,TAX_REV,S13,T_1000,_T,PT_B1GQ,A,0.104
2019,SOM,TAX_REV,S13,T_1000,_T,PT_B1GQ,A,0.154
2020,SOM,TAX_REV,S13,T_1000,_T,PT_B1GQ,A,0.252
2021,SOM,TAX_REV,S13,T_1000,_T,PT_B1GQ,A,0.246
2022,SOM,TAX_REV,S13,T_1000,_T,PT_B1GQ,A,0.287
1990,ZAF,TAX_REV,S13,T_1000,_T,PT_B1GQ,A,12.231
1991,ZAF,TAX_REV,S13,T_1000,_T,PT_B1GQ,A,11.592
1992,ZAF,TAX_REV,S13,T_1000,_T,PT_B1GQ,A,10.951
1993,ZAF,TAX_REV,S13,T_1000,_T,PT_B1GQ,A,10.368
1994,ZAF,TAX_REV,S13,T_1000,_T,PT_B1GQ,A,10.525
1995,ZAF,TAX_REV,S13,T_1000,_T,PT_B1GQ,A,10.526
1996,ZAF,TAX_REV,S13,T_1000,_T,PT_B1GQ,A,11.255
1997,ZAF,TAX_REV,S13,T_1000,_T,PT_B1GQ,A,11.529
1998,ZAF,TAX_REV,S13,T_1000,_T,PT_B1GQ,A,12.35
1999,ZAF,TAX_REV,S13,T_1000,_T,PT_B1GQ,A,12.216
2000,ZAF,TAX_REV,S13,T_1000,_T,PT_B1GQ,A,11.393
2001,ZAF,TAX_REV,S13,T_1000,_T,PT_B1GQ,A,12.569
2002,ZAF,TAX_REV,S13,T_1000,_T,PT_B1GQ,A,11.795
2003,ZAF,TAX_REV,S13,T_1000,_T,PT_B1GQ,A,11.251
2004,ZAF,TAX_REV,S13,T_1000,_T,PT_B1GQ,A,11.073
2005,ZAF,TAX_REV,S13,T_1000,_T,PT_B1GQ,A,11.987
2006,ZAF,TAX_REV,S13,T_1000,_T,PT_B1GQ,A,12.738
2007,ZAF,TAX_REV,S13,T_1000,_T,PT_B1GQ,A,13.545
2008,ZAF,TAX_REV,S13,T_1000,_T,PT_B1GQ,A,14.199
2009,ZAF,TAX_REV,S13,T_1000,_T,PT_B1GQ,A,12.803
2010,ZAF,TAX_REV,S13,T_1000,_T,PT_B1GQ,A,12.047
2011,ZAF,TAX_REV,S13,T_1000,_T,PT_B1GQ,A,12.387
2012,ZAF,TAX_REV,S13,T_1000,_T,PT_B1GQ,A,12.56
2013,ZAF,TAX_REV,S13,T_1000,_T,PT_B1GQ,A,12.674
2014,ZAF,TAX_REV,S13,T_1000,_T,PT_B1GQ,A,13.141
2015,ZAF,TAX_REV,S13,T_1000,_T,PT_B1GQ,A,13.683
2016,ZAF,TAX_REV,S13,T_1000,_T,PT_B1GQ,A,13.433
2017,ZAF,TAX_REV,S13,T_1000,_T,PT_B1GQ,A,13.704
2018,ZAF,TAX_REV,S13,T_1000,_T,PT_B1GQ,A,13.657
2019,ZAF,TAX_REV,S13,T_1000,_T,PT_B1GQ,A,13.583
2020,ZAF,TAX_REV,S13,T_1000,_T,PT_B1GQ,A,12.768
2021,ZAF,TAX_REV,S13,T_1000,_T,PT_B1GQ,A,14.185
2022,ZAF,TAX_REV,S13,T_1000,_T,PT_B1GQ,A,14.549
2006,LKA,TAX_REV,S13,T_1000,_T,PT_B1GQ,A,2.038
2007,LKA,TAX_REV,S13,T_1000,_T,PT_B1GQ,A,2.243
2008,LKA,TAX_REV,S13,T_1000,_T,PT_B1GQ,A,2.148
2009,LKA,TAX_REV,S13,T_1000,_T,PT_B1GQ,A,2.191
2010,LKA,TAX_REV,S13,T_1000,_T,PT_B1GQ,A,1.773
2011,LKA,TAX_REV,S13,T_1000,_T,PT_B1GQ,A,1.815
2012,LKA,TAX_REV,S13,T_1000,_T,PT_B1GQ,A,1.755
2013,LKA,TAX_REV,S13,T_1000,_T,PT_B1GQ,A,2.003
2014,LKA,TAX_REV,S13,T_1000,_T,PT_B1GQ,A,1.781
2015,LKA,TAX_REV,S13,T_1000,_T,PT_B1GQ,A,2.217
2016,LKA,TAX_REV,S13,T_1000,_T,PT_B1GQ,A,1.861
2017,LKA,TAX_REV,S13,T_1000,_T,PT_B1GQ,A,1.598
2018,LKA,TAX_REV,S13,T_1000,_T,PT_B1GQ,A,1.677
2019,LKA,TAX_REV,S13,T_1000,_T,PT_B1GQ,A,2.341
2020,LKA,TAX_REV,S13,T_1000,_T,PT_B1GQ,A,1.619
2021,LKA,TAX_REV,S13,T_1000,_T,PT_B1GQ,A,1.711
2022,LKA,TAX_REV,S13,T_1000,_T,PT_B1GQ,A,2.72
2023,LKA,TAX_REV,S13,T_1000,_T,PT_B1GQ,A,3.298
2000,THA,TAX_REV,S13,T_1000,_T,PT_B1GQ,A,4.854
2001,THA,TAX_REV,S13,T_1000,_T,PT_B1GQ,A,4.971
2002,THA,TAX_REV,S13,T_1000,_T,PT_B1GQ,A,5.225
2003,THA,TAX_REV,S13,T_1000,_T,PT_B1GQ,A,5.392
2004,THA,TAX_REV,S13,T_1000,_T,PT_B1GQ,A,6.036
2005,THA,TAX_REV,S13,T_1000,_T,PT_B1GQ,A,6.597
2006,THA,TAX_REV,S13,T_1000,_T,PT_B1GQ,A,6.988
2007,THA,TAX_REV,S13,T_1000,_T,PT_B1GQ,A,6.951
2008,THA,TAX_REV,S13,T_1000,_T,PT_B1GQ,A,7.309
2009,THA,TAX_REV,S13,T_1000,_T,PT_B1GQ,A,6.758
2010,THA,TAX_REV,S13,T_1000,_T,PT_B1GQ,A,6.43
2011,THA,TAX_REV,S13,T_1000,_T,PT_B1GQ,A,7.499
2012,THA,TAX_REV,S13,T_1000,_T,PT_B1GQ,A,7.331
2013,THA,TAX_REV,S13,T_1000,_T,PT_B1GQ,A,7.328
2014,THA,TAX_REV,S13,T_1000,_T,PT_B1GQ,A,6.713
2015,THA,TAX_REV,S13,T_1000,_T,PT_B1GQ,A,6.588
2016,THA,TAX_REV,S13,T_1000,_T,PT_B1GQ,A,6.233
2017,THA,TAX_REV,S13,T_1000,_T,PT_B1GQ,A,5.862
2018,THA,TAX_REV,S13,T_1000,_T,PT_B1GQ,A,6.031
2019,THA,TAX_REV,S13,T_1000,_T,PT_B1GQ,A,6.14
2020,THA,TAX_REV,S13,T_1000,_T,PT_B1GQ,A,5.747
2021,THA,TAX_REV,S13,T_1000,_T,PT_B1GQ,A,5.773
2022,THA,TAX_REV,S13,T_1000,_T,PT_B1GQ,A,6.211
2023,THA,TAX_REV,S13,T_1000,_T,PT_B1GQ,A,6.273
2012,TLS,TAX_REV,S13,T_1000,_T,PT_B1GQ,A,20.467
2013,TLS,TAX_REV,S13,T_1000,_T,PT_B1GQ,A,20.789
2014,TLS,TAX_REV,S13,T_1000,_T,PT_B1GQ,A,19.198
2015,TLS,TAX_REV,S13,T_1000,_T,PT_B1GQ,A,15.439
2016,TLS,TAX_REV,S13,T_1000,_T,PT_B1GQ,A,5.996
2017,TLS,TAX_REV,S13,T_1000,_T,PT_B1GQ,A,8.717
2018,TLS,TAX_REV,S13,T_1000,_T,PT_B1GQ,A,10.854
2019,TLS,TAX_REV,S13,T_1000,_T,PT_B1GQ,A,13.522
2020,TLS,TAX_REV,S13,T_1000,_T,PT_B1GQ,A,8.991
2021,TLS,TAX_REV,S13,T_1000,_T,PT_B1GQ,A,12.23
2022,TLS,TAX_REV,S13,T_1000,_T,PT_B1GQ,A,16.243
2023,TLS,TAX_REV,S13,T_1000,_T,PT_B1GQ,A,4.122
2000,TGO,TAX_REV,S13,T_1000,_T,PT_B1GQ,A,1.464
2001,TGO,TAX_REV,S13,T_1000,_T,PT_B1GQ,A,2.021
2002,TGO,TAX_REV,S13,T_1000,_T,PT_B1GQ,A,1.536
2003,TGO,TAX_REV,S13,T_1000,_T,PT_B1GQ,A,2.35
2004,TGO,TAX_REV,S13,T_1000,_T,PT_B1GQ,A,2.658
2005,TGO,TAX_REV,S13,T_1000,_T,PT_B1GQ,A,2.321
2006,TGO,TAX_REV,S13,T_1000,_T,PT_B1GQ,A,2.44
2007,TGO,TAX_REV,S13,T_1000,_T,PT_B1GQ,A,2.253
2008,TGO,TAX_REV,S13,T_1000,_T,PT_B1GQ,A,1.97
2009,TGO,TAX_REV,S13,T_1000,_T,PT_B1GQ,A,2.097
2010,TGO,TAX_REV,S13,T_1000,_T,PT_B1GQ,A,1.754
2011,TGO,TAX_REV,S13,T_1000,_T,PT_B1GQ,A,1.941
2012,TGO,TAX_REV,S13,T_1000,_T,PT_B1GQ,A,1.831
2013,TGO,TAX_REV,S13,T_1000,_T,PT_B1GQ,A,2.48
2014,TGO,TAX_REV,S13,T_1000,_T,PT_B1GQ,A,2.502
2015,TGO,TAX_REV,S13,T_1000,_T,PT_B1GQ,A,2.606
2016,TGO,TAX_REV,S13,T_1000,_T,PT_B1GQ,A,3.135
2017,TGO,TAX_REV,S13,T_1000,_T,PT_B1GQ,A,2.702
2018,TGO,TAX_REV,S13,T_1000,_T,PT_B1GQ,A,2.999
2019,TGO,TAX_REV,S13,T_1000,_T,PT_B1GQ,A,3.32
2020,TGO,TAX_REV,S13,T_1000,_T,PT_B1GQ,A,3.115
2021,TGO,TAX_REV,S13,T_1000,_T,PT_B1GQ,A,3.984
2022,TGO,TAX_REV,S13,T_1000,_T,PT_B1GQ,A,3.797
2006,TKL,TAX_REV,S13,T_1000,_T,PT_B1GQ,A,7.004
2007,TKL,TAX_REV,S13,T_1000,_T,PT_B1GQ,A,6.822
2008,TKL,TAX_REV,S13,T_1000,_T,PT_B1GQ,A,7.352
2009,TKL,TAX_REV,S13,T_1000,_T,PT_B1GQ,A,8.535
2010,TKL,TAX_REV,S13,T_1000,_T,PT_B1GQ,A,9.024
2011,TKL,TAX_REV,S13,T_1000,_T,PT_B1GQ,A,8.351
2012,TKL,TAX_REV,S13,T_1000,_T,PT_B1GQ,A,8.504
2013,TKL,TAX_REV,S13,T_1000,_T,PT_B1GQ,A,9.356
2014,TKL,TAX_REV,S13,T_1000,_T,PT_B1GQ,A,8.207
2015,TKL,TAX_REV,S13,T_1000,_T,PT_B1GQ,A,7.734
2016,TKL,TAX_REV,S13,T_1000,_T,PT_B1GQ,A,8.006
2017,TKL,TAX_REV,S13,T_1000,_T,PT_B1GQ,A,9.36
2018,TKL,TAX_REV,S13,T_1000,_T,PT_B1GQ,A,7.913
2019,TKL,TAX_REV,S13,T_1000,_T,PT_B1GQ,A,8.966
2020,TKL,TAX_REV,S13,T_1000,_T,PT_B1GQ,A,8.716
2021,TKL,TAX_REV,S13,T_1000,_T,PT_B1GQ,A,9.169
2022,TKL,TAX_REV,S13,T_1000,_T,PT_B1GQ,A,9.667
2023,TKL,TAX_REV,S13,T_1000,_T,PT_B1GQ,A,10.811
1990,TTO,TAX_REV,S13,T_1000,_T,PT_B1GQ,A,12.294
1991,TTO,TAX_REV,S13,T_1000,_T,PT_B1GQ,A,15.003
1992,TTO,TAX_REV,S13,T_1000,_T,PT_B1GQ,A,12.029
1993,TTO,TAX_REV,S13,T_1000,_T,PT_B1GQ,A,11.456
1994,TTO,TAX_REV,S13,T_1000,_T,PT_B1GQ,A,11.908
1995,TTO,TAX_REV,S13,T_1000,_T,PT_B1GQ,A,13.169
1996,TTO,TAX_REV,S13,T_1000,_T,PT_B1GQ,A,14.369
1997,TTO,TAX_REV,S13,T_1000,_T,PT_B1GQ,A,11.321
1998,TTO,TAX_REV,S13,T_1000,_T,PT_B1GQ,A,7.236
1999,TTO,TAX_REV,S13,T_1000,_T,PT_B1GQ,A,9.42
2000,TTO,TAX_REV,S13,T_1000,_T,PT_B1GQ,A,12.424
2001,TTO,TAX_REV,S13,T_1000,_T,PT_B1GQ,A,14.028
2002,TTO,TAX_REV,S13,T_1000,_T,PT_B1GQ,A,11.468
2003,TTO,TAX_REV,S13,T_1000,_T,PT_B1GQ,A,14.88
2004,TTO,TAX_REV,S13,T_1000,_T,PT_B1GQ,A,15.114
2005,TTO,TAX_REV,S13,T_1000,_T,PT_B1GQ,A,20.5
2006,TTO,TAX_REV,S13,T_1000,_T,PT_B1GQ,A,23.955
2007,TTO,TAX_REV,S13,T_1000,_T,PT_B1GQ,A,20.119
2008,TTO,TAX_REV,S13,T_1000,_T,PT_B1GQ,A,24.388
2009,TTO,TAX_REV,S13,T_1000,_T,PT_B1GQ,A,17.312
2010,TTO,TAX_REV,S13,T_1000,_T,PT_B1GQ,A,19.641
2011,TTO,TAX_REV,S13,T_1000,_T,PT_B1GQ,A,20.58
2012,TTO,TAX_REV,S13,T_1000,_T,PT_B1GQ,A,18.921
2013,TTO,TAX_REV,S13,T_1000,_T,PT_B1GQ,A,18.142
2014,TTO,TAX_REV,S13,T_1000,_T,PT_B1GQ,A,19.245
2015,TTO,TAX_REV,S13,T_1000,_T,PT_B1GQ,A,16.753
2016,TTO,TAX_REV,S13,T_1000,_T,PT_B1GQ,A,10.545
2017,TTO,TAX_REV,S13,T_1000,_T,PT_B1GQ,A,9.972
2018,TTO,TAX_REV,S13,T_1000,_T,PT_B1GQ,A,11.729
2019,TTO,TAX_REV,S13,T_1000,_T,PT_B1GQ,A,13.819
2020,TTO,TAX_REV,S13,T_1000,_T,PT_B1GQ,A,10.537
2021,TTO,TAX_REV,S13,T_1000,_T,PT_B1GQ,A,10.802
2022,TTO,TAX_REV,S13,T_1000,_T,PT_B1GQ,A,16.87
2023,TTO,TAX_REV,S13,T_1000,_T,PT_B1GQ,A,15.402
2000,TUN,TAX_REV,S13,T_1000,_T,PT_B1GQ,A,5.26
2001,TUN,TAX_REV,S13,T_1000,_T,PT_B1GQ,A,5.579
2002,TUN,TAX_REV,S13,T_1000,_T,PT_B1GQ,A,5.961
2003,TUN,TAX_REV,S13,T_1000,_T,PT_B1GQ,A,5.963
2004,TUN,TAX_REV,S13,T_1000,_T,PT_B1GQ,A,5.95
2005,TUN,TAX_REV,S13,T_1000,_T,PT_B1GQ,A,6.665
2006,TUN,TAX_REV,S13,T_1000,_T,PT_B1GQ,A,6.564
2007,TUN,TAX_REV,S13,T_1000,_T,PT_B1GQ,A,7.158
2008,TUN,TAX_REV,S13,T_1000,_T,PT_B1GQ,A,7.953
2009,TUN,TAX_REV,S13,T_1000,_T,PT_B1GQ,A,7.638
2010,TUN,TAX_REV,S13,T_1000,_T,PT_B1GQ,A,7.697
2011,TUN,TAX_REV,S13,T_1000,_T,PT_B1GQ,A,8.796
2012,TUN,TAX_REV,S13,T_1000,_T,PT_B1GQ,A,8.012
2013,TUN,TAX_REV,S13,T_1000,_T,PT_B1GQ,A,8.696
2014,TUN,TAX_REV,S13,T_1000,_T,PT_B1GQ,A,9.321
2015,TUN,TAX_REV,S13,T_1000,_T,PT_B1GQ,A,8.549
2016,TUN,TAX_REV,S13,T_1000,_T,PT_B1GQ,A,7.75
2017,TUN,TAX_REV,S13,T_1000,_T,PT_B1GQ,A,8.338
2018,TUN,TAX_REV,S13,T_1000,_T,PT_B1GQ,A,7.947
2019,TUN,TAX_REV,S13,T_1000,_T,PT_B1GQ,A,10.154
2020,TUN,TAX_REV,S13,T_1000,_T,PT_B1GQ,A,10.035
2021,TUN,TAX_REV,S13,T_1000,_T,PT_B1GQ,A,9.597
2022,TUN,TAX_REV,S13,T_1000,_T,PT_B1GQ,A,10.306
1992,UGA,TAX_REV,S13,T_1000,_T,PT_B1GQ,A,0.676
1993,UGA,TAX_REV,S13,T_1000,_T,PT_B1GQ,A,0.914
1994,UGA,TAX_REV,S13,T_1000,_T,PT_B1GQ,A,1.009
1995,UGA,TAX_REV,S13,T_1000,_T,PT_B1GQ,A,1.156
1996,UGA,TAX_REV,S13,T_1000,_T,PT_B1GQ,A,1.083
1997,UGA,TAX_REV,S13,T_1000,_T,PT_B1GQ,A,1.193
1998,UGA,TAX_REV,S13,T_1000,_T,PT_B1GQ,A,1.293
1999,UGA,TAX_REV,S13,T_1000,_T,PT_B1GQ,A,1.575
2000,UGA,TAX_REV,S13,T_1000,_T,PT_B1GQ,A,1.507
2001,UGA,TAX_REV,S13,T_1000,_T,PT_B1GQ,A,1.692
2002,UGA,TAX_REV,S13,T_1000,_T,PT_B1GQ,A,1.966
2003,UGA,TAX_REV,S13,T_1000,_T,PT_B1GQ,A,2.168
2004,UGA,TAX_REV,S13,T_1000,_T,PT_B1GQ,A,2.387
2005,UGA,TAX_REV,S13,T_1000,_T,PT_B1GQ,A,2.691
2006,UGA,TAX_REV,S13,T_1000,_T,PT_B1GQ,A,2.719
2007,UGA,TAX_REV,S13,T_1000,_T,PT_B1GQ,A,2.793
2008,UGA,TAX_REV,S13,T_1000,_T,PT_B1GQ,A,2.676
2009,UGA,TAX_REV,S13,T_1000,_T,PT_B1GQ,A,2.497
2010,UGA,TAX_REV,S13,T_1000,_T,PT_B1GQ,A,2.61
2011,UGA,TAX_REV,S13,T_1000,_T,PT_B1GQ,A,2.739
2012,UGA,TAX_REV,S13,T_1000,_T,PT_B1GQ,A,2.865
2013,UGA,TAX_REV,S13,T_1000,_T,PT_B1GQ,A,3.2
2014,UGA,TAX_REV,S13,T_1000,_T,PT_B1GQ,A,3.155
2015,UGA,TAX_REV,S13,T_1000,_T,PT_B1GQ,A,3.605
2016,UGA,TAX_REV,S13,T_1000,_T,PT_B1GQ,A,3.832
2013,BGR,TAX_REV,S13,_T,_T,PT_B1GQ,A,28.132
2014,BGR,TAX_REV,S13,_T,_T,PT_B1GQ,A,28.399
2015,BGR,TAX_REV,S13,_T,_T,PT_B1GQ,A,28.863
2016,BGR,TAX_REV,S13,_T,_T,PT_B1GQ,A,29.184
2017,BGR,TAX_REV,S13,_T,_T,PT_B1GQ,A,29.841
2018,BGR,TAX_REV,S13,_T,_T,PT_B1GQ,A,29.72
2019,BGR,TAX_REV,S13,_T,_T,PT_B1GQ,A,30.464
2020,BGR,TAX_REV,S13,_T,_T,PT_B1GQ,A,30.348
2021,BGR,TAX_REV,S13,_T,_T,PT_B1GQ,A,30.667
2022,BGR,TAX_REV,S13,_T,_T,PT_B1GQ,A,31.059
2023,BGR,TAX_REV,S13,_T,_T,PT_B1GQ,A,29.924
2000,BFA,TAX_REV,S13,_T,_T,PT_B1GQ,A,10.18
2001,BFA,TAX_REV,S13,_T,_T,PT_B1GQ,A,10.24
2002,BFA,TAX_REV,S13,_T,_T,PT_B1GQ,A,10.747
2003,BFA,TAX_REV,S13,_T,_T,PT_B1GQ,A,11.326
2004,BFA,TAX_REV,S13,_T,_T,PT_B1GQ,A,12.387
2005,BFA,TAX_REV,S13,_T,_T,PT_B1GQ,A,11.731
2006,BFA,TAX_REV,S13,_T,_T,PT_B1GQ,A,12.077
2007,BFA,TAX_REV,S13,_T,_T,PT_B1GQ,A,12.612
2008,BFA,TAX_REV,S13,_T,_T,PT_B1GQ,A,11.921
2009,BFA,TAX_REV,S13,_T,_T,PT_B1GQ,A,12.644
2010,BFA,TAX_REV,S13,_T,_T,PT_B1GQ,A,13.971
2011,BFA,TAX_REV,S13,_T,_T,PT_B1GQ,A,13.416
2012,BFA,TAX_REV,S13,_T,_T,PT_B1GQ,A,14.906
2013,BFA,TAX_REV,S13,_T,_T,PT_B1GQ,A,15.869
2014,BFA,TAX_REV,S13,_T,_T,PT_B1GQ,A,14.275
2015,BFA,TAX_REV,S13,_T,_T,PT_B1GQ,A,14.563
2016,BFA,TAX_REV,S13,_T,_T,PT_B1GQ,A,15.272
2017,BFA,TAX_REV,S13,_T,_T,PT_B1GQ,A,16.198
2018,BFA,TAX_REV,S13,_T,_T,PT_B1GQ,A,16.802
2019,BFA,TAX_REV,S13,_T,_T,PT_B1GQ,A,17.275
2020,BFA,TAX_REV,S13,_T,_T,PT_B1GQ,A,15.914
2021,BFA,TAX_REV,S13,_T,_T,PT_B1GQ,A,15.423
2022,BFA,TAX_REV,S13,_T,_T,PT_B1GQ,A,18.413
1990,CPV,TAX_REV,S13,_T,_T,PT_B1GQ,A,10.451
1991,CPV,TAX_REV,S13,_T,_T,PT_B1GQ,A,12.316
1992,CPV,TAX_REV,S13,_T,_T,PT_B1GQ,A,14.136
1993,CPV,TAX_REV,S13,_T,_T,PT_B1GQ,A,14.739
1994,CPV,TAX_REV,S13,_T,_T,PT_B1GQ,A,14.918
1995,CPV,TAX_REV,S13,_T,_T,PT_B1GQ,A,15.261
1996,CPV,TAX_REV,S13,_T,_T,PT_B1GQ,A,14.967
1997,CPV,TAX_REV,S13,_T,_T,PT_B1GQ,A,14.567
1998,CPV,TAX_REV,S13,_T,_T,PT_B1GQ,A,14.852
1999,CPV,TAX_REV,S13,_T,_T,PT_B1GQ,A,15.286
2000,CPV,TAX_REV,S13,_T,_T,PT_B1GQ,A,15.558
2001,CPV,TAX_REV,S13,_T,_T,PT_B1GQ,A,16.937
2002,CPV,TAX_REV,S13,_T,_T,PT_B1GQ,A,19.273
2003,CPV,TAX_REV,S13,_T,_T,PT_B1GQ,A,19.091
2004,CPV,TAX_REV,S13,_T,_T,PT_B1GQ,A,20.291
2005,CPV,TAX_REV,S13,_T,_T,PT_B1GQ,A,20.394
2006,CPV,TAX_REV,S13,_T,_T,PT_B1GQ,A,23.807
2007,CPV,TAX_REV,S13,_T,_T,PT_B1GQ,A,25.569
2008,CPV,TAX_REV,S13,_T,_T,PT_B1GQ,A,26.262
2009,CPV,TAX_REV,S13,_T,_T,PT_B1GQ,A,19.259
2010,CPV,TAX_REV,S13,_T,_T,PT_B1GQ,A,17.301
2011,CPV,TAX_REV,S13,_T,_T,PT_B1GQ,A,18.402
2012,CPV,TAX_REV,S13,_T,_T,PT_B1GQ,A,16.645
2013,CPV,TAX_REV,S13,_T,_T,PT_B1GQ,A,16.759
2014,CPV,TAX_REV,S13,_T,_T,PT_B1GQ,A,15.943
2015,CPV,TAX_REV,S13,_T,_T,PT_B1GQ,A,17.648
2016,CPV,TAX_REV,S13,_T,_T,PT_B1GQ,A,17.465
2017,CPV,TAX_REV,S13,_T,_T,PT_B1GQ,A,18.205
2018,CPV,TAX_REV,S13,_T,_T,PT_B1GQ,A,19.583
2019,CPV,TAX_REV,S13,_T,_T,PT_B1GQ,A,18.694
2020,CPV,TAX_REV,S13,_T,_T,PT_B1GQ,A,18.736
2021,CPV,TAX_REV,S13,_T,_T,PT_B1GQ,A,17.788
2022,CPV,TAX_REV,S13,_T,_T,PT_B1GQ,A,18.257
2005,KHM,TAX_REV,S13,_T,_T,PT_B1GQ,A,7.03
2006,KHM,TAX_REV,S13,_T,_T,PT_B1GQ,A,7.125
2007,KHM,TAX_REV,S13,_T,_T,PT_B1GQ,A,8.272
2008,KHM,TAX_REV,S13,_T,_T,PT_B1GQ,A,8.975
2009,KHM,TAX_REV,S13,_T,_T,PT_B1GQ,A,5.779
2010,KHM,TAX_REV,S13,_T,_T,PT_B1GQ,A,5.954
2011,KHM,TAX_REV,S13,_T,_T,PT_B1GQ,A,6.056
2012,KHM,TAX_REV,S13,_T,_T,PT_B1GQ,A,9.805
2013,KHM,TAX_REV,S13,_T,_T,PT_B1GQ,A,9.915
2014,KHM,TAX_REV,S13,_T,_T,PT_B1GQ,A,11.75
2015,KHM,TAX_REV,S13,_T,_T,PT_B1GQ,A,11.663
2016,KHM,TAX_REV,S13,_T,_T,PT_B1GQ,A,11.876
2017,KHM,TAX_REV,S13,_T,_T,PT_B1GQ,A,12.777
2018,KHM,TAX_REV,S13,_T,_T,PT_B1GQ,A,13.823
2019,KHM,TAX_REV,S13,_T,_T,PT_B1GQ,A,15.989
2020,KHM,TAX_REV,S13,_T,_T,PT_B1GQ,A,14.654
2021,KHM,TAX_REV,S13,_T,_T,PT_B1GQ,A,13.18
2022,KHM,TAX_REV,S13,_T,_T,PT_B1GQ,A,14.743
2023,KHM,TAX_REV,S13,_T,_T,PT_B1GQ,A,13.041
1993,CMR,TAX_REV,S13,_T,_T,PT_B1GQ,A,7.238
1994,CMR,TAX_REV,S13,_T,_T,PT_B1GQ,A,7.409
1995,CMR,TAX_REV,S13,_T,_T,PT_B1GQ,A,9.213
1996,CMR,TAX_REV,S13,_T,_T,PT_B1GQ,A,9.31
1997,CMR,TAX_REV,S13,_T,_T,PT_B1GQ,A,9.481
1998,CMR,TAX_REV,S13,_T,_T,PT_B1GQ,A,10.131
1999,CMR,TAX_REV,S13,_T,_T,PT_B1GQ,A,9.975
2000,CMR,TAX_REV,S13,_T,_T,PT_B1GQ,A,10.8
2001,CMR,TAX_REV,S13,_T,_T,PT_B1GQ,A,11.929
2002,CMR,TAX_REV,S13,_T,_T,PT_B1GQ,A,11.02
2003,CMR,TAX_REV,S13,_T,_T,PT_B1GQ,A,11.203
2004,CMR,TAX_REV,S13,_T,_T,PT_B1GQ,A,10.461
2005,CMR,TAX_REV,S13,_T,_T,PT_B1GQ,A,11.036
2006,CMR,TAX_REV,S13,_T,_T,PT_B1GQ,A,11.494
2007,CMR,TAX_REV,S13,_T,_T,PT_B1GQ,A,12.021
2008,CMR,TAX_REV,S13,_T,_T,PT_B1GQ,A,11.988
2009,CMR,TAX_REV,S13,_T,_T,PT_B1GQ,A,12.266
2010,CMR,TAX_REV,S13,_T,_T,PT_B1GQ,A,11.548
2011,CMR,TAX_REV,S13,_T,_T,PT_B1GQ,A,12.478
2012,CMR,TAX_REV,S13,_T,_T,PT_B1GQ,A,12.985
2013,CMR,TAX_REV,S13,_T,_T,PT_B1GQ,A,13.559
2014,CMR,TAX_REV,S13,_T,_T,PT_B1GQ,A,13.837
2015,CMR,TAX_REV,S13,_T,_T,PT_B1GQ,A,14.115
2016,CMR,TAX_REV,S13,_T,_T,PT_B1GQ,A,13.693
2017,CMR,TAX_REV,S13,_T,_T,PT_B1GQ,A,14.003
2018,CMR,TAX_REV,S13,_T,_T,PT_B1GQ,A,14.171
2019,CMR,TAX_REV,S13,_T,_T,PT_B1GQ,A,13.863
2020,CMR,TAX_REV,S13,_T,_T,PT_B1GQ,A,12.833
2021,CMR,TAX_REV,S13,_T,_T,PT_B1GQ,A,13.337
2022,CMR,TAX_REV,S13,_T,_T,PT_B1GQ,A,14.041
2010,TCD,TAX_REV,S13,_T,_T,PT_B1GQ,A,10.946
2011,TCD,TAX_REV,S13,_T,_T,PT_B1GQ,A,13.409
2012,TCD,TAX_REV,S13,_T,_T,PT_B1GQ,A,11.221
2013,TCD,TAX_REV,S13,_T,_T,PT_B1GQ,A,11.795
2014,TCD,TAX_REV,S13,_T,_T,PT_B1GQ,A,8.187
2015,TCD,TAX_REV,S13,_T,_T,PT_B1GQ,A,4.363
2016,TCD,TAX_REV,S13,_T,_T,PT_B1GQ,A,3.581
2017,TCD,TAX_REV,S13,_T,_T,PT_B1GQ,A,4.67
2018,TCD,TAX_REV,S13,_T,_T,PT_B1GQ,A,5.671
2019,TCD,TAX_REV,S13,_T,_T,PT_B1GQ,A,5.943
2020,TCD,TAX_REV,S13,_T,_T,PT_B1GQ,A,10.737
2021,TCD,TAX_REV,S13,_T,_T,PT_B1GQ,A,7.334
2022,TCD,TAX_REV,S13,_T,_T,PT_B1GQ,A,10.65
2007,CHN,TAX_REV,S13,_T,_T,PT_B1GQ,A,16.639
2008,CHN,TAX_REV,S13,_T,_T,PT_B1GQ,A,16.718
2009,CHN,TAX_REV,S13,_T,_T,PT_B1GQ,A,16.788
2010,CHN,TAX_REV,S13,_T,_T,PT_B1GQ,A,17.462
2011,CHN,TAX_REV,S13,_T,_T,PT_B1GQ,A,18.102
2012,CHN,TAX_REV,S13,_T,_T,PT_B1GQ,A,18.376
2013,CHN,TAX_REV,S13,_T,_T,PT_B1GQ,A,18.31
2014,CHN,TAX_REV,S13,_T,_T,PT_B1GQ,A,18.173
2015,CHN,TAX_REV,S13,_T,_T,PT_B1GQ,A,17.782
2016,CHN,TAX_REV,S13,_T,_T,PT_B1GQ,A,17.125
2017,CHN,TAX_REV,S13,_T,_T,PT_B1GQ,A,17.037
2018,CHN,TAX_REV,S13,_T,_T,PT_B1GQ,A,16.71
2019,CHN,TAX_REV,S13,_T,_T,PT_B1GQ,A,21.664
2020,CHN,TAX_REV,S13,_T,_T,PT_B1GQ,A,19.664
2021,CHN,TAX_REV,S13,_T,_T,PT_B1GQ,A,20.599
2022,CHN,TAX_REV,S13,_T,_T,PT_B1GQ,A,19.574
2023,CHN,TAX_REV,S13,_T,_T,PT_B1GQ,A,20.436
1998,COG,TAX_REV,S13,_T,_T,PT_B1GQ,A,6.111
1999,COG,TAX_REV,S13,_T,_T,PT_B1GQ,A,6.133
2000,COG,TAX_REV,S13,_T,_T,PT_B1GQ,A,3.825
2001,COG,TAX_REV,S13,_T,_T,PT_B1GQ,A,5.556
2002,COG,TAX_REV,S13,_T,_T,PT_B1GQ,A,6.509
2003,COG,TAX_REV,S13,_T,_T,PT_B1GQ,A,7.915
2004,COG,TAX_REV,S13,_T,_T,PT_B1GQ,A,7.481
2005,COG,TAX_REV,S13,_T,_T,PT_B1GQ,A,5.887
2006,COG,TAX_REV,S13,_T,_T,PT_B1GQ,A,5.601
2007,COG,TAX_REV,S13,_T,_T,PT_B1GQ,A,5.908
2008,COG,TAX_REV,S13,_T,_T,PT_B1GQ,A,6.03
2009,COG,TAX_REV,S13,_T,_T,PT_B1GQ,A,7.96
2010,COG,TAX_REV,S13,_T,_T,PT_B1GQ,A,7.116
2011,COG,TAX_REV,S13,_T,_T,PT_B1GQ,A,7.574
2012,COG,TAX_REV,S13,_T,_T,PT_B1GQ,A,7.007
2013,COG,TAX_REV,S13,_T,_T,PT_B1GQ,A,8.833
2014,COG,TAX_REV,S13,_T,_T,PT_B1GQ,A,9.817
2015,COG,TAX_REV,S13,_T,_T,PT_B1GQ,A,13.25
2016,COG,TAX_REV,S13,_T,_T,PT_B1GQ,A,12.475
2017,COG,TAX_REV,S13,_T,_T,PT_B1GQ,A,10.291
2018,COG,TAX_REV,S13,_T,_T,PT_B1GQ,A,7.591
2019,COG,TAX_REV,S13,_T,_T,PT_B1GQ,A,8.217
2020,COG,TAX_REV,S13,_T,_T,PT_B1GQ,A,9.817
2021,COG,TAX_REV,S13,_T,_T,PT_B1GQ,A,8.232
2022,COG,TAX_REV,S13,_T,_T,PT_B1GQ,A,8.891
2006,COK,TAX_REV,S13,_T,_T,PT_B1GQ,A,25.85
2007,COK,TAX_REV,S13,_T,_T,PT_B1GQ,A,24.899
2008,COK,TAX_REV,S13,_T,_T,PT_B1GQ,A,24.041
2009,COK,TAX_REV,S13,_T,_T,PT_B1GQ,A,26.688
2010,COK,TAX_REV,S13,_T,_T,PT_B1GQ,A,25.723
2011,COK,TAX_REV,S13,_T,_T,PT_B1GQ,A,23.933
2012,COK,TAX_REV,S13,_T,_T,PT_B1GQ,A,27.191
2013,COK,TAX_REV,S13,_T,_T,PT_B1GQ,A,25.082
2014,COK,TAX_REV,S13,_T,_T,PT_B1GQ,A,21.968
2015,COK,TAX_REV,S13,_T,_T,PT_B1GQ,A,26.94
2016,COK,TAX_REV,S13,_T,_T,PT_B1GQ,A,27.57
2017,COK,TAX_REV,S13,_T,_T,PT_B1GQ,A,27.057
2018,COK,TAX_REV,S13,_T,_T,PT_B1GQ,A,28.354
2019,COK,TAX_REV,S13,_T,_T,PT_B1GQ,A,26.078
2020,COK,TAX_REV,S13,_T,_T,PT_B1GQ,A,25.823
2021,COK,TAX_REV,S13,_T,_T,PT_B1GQ,A,26.851
2022,COK,TAX_REV,S13,_T,_T,PT_B1GQ,A,22.116
2023,COK,TAX_REV,S13,_T,_T,PT_B1GQ,A,25.476
1990,CIV,TAX_REV,S13,_T,_T,PT_B1GQ,A,15.631
1991,CIV,TAX_REV,S13,_T,_T,PT_B1GQ,A,14.07
1992,CIV,TAX_REV,S13,_T,_T,PT_B1GQ,A,13.057
1993,CIV,TAX_REV,S13,_T,_T,PT_B1GQ,A,10.687
1994,CIV,TAX_REV,S13,_T,_T,PT_B1GQ,A,10.987
1995,CIV,TAX_REV,S13,_T,_T,PT_B1GQ,A,12.181
1996,CIV,TAX_REV,S13,_T,_T,PT_B1GQ,A,12.717
1997,CIV,TAX_REV,S13,_T,_T,PT_B1GQ,A,12.341
1998,CIV,TAX_REV,S13,_T,_T,PT_B1GQ,A,11.527
1999,CIV,TAX_REV,S13,_T,_T,PT_B1GQ,A,11.507
2000,CIV,TAX_REV,S13,_T,_T,PT_B1GQ,A,11.089
2001,CIV,TAX_REV,S13,_T,_T,PT_B1GQ,A,11.259
2002,CIV,TAX_REV,S13,_T,_T,PT_B1GQ,A,11.482
2003,CIV,TAX_REV,S13,_T,_T,PT_B1GQ,A,10.554
2004,CIV,TAX_REV,S13,_T,_T,PT_B1GQ,A,11.463
2005,CIV,TAX_REV,S13,_T,_T,PT_B1GQ,A,11.297
2006,CIV,TAX_REV,S13,_T,_T,PT_B1GQ,A,11.699
2007,CIV,TAX_REV,S13,_T,_T,PT_B1GQ,A,12.405
2008,CIV,TAX_REV,S13,_T,_T,PT_B1GQ,A,12.233
2009,CIV,TAX_REV,S13,_T,_T,PT_B1GQ,A,12.166
2010,CIV,TAX_REV,S13,_T,_T,PT_B1GQ,A,11.948
2011,CIV,TAX_REV,S13,_T,_T,PT_B1GQ,A,11.069
2012,CIV,TAX_REV,S13,_T,_T,PT_B1GQ,A,12.805
2013,CIV,TAX_REV,S13,_T,_T,PT_B1GQ,A,12.748
2014,CIV,TAX_REV,S13,_T,_T,PT_B1GQ,A,12.206
2015,CIV,TAX_REV,S13,_T,_T,PT_B1GQ,A,12.606
2016,CIV,TAX_REV,S13,_T,_T,PT_B1GQ,A,13.025
2017,CIV,TAX_REV,S13,_T,_T,PT_B1GQ,A,13.065
2018,CIV,TAX_REV,S13,_T,_T,PT_B1GQ,A,12.904
2019,CIV,TAX_REV,S13,_T,_T,PT_B1GQ,A,12.798
2020,CIV,TAX_REV,S13,_T,_T,PT_B1GQ,A,13.051
2021,CIV,TAX_REV,S13,_T,_T,PT_B1GQ,A,13.729
2022,CIV,TAX_REV,S13,_T,_T,PT_B1GQ,A,12.873
1995,HRV,TAX_REV,S13,_T,_T,PT_B1GQ,A,41.914
1996,HRV,TAX_REV,S13,_T,_T,PT_B1GQ,A,42.422
1997,HRV,TAX_REV,S13,_T,_T,PT_B1GQ,A,40.953
1998,HRV,TAX_REV,S13,_T,_T,PT_B1GQ,A,42.004
1999,HRV,TAX_REV,S13,_T,_T,PT_B1GQ,A,40.81
2000,HRV,TAX_REV,S13,_T,_T,PT_B1GQ,A,39.576
2001,HRV,TAX_REV,S13,_T,_T,PT_B1GQ,A,38.274
2002,HRV,TAX_REV,S13,_T,_T,PT_B1GQ,A,37.978
2003,HRV,TAX_REV,S13,_T,_T,PT_B1GQ,A,37.376
2004,HRV,TAX_REV,S13,_T,_T,PT_B1GQ,A,36.648
2005,HRV,TAX_REV,S13,_T,_T,PT_B1GQ,A,36.541
2006,HRV,TAX_REV,S13,_T,_T,PT_B1GQ,A,37.295
2007,HRV,TAX_REV,S13,_T,_T,PT_B1GQ,A,37.771
2008,HRV,TAX_REV,S13,_T,_T,PT_B1GQ,A,37.618
2009,HRV,TAX_REV,S13,_T,_T,PT_B1GQ,A,36.877
2010,HRV,TAX_REV,S13,_T,_T,PT_B1GQ,A,36.338
2011,HRV,TAX_REV,S13,_T,_T,PT_B1GQ,A,35.793
2012,HRV,TAX_REV,S13,_T,_T,PT_B1GQ,A,36.322
2013,HRV,TAX_REV,S13,_T,_T,PT_B1GQ,A,36.876
2014,HRV,TAX_REV,S13,_T,_T,PT_B1GQ,A,37.182
2015,HRV,TAX_REV,S13,_T,_T,PT_B1GQ,A,37.554
2016,HRV,TAX_REV,S13,_T,_T,PT_B1GQ,A,37.931
2017,HRV,TAX_REV,S13,_T,_T,PT_B1GQ,A,37.789
2018,HRV,TAX_REV,S13,_T,_T,PT_B1GQ,A,38.299
2019,HRV,TAX_REV,S13,_T,_T,PT_B1GQ,A,38.438
2020,HRV,TAX_REV,S13,_T,_T,PT_B1GQ,A,37.567
2021,HRV,TAX_REV,S13,_T,_T,PT_B1GQ,A,36.739
2022,HRV,TAX_REV,S13,_T,_T,PT_B1GQ,A,37.223
1990,CUB,TAX_REV,S13,_T,_T,PT_B1GQ,A,31.891
1991,CUB,TAX_REV,S13,_T,_T,PT_B1GQ,A,32.121
1992,CUB,TAX_REV,S13,_T,_T,PT_B1GQ,A,35.009
1993,CUB,TAX_REV,S13,_T,_T,PT_B1GQ,A,32.793
1994,CUB,TAX_REV,S13,_T,_T,PT_B1GQ,A,36.722
1995,CUB,TAX_REV,S13,_T,_T,PT_B1GQ,A,36.679
1996,CUB,TAX_REV,S13,_T,_T,PT_B1GQ,A,31.853
1997,CUB,TAX_REV,S13,_T,_T,PT_B1GQ,A,33.802
1998,CUB,TAX_REV,S13,_T,_T,PT_B1GQ,A,35.948
1999,CUB,TAX_REV,S13,_T,_T,PT_B1GQ,A,37.143
2000,CUB,TAX_REV,S13,_T,_T,PT_B1GQ,A,37.187
2001,CUB,TAX_REV,S13,_T,_T,PT_B1GQ,A,35.974
2002,CUB,TAX_REV,S13,_T,_T,PT_B1GQ,A,36.608
2003,CUB,TAX_REV,S13,_T,_T,PT_B1GQ,A,36.641
2004,CUB,TAX_REV,S13,_T,_T,PT_B1GQ,A,35.555
2005,CUB,TAX_REV,S13,_T,_T,PT_B1GQ,A,41.102
2006,CUB,TAX_REV,S13,_T,_T,PT_B1GQ,A,44.736
2007,CUB,TAX_REV,S13,_T,_T,PT_B1GQ,A,44.002
2008,CUB,TAX_REV,S13,_T,_T,PT_B1GQ,A,41.169
2009,CUB,TAX_REV,S13,_T,_T,PT_B1GQ,A,40.591
2010,CUB,TAX_REV,S13,_T,_T,PT_B1GQ,A,37.23
2011,CUB,TAX_REV,S13,_T,_T,PT_B1GQ,A,37.861
2012,CUB,TAX_REV,S13,_T,_T,PT_B1GQ,A,39.201
2013,CUB,TAX_REV,S13,_T,_T,PT_B1GQ,A,36.519
2014,CUB,TAX_REV,S13,_T,_T,PT_B1GQ,A,37.121
2015,CUB,TAX_REV,S13,_T,_T,PT_B1GQ,A,38.083
2016,CUB,TAX_REV,S13,_T,_T,PT_B1GQ,A,41.148
2017,CUB,TAX_REV,S13,_T,_T,PT_B1GQ,A,42.355
2018,CUB,TAX_REV,S13,_T,_T,PT_B1GQ,A,42.285
2019,CUB,TAX_REV,S13,_T,_T,PT_B1GQ,A,42.062
2020,CUB,TAX_REV,S13,_T,_T,PT_B1GQ,A,37.506
2021,CUB,TAX_REV,S13,_T,_T,PT_B1GQ,A,17.703
2022,CUB,TAX_REV,S13,_T,_T,PT_B1GQ,A,18.33
2023,CUB,TAX_REV,S13,_T,_T,PT_B1GQ,A,17.035
2000,COD,TAX_REV,S13,_T,_T,PT_B1GQ,A,0.573
2001,COD,TAX_REV,S13,_T,_T,PT_B1GQ,A,2.299
2002,COD,TAX_REV,S13,_T,_T,PT_B1GQ,A,3.0
2003,COD,TAX_REV,S13,_T,_T,PT_B1GQ,A,3.383
2004,COD,TAX_REV,S13,_T,_T,PT_B1GQ,A,4.678
2005,COD,TAX_REV,S13,_T,_T,PT_B1GQ,A,4.946
2006,COD,TAX_REV,S13,_T,_T,PT_B1GQ,A,5.471
2007,COD,TAX_REV,S13,_T,_T,PT_B1GQ,A,6.268
2008,COD,TAX_REV,S13,_T,_T,PT_B1GQ,A,7.619
2009,COD,TAX_REV,S13,_T,_T,PT_B1GQ,A,8.005
2010,COD,TAX_REV,S13,_T,_T,PT_B1GQ,A,8.313
2011,COD,TAX_REV,S13,_T,_T,PT_B1GQ,A,8.724
2012,COD,TAX_REV,S13,_T,_T,PT_B1GQ,A,10.554
2013,COD,TAX_REV,S13,_T,_T,PT_B1GQ,A,9.562
2014,COD,TAX_REV,S13,_T,_T,PT_B1GQ,A,9.069
2015,COD,TAX_REV,S13,_T,_T,PT_B1GQ,A,9.379
2016,COD,TAX_REV,S13,_T,_T,PT_B1GQ,A,8.306
2017,COD,TAX_REV,S13,_T,_T,PT_B1GQ,A,6.737
2018,COD,TAX_REV,S13,_T,_T,PT_B1GQ,A,7.608
2019,COD,TAX_REV,S13,_T,_T,PT_B1GQ,A,7.609
2020,COD,TAX_REV,S13,_T,_T,PT_B1GQ,A,7.2
2021,COD,TAX_REV,S13,_T,_T,PT_B1GQ,A,8.863
2022,COD,TAX_REV,S13,_T,_T,PT_B1GQ,A,12.506
1990,DOM,TAX_REV,S13,_T,_T,PT_B1GQ,A,8.3
1991,DOM,TAX_REV,S13,_T,_T,PT_B1GQ,A,7.751
1992,DOM,TAX_REV,S13,_T,_T,PT_B1GQ,A,10.821
1993,DOM,TAX_REV,S13,_T,_T,PT_B1GQ,A,11.091
1994,DOM,TAX_REV,S13,_T,_T,PT_B1GQ,A,10.003
1995,DOM,TAX_REV,S13,_T,_T,PT_B1GQ,A,10.423
1996,DOM,TAX_REV,S13,_T,_T,PT_B1GQ,A,10.186
1997,DOM,TAX_REV,S13,_T,_T,PT_B1GQ,A,11.259
1998,DOM,TAX_REV,S13,_T,_T,PT_B1GQ,A,11.352
1999,DOM,TAX_REV,S13,_T,_T,PT_B1GQ,A,11.649
2000,DOM,TAX_REV,S13,_T,_T,PT_B1GQ,A,12.142
2001,DOM,TAX_REV,S13,_T,_T,PT_B1GQ,A,13.347
2002,DOM,TAX_REV,S13,_T,_T,PT_B1GQ,A,13.165
2003,DOM,TAX_REV,S13,_T,_T,PT_B1GQ,A,11.669
2004,DOM,TAX_REV,S13,_T,_T,PT_B1GQ,A,12.484
2005,DOM,TAX_REV,S13,_T,_T,PT_B1GQ,A,13.758
2006,DOM,TAX_REV,S13,_T,_T,PT_B1GQ,A,14.064
2007,DOM,TAX_REV,S13,_T,_T,PT_B1GQ,A,14.914
2008,DOM,TAX_REV,S13,_T,_T,PT_B1GQ,A,14.219
2009,DOM,TAX_REV,S13,_T,_T,PT_B1GQ,A,12.653
2010,DOM,TAX_REV,S13,_T,_T,PT_B1GQ,A,12.241
2011,DOM,TAX_REV,S13,_T,_T,PT_B1GQ,A,12.297
2012,DOM,TAX_REV,S13,_T,_T,PT_B1GQ,A,13.032
2013,DOM,TAX_REV,S13,_T,_T,PT_B1GQ,A,13.526
2014,DOM,TAX_REV,S13,_T,_T,PT_B1GQ,A,13.422
2015,DOM,TAX_REV,S13,_T,_T,PT_B1GQ,A,12.911
2016,DOM,TAX_REV,S13,_T,_T,PT_B1GQ,A,12.989
2017,DOM,TAX_REV,S13,_T,_T,PT_B1GQ,A,13.123
2018,DOM,TAX_REV,S13,_T,_T,PT_B1GQ,A,13.123
2019,DOM,TAX_REV,S13,_T,_T,PT_B1GQ,A,13.405
2020,DOM,TAX_REV,S13,_T,_T,PT_B1GQ,A,12.485
2021,DOM,TAX_REV,S13,_T,_T,PT_B1GQ,A,14.486
2022,DOM,TAX_REV,S13,_T,_T,PT_B1GQ,A,13.944
2023,DOM,TAX_REV,S13,_T,_T,PT_B1GQ,A,14.29
1990,ECU,TAX_REV,S13,_T,_T,PT_B1GQ,A,7.075
1991,ECU,TAX_REV,S13,_T,_T,PT_B1GQ,A,7.164
1992,ECU,TAX_REV,S13,_T,_T,PT_B1GQ,A,6.983
1993,ECU,TAX_REV,S13,_T,_T,PT_B1GQ,A,7.476
1994,ECU,TAX_REV,S13,_T,_T,PT_B1GQ,A,7.778
1995,ECU,TAX_REV,S13,_T,_T,PT_B1GQ,A,8.123
1996,ECU,TAX_REV,S13,_T,_T,PT_B1GQ,A,7.355
1997,ECU,TAX_REV,S13,_T,_T,PT_B1GQ,A,8.206
1998,ECU,TAX_REV,S13,_T,_T,PT_B1GQ,A,9.204
1999,ECU,TAX_REV,S13,_T,_T,PT_B1GQ,A,9.823
2000,ECU,TAX_REV,S13,_T,_T,PT_B1GQ,A,11.6
2001,ECU,TAX_REV,S13,_T,_T,PT_B1GQ,A,13.081
2002,ECU,TAX_REV,S13,_T,_T,PT_B1GQ,A,13.873
2003,ECU,TAX_REV,S13,_T,_T,PT_B1GQ,A,13.197
2004,ECU,TAX_REV,S13,_T,_T,PT_B1GQ,A,13.249
2005,ECU,TAX_REV,S13,_T,_T,PT_B1GQ,A,13.791
2006,ECU,TAX_REV,S13,_T,_T,PT_B1GQ,A,14.556
2007,ECU,TAX_REV,S13,_T,_T,PT_B1GQ,A,15.141
2008,ECU,TAX_REV,S13,_T,_T,PT_B1GQ,A,14.914
2009,ECU,TAX_REV,S13,_T,_T,PT_B1GQ,A,15.677
2010,ECU,TAX_REV,S13,_T,_T,PT_B1GQ,A,16.812
2011,ECU,TAX_REV,S13,_T,_T,PT_B1GQ,A,17.669
2012,ECU,TAX_REV,S13,_T,_T,PT_B1GQ,A,19.687
2013,ECU,TAX_REV,S13,_T,_T,PT_B1GQ,A,18.998
2014,ECU,TAX_REV,S13,_T,_T,PT_B1GQ,A,19.206
2015,ECU,TAX_REV,S13,_T,_T,PT_B1GQ,A,21.815
2016,ECU,TAX_REV,S13,_T,_T,PT_B1GQ,A,19.866
2017,ECU,TAX_REV,S13,_T,_T,PT_B1GQ,A,20.169
2018,ECU,TAX_REV,S13,_T,_T,PT_B1GQ,A,21.063
2019,ECU,TAX_REV,S13,_T,_T,PT_B1GQ,A,19.888
2020,ECU,TAX_REV,S13,_T,_T,PT_B1GQ,A,18.675
2021,ECU,TAX_REV,S13,_T,_T,PT_B1GQ,A,19.448
2022,ECU,TAX_REV,S13,_T,_T,PT_B1GQ,A,20.921
2023,ECU,TAX_REV,S13,_T,_T,PT_B1GQ,A,20.591
2002,EGY,TAX_REV,S13,_T,_T,PT_B1GQ,A,12.5
2003,EGY,TAX_REV,S13,_T,_T,PT_B1GQ,A,15.741
2004,EGY,TAX_REV,S13,_T,_T,PT_B1GQ,A,15.964
2005,EGY,TAX_REV,S13,_T,_T,PT_B1GQ,A,15.713
2006,EGY,TAX_REV,S13,_T,_T,PT_B1GQ,A,17.362
2007,EGY,TAX_REV,S13,_T,_T,PT_B1GQ,A,17.095
2008,EGY,TAX_REV,S13,_T,_T,PT_B1GQ,A,16.775
2009,EGY,TAX_REV,S13,_T,_T,PT_B1GQ,A,17.04
2010,EGY,TAX_REV,S13,_T,_T,PT_B1GQ,A,15.525
2011,EGY,TAX_REV,S13,_T,_T,PT_B1GQ,A,15.466
2012,EGY,TAX_REV,S13,_T,_T,PT_B1GQ,A,13.903
2013,EGY,TAX_REV,S13,_T,_T,PT_B1GQ,A,14.959
2014,EGY,TAX_REV,S13,_T,_T,PT_B1GQ,A,14.01
2015,EGY,TAX_REV,S13,_T,_T,PT_B1GQ,A,13.919
2016,EGY,TAX_REV,S13,_T,_T,PT_B1GQ,A,15.023
2017,EGY,TAX_REV,S13,_T,_T,PT_B1GQ,A,14.892
2018,EGY,TAX_REV,S13,_T,_T,PT_B1GQ,A,15.518
2019,EGY,TAX_REV,S13,_T,_T,PT_B1GQ,A,15.19
2020,EGY,TAX_REV,S13,_T,_T,PT_B1GQ,A,13.573
2021,EGY,TAX_REV,S13,_T,_T,PT_B1GQ,A,14.103
2022,EGY,TAX_REV,S13,_T,_T,PT_B1GQ,A,14.188
1990,SLV,TAX_REV,S13,_T,_T,PT_B1GQ,A,11.265
1991,SLV,TAX_REV,S13,_T,_T,PT_B1GQ,A,11.848
1992,SLV,TAX_REV,S13,_T,_T,PT_B1GQ,A,12.013
1993,SLV,TAX_REV,S13,_T,_T,PT_B1GQ,A,13.123
1994,SLV,TAX_REV,S13,_T,_T,PT_B1GQ,A,13.747
1995,SLV,TAX_REV,S13,_T,_T,PT_B1GQ,A,14.722
1996,SLV,TAX_REV,S13,_T,_T,PT_B1GQ,A,14.202
1997,SLV,TAX_REV,S13,_T,_T,PT_B1GQ,A,14.199
1998,SLV,TAX_REV,S13,_T,_T,PT_B1GQ,A,14.339
1999,SLV,TAX_REV,S13,_T,_T,PT_B1GQ,A,14.033
2000,SLV,TAX_REV,S13,_T,_T,PT_B1GQ,A,14.165
2001,SLV,TAX_REV,S13,_T,_T,PT_B1GQ,A,14.352
2002,SLV,TAX_REV,S13,_T,_T,PT_B1GQ,A,15.348
2003,SLV,TAX_REV,S13,_T,_T,PT_B1GQ,A,15.62
2004,SLV,TAX_REV,S13,_T,_T,PT_B1GQ,A,15.963
2005,SLV,TAX_REV,S13,_T,_T,PT_B1GQ,A,16.988
2013,MDA,TAX_REV,S13,_T,_T,PT_B1GQ,A,27.15
2014,MDA,TAX_REV,S13,_T,_T,PT_B1GQ,A,27.216
2015,MDA,TAX_REV,S13,_T,_T,PT_B1GQ,A,26.168
2016,MDA,TAX_REV,S13,_T,_T,PT_B1GQ,A,26.733
2017,MDA,TAX_REV,S13,_T,_T,PT_B1GQ,A,28.401
2018,MDA,TAX_REV,S13,_T,_T,PT_B1GQ,A,28.993
2019,MDA,TAX_REV,S13,_T,_T,PT_B1GQ,A,28.342
2020,MDA,TAX_REV,S13,_T,_T,PT_B1GQ,A,29.53
2021,MDA,TAX_REV,S13,_T,_T,PT_B1GQ,A,29.423
2022,MDA,TAX_REV,S13,_T,_T,PT_B1GQ,A,30.037
2023,MDA,TAX_REV,S13,_T,_T,PT_B1GQ,A,30.317
2006,MNG,TAX_REV,S13,_T,_T,PT_B1GQ,A,26.591
2007,MNG,TAX_REV,S13,_T,_T,PT_B1GQ,A,27.875
2008,MNG,TAX_REV,S13,_T,_T,PT_B1GQ,A,26.315
2009,MNG,TAX_REV,S13,_T,_T,PT_B1GQ,A,22.338
2010,MNG,TAX_REV,S13,_T,_T,PT_B1GQ,A,25.314
2011,MNG,TAX_REV,S13,_T,_T,PT_B1GQ,A,24.478
2012,MNG,TAX_REV,S13,_T,_T,PT_B1GQ,A,22.152
2013,MNG,TAX_REV,S13,_T,_T,PT_B1GQ,A,23.486
2014,MNG,TAX_REV,S13,_T,_T,PT_B1GQ,A,20.158
2015,MNG,TAX_REV,S13,_T,_T,PT_B1GQ,A,19.308
2016,MNG,TAX_REV,S13,_T,_T,PT_B1GQ,A,19.084
2017,MNG,TAX_REV,S13,_T,_T,PT_B1GQ,A,21.437
2018,MNG,TAX_REV,S13,_T,_T,PT_B1GQ,A,23.903
2019,MNG,TAX_REV,S13,_T,_T,PT_B1GQ,A,23.873
2020,MNG,TAX_REV,S13,_T,_T,PT_B1GQ,A,20.822
2021,MNG,TAX_REV,S13,_T,_T,PT_B1GQ,A,23.99
2022,MNG,TAX_REV,S13,_T,_T,PT_B1GQ,A,24.551
2023,MNG,TAX_REV,S13,_T,_T,PT_B1GQ,A,24.682
2000,MAR,TAX_REV,S13,_T,_T,PT_B1GQ,A,20.343
2001,MAR,TAX_REV,S13,_T,_T,PT_B1GQ,A,20.992
2002,MAR,TAX_REV,S13,_T,_T,PT_B1GQ,A,21.014
2003,MAR,TAX_REV,S13,_T,_T,PT_B1GQ,A,20.703
2004,MAR,TAX_REV,S13,_T,_T,PT_B1GQ,A,21.008
2005,MAR,TAX_REV,S13,_T,_T,PT_B1GQ,A,22.979
2006,MAR,TAX_REV,S13,_T,_T,PT_B1GQ,A,24.179
2007,MAR,TAX_REV,S13,_T,_T,PT_B1GQ,A,26.389
2008,MAR,TAX_REV,S13,_T,_T,PT_B1GQ,A,28.693
2009,MAR,TAX_REV,S13,_T,_T,PT_B1GQ,A,25.599
2010,MAR,TAX_REV,S13,_T,_T,PT_B1GQ,A,25.528
2011,MAR,TAX_REV,S13,_T,_T,PT_B1GQ,A,26.227
2012,MAR,TAX_REV,S13,_T,_T,PT_B1GQ,A,27.262
2013,MAR,TAX_REV,S13,_T,_T,PT_B1GQ,A,25.961
2014,MAR,TAX_REV,S13,_T,_T,PT_B1GQ,A,25.655
2015,MAR,TAX_REV,S13,_T,_T,PT_B1GQ,A,24.586
2016,MAR,TAX_REV,S13,_T,_T,PT_B1GQ,A,25.444
2017,MAR,TAX_REV,S13,_T,_T,PT_B1GQ,A,25.867
2018,MAR,TAX_REV,S13,_T,_T,PT_B1GQ,A,26.205
2019,MAR,TAX_REV,S13,_T,_T,PT_B1GQ,A,26.402
2020,MAR,TAX_REV,S13,_T,_T,PT_B1GQ,A,27.275
2021,MAR,TAX_REV,S13,_T,_T,PT_B1GQ,A,27.253
2022,MAR,TAX_REV,S13,_T,_T,PT_B1GQ,A,29.917
2006,MOZ,TAX_REV,S13,_T,_T,PT_B1GQ,A,26.766
2007,MOZ,TAX_REV,S13,_T,_T,PT_B1GQ,A,30.909
2008,MOZ,TAX_REV,S13,_T,_T,PT_B1GQ,A,20.803
2009,MOZ,TAX_REV,S13,_T,_T,PT_B1GQ,A,28.927
2010,MOZ,TAX_REV,S13,_T,_T,PT_B1GQ,A,26.101
2011,MOZ,TAX_REV,S13,_T,_T,PT_B1GQ,A,29.366
2012,MOZ,TAX_REV,S13,_T,_T,PT_B1GQ,A,21.205
2013,MOZ,TAX_REV,S13,_T,_T,PT_B1GQ,A,25.755
2014,MOZ,TAX_REV,S13,_T,_T,PT_B1GQ,A,34.343
2015,MOZ,TAX_REV,S13,_T,_T,PT_B1GQ,A,31.679
2016,MOZ,TAX_REV,S13,_T,_T,PT_B1GQ,A,24.996
2017,MOZ,TAX_REV,S13,_T,_T,PT_B1GQ,A,19.424
2018,MOZ,TAX_REV,S13,_T,_T,PT_B1GQ,A,21.192
2019,MOZ,TAX_REV,S13,_T,_T,PT_B1GQ,A,21.005
2020,MOZ,TAX_REV,S13,_T,_T,PT_B1GQ,A,20.676
2021,MOZ,TAX_REV,S13,_T,_T,PT_B1GQ,A,22.673
2022,MOZ,TAX_REV,S13,_T,_T,PT_B1GQ,A,21.837
2006,NAM,TAX_REV,S13,_T,_T,PT_B1GQ,A,16.592
2007,NAM,TAX_REV,S13,_T,_T,PT_B1GQ,A,17.187
2008,NAM,TAX_REV,S13,_T,_T,PT_B1GQ,A,17.656
2009,NAM,TAX_REV,S13,_T,_T,PT_B1GQ,A,17.936
2010,NAM,TAX_REV,S13,_T,_T,PT_B1GQ,A,18.625
2011,NAM,TAX_REV,S13,_T,_T,PT_B1GQ,A,21.472
2012,NAM,TAX_REV,S13,_T,_T,PT_B1GQ,A,19.85
2013,NAM,TAX_REV,S13,_T,_T,PT_B1GQ,A,20.013
2014,NAM,TAX_REV,S13,_T,_T,PT_B1GQ,A,21.126
2015,NAM,TAX_REV,S13,_T,_T,PT_B1GQ,A,21.467
2016,NAM,TAX_REV,S13,_T,_T,PT_B1GQ,A,21.122
2017,NAM,TAX_REV,S13,_T,_T,PT_B1GQ,A,20.406
2018,NAM,TAX_REV,S13,_T,_T,PT_B1GQ,A,19.419
2019,NAM,TAX_REV,S13,_T,_T,PT_B1GQ,A,20.197
2020,NAM,TAX_REV,S13,_T,_T,PT_B1GQ,A,18.544
2021,NAM,TAX_REV,S13,_T,_T,PT_B1GQ,A,19.452
2022,NAM,TAX_REV,S13,_T,_T,PT_B1GQ,A,19.704
2014,NRU,TAX_REV,S13,_T,_T,PT_B1GQ,A,9.365
2015,NRU,TAX_REV,S13,_T,_T,PT_B1GQ,A,17.989
2016,NRU,TAX_REV,S13,_T,_T,PT_B1GQ,A,14.8
2017,NRU,TAX_REV,S13,_T,_T,PT_B1GQ,A,24.904
2018,NRU,TAX_REV,S13,_T,_T,PT_B1GQ,A,32.323
2019,NRU,TAX_REV,S13,_T,_T,PT_B1GQ,A,43.022
2020,NRU,TAX_REV,S13,_T,_T,PT_B1GQ,A,34.474
2021,NRU,TAX_REV,S13,_T,_T,PT_B1GQ,A,35.208
2022,NRU,TAX_REV,S13,_T,_T,PT_B1GQ,A,29.154
2023,NRU,TAX_REV,S13,_T,_T,PT_B1GQ,A,19.005
1991,NIC,TAX_REV,S13,_T,_T,PT_B1GQ,A,10.323
1992,NIC,TAX_REV,S13,_T,_T,PT_B1GQ,A,11.221
1993,NIC,TAX_REV,S13,_T,_T,PT_B1GQ,A,10.931
1994,NIC,TAX_REV,S13,_T,_T,PT_B1GQ,A,11.588
1995,NIC,TAX_REV,S13,_T,_T,PT_B1GQ,A,11.601
1996,NIC,TAX_REV,S13,_T,_T,PT_B1GQ,A,11.746
1997,NIC,TAX_REV,S13,_T,_T,PT_B1GQ,A,13.09
1998,NIC,TAX_REV,S13,_T,_T,PT_B1GQ,A,14.098
1999,NIC,TAX_REV,S13,_T,_T,PT_B1GQ,A,13.915
2000,NIC,TAX_REV,S13,_T,_T,PT_B1GQ,A,14.349
2001,NIC,TAX_REV,S13,_T,_T,PT_B1GQ,A,14.149
2002,NIC,TAX_REV,S13,_T,_T,PT_B1GQ,A,14.786
2003,NIC,TAX_REV,S13,_T,_T,PT_B1GQ,A,16.226
2004,NIC,TAX_REV,S13,_T,_T,PT_B1GQ,A,16.234
2005,NIC,TAX_REV,S13,_T,_T,PT_B1GQ,A,17.351
2006,NIC,TAX_REV,S13,_T,_T,PT_B1GQ,A,18.508
2007,NIC,TAX_REV,S13,_T,_T,PT_B1GQ,A,18.847
2008,NIC,TAX_REV,S13,_T,_T,PT_B1GQ,A,18.132
2009,NIC,TAX_REV,S13,_T,_T,PT_B1GQ,A,18.486
2010,NIC,TAX_REV,S13,_T,_T,PT_B1GQ,A,19.333
2011,NIC,TAX_REV,S13,_T,_T,PT_B1GQ,A,20.193
2012,NIC,TAX_REV,S13,_T,_T,PT_B1GQ,A,20.818
2013,NIC,TAX_REV,S13,_T,_T,PT_B1GQ,A,21.233
2014,NIC,TAX_REV,S13,_T,_T,PT_B1GQ,A,21.763
2015,NIC,TAX_REV,S13,_T,_T,PT_B1GQ,A,22.308
2016,NIC,TAX_REV,S13,_T,_T,PT_B1GQ,A,23.269
2017,NIC,TAX_REV,S13,_T,_T,PT_B1GQ,A,23.849
2018,NIC,TAX_REV,S13,_T,_T,PT_B1GQ,A,23.227
2019,NIC,TAX_REV,S13,_T,_T,PT_B1GQ,A,25.518
2020,NIC,TAX_REV,S13,_T,_T,PT_B1GQ,A,25.413
2021,NIC,TAX_REV,S13,_T,_T,PT_B1GQ,A,27.037
2022,NIC,TAX_REV,S13,_T,_T,PT_B1GQ,A,27.779
2023,NIC,TAX_REV,S13,_T,_T,PT_B1GQ,A,27.463
2000,NER,TAX_REV,S13,_T,_T,PT_B1GQ,A,7.018
2001,NER,TAX_REV,S13,_T,_T,PT_B1GQ,A,7.441
2002,NER,TAX_REV,S13,_T,_T,PT_B1GQ,A,7.848
2003,NER,TAX_REV,S13,_T,_T,PT_B1GQ,A,7.828
2004,NER,TAX_REV,S13,_T,_T,PT_B1GQ,A,8.513
2005,NER,TAX_REV,S13,_T,_T,PT_B1GQ,A,8.029
2006,NER,TAX_REV,S13,_T,_T,PT_B1GQ,A,8.404
2007,NER,TAX_REV,S13,_T,_T,PT_B1GQ,A,8.807
2008,NER,TAX_REV,S13,_T,_T,PT_B1GQ,A,8.84
2009,NER,TAX_REV,S13,_T,_T,PT_B1GQ,A,10.138
2010,NER,TAX_REV,S13,_T,_T,PT_B1GQ,A,9.43
2011,NER,TAX_REV,S13,_T,_T,PT_B1GQ,A,13.089
2012,NER,TAX_REV,S13,_T,_T,PT_B1GQ,A,10.373
2013,NER,TAX_REV,S13,_T,_T,PT_B1GQ,A,12.449
2014,NER,TAX_REV,S13,_T,_T,PT_B1GQ,A,12.146
2015,NER,TAX_REV,S13,_T,_T,PT_B1GQ,A,12.304
2016,NER,TAX_REV,S13,_T,_T,PT_B1GQ,A,10.248
2017,NER,TAX_REV,S13,_T,_T,PT_B1GQ,A,9.476
2018,NER,TAX_REV,S13,_T,_T,PT_B1GQ,A,11.198
2019,NER,TAX_REV,S13,_T,_T,PT_B1GQ,A,10.391
2020,NER,TAX_REV,S13,_T,_T,PT_B1GQ,A,9.784
2021,NER,TAX_REV,S13,_T,_T,PT_B1GQ,A,10.453
2022,NER,TAX_REV,S13,_T,_T,PT_B1GQ,A,9.584
2010,NGA,TAX_REV,S13,_T,_T,PT_B1GQ,A,7.295
2011,NGA,TAX_REV,S13,_T,_T,PT_B1GQ,A,9.695
2012,NGA,TAX_REV,S13,_T,_T,PT_B1GQ,A,9.422
2013,NGA,TAX_REV,S13,_T,_T,PT_B1GQ,A,8.333
2014,NGA,TAX_REV,S13,_T,_T,PT_B1GQ,A,7.665
2015,NGA,TAX_REV,S13,_T,_T,PT_B1GQ,A,6.077
2016,NGA,TAX_REV,S13,_T,_T,PT_B1GQ,A,5.303
2017,NGA,TAX_REV,S13,_T,_T,PT_B1GQ,A,5.724
2018,NGA,TAX_REV,S13,_T,_T,PT_B1GQ,A,6.352
2019,NGA,TAX_REV,S13,_T,_T,PT_B1GQ,A,5.984
2020,NGA,TAX_REV,S13,_T,_T,PT_B1GQ,A,5.55
2021,NGA,TAX_REV,S13,_T,_T,PT_B1GQ,A,6.688
2022,NGA,TAX_REV,S13,_T,_T,PT_B1GQ,A,7.909
2010,NIU,TAX_REV,S13,_T,_T,PT_B1GQ,A,22.235
2011,NIU,TAX_REV,S13,_T,_T,PT_B1GQ,A,27.029
2012,NIU,TAX_REV,S13,_T,_T,PT_B1GQ,A,29.346
2013,NIU,TAX_REV,S13,_T,_T,PT_B1GQ,A,26.926
2014,NIU,TAX_REV,S13,_T,_T,PT_B1GQ,A,26.153
2015,NIU,TAX_REV,S13,_T,_T,PT_B1GQ,A,25.5
2016,NIU,TAX_REV,S13,_T,_T,PT_B1GQ,A,23.848
2017,NIU,TAX_REV,S13,_T,_T,PT_B1GQ,A,28.908
2018,NIU,TAX_REV,S13,_T,_T,PT_B1GQ,A,25.949
2019,NIU,TAX_REV,S13,_T,_T,PT_B1GQ,A,23.667
2020,NIU,TAX_REV,S13,_T,_T,PT_B1GQ,A,24.445
2021,NIU,TAX_REV,S13,_T,_T,PT_B1GQ,A,21.778
2022,NIU,TAX_REV,S13,_T,_T,PT_B1GQ,A,30.833
2023,NIU,TAX_REV,S13,_T,_T,PT_B1GQ,A,35.328
2011,PAK,TAX_REV,S13,_T,_T,PT_B1GQ,A,9.29
2012,PAK,TAX_REV,S13,_T,_T,PT_B1GQ,A,9.045
2013,PAK,TAX_REV,S13,_T,_T,PT_B1GQ,A,9.426
2014,PAK,TAX_REV,S13,_T,_T,PT_B1GQ,A,9.918
2015,PAK,TAX_REV,S13,_T,_T,PT_B1GQ,A,11.185
2016,PAK,TAX_REV,S13,_T,_T,PT_B1GQ,A,11.164
2017,PAK,TAX_REV,S13,_T,_T,PT_B1GQ,A,11.404
2018,PAK,TAX_REV,S13,_T,_T,PT_B1GQ,A,10.222
2019,PAK,TAX_REV,S13,_T,_T,PT_B1GQ,A,9.994
2020,PAK,TAX_REV,S13,_T,_T,PT_B1GQ,A,10.285
2021,PAK,TAX_REV,S13,_T,_T,PT_B1GQ,A,10.389
2022,PAK,TAX_REV,S13,_T,_T,PT_B1GQ,A,10.034
2023,PAK,TAX_REV,S13,_T,_T,PT_B1GQ,A,10.549
1990,PAN,TAX_REV,S13,_T,_T,PT_B1GQ,A,16.571
1991,PAN,TAX_REV,S13,_T,_T,PT_B1GQ,A,17.295
1992,PAN,TAX_REV,S13,_T,_T,PT_B1GQ,A,17.239
1993,PAN,TAX_REV,S13,_T,_T,PT_B1GQ,A,16.692
1994,PAN,TAX_REV,S13,_T,_T,PT_B1GQ,A,16.642
1995,PAN,TAX_REV,S13,_T,_T,PT_B1GQ,A,17.286
1996,PAN,TAX_REV,S13,_T,_T,PT_B1GQ,A,15.716
1997,PAN,TAX_REV,S13,_T,_T,PT_B1GQ,A,15.896
1998,PAN,TAX_REV,S13,_T,_T,PT_B1GQ,A,15.302
1999,PAN,TAX_REV,S13,_T,_T,PT_B1GQ,A,16.028
2000,PAN,TAX_REV,S13,_T,_T,PT_B1GQ,A,15.53
2001,PAN,TAX_REV,S13,_T,_T,PT_B1GQ,A,14.515
2002,PAN,TAX_REV,S13,_T,_T,PT_B1GQ,A,14.07
2003,PAN,TAX_REV,S13,_T,_T,PT_B1GQ,A,13.897
2004,PAN,TAX_REV,S13,_T,_T,PT_B1GQ,A,13.684
2005,PAN,TAX_REV,S13,_T,_T,PT_B1GQ,A,13.563
2006,PAN,TAX_REV,S13,_T,_T,PT_B1GQ,A,14.454
2007,PAN,TAX_REV,S13,_T,_T,PT_B1GQ,A,15.398
2008,PAN,TAX_REV,S13,_T,_T,PT_B1GQ,A,15.465
2009,PAN,TAX_REV,S13,_T,_T,PT_B1GQ,A,15.84
2010,PAN,TAX_REV,S13,_T,_T,PT_B1GQ,A,16.28
2011,PAN,TAX_REV,S13,_T,_T,PT_B1GQ,A,15.986
2012,PAN,TAX_REV,S13,_T,_T,PT_B1GQ,A,16.316
2013,PAN,TAX_REV,S13,_T,_T,PT_B1GQ,A,16.339
2014,PAN,TAX_REV,S13,_T,_T,PT_B1GQ,A,15.03
2015,PAN,TAX_REV,S13,_T,_T,PT_B1GQ,A,14.44
2016,PAN,TAX_REV,S13,_T,_T,PT_B1GQ,A,14.769
2017,PAN,TAX_REV,S13,_T,_T,PT_B1GQ,A,14.235
2018,PAN,TAX_REV,S13,_T,_T,PT_B1GQ,A,13.533
2019,PAN,TAX_REV,S13,_T,_T,PT_B1GQ,A,12.596
2020,PAN,TAX_REV,S13,_T,_T,PT_B1GQ,A,12.027
2021,PAN,TAX_REV,S13,_T,_T,PT_B1GQ,A,11.663
2022,PAN,TAX_REV,S13,_T,_T,PT_B1GQ,A,11.946
2023,PAN,TAX_REV,S13,_T,_T,PT_B1GQ,A,11.945
2000,PNG,TAX_REV,S13,_T,_T,PT_B1GQ,A,9.507
2001,PNG,TAX_REV,S13,_T,_T,PT_B1GQ,A,12.204
2002,PNG,TAX_REV,S13,_T,_T,PT_B1GQ,A,13.881
2003,PNG,TAX_REV,S13,_T,_T,PT_B1GQ,A,13.713
2004,PNG,TAX_REV,S13,_T,_T,PT_B1GQ,A,16.072
2005,PNG,TAX_REV,S13,_T,_T,PT_B1GQ,A,16.998
2006,PNG,TAX_REV,S13,_T,_T,PT_B1GQ,A,19.971
2007,PNG,TAX_REV,S13,_T,_T,PT_B1GQ,A,20.76
2008,PNG,TAX_REV,S13,_T,_T,PT_B1GQ,A,18.589
2009,PNG,TAX_REV,S13,_T,_T,PT_B1GQ,A,15.903
2010,PNG,TAX_REV,S13,_T,_T,PT_B1GQ,A,16.963
2011,PNG,TAX_REV,S13,_T,_T,PT_B1GQ,A,19.995
2012,PNG,TAX_REV,S13,_T,_T,PT_B1GQ,A,18.944
2013,PNG,TAX_REV,S13,_T,_T,PT_B1GQ,A,18.388
2014,PNG,TAX_REV,S13,_T,_T,PT_B1GQ,A,17.993
2015,PNG,TAX_REV,S13,_T,_T,PT_B1GQ,A,15.201
2016,PNG,TAX_REV,S13,_T,_T,PT_B1GQ,A,12.949
2017,PNG,TAX_REV,S13,_T,_T,PT_B1GQ,A,12.605
2018,PNG,TAX_REV,S13,_T,_T,PT_B1GQ,A,13.193
2019,PNG,TAX_REV,S13,_T,_T,PT_B1GQ,A,13.022
2020,PNG,TAX_REV,S13,_T,_T,PT_B1GQ,A,11.879
2021,PNG,TAX_REV,S13,_T,_T,PT_B1GQ,A,12.147
2022,PNG,TAX_REV,S13,_T,_T,PT_B1GQ,A,14.791
2023,PNG,TAX_REV,S13,_T,_T,PT_B1GQ,A,15.833
1990,PRY,TAX_REV,S13,_T,_T,PT_B1GQ,A,8.506
1991,PRY,TAX_REV,S13,_T,_T,PT_B1GQ,A,8.276
1992,PRY,TAX_REV,S13,_T,_T,PT_B1GQ,A,8.491
1993,PRY,TAX_REV,S13,_T,_T,PT_B1GQ,A,8.851
1994,PRY,TAX_REV,S13,_T,_T,PT_B1GQ,A,10.629
1995,PRY,TAX_REV,S13,_T,_T,PT_B1GQ,A,12.101
1996,PRY,TAX_REV,S13,_T,_T,PT_B1GQ,A,11.353
1997,PRY,TAX_REV,S13,_T,_T,PT_B1GQ,A,11.351
1998,PRY,TAX_REV,S13,_T,_T,PT_B1GQ,A,10.809
1999,PRY,TAX_REV,S13,_T,_T,PT_B1GQ,A,11.592
2000,PRY,TAX_REV,S13,_T,_T,PT_B1GQ,A,11.62
2001,PRY,TAX_REV,S13,_T,_T,PT_B1GQ,A,10.755
2002,PRY,TAX_REV,S13,_T,_T,PT_B1GQ,A,9.505
2003,PRY,TAX_REV,S13,_T,_T,PT_B1GQ,A,9.925
2004,PRY,TAX_REV,S13,_T,_T,PT_B1GQ,A,10.966
2005,PRY,TAX_REV,S13,_T,_T,PT_B1GQ,A,10.671
2006,PRY,TAX_REV,S13,_T,_T,PT_B1GQ,A,11.238
2007,PRY,TAX_REV,S13,_T,_T,PT_B1GQ,A,10.76
2008,PRY,TAX_REV,S13,_T,_T,PT_B1GQ,A,10.939
2009,PRY,TAX_REV,S13,_T,_T,PT_B1GQ,A,11.463
2010,PRY,TAX_REV,S13,_T,_T,PT_B1GQ,A,12.114
2011,PRY,TAX_REV,S13,_T,_T,PT_B1GQ,A,12.841
2012,PRY,TAX_REV,S13,_T,_T,PT_B1GQ,A,13.406
2013,PRY,TAX_REV,S13,_T,_T,PT_B1GQ,A,12.687
2014,PRY,TAX_REV,S13,_T,_T,PT_B1GQ,A,13.817
2015,PRY,TAX_REV,S13,_T,_T,PT_B1GQ,A,13.718
2016,PRY,TAX_REV,S13,_T,_T,PT_B1GQ,A,13.421
2017,PRY,TAX_REV,S13,_T,_T,PT_B1GQ,A,14.025
2018,PRY,TAX_REV,S13,_T,_T,PT_B1GQ,A,13.859
2019,PRY,TAX_REV,S13,_T,_T,PT_B1GQ,A,13.946
2020,PRY,TAX_REV,S13,_T,_T,PT_B1GQ,A,13.522
2021,PRY,TAX_REV,S13,_T,_T,PT_B1GQ,A,13.854
2022,PRY,TAX_REV,S13,_T,_T,PT_B1GQ,A,14.562
2023,PRY,TAX_REV,S13,_T,_T,PT_B1GQ,A,14.521
1990,PER,TAX_REV,S13,_T,_T,PT_B1GQ,A,11.289
1991,PER,TAX_REV,S13,_T,_T,PT_B1GQ,A,13.457
1992,PER,TAX_REV,S13,_T,_T,PT_B1GQ,A,14.105
1993,PER,TAX_REV,S13,_T,_T,PT_B1GQ,A,13.932
1994,PER,TAX_REV,S13,_T,_T,PT_B1GQ,A,15.448
1995,PER,TAX_REV,S13,_T,_T,PT_B1GQ,A,15.767
1996,PER,TAX_REV,S13,_T,_T,PT_B1GQ,A,16.22
1997,PER,TAX_REV,S13,_T,_T,PT_B1GQ,A,16.926
1998,PER,TAX_REV,S13,_T,_T,PT_B1GQ,A,16.097
1999,PER,TAX_REV,S13,_T,_T,PT_B1GQ,A,15.319
2000,PER,TAX_REV,S13,_T,_T,PT_B1GQ,A,15.083
2001,PER,TAX_REV,S13,_T,_T,PT_B1GQ,A,15.046
2002,PER,TAX_REV,S13,_T,_T,PT_B1GQ,A,14.739
2003,PER,TAX_REV,S13,_T,_T,PT_B1GQ,A,15.466
2004,PER,TAX_REV,S13,_T,_T,PT_B1GQ,A,15.681
2005,PER,TAX_REV,S13,_T,_T,PT_B1GQ,A,16.409
2006,PER,TAX_REV,S13,_T,_T,PT_B1GQ,A,17.883
2007,PER,TAX_REV,S13,_T,_T,PT_B1GQ,A,18.314
2008,PER,TAX_REV,S13,_T,_T,PT_B1GQ,A,18.664
2009,PER,TAX_REV,S13,_T,_T,PT_B1GQ,A,16.611
2010,PER,TAX_REV,S13,_T,_T,PT_B1GQ,A,17.5
2011,PER,TAX_REV,S13,_T,_T,PT_B1GQ,A,18.224
2012,PER,TAX_REV,S13,_T,_T,PT_B1GQ,A,18.757
2013,PER,TAX_REV,S13,_T,_T,PT_B1GQ,A,18.627
2014,PER,TAX_REV,S13,_T,_T,PT_B1GQ,A,18.851
2015,PER,TAX_REV,S13,_T,_T,PT_B1GQ,A,17.14
2016,PER,TAX_REV,S13,_T,_T,PT_B1GQ,A,15.876
2017,PER,TAX_REV,S13,_T,_T,PT_B1GQ,A,15.149
2018,PER,TAX_REV,S13,_T,_T,PT_B1GQ,A,16.286
2019,PER,TAX_REV,S13,_T,_T,PT_B1GQ,A,16.524
2020,PER,TAX_REV,S13,_T,_T,PT_B1GQ,A,15.217
2021,PER,TAX_REV,S13,_T,_T,PT_B1GQ,A,17.996
2022,PER,TAX_REV,S13,_T,_T,PT_B1GQ,A,19.084
2023,PER,TAX_REV,S13,_T,_T,PT_B1GQ,A,16.975
1994,PHL,TAX_REV,S13,_T,_T,PT_B1GQ,A,16.077
1995,PHL,TAX_REV,S13,_T,_T,PT_B1GQ,A,16.488
1996,PHL,TAX_REV,S13,_T,_T,PT_B1GQ,A,17.004
1997,PHL,TAX_REV,S13,_T,_T,PT_B1GQ,A,17.024
1998,PHL,TAX_REV,S13,_T,_T,PT_B1GQ,A,16.397
1999,PHL,TAX_REV,S13,_T,_T,PT_B1GQ,A,15.78
2000,PHL,TAX_REV,S13,_T,_T,PT_B1GQ,A,15.262
2001,PHL,TAX_REV,S13,_T,_T,PT_B1GQ,A,14.997
2002,PHL,TAX_REV,S13,_T,_T,PT_B1GQ,A,14.384
2003,PHL,TAX_REV,S13,_T,_T,PT_B1GQ,A,14.245
2004,PHL,TAX_REV,S13,_T,_T,PT_B1GQ,A,13.927
2005,PHL,TAX_REV,S13,_T,_T,PT_B1GQ,A,14.377
2006,PHL,TAX_REV,S13,_T,_T,PT_B1GQ,A,15.759
2007,PHL,TAX_REV,S13,_T,_T,PT_B1GQ,A,15.581
2008,PHL,TAX_REV,S13,_T,_T,PT_B1GQ,A,15.58
2009,PHL,TAX_REV,S13,_T,_T,PT_B1GQ,A,14.354
2010,PHL,TAX_REV,S13,_T,_T,PT_B1GQ,A,14.189
2011,PHL,TAX_REV,S13,_T,_T,PT_B1GQ,A,14.488
2012,PHL,TAX_REV,S13,_T,_T,PT_B1GQ,A,15.093
2013,PHL,TAX_REV,S13,_T,_T,PT_B1GQ,A,15.508
2014,PHL,TAX_REV,S13,_T,_T,PT_B1GQ,A,15.989
2015,PHL,TAX_REV,S13,_T,_T,PT_B1GQ,A,16.166
2016,PHL,TAX_REV,S13,_T,_T,PT_B1GQ,A,16.175
2017,PHL,TAX_REV,S13,_T,_T,PT_B1GQ,A,16.732
2018,PHL,TAX_REV,S13,_T,_T,PT_B1GQ,A,17.335
2019,PHL,TAX_REV,S13,_T,_T,PT_B1GQ,A,18.005
2020,PHL,TAX_REV,S13,_T,_T,PT_B1GQ,A,17.815
2021,PHL,TAX_REV,S13,_T,_T,PT_B1GQ,A,18.02
2022,PHL,TAX_REV,S13,_T,_T,PT_B1GQ,A,18.432
2023,PHL,TAX_REV,S13,_T,_T,PT_B1GQ,A,17.88
1995,ROU,TAX_REV,S13,_T,_T,PT_B1GQ,A,27.611
1996,ROU,TAX_REV,S13,_T,_T,PT_B1GQ,A,25.862
1997,ROU,TAX_REV,S13,_T,_T,PT_B1GQ,A,26.406
1998,ROU,TAX_REV,S13,_T,_T,PT_B1GQ,A,28.798
1999,ROU,TAX_REV,S13,_T,_T,PT_B1GQ,A,30.835
2000,ROU,TAX_REV,S13,_T,_T,PT_B1GQ,A,30.069
2001,ROU,TAX_REV,S13,_T,_T,PT_B1GQ,A,28.587
2002,ROU,TAX_REV,S13,_T,_T,PT_B1GQ,A,27.925
2003,ROU,TAX_REV,S13,_T,_T,PT_B1GQ,A,28.342
2004,ROU,TAX_REV,S13,_T,_T,PT_B1GQ,A,27.473
2005,ROU,TAX_REV,S13,_T,_T,PT_B1GQ,A,27.922
2006,ROU,TAX_REV,S13,_T,_T,PT_B1GQ,A,28.574
2007,ROU,TAX_REV,S13,_T,_T,PT_B1GQ,A,28.318
2008,ROU,TAX_REV,S13,_T,_T,PT_B1GQ,A,26.74
2009,ROU,TAX_REV,S13,_T,_T,PT_B1GQ,A,25.174
2010,ROU,TAX_REV,S13,_T,_T,PT_B1GQ,A,25.758
2011,ROU,TAX_REV,S13,_T,_T,PT_B1GQ,A,26.91
2012,ROU,TAX_REV,S13,_T,_T,PT_B1GQ,A,26.52
2013,ROU,TAX_REV,S13,_T,_T,PT_B1GQ,A,27.461
2014,ROU,TAX_REV,S13,_T,_T,PT_B1GQ,A,27.463
2015,ROU,TAX_REV,S13,_T,_T,PT_B1GQ,A,27.997
2016,ROU,TAX_REV,S13,_T,_T,PT_B1GQ,A,26.251
2017,ROU,TAX_REV,S13,_T,_T,PT_B1GQ,A,25.052
2018,ROU,TAX_REV,S13,_T,_T,PT_B1GQ,A,25.729
2019,ROU,TAX_REV,S13,_T,_T,PT_B1GQ,A,25.838
2020,ROU,TAX_REV,S13,_T,_T,PT_B1GQ,A,25.979
2021,ROU,TAX_REV,S13,_T,_T,PT_B1GQ,A,26.252
2022,ROU,TAX_REV,S13,_T,_T,PT_B1GQ,A,27.089
1996,RWA,TAX_REV,S13,_T,_T,PT_B1GQ,A,8.302
1997,RWA,TAX_REV,S13,_T,_T,PT_B1GQ,A,8.677
1998,RWA,TAX_REV,S13,_T,_T,PT_B1GQ,A,9.085
1999,RWA,TAX_REV,S13,_T,_T,PT_B1GQ,A,9.08
2000,RWA,TAX_REV,S13,_T,_T,PT_B1GQ,A,8.55
2001,RWA,TAX_REV,S13,_T,_T,PT_B1GQ,A,9.584
2002,RWA,TAX_REV,S13,_T,_T,PT_B1GQ,A,10.594
2003,RWA,TAX_REV,S13,_T,_T,PT_B1GQ,A,10.537
2004,RWA,TAX_REV,S13,_T,_T,PT_B1GQ,A,10.606
2005,RWA,TAX_REV,S13,_T,_T,PT_B1GQ,A,10.673
2006,RWA,TAX_REV,S13,_T,_T,PT_B1GQ,A,11.272
2007,RWA,TAX_REV,S13,_T,_T,PT_B1GQ,A,11.493
2008,RWA,TAX_REV,S13,_T,_T,PT_B1GQ,A,12.46
2009,RWA,TAX_REV,S13,_T,_T,PT_B1GQ,A,12.091
2010,RWA,TAX_REV,S13,_T,_T,PT_B1GQ,A,12.342
2011,RWA,TAX_REV,S13,_T,_T,PT_B1GQ,A,13.004
2012,RWA,TAX_REV,S13,_T,_T,PT_B1GQ,A,13.727
2013,RWA,TAX_REV,S13,_T,_T,PT_B1GQ,A,15.032
2014,RWA,TAX_REV,S13,_T,_T,PT_B1GQ,A,15.393
2015,RWA,TAX_REV,S13,_T,_T,PT_B1GQ,A,16.215
2016,RWA,TAX_REV,S13,_T,_T,PT_B1GQ,A,16.299
2017,RWA,TAX_REV,S13,_T,_T,PT_B1GQ,A,16.221
2018,RWA,TAX_REV,S13,_T,_T,PT_B1GQ,A,16.89
2019,RWA,TAX_REV,S13,_T,_T,PT_B1GQ,A,17.321
2020,RWA,TAX_REV,S13,_T,_T,PT_B1GQ,A,17.121
2021,RWA,TAX_REV,S13,_T,_T,PT_B1GQ,A,17.019
2022,RWA,TAX_REV,S13,_T,_T,PT_B1GQ,A,16.524
1992,LCA,TAX_REV,S13,_T,_T,PT_B1GQ,A,16.172
1993,LCA,TAX_REV,S13,_T,_T,PT_B1GQ,A,16.191
1994,LCA,TAX_REV,S13,_T,_T,PT_B1GQ,A,16.025
1995,LCA,TAX_REV,S13,_T,_T,PT_B1GQ,A,15.931
1996,LCA,TAX_REV,S13,_T,_T,PT_B1GQ,A,17.175
1997,LCA,TAX_REV,S13,_T,_T,PT_B1GQ,A,17.385
1998,LCA,TAX_REV,S13,_T,_T,PT_B1GQ,A,18.4
1999,LCA,TAX_REV,S13,_T,_T,PT_B1GQ,A,19.954
2000,LCA,TAX_REV,S13,_T,_T,PT_B1GQ,A,19.295
2001,LCA,TAX_REV,S13,_T,_T,PT_B1GQ,A,18.102
2002,LCA,TAX_REV,S13,_T,_T,PT_B1GQ,A,18.316
2003,LCA,TAX_REV,S13,_T,_T,PT_B1GQ,A,18.576
2004,LCA,TAX_REV,S13,_T,_T,PT_B1GQ,A,19.019
2005,LCA,TAX_REV,S13,_T,_T,PT_B1GQ,A,19.394
2006,LCA,TAX_REV,S13,_T,_T,PT_B1GQ,A,19.305
2007,LCA,TAX_REV,S13,_T,_T,PT_B1GQ,A,20.911
2008,LCA,TAX_REV,S13,_T,_T,PT_B1GQ,A,21.409
2009,LCA,TAX_REV,S13,_T,_T,PT_B1GQ,A,20.613
2010,LCA,TAX_REV,S13,_T,_T,PT_B1GQ,A,20.599
2011,LCA,TAX_REV,S13,_T,_T,PT_B1GQ,A,20.124
2012,LCA,TAX_REV,S13,_T,_T,PT_B1GQ,A,19.762
2013,LCA,TAX_REV,S13,_T,_T,PT_B1GQ,A,20.307
2014,LCA,TAX_REV,S13,_T,_T,PT_B1GQ,A,20.586
2015,LCA,TAX_REV,S13,_T,_T,PT_B1GQ,A,21.243
2016,LCA,TAX_REV,S13,_T,_T,PT_B1GQ,A,21.243
2017,LCA,TAX_REV,S13,_T,_T,PT_B1GQ,A,20.364
2018,LCA,TAX_REV,S13,_T,_T,PT_B1GQ,A,20.705
2019,LCA,TAX_REV,S13,_T,_T,PT_B1GQ,A,20.863
2020,LCA,TAX_REV,S13,_T,_T,PT_B1GQ,A,21.476
2021,LCA,TAX_REV,S13,_T,_T,PT_B1GQ,A,19.506
2022,LCA,TAX_REV,S13,_T,_T,PT_B1GQ,A,19.956
2023,LCA,TAX_REV,S13,_T,_T,PT_B1GQ,A,20.779
2005,WSM,TAX_REV,S13,_T,_T,PT_B1GQ,A,19.153
2006,WSM,TAX_REV,S13,_T,_T,PT_B1GQ,A,21.707
2007,WSM,TAX_REV,S13,_T,_T,PT_B1GQ,A,18.977
2008,WSM,TAX_REV,S13,_T,_T,PT_B1GQ,A,18.458
2009,WSM,TAX_REV,S13,_T,_T,PT_B1GQ,A,20.434
2010,WSM,TAX_REV,S13,_T,_T,PT_B1GQ,A,19.199
2011,WSM,TAX_REV,S13,_T,_T,PT_B1GQ,A,20.166
2012,WSM,TAX_REV,S13,_T,_T,PT_B1GQ,A,22.133
2013,WSM,TAX_REV,S13,_T,_T,PT_B1GQ,A,22.795
2014,WSM,TAX_REV,S13,_T,_T,PT_B1GQ,A,22.02
2015,WSM,TAX_REV,S13,_T,_T,PT_B1GQ,A,22.925
2016,WSM,TAX_REV,S13,_T,_T,PT_B1GQ,A,23.166
2017,WSM,TAX_REV,S13,_T,_T,PT_B1GQ,A,23.418
2018,WSM,TAX_REV,S13,_T,_T,PT_B1GQ,A,23.666
2019,WSM,TAX_REV,S13,_T,_T,PT_B1GQ,A,23.812
2020,WSM,TAX_REV,S13,_T,_T,PT_B1GQ,A,26.243
2021,WSM,TAX_REV,S13,_T,_T,PT_B1GQ,A,25.824
2022,WSM,TAX_REV,S13,_T,_T,PT_B1GQ,A,25.036
2023,WSM,TAX_REV,S13,_T,_T,PT_B1GQ,A,24.687
1997,SEN,TAX_REV,S13,_T,_T,PT_B1GQ,A,12.192
1998,SEN,TAX_REV,S13,_T,_T,PT_B1GQ,A,12.143
1999,SEN,TAX_REV,S13,_T,_T,PT_B1GQ,A,12.599
2000,SEN,TAX_REV,S13,_T,_T,PT_B1GQ,A,13.096
2001,SEN,TAX_REV,S13,_T,_T,PT_B1GQ,A,12.617
2002,SEN,TAX_REV,S13,_T,_T,PT_B1GQ,A,13.5
2003,SEN,TAX_REV,S13,_T,_T,PT_B1GQ,A,13.902
2004,SEN,TAX_REV,S13,_T,_T,PT_B1GQ,A,14.52
2005,SEN,TAX_REV,S13,_T,_T,PT_B1GQ,A,15.285
2006,SEN,TAX_REV,S13,_T,_T,PT_B1GQ,A,15.746
2007,SEN,TAX_REV,S13,_T,_T,PT_B1GQ,A,16.209
2008,SEN,TAX_REV,S13,_T,_T,PT_B1GQ,A,15.154
2009,SEN,TAX_REV,S13,_T,_T,PT_B1GQ,A,14.993
2010,SEN,TAX_REV,S13,_T,_T,PT_B1GQ,A,15.894
2011,SEN,TAX_REV,S13,_T,_T,PT_B1GQ,A,16.042
2012,SEN,TAX_REV,S13,_T,_T,PT_B1GQ,A,16.133
2013,SEN,TAX_REV,S13,_T,_T,PT_B1GQ,A,15.405
2014,SEN,TAX_REV,S13,_T,_T,PT_B1GQ,A,16.234
2015,SEN,TAX_REV,S13,_T,_T,PT_B1GQ,A,16.397
2016,SEN,TAX_REV,S13,_T,_T,PT_B1GQ,A,17.019
2017,SEN,TAX_REV,S13,_T,_T,PT_B1GQ,A,16.73
2018,SEN,TAX_REV,S13,_T,_T,PT_B1GQ,A,17.288
2019,SEN,TAX_REV,S13,_T,_T,PT_B1GQ,A,18.714
2020,SEN,TAX_REV,S13,_T,_T,PT_B1GQ,A,18.523
2021,SEN,TAX_REV,S13,_T,_T,PT_B1GQ,A,18.737
2022,SEN,TAX_REV,S13,_T,_T,PT_B1GQ,A,19.785
2008,SYC,TAX_REV,S13,_T,_T,PT_B1GQ,A,27.907
2009,SYC,TAX_REV,S13,_T,_T,PT_B1GQ,A,28.761
2010,SYC,TAX_REV,S13,_T,_T,PT_B1GQ,A,30.716
2011,SYC,TAX_REV,S13,_T,_T,PT_B1GQ,A,32.849
2012,SYC,TAX_REV,S13,_T,_T,PT_B1GQ,A,31.249
2013,SYC,TAX_REV,S13,_T,_T,PT_B1GQ,A,29.28
2014,SYC,TAX_REV,S13,_T,_T,PT_B1GQ,A,29.582
2015,SYC,TAX_REV,S13,_T,_T,PT_B1GQ,A,28.705
2016,SYC,TAX_REV,S13,_T,_T,PT_B1GQ,A,29.286
2017,SYC,TAX_REV,S13,_T,_T,PT_B1GQ,A,29.414
2018,SYC,TAX_REV,S13,_T,_T,PT_B1GQ,A,30.122
2019,SYC,TAX_REV,S13,_T,_T,PT_B1GQ,A,29.046
2020,SYC,TAX_REV,S13,_T,_T,PT_B1GQ,A,27.805
2021,SYC,TAX_REV,S13,_T,_T,PT_B1GQ,A,28.425
2022,SYC,TAX_REV,S13,_T,_T,PT_B1GQ,A,27.233
2001,SLE,TAX_REV,S13,_T,_T,PT_B1GQ,A,9.176
2002,SLE,TAX_REV,S13,_T,_T,PT_B1GQ,A,8.756
2003,SLE,TAX_REV,S13,_T,_T,PT_B1GQ,A,8.537
2004,SLE,TAX_REV,S13,_T,_T,PT_B1GQ,A,8.589
2005,SLE,TAX_REV,S13,_T,_T,PT_B1GQ,A,7.848
2006,SLE,TAX_REV,S13,_T,_T,PT_B1GQ,A,8.173
2007,SLE,TAX_REV,S13,_T,_T,PT_B1GQ,A,7.587
2008,SLE,TAX_REV,S13,_T,_T,PT_B1GQ,A,8.097
2009,SLE,TAX_REV,S13,_T,_T,PT_B1GQ,A,8.197
2010,SLE,TAX_REV,S13,_T,_T,PT_B1GQ,A,9.063
2011,SLE,TAX_REV,S13,_T,_T,PT_B1GQ,A,9.118
2012,SLE,TAX_REV,S13,_T,_T,PT_B1GQ,A,9.654
2013,SLE,TAX_REV,S13,_T,_T,PT_B1GQ,A,8.336
2014,SLE,TAX_REV,S13,_T,_T,PT_B1GQ,A,8.677
2015,SLE,TAX_REV,S13,_T,_T,PT_B1GQ,A,9.893
2016,SLE,TAX_REV,S13,_T,_T,PT_B1GQ,A,10.648
2017,SLE,TAX_REV,S13,_T,_T,PT_B1GQ,A,10.753
2018,SLE,TAX_REV,S13,_T,_T,PT_B1GQ,A,12.462
2019,SLE,TAX_REV,S13,_T,_T,PT_B1GQ,A,13.27
2020,SLE,TAX_REV,S13,_T,_T,PT_B1GQ,A,12.496
2021,SLE,TAX_REV,S13,_T,_T,PT_B1GQ,A,13.29
2022,SLE,TAX_REV,S13,_T,_T,PT_B1GQ,A,11.421
2000,SGP,TAX_REV,S13,_T,_T,PT_B1GQ,A,15.179
2001,SGP,TAX_REV,S13,_T,_T,PT_B1GQ,A,15.11
2002,SGP,TAX_REV,S13,_T,_T,PT_B1GQ,A,12.855
2003,SGP,TAX_REV,S13,_T,_T,PT_B1GQ,A,12.313
2004,SGP,TAX_REV,S13,_T,_T,PT_B1GQ,A,12.001
2005,SGP,TAX_REV,S13,_T,_T,PT_B1GQ,A,11.782
2006,SGP,TAX_REV,S13,_T,_T,PT_B1GQ,A,11.818
2007,SGP,TAX_REV,S13,_T,_T,PT_B1GQ,A,13.184
2008,SGP,TAX_REV,S13,_T,_T,PT_B1GQ,A,13.966
2009,SGP,TAX_REV,S13,_T,_T,PT_B1GQ,A,12.392
2010,SGP,TAX_REV,S13,_T,_T,PT_B1GQ,A,12.469
2011,SGP,TAX_REV,S13,_T,_T,PT_B1GQ,A,12.942
2012,SGP,TAX_REV,S13,_T,_T,PT_B1GQ,A,13.491
2013,SGP,TAX_REV,S13,_T,_T,PT_B1GQ,A,13.176
2014,SGP,TAX_REV,S13,_T,_T,PT_B1GQ,A,13.357
2015,SGP,TAX_REV,S13,_T,_T,PT_B1GQ,A,13.04
2016,SGP,TAX_REV,S13,_T,_T,PT_B1GQ,A,13.021
2017,SGP,TAX_REV,S13,_T,_T,PT_B1GQ,A,13.815
2018,SGP,TAX_REV,S13,_T,_T,PT_B1GQ,A,12.892
2019,SGP,TAX_REV,S13,_T,_T,PT_B1GQ,A,13.185
2020,SGP,TAX_REV,S13,_T,_T,PT_B1GQ,A,12.488
2021,SGP,TAX_REV,S13,_T,_T,PT_B1GQ,A,12.122
2022,SGP,TAX_REV,S13,_T,_T,PT_B1GQ,A,11.8
2023,SGP,TAX_REV,S13,_T,_T,PT_B1GQ,A,13.665
2007,SLB,TAX_REV,S13,_T,_T,PT_B1GQ,A,15.398
2008,SLB,TAX_REV,S13,_T,_T,PT_B1GQ,A,16.66
2009,SLB,TAX_REV,S13,_T,_T,PT_B1GQ,A,16.63
2010,SLB,TAX_REV,S13,_T,_T,PT_B1GQ,A,19.004
2011,SLB,TAX_REV,S13,_T,_T,PT_B1GQ,A,22.295
2012,SLB,TAX_REV,S13,_T,_T,PT_B1GQ,A,23.547
2013,SLB,TAX_REV,S13,_T,_T,PT_B1GQ,A,23.313
2014,SLB,TAX_REV,S13,_T,_T,PT_B1GQ,A,23.034
2015,SLB,TAX_REV,S13,_T,_T,PT_B1GQ,A,23.11
2016,SLB,TAX_REV,S13,_T,_T,PT_B1GQ,A,21.583
2017,SLB,TAX_REV,S13,_T,_T,PT_B1GQ,A,22.701
2018,SLB,TAX_REV,S13,_T,_T,PT_B1GQ,A,23.455
2019,SLB,TAX_REV,S13,_T,_T,PT_B1GQ,A,19.822
2020,SLB,TAX_REV,S13,_T,_T,PT_B1GQ,A,18.877
2021,SLB,TAX_REV,S13,_T,_T,PT_B1GQ,A,19.308
2022,SLB,TAX_REV,S13,_T,_T,PT_B1GQ,A,18.563
2023,SLB,TAX_REV,S13,_T,_T,PT_B1GQ,A,19.24
2013,SOM,TAX_REV,S13,_T,_T,PT_B1GQ,A,1.107
2014,SOM,TAX_REV,S13,_T,_T,PT_B1GQ,A,1.148
2015,SOM,TAX_REV,S13,_T,_T,PT_B1GQ,A,1.228
2016,SOM,TAX_REV,S13,_T,_T,PT_B1GQ,A,1.198
2017,SOM,TAX_REV,S13,_T,_T,PT_B1GQ,A,1.358
2018,SOM,TAX_REV,S13,_T,_T,PT_B1GQ,A,1.655
2019,SOM,TAX_REV,S13,_T,_T,PT_B1GQ,A,2.027
2020,SOM,TAX_REV,S13,_T,_T,PT_B1GQ,A,2.363
2021,SOM,TAX_REV,S13,_T,_T,PT_B1GQ,A,2.516
2022,SOM,TAX_REV,S13,_T,_T,PT_B1GQ,A,2.583
1990,ZAF,TAX_REV,S13,_T,_T,PT_B1GQ,A,21.88
1991,ZAF,TAX_REV,S13,_T,_T,PT_B1GQ,A,20.659
1992,ZAF,TAX_REV,S13,_T,_T,PT_B1GQ,A,19.405
1993,ZAF,TAX_REV,S13,_T,_T,PT_B1GQ,A,19.387
1994,ZAF,TAX_REV,S13,_T,_T,PT_B1GQ,A,19.789
1995,ZAF,TAX_REV,S13,_T,_T,PT_B1GQ,A,19.573
1996,ZAF,TAX_REV,S13,_T,_T,PT_B1GQ,A,20.119
1997,ZAF,TAX_REV,S13,_T,_T,PT_B1GQ,A,20.363
1998,ZAF,TAX_REV,S13,_T,_T,PT_B1GQ,A,21.178
1999,ZAF,TAX_REV,S13,_T,_T,PT_B1GQ,A,21.149
2000,ZAF,TAX_REV,S13,_T,_T,PT_B1GQ,A,20.089
2001,ZAF,TAX_REV,S13,_T,_T,PT_B1GQ,A,21.24
2002,ZAF,TAX_REV,S13,_T,_T,PT_B1GQ,A,20.685
2003,ZAF,TAX_REV,S13,_T,_T,PT_B1GQ,A,20.219
2004,ZAF,TAX_REV,S13,_T,_T,PT_B1GQ,A,21.215
2005,ZAF,TAX_REV,S13,_T,_T,PT_B1GQ,A,22.799
2006,ZAF,TAX_REV,S13,_T,_T,PT_B1GQ,A,23.966
2007,ZAF,TAX_REV,S13,_T,_T,PT_B1GQ,A,25.279
2008,ZAF,TAX_REV,S13,_T,_T,PT_B1GQ,A,25.263
2009,ZAF,TAX_REV,S13,_T,_T,PT_B1GQ,A,23.202
2010,ZAF,TAX_REV,S13,_T,_T,PT_B1GQ,A,23.122
2011,ZAF,TAX_REV,S13,_T,_T,PT_B1GQ,A,23.982
2012,ZAF,TAX_REV,S13,_T,_T,PT_B1GQ,A,24.409
2013,ZAF,TAX_REV,S13,_T,_T,PT_B1GQ,A,24.764
2014,ZAF,TAX_REV,S13,_T,_T,PT_B1GQ,A,25.42
2015,ZAF,TAX_REV,S13,_T,_T,PT_B1GQ,A,26.41
2016,ZAF,TAX_REV,S13,_T,_T,PT_B1GQ,A,26.008
2017,ZAF,TAX_REV,S13,_T,_T,PT_B1GQ,A,26.03
2018,ZAF,TAX_REV,S13,_T,_T,PT_B1GQ,A,26.46
2019,ZAF,TAX_REV,S13,_T,_T,PT_B1GQ,A,26.116
2020,ZAF,TAX_REV,S13,_T,_T,PT_B1GQ,A,25.11
2021,ZAF,TAX_REV,S13,_T,_T,PT_B1GQ,A,26.297
2022,ZAF,TAX_REV,S13,_T,_T,PT_B1GQ,A,27.067
2006,LKA,TAX_REV,S13,_T,_T,PT_B1GQ,A,12.508
2007,LKA,TAX_REV,S13,_T,_T,PT_B1GQ,A,12.229
2008,LKA,TAX_REV,S13,_T,_T,PT_B1GQ,A,11.411
2009,LKA,TAX_REV,S13,_T,_T,PT_B1GQ,A,11.015
2010,LKA,TAX_REV,S13,_T,_T,PT_B1GQ,A,11.1
2011,LKA,TAX_REV,S13,_T,_T,PT_B1GQ,A,11.458
2012,LKA,TAX_REV,S13,_T,_T,PT_B1GQ,A,10.242
2013,LKA,TAX_REV,S13,_T,_T,PT_B1GQ,A,10.274
2014,LKA,TAX_REV,S13,_T,_T,PT_B1GQ,A,9.886
2015,LKA,TAX_REV,S13,_T,_T,PT_B1GQ,A,11.853
2016,LKA,TAX_REV,S13,_T,_T,PT_B1GQ,A,11.564
2017,LKA,TAX_REV,S13,_T,_T,PT_B1GQ,A,11.768
2018,LKA,TAX_REV,S13,_T,_T,PT_B1GQ,A,11.318
2019,LKA,TAX_REV,S13,_T,_T,PT_B1GQ,A,11.086
2020,LKA,TAX_REV,S13,_T,_T,PT_B1GQ,A,7.982
2021,LKA,TAX_REV,S13,_T,_T,PT_B1GQ,A,7.566
2022,LKA,TAX_REV,S13,_T,_T,PT_B1GQ,A,7.934
2023,LKA,TAX_REV,S13,_T,_T,PT_B1GQ,A,9.978
2000,THA,TAX_REV,S13,_T,_T,PT_B1GQ,A,15.262
2001,THA,TAX_REV,S13,_T,_T,PT_B1GQ,A,15.511
2002,THA,TAX_REV,S13,_T,_T,PT_B1GQ,A,16.41
2003,THA,TAX_REV,S13,_T,_T,PT_B1GQ,A,16.86
2004,THA,TAX_REV,S13,_T,_T,PT_B1GQ,A,17.587
2005,THA,TAX_REV,S13,_T,_T,PT_B1GQ,A,18.822
2006,THA,TAX_REV,S13,_T,_T,PT_B1GQ,A,17.947
2007,THA,TAX_REV,S13,_T,_T,PT_B1GQ,A,17.557
2008,THA,TAX_REV,S13,_T,_T,PT_B1GQ,A,17.14
2009,THA,TAX_REV,S13,_T,_T,PT_B1GQ,A,16.563
2010,THA,TAX_REV,S13,_T,_T,PT_B1GQ,A,17.612
2011,THA,TAX_REV,S13,_T,_T,PT_B1GQ,A,18.504
2012,THA,TAX_REV,S13,_T,_T,PT_B1GQ,A,18.468
2013,THA,TAX_REV,S13,_T,_T,PT_B1GQ,A,19.303
2014,THA,TAX_REV,S13,_T,_T,PT_B1GQ,A,18.356
2015,THA,TAX_REV,S13,_T,_T,PT_B1GQ,A,18.899
2016,THA,TAX_REV,S13,_T,_T,PT_B1GQ,A,18.095
2017,THA,TAX_REV,S13,_T,_T,PT_B1GQ,A,17.537
2018,THA,TAX_REV,S13,_T,_T,PT_B1GQ,A,17.674
2019,THA,TAX_REV,S13,_T,_T,PT_B1GQ,A,17.241
2020,THA,TAX_REV,S13,_T,_T,PT_B1GQ,A,16.459
2021,THA,TAX_REV,S13,_T,_T,PT_B1GQ,A,16.4
2022,THA,TAX_REV,S13,_T,_T,PT_B1GQ,A,16.712
2023,THA,TAX_REV,S13,_T,_T,PT_B1GQ,A,17.1
2012,TLS,TAX_REV,S13,_T,_T,PT_B1GQ,A,24.79
2013,TLS,TAX_REV,S13,_T,_T,PT_B1GQ,A,21.477
2014,TLS,TAX_REV,S13,_T,_T,PT_B1GQ,A,20.014
2015,TLS,TAX_REV,S13,_T,_T,PT_B1GQ,A,16.732
2016,TLS,TAX_REV,S13,_T,_T,PT_B1GQ,A,6.362
2017,TLS,TAX_REV,S13,_T,_T,PT_B1GQ,A,10.598
2018,TLS,TAX_REV,S13,_T,_T,PT_B1GQ,A,13.597
2019,TLS,TAX_REV,S13,_T,_T,PT_B1GQ,A,16.368
2020,TLS,TAX_REV,S13,_T,_T,PT_B1GQ,A,12.32
2021,TLS,TAX_REV,S13,_T,_T,PT_B1GQ,A,14.424
2022,TLS,TAX_REV,S13,_T,_T,PT_B1GQ,A,19.754
2023,TLS,TAX_REV,S13,_T,_T,PT_B1GQ,A,9.599
2000,TGO,TAX_REV,S13,_T,_T,PT_B1GQ,A,6.996
2001,TGO,TAX_REV,S13,_T,_T,PT_B1GQ,A,8.044
2002,TGO,TAX_REV,S13,_T,_T,PT_B1GQ,A,7.14
2003,TGO,TAX_REV,S13,_T,_T,PT_B1GQ,A,8.801
2004,TGO,TAX_REV,S13,_T,_T,PT_B1GQ,A,9.77
2005,TGO,TAX_REV,S13,_T,_T,PT_B1GQ,A,9.851
2006,TGO,TAX_REV,S13,_T,_T,PT_B1GQ,A,10.744
2007,TGO,TAX_REV,S13,_T,_T,PT_B1GQ,A,10.791
2008,TGO,TAX_REV,S13,_T,_T,PT_B1GQ,A,10.483
2009,TGO,TAX_REV,S13,_T,_T,PT_B1GQ,A,10.472
2010,TGO,TAX_REV,S13,_T,_T,PT_B1GQ,A,10.664
2011,TGO,TAX_REV,S13,_T,_T,PT_B1GQ,A,11.562
2012,TGO,TAX_REV,S13,_T,_T,PT_B1GQ,A,12.044
2013,TGO,TAX_REV,S13,_T,_T,PT_B1GQ,A,14.008
2014,TGO,TAX_REV,S13,_T,_T,PT_B1GQ,A,14.936
2015,TGO,TAX_REV,S13,_T,_T,PT_B1GQ,A,15.68
2016,TGO,TAX_REV,S13,_T,_T,PT_B1GQ,A,16.31
2017,TGO,TAX_REV,S13,_T,_T,PT_B1GQ,A,15.791
2018,TGO,TAX_REV,S13,_T,_T,PT_B1GQ,A,14.766
2019,TGO,TAX_REV,S13,_T,_T,PT_B1GQ,A,15.487
2020,TGO,TAX_REV,S13,_T,_T,PT_B1GQ,A,15.749
2021,TGO,TAX_REV,S13,_T,_T,PT_B1GQ,A,17.157
2022,TGO,TAX_REV,S13,_T,_T,PT_B1GQ,A,17.434
2006,TKL,TAX_REV,S13,_T,_T,PT_B1GQ,A,13.336
2007,TKL,TAX_REV,S13,_T,_T,PT_B1GQ,A,14.263
2008,TKL,TAX_REV,S13,_T,_T,PT_B1GQ,A,16.107
2009,TKL,TAX_REV,S13,_T,_T,PT_B1GQ,A,15.49
2010,TKL,TAX_REV,S13,_T,_T,PT_B1GQ,A,17.652
2011,TKL,TAX_REV,S13,_T,_T,PT_B1GQ,A,15.551
2012,TKL,TAX_REV,S13,_T,_T,PT_B1GQ,A,15.291
2013,TKL,TAX_REV,S13,_T,_T,PT_B1GQ,A,16.216
2014,TKL,TAX_REV,S13,_T,_T,PT_B1GQ,A,17.053
2015,TKL,TAX_REV,S13,_T,_T,PT_B1GQ,A,15.124
2016,TKL,TAX_REV,S13,_T,_T,PT_B1GQ,A,14.665
2017,TKL,TAX_REV,S13,_T,_T,PT_B1GQ,A,16.787
2018,TKL,TAX_REV,S13,_T,_T,PT_B1GQ,A,16.713
2019,TKL,TAX_REV,S13,_T,_T,PT_B1GQ,A,16.712
2020,TKL,TAX_REV,S13,_T,_T,PT_B1GQ,A,17.147
2021,TKL,TAX_REV,S13,_T,_T,PT_B1GQ,A,18.36
2022,TKL,TAX_REV,S13,_T,_T,PT_B1GQ,A,15.959
2023,TKL,TAX_REV,S13,_T,_T,PT_B1GQ,A,18.315
1990,TTO,TAX_REV,S13,_T,_T,PT_B1GQ,A,23.325
1991,TTO,TAX_REV,S13,_T,_T,PT_B1GQ,A,25.725
1992,TTO,TAX_REV,S13,_T,_T,PT_B1GQ,A,23.822
1993,TTO,TAX_REV,S13,_T,_T,PT_B1GQ,A,24.593
1994,TTO,TAX_REV,S13,_T,_T,PT_B1GQ,A,22.7
1995,TTO,TAX_REV,S13,_T,_T,PT_B1GQ,A,22.787
1996,TTO,TAX_REV,S13,_T,_T,PT_B1GQ,A,23.613
1997,TTO,TAX_REV,S13,_T,_T,PT_B1GQ,A,21.614
1998,TTO,TAX_REV,S13,_T,_T,PT_B1GQ,A,16.196
1999,TTO,TAX_REV,S13,_T,_T,PT_B1GQ,A,19.789
2000,TTO,TAX_REV,S13,_T,_T,PT_B1GQ,A,21.863
2001,TTO,TAX_REV,S13,_T,_T,PT_B1GQ,A,23.406
2002,TTO,TAX_REV,S13,_T,_T,PT_B1GQ,A,21.593
2003,TTO,TAX_REV,S13,_T,_T,PT_B1GQ,A,23.34
2004,TTO,TAX_REV,S13,_T,_T,PT_B1GQ,A,23.793
2005,TTO,TAX_REV,S13,_T,_T,PT_B1GQ,A,28.342
2006,TTO,TAX_REV,S13,_T,_T,PT_B1GQ,A,32.104
2007,TTO,TAX_REV,S13,_T,_T,PT_B1GQ,A,27.796
2008,TTO,TAX_REV,S13,_T,_T,PT_B1GQ,A,32.039
2009,TTO,TAX_REV,S13,_T,_T,PT_B1GQ,A,25.624
2010,TTO,TAX_REV,S13,_T,_T,PT_B1GQ,A,28.667
2011,TTO,TAX_REV,S13,_T,_T,PT_B1GQ,A,27.986
2012,TTO,TAX_REV,S13,_T,_T,PT_B1GQ,A,26.794
2013,TTO,TAX_REV,S13,_T,_T,PT_B1GQ,A,26.248
2014,TTO,TAX_REV,S13,_T,_T,PT_B1GQ,A,26.938
2015,TTO,TAX_REV,S13,_T,_T,PT_B1GQ,A,26.326
2016,TTO,TAX_REV,S13,_T,_T,PT_B1GQ,A,21.011
2017,TTO,TAX_REV,S13,_T,_T,PT_B1GQ,A,19.263
2018,TTO,TAX_REV,S13,_T,_T,PT_B1GQ,A,22.242
2019,TTO,TAX_REV,S13,_T,_T,PT_B1GQ,A,23.71
2020,TTO,TAX_REV,S13,_T,_T,PT_B1GQ,A,21.483
2021,TTO,TAX_REV,S13,_T,_T,PT_B1GQ,A,21.813
2022,TTO,TAX_REV,S13,_T,_T,PT_B1GQ,A,24.767
2023,TTO,TAX_REV,S13,_T,_T,PT_B1GQ,A,24.246
2000,TUN,TAX_REV,S13,_T,_T,PT_B1GQ,A,23.308
2001,TUN,TAX_REV,S13,_T,_T,PT_B1GQ,A,23.658
2002,TUN,TAX_REV,S13,_T,_T,PT_B1GQ,A,23.673
2003,TUN,TAX_REV,S13,_T,_T,PT_B1GQ,A,23.115
2004,TUN,TAX_REV,S13,_T,_T,PT_B1GQ,A,23.004
2005,TUN,TAX_REV,S13,_T,_T,PT_B1GQ,A,23.1
2006,TUN,TAX_REV,S13,_T,_T,PT_B1GQ,A,23.232
2007,TUN,TAX_REV,S13,_T,_T,PT_B1GQ,A,24.033
2008,TUN,TAX_REV,S13,_T,_T,PT_B1GQ,A,25.583
2009,TUN,TAX_REV,S13,_T,_T,PT_B1GQ,A,25.509
2010,TUN,TAX_REV,S13,_T,_T,PT_B1GQ,A,25.919
2011,TUN,TAX_REV,S13,_T,_T,PT_B1GQ,A,27.741
2012,TUN,TAX_REV,S13,_T,_T,PT_B1GQ,A,27.712
2013,TUN,TAX_REV,S13,_T,_T,PT_B1GQ,A,28.329
2014,TUN,TAX_REV,S13,_T,_T,PT_B1GQ,A,29.29
2015,TUN,TAX_REV,S13,_T,_T,PT_B1GQ,A,28.522
2016,TUN,TAX_REV,S13,_T,_T,PT_B1GQ,A,27.911
2017,TUN,TAX_REV,S13,_T,_T,PT_B1GQ,A,29.222
2018,TUN,TAX_REV,S13,_T,_T,PT_B1GQ,A,29.937
2019,TUN,TAX_REV,S13,_T,_T,PT_B1GQ,A,32.081
2020,TUN,TAX_REV,S13,_T,_T,PT_B1GQ,A,32.456
2021,TUN,TAX_REV,S13,_T,_T,PT_B1GQ,A,32.536
2022,TUN,TAX_REV,S13,_T,_T,PT_B1GQ,A,33.504
1992,UGA,TAX_REV,S13,_T,_T,PT_B1GQ,A,5.156
1993,UGA,TAX_REV,S13,_T,_T,PT_B1GQ,A,6.081
1994,UGA,TAX_REV,S13,_T,_T,PT_B1GQ,A,6.882
1995,UGA,TAX_REV,S13,_T,_T,PT_B1GQ,A,7.814
1996,UGA,TAX_REV,S13,_T,_T,PT_B1GQ,A,8.338
1997,UGA,TAX_REV,S13,_T,_T,PT_B1GQ,A,8.543
1998,UGA,TAX_REV,S13,_T,_T,PT_B1GQ,A,8.335
1999,UGA,TAX_REV,S13,_T,_T,PT_B1GQ,A,8.754
2000,UGA,TAX_REV,S13,_T,_T,PT_B1GQ,A,8.284
2001,UGA,TAX_REV,S13,_T,_T,PT_B1GQ,A,8.218
2002,UGA,TAX_REV,S13,_T,_T,PT_B1GQ,A,8.462
2003,UGA,TAX_REV,S13,_T,_T,PT_B1GQ,A,8.79
2004,UGA,TAX_REV,S13,_T,_T,PT_B1GQ,A,9.021
2005,UGA,TAX_REV,S13,_T,_T,PT_B1GQ,A,9.295
2006,UGA,TAX_REV,S13,_T,_T,PT_B1GQ,A,9.443
2007,UGA,TAX_REV,S13,_T,_T,PT_B1GQ,A,9.48
2008,UGA,TAX_REV,S13,_T,_T,PT_B1GQ,A,9.323
2009,UGA,TAX_REV,S13,_T,_T,PT_B1GQ,A,8.541
2010,UGA,TAX_REV,S13,_T,_T,PT_B1GQ,A,8.281
2011,UGA,TAX_REV,S13,_T,_T,PT_B1GQ,A,8.379
2012,UGA,TAX_REV,S13,_T,_T,PT_B1GQ,A,8.542
2013,UGA,TAX_REV,S13,_T,_T,PT_B1GQ,A,8.963
2014,UGA,TAX_REV,S13,_T,_T,PT_B1GQ,A,9.271
2015,UGA,TAX_REV,S13,_T,_T,PT_B1GQ,A,10.388
2016,UGA,TAX_REV,S13,_T,_T,PT_B1GQ,A,10.978
2013,BGR,TAX_REV,S13,T_5000,_T,PT_B1GQ,A,15.255
2014,BGR,TAX_REV,S13,T_5000,_T,PT_B1GQ,A,14.893
2015,BGR,TAX_REV,S13,T_5000,_T,PT_B1GQ,A,15.247
2016,BGR,TAX_REV,S13,T_5000,_T,PT_B1GQ,A,15.432
2017,BGR,TAX_REV,S13,T_5000,_T,PT_B1GQ,A,15.313
2018,BGR,TAX_REV,S13,T_5000,_T,PT_B1GQ,A,14.83
2019,BGR,TAX_REV,S13,T_5000,_T,PT_B1GQ,A,15.383
2020,BGR,TAX_REV,S13,T_5000,_T,PT_B1GQ,A,15.051
2021,BGR,TAX_REV,S13,T_5000,_T,PT_B1GQ,A,14.979
2022,BGR,TAX_REV,S13,T_5000,_T,PT_B1GQ,A,14.13
2023,BGR,TAX_REV,S13,T_5000,_T,PT_B1GQ,A,14.159
2000,BFA,TAX_REV,S13,T_5000,_T,PT_B1GQ,A,5.798
2001,BFA,TAX_REV,S13,T_5000,_T,PT_B1GQ,A,6.411
2002,BFA,TAX_REV,S13,T_5000,_T,PT_B1GQ,A,6.9
2003,BFA,TAX_REV,S13,T_5000,_T,PT_B1GQ,A,7.266
2004,BFA,TAX_REV,S13,T_5000,_T,PT_B1GQ,A,8.107
2005,BFA,TAX_REV,S13,T_5000,_T,PT_B1GQ,A,7.461
2006,BFA,TAX_REV,S13,T_5000,_T,PT_B1GQ,A,7.668
2007,BFA,TAX_REV,S13,T_5000,_T,PT_B1GQ,A,7.973
2008,BFA,TAX_REV,S13,T_5000,_T,PT_B1GQ,A,7.646
2009,BFA,TAX_REV,S13,T_5000,_T,PT_B1GQ,A,8.295
2010,BFA,TAX_REV,S13,T_5000,_T,PT_B1GQ,A,9.406
2011,BFA,TAX_REV,S13,T_5000,_T,PT_B1GQ,A,8.134
2012,BFA,TAX_REV,S13,T_5000,_T,PT_B1GQ,A,9.182
2013,BFA,TAX_REV,S13,T_5000,_T,PT_B1GQ,A,9.791
2014,BFA,TAX_REV,S13,T_5000,_T,PT_B1GQ,A,8.538
2015,BFA,TAX_REV,S13,T_5000,_T,PT_B1GQ,A,9.142
2016,BFA,TAX_REV,S13,T_5000,_T,PT_B1GQ,A,9.349
2017,BFA,TAX_REV,S13,T_5000,_T,PT_B1GQ,A,10.067
2018,BFA,TAX_REV,S13,T_5000,_T,PT_B1GQ,A,10.312
2019,BFA,TAX_REV,S13,T_5000,_T,PT_B1GQ,A,10.217
2020,BFA,TAX_REV,S13,T_5000,_T,PT_B1GQ,A,9.536
2021,BFA,TAX_REV,S13,T_5000,_T,PT_B1GQ,A,7.958
2022,BFA,TAX_REV,S13,T_5000,_T,PT_B1GQ,A,10.197
1990,CPV,TAX_REV,S13,T_5000,_T,PT_B1GQ,A,5.917
1991,CPV,TAX_REV,S13,T_5000,_T,PT_B1GQ,A,7.739
1992,CPV,TAX_REV,S13,T_5000,_T,PT_B1GQ,A,9.162
1993,CPV,TAX_REV,S13,T_5000,_T,PT_B1GQ,A,9.019
1994,CPV,TAX_REV,S13,T_5000,_T,PT_B1GQ,A,8.935
1995,CPV,TAX_REV,S13,T_5000,_T,PT_B1GQ,A,9.349
1996,CPV,TAX_REV,S13,T_5000,_T,PT_B1GQ,A,9.075
1997,CPV,TAX_REV,S13,T_5000,_T,PT_B1GQ,A,8.671
1998,CPV,TAX_REV,S13,T_5000,_T,PT_B1GQ,A,9.144
1999,CPV,TAX_REV,S13,T_5000,_T,PT_B1GQ,A,9.166
2000,CPV,TAX_REV,S13,T_5000,_T,PT_B1GQ,A,8.376
2001,CPV,TAX_REV,S13,T_5000,_T,PT_B1GQ,A,9.823
2002,CPV,TAX_REV,S13,T_5000,_T,PT_B1GQ,A,11.036
2003,CPV,TAX_REV,S13,T_5000,_T,PT_B1GQ,A,11.309
2004,CPV,TAX_REV,S13,T_5000,_T,PT_B1GQ,A,12.401
2005,CPV,TAX_REV,S13,T_5000,_T,PT_B1GQ,A,12.64
2006,CPV,TAX_REV,S13,T_5000,_T,PT_B1GQ,A,14.93
2007,CPV,TAX_REV,S13,T_5000,_T,PT_B1GQ,A,16.28
2008,CPV,TAX_REV,S13,T_5000,_T,PT_B1GQ,A,16.714
2009,CPV,TAX_REV,S13,T_5000,_T,PT_B1GQ,A,11.994
2010,CPV,TAX_REV,S13,T_5000,_T,PT_B1GQ,A,11.132
2011,CPV,TAX_REV,S13,T_5000,_T,PT_B1GQ,A,11.95
2012,CPV,TAX_REV,S13,T_5000,_T,PT_B1GQ,A,10.468
2013,CPV,TAX_REV,S13,T_5000,_T,PT_B1GQ,A,10.676
2014,CPV,TAX_REV,S13,T_5000,_T,PT_B1GQ,A,10.391
2015,CPV,TAX_REV,S13,T_5000,_T,PT_B1GQ,A,11.138
2016,CPV,TAX_REV,S13,T_5000,_T,PT_B1GQ,A,11.105
2017,CPV,TAX_REV,S13,T_5000,_T,PT_B1GQ,A,11.805
2018,CPV,TAX_REV,S13,T_5000,_T,PT_B1GQ,A,12.661
2019,CPV,TAX_REV,S13,T_5000,_T,PT_B1GQ,A,12.034
2020,CPV,TAX_REV,S13,T_5000,_T,PT_B1GQ,A,12.163
2021,CPV,TAX_REV,S13,T_5000,_T,PT_B1GQ,A,12.461
2022,CPV,TAX_REV,S13,T_5000,_T,PT_B1GQ,A,13.555
2005,KHM,TAX_REV,S13,T_5000,_T,PT_B1GQ,A,6.241
2006,KHM,TAX_REV,S13,T_5000,_T,PT_B1GQ,A,6.134
2007,KHM,TAX_REV,S13,T_5000,_T,PT_B1GQ,A,7.084
2008,KHM,TAX_REV,S13,T_5000,_T,PT_B1GQ,A,7.625
2009,KHM,TAX_REV,S13,T_5000,_T,PT_B1GQ,A,5.409
2010,KHM,TAX_REV,S13,T_5000,_T,PT_B1GQ,A,5.445
2011,KHM,TAX_REV,S13,T_5000,_T,PT_B1GQ,A,5.6
2012,KHM,TAX_REV,S13,T_5000,_T,PT_B1GQ,A,7.645
2013,KHM,TAX_REV,S13,T_5000,_T,PT_B1GQ,A,7.608
2014,KHM,TAX_REV,S13,T_5000,_T,PT_B1GQ,A,9.11
2015,KHM,TAX_REV,S13,T_5000,_T,PT_B1GQ,A,8.696
2016,KHM,TAX_REV,S13,T_5000,_T,PT_B1GQ,A,8.792
2017,KHM,TAX_REV,S13,T_5000,_T,PT_B1GQ,A,9.102
2018,KHM,TAX_REV,S13,T_5000,_T,PT_B1GQ,A,9.971
2019,KHM,TAX_REV,S13,T_5000,_T,PT_B1GQ,A,11.568
2020,KHM,TAX_REV,S13,T_5000,_T,PT_B1GQ,A,9.662
2021,KHM,TAX_REV,S13,T_5000,_T,PT_B1GQ,A,8.441
2022,KHM,TAX_REV,S13,T_5000,_T,PT_B1GQ,A,9.436
2023,KHM,TAX_REV,S13,T_5000,_T,PT_B1GQ,A,7.903
1993,CMR,TAX_REV,S13,T_5000,_T,PT_B1GQ,A,4.061
1994,CMR,TAX_REV,S13,T_5000,_T,PT_B1GQ,A,4.552
1995,CMR,TAX_REV,S13,T_5000,_T,PT_B1GQ,A,6.086
1996,CMR,TAX_REV,S13,T_5000,_T,PT_B1GQ,A,6.253
1997,CMR,TAX_REV,S13,T_5000,_T,PT_B1GQ,A,6.386
1998,CMR,TAX_REV,S13,T_5000,_T,PT_B1GQ,A,6.43
1999,CMR,TAX_REV,S13,T_5000,_T,PT_B1GQ,A,6.454
2000,CMR,TAX_REV,S13,T_5000,_T,PT_B1GQ,A,6.713
2001,CMR,TAX_REV,S13,T_5000,_T,PT_B1GQ,A,7.161
2002,CMR,TAX_REV,S13,T_5000,_T,PT_B1GQ,A,6.243
2003,CMR,TAX_REV,S13,T_5000,_T,PT_B1GQ,A,6.549
2004,CMR,TAX_REV,S13,T_5000,_T,PT_B1GQ,A,6.396
2005,CMR,TAX_REV,S13,T_5000,_T,PT_B1GQ,A,6.673
2006,CMR,TAX_REV,S13,T_5000,_T,PT_B1GQ,A,6.943
2007,CMR,TAX_REV,S13,T_5000,_T,PT_B1GQ,A,7.041
2008,CMR,TAX_REV,S13,T_5000,_T,PT_B1GQ,A,7.12
2009,CMR,TAX_REV,S13,T_5000,_T,PT_B1GQ,A,6.97
2010,CMR,TAX_REV,S13,T_5000,_T,PT_B1GQ,A,6.939
2011,CMR,TAX_REV,S13,T_5000,_T,PT_B1GQ,A,7.474
2012,CMR,TAX_REV,S13,T_5000,_T,PT_B1GQ,A,7.319
2013,CMR,TAX_REV,S13,T_5000,_T,PT_B1GQ,A,7.781
2014,CMR,TAX_REV,S13,T_5000,_T,PT_B1GQ,A,8.062
2015,CMR,TAX_REV,S13,T_5000,_T,PT_B1GQ,A,8.048
2016,CMR,TAX_REV,S13,T_5000,_T,PT_B1GQ,A,8.198
2017,CMR,TAX_REV,S13,T_5000,_T,PT_B1GQ,A,8.801
2018,CMR,TAX_REV,S13,T_5000,_T,PT_B1GQ,A,8.819
2019,CMR,TAX_REV,S13,T_5000,_T,PT_B1GQ,A,8.445
2020,CMR,TAX_REV,S13,T_5000,_T,PT_B1GQ,A,7.51
2021,CMR,TAX_REV,S13,T_5000,_T,PT_B1GQ,A,8.009
2022,CMR,TAX_REV,S13,T_5000,_T,PT_B1GQ,A,8.193
2010,TCD,TAX_REV,S13,T_5000,_T,PT_B1GQ,A,2.266
2011,TCD,TAX_REV,S13,T_5000,_T,PT_B1GQ,A,2.363
2012,TCD,TAX_REV,S13,T_5000,_T,PT_B1GQ,A,1.708
2013,TCD,TAX_REV,S13,T_5000,_T,PT_B1GQ,A,2.707
2014,TCD,TAX_REV,S13,T_5000,_T,PT_B1GQ,A,2.476
2015,TCD,TAX_REV,S13,T_5000,_T,PT_B1GQ,A,1.734
2016,TCD,TAX_REV,S13,T_5000,_T,PT_B1GQ,A,1.815
2017,TCD,TAX_REV,S13,T_5000,_T,PT_B1GQ,A,2.327
2018,TCD,TAX_REV,S13,T_5000,_T,PT_B1GQ,A,2.637
2019,TCD,TAX_REV,S13,T_5000,_T,PT_B1GQ,A,2.892
2020,TCD,TAX_REV,S13,T_5000,_T,PT_B1GQ,A,3.542
2021,TCD,TAX_REV,S13,T_5000,_T,PT_B1GQ,A,3.345
2022,TCD,TAX_REV,S13,T_5000,_T,PT_B1GQ,A,2.921
2007,CHN,TAX_REV,S13,T_5000,_T,PT_B1GQ,A,10.513
2008,CHN,TAX_REV,S13,T_5000,_T,PT_B1GQ,A,10.69
2009,CHN,TAX_REV,S13,T_5000,_T,PT_B1GQ,A,10.988
2010,CHN,TAX_REV,S13,T_5000,_T,PT_B1GQ,A,11.651
2011,CHN,TAX_REV,S13,T_5000,_T,PT_B1GQ,A,11.845
2012,CHN,TAX_REV,S13,T_5000,_T,PT_B1GQ,A,11.989
2013,CHN,TAX_REV,S13,T_5000,_T,PT_B1GQ,A,11.577
2014,CHN,TAX_REV,S13,T_5000,_T,PT_B1GQ,A,11.262
2015,CHN,TAX_REV,S13,T_5000,_T,PT_B1GQ,A,10.506
2016,CHN,TAX_REV,S13,T_5000,_T,PT_B1GQ,A,10.012
2017,CHN,TAX_REV,S13,T_5000,_T,PT_B1GQ,A,9.829
2018,CHN,TAX_REV,S13,T_5000,_T,PT_B1GQ,A,9.44
2019,CHN,TAX_REV,S13,T_5000,_T,PT_B1GQ,A,8.938
2020,CHN,TAX_REV,S13,T_5000,_T,PT_B1GQ,A,8.19
2021,CHN,TAX_REV,S13,T_5000,_T,PT_B1GQ,A,7.911
2022,CHN,TAX_REV,S13,T_5000,_T,PT_B1GQ,A,6.937
2023,CHN,TAX_REV,S13,T_5000,_T,PT_B1GQ,A,8.038
1998,COG,TAX_REV,S13,T_5000,_T,PT_B1GQ,A,2.911
1999,COG,TAX_REV,S13,T_5000,_T,PT_B1GQ,A,2.794
2000,COG,TAX_REV,S13,T_5000,_T,PT_B1GQ,A,1.739
2001,COG,TAX_REV,S13,T_5000,_T,PT_B1GQ,A,3.072
2002,COG,TAX_REV,S13,T_5000,_T,PT_B1GQ,A,4.394
2003,COG,TAX_REV,S13,T_5000,_T,PT_B1GQ,A,5.635
2004,COG,TAX_REV,S13,T_5000,_T,PT_B1GQ,A,5.205
2005,COG,TAX_REV,S13,T_5000,_T,PT_B1GQ,A,3.962
2006,COG,TAX_REV,S13,T_5000,_T,PT_B1GQ,A,3.744
2007,COG,TAX_REV,S13,T_5000,_T,PT_B1GQ,A,3.759
2008,COG,TAX_REV,S13,T_5000,_T,PT_B1GQ,A,3.726
2009,COG,TAX_REV,S13,T_5000,_T,PT_B1GQ,A,5.033
2010,COG,TAX_REV,S13,T_5000,_T,PT_B1GQ,A,4.323
2011,COG,TAX_REV,S13,T_5000,_T,PT_B1GQ,A,4.557
2012,COG,TAX_REV,S13,T_5000,_T,PT_B1GQ,A,4.16
2013,COG,TAX_REV,S13,T_5000,_T,PT_B1GQ,A,5.411
2014,COG,TAX_REV,S13,T_5000,_T,PT_B1GQ,A,6.035
2015,COG,TAX_REV,S13,T_5000,_T,PT_B1GQ,A,7.332
2016,COG,TAX_REV,S13,T_5000,_T,PT_B1GQ,A,7.099
2017,COG,TAX_REV,S13,T_5000,_T,PT_B1GQ,A,5.674
2018,COG,TAX_REV,S13,T_5000,_T,PT_B1GQ,A,4.827
2019,COG,TAX_REV,S13,T_5000,_T,PT_B1GQ,A,4.787
2020,COG,TAX_REV,S13,T_5000,_T,PT_B1GQ,A,5.716
2021,COG,TAX_REV,S13,T_5000,_T,PT_B1GQ,A,4.843
2022,COG,TAX_REV,S13,T_5000,_T,PT_B1GQ,A,5.789
2006,COK,TAX_REV,S13,T_5000,_T,PT_B1GQ,A,14.912
2007,COK,TAX_REV,S13,T_5000,_T,PT_B1GQ,A,15.145
2008,COK,TAX_REV,S13,T_5000,_T,PT_B1GQ,A,14.286
2009,COK,TAX_REV,S13,T_5000,_T,PT_B1GQ,A,15.813
2010,COK,TAX_REV,S13,T_5000,_T,PT_B1GQ,A,15.588
2011,COK,TAX_REV,S13,T_5000,_T,PT_B1GQ,A,14.462
2012,COK,TAX_REV,S13,T_5000,_T,PT_B1GQ,A,16.222
2013,COK,TAX_REV,S13,T_5000,_T,PT_B1GQ,A,16.982
2014,COK,TAX_REV,S13,T_5000,_T,PT_B1GQ,A,16.338
2015,COK,TAX_REV,S13,T_5000,_T,PT_B1GQ,A,17.515
2016,COK,TAX_REV,S13,T_5000,_T,PT_B1GQ,A,18.335
2017,COK,TAX_REV,S13,T_5000,_T,PT_B1GQ,A,17.162
2018,COK,TAX_REV,S13,T_5000,_T,PT_B1GQ,A,17.419
2019,COK,TAX_REV,S13,T_5000,_T,PT_B1GQ,A,17.319
2020,COK,TAX_REV,S13,T_5000,_T,PT_B1GQ,A,15.492
2021,COK,TAX_REV,S13,T_5000,_T,PT_B1GQ,A,18.567
2022,COK,TAX_REV,S13,T_5000,_T,PT_B1GQ,A,16.722
2023,COK,TAX_REV,S13,T_5000,_T,PT_B1GQ,A,17.821
1990,CIV,TAX_REV,S13,T_5000,_T,PT_B1GQ,A,11.0
1991,CIV,TAX_REV,S13,T_5000,_T,PT_B1GQ,A,9.397
1992,CIV,TAX_REV,S13,T_5000,_T,PT_B1GQ,A,8.552
1993,CIV,TAX_REV,S13,T_5000,_T,PT_B1GQ,A,7.029
1994,CIV,TAX_REV,S13,T_5000,_T,PT_B1GQ,A,7.991
1995,CIV,TAX_REV,S13,T_5000,_T,PT_B1GQ,A,8.35
1996,CIV,TAX_REV,S13,T_5000,_T,PT_B1GQ,A,8.333
1997,CIV,TAX_REV,S13,T_5000,_T,PT_B1GQ,A,7.688
1998,CIV,TAX_REV,S13,T_5000,_T,PT_B1GQ,A,7.091
1999,CIV,TAX_REV,S13,T_5000,_T,PT_B1GQ,A,7.197
2000,CIV,TAX_REV,S13,T_5000,_T,PT_B1GQ,A,6.632
2001,CIV,TAX_REV,S13,T_5000,_T,PT_B1GQ,A,7.09
2002,CIV,TAX_REV,S13,T_5000,_T,PT_B1GQ,A,7.434
2003,CIV,TAX_REV,S13,T_5000,_T,PT_B1GQ,A,7.025
2004,CIV,TAX_REV,S13,T_5000,_T,PT_B1GQ,A,7.875
2005,CIV,TAX_REV,S13,T_5000,_T,PT_B1GQ,A,7.223
2006,CIV,TAX_REV,S13,T_5000,_T,PT_B1GQ,A,7.332
2007,CIV,TAX_REV,S13,T_5000,_T,PT_B1GQ,A,7.929
2008,CIV,TAX_REV,S13,T_5000,_T,PT_B1GQ,A,7.478
2009,CIV,TAX_REV,S13,T_5000,_T,PT_B1GQ,A,7.844
2010,CIV,TAX_REV,S13,T_5000,_T,PT_B1GQ,A,7.89
2011,CIV,TAX_REV,S13,T_5000,_T,PT_B1GQ,A,6.908
2012,CIV,TAX_REV,S13,T_5000,_T,PT_B1GQ,A,7.437
2013,CIV,TAX_REV,S13,T_5000,_T,PT_B1GQ,A,7.345
2014,CIV,TAX_REV,S13,T_5000,_T,PT_B1GQ,A,7.391
2015,CIV,TAX_REV,S13,T_5000,_T,PT_B1GQ,A,7.898
2016,CIV,TAX_REV,S13,T_5000,_T,PT_B1GQ,A,8.087
2017,CIV,TAX_REV,S13,T_5000,_T,PT_B1GQ,A,8.101
2018,CIV,TAX_REV,S13,T_5000,_T,PT_B1GQ,A,7.69
2019,CIV,TAX_REV,S13,T_5000,_T,PT_B1GQ,A,7.801
2020,CIV,TAX_REV,S13,T_5000,_T,PT_B1GQ,A,7.953
2021,CIV,TAX_REV,S13,T_5000,_T,PT_B1GQ,A,8.394
2022,CIV,TAX_REV,S13,T_5000,_T,PT_B1GQ,A,7.503
1995,HRV,TAX_REV,S13,T_5000,_T,PT_B1GQ,A,19.812
1996,HRV,TAX_REV,S13,T_5000,_T,PT_B1GQ,A,19.123
1997,HRV,TAX_REV,S13,T_5000,_T,PT_B1GQ,A,18.446
1998,HRV,TAX_REV,S13,T_5000,_T,PT_B1GQ,A,19.852
1999,HRV,TAX_REV,S13,T_5000,_T,PT_B1GQ,A,19.377
2000,HRV,TAX_REV,S13,T_5000,_T,PT_B1GQ,A,19.76
2001,HRV,TAX_REV,S13,T_5000,_T,PT_B1GQ,A,19.29
2002,HRV,TAX_REV,S13,T_5000,_T,PT_B1GQ,A,19.522
2003,HRV,TAX_REV,S13,T_5000,_T,PT_B1GQ,A,19.179
2004,HRV,TAX_REV,S13,T_5000,_T,PT_B1GQ,A,18.518
2005,HRV,TAX_REV,S13,T_5000,_T,PT_B1GQ,A,18.29
2006,HRV,TAX_REV,S13,T_5000,_T,PT_B1GQ,A,18.395
2007,HRV,TAX_REV,S13,T_5000,_T,PT_B1GQ,A,18.029
2008,HRV,TAX_REV,S13,T_5000,_T,PT_B1GQ,A,17.96
2009,HRV,TAX_REV,S13,T_5000,_T,PT_B1GQ,A,17.113
2010,HRV,TAX_REV,S13,T_5000,_T,PT_B1GQ,A,17.594
2011,HRV,TAX_REV,S13,T_5000,_T,PT_B1GQ,A,17.296
2012,HRV,TAX_REV,S13,T_5000,_T,PT_B1GQ,A,18.254
2013,HRV,TAX_REV,S13,T_5000,_T,PT_B1GQ,A,18.691
2014,HRV,TAX_REV,S13,T_5000,_T,PT_B1GQ,A,18.865
2015,HRV,TAX_REV,S13,T_5000,_T,PT_B1GQ,A,19.633
2016,HRV,TAX_REV,S13,T_5000,_T,PT_B1GQ,A,19.759
2017,HRV,TAX_REV,S13,T_5000,_T,PT_B1GQ,A,19.894
2018,HRV,TAX_REV,S13,T_5000,_T,PT_B1GQ,A,20.156
2019,HRV,TAX_REV,S13,T_5000,_T,PT_B1GQ,A,20.281
2020,HRV,TAX_REV,S13,T_5000,_T,PT_B1GQ,A,19.262
2021,HRV,TAX_REV,S13,T_5000,_T,PT_B1GQ,A,19.538
2022,HRV,TAX_REV,S13,T_5000,_T,PT_B1GQ,A,19.012
1990,CUB,TAX_REV,S13,T_5000,_T,PT_B1GQ,A,27.707
1991,CUB,TAX_REV,S13,T_5000,_T,PT_B1GQ,A,27.055
1992,CUB,TAX_REV,S13,T_5000,_T,PT_B1GQ,A,29.092
1993,CUB,TAX_REV,S13,T_5000,_T,PT_B1GQ,A,23.923
1994,CUB,TAX_REV,S13,T_5000,_T,PT_B1GQ,A,29.143
1995,CUB,TAX_REV,S13,T_5000,_T,PT_B1GQ,A,28.362
1996,CUB,TAX_REV,S13,T_5000,_T,PT_B1GQ,A,22.036
1997,CUB,TAX_REV,S13,T_5000,_T,PT_B1GQ,A,21.012
1998,CUB,TAX_REV,S13,T_5000,_T,PT_B1GQ,A,21.539
1999,CUB,TAX_REV,S13,T_5000,_T,PT_B1GQ,A,22.339
2000,CUB,TAX_REV,S13,T_5000,_T,PT_B1GQ,A,22.026
2001,CUB,TAX_REV,S13,T_5000,_T,PT_B1GQ,A,20.157
2002,CUB,TAX_REV,S13,T_5000,_T,PT_B1GQ,A,21.61
2003,CUB,TAX_REV,S13,T_5000,_T,PT_B1GQ,A,22.552
2004,CUB,TAX_REV,S13,T_5000,_T,PT_B1GQ,A,21.192
2005,CUB,TAX_REV,S13,T_5000,_T,PT_B1GQ,A,23.083
2006,CUB,TAX_REV,S13,T_5000,_T,PT_B1GQ,A,29.088
2007,CUB,TAX_REV,S13,T_5000,_T,PT_B1GQ,A,27.089
2008,CUB,TAX_REV,S13,T_5000,_T,PT_B1GQ,A,23.198
2009,CUB,TAX_REV,S13,T_5000,_T,PT_B1GQ,A,23.085
2010,CUB,TAX_REV,S13,T_5000,_T,PT_B1GQ,A,19.095
2011,CUB,TAX_REV,S13,T_5000,_T,PT_B1GQ,A,19.852
2012,CUB,TAX_REV,S13,T_5000,_T,PT_B1GQ,A,22.192
2013,CUB,TAX_REV,S13,T_5000,_T,PT_B1GQ,A,20.205
2014,CUB,TAX_REV,S13,T_5000,_T,PT_B1GQ,A,19.728
2015,CUB,TAX_REV,S13,T_5000,_T,PT_B1GQ,A,20.362
2016,CUB,TAX_REV,S13,T_5000,_T,PT_B1GQ,A,22.227
2017,CUB,TAX_REV,S13,T_5000,_T,PT_B1GQ,A,22.772
2018,CUB,TAX_REV,S13,T_5000,_T,PT_B1GQ,A,21.958
2019,CUB,TAX_REV,S13,T_5000,_T,PT_B1GQ,A,20.299
2020,CUB,TAX_REV,S13,T_5000,_T,PT_B1GQ,A,17.394
2021,CUB,TAX_REV,S13,T_5000,_T,PT_B1GQ,A,1.941
2022,CUB,TAX_REV,S13,T_5000,_T,PT_B1GQ,A,1.999
2023,CUB,TAX_REV,S13,T_5000,_T,PT_B1GQ,A,2.505
2000,COD,TAX_REV,S13,T_5000,_T,PT_B1GQ,A,0.374
2001,COD,TAX_REV,S13,T_5000,_T,PT_B1GQ,A,1.538
2002,COD,TAX_REV,S13,T_5000,_T,PT_B1GQ,A,2.028
2003,COD,TAX_REV,S13,T_5000,_T,PT_B1GQ,A,2.649
2004,COD,TAX_REV,S13,T_5000,_T,PT_B1GQ,A,3.339
2005,COD,TAX_REV,S13,T_5000,_T,PT_B1GQ,A,3.331
2006,COD,TAX_REV,S13,T_5000,_T,PT_B1GQ,A,3.635
2007,COD,TAX_REV,S13,T_5000,_T,PT_B1GQ,A,4.044
2008,COD,TAX_REV,S13,T_5000,_T,PT_B1GQ,A,4.809
2009,COD,TAX_REV,S13,T_5000,_T,PT_B1GQ,A,5.312
2010,COD,TAX_REV,S13,T_5000,_T,PT_B1GQ,A,5.442
2011,COD,TAX_REV,S13,T_5000,_T,PT_B1GQ,A,5.77
2012,COD,TAX_REV,S13,T_5000,_T,PT_B1GQ,A,6.979
2013,COD,TAX_REV,S13,T_5000,_T,PT_B1GQ,A,5.87
2014,COD,TAX_REV,S13,T_5000,_T,PT_B1GQ,A,4.988
2015,COD,TAX_REV,S13,T_5000,_T,PT_B1GQ,A,5.082
2016,COD,TAX_REV,S13,T_5000,_T,PT_B1GQ,A,4.991
2017,COD,TAX_REV,S13,T_5000,_T,PT_B1GQ,A,3.467
2018,COD,TAX_REV,S13,T_5000,_T,PT_B1GQ,A,3.349
2019,COD,TAX_REV,S13,T_5000,_T,PT_B1GQ,A,3.207
2020,COD,TAX_REV,S13,T_5000,_T,PT_B1GQ,A,3.652
2021,COD,TAX_REV,S13,T_5000,_T,PT_B1GQ,A,4.187
2022,COD,TAX_REV,S13,T_5000,_T,PT_B1GQ,A,4.746
1990,DOM,TAX_REV,S13,T_5000,_T,PT_B1GQ,A,5.797
1991,DOM,TAX_REV,S13,T_5000,_T,PT_B1GQ,A,5.462
1992,DOM,TAX_REV,S13,T_5000,_T,PT_B1GQ,A,8.525
1993,DOM,TAX_REV,S13,T_5000,_T,PT_B1GQ,A,8.738
1994,DOM,TAX_REV,S13,T_5000,_T,PT_B1GQ,A,7.673
1995,DOM,TAX_REV,S13,T_5000,_T,PT_B1GQ,A,7.898
1996,DOM,TAX_REV,S13,T_5000,_T,PT_B1GQ,A,7.751
1997,DOM,TAX_REV,S13,T_5000,_T,PT_B1GQ,A,8.67
1998,DOM,TAX_REV,S13,T_5000,_T,PT_B1GQ,A,8.787
1999,DOM,TAX_REV,S13,T_5000,_T,PT_B1GQ,A,8.731
2000,DOM,TAX_REV,S13,T_5000,_T,PT_B1GQ,A,9.07
2001,DOM,TAX_REV,S13,T_5000,_T,PT_B1GQ,A,9.379
2002,DOM,TAX_REV,S13,T_5000,_T,PT_B1GQ,A,9.424
2003,DOM,TAX_REV,S13,T_5000,_T,PT_B1GQ,A,8.144
2004,DOM,TAX_REV,S13,T_5000,_T,PT_B1GQ,A,9.444
2005,DOM,TAX_REV,S13,T_5000,_T,PT_B1GQ,A,10.223
2006,DOM,TAX_REV,S13,T_5000,_T,PT_B1GQ,A,10.063
2007,DOM,TAX_REV,S13,T_5000,_T,PT_B1GQ,A,10.288
2008,DOM,TAX_REV,S13,T_5000,_T,PT_B1GQ,A,9.917
2009,DOM,TAX_REV,S13,T_5000,_T,PT_B1GQ,A,8.818
2010,DOM,TAX_REV,S13,T_5000,_T,PT_B1GQ,A,8.797
2011,DOM,TAX_REV,S13,T_5000,_T,PT_B1GQ,A,8.585
2012,DOM,TAX_REV,S13,T_5000,_T,PT_B1GQ,A,8.293
2013,DOM,TAX_REV,S13,T_5000,_T,PT_B1GQ,A,8.449
2014,DOM,TAX_REV,S13,T_5000,_T,PT_B1GQ,A,8.464
2015,DOM,TAX_REV,S13,T_5000,_T,PT_B1GQ,A,8.522
2016,DOM,TAX_REV,S13,T_5000,_T,PT_B1GQ,A,8.443
2017,DOM,TAX_REV,S13,T_5000,_T,PT_B1GQ,A,8.388
2018,DOM,TAX_REV,S13,T_5000,_T,PT_B1GQ,A,8.443
2019,DOM,TAX_REV,S13,T_5000,_T,PT_B1GQ,A,8.469
2020,DOM,TAX_REV,S13,T_5000,_T,PT_B1GQ,A,7.61
2021,DOM,TAX_REV,S13,T_5000,_T,PT_B1GQ,A,8.624
2022,DOM,TAX_REV,S13,T_5000,_T,PT_B1GQ,A,8.664
2023,DOM,TAX_REV,S13,T_5000,_T,PT_B1GQ,A,8.453
1990,ECU,TAX_REV,S13,T_5000,_T,PT_B1GQ,A,4.456
1991,ECU,TAX_REV,S13,T_5000,_T,PT_B1GQ,A,4.212
1992,ECU,TAX_REV,S13,T_5000,_T,PT_B1GQ,A,3.945
1993,ECU,TAX_REV,S13,T_5000,_T,PT_B1GQ,A,4.42
1994,ECU,TAX_REV,S13,T_5000,_T,PT_B1GQ,A,4.647
1995,ECU,TAX_REV,S13,T_5000,_T,PT_B1GQ,A,4.567
1996,ECU,TAX_REV,S13,T_5000,_T,PT_B1GQ,A,4.181
1997,ECU,TAX_REV,S13,T_5000,_T,PT_B1GQ,A,5.125
1998,ECU,TAX_REV,S13,T_5000,_T,PT_B1GQ,A,5.911
1999,ECU,TAX_REV,S13,T_5000,_T,PT_B1GQ,A,7.9
2000,ECU,TAX_REV,S13,T_5000,_T,PT_B1GQ,A,8.784
2001,ECU,TAX_REV,S13,T_5000,_T,PT_B1GQ,A,8.63
2002,ECU,TAX_REV,S13,T_5000,_T,PT_B1GQ,A,8.602
2003,ECU,TAX_REV,S13,T_5000,_T,PT_B1GQ,A,7.767
2004,ECU,TAX_REV,S13,T_5000,_T,PT_B1GQ,A,7.632
2005,ECU,TAX_REV,S13,T_5000,_T,PT_B1GQ,A,7.817
2006,ECU,TAX_REV,S13,T_5000,_T,PT_B1GQ,A,7.82
2007,ECU,TAX_REV,S13,T_5000,_T,PT_B1GQ,A,8.0
2008,ECU,TAX_REV,S13,T_5000,_T,PT_B1GQ,A,7.512
2009,ECU,TAX_REV,S13,T_5000,_T,PT_B1GQ,A,8.117
2010,ECU,TAX_REV,S13,T_5000,_T,PT_B1GQ,A,8.721
2011,ECU,TAX_REV,S13,T_5000,_T,PT_B1GQ,A,8.541
2012,ECU,TAX_REV,S13,T_5000,_T,PT_B1GQ,A,10.227
2013,ECU,TAX_REV,S13,T_5000,_T,PT_B1GQ,A,10.391
2014,ECU,TAX_REV,S13,T_5000,_T,PT_B1GQ,A,10.236
2015,ECU,TAX_REV,S13,T_5000,_T,PT_B1GQ,A,11.285
2016,ECU,TAX_REV,S13,T_5000,_T,PT_B1GQ,A,10.103
2017,ECU,TAX_REV,S13,T_5000,_T,PT_B1GQ,A,10.391
2018,ECU,TAX_REV,S13,T_5000,_T,PT_B1GQ,A,10.327
2019,ECU,TAX_REV,S13,T_5000,_T,PT_B1GQ,A,9.949
2020,ECU,TAX_REV,S13,T_5000,_T,PT_B1GQ,A,8.669
2021,ECU,TAX_REV,S13,T_5000,_T,PT_B1GQ,A,9.905
2022,ECU,TAX_REV,S13,T_5000,_T,PT_B1GQ,A,10.425
2023,ECU,TAX_REV,S13,T_5000,_T,PT_B1GQ,A,10.075
2002,EGY,TAX_REV,S13,T_5000,_T,PT_B1GQ,A,6.832
2003,EGY,TAX_REV,S13,T_5000,_T,PT_B1GQ,A,6.766
2004,EGY,TAX_REV,S13,T_5000,_T,PT_B1GQ,A,6.625
2005,EGY,TAX_REV,S13,T_5000,_T,PT_B1GQ,A,6.451
2006,EGY,TAX_REV,S13,T_5000,_T,PT_B1GQ,A,6.417
2007,EGY,TAX_REV,S13,T_5000,_T,PT_B1GQ,A,5.835
2008,EGY,TAX_REV,S13,T_5000,_T,PT_B1GQ,A,6.351
2009,EGY,TAX_REV,S13,T_5000,_T,PT_B1GQ,A,6.697
2010,EGY,TAX_REV,S13,T_5000,_T,PT_B1GQ,A,6.18
2011,EGY,TAX_REV,S13,T_5000,_T,PT_B1GQ,A,5.991
2012,EGY,TAX_REV,S13,T_5000,_T,PT_B1GQ,A,5.413
2013,EGY,TAX_REV,S13,T_5000,_T,PT_B1GQ,A,5.374
2014,EGY,TAX_REV,S13,T_5000,_T,PT_B1GQ,A,4.684
2015,EGY,TAX_REV,S13,T_5000,_T,PT_B1GQ,A,5.394
2016,EGY,TAX_REV,S13,T_5000,_T,PT_B1GQ,A,5.672
2017,EGY,TAX_REV,S13,T_5000,_T,PT_B1GQ,A,6.368
2018,EGY,TAX_REV,S13,T_5000,_T,PT_B1GQ,A,6.825
2019,EGY,TAX_REV,S13,T_5000,_T,PT_B1GQ,A,6.739
2020,EGY,TAX_REV,S13,T_5000,_T,PT_B1GQ,A,5.682
2021,EGY,TAX_REV,S13,T_5000,_T,PT_B1GQ,A,6.095
2022,EGY,TAX_REV,S13,T_5000,_T,PT_B1GQ,A,6.079
1990,SLV,TAX_REV,S13,T_5000,_T,PT_B1GQ,A,5.378
1991,SLV,TAX_REV,S13,T_5000,_T,PT_B1GQ,A,5.971
1992,SLV,TAX_REV,S13,T_5000,_T,PT_B1GQ,A,6.917
1993,SLV,TAX_REV,S13,T_5000,_T,PT_B1GQ,A,7.602
1994,SLV,TAX_REV,S13,T_5000,_T,PT_B1GQ,A,7.581
1995,SLV,TAX_REV,S13,T_5000,_T,PT_B1GQ,A,8.168
1996,SLV,TAX_REV,S13,T_5000,_T,PT_B1GQ,A,7.941
1997,SLV,TAX_REV,S13,T_5000,_T,PT_B1GQ,A,7.771
1998,SLV,TAX_REV,S13,T_5000,_T,PT_B1GQ,A,7.707
1999,SLV,TAX_REV,S13,T_5000,_T,PT_B1GQ,A,7.697
2000,SLV,TAX_REV,S13,T_5000,_T,PT_B1GQ,A,7.665
2001,SLV,TAX_REV,S13,T_5000,_T,PT_B1GQ,A,8.189
2002,SLV,TAX_REV,S13,T_5000,_T,PT_B1GQ,A,8.869
2003,SLV,TAX_REV,S13,T_5000,_T,PT_B1GQ,A,9.193
2004,SLV,TAX_REV,S13,T_5000,_T,PT_B1GQ,A,9.299
2005,SLV,TAX_REV,S13,T_5000,_T,PT_B1GQ,A,9.863
2014,MDA,TAX_REV,S13,T_5000,_T,PT_B1GQ,A,15.091
2015,MDA,TAX_REV,S13,T_5000,_T,PT_B1GQ,A,13.872
2016,MDA,TAX_REV,S13,T_5000,_T,PT_B1GQ,A,14.014
2017,MDA,TAX_REV,S13,T_5000,_T,PT_B1GQ,A,14.89
2018,MDA,TAX_REV,S13,T_5000,_T,PT_B1GQ,A,14.682
2019,MDA,TAX_REV,S13,T_5000,_T,PT_B1GQ,A,14.612
2020,MDA,TAX_REV,S13,T_5000,_T,PT_B1GQ,A,14.958
2021,MDA,TAX_REV,S13,T_5000,_T,PT_B1GQ,A,15.489
2022,MDA,TAX_REV,S13,T_5000,_T,PT_B1GQ,A,15.317
2023,MDA,TAX_REV,S13,T_5000,_T,PT_B1GQ,A,15.008
2006,MNG,TAX_REV,S13,T_5000,_T,PT_B1GQ,A,11.606
2007,MNG,TAX_REV,S13,T_5000,_T,PT_B1GQ,A,11.272
2008,MNG,TAX_REV,S13,T_5000,_T,PT_B1GQ,A,10.967
2009,MNG,TAX_REV,S13,T_5000,_T,PT_B1GQ,A,9.889
2010,MNG,TAX_REV,S13,T_5000,_T,PT_B1GQ,A,11.53
2011,MNG,TAX_REV,S13,T_5000,_T,PT_B1GQ,A,14.259
2012,MNG,TAX_REV,S13,T_5000,_T,PT_B1GQ,A,12.594
2013,MNG,TAX_REV,S13,T_5000,_T,PT_B1GQ,A,12.855
2014,MNG,TAX_REV,S13,T_5000,_T,PT_B1GQ,A,10.766
2015,MNG,TAX_REV,S13,T_5000,_T,PT_B1GQ,A,9.439
2016,MNG,TAX_REV,S13,T_5000,_T,PT_B1GQ,A,9.781
2017,MNG,TAX_REV,S13,T_5000,_T,PT_B1GQ,A,10.624
2018,MNG,TAX_REV,S13,T_5000,_T,PT_B1GQ,A,12.153
2019,MNG,TAX_REV,S13,T_5000,_T,PT_B1GQ,A,11.809
2020,MNG,TAX_REV,S13,T_5000,_T,PT_B1GQ,A,10.417
2021,MNG,TAX_REV,S13,T_5000,_T,PT_B1GQ,A,10.969
2022,MNG,TAX_REV,S13,T_5000,_T,PT_B1GQ,A,11.564
2023,MNG,TAX_REV,S13,T_5000,_T,PT_B1GQ,A,10.482
2000,MAR,TAX_REV,S13,T_5000,_T,PT_B1GQ,A,11.336
2001,MAR,TAX_REV,S13,T_5000,_T,PT_B1GQ,A,10.903
2002,MAR,TAX_REV,S13,T_5000,_T,PT_B1GQ,A,10.674
2003,MAR,TAX_REV,S13,T_5000,_T,PT_B1GQ,A,10.006
2004,MAR,TAX_REV,S13,T_5000,_T,PT_B1GQ,A,9.958
2005,MAR,TAX_REV,S13,T_5000,_T,PT_B1GQ,A,10.383
2006,MAR,TAX_REV,S13,T_5000,_T,PT_B1GQ,A,10.595
2007,MAR,TAX_REV,S13,T_5000,_T,PT_B1GQ,A,11.783
2008,MAR,TAX_REV,S13,T_5000,_T,PT_B1GQ,A,12.367
2009,MAR,TAX_REV,S13,T_5000,_T,PT_B1GQ,A,11.022
2010,MAR,TAX_REV,S13,T_5000,_T,PT_B1GQ,A,11.94
2011,MAR,TAX_REV,S13,T_5000,_T,PT_B1GQ,A,11.963
2012,MAR,TAX_REV,S13,T_5000,_T,PT_B1GQ,A,11.929
2013,MAR,TAX_REV,S13,T_5000,_T,PT_B1GQ,A,11.239
2014,MAR,TAX_REV,S13,T_5000,_T,PT_B1GQ,A,10.986
2015,MAR,TAX_REV,S13,T_5000,_T,PT_B1GQ,A,10.367
2016,MAR,TAX_REV,S13,T_5000,_T,PT_B1GQ,A,10.486
2017,MAR,TAX_REV,S13,T_5000,_T,PT_B1GQ,A,10.831
2018,MAR,TAX_REV,S13,T_5000,_T,PT_B1GQ,A,11.227
2019,MAR,TAX_REV,S13,T_5000,_T,PT_B1GQ,A,11.125
2020,MAR,TAX_REV,S13,T_5000,_T,PT_B1GQ,A,10.983
2021,MAR,TAX_REV,S13,T_5000,_T,PT_B1GQ,A,11.554
2022,MAR,TAX_REV,S13,T_5000,_T,PT_B1GQ,A,12.389
2006,MOZ,TAX_REV,S13,T_5000,_T,PT_B1GQ,A,23.645
2007,MOZ,TAX_REV,S13,T_5000,_T,PT_B1GQ,A,27.152
2008,MOZ,TAX_REV,S13,T_5000,_T,PT_B1GQ,A,16.642
2009,MOZ,TAX_REV,S13,T_5000,_T,PT_B1GQ,A,24.394
2010,MOZ,TAX_REV,S13,T_5000,_T,PT_B1GQ,A,20.785
2011,MOZ,TAX_REV,S13,T_5000,_T,PT_B1GQ,A,22.851
2012,MOZ,TAX_REV,S13,T_5000,_T,PT_B1GQ,A,12.744
2013,MOZ,TAX_REV,S13,T_5000,_T,PT_B1GQ,A,15.469
2014,MOZ,TAX_REV,S13,T_5000,_T,PT_B1GQ,A,22.287
2015,MOZ,TAX_REV,S13,T_5000,_T,PT_B1GQ,A,21.841
2016,MOZ,TAX_REV,S13,T_5000,_T,PT_B1GQ,A,15.86
2017,MOZ,TAX_REV,S13,T_5000,_T,PT_B1GQ,A,9.992
2018,MOZ,TAX_REV,S13,T_5000,_T,PT_B1GQ,A,10.677
2019,MOZ,TAX_REV,S13,T_5000,_T,PT_B1GQ,A,11.268
2020,MOZ,TAX_REV,S13,T_5000,_T,PT_B1GQ,A,9.62
2021,MOZ,TAX_REV,S13,T_5000,_T,PT_B1GQ,A,11.405
2022,MOZ,TAX_REV,S13,T_5000,_T,PT_B1GQ,A,10.279
2006,NAM,TAX_REV,S13,T_5000,_T,PT_B1GQ,A,5.683
2007,NAM,TAX_REV,S13,T_5000,_T,PT_B1GQ,A,6.174
2008,NAM,TAX_REV,S13,T_5000,_T,PT_B1GQ,A,5.913
2009,NAM,TAX_REV,S13,T_5000,_T,PT_B1GQ,A,6.579
2010,NAM,TAX_REV,S13,T_5000,_T,PT_B1GQ,A,6.119
2011,NAM,TAX_REV,S13,T_5000,_T,PT_B1GQ,A,8.363
2012,NAM,TAX_REV,S13,T_5000,_T,PT_B1GQ,A,5.768
2013,NAM,TAX_REV,S13,T_5000,_T,PT_B1GQ,A,7.779
2014,NAM,TAX_REV,S13,T_5000,_T,PT_B1GQ,A,7.463
2015,NAM,TAX_REV,S13,T_5000,_T,PT_B1GQ,A,7.991
2016,NAM,TAX_REV,S13,T_5000,_T,PT_B1GQ,A,7.687
2017,NAM,TAX_REV,S13,T_5000,_T,PT_B1GQ,A,7.162
2018,NAM,TAX_REV,S13,T_5000,_T,PT_B1GQ,A,6.777
2019,NAM,TAX_REV,S13,T_5000,_T,PT_B1GQ,A,7.094
2020,NAM,TAX_REV,S13,T_5000,_T,PT_B1GQ,A,5.404
2021,NAM,TAX_REV,S13,T_5000,_T,PT_B1GQ,A,6.827
2022,NAM,TAX_REV,S13,T_5000,_T,PT_B1GQ,A,7.248
2014,NRU,TAX_REV,S13,T_5000,_T,PT_B1GQ,A,9.365
2015,NRU,TAX_REV,S13,T_5000,_T,PT_B1GQ,A,8.592
2016,NRU,TAX_REV,S13,T_5000,_T,PT_B1GQ,A,6.117
2017,NRU,TAX_REV,S13,T_5000,_T,PT_B1GQ,A,8.738
2018,NRU,TAX_REV,S13,T_5000,_T,PT_B1GQ,A,9.619
2019,NRU,TAX_REV,S13,T_5000,_T,PT_B1GQ,A,9.191
2020,NRU,TAX_REV,S13,T_5000,_T,PT_B1GQ,A,7.466
2021,NRU,TAX_REV,S13,T_5000,_T,PT_B1GQ,A,9.551
2022,NRU,TAX_REV,S13,T_5000,_T,PT_B1GQ,A,7.61
2023,NRU,TAX_REV,S13,T_5000,_T,PT_B1GQ,A,7.289
1991,NIC,TAX_REV,S13,T_5000,_T,PT_B1GQ,A,6.329
1992,NIC,TAX_REV,S13,T_5000,_T,PT_B1GQ,A,7.077
1993,NIC,TAX_REV,S13,T_5000,_T,PT_B1GQ,A,7.0
1994,NIC,TAX_REV,S13,T_5000,_T,PT_B1GQ,A,7.48
1995,NIC,TAX_REV,S13,T_5000,_T,PT_B1GQ,A,7.336
1996,NIC,TAX_REV,S13,T_5000,_T,PT_B1GQ,A,7.357
1997,NIC,TAX_REV,S13,T_5000,_T,PT_B1GQ,A,8.483
1998,NIC,TAX_REV,S13,T_5000,_T,PT_B1GQ,A,9.341
1999,NIC,TAX_REV,S13,T_5000,_T,PT_B1GQ,A,8.995
2000,NIC,TAX_REV,S13,T_5000,_T,PT_B1GQ,A,8.616
2001,NIC,TAX_REV,S13,T_5000,_T,PT_B1GQ,A,7.857
2002,NIC,TAX_REV,S13,T_5000,_T,PT_B1GQ,A,8.175
2003,NIC,TAX_REV,S13,T_5000,_T,PT_B1GQ,A,8.604
2004,NIC,TAX_REV,S13,T_5000,_T,PT_B1GQ,A,9.409
2005,NIC,TAX_REV,S13,T_5000,_T,PT_B1GQ,A,10.067
2006,NIC,TAX_REV,S13,T_5000,_T,PT_B1GQ,A,10.564
2007,NIC,TAX_REV,S13,T_5000,_T,PT_B1GQ,A,10.604
2008,NIC,TAX_REV,S13,T_5000,_T,PT_B1GQ,A,9.833
2009,NIC,TAX_REV,S13,T_5000,_T,PT_B1GQ,A,9.43
2010,NIC,TAX_REV,S13,T_5000,_T,PT_B1GQ,A,10.131
2011,NIC,TAX_REV,S13,T_5000,_T,PT_B1GQ,A,10.401
2012,NIC,TAX_REV,S13,T_5000,_T,PT_B1GQ,A,10.717
2013,NIC,TAX_REV,S13,T_5000,_T,PT_B1GQ,A,10.657
2014,NIC,TAX_REV,S13,T_5000,_T,PT_B1GQ,A,10.57
2015,NIC,TAX_REV,S13,T_5000,_T,PT_B1GQ,A,10.526
2016,NIC,TAX_REV,S13,T_5000,_T,PT_B1GQ,A,10.702
2017,NIC,TAX_REV,S13,T_5000,_T,PT_B1GQ,A,10.757
2018,NIC,TAX_REV,S13,T_5000,_T,PT_B1GQ,A,9.688
2019,NIC,TAX_REV,S13,T_5000,_T,PT_B1GQ,A,10.605
2020,NIC,TAX_REV,S13,T_5000,_T,PT_B1GQ,A,10.677
2021,NIC,TAX_REV,S13,T_5000,_T,PT_B1GQ,A,11.797
2022,NIC,TAX_REV,S13,T_5000,_T,PT_B1GQ,A,11.856
2023,NIC,TAX_REV,S13,T_5000,_T,PT_B1GQ,A,11.945
2000,NER,TAX_REV,S13,T_5000,_T,PT_B1GQ,A,4.974
2001,NER,TAX_REV,S13,T_5000,_T,PT_B1GQ,A,5.529
2002,NER,TAX_REV,S13,T_5000,_T,PT_B1GQ,A,5.825
2003,NER,TAX_REV,S13,T_5000,_T,PT_B1GQ,A,5.372
2004,NER,TAX_REV,S13,T_5000,_T,PT_B1GQ,A,5.958
2005,NER,TAX_REV,S13,T_5000,_T,PT_B1GQ,A,5.776
2006,NER,TAX_REV,S13,T_5000,_T,PT_B1GQ,A,5.781
2007,NER,TAX_REV,S13,T_5000,_T,PT_B1GQ,A,5.961
2008,NER,TAX_REV,S13,T_5000,_T,PT_B1GQ,A,5.443
2009,NER,TAX_REV,S13,T_5000,_T,PT_B1GQ,A,5.813
2010,NER,TAX_REV,S13,T_5000,_T,PT_B1GQ,A,5.853
2011,NER,TAX_REV,S13,T_5000,_T,PT_B1GQ,A,9.148
2012,NER,TAX_REV,S13,T_5000,_T,PT_B1GQ,A,5.658
2013,NER,TAX_REV,S13,T_5000,_T,PT_B1GQ,A,6.005
2014,NER,TAX_REV,S13,T_5000,_T,PT_B1GQ,A,6.676
2015,NER,TAX_REV,S13,T_5000,_T,PT_B1GQ,A,7.251
2016,NER,TAX_REV,S13,T_5000,_T,PT_B1GQ,A,6.141
2017,NER,TAX_REV,S13,T_5000,_T,PT_B1GQ,A,5.705
2018,NER,TAX_REV,S13,T_5000,_T,PT_B1GQ,A,7.382
2019,NER,TAX_REV,S13,T_5000,_T,PT_B1GQ,A,6.591
2020,NER,TAX_REV,S13,T_5000,_T,PT_B1GQ,A,5.803
2021,NER,TAX_REV,S13,T_5000,_T,PT_B1GQ,A,6.218
2022,NER,TAX_REV,S13,T_5000,_T,PT_B1GQ,A,5.685
2010,NGA,TAX_REV,S13,T_5000,_T,PT_B1GQ,A,1.868
2011,NGA,TAX_REV,S13,T_5000,_T,PT_B1GQ,A,2.004
2012,NGA,TAX_REV,S13,T_5000,_T,PT_B1GQ,A,1.935
2013,NGA,TAX_REV,S13,T_5000,_T,PT_B1GQ,A,1.826
2014,NGA,TAX_REV,S13,T_5000,_T,PT_B1GQ,A,1.782
2015,NGA,TAX_REV,S13,T_5000,_T,PT_B1GQ,A,1.598
2016,NGA,TAX_REV,S13,T_5000,_T,PT_B1GQ,A,1.53
2017,NGA,TAX_REV,S13,T_5000,_T,PT_B1GQ,A,1.585
2018,NGA,TAX_REV,S13,T_5000,_T,PT_B1GQ,A,1.605
2019,NGA,TAX_REV,S13,T_5000,_T,PT_B1GQ,A,1.591
2020,NGA,TAX_REV,S13,T_5000,_T,PT_B1GQ,A,1.799
2021,NGA,TAX_REV,S13,T_5000,_T,PT_B1GQ,A,2.558
2022,NGA,TAX_REV,S13,T_5000,_T,PT_B1GQ,A,2.559
2010,NIU,TAX_REV,S13,T_5000,_T,PT_B1GQ,A,14.216
2011,NIU,TAX_REV,S13,T_5000,_T,PT_B1GQ,A,18.937
2012,NIU,TAX_REV,S13,T_5000,_T,PT_B1GQ,A,18.259
2013,NIU,TAX_REV,S13,T_5000,_T,PT_B1GQ,A,18.674
2014,NIU,TAX_REV,S13,T_5000,_T,PT_B1GQ,A,16.68
2015,NIU,TAX_REV,S13,T_5000,_T,PT_B1GQ,A,16.815
2016,NIU,TAX_REV,S13,T_5000,_T,PT_B1GQ,A,15.067
2017,NIU,TAX_REV,S13,T_5000,_T,PT_B1GQ,A,19.447
2018,NIU,TAX_REV,S13,T_5000,_T,PT_B1GQ,A,17.548
2019,NIU,TAX_REV,S13,T_5000,_T,PT_B1GQ,A,14.293
2020,NIU,TAX_REV,S13,T_5000,_T,PT_B1GQ,A,12.844
2021,NIU,TAX_REV,S13,T_5000,_T,PT_B1GQ,A,12.581
2022,NIU,TAX_REV,S13,T_5000,_T,PT_B1GQ,A,18.151
2023,NIU,TAX_REV,S13,T_5000,_T,PT_B1GQ,A,25.399
2011,PAK,TAX_REV,S13,T_5000,_T,PT_B1GQ,A,5.586
2012,PAK,TAX_REV,S13,T_5000,_T,PT_B1GQ,A,5.569
2013,PAK,TAX_REV,S13,T_5000,_T,PT_B1GQ,A,5.642
2014,PAK,TAX_REV,S13,T_5000,_T,PT_B1GQ,A,5.9
2015,PAK,TAX_REV,S13,T_5000,_T,PT_B1GQ,A,7.144
2016,PAK,TAX_REV,S13,T_5000,_T,PT_B1GQ,A,7.028
2017,PAK,TAX_REV,S13,T_5000,_T,PT_B1GQ,A,7.1
2018,PAK,TAX_REV,S13,T_5000,_T,PT_B1GQ,A,6.525
2019,PAK,TAX_REV,S13,T_5000,_T,PT_B1GQ,A,6.417
2020,PAK,TAX_REV,S13,T_5000,_T,PT_B1GQ,A,6.862
2021,PAK,TAX_REV,S13,T_5000,_T,PT_B1GQ,A,6.651
2022,PAK,TAX_REV,S13,T_5000,_T,PT_B1GQ,A,5.908
2023,PAK,TAX_REV,S13,T_5000,_T,PT_B1GQ,A,6.048
1990,PAN,TAX_REV,S13,T_5000,_T,PT_B1GQ,A,6.103
1991,PAN,TAX_REV,S13,T_5000,_T,PT_B1GQ,A,6.041
1992,PAN,TAX_REV,S13,T_5000,_T,PT_B1GQ,A,6.269
1993,PAN,TAX_REV,S13,T_5000,_T,PT_B1GQ,A,6.003
1994,PAN,TAX_REV,S13,T_5000,_T,PT_B1GQ,A,6.008
1995,PAN,TAX_REV,S13,T_5000,_T,PT_B1GQ,A,6.093
1996,PAN,TAX_REV,S13,T_5000,_T,PT_B1GQ,A,5.274
1997,PAN,TAX_REV,S13,T_5000,_T,PT_B1GQ,A,5.251
1998,PAN,TAX_REV,S13,T_5000,_T,PT_B1GQ,A,5.431
1999,PAN,TAX_REV,S13,T_5000,_T,PT_B1GQ,A,5.464
2000,PAN,TAX_REV,S13,T_5000,_T,PT_B1GQ,A,4.866
2001,PAN,TAX_REV,S13,T_5000,_T,PT_B1GQ,A,4.391
2002,PAN,TAX_REV,S13,T_5000,_T,PT_B1GQ,A,4.386
2003,PAN,TAX_REV,S13,T_5000,_T,PT_B1GQ,A,4.762
2004,PAN,TAX_REV,S13,T_5000,_T,PT_B1GQ,A,4.569
2005,PAN,TAX_REV,S13,T_5000,_T,PT_B1GQ,A,4.361
2006,PAN,TAX_REV,S13,T_5000,_T,PT_B1GQ,A,4.614
2007,PAN,TAX_REV,S13,T_5000,_T,PT_B1GQ,A,4.964
2008,PAN,TAX_REV,S13,T_5000,_T,PT_B1GQ,A,4.977
2009,PAN,TAX_REV,S13,T_5000,_T,PT_B1GQ,A,4.823
2010,PAN,TAX_REV,S13,T_5000,_T,PT_B1GQ,A,5.514
2011,PAN,TAX_REV,S13,T_5000,_T,PT_B1GQ,A,5.812
2012,PAN,TAX_REV,S13,T_5000,_T,PT_B1GQ,A,5.622
2013,PAN,TAX_REV,S13,T_5000,_T,PT_B1GQ,A,5.297
2014,PAN,TAX_REV,S13,T_5000,_T,PT_B1GQ,A,5.113
2015,PAN,TAX_REV,S13,T_5000,_T,PT_B1GQ,A,4.857
2016,PAN,TAX_REV,S13,T_5000,_T,PT_B1GQ,A,4.876
2017,PAN,TAX_REV,S13,T_5000,_T,PT_B1GQ,A,4.58
2018,PAN,TAX_REV,S13,T_5000,_T,PT_B1GQ,A,4.093
2019,PAN,TAX_REV,S13,T_5000,_T,PT_B1GQ,A,3.88
2020,PAN,TAX_REV,S13,T_5000,_T,PT_B1GQ,A,3.306
2021,PAN,TAX_REV,S13,T_5000,_T,PT_B1GQ,A,3.295
2022,PAN,TAX_REV,S13,T_5000,_T,PT_B1GQ,A,3.469
2023,PAN,TAX_REV,S13,T_5000,_T,PT_B1GQ,A,3.166
2000,PNG,TAX_REV,S13,T_5000,_T,PT_B1GQ,A,2.689
2001,PNG,TAX_REV,S13,T_5000,_T,PT_B1GQ,A,2.859
2002,PNG,TAX_REV,S13,T_5000,_T,PT_B1GQ,A,5.677
2003,PNG,TAX_REV,S13,T_5000,_T,PT_B1GQ,A,4.998
2004,PNG,TAX_REV,S13,T_5000,_T,PT_B1GQ,A,5.592
2005,PNG,TAX_REV,S13,T_5000,_T,PT_B1GQ,A,5.296
2006,PNG,TAX_REV,S13,T_5000,_T,PT_B1GQ,A,5.466
2007,PNG,TAX_REV,S13,T_5000,_T,PT_B1GQ,A,5.306
2008,PNG,TAX_REV,S13,T_5000,_T,PT_B1GQ,A,5.171
2009,PNG,TAX_REV,S13,T_5000,_T,PT_B1GQ,A,5.165
2010,PNG,TAX_REV,S13,T_5000,_T,PT_B1GQ,A,5.018
2011,PNG,TAX_REV,S13,T_5000,_T,PT_B1GQ,A,5.881
2012,PNG,TAX_REV,S13,T_5000,_T,PT_B1GQ,A,6.085
2013,PNG,TAX_REV,S13,T_5000,_T,PT_B1GQ,A,5.917
2014,PNG,TAX_REV,S13,T_5000,_T,PT_B1GQ,A,5.667
2015,PNG,TAX_REV,S13,T_5000,_T,PT_B1GQ,A,5.211
2016,PNG,TAX_REV,S13,T_5000,_T,PT_B1GQ,A,4.678
2017,PNG,TAX_REV,S13,T_5000,_T,PT_B1GQ,A,5.199
2018,PNG,TAX_REV,S13,T_5000,_T,PT_B1GQ,A,5.35
2019,PNG,TAX_REV,S13,T_5000,_T,PT_B1GQ,A,5.725
2020,PNG,TAX_REV,S13,T_5000,_T,PT_B1GQ,A,4.956
2021,PNG,TAX_REV,S13,T_5000,_T,PT_B1GQ,A,5.207
2022,PNG,TAX_REV,S13,T_5000,_T,PT_B1GQ,A,4.647
2023,PNG,TAX_REV,S13,T_5000,_T,PT_B1GQ,A,5.28
1990,PRY,TAX_REV,S13,T_5000,_T,PT_B1GQ,A,6.134
1991,PRY,TAX_REV,S13,T_5000,_T,PT_B1GQ,A,5.809
1992,PRY,TAX_REV,S13,T_5000,_T,PT_B1GQ,A,5.602
1993,PRY,TAX_REV,S13,T_5000,_T,PT_B1GQ,A,5.969
1994,PRY,TAX_REV,S13,T_5000,_T,PT_B1GQ,A,7.095
1995,PRY,TAX_REV,S13,T_5000,_T,PT_B1GQ,A,8.318
1996,PRY,TAX_REV,S13,T_5000,_T,PT_B1GQ,A,7.632
1997,PRY,TAX_REV,S13,T_5000,_T,PT_B1GQ,A,7.87
1998,PRY,TAX_REV,S13,T_5000,_T,PT_B1GQ,A,7.505
1999,PRY,TAX_REV,S13,T_5000,_T,PT_B1GQ,A,6.224
2000,PRY,TAX_REV,S13,T_5000,_T,PT_B1GQ,A,6.74
2001,PRY,TAX_REV,S13,T_5000,_T,PT_B1GQ,A,6.584
2002,PRY,TAX_REV,S13,T_5000,_T,PT_B1GQ,A,5.569
2003,PRY,TAX_REV,S13,T_5000,_T,PT_B1GQ,A,6.102
2004,PRY,TAX_REV,S13,T_5000,_T,PT_B1GQ,A,6.736
2005,PRY,TAX_REV,S13,T_5000,_T,PT_B1GQ,A,6.503
2006,PRY,TAX_REV,S13,T_5000,_T,PT_B1GQ,A,6.748
2007,PRY,TAX_REV,S13,T_5000,_T,PT_B1GQ,A,6.469
2008,PRY,TAX_REV,S13,T_5000,_T,PT_B1GQ,A,6.557
2009,PRY,TAX_REV,S13,T_5000,_T,PT_B1GQ,A,6.368
2010,PRY,TAX_REV,S13,T_5000,_T,PT_B1GQ,A,7.33
2011,PRY,TAX_REV,S13,T_5000,_T,PT_B1GQ,A,7.599
2012,PRY,TAX_REV,S13,T_5000,_T,PT_B1GQ,A,7.522
2013,PRY,TAX_REV,S13,T_5000,_T,PT_B1GQ,A,7.104
2014,PRY,TAX_REV,S13,T_5000,_T,PT_B1GQ,A,7.714
2015,PRY,TAX_REV,S13,T_5000,_T,PT_B1GQ,A,7.576
2016,PRY,TAX_REV,S13,T_5000,_T,PT_B1GQ,A,7.44
2017,PRY,TAX_REV,S13,T_5000,_T,PT_B1GQ,A,7.673
2018,PRY,TAX_REV,S13,T_5000,_T,PT_B1GQ,A,7.764
2019,PRY,TAX_REV,S13,T_5000,_T,PT_B1GQ,A,7.441
2020,PRY,TAX_REV,S13,T_5000,_T,PT_B1GQ,A,7.056
2021,PRY,TAX_REV,S13,T_5000,_T,PT_B1GQ,A,7.223
2022,PRY,TAX_REV,S13,T_5000,_T,PT_B1GQ,A,7.267
2023,PRY,TAX_REV,S13,T_5000,_T,PT_B1GQ,A,7.508
1990,PER,TAX_REV,S13,T_5000,_T,PT_B1GQ,A,7.64
1991,PER,TAX_REV,S13,T_5000,_T,PT_B1GQ,A,8.819
1992,PER,TAX_REV,S13,T_5000,_T,PT_B1GQ,A,9.377
1993,PER,TAX_REV,S13,T_5000,_T,PT_B1GQ,A,9.411
1994,PER,TAX_REV,S13,T_5000,_T,PT_B1GQ,A,10.527
1995,PER,TAX_REV,S13,T_5000,_T,PT_B1GQ,A,10.679
1996,PER,TAX_REV,S13,T_5000,_T,PT_B1GQ,A,10.421
1997,PER,TAX_REV,S13,T_5000,_T,PT_B1GQ,A,10.716
1998,PER,TAX_REV,S13,T_5000,_T,PT_B1GQ,A,9.992
1999,PER,TAX_REV,S13,T_5000,_T,PT_B1GQ,A,9.448
2000,PER,TAX_REV,S13,T_5000,_T,PT_B1GQ,A,9.123
2001,PER,TAX_REV,S13,T_5000,_T,PT_B1GQ,A,8.621
2002,PER,TAX_REV,S13,T_5000,_T,PT_B1GQ,A,8.79
2003,PER,TAX_REV,S13,T_5000,_T,PT_B1GQ,A,9.086
2004,PER,TAX_REV,S13,T_5000,_T,PT_B1GQ,A,9.045
2005,PER,TAX_REV,S13,T_5000,_T,PT_B1GQ,A,9.056
2006,PER,TAX_REV,S13,T_5000,_T,PT_B1GQ,A,8.624
2007,PER,TAX_REV,S13,T_5000,_T,PT_B1GQ,A,8.29
2008,PER,TAX_REV,S13,T_5000,_T,PT_B1GQ,A,8.67
2009,PER,TAX_REV,S13,T_5000,_T,PT_B1GQ,A,7.929
2010,PER,TAX_REV,S13,T_5000,_T,PT_B1GQ,A,8.38
2011,PER,TAX_REV,S13,T_5000,_T,PT_B1GQ,A,8.183
2012,PER,TAX_REV,S13,T_5000,_T,PT_B1GQ,A,8.174
2013,PER,TAX_REV,S13,T_5000,_T,PT_B1GQ,A,8.274
2014,PER,TAX_REV,S13,T_5000,_T,PT_B1GQ,A,8.443
2015,PER,TAX_REV,S13,T_5000,_T,PT_B1GQ,A,8.172
2016,PER,TAX_REV,S13,T_5000,_T,PT_B1GQ,A,7.156
2017,PER,TAX_REV,S13,T_5000,_T,PT_B1GQ,A,6.955
2018,PER,TAX_REV,S13,T_5000,_T,PT_B1GQ,A,7.647
2019,PER,TAX_REV,S13,T_5000,_T,PT_B1GQ,A,7.646
2020,PER,TAX_REV,S13,T_5000,_T,PT_B1GQ,A,6.992
2021,PER,TAX_REV,S13,T_5000,_T,PT_B1GQ,A,8.336
2022,PER,TAX_REV,S13,T_5000,_T,PT_B1GQ,A,8.502
2023,PER,TAX_REV,S13,T_5000,_T,PT_B1GQ,A,7.641
1994,PHL,TAX_REV,S13,T_5000,_T,PT_B1GQ,A,8.266
1995,PHL,TAX_REV,S13,T_5000,_T,PT_B1GQ,A,8.479
1996,PHL,TAX_REV,S13,T_5000,_T,PT_B1GQ,A,8.548
1997,PHL,TAX_REV,S13,T_5000,_T,PT_B1GQ,A,8.123
1998,PHL,TAX_REV,S13,T_5000,_T,PT_B1GQ,A,6.82
1999,PHL,TAX_REV,S13,T_5000,_T,PT_B1GQ,A,6.77
2000,PHL,TAX_REV,S13,T_5000,_T,PT_B1GQ,A,6.416
2001,PHL,TAX_REV,S13,T_5000,_T,PT_B1GQ,A,6.115
2002,PHL,TAX_REV,S13,T_5000,_T,PT_B1GQ,A,5.697
2003,PHL,TAX_REV,S13,T_5000,_T,PT_B1GQ,A,5.72
2004,PHL,TAX_REV,S13,T_5000,_T,PT_B1GQ,A,5.568
2005,PHL,TAX_REV,S13,T_5000,_T,PT_B1GQ,A,5.603
2006,PHL,TAX_REV,S13,T_5000,_T,PT_B1GQ,A,6.746
2007,PHL,TAX_REV,S13,T_5000,_T,PT_B1GQ,A,6.342
2008,PHL,TAX_REV,S13,T_5000,_T,PT_B1GQ,A,6.341
2009,PHL,TAX_REV,S13,T_5000,_T,PT_B1GQ,A,5.946
2010,PHL,TAX_REV,S13,T_5000,_T,PT_B1GQ,A,5.85
2011,PHL,TAX_REV,S13,T_5000,_T,PT_B1GQ,A,5.608
2012,PHL,TAX_REV,S13,T_5000,_T,PT_B1GQ,A,5.863
2013,PHL,TAX_REV,S13,T_5000,_T,PT_B1GQ,A,6.107
2014,PHL,TAX_REV,S13,T_5000,_T,PT_B1GQ,A,6.394
2015,PHL,TAX_REV,S13,T_5000,_T,PT_B1GQ,A,6.282
2016,PHL,TAX_REV,S13,T_5000,_T,PT_B1GQ,A,6.328
2017,PHL,TAX_REV,S13,T_5000,_T,PT_B1GQ,A,6.728
2018,PHL,TAX_REV,S13,T_5000,_T,PT_B1GQ,A,7.416
2019,PHL,TAX_REV,S13,T_5000,_T,PT_B1GQ,A,7.619
2020,PHL,TAX_REV,S13,T_5000,_T,PT_B1GQ,A,7.253
2021,PHL,TAX_REV,S13,T_5000,_T,PT_B1GQ,A,7.625
2022,PHL,TAX_REV,S13,T_5000,_T,PT_B1GQ,A,8.021
2023,PHL,TAX_REV,S13,T_5000,_T,PT_B1GQ,A,7.393
1995,ROU,TAX_REV,S13,T_5000,_T,PT_B1GQ,A,8.709
1996,ROU,TAX_REV,S13,T_5000,_T,PT_B1GQ,A,8.53
1997,ROU,TAX_REV,S13,T_5000,_T,PT_B1GQ,A,9.012
1998,ROU,TAX_REV,S13,T_5000,_T,PT_B1GQ,A,11.052
1999,ROU,TAX_REV,S13,T_5000,_T,PT_B1GQ,A,11.824
2000,ROU,TAX_REV,S13,T_5000,_T,PT_B1GQ,A,11.554
2001,ROU,TAX_REV,S13,T_5000,_T,PT_B1GQ,A,10.936
2002,ROU,TAX_REV,S13,T_5000,_T,PT_B1GQ,A,11.198
2003,ROU,TAX_REV,S13,T_5000,_T,PT_B1GQ,A,12.144
2004,ROU,TAX_REV,S13,T_5000,_T,PT_B1GQ,A,11.404
2005,ROU,TAX_REV,S13,T_5000,_T,PT_B1GQ,A,12.526
2006,ROU,TAX_REV,S13,T_5000,_T,PT_B1GQ,A,12.317
2007,ROU,TAX_REV,S13,T_5000,_T,PT_B1GQ,A,11.607
2008,ROU,TAX_REV,S13,T_5000,_T,PT_B1GQ,A,10.845
2009,ROU,TAX_REV,S13,T_5000,_T,PT_B1GQ,A,9.848
2010,ROU,TAX_REV,S13,T_5000,_T,PT_B1GQ,A,11.197
2011,ROU,TAX_REV,S13,T_5000,_T,PT_B1GQ,A,12.072
2012,ROU,TAX_REV,S13,T_5000,_T,PT_B1GQ,A,12.305
2013,ROU,TAX_REV,S13,T_5000,_T,PT_B1GQ,A,12.513
2014,ROU,TAX_REV,S13,T_5000,_T,PT_B1GQ,A,12.2
2015,ROU,TAX_REV,S13,T_5000,_T,PT_B1GQ,A,12.856
2016,ROU,TAX_REV,S13,T_5000,_T,PT_B1GQ,A,11.137
2017,ROU,TAX_REV,S13,T_5000,_T,PT_B1GQ,A,10.148
2018,ROU,TAX_REV,S13,T_5000,_T,PT_B1GQ,A,10.151
2019,ROU,TAX_REV,S13,T_5000,_T,PT_B1GQ,A,10.326
2020,ROU,TAX_REV,S13,T_5000,_T,PT_B1GQ,A,10.075
2021,ROU,TAX_REV,S13,T_5000,_T,PT_B1GQ,A,10.473
2022,ROU,TAX_REV,S13,T_5000,_T,PT_B1GQ,A,10.608
1996,RWA,TAX_REV,S13,T_5000,_T,PT_B1GQ,A,6.372
1997,RWA,TAX_REV,S13,T_5000,_T,PT_B1GQ,A,6.183
1998,RWA,TAX_REV,S13,T_5000,_T,PT_B1GQ,A,6.21
1999,RWA,TAX_REV,S13,T_5000,_T,PT_B1GQ,A,6.319
2000,RWA,TAX_REV,S13,T_5000,_T,PT_B1GQ,A,5.883
2001,RWA,TAX_REV,S13,T_5000,_T,PT_B1GQ,A,6.386
2002,RWA,TAX_REV,S13,T_5000,_T,PT_B1GQ,A,6.954
2003,RWA,TAX_REV,S13,T_5000,_T,PT_B1GQ,A,7.024
2004,RWA,TAX_REV,S13,T_5000,_T,PT_B1GQ,A,7.087
2005,RWA,TAX_REV,S13,T_5000,_T,PT_B1GQ,A,6.887
2006,RWA,TAX_REV,S13,T_5000,_T,PT_B1GQ,A,7.151
2007,RWA,TAX_REV,S13,T_5000,_T,PT_B1GQ,A,6.881
2008,RWA,TAX_REV,S13,T_5000,_T,PT_B1GQ,A,7.296
2009,RWA,TAX_REV,S13,T_5000,_T,PT_B1GQ,A,7.098
2010,RWA,TAX_REV,S13,T_5000,_T,PT_B1GQ,A,7.08
2011,RWA,TAX_REV,S13,T_5000,_T,PT_B1GQ,A,7.412
2012,RWA,TAX_REV,S13,T_5000,_T,PT_B1GQ,A,7.573
2013,RWA,TAX_REV,S13,T_5000,_T,PT_B1GQ,A,7.888
2014,RWA,TAX_REV,S13,T_5000,_T,PT_B1GQ,A,8.664
2015,RWA,TAX_REV,S13,T_5000,_T,PT_B1GQ,A,9.061
2016,RWA,TAX_REV,S13,T_5000,_T,PT_B1GQ,A,8.907
2017,RWA,TAX_REV,S13,T_5000,_T,PT_B1GQ,A,8.887
2018,RWA,TAX_REV,S13,T_5000,_T,PT_B1GQ,A,9.058
2019,RWA,TAX_REV,S13,T_5000,_T,PT_B1GQ,A,9.397
2020,RWA,TAX_REV,S13,T_5000,_T,PT_B1GQ,A,8.83
2021,RWA,TAX_REV,S13,T_5000,_T,PT_B1GQ,A,8.652
2022,RWA,TAX_REV,S13,T_5000,_T,PT_B1GQ,A,8.42
1992,LCA,TAX_REV,S13,T_5000,_T,PT_B1GQ,A,11.045
1993,LCA,TAX_REV,S13,T_5000,_T,PT_B1GQ,A,11.245
1994,LCA,TAX_REV,S13,T_5000,_T,PT_B1GQ,A,10.974
1995,LCA,TAX_REV,S13,T_5000,_T,PT_B1GQ,A,11.086
1996,LCA,TAX_REV,S13,T_5000,_T,PT_B1GQ,A,10.57
1997,LCA,TAX_REV,S13,T_5000,_T,PT_B1GQ,A,10.7
1998,LCA,TAX_REV,S13,T_5000,_T,PT_B1GQ,A,11.923
1999,LCA,TAX_REV,S13,T_5000,_T,PT_B1GQ,A,12.639
2000,LCA,TAX_REV,S13,T_5000,_T,PT_B1GQ,A,11.408
2001,LCA,TAX_REV,S13,T_5000,_T,PT_B1GQ,A,10.511
2002,LCA,TAX_REV,S13,T_5000,_T,PT_B1GQ,A,11.101
2003,LCA,TAX_REV,S13,T_5000,_T,PT_B1GQ,A,12.061
2004,LCA,TAX_REV,S13,T_5000,_T,PT_B1GQ,A,11.935
2005,LCA,TAX_REV,S13,T_5000,_T,PT_B1GQ,A,11.677
2006,LCA,TAX_REV,S13,T_5000,_T,PT_B1GQ,A,11.831
2007,LCA,TAX_REV,S13,T_5000,_T,PT_B1GQ,A,12.452
2008,LCA,TAX_REV,S13,T_5000,_T,PT_B1GQ,A,12.449
2009,LCA,TAX_REV,S13,T_5000,_T,PT_B1GQ,A,12.012
2010,LCA,TAX_REV,S13,T_5000,_T,PT_B1GQ,A,12.261
2011,LCA,TAX_REV,S13,T_5000,_T,PT_B1GQ,A,11.833
2012,LCA,TAX_REV,S13,T_5000,_T,PT_B1GQ,A,11.703
2013,LCA,TAX_REV,S13,T_5000,_T,PT_B1GQ,A,12.721
2014,LCA,TAX_REV,S13,T_5000,_T,PT_B1GQ,A,13.12
2015,LCA,TAX_REV,S13,T_5000,_T,PT_B1GQ,A,13.623
2016,LCA,TAX_REV,S13,T_5000,_T,PT_B1GQ,A,13.511
2017,LCA,TAX_REV,S13,T_5000,_T,PT_B1GQ,A,13.233
2018,LCA,TAX_REV,S13,T_5000,_T,PT_B1GQ,A,13.284
2019,LCA,TAX_REV,S13,T_5000,_T,PT_B1GQ,A,13.614
2020,LCA,TAX_REV,S13,T_5000,_T,PT_B1GQ,A,12.927
2021,LCA,TAX_REV,S13,T_5000,_T,PT_B1GQ,A,12.334
2022,LCA,TAX_REV,S13,T_5000,_T,PT_B1GQ,A,12.579
2023,LCA,TAX_REV,S13,T_5000,_T,PT_B1GQ,A,13.249
2005,WSM,TAX_REV,S13,T_5000,_T,PT_B1GQ,A,15.138
2006,WSM,TAX_REV,S13,T_5000,_T,PT_B1GQ,A,16.884
2007,WSM,TAX_REV,S13,T_5000,_T,PT_B1GQ,A,14.413
2008,WSM,TAX_REV,S13,T_5000,_T,PT_B1GQ,A,14.095
2009,WSM,TAX_REV,S13,T_5000,_T,PT_B1GQ,A,15.884
2010,WSM,TAX_REV,S13,T_5000,_T,PT_B1GQ,A,14.448
2011,WSM,TAX_REV,S13,T_5000,_T,PT_B1GQ,A,15.028
2012,WSM,TAX_REV,S13,T_5000,_T,PT_B1GQ,A,16.586
2013,WSM,TAX_REV,S13,T_5000,_T,PT_B1GQ,A,17.284
2014,WSM,TAX_REV,S13,T_5000,_T,PT_B1GQ,A,16.642
2015,WSM,TAX_REV,S13,T_5000,_T,PT_B1GQ,A,17.627
2016,WSM,TAX_REV,S13,T_5000,_T,PT_B1GQ,A,17.892
2017,WSM,TAX_REV,S13,T_5000,_T,PT_B1GQ,A,18.248
2018,WSM,TAX_REV,S13,T_5000,_T,PT_B1GQ,A,18.219
2019,WSM,TAX_REV,S13,T_5000,_T,PT_B1GQ,A,18.338
2020,WSM,TAX_REV,S13,T_5000,_T,PT_B1GQ,A,20.001
2021,WSM,TAX_REV,S13,T_5000,_T,PT_B1GQ,A,19.49
2022,WSM,TAX_REV,S13,T_5000,_T,PT_B1GQ,A,19.864
2023,WSM,TAX_REV,S13,T_5000,_T,PT_B1GQ,A,19.046
1997,SEN,TAX_REV,S13,T_5000,_T,PT_B1GQ,A,8.521
1998,SEN,TAX_REV,S13,T_5000,_T,PT_B1GQ,A,8.377
1999,SEN,TAX_REV,S13,T_5000,_T,PT_B1GQ,A,9.013
2000,SEN,TAX_REV,S13,T_5000,_T,PT_B1GQ,A,9.061
2001,SEN,TAX_REV,S13,T_5000,_T,PT_B1GQ,A,8.833
2002,SEN,TAX_REV,S13,T_5000,_T,PT_B1GQ,A,9.365
2003,SEN,TAX_REV,S13,T_5000,_T,PT_B1GQ,A,9.58
2004,SEN,TAX_REV,S13,T_5000,_T,PT_B1GQ,A,9.957
2005,SEN,TAX_REV,S13,T_5000,_T,PT_B1GQ,A,10.366
2006,SEN,TAX_REV,S13,T_5000,_T,PT_B1GQ,A,10.895
2007,SEN,TAX_REV,S13,T_5000,_T,PT_B1GQ,A,11.482
2008,SEN,TAX_REV,S13,T_5000,_T,PT_B1GQ,A,10.236
2009,SEN,TAX_REV,S13,T_5000,_T,PT_B1GQ,A,9.935
2010,SEN,TAX_REV,S13,T_5000,_T,PT_B1GQ,A,10.084
2011,SEN,TAX_REV,S13,T_5000,_T,PT_B1GQ,A,10.606
2012,SEN,TAX_REV,S13,T_5000,_T,PT_B1GQ,A,10.097
2013,SEN,TAX_REV,S13,T_5000,_T,PT_B1GQ,A,9.641
2014,SEN,TAX_REV,S13,T_5000,_T,PT_B1GQ,A,10.339
2015,SEN,TAX_REV,S13,T_5000,_T,PT_B1GQ,A,10.343
2016,SEN,TAX_REV,S13,T_5000,_T,PT_B1GQ,A,10.528
2017,SEN,TAX_REV,S13,T_5000,_T,PT_B1GQ,A,10.054
2018,SEN,TAX_REV,S13,T_5000,_T,PT_B1GQ,A,10.19
2019,SEN,TAX_REV,S13,T_5000,_T,PT_B1GQ,A,11.295
2020,SEN,TAX_REV,S13,T_5000,_T,PT_B1GQ,A,10.725
2021,SEN,TAX_REV,S13,T_5000,_T,PT_B1GQ,A,11.524
2022,SEN,TAX_REV,S13,T_5000,_T,PT_B1GQ,A,12.072
2008,SYC,TAX_REV,S13,T_5000,_T,PT_B1GQ,A,16.095
2009,SYC,TAX_REV,S13,T_5000,_T,PT_B1GQ,A,16.453
2010,SYC,TAX_REV,S13,T_5000,_T,PT_B1GQ,A,17.761
2011,SYC,TAX_REV,S13,T_5000,_T,PT_B1GQ,A,19.678
2012,SYC,TAX_REV,S13,T_5000,_T,PT_B1GQ,A,18.569
2013,SYC,TAX_REV,S13,T_5000,_T,PT_B1GQ,A,18.093
2014,SYC,TAX_REV,S13,T_5000,_T,PT_B1GQ,A,18.68
2015,SYC,TAX_REV,S13,T_5000,_T,PT_B1GQ,A,17.946
2016,SYC,TAX_REV,S13,T_5000,_T,PT_B1GQ,A,18.381
2017,SYC,TAX_REV,S13,T_5000,_T,PT_B1GQ,A,18.003
2018,SYC,TAX_REV,S13,T_5000,_T,PT_B1GQ,A,18.058
2019,SYC,TAX_REV,S13,T_5000,_T,PT_B1GQ,A,17.889
2020,SYC,TAX_REV,S13,T_5000,_T,PT_B1GQ,A,16.408
2021,SYC,TAX_REV,S13,T_5000,_T,PT_B1GQ,A,16.413
2022,SYC,TAX_REV,S13,T_5000,_T,PT_B1GQ,A,17.057
2001,SLE,TAX_REV,S13,T_5000,_T,PT_B1GQ,A,6.697
2002,SLE,TAX_REV,S13,T_5000,_T,PT_B1GQ,A,6.414
2003,SLE,TAX_REV,S13,T_5000,_T,PT_B1GQ,A,6.292
2004,SLE,TAX_REV,S13,T_5000,_T,PT_B1GQ,A,6.188
2005,SLE,TAX_REV,S13,T_5000,_T,PT_B1GQ,A,5.539
2006,SLE,TAX_REV,S13,T_5000,_T,PT_B1GQ,A,5.981
2007,SLE,TAX_REV,S13,T_5000,_T,PT_B1GQ,A,5.64
2008,SLE,TAX_REV,S13,T_5000,_T,PT_B1GQ,A,5.802
2009,SLE,TAX_REV,S13,T_5000,_T,PT_B1GQ,A,5.993
2010,SLE,TAX_REV,S13,T_5000,_T,PT_B1GQ,A,6.219
2011,SLE,TAX_REV,S13,T_5000,_T,PT_B1GQ,A,5.378
2012,SLE,TAX_REV,S13,T_5000,_T,PT_B1GQ,A,4.847
2013,SLE,TAX_REV,S13,T_5000,_T,PT_B1GQ,A,4.784
2014,SLE,TAX_REV,S13,T_5000,_T,PT_B1GQ,A,4.679
2015,SLE,TAX_REV,S13,T_5000,_T,PT_B1GQ,A,5.745
2016,SLE,TAX_REV,S13,T_5000,_T,PT_B1GQ,A,5.458
2017,SLE,TAX_REV,S13,T_5000,_T,PT_B1GQ,A,6.446
2018,SLE,TAX_REV,S13,T_5000,_T,PT_B1GQ,A,6.015
2019,SLE,TAX_REV,S13,T_5000,_T,PT_B1GQ,A,6.7
2020,SLE,TAX_REV,S13,T_5000,_T,PT_B1GQ,A,5.971
2021,SLE,TAX_REV,S13,T_5000,_T,PT_B1GQ,A,6.218
2022,SLE,TAX_REV,S13,T_5000,_T,PT_B1GQ,A,4.921
2000,SGP,TAX_REV,S13,T_5000,_T,PT_B1GQ,A,4.719
2001,SGP,TAX_REV,S13,T_5000,_T,PT_B1GQ,A,4.679
2002,SGP,TAX_REV,S13,T_5000,_T,PT_B1GQ,A,4.119
2003,SGP,TAX_REV,S13,T_5000,_T,PT_B1GQ,A,4.505
2004,SGP,TAX_REV,S13,T_5000,_T,PT_B1GQ,A,4.196
2005,SGP,TAX_REV,S13,T_5000,_T,PT_B1GQ,A,4.001
2006,SGP,TAX_REV,S13,T_5000,_T,PT_B1GQ,A,3.764
2007,SGP,TAX_REV,S13,T_5000,_T,PT_B1GQ,A,4.338
2008,SGP,TAX_REV,S13,T_5000,_T,PT_B1GQ,A,4.503
2009,SGP,TAX_REV,S13,T_5000,_T,PT_B1GQ,A,4.272
2010,SGP,TAX_REV,S13,T_5000,_T,PT_B1GQ,A,4.283
2011,SGP,TAX_REV,S13,T_5000,_T,PT_B1GQ,A,4.245
2012,SGP,TAX_REV,S13,T_5000,_T,PT_B1GQ,A,4.115
2013,SGP,TAX_REV,S13,T_5000,_T,PT_B1GQ,A,4.054
2014,SGP,TAX_REV,S13,T_5000,_T,PT_B1GQ,A,4.184
2015,SGP,TAX_REV,S13,T_5000,_T,PT_B1GQ,A,4.138
2016,SGP,TAX_REV,S13,T_5000,_T,PT_B1GQ,A,4.135
2017,SGP,TAX_REV,S13,T_5000,_T,PT_B1GQ,A,3.941
2018,SGP,TAX_REV,S13,T_5000,_T,PT_B1GQ,A,3.797
2019,SGP,TAX_REV,S13,T_5000,_T,PT_B1GQ,A,3.794
2020,SGP,TAX_REV,S13,T_5000,_T,PT_B1GQ,A,3.616
2021,SGP,TAX_REV,S13,T_5000,_T,PT_B1GQ,A,3.391
2022,SGP,TAX_REV,S13,T_5000,_T,PT_B1GQ,A,3.208
2023,SGP,TAX_REV,S13,T_5000,_T,PT_B1GQ,A,3.655
2007,SLB,TAX_REV,S13,T_5000,_T,PT_B1GQ,A,11.664
2008,SLB,TAX_REV,S13,T_5000,_T,PT_B1GQ,A,12.15
2009,SLB,TAX_REV,S13,T_5000,_T,PT_B1GQ,A,11.509
2010,SLB,TAX_REV,S13,T_5000,_T,PT_B1GQ,A,13.126
2011,SLB,TAX_REV,S13,T_5000,_T,PT_B1GQ,A,16.309
2012,SLB,TAX_REV,S13,T_5000,_T,PT_B1GQ,A,16.976
2013,SLB,TAX_REV,S13,T_5000,_T,PT_B1GQ,A,16.357
2014,SLB,TAX_REV,S13,T_5000,_T,PT_B1GQ,A,16.579
2015,SLB,TAX_REV,S13,T_5000,_T,PT_B1GQ,A,15.977
2016,SLB,TAX_REV,S13,T_5000,_T,PT_B1GQ,A,15.137
2017,SLB,TAX_REV,S13,T_5000,_T,PT_B1GQ,A,15.851
2018,SLB,TAX_REV,S13,T_5000,_T,PT_B1GQ,A,17.153
2019,SLB,TAX_REV,S13,T_5000,_T,PT_B1GQ,A,13.991
2020,SLB,TAX_REV,S13,T_5000,_T,PT_B1GQ,A,13.312
2021,SLB,TAX_REV,S13,T_5000,_T,PT_B1GQ,A,13.381
2022,SLB,TAX_REV,S13,T_5000,_T,PT_B1GQ,A,12.857
2023,SLB,TAX_REV,S13,T_5000,_T,PT_B1GQ,A,13.457
2013,SOM,TAX_REV,S13,T_5000,_T,PT_B1GQ,A,1.048
2014,SOM,TAX_REV,S13,T_5000,_T,PT_B1GQ,A,1.09
2015,SOM,TAX_REV,S13,T_5000,_T,PT_B1GQ,A,1.202
2016,SOM,TAX_REV,S13,T_5000,_T,PT_B1GQ,A,1.166
2017,SOM,TAX_REV,S13,T_5000,_T,PT_B1GQ,A,1.293
2018,SOM,TAX_REV,S13,T_5000,_T,PT_B1GQ,A,1.519
2019,SOM,TAX_REV,S13,T_5000,_T,PT_B1GQ,A,1.855
2020,SOM,TAX_REV,S13,T_5000,_T,PT_B1GQ,A,2.059
2021,SOM,TAX_REV,S13,T_5000,_T,PT_B1GQ,A,2.206
2022,SOM,TAX_REV,S13,T_5000,_T,PT_B1GQ,A,2.25
1990,ZAF,TAX_REV,S13,T_5000,_T,PT_B1GQ,A,9.075
1991,ZAF,TAX_REV,S13,T_5000,_T,PT_B1GQ,A,8.567
1992,ZAF,TAX_REV,S13,T_5000,_T,PT_B1GQ,A,8.01
1993,ZAF,TAX_REV,S13,T_5000,_T,PT_B1GQ,A,8.497
1994,ZAF,TAX_REV,S13,T_5000,_T,PT_B1GQ,A,8.69
1995,ZAF,TAX_REV,S13,T_5000,_T,PT_B1GQ,A,8.499
1996,ZAF,TAX_REV,S13,T_5000,_T,PT_B1GQ,A,8.331
1997,ZAF,TAX_REV,S13,T_5000,_T,PT_B1GQ,A,8.28
1998,ZAF,TAX_REV,S13,T_5000,_T,PT_B1GQ,A,8.322
1999,ZAF,TAX_REV,S13,T_5000,_T,PT_B1GQ,A,8.329
2000,ZAF,TAX_REV,S13,T_5000,_T,PT_B1GQ,A,8.02
2001,ZAF,TAX_REV,S13,T_5000,_T,PT_B1GQ,A,7.907
2002,ZAF,TAX_REV,S13,T_5000,_T,PT_B1GQ,A,7.669
2003,ZAF,TAX_REV,S13,T_5000,_T,PT_B1GQ,A,7.821
2004,ZAF,TAX_REV,S13,T_5000,_T,PT_B1GQ,A,8.488
2005,ZAF,TAX_REV,S13,T_5000,_T,PT_B1GQ,A,8.869
2006,ZAF,TAX_REV,S13,T_5000,_T,PT_B1GQ,A,9.723
2007,ZAF,TAX_REV,S13,T_5000,_T,PT_B1GQ,A,9.748
2008,ZAF,TAX_REV,S13,T_5000,_T,PT_B1GQ,A,9.071
2009,ZAF,TAX_REV,S13,T_5000,_T,PT_B1GQ,A,8.498
2010,ZAF,TAX_REV,S13,T_5000,_T,PT_B1GQ,A,9.128
2011,ZAF,TAX_REV,S13,T_5000,_T,PT_B1GQ,A,9.651
2012,ZAF,TAX_REV,S13,T_5000,_T,PT_B1GQ,A,9.838
2013,ZAF,TAX_REV,S13,T_5000,_T,PT_B1GQ,A,10.085
2014,ZAF,TAX_REV,S13,T_5000,_T,PT_B1GQ,A,10.171
2015,ZAF,TAX_REV,S13,T_5000,_T,PT_B1GQ,A,10.661
2016,ZAF,TAX_REV,S13,T_5000,_T,PT_B1GQ,A,10.465
2017,ZAF,TAX_REV,S13,T_5000,_T,PT_B1GQ,A,10.07
2018,ZAF,TAX_REV,S13,T_5000,_T,PT_B1GQ,A,10.568
2019,ZAF,TAX_REV,S13,T_5000,_T,PT_B1GQ,A,10.219
2020,ZAF,TAX_REV,S13,T_5000,_T,PT_B1GQ,A,10.082
2021,ZAF,TAX_REV,S13,T_5000,_T,PT_B1GQ,A,10.392
2022,ZAF,TAX_REV,S13,T_5000,_T,PT_B1GQ,A,10.623
2006,LKA,TAX_REV,S13,T_5000,_T,PT_B1GQ,A,9.97
2007,LKA,TAX_REV,S13,T_5000,_T,PT_B1GQ,A,9.359
2008,LKA,TAX_REV,S13,T_5000,_T,PT_B1GQ,A,8.682
2009,LKA,TAX_REV,S13,T_5000,_T,PT_B1GQ,A,8.284
2010,LKA,TAX_REV,S13,T_5000,_T,PT_B1GQ,A,8.696
2011,LKA,TAX_REV,S13,T_5000,_T,PT_B1GQ,A,9.31
2012,LKA,TAX_REV,S13,T_5000,_T,PT_B1GQ,A,8.3
2013,LKA,TAX_REV,S13,T_5000,_T,PT_B1GQ,A,8.063
2014,LKA,TAX_REV,S13,T_5000,_T,PT_B1GQ,A,7.893
2015,LKA,TAX_REV,S13,T_5000,_T,PT_B1GQ,A,9.434
2016,LKA,TAX_REV,S13,T_5000,_T,PT_B1GQ,A,9.484
2017,LKA,TAX_REV,S13,T_5000,_T,PT_B1GQ,A,9.941
2018,LKA,TAX_REV,S13,T_5000,_T,PT_B1GQ,A,9.371
2019,LKA,TAX_REV,S13,T_5000,_T,PT_B1GQ,A,8.291
2020,LKA,TAX_REV,S13,T_5000,_T,PT_B1GQ,A,6.058
2021,LKA,TAX_REV,S13,T_5000,_T,PT_B1GQ,A,5.558
2022,LKA,TAX_REV,S13,T_5000,_T,PT_B1GQ,A,4.98
2023,LKA,TAX_REV,S13,T_5000,_T,PT_B1GQ,A,6.469
2000,THA,TAX_REV,S13,T_5000,_T,PT_B1GQ,A,9.441
2001,THA,TAX_REV,S13,T_5000,_T,PT_B1GQ,A,9.601
2002,THA,TAX_REV,S13,T_5000,_T,PT_B1GQ,A,10.186
2003,THA,TAX_REV,S13,T_5000,_T,PT_B1GQ,A,10.33
2004,THA,TAX_REV,S13,T_5000,_T,PT_B1GQ,A,10.167
2005,THA,TAX_REV,S13,T_5000,_T,PT_B1GQ,A,10.618
2006,THA,TAX_REV,S13,T_5000,_T,PT_B1GQ,A,9.717
2007,THA,TAX_REV,S13,T_5000,_T,PT_B1GQ,A,9.377
2008,THA,TAX_REV,S13,T_5000,_T,PT_B1GQ,A,8.656
2009,THA,TAX_REV,S13,T_5000,_T,PT_B1GQ,A,8.485
2010,THA,TAX_REV,S13,T_5000,_T,PT_B1GQ,A,9.574
2011,THA,TAX_REV,S13,T_5000,_T,PT_B1GQ,A,9.648
2012,THA,TAX_REV,S13,T_5000,_T,PT_B1GQ,A,9.731
2013,THA,TAX_REV,S13,T_5000,_T,PT_B1GQ,A,10.602
2014,THA,TAX_REV,S13,T_5000,_T,PT_B1GQ,A,10.073
2015,THA,TAX_REV,S13,T_5000,_T,PT_B1GQ,A,10.617
2016,THA,TAX_REV,S13,T_5000,_T,PT_B1GQ,A,10.298
2017,THA,TAX_REV,S13,T_5000,_T,PT_B1GQ,A,10.06
2018,THA,TAX_REV,S13,T_5000,_T,PT_B1GQ,A,10.025
2019,THA,TAX_REV,S13,T_5000,_T,PT_B1GQ,A,9.498
2020,THA,TAX_REV,S13,T_5000,_T,PT_B1GQ,A,9.412
2021,THA,TAX_REV,S13,T_5000,_T,PT_B1GQ,A,9.624
2022,THA,TAX_REV,S13,T_5000,_T,PT_B1GQ,A,9.299
2023,THA,TAX_REV,S13,T_5000,_T,PT_B1GQ,A,9.395
2012,TLS,TAX_REV,S13,T_5000,_T,PT_B1GQ,A,0.336
2013,TLS,TAX_REV,S13,T_5000,_T,PT_B1GQ,A,0.385
2014,TLS,TAX_REV,S13,T_5000,_T,PT_B1GQ,A,0.814
2015,TLS,TAX_REV,S13,T_5000,_T,PT_B1GQ,A,1.277
2016,TLS,TAX_REV,S13,T_5000,_T,PT_B1GQ,A,0.303
2017,TLS,TAX_REV,S13,T_5000,_T,PT_B1GQ,A,1.881
2018,TLS,TAX_REV,S13,T_5000,_T,PT_B1GQ,A,2.726
2019,TLS,TAX_REV,S13,T_5000,_T,PT_B1GQ,A,2.846
2020,TLS,TAX_REV,S13,T_5000,_T,PT_B1GQ,A,3.33
2021,TLS,TAX_REV,S13,T_5000,_T,PT_B1GQ,A,2.194
2022,TLS,TAX_REV,S13,T_5000,_T,PT_B1GQ,A,3.483
2023,TLS,TAX_REV,S13,T_5000,_T,PT_B1GQ,A,5.443
2000,TGO,TAX_REV,S13,T_5000,_T,PT_B1GQ,A,5.232
2001,TGO,TAX_REV,S13,T_5000,_T,PT_B1GQ,A,5.648
2002,TGO,TAX_REV,S13,T_5000,_T,PT_B1GQ,A,5.306
2003,TGO,TAX_REV,S13,T_5000,_T,PT_B1GQ,A,6.085
2004,TGO,TAX_REV,S13,T_5000,_T,PT_B1GQ,A,6.728
2005,TGO,TAX_REV,S13,T_5000,_T,PT_B1GQ,A,7.188
2006,TGO,TAX_REV,S13,T_5000,_T,PT_B1GQ,A,7.905
2007,TGO,TAX_REV,S13,T_5000,_T,PT_B1GQ,A,8.093
2008,TGO,TAX_REV,S13,T_5000,_T,PT_B1GQ,A,8.045
2009,TGO,TAX_REV,S13,T_5000,_T,PT_B1GQ,A,7.852
2010,TGO,TAX_REV,S13,T_5000,_T,PT_B1GQ,A,8.356
2011,TGO,TAX_REV,S13,T_5000,_T,PT_B1GQ,A,9.06
2012,TGO,TAX_REV,S13,T_5000,_T,PT_B1GQ,A,9.652
2013,TGO,TAX_REV,S13,T_5000,_T,PT_B1GQ,A,10.95
2014,TGO,TAX_REV,S13,T_5000,_T,PT_B1GQ,A,11.727
2015,TGO,TAX_REV,S13,T_5000,_T,PT_B1GQ,A,12.561
2016,TGO,TAX_REV,S13,T_5000,_T,PT_B1GQ,A,12.636
2017,TGO,TAX_REV,S13,T_5000,_T,PT_B1GQ,A,12.398
2018,TGO,TAX_REV,S13,T_5000,_T,PT_B1GQ,A,11.261
2019,TGO,TAX_REV,S13,T_5000,_T,PT_B1GQ,A,11.752
2020,TGO,TAX_REV,S13,T_5000,_T,PT_B1GQ,A,12.13
2021,TGO,TAX_REV,S13,T_5000,_T,PT_B1GQ,A,12.807
2022,TGO,TAX_REV,S13,T_5000,_T,PT_B1GQ,A,13.216
2006,TKL,TAX_REV,S13,T_5000,_T,PT_B1GQ,A,6.332
2007,TKL,TAX_REV,S13,T_5000,_T,PT_B1GQ,A,7.441
2008,TKL,TAX_REV,S13,T_5000,_T,PT_B1GQ,A,8.756
2009,TKL,TAX_REV,S13,T_5000,_T,PT_B1GQ,A,6.955
2010,TKL,TAX_REV,S13,T_5000,_T,PT_B1GQ,A,8.628
2011,TKL,TAX_REV,S13,T_5000,_T,PT_B1GQ,A,7.2
2012,TKL,TAX_REV,S13,T_5000,_T,PT_B1GQ,A,6.786
2013,TKL,TAX_REV,S13,T_5000,_T,PT_B1GQ,A,6.86
2014,TKL,TAX_REV,S13,T_5000,_T,PT_B1GQ,A,8.846
2015,TKL,TAX_REV,S13,T_5000,_T,PT_B1GQ,A,7.39
2016,TKL,TAX_REV,S13,T_5000,_T,PT_B1GQ,A,6.658
2017,TKL,TAX_REV,S13,T_5000,_T,PT_B1GQ,A,7.427
2018,TKL,TAX_REV,S13,T_5000,_T,PT_B1GQ,A,8.8
2019,TKL,TAX_REV,S13,T_5000,_T,PT_B1GQ,A,7.746
2020,TKL,TAX_REV,S13,T_5000,_T,PT_B1GQ,A,8.431
2021,TKL,TAX_REV,S13,T_5000,_T,PT_B1GQ,A,9.191
2022,TKL,TAX_REV,S13,T_5000,_T,PT_B1GQ,A,6.292
2023,TKL,TAX_REV,S13,T_5000,_T,PT_B1GQ,A,7.504
1990,TTO,TAX_REV,S13,T_5000,_T,PT_B1GQ,A,9.736
1991,TTO,TAX_REV,S13,T_5000,_T,PT_B1GQ,A,9.536
1992,TTO,TAX_REV,S13,T_5000,_T,PT_B1GQ,A,10.019
1993,TTO,TAX_REV,S13,T_5000,_T,PT_B1GQ,A,11.429
1994,TTO,TAX_REV,S13,T_5000,_T,PT_B1GQ,A,9.435
1995,TTO,TAX_REV,S13,T_5000,_T,PT_B1GQ,A,8.517
1996,TTO,TAX_REV,S13,T_5000,_T,PT_B1GQ,A,8.174
1997,TTO,TAX_REV,S13,T_5000,_T,PT_B1GQ,A,9.108
1998,TTO,TAX_REV,S13,T_5000,_T,PT_B1GQ,A,7.968
1999,TTO,TAX_REV,S13,T_5000,_T,PT_B1GQ,A,9.258
2000,TTO,TAX_REV,S13,T_5000,_T,PT_B1GQ,A,7.689
2001,TTO,TAX_REV,S13,T_5000,_T,PT_B1GQ,A,7.681
2002,TTO,TAX_REV,S13,T_5000,_T,PT_B1GQ,A,8.34
2003,TTO,TAX_REV,S13,T_5000,_T,PT_B1GQ,A,6.845
2004,TTO,TAX_REV,S13,T_5000,_T,PT_B1GQ,A,7.216
2005,TTO,TAX_REV,S13,T_5000,_T,PT_B1GQ,A,6.326
2006,TTO,TAX_REV,S13,T_5000,_T,PT_B1GQ,A,6.533
2007,TTO,TAX_REV,S13,T_5000,_T,PT_B1GQ,A,6.262
2008,TTO,TAX_REV,S13,T_5000,_T,PT_B1GQ,A,6.175
2009,TTO,TAX_REV,S13,T_5000,_T,PT_B1GQ,A,6.26
2010,TTO,TAX_REV,S13,T_5000,_T,PT_B1GQ,A,6.977
2011,TTO,TAX_REV,S13,T_5000,_T,PT_B1GQ,A,5.58
2012,TTO,TAX_REV,S13,T_5000,_T,PT_B1GQ,A,6.117
2013,TTO,TAX_REV,S13,T_5000,_T,PT_B1GQ,A,6.16
2014,TTO,TAX_REV,S13,T_5000,_T,PT_B1GQ,A,5.623
2015,TTO,TAX_REV,S13,T_5000,_T,PT_B1GQ,A,6.934
2016,TTO,TAX_REV,S13,T_5000,_T,PT_B1GQ,A,7.632
2017,TTO,TAX_REV,S13,T_5000,_T,PT_B1GQ,A,6.243
2018,TTO,TAX_REV,S13,T_5000,_T,PT_B1GQ,A,7.473
2019,TTO,TAX_REV,S13,T_5000,_T,PT_B1GQ,A,6.736
2020,TTO,TAX_REV,S13,T_5000,_T,PT_B1GQ,A,7.547
2021,TTO,TAX_REV,S13,T_5000,_T,PT_B1GQ,A,7.998
2022,TTO,TAX_REV,S13,T_5000,_T,PT_B1GQ,A,5.379
2023,TTO,TAX_REV,S13,T_5000,_T,PT_B1GQ,A,6.198
2000,TUN,TAX_REV,S13,T_5000,_T,PT_B1GQ,A,12.078
2001,TUN,TAX_REV,S13,T_5000,_T,PT_B1GQ,A,12.07
2002,TUN,TAX_REV,S13,T_5000,_T,PT_B1GQ,A,11.634
2003,TUN,TAX_REV,S13,T_5000,_T,PT_B1GQ,A,10.98
2004,TUN,TAX_REV,S13,T_5000,_T,PT_B1GQ,A,10.913
2005,TUN,TAX_REV,S13,T_5000,_T,PT_B1GQ,A,10.398
2006,TUN,TAX_REV,S13,T_5000,_T,PT_B1GQ,A,10.001
2007,TUN,TAX_REV,S13,T_5000,_T,PT_B1GQ,A,9.9
2008,TUN,TAX_REV,S13,T_5000,_T,PT_B1GQ,A,10.48
2009,TUN,TAX_REV,S13,T_5000,_T,PT_B1GQ,A,10.18
2010,TUN,TAX_REV,S13,T_5000,_T,PT_B1GQ,A,10.233
2011,TUN,TAX_REV,S13,T_5000,_T,PT_B1GQ,A,10.135
2012,TUN,TAX_REV,S13,T_5000,_T,PT_B1GQ,A,10.68
2013,TUN,TAX_REV,S13,T_5000,_T,PT_B1GQ,A,10.261
2014,TUN,TAX_REV,S13,T_5000,_T,PT_B1GQ,A,10.662
2015,TUN,TAX_REV,S13,T_5000,_T,PT_B1GQ,A,10.209
2016,TUN,TAX_REV,S13,T_5000,_T,PT_B1GQ,A,9.994
2017,TUN,TAX_REV,S13,T_5000,_T,PT_B1GQ,A,10.455
2018,TUN,TAX_REV,S13,T_5000,_T,PT_B1GQ,A,11.899
2019,TUN,TAX_REV,S13,T_5000,_T,PT_B1GQ,A,11.406
2020,TUN,TAX_REV,S13,T_5000,_T,PT_B1GQ,A,11.182
2021,TUN,TAX_REV,S13,T_5000,_T,PT_B1GQ,A,11.927
2022,TUN,TAX_REV,S13,T_5000,_T,PT_B1GQ,A,12.528
1992,UGA,TAX_REV,S13,T_5000,_T,PT_B1GQ,A,4.145
1993,UGA,TAX_REV,S13,T_5000,_T,PT_B1GQ,A,5.096
1994,UGA,TAX_REV,S13,T_5000,_T,PT_B1GQ,A,5.843
1995,UGA,TAX_REV,S13,T_5000,_T,PT_B1GQ,A,6.423
1996,UGA,TAX_REV,S13,T_5000,_T,PT_B1GQ,A,7.062
1997,UGA,TAX_REV,S13,T_5000,_T,PT_B1GQ,A,7.3
1998,UGA,TAX_REV,S13,T_5000,_T,PT_B1GQ,A,7.019
1999,UGA,TAX_REV,S13,T_5000,_T,PT_B1GQ,A,7.157
2000,UGA,TAX_REV,S13,T_5000,_T,PT_B1GQ,A,6.76
2001,UGA,TAX_REV,S13,T_5000,_T,PT_B1GQ,A,6.511
2002,UGA,TAX_REV,S13,T_5000,_T,PT_B1GQ,A,6.477
2003,UGA,TAX_REV,S13,T_5000,_T,PT_B1GQ,A,6.59
2004,UGA,TAX_REV,S13,T_5000,_T,PT_B1GQ,A,6.61
2005,UGA,TAX_REV,S13,T_5000,_T,PT_B1GQ,A,6.59
2006,UGA,TAX_REV,S13,T_5000,_T,PT_B1GQ,A,6.72
2007,UGA,TAX_REV,S13,T_5000,_T,PT_B1GQ,A,6.7
2008,UGA,TAX_REV,S13,T_5000,_T,PT_B1GQ,A,6.678
2009,UGA,TAX_REV,S13,T_5000,_T,PT_B1GQ,A,6.032
2010,UGA,TAX_REV,S13,T_5000,_T,PT_B1GQ,A,5.573
2011,UGA,TAX_REV,S13,T_5000,_T,PT_B1GQ,A,5.578
2012,UGA,TAX_REV,S13,T_5000,_T,PT_B1GQ,A,5.572
2013,UGA,TAX_REV,S13,T_5000,_T,PT_B1GQ,A,5.739
2014,UGA,TAX_REV,S13,T_5000,_T,PT_B1GQ,A,6.089
2015,UGA,TAX_REV,S13,T_5000,_T,PT_B1GQ,A,6.706
2016,UGA,TAX_REV,S13,T_5000,_T,PT_B1GQ,A,7.106
2020,AUS,TAX_REV,S13,T_2000,_T,PT_B1GQ,A,0.0
2021,AUS,TAX_REV,S13,T_2000,_T,PT_B1GQ,A,0.0
2022,AUS,TAX_REV,S13,T_2000,_T,PT_B1GQ,A,0.0
2005,GNQ,TAX_REV,S13,T_2000,_T,PT_B1GQ,A,0.0
2006,GNQ,TAX_REV,S13,T_2000,_T,PT_B1GQ,A,0.0
2007,GNQ,TAX_REV,S13,T_2000,_T,PT_B1GQ,A,0.0
2008,GNQ,TAX_REV,S13,T_2000,_T,PT_B1GQ,A,0.0
2009,GNQ,TAX_REV,S13,T_2000,_T,PT_B1GQ,A,0.0
2010,GNQ,TAX_REV,S13,T_2000,_T,PT_B1GQ,A,0.0
2011,GNQ,TAX_REV,S13,T_2000,_T,PT_B1GQ,A,0.0
2012,GNQ,TAX_REV,S13,T_2000,_T,PT_B1GQ,A,0.0
2008,FJI,TAX_REV,S13,T_2000,_T,PT_B1GQ,A,0.0
2009,FJI,TAX_REV,S13,T_2000,_T,PT_B1GQ,A,0.0
2010,FJI,TAX_REV,S13,T_2000,_T,PT_B1GQ,A,0.0
2011,FJI,TAX_REV,S13,T_2000,_T,PT_B1GQ,A,0.0
2012,FJI,TAX_REV,S13,T_2000,_T,PT_B1GQ,A,0.0
2013,FJI,TAX_REV,S13,T_2000,_T,PT_B1GQ,A,0.0
2014,FJI,TAX_REV,S13,T_2000,_T,PT_B1GQ,A,0.0
2015,FJI,TAX_REV,S13,T_2000,_T,PT_B1GQ,A,0.0
2016,FJI,TAX_REV,S13,T_2000,_T,PT_B1GQ,A,0.0
2017,FJI,TAX_REV,S13,T_2000,_T,PT_B1GQ,A,0.0
2018,FJI,TAX_REV,S13,T_2000,_T,PT_B1GQ,A,0.0
2019,FJI,TAX_REV,S13,T_2000,_T,PT_B1GQ,A,0.0
2020,FJI,TAX_REV,S13,T_2000,_T,PT_B1GQ,A,0.0
2021,FJI,TAX_REV,S13,T_2000,_T,PT_B1GQ,A,0.0
2022,FJI,TAX_REV,S13,T_2000,_T,PT_B1GQ,A,0.0
2023,FJI,TAX_REV,S13,T_2000,_T,PT_B1GQ,A,0.0
2008,GEO,TAX_REV,S13,T_2000,_T,PT_B1GQ,A,0.0
2009,GEO,TAX_REV,S13,T_2000,_T,PT_B1GQ,A,0.0
2010,GEO,TAX_REV,S13,T_2000,_T,PT_B1GQ,A,0.0
2011,GEO,TAX_REV,S13,T_2000,_T,PT_B1GQ,A,0.0
2012,GEO,TAX_REV,S13,T_2000,_T,PT_B1GQ,A,0.0
2013,GEO,TAX_REV,S13,T_2000,_T,PT_B1GQ,A,0.0
2014,GEO,TAX_REV,S13,T_2000,_T,PT_B1GQ,A,0.0
2015,GEO,TAX_REV,S13,T_2000,_T,PT_B1GQ,A,0.0
2016,GEO,TAX_REV,S13,T_2000,_T,PT_B1GQ,A,0.0
2017,GEO,TAX_REV,S13,T_2000,_T,PT_B1GQ,A,0.0
2018,GEO,TAX_REV,S13,T_2000,_T,PT_B1GQ,A,0.0
2019,GEO,TAX_REV,S13,T_2000,_T,PT_B1GQ,A,0.0
2020,GEO,TAX_REV,S13,T_2000,_T,PT_B1GQ,A,0.0
2021,GEO,TAX_REV,S13,T_2000,_T,PT_B1GQ,A,0.0
2022,GEO,TAX_REV,S13,T_2000,_T,PT_B1GQ,A,0.0
2023,GEO,TAX_REV,S13,T_2000,_T,PT_B1GQ,A,0.0
2010,HKG,TAX_REV,S13,T_2000,_T,PT_B1GQ,A,0.0
2011,HKG,TAX_REV,S13,T_2000,_T,PT_B1GQ,A,0.0
2012,HKG,TAX_REV,S13,T_2000,_T,PT_B1GQ,A,0.0
2013,HKG,TAX_REV,S13,T_2000,_T,PT_B1GQ,A,0.0
2014,HKG,TAX_REV,S13,T_2000,_T,PT_B1GQ,A,0.0
2015,HKG,TAX_REV,S13,T_2000,_T,PT_B1GQ,A,0.0
2016,HKG,TAX_REV,S13,T_2000,_T,PT_B1GQ,A,0.0
2017,HKG,TAX_REV,S13,T_2000,_T,PT_B1GQ,A,0.0
2018,HKG,TAX_REV,S13,T_2000,_T,PT_B1GQ,A,0.0
2019,HKG,TAX_REV,S13,T_2000,_T,PT_B1GQ,A,0.0
2020,HKG,TAX_REV,S13,T_2000,_T,PT_B1GQ,A,0.0
2021,HKG,TAX_REV,S13,T_2000,_T,PT_B1GQ,A,0.0
2022,HKG,TAX_REV,S13,T_2000,_T,PT_B1GQ,A,0.0
2023,HKG,TAX_REV,S13,T_2000,_T,PT_B1GQ,A,0.0
1998,KAZ,TAX_REV,S13,T_2000,_T,PT_B1GQ,A,0.0
1999,KAZ,TAX_REV,S13,T_2000,_T,PT_B1GQ,A,0.0
2000,KAZ,TAX_REV,S13,T_2000,_T,PT_B1GQ,A,0.0
2001,KAZ,TAX_REV,S13,T_2000,_T,PT_B1GQ,A,0.0
2002,KAZ,TAX_REV,S13,T_2000,_T,PT_B1GQ,A,0.0
2003,KAZ,TAX_REV,S13,T_2000,_T,PT_B1GQ,A,0.0
2004,KAZ,TAX_REV,S13,T_2000,_T,PT_B1GQ,A,0.0
2010,KIR,TAX_REV,S13,T_2000,_T,PT_B1GQ,A,0.0
2011,KIR,TAX_REV,S13,T_2000,_T,PT_B1GQ,A,0.0
2012,KIR,TAX_REV,S13,T_2000,_T,PT_B1GQ,A,0.0
2013,KIR,TAX_REV,S13,T_2000,_T,PT_B1GQ,A,0.0
2014,KIR,TAX_REV,S13,T_2000,_T,PT_B1GQ,A,0.0
2015,KIR,TAX_REV,S13,T_2000,_T,PT_B1GQ,A,0.0
2016,KIR,TAX_REV,S13,T_2000,_T,PT_B1GQ,A,0.0
2017,KIR,TAX_REV,S13,T_2000,_T,PT_B1GQ,A,0.0
2018,KIR,TAX_REV,S13,T_2000,_T,PT_B1GQ,A,0.0
2019,KIR,TAX_REV,S13,T_2000,_T,PT_B1GQ,A,0.0
2020,KIR,TAX_REV,S13,T_2000,_T,PT_B1GQ,A,0.0
2021,KIR,TAX_REV,S13,T_2000,_T,PT_B1GQ,A,0.0
2022,KIR,TAX_REV,S13,T_2000,_T,PT_B1GQ,A,0.0
2023,KIR,TAX_REV,S13,T_2000,_T,PT_B1GQ,A,0.0
2004,LSO,TAX_REV,S13,T_2000,_T,PT_B1GQ,A,0.0
2005,LSO,TAX_REV,S13,T_2000,_T,PT_B1GQ,A,0.0
2006,LSO,TAX_REV,S13,T_2000,_T,PT_B1GQ,A,0.0
2007,LSO,TAX_REV,S13,T_2000,_T,PT_B1GQ,A,0.0
2008,LSO,TAX_REV,S13,T_2000,_T,PT_B1GQ,A,0.0
2009,LSO,TAX_REV,S13,T_2000,_T,PT_B1GQ,A,0.0
2010,LSO,TAX_REV,S13,T_2000,_T,PT_B1GQ,A,0.0
2011,LSO,TAX_REV,S13,T_2000,_T,PT_B1GQ,A,0.0
2012,LSO,TAX_REV,S13,T_2000,_T,PT_B1GQ,A,0.0
2013,LSO,TAX_REV,S13,T_2000,_T,PT_B1GQ,A,0.0
2014,LSO,TAX_REV,S13,T_2000,_T,PT_B1GQ,A,0.0
2015,LSO,TAX_REV,S13,T_2000,_T,PT_B1GQ,A,0.0
2016,LSO,TAX_REV,S13,T_2000,_T,PT_B1GQ,A,0.0
2017,LSO,TAX_REV,S13,T_2000,_T,PT_B1GQ,A,0.0
2018,LSO,TAX_REV,S13,T_2000,_T,PT_B1GQ,A,0.0
2019,LSO,TAX_REV,S13,T_2000,_T,PT_B1GQ,A,0.0
2020,LSO,TAX_REV,S13,T_2000,_T,PT_B1GQ,A,0.0
2021,LSO,TAX_REV,S13,T_2000,_T,PT_B1GQ,A,0.0
2022,LSO,TAX_REV,S13,T_2000,_T,PT_B1GQ,A,0.0
2005,MWI,TAX_REV,S13,T_2000,_T,PT_B1GQ,A,0.0
2006,MWI,TAX_REV,S13,T_2000,_T,PT_B1GQ,A,0.0
2007,MWI,TAX_REV,S13,T_2000,_T,PT_B1GQ,A,0.0
2008,MWI,TAX_REV,S13,T_2000,_T,PT_B1GQ,A,0.0
2009,MWI,TAX_REV,S13,T_2000,_T,PT_B1GQ,A,0.0
2010,MWI,TAX_REV,S13,T_2000,_T,PT_B1GQ,A,0.0
2011,MWI,TAX_REV,S13,T_2000,_T,PT_B1GQ,A,0.0
2012,MWI,TAX_REV,S13,T_2000,_T,PT_B1GQ,A,0.0
2013,MWI,TAX_REV,S13,T_2000,_T,PT_B1GQ,A,0.0
2014,MWI,TAX_REV,S13,T_2000,_T,PT_B1GQ,A,0.0
2015,MWI,TAX_REV,S13,T_2000,_T,PT_B1GQ,A,0.0
2016,MWI,TAX_REV,S13,T_2000,_T,PT_B1GQ,A,0.0
2017,MWI,TAX_REV,S13,T_2000,_T,PT_B1GQ,A,0.0
2018,MWI,TAX_REV,S13,T_2000,_T,PT_B1GQ,A,0.0
2019,MWI,TAX_REV,S13,T_2000,_T,PT_B1GQ,A,0.0
2020,MWI,TAX_REV,S13,T_2000,_T,PT_B1GQ,A,0.0
2021,MWI,TAX_REV,S13,T_2000,_T,PT_B1GQ,A,0.0
2022,MWI,TAX_REV,S13,T_2000,_T,PT_B1GQ,A,0.0
2005,MDV,TAX_REV,S13,T_2000,_T,PT_B1GQ,A,0.0
2006,MDV,TAX_REV,S13,T_2000,_T,PT_B1GQ,A,0.0
2007,MDV,TAX_REV,S13,T_2000,_T,PT_B1GQ,A,0.0
2008,MDV,TAX_REV,S13,T_2000,_T,PT_B1GQ,A,0.0
2009,MDV,TAX_REV,S13,T_2000,_T,PT_B1GQ,A,0.0
2010,MDV,TAX_REV,S13,T_2000,_T,PT_B1GQ,A,0.0
2011,MDV,TAX_REV,S13,T_2000,_T,PT_B1GQ,A,0.0
2012,MDV,TAX_REV,S13,T_2000,_T,PT_B1GQ,A,0.0
2013,MDV,TAX_REV,S13,T_2000,_T,PT_B1GQ,A,0.0
2014,MDV,TAX_REV,S13,T_2000,_T,PT_B1GQ,A,0.0
2015,MDV,TAX_REV,S13,T_2000,_T,PT_B1GQ,A,0.0
2016,MDV,TAX_REV,S13,T_2000,_T,PT_B1GQ,A,0.0
2017,MDV,TAX_REV,S13,T_2000,_T,PT_B1GQ,A,0.0
2018,MDV,TAX_REV,S13,T_2000,_T,PT_B1GQ,A,0.0
2019,MDV,TAX_REV,S13,T_2000,_T,PT_B1GQ,A,0.0
2020,MDV,TAX_REV,S13,T_2000,_T,PT_B1GQ,A,0.0
2021,MDV,TAX_REV,S13,T_2000,_T,PT_B1GQ,A,0.0
2022,MDV,TAX_REV,S13,T_2000,_T,PT_B1GQ,A,0.0
2023,MDV,TAX_REV,S13,T_2000,_T,PT_B1GQ,A,0.0
2000,VUT,TAX_REV,S13,T_2000,_T,PT_B1GQ,A,0.0
2001,VUT,TAX_REV,S13,T_2000,_T,PT_B1GQ,A,0.0
2002,VUT,TAX_REV,S13,T_2000,_T,PT_B1GQ,A,0.0
2003,VUT,TAX_REV,S13,T_2000,_T,PT_B1GQ,A,0.0
2004,VUT,TAX_REV,S13,T_2000,_T,PT_B1GQ,A,0.0
2005,VUT,TAX_REV,S13,T_2000,_T,PT_B1GQ,A,0.0
2006,VUT,TAX_REV,S13,T_2000,_T,PT_B1GQ,A,0.0
2007,VUT,TAX_REV,S13,T_2000,_T,PT_B1GQ,A,0.0
2008,VUT,TAX_REV,S13,T_2000,_T,PT_B1GQ,A,0.0
2009,VUT,TAX_REV,S13,T_2000,_T,PT_B1GQ,A,0.0
2010,VUT,TAX_REV,S13,T_2000,_T,PT_B1GQ,A,0.0
2011,VUT,TAX_REV,S13,T_2000,_T,PT_B1GQ,A,0.0
2012,VUT,TAX_REV,S13,T_2000,_T,PT_B1GQ,A,0.0
2013,VUT,TAX_REV,S13,T_2000,_T,PT_B1GQ,A,0.0
2014,VUT,TAX_REV,S13,T_2000,_T,PT_B1GQ,A,0.0
2015,VUT,TAX_REV,S13,T_2000,_T,PT_B1GQ,A,0.0
2016,VUT,TAX_REV,S13,T_2000,_T,PT_B1GQ,A,0.0
2017,VUT,TAX_REV,S13,T_2000,_T,PT_B1GQ,A,0.0
2018,VUT,TAX_REV,S13,T_2000,_T,PT_B1GQ,A,0.0
2019,VUT,TAX_REV,S13,T_2000,_T,PT_B1GQ,A,0.0
2020,VUT,TAX_REV,S13,T_2000,_T,PT_B1GQ,A,0.0
2021,VUT,TAX_REV,S13,T_2000,_T,PT_B1GQ,A,0.0
2022,VUT,TAX_REV,S13,T_2000,_T,PT_B1GQ,A,0.0
2023,VUT,TAX_REV,S13,T_2000,_T,PT_B1GQ,A,0.0
2008,FJI,TAX_REV,S13,T_4000,_T,PT_B1GQ,A,0.0
2009,FJI,TAX_REV,S13,T_4000,_T,PT_B1GQ,A,0.0
2010,FJI,TAX_REV,S13,T_4000,_T,PT_B1GQ,A,0.0
2001,KEN,TAX_REV,S13,T_4000,_T,PT_B1GQ,A,0.0
2002,KEN,TAX_REV,S13,T_4000,_T,PT_B1GQ,A,0.0
2003,KEN,TAX_REV,S13,T_4000,_T,PT_B1GQ,A,0.0
2004,KEN,TAX_REV,S13,T_4000,_T,PT_B1GQ,A,0.0
2010,KIR,TAX_REV,S13,T_4000,_T,PT_B1GQ,A,0.0
2011,KIR,TAX_REV,S13,T_4000,_T,PT_B1GQ,A,0.0
2012,KIR,TAX_REV,S13,T_4000,_T,PT_B1GQ,A,0.0
2013,KIR,TAX_REV,S13,T_4000,_T,PT_B1GQ,A,0.0
2014,KIR,TAX_REV,S13,T_4000,_T,PT_B1GQ,A,0.0
2015,KIR,TAX_REV,S13,T_4000,_T,PT_B1GQ,A,0.0
2016,KIR,TAX_REV,S13,T_4000,_T,PT_B1GQ,A,0.0
2017,KIR,TAX_REV,S13,T_4000,_T,PT_B1GQ,A,0.0
2018,KIR,TAX_REV,S13,T_4000,_T,PT_B1GQ,A,0.0
2019,KIR,TAX_REV,S13,T_4000,_T,PT_B1GQ,A,0.0
2020,KIR,TAX_REV,S13,T_4000,_T,PT_B1GQ,A,0.0
2021,KIR,TAX_REV,S13,T_4000,_T,PT_B1GQ,A,0.0
2022,KIR,TAX_REV,S13,T_4000,_T,PT_B1GQ,A,0.0
2023,KIR,TAX_REV,S13,T_4000,_T,PT_B1GQ,A,0.0
2002,MYS,TAX_REV,S13,T_4000,_T,PT_B1GQ,A,0.0
2003,MYS,TAX_REV,S13,T_4000,_T,PT_B1GQ,A,0.0
2004,MYS,TAX_REV,S13,T_4000,_T,PT_B1GQ,A,0.0
2006,MYS,TAX_REV,S13,T_4000,_T,PT_B1GQ,A,0.0
2008,MYS,TAX_REV,S13,T_4000,_T,PT_B1GQ,A,0.0
2012,MYS,TAX_REV,S13,T_4000,_T,PT_B1GQ,A,0.0
2013,MYS,TAX_REV,S13,T_4000,_T,PT_B1GQ,A,0.0
2014,MYS,TAX_REV,S13,T_4000,_T,PT_B1GQ,A,0.0
2015,MYS,TAX_REV,S13,T_4000,_T,PT_B1GQ,A,0.0
2016,MYS,TAX_REV,S13,T_4000,_T,PT_B1GQ,A,0.0
2017,MYS,TAX_REV,S13,T_4000,_T,PT_B1GQ,A,0.0
2018,MYS,TAX_REV,S13,T_4000,_T,PT_B1GQ,A,0.0
2019,MYS,TAX_REV,S13,T_4000,_T,PT_B1GQ,A,0.0
2020,MYS,TAX_REV,S13,T_4000,_T,PT_B1GQ,A,0.0
2021,MYS,TAX_REV,S13,T_4000,_T,PT_B1GQ,A,0.0
2022,MYS,TAX_REV,S13,T_4000,_T,PT_B1GQ,A,0.0
2023,MYS,TAX_REV,S13,T_4000,_T,PT_B1GQ,A,0.0
2007,MRT,TAX_REV,S13,T_4000,_T,PT_B1GQ,A,0.0
2008,MRT,TAX_REV,S13,T_4000,_T,PT_B1GQ,A,0.0
2000,VUT,TAX_REV,S13,T_1000,_T,PT_B1GQ,A,0.0
2001,VUT,TAX_REV,S13,T_1000,_T,PT_B1GQ,A,0.0
2002,VUT,TAX_REV,S13,T_1000,_T,PT_B1GQ,A,0.0
2003,VUT,TAX_REV,S13,T_1000,_T,PT_B1GQ,A,0.0
2004,VUT,TAX_REV,S13,T_1000,_T,PT_B1GQ,A,0.0
2005,VUT,TAX_REV,S13,T_1000,_T,PT_B1GQ,A,0.0
2006,VUT,TAX_REV,S13,T_1000,_T,PT_B1GQ,A,0.0
2007,VUT,TAX_REV,S13,T_1000,_T,PT_B1GQ,A,0.0
2008,VUT,TAX_REV,S13,T_1000,_T,PT_B1GQ,A,0.0
2009,VUT,TAX_REV,S13,T_1000,_T,PT_B1GQ,A,0.0
2010,VUT,TAX_REV,S13,T_1000,_T,PT_B1GQ,A,0.0
2011,VUT,TAX_REV,S13,T_1000,_T,PT_B1GQ,A,0.0
2012,VUT,TAX_REV,S13,T_1000,_T,PT_B1GQ,A,0.0
2013,VUT,TAX_REV,S13,T_1000,_T,PT_B1GQ,A,0.0
2014,VUT,TAX_REV,S13,T_1000,_T,PT_B1GQ,A,0.0
2015,VUT,TAX_REV,S13,T_1000,_T,PT_B1GQ,A,0.0
2016,VUT,TAX_REV,S13,T_1000,_T,PT_B1GQ,A,0.0
2017,VUT,TAX_REV,S13,T_1000,_T,PT_B1GQ,A,0.0
2018,VUT,TAX_REV,S13,T_1000,_T,PT_B1GQ,A,0.0
2019,VUT,TAX_REV,S13,T_1000,_T,PT_B1GQ,A,0.0
2020,VUT,TAX_REV,S13,T_1000,_T,PT_B1GQ,A,0.0
2021,VUT,TAX_REV,S13,T_1000,_T,PT_B1GQ,A,0.0
2022,VUT,TAX_REV,S13,T_1000,_T,PT_B1GQ,A,0.0
2023,VUT,TAX_REV,S13,T_1000,_T,PT_B1GQ,A,0.0
2020,AUS,TAX_REV,S13,_T,_T,PT_B1GQ,A,28.251
2020,AUS,TAX_REV,S13,T_4000,_T,PT_B1GQ,A,2.849
2020,AUS,TAX_REV,S13,T_5000,_T,PT_B1GQ,A,7.487
2020,AUS,TAX_REV,S13,T_1000,_T,PT_B1GQ,A,16.652
2021,AUS,TAX_REV,S13,T_1000,_T,PT_B1GQ,A,17.929
2021,AUS,TAX_REV,S13,T_5000,_T,PT_B1GQ,A,6.789
2021,AUS,TAX_REV,S13,T_4000,_T,PT_B1GQ,A,3.178
2021,AUS,TAX_REV,S13,_T,_T,PT_B1GQ,A,29.155
2022,AUS,TAX_REV,S13,_T,_T,PT_B1GQ,A,29.398
2022,AUS,TAX_REV,S13,T_4000,_T,PT_B1GQ,A,2.728
2022,AUS,TAX_REV,S13,T_5000,_T,PT_B1GQ,A,6.991
2022,AUS,TAX_REV,S13,T_1000,_T,PT_B1GQ,A,18.3
2017,UGA,TAX_REV,S13,T_4000,_T,PT_B1GQ,A,0.042
2017,UGA,TAX_REV,S13,T_1000,_T,PT_B1GQ,A,3.959
2017,UGA,TAX_REV,S13,T_5000,_T,PT_B1GQ,A,7.368
2017,UGA,TAX_REV,S13,_T,_T,PT_B1GQ,A,11.424
2018,UGA,TAX_REV,S13,_T,_T,PT_B1GQ,A,11.674
2018,UGA,TAX_REV,S13,T_5000,_T,PT_B1GQ,A,7.598
2018,UGA,TAX_REV,S13,T_1000,_T,PT_B1GQ,A,4.001
2018,UGA,TAX_REV,S13,T_4000,_T,PT_B1GQ,A,0.047
2019,UGA,TAX_REV,S13,T_4000,_T,PT_B1GQ,A,0.173
2019,UGA,TAX_REV,S13,T_1000,_T,PT_B1GQ,A,4.253
2019,UGA,TAX_REV,S13,T_5000,_T,PT_B1GQ,A,7.66
2019,UGA,TAX_REV,S13,_T,_T,PT_B1GQ,A,12.082
2020,UGA,TAX_REV,S13,_T,_T,PT_B1GQ,A,11.391
2020,UGA,TAX_REV,S13,T_5000,_T,PT_B1GQ,A,6.942
2020,UGA,TAX_REV,S13,T_1000,_T,PT_B1GQ,A,4.285
2020,UGA,TAX_REV,S13,T_4000,_T,PT_B1GQ,A,0.128
2021,UGA,TAX_REV,S13,T_4000,_T,PT_B1GQ,A,0.171
2021,UGA,TAX_REV,S13,T_1000,_T,PT_B1GQ,A,4.608
2021,UGA,TAX_REV,S13,T_5000,_T,PT_B1GQ,A,7.723
2021,UGA,TAX_REV,S13,_T,_T,PT_B1GQ,A,12.535
2022,UGA,TAX_REV,S13,_T,_T,PT_B1GQ,A,12.503
2022,UGA,TAX_REV,S13,T_5000,_T,PT_B1GQ,A,7.761
2022,UGA,TAX_REV,S13,T_1000,_T,PT_B1GQ,A,4.551
2022,UGA,TAX_REV,S13,T_4000,_T,PT_B1GQ,A,0.182
2010,KIR,TAX_REV,S13,_T,_T,PT_B1GQ,A,15.773
2010,KIR,TAX_REV,S13,T_1000,_T,PT_B1GQ,A,7.428
2010,KIR,TAX_REV,S13,T_5000,_T,PT_B1GQ,A,8.344
2011,KIR,TAX_REV,S13,T_5000,_T,PT_B1GQ,A,8.155
2011,KIR,TAX_REV,S13,T_1000,_T,PT_B1GQ,A,6.195
2011,KIR,TAX_REV,S13,_T,_T,PT_B1GQ,A,14.35
2012,KIR,TAX_REV,S13,_T,_T,PT_B1GQ,A,14.167
2012,KIR,TAX_REV,S13,T_1000,_T,PT_B1GQ,A,6.02
2012,KIR,TAX_REV,S13,T_5000,_T,PT_B1GQ,A,8.148
2013,KIR,TAX_REV,S13,T_5000,_T,PT_B1GQ,A,8.416
2013,KIR,TAX_REV,S13,T_1000,_T,PT_B1GQ,A,5.834
2013,KIR,TAX_REV,S13,_T,_T,PT_B1GQ,A,14.25
2014,KIR,TAX_REV,S13,_T,_T,PT_B1GQ,A,10.869
2014,KIR,TAX_REV,S13,T_1000,_T,PT_B1GQ,A,5.164
2014,KIR,TAX_REV,S13,T_5000,_T,PT_B1GQ,A,5.705
2015,KIR,TAX_REV,S13,T_5000,_T,PT_B1GQ,A,8.127
2015,KIR,TAX_REV,S13,T_1000,_T,PT_B1GQ,A,5.591
2015,KIR,TAX_REV,S13,_T,_T,PT_B1GQ,A,13.718
2016,KIR,TAX_REV,S13,_T,_T,PT_B1GQ,A,13.814
2016,KIR,TAX_REV,S13,T_1000,_T,PT_B1GQ,A,5.668
2016,KIR,TAX_REV,S13,T_5000,_T,PT_B1GQ,A,8.146
2017,KIR,TAX_REV,S13,T_5000,_T,PT_B1GQ,A,8.597
2017,KIR,TAX_REV,S13,T_1000,_T,PT_B1GQ,A,6.188
2017,KIR,TAX_REV,S13,_T,_T,PT_B1GQ,A,14.785
2018,KIR,TAX_REV,S13,_T,_T,PT_B1GQ,A,15.731
2018,KIR,TAX_REV,S13,T_1000,_T,PT_B1GQ,A,6.582
2018,KIR,TAX_REV,S13,T_5000,_T,PT_B1GQ,A,9.149
2019,KIR,TAX_REV,S13,T_5000,_T,PT_B1GQ,A,8.954
2019,KIR,TAX_REV,S13,T_1000,_T,PT_B1GQ,A,6.886
2019,KIR,TAX_REV,S13,_T,_T,PT_B1GQ,A,15.84
2020,KIR,TAX_REV,S13,_T,_T,PT_B1GQ,A,16.091
2020,KIR,TAX_REV,S13,T_1000,_T,PT_B1GQ,A,6.875
2020,KIR,TAX_REV,S13,T_5000,_T,PT_B1GQ,A,9.216
2021,KIR,TAX_REV,S13,T_5000,_T,PT_B1GQ,A,10.445
2021,KIR,TAX_REV,S13,T_1000,_T,PT_B1GQ,A,6.927
2021,KIR,TAX_REV,S13,_T,_T,PT_B1GQ,A,17.372
2022,KIR,TAX_REV,S13,_T,_T,PT_B1GQ,A,16.372
2022,KIR,TAX_REV,S13,T_1000,_T,PT_B1GQ,A,6.984
2022,KIR,TAX_REV,S13,T_5000,_T,PT_B1GQ,A,9.389
2023,KIR,TAX_REV,S13,T_5000,_T,PT_B1GQ,A,10.428
2023,KIR,TAX_REV,S13,T_1000,_T,PT_B1GQ,A,6.481
2023,KIR,TAX_REV,S13,_T,_T,PT_B1GQ,A,16.91
2009,F,TAX_REV,S13,_T,_T,PT_B1GQ,A,14.2
2010,F,TAX_REV,S13,_T,_T,PT_B1GQ,A,14.114
2010,F,TAX_REV,S13,T_4000,_T,PT_B1GQ,A,0.339
2010,F,TAX_REV,S13,T_1000,_T,PT_B1GQ,A,5.328
2010,F,TAX_REV,S13,T_2000,_T,PT_B1GQ,A,1.19
2010,F,TAX_REV,S13,T_5000,_T,PT_B1GQ,A,7.341
2011,F,TAX_REV,S13,T_5000,_T,PT_B1GQ,A,7.499
2011,F,TAX_REV,S13,T_2000,_T,PT_B1GQ,A,1.106
2011,F,TAX_REV,S13,T_1000,_T,PT_B1GQ,A,5.909
2011,F,TAX_REV,S13,T_4000,_T,PT_B1GQ,A,0.306
2011,F,TAX_REV,S13,_T,_T,PT_B1GQ,A,14.803
2012,F,TAX_REV,S13,_T,_T,PT_B1GQ,A,14.847
2012,F,TAX_REV,S13,T_4000,_T,PT_B1GQ,A,0.353
2012,F,TAX_REV,S13,T_1000,_T,PT_B1GQ,A,5.835
2012,F,TAX_REV,S13,T_2000,_T,PT_B1GQ,A,1.121
2012,F,TAX_REV,S13,T_5000,_T,PT_B1GQ,A,7.493
2013,F,TAX_REV,S13,T_5000,_T,PT_B1GQ,A,7.579
2013,F,TAX_REV,S13,T_2000,_T,PT_B1GQ,A,1.149
2013,F,TAX_REV,S13,T_1000,_T,PT_B1GQ,A,5.891
2013,F,TAX_REV,S13,T_4000,_T,PT_B1GQ,A,0.314
2013,F,TAX_REV,S13,_T,_T,PT_B1GQ,A,14.902
2014,F,TAX_REV,S13,_T,_T,PT_B1GQ,A,15.326
2014,F,TAX_REV,S13,T_4000,_T,PT_B1GQ,A,0.318
2014,F,TAX_REV,S13,T_1000,_T,PT_B1GQ,A,5.942
2014,F,TAX_REV,S13,T_2000,_T,PT_B1GQ,A,1.196
2014,F,TAX_REV,S13,T_5000,_T,PT_B1GQ,A,7.907
2015,F,TAX_REV,S13,T_5000,_T,PT_B1GQ,A,8.085
2015,F,TAX_REV,S13,T_2000,_T,PT_B1GQ,A,1.206
2015,F,TAX_REV,S13,T_1000,_T,PT_B1GQ,A,5.735
2015,F,TAX_REV,S13,T_4000,_T,PT_B1GQ,A,0.336
2015,F,TAX_REV,S13,_T,_T,PT_B1GQ,A,15.33
2016,F,TAX_REV,S13,_T,_T,PT_B1GQ,A,15.003
2016,F,TAX_REV,S13,T_4000,_T,PT_B1GQ,A,0.318
2016,F,TAX_REV,S13,T_1000,_T,PT_B1GQ,A,5.54
2016,F,TAX_REV,S13,T_2000,_T,PT_B1GQ,A,1.279
2016,F,TAX_REV,S13,T_5000,_T,PT_B1GQ,A,7.928
2017,F,TAX_REV,S13,T_5000,_T,PT_B1GQ,A,7.851
2017,F,TAX_REV,S13,T_2000,_T,PT_B1GQ,A,1.284
2017,F,TAX_REV,S13,T_1000,_T,PT_B1GQ,A,5.521
2017,F,TAX_REV,S13,T_4000,_T,PT_B1GQ,A,0.3
2017,F,TAX_REV,S13,_T,_T,PT_B1GQ,A,14.897
2018,F,TAX_REV,S13,_T,_T,PT_B1GQ,A,15.153
2018,F,TAX_REV,S13,T_4000,_T,PT_B1GQ,A,0.305
2018,F,TAX_REV,S13,T_1000,_T,PT_B1GQ,A,5.609
2018,F,TAX_REV,S13,T_2000,_T,PT_B1GQ,A,1.288
2018,F,TAX_REV,S13,T_5000,_T,PT_B1GQ,A,7.931
2019,F,TAX_REV,S13,T_5000,_T,PT_B1GQ,A,8.011
2019,F,TAX_REV,S13,T_2000,_T,PT_B1GQ,A,1.331
2019,F,TAX_REV,S13,T_1000,_T,PT_B1GQ,A,5.851
2019,F,TAX_REV,S13,T_4000,_T,PT_B1GQ,A,0.307
2019,F,TAX_REV,S13,_T,_T,PT_B1GQ,A,15.52
2020,F,TAX_REV,S13,_T,_T,PT_B1GQ,A,15.237
2020,F,TAX_REV,S13,T_4000,_T,PT_B1GQ,A,0.301
2020,F,TAX_REV,S13,T_1000,_T,PT_B1GQ,A,5.885
2020,F,TAX_REV,S13,T_2000,_T,PT_B1GQ,A,1.421
2020,F,TAX_REV,S13,T_5000,_T,PT_B1GQ,A,7.6
2021,F,TAX_REV,S13,T_5000,_T,PT_B1GQ,A,7.932
2021,F,TAX_REV,S13,T_2000,_T,PT_B1GQ,A,1.374
2021,F,TAX_REV,S13,T_1000,_T,PT_B1GQ,A,5.879
2021,F,TAX_REV,S13,T_4000,_T,PT_B1GQ,A,0.286
2021,F,TAX_REV,S13,_T,_T,PT_B1GQ,A,15.498
2022,F,TAX_REV,S13,_T,_T,PT_B1GQ,A,15.985
2022,F,TAX_REV,S13,T_4000,_T,PT_B1GQ,A,0.267
2022,F,TAX_REV,S13,T_1000,_T,PT_B1GQ,A,6.258
2022,F,TAX_REV,S13,T_2000,_T,PT_B1GQ,A,1.379
2022,F,TAX_REV,S13,T_5000,_T,PT_B1GQ,A,8.053
2004,LSO,TAX_REV,S13,T_5000,_T,PT_B1GQ,A,6.601
2004,LSO,TAX_REV,S13,T_1000,_T,PT_B1GQ,A,9.022
2004,LSO,TAX_REV,S13,_T,_T,PT_B1GQ,A,15.623
2005,LSO,TAX_REV,S13,_T,_T,PT_B1GQ,A,14.274
2005,LSO,TAX_REV,S13,T_1000,_T,PT_B1GQ,A,8.352
2005,LSO,TAX_REV,S13,T_5000,_T,PT_B1GQ,A,5.922
2006,LSO,TAX_REV,S13,T_5000,_T,PT_B1GQ,A,5.903
2006,LSO,TAX_REV,S13,T_1000,_T,PT_B1GQ,A,8.039
2006,LSO,TAX_REV,S13,_T,_T,PT_B1GQ,A,13.942
2007,LSO,TAX_REV,S13,_T,_T,PT_B1GQ,A,16.504
2007,LSO,TAX_REV,S13,T_1000,_T,PT_B1GQ,A,9.741
2007,LSO,TAX_REV,S13,T_5000,_T,PT_B1GQ,A,6.762
2008,LSO,TAX_REV,S13,T_5000,_T,PT_B1GQ,A,6.749
2008,LSO,TAX_REV,S13,T_1000,_T,PT_B1GQ,A,10.541
2008,LSO,TAX_REV,S13,_T,_T,PT_B1GQ,A,17.289
2009,LSO,TAX_REV,S13,_T,_T,PT_B1GQ,A,18.579
2009,LSO,TAX_REV,S13,T_1000,_T,PT_B1GQ,A,11.749
2009,LSO,TAX_REV,S13,T_5000,_T,PT_B1GQ,A,6.83
2010,LSO,TAX_REV,S13,T_5000,_T,PT_B1GQ,A,7.559
2010,LSO,TAX_REV,S13,T_1000,_T,PT_B1GQ,A,11.773
2010,LSO,TAX_REV,S13,_T,_T,PT_B1GQ,A,19.332
2011,LSO,TAX_REV,S13,_T,_T,PT_B1GQ,A,19.71
2011,LSO,TAX_REV,S13,T_1000,_T,PT_B1GQ,A,12.551
2011,LSO,TAX_REV,S13,T_5000,_T,PT_B1GQ,A,7.159
2012,LSO,TAX_REV,S13,T_5000,_T,PT_B1GQ,A,7.823
2012,LSO,TAX_REV,S13,T_1000,_T,PT_B1GQ,A,11.23
2012,LSO,TAX_REV,S13,_T,_T,PT_B1GQ,A,21.228
2013,LSO,TAX_REV,S13,_T,_T,PT_B1GQ,A,18.615
2013,LSO,TAX_REV,S13,T_1000,_T,PT_B1GQ,A,11.323
2013,LSO,TAX_REV,S13,T_5000,_T,PT_B1GQ,A,7.293
2014,LSO,TAX_REV,S13,T_5000,_T,PT_B1GQ,A,7.727
2014,LSO,TAX_REV,S13,T_1000,_T,PT_B1GQ,A,11.19
2014,LSO,TAX_REV,S13,_T,_T,PT_B1GQ,A,18.916
2015,LSO,TAX_REV,S13,_T,_T,PT_B1GQ,A,19.345
2015,LSO,TAX_REV,S13,T_1000,_T,PT_B1GQ,A,12.028
2015,LSO,TAX_REV,S13,T_5000,_T,PT_B1GQ,A,7.316
2016,LSO,TAX_REV,S13,T_5000,_T,PT_B1GQ,A,7.29
2016,LSO,TAX_REV,S13,T_1000,_T,PT_B1GQ,A,12.042
2016,LSO,TAX_REV,S13,_T,_T,PT_B1GQ,A,19.332
2017,LSO,TAX_REV,S13,_T,_T,PT_B1GQ,A,19.344
2017,LSO,TAX_REV,S13,T_1000,_T,PT_B1GQ,A,11.348
2017,LSO,TAX_REV,S13,T_5000,_T,PT_B1GQ,A,7.996
2018,LSO,TAX_REV,S13,T_5000,_T,PT_B1GQ,A,9.367
2018,LSO,TAX_REV,S13,T_1000,_T,PT_B1GQ,A,12.067
2018,LSO,TAX_REV,S13,_T,_T,PT_B1GQ,A,21.434
2019,LSO,TAX_REV,S13,_T,_T,PT_B1GQ,A,21.097
2019,LSO,TAX_REV,S13,T_1000,_T,PT_B1GQ,A,11.805
2019,LSO,TAX_REV,S13,T_5000,_T,PT_B1GQ,A,9.292
2020,LSO,TAX_REV,S13,T_5000,_T,PT_B1GQ,A,8.843
2020,LSO,TAX_REV,S13,T_1000,_T,PT_B1GQ,A,10.932
2020,LSO,TAX_REV,S13,_T,_T,PT_B1GQ,A,19.775
2021,LSO,TAX_REV,S13,_T,_T,PT_B1GQ,A,21.717
2021,LSO,TAX_REV,S13,T_1000,_T,PT_B1GQ,A,11.546
2021,LSO,TAX_REV,S13,T_5000,_T,PT_B1GQ,A,10.17
2022,LSO,TAX_REV,S13,T_5000,_T,PT_B1GQ,A,10.362
2022,LSO,TAX_REV,S13,T_1000,_T,PT_B1GQ,A,10.951
2022,LSO,TAX_REV,S13,_T,_T,PT_B1GQ,A,21.313
2000,VUT,TAX_REV,S13,T_4000,_T,PT_B1GQ,A,0.523
2000,VUT,TAX_REV,S13,T_5000,_T,PT_B1GQ,A,15.763
2000,VUT,TAX_REV,S13,_T,_T,PT_B1GQ,A,16.287
2001,VUT,TAX_REV,S13,_T,_T,PT_B1GQ,A,16.574
2001,VUT,TAX_REV,S13,T_5000,_T,PT_B1GQ,A,15.459
2001,VUT,TAX_REV,S13,T_4000,_T,PT_B1GQ,A,1.115
2002,VUT,TAX_REV,S13,T_4000,_T,PT_B1GQ,A,0.906
2002,VUT,TAX_REV,S13,T_5000,_T,PT_B1GQ,A,15.517
2002,VUT,TAX_REV,S13,_T,_T,PT_B1GQ,A,16.423
2003,VUT,TAX_REV,S13,_T,_T,PT_B1GQ,A,16.284
2003,VUT,TAX_REV,S13,T_5000,_T,PT_B1GQ,A,15.669
2003,VUT,TAX_REV,S13,T_4000,_T,PT_B1GQ,A,0.614
2004,VUT,TAX_REV,S13,T_4000,_T,PT_B1GQ,A,0.664
2004,VUT,TAX_REV,S13,T_5000,_T,PT_B1GQ,A,16.232
2004,VUT,TAX_REV,S13,_T,_T,PT_B1GQ,A,16.896
2005,VUT,TAX_REV,S13,_T,_T,PT_B1GQ,A,17.062
2005,VUT,TAX_REV,S13,T_5000,_T,PT_B1GQ,A,16.443
2005,VUT,TAX_REV,S13,T_4000,_T,PT_B1GQ,A,0.619
2006,VUT,TAX_REV,S13,T_4000,_T,PT_B1GQ,A,0.747
2006,VUT,TAX_REV,S13,T_5000,_T,PT_B1GQ,A,16.716
2006,VUT,TAX_REV,S13,_T,_T,PT_B1GQ,A,17.463
2007,VUT,TAX_REV,S13,_T,_T,PT_B1GQ,A,19.409
2007,VUT,TAX_REV,S13,T_5000,_T,PT_B1GQ,A,18.56
2007,VUT,TAX_REV,S13,T_4000,_T,PT_B1GQ,A,0.849
2008,VUT,TAX_REV,S13,T_4000,_T,PT_B1GQ,A,0.662
2008,VUT,TAX_REV,S13,T_5000,_T,PT_B1GQ,A,19.119
2008,VUT,TAX_REV,S13,_T,_T,PT_B1GQ,A,19.78
2009,VUT,TAX_REV,S13,_T,_T,PT_B1GQ,A,18.169
2009,VUT,TAX_REV,S13,T_5000,_T,PT_B1GQ,A,17.159
2009,VUT,TAX_REV,S13,T_4000,_T,PT_B1GQ,A,1.01
2010,VUT,TAX_REV,S13,T_4000,_T,PT_B1GQ,A,0.747
2010,VUT,TAX_REV,S13,T_5000,_T,PT_B1GQ,A,16.314
2010,VUT,TAX_REV,S13,_T,_T,PT_B1GQ,A,17.061
2011,VUT,TAX_REV,S13,_T,_T,PT_B1GQ,A,16.879
2011,VUT,TAX_REV,S13,T_5000,_T,PT_B1GQ,A,16.254
2011,VUT,TAX_REV,S13,T_4000,_T,PT_B1GQ,A,0.625
2012,VUT,TAX_REV,S13,T_4000,_T,PT_B1GQ,A,0.791
2012,VUT,TAX_REV,S13,T_5000,_T,PT_B1GQ,A,16.529
2012,VUT,TAX_REV,S13,_T,_T,PT_B1GQ,A,17.321
2013,VUT,TAX_REV,S13,_T,_T,PT_B1GQ,A,18.201
2013,VUT,TAX_REV,S13,T_5000,_T,PT_B1GQ,A,17.698
2013,VUT,TAX_REV,S13,T_4000,_T,PT_B1GQ,A,0.503
2014,VUT,TAX_REV,S13,T_4000,_T,PT_B1GQ,A,0.573
2014,VUT,TAX_REV,S13,T_5000,_T,PT_B1GQ,A,17.75
2014,VUT,TAX_REV,S13,_T,_T,PT_B1GQ,A,18.323
2015,VUT,TAX_REV,S13,_T,_T,PT_B1GQ,A,16.919
2015,VUT,TAX_REV,S13,T_5000,_T,PT_B1GQ,A,16.415
2015,VUT,TAX_REV,S13,T_4000,_T,PT_B1GQ,A,0.504
2016,VUT,TAX_REV,S13,T_4000,_T,PT_B1GQ,A,0.452
2016,VUT,TAX_REV,S13,T_5000,_T,PT_B1GQ,A,15.277
2016,VUT,TAX_REV,S13,_T,_T,PT_B1GQ,A,15.73
2017,VUT,TAX_REV,S13,_T,_T,PT_B1GQ,A,17.125
2017,VUT,TAX_REV,S13,T_5000,_T,PT_B1GQ,A,16.61
2017,VUT,TAX_REV,S13,T_4000,_T,PT_B1GQ,A,0.514
2018,VUT,TAX_REV,S13,T_4000,_T,PT_B1GQ,A,0.562
2018,VUT,TAX_REV,S13,T_5000,_T,PT_B1GQ,A,17.276
2018,VUT,TAX_REV,S13,_T,_T,PT_B1GQ,A,17.838
2019,VUT,TAX_REV,S13,_T,_T,PT_B1GQ,A,16.989
2019,VUT,TAX_REV,S13,T_5000,_T,PT_B1GQ,A,16.385
2019,VUT,TAX_REV,S13,T_4000,_T,PT_B1GQ,A,0.603
2020,VUT,TAX_REV,S13,T_4000,_T,PT_B1GQ,A,0.472
2020,VUT,TAX_REV,S13,T_5000,_T,PT_B1GQ,A,13.568
2020,VUT,TAX_REV,S13,_T,_T,PT_B1GQ,A,14.04
2021,VUT,TAX_REV,S13,_T,_T,PT_B1GQ,A,11.097
2021,VUT,TAX_REV,S13,T_5000,_T,PT_B1GQ,A,10.809
2021,VUT,TAX_REV,S13,T_4000,_T,PT_B1GQ,A,0.288
2022,VUT,TAX_REV,S13,T_4000,_T,PT_B1GQ,A,0.383
2022,VUT,TAX_REV,S13,T_5000,_T,PT_B1GQ,A,15.401
2022,VUT,TAX_REV,S13,_T,_T,PT_B1GQ,A,15.784
2023,VUT,TAX_REV,S13,_T,_T,PT_B1GQ,A,18.583
2023,VUT,TAX_REV,S13,T_5000,_T,PT_B1GQ,A,18.204
2023,VUT,TAX_REV,S13,T_4000,_T,PT_B1GQ,A,0.378
2005,MDV,TAX_REV,S13,T_1000,_T,PT_B1GQ,A,0.442
2005,MDV,TAX_REV,S13,T_5000,_T,PT_B1GQ,A,10.682
2005,MDV,TAX_REV,S13,_T,_T,PT_B1GQ,A,11.143
2005,MDV,TAX_REV,S13,T_4000,_T,PT_B1GQ,A,0.02
2006,MDV,TAX_REV,S13,T_4000,_T,PT_B1GQ,A,0.105
2006,MDV,TAX_REV,S13,_T,_T,PT_B1GQ,A,11.369
2006,MDV,TAX_REV,S13,T_5000,_T,PT_B1GQ,A,10.811
2006,MDV,TAX_REV,S13,T_1000,_T,PT_B1GQ,A,0.453
2007,MDV,TAX_REV,S13,T_1000,_T,PT_B1GQ,A,0.707
2007,MDV,TAX_REV,S13,T_5000,_T,PT_B1GQ,A,11.013
2007,MDV,TAX_REV,S13,_T,_T,PT_B1GQ,A,11.771
2007,MDV,TAX_REV,S13,T_4000,_T,PT_B1GQ,A,0.051
2008,MDV,TAX_REV,S13,T_4000,_T,PT_B1GQ,A,0.047
2008,MDV,TAX_REV,S13,_T,_T,PT_B1GQ,A,11.245
2008,MDV,TAX_REV,S13,T_5000,_T,PT_B1GQ,A,10.37
2008,MDV,TAX_REV,S13,T_1000,_T,PT_B1GQ,A,0.828
2009,MDV,TAX_REV,S13,T_1000,_T,PT_B1GQ,A,0.819
2009,MDV,TAX_REV,S13,T_5000,_T,PT_B1GQ,A,7.934
2009,MDV,TAX_REV,S13,_T,_T,PT_B1GQ,A,8.773
2009,MDV,TAX_REV,S13,T_4000,_T,PT_B1GQ,A,0.02
2010,MDV,TAX_REV,S13,T_4000,_T,PT_B1GQ,A,0.04
2010,MDV,TAX_REV,S13,_T,_T,PT_B1GQ,A,8.769
2010,MDV,TAX_REV,S13,T_5000,_T,PT_B1GQ,A,8.116
2010,MDV,TAX_REV,S13,T_1000,_T,PT_B1GQ,A,0.613
2011,MDV,TAX_REV,S13,T_1000,_T,PT_B1GQ,A,0.653
2011,MDV,TAX_REV,S13,T_5000,_T,PT_B1GQ,A,11.313
2011,MDV,TAX_REV,S13,_T,_T,PT_B1GQ,A,11.986
2011,MDV,TAX_REV,S13,T_4000,_T,PT_B1GQ,A,0.02
2012,MDV,TAX_REV,S13,T_4000,_T,PT_B1GQ,A,0.037
2012,MDV,TAX_REV,S13,_T,_T,PT_B1GQ,A,15.252
2012,MDV,TAX_REV,S13,T_5000,_T,PT_B1GQ,A,11.349
2012,MDV,TAX_REV,S13,T_1000,_T,PT_B1GQ,A,3.866
2013,MDV,TAX_REV,S13,T_1000,_T,PT_B1GQ,A,4.416
2013,MDV,TAX_REV,S13,T_5000,_T,PT_B1GQ,A,12.8
2013,MDV,TAX_REV,S13,_T,_T,PT_B1GQ,A,17.258
2013,MDV,TAX_REV,S13,T_4000,_T,PT_B1GQ,A,0.043
2014,MDV,TAX_REV,S13,T_4000,_T,PT_B1GQ,A,0.054
2014,MDV,TAX_REV,S13,_T,_T,PT_B1GQ,A,18.835
2014,MDV,TAX_REV,S13,T_5000,_T,PT_B1GQ,A,13.587
2014,MDV,TAX_REV,S13,T_1000,_T,PT_B1GQ,A,5.194
2015,MDV,TAX_REV,S13,T_1000,_T,PT_B1GQ,A,5.021
2015,MDV,TAX_REV,S13,T_5000,_T,PT_B1GQ,A,14.081
2015,MDV,TAX_REV,S13,_T,_T,PT_B1GQ,A,19.154
2015,MDV,TAX_REV,S13,T_4000,_T,PT_B1GQ,A,0.052
2016,MDV,TAX_REV,S13,T_4000,_T,PT_B1GQ,A,0.036
2016,MDV,TAX_REV,S13,_T,_T,PT_B1GQ,A,19.441
2016,MDV,TAX_REV,S13,T_5000,_T,PT_B1GQ,A,14.624
2016,MDV,TAX_REV,S13,T_1000,_T,PT_B1GQ,A,4.78
2017,MDV,TAX_REV,S13,T_1000,_T,PT_B1GQ,A,4.489
2017,MDV,TAX_REV,S13,T_5000,_T,PT_B1GQ,A,15.109
2017,MDV,TAX_REV,S13,_T,_T,PT_B1GQ,A,19.729
2017,MDV,TAX_REV,S13,T_4000,_T,PT_B1GQ,A,0.13
2018,MDV,TAX_REV,S13,T_4000,_T,PT_B1GQ,A,0.048
2018,MDV,TAX_REV,S13,_T,_T,PT_B1GQ,A,18.887
2018,MDV,TAX_REV,S13,T_5000,_T,PT_B1GQ,A,14.902
2018,MDV,TAX_REV,S13,T_1000,_T,PT_B1GQ,A,3.937
2019,MDV,TAX_REV,S13,T_1000,_T,PT_B1GQ,A,3.988
2019,MDV,TAX_REV,S13,T_5000,_T,PT_B1GQ,A,14.583
2019,MDV,TAX_REV,S13,_T,_T,PT_B1GQ,A,18.607
2019,MDV,TAX_REV,S13,T_4000,_T,PT_B1GQ,A,0.036
2020,MDV,TAX_REV,S13,T_4000,_T,PT_B1GQ,A,0.002
2020,MDV,TAX_REV,S13,_T,_T,PT_B1GQ,A,19.035
2020,MDV,TAX_REV,S13,T_5000,_T,PT_B1GQ,A,12.634
2020,MDV,TAX_REV,S13,T_1000,_T,PT_B1GQ,A,6.4
2021,MDV,TAX_REV,S13,T_1000,_T,PT_B1GQ,A,3.396
2021,MDV,TAX_REV,S13,T_5000,_T,PT_B1GQ,A,14.678
2021,MDV,TAX_REV,S13,_T,_T,PT_B1GQ,A,18.083
2021,MDV,TAX_REV,S13,T_4000,_T,PT_B1GQ,A,0.008
2022,MDV,TAX_REV,S13,T_4000,_T,PT_B1GQ,A,0.004
2022,MDV,TAX_REV,S13,_T,_T,PT_B1GQ,A,20.404
2022,MDV,TAX_REV,S13,T_5000,_T,PT_B1GQ,A,15.868
2022,MDV,TAX_REV,S13,T_1000,_T,PT_B1GQ,A,4.532
2023,MDV,TAX_REV,S13,T_1000,_T,PT_B1GQ,A,5.128
2023,MDV,TAX_REV,S13,T_5000,_T,PT_B1GQ,A,18.446
2023,MDV,TAX_REV,S13,_T,_T,PT_B1GQ,A,23.578
2023,MDV,TAX_REV,S13,T_4000,_T,PT_B1GQ,A,0.003
2012,ZMB,TAX_REV,S13,T_4000,_T,PT_B1GQ,A,0.061
2012,ZMB,TAX_REV,S13,T_5000,_T,PT_B1GQ,A,6.929
2012,ZMB,TAX_REV,S13,T_1000,_T,PT_B1GQ,A,7.739
2012,ZMB,TAX_REV,S13,_T,_T,PT_B1GQ,A,14.729
2013,ZMB,TAX_REV,S13,_T,_T,PT_B1GQ,A,14.149
2013,ZMB,TAX_REV,S13,T_1000,_T,PT_B1GQ,A,6.365
2013,ZMB,TAX_REV,S13,T_5000,_T,PT_B1GQ,A,7.671
2013,ZMB,TAX_REV,S13,T_4000,_T,PT_B1GQ,A,0.114
2014,ZMB,TAX_REV,S13,T_4000,_T,PT_B1GQ,A,0.12
2014,ZMB,TAX_REV,S13,T_5000,_T,PT_B1GQ,A,8.282
2014,ZMB,TAX_REV,S13,T_1000,_T,PT_B1GQ,A,6.88
2014,ZMB,TAX_REV,S13,_T,_T,PT_B1GQ,A,15.282
2015,ZMB,TAX_REV,S13,_T,_T,PT_B1GQ,A,14.289
2015,ZMB,TAX_REV,S13,T_1000,_T,PT_B1GQ,A,6.766
2015,ZMB,TAX_REV,S13,T_5000,_T,PT_B1GQ,A,7.35
2015,ZMB,TAX_REV,S13,T_4000,_T,PT_B1GQ,A,0.172
2016,ZMB,TAX_REV,S13,T_4000,_T,PT_B1GQ,A,0.155
2016,ZMB,TAX_REV,S13,T_5000,_T,PT_B1GQ,A,6.145
2016,ZMB,TAX_REV,S13,T_1000,_T,PT_B1GQ,A,6.732
2016,ZMB,TAX_REV,S13,_T,_T,PT_B1GQ,A,13.031
2017,ZMB,TAX_REV,S13,_T,_T,PT_B1GQ,A,14.894
2017,ZMB,TAX_REV,S13,T_1000,_T,PT_B1GQ,A,6.517
2017,ZMB,TAX_REV,S13,T_5000,_T,PT_B1GQ,A,8.204
2017,ZMB,TAX_REV,S13,T_4000,_T,PT_B1GQ,A,0.109
2018,ZMB,TAX_REV,S13,T_4000,_T,PT_B1GQ,A,0.079
2018,ZMB,TAX_REV,S13,T_5000,_T,PT_B1GQ,A,8.806
2018,ZMB,TAX_REV,S13,T_1000,_T,PT_B1GQ,A,7.218
2018,ZMB,TAX_REV,S13,_T,_T,PT_B1GQ,A,16.166
2019,ZMB,TAX_REV,S13,_T,_T,PT_B1GQ,A,16.215
2019,ZMB,TAX_REV,S13,T_1000,_T,PT_B1GQ,A,7.887
2019,ZMB,TAX_REV,S13,T_5000,_T,PT_B1GQ,A,8.145
2019,ZMB,TAX_REV,S13,T_4000,_T,PT_B1GQ,A,0.123
2020,ZMB,TAX_REV,S13,T_4000,_T,PT_B1GQ,A,0.101
2020,ZMB,TAX_REV,S13,T_5000,_T,PT_B1GQ,A,6.916
2020,ZMB,TAX_REV,S13,T_1000,_T,PT_B1GQ,A,8.64
2020,ZMB,TAX_REV,S13,_T,_T,PT_B1GQ,A,15.708
2021,ZMB,TAX_REV,S13,_T,_T,PT_B1GQ,A,16.15
2021,ZMB,TAX_REV,S13,T_1000,_T,PT_B1GQ,A,9.477
2021,ZMB,TAX_REV,S13,T_5000,_T,PT_B1GQ,A,6.539
2021,ZMB,TAX_REV,S13,T_4000,_T,PT_B1GQ,A,0.084
2022,ZMB,TAX_REV,S13,T_4000,_T,PT_B1GQ,A,0.09
2022,ZMB,TAX_REV,S13,T_5000,_T,PT_B1GQ,A,6.461
2022,ZMB,TAX_REV,S13,T_1000,_T,PT_B1GQ,A,9.562
2022,ZMB,TAX_REV,S13,_T,_T,PT_B1GQ,A,16.158
2005,MWI,TAX_REV,S13,_T,_T,PT_B1GQ,A,8.959
2005,MWI,TAX_REV,S13,T_5000,_T,PT_B1GQ,A,5.122
2005,MWI,TAX_REV,S13,T_1000,_T,PT_B1GQ,A,3.822
2006,MWI,TAX_REV,S13,T_1000,_T,PT_B1GQ,A,3.787
2006,MWI,TAX_REV,S13,T_5000,_T,PT_B1GQ,A,5.164
2006,MWI,TAX_REV,S13,_T,_T,PT_B1GQ,A,8.962
2007,MWI,TAX_REV,S13,_T,_T,PT_B1GQ,A,9.687
2007,MWI,TAX_REV,S13,T_5000,_T,PT_B1GQ,A,5.563
2007,MWI,TAX_REV,S13,T_1000,_T,PT_B1GQ,A,4.115
2008,MWI,TAX_REV,S13,T_1000,_T,PT_B1GQ,A,4.16
2008,MWI,TAX_REV,S13,T_5000,_T,PT_B1GQ,A,6.175
2008,MWI,TAX_REV,S13,_T,_T,PT_B1GQ,A,10.344
2009,MWI,TAX_REV,S13,_T,_T,PT_B1GQ,A,10.884
2009,MWI,TAX_REV,S13,T_5000,_T,PT_B1GQ,A,6.354
2009,MWI,TAX_REV,S13,T_1000,_T,PT_B1GQ,A,4.519
2010,MWI,TAX_REV,S13,T_1000,_T,PT_B1GQ,A,4.996
2010,MWI,TAX_REV,S13,T_5000,_T,PT_B1GQ,A,6.274
2010,MWI,TAX_REV,S13,_T,_T,PT_B1GQ,A,11.293
2011,MWI,TAX_REV,S13,_T,_T,PT_B1GQ,A,11.578
2011,MWI,TAX_REV,S13,T_5000,_T,PT_B1GQ,A,6.447
2011,MWI,TAX_REV,S13,T_1000,_T,PT_B1GQ,A,5.111
2012,MWI,TAX_REV,S13,T_1000,_T,PT_B1GQ,A,4.679
2012,MWI,TAX_REV,S13,T_5000,_T,PT_B1GQ,A,5.581
2012,MWI,TAX_REV,S13,_T,_T,PT_B1GQ,A,10.28
2013,MWI,TAX_REV,S13,_T,_T,PT_B1GQ,A,11.491
2013,MWI,TAX_REV,S13,T_5000,_T,PT_B1GQ,A,6.141
2013,MWI,TAX_REV,S13,T_1000,_T,PT_B1GQ,A,5.328
2014,MWI,TAX_REV,S13,T_1000,_T,PT_B1GQ,A,5.684
2014,MWI,TAX_REV,S13,T_5000,_T,PT_B1GQ,A,6.998
2014,MWI,TAX_REV,S13,_T,_T,PT_B1GQ,A,12.697
2015,MWI,TAX_REV,S13,_T,_T,PT_B1GQ,A,11.951
2015,MWI,TAX_REV,S13,T_5000,_T,PT_B1GQ,A,6.123
2015,MWI,TAX_REV,S13,T_1000,_T,PT_B1GQ,A,5.815
2016,MWI,TAX_REV,S13,T_1000,_T,PT_B1GQ,A,5.822
2016,MWI,TAX_REV,S13,T_5000,_T,PT_B1GQ,A,6.184
2016,MWI,TAX_REV,S13,_T,_T,PT_B1GQ,A,12.018
2017,MWI,TAX_REV,S13,_T,_T,PT_B1GQ,A,13.172
2017,MWI,TAX_REV,S13,T_5000,_T,PT_B1GQ,A,6.754
2017,MWI,TAX_REV,S13,T_1000,_T,PT_B1GQ,A,6.39
2018,MWI,TAX_REV,S13,T_1000,_T,PT_B1GQ,A,6.149
2018,MWI,TAX_REV,S13,T_5000,_T,PT_B1GQ,A,6.642
2018,MWI,TAX_REV,S13,_T,_T,PT_B1GQ,A,12.797
2019,MWI,TAX_REV,S13,_T,_T,PT_B1GQ,A,12.538
2019,MWI,TAX_REV,S13,T_5000,_T,PT_B1GQ,A,6.567
2019,MWI,TAX_REV,S13,T_1000,_T,PT_B1GQ,A,5.962
2020,MWI,TAX_REV,S13,T_1000,_T,PT_B1GQ,A,5.947
2020,MWI,TAX_REV,S13,T_5000,_T,PT_B1GQ,A,6.625
2020,MWI,TAX_REV,S13,_T,_T,PT_B1GQ,A,12.573
2021,MWI,TAX_REV,S13,_T,_T,PT_B1GQ,A,12.351
2021,MWI,TAX_REV,S13,T_5000,_T,PT_B1GQ,A,6.595
2021,MWI,TAX_REV,S13,T_1000,_T,PT_B1GQ,A,5.746
2022,MWI,TAX_REV,S13,T_1000,_T,PT_B1GQ,A,5.666
2022,MWI,TAX_REV,S13,T_5000,_T,PT_B1GQ,A,6.843
2022,MWI,TAX_REV,S13,_T,_T,PT_B1GQ,A,12.521
2010,LAO,TAX_REV,S13,T_1000,_T,PT_B1GQ,A,2.601
2010,LAO,TAX_REV,S13,T_5000,_T,PT_B1GQ,A,8.73
2010,LAO,TAX_REV,S13,_T,_T,PT_B1GQ,A,11.454
2010,LAO,TAX_REV,S13,T_4000,_T,PT_B1GQ,A,0.123
2011,LAO,TAX_REV,S13,T_4000,_T,PT_B1GQ,A,0.135
2011,LAO,TAX_REV,S13,_T,_T,PT_B1GQ,A,12.07
2011,LAO,TAX_REV,S13,T_5000,_T,PT_B1GQ,A,8.482
2011,LAO,TAX_REV,S13,T_1000,_T,PT_B1GQ,A,3.452
2012,LAO,TAX_REV,S13,T_1000,_T,PT_B1GQ,A,3.404
2012,LAO,TAX_REV,S13,T_5000,_T,PT_B1GQ,A,8.746
2012,LAO,TAX_REV,S13,_T,_T,PT_B1GQ,A,12.221
2012,LAO,TAX_REV,S13,T_4000,_T,PT_B1GQ,A,0.072
2013,LAO,TAX_REV,S13,T_4000,_T,PT_B1GQ,A,0.192
2013,LAO,TAX_REV,S13,_T,_T,PT_B1GQ,A,12.922
2013,LAO,TAX_REV,S13,T_5000,_T,PT_B1GQ,A,9.452
2013,LAO,TAX_REV,S13,T_1000,_T,PT_B1GQ,A,3.278
2014,LAO,TAX_REV,S13,T_1000,_T,PT_B1GQ,A,2.733
2014,LAO,TAX_REV,S13,T_5000,_T,PT_B1GQ,A,9.445
2014,LAO,TAX_REV,S13,_T,_T,PT_B1GQ,A,12.285
2014,LAO,TAX_REV,S13,T_4000,_T,PT_B1GQ,A,0.107
2015,LAO,TAX_REV,S13,T_4000,_T,PT_B1GQ,A,0.111
2015,LAO,TAX_REV,S13,_T,_T,PT_B1GQ,A,12.553
2015,LAO,TAX_REV,S13,T_5000,_T,PT_B1GQ,A,9.588
2015,LAO,TAX_REV,S13,T_1000,_T,PT_B1GQ,A,2.854
2016,LAO,TAX_REV,S13,T_1000,_T,PT_B1GQ,A,2.61
2016,LAO,TAX_REV,S13,T_5000,_T,PT_B1GQ,A,9.215
2016,LAO,TAX_REV,S13,_T,_T,PT_B1GQ,A,11.907
2016,LAO,TAX_REV,S13,T_4000,_T,PT_B1GQ,A,0.081
2017,LAO,TAX_REV,S13,T_4000,_T,PT_B1GQ,A,0.08
2017,LAO,TAX_REV,S13,_T,_T,PT_B1GQ,A,11.039
2017,LAO,TAX_REV,S13,T_5000,_T,PT_B1GQ,A,8.413
2017,LAO,TAX_REV,S13,T_1000,_T,PT_B1GQ,A,2.546
2018,LAO,TAX_REV,S13,T_1000,_T,PT_B1GQ,A,2.423
2018,LAO,TAX_REV,S13,T_5000,_T,PT_B1GQ,A,8.322
2018,LAO,TAX_REV,S13,_T,_T,PT_B1GQ,A,10.868
2018,LAO,TAX_REV,S13,T_4000,_T,PT_B1GQ,A,0.123
2019,LAO,TAX_REV,S13,T_4000,_T,PT_B1GQ,A,0.123
2019,LAO,TAX_REV,S13,_T,_T,PT_B1GQ,A,10.538
2019,LAO,TAX_REV,S13,T_5000,_T,PT_B1GQ,A,8.05
2019,LAO,TAX_REV,S13,T_1000,_T,PT_B1GQ,A,2.364
2020,LAO,TAX_REV,S13,T_1000,_T,PT_B1GQ,A,1.896
2020,LAO,TAX_REV,S13,T_5000,_T,PT_B1GQ,A,7.163
2020,LAO,TAX_REV,S13,_T,_T,PT_B1GQ,A,9.171
2020,LAO,TAX_REV,S13,T_4000,_T,PT_B1GQ,A,0.112
2021,LAO,TAX_REV,S13,T_4000,_T,PT_B1GQ,A,0.094
2021,LAO,TAX_REV,S13,_T,_T,PT_B1GQ,A,9.603
2021,LAO,TAX_REV,S13,T_5000,_T,PT_B1GQ,A,7.17
2021,LAO,TAX_REV,S13,T_1000,_T,PT_B1GQ,A,2.339
2022,LAO,TAX_REV,S13,T_1000,_T,PT_B1GQ,A,2.84
2022,LAO,TAX_REV,S13,T_5000,_T,PT_B1GQ,A,7.394
2022,LAO,TAX_REV,S13,_T,_T,PT_B1GQ,A,10.321
2022,LAO,TAX_REV,S13,T_4000,_T,PT_B1GQ,A,0.087
2023,LAO,TAX_REV,S13,T_4000,_T,PT_B1GQ,A,0.068
2023,LAO,TAX_REV,S13,_T,_T,PT_B1GQ,A,10.993
2023,LAO,TAX_REV,S13,T_5000,_T,PT_B1GQ,A,7.992
2023,LAO,TAX_REV,S13,T_1000,_T,PT_B1GQ,A,2.933
2010,HKG,TAX_REV,S13,T_1000,_T,PT_B1GQ,A,7.783
2010,HKG,TAX_REV,S13,T_4000,_T,PT_B1GQ,A,3.404
2010,HKG,TAX_REV,S13,_T,_T,PT_B1GQ,A,13.298
2010,HKG,TAX_REV,S13,T_5000,_T,PT_B1GQ,A,1.695
2011,HKG,TAX_REV,S13,T_5000,_T,PT_B1GQ,A,1.663
2011,HKG,TAX_REV,S13,_T,_T,PT_B1GQ,A,14.076
2011,HKG,TAX_REV,S13,T_4000,_T,PT_B1GQ,A,2.871
2011,HKG,TAX_REV,S13,T_1000,_T,PT_B1GQ,A,8.947
2012,HKG,TAX_REV,S13,T_1000,_T,PT_B1GQ,A,8.736
2012,HKG,TAX_REV,S13,T_4000,_T,PT_B1GQ,A,2.738
2012,HKG,TAX_REV,S13,_T,_T,PT_B1GQ,A,13.554
2012,HKG,TAX_REV,S13,T_5000,_T,PT_B1GQ,A,1.699
2013,HKG,TAX_REV,S13,T_5000,_T,PT_B1GQ,A,1.773
2013,HKG,TAX_REV,S13,_T,_T,PT_B1GQ,A,13.312
2013,HKG,TAX_REV,S13,T_4000,_T,PT_B1GQ,A,2.745
2013,HKG,TAX_REV,S13,T_1000,_T,PT_B1GQ,A,8.361
2014,HKG,TAX_REV,S13,T_1000,_T,PT_B1GQ,A,8.797
2014,HKG,TAX_REV,S13,T_4000,_T,PT_B1GQ,A,4.365
2014,HKG,TAX_REV,S13,_T,_T,PT_B1GQ,A,15.417
2014,HKG,TAX_REV,S13,T_5000,_T,PT_B1GQ,A,1.802
2015,HKG,TAX_REV,S13,T_5000,_T,PT_B1GQ,A,1.766
2015,HKG,TAX_REV,S13,_T,_T,PT_B1GQ,A,14.266
2015,HKG,TAX_REV,S13,T_4000,_T,PT_B1GQ,A,3.661
2015,HKG,TAX_REV,S13,T_1000,_T,PT_B1GQ,A,8.399
2016,HKG,TAX_REV,S13,T_1000,_T,PT_B1GQ,A,8.04
2016,HKG,TAX_REV,S13,T_4000,_T,PT_B1GQ,A,3.418
2016,HKG,TAX_REV,S13,_T,_T,PT_B1GQ,A,13.744
2016,HKG,TAX_REV,S13,T_5000,_T,PT_B1GQ,A,1.656
2017,HKG,TAX_REV,S13,T_5000,_T,PT_B1GQ,A,1.622
2017,HKG,TAX_REV,S13,_T,_T,PT_B1GQ,A,14.067
2017,HKG,TAX_REV,S13,T_4000,_T,PT_B1GQ,A,4.456
2017,HKG,TAX_REV,S13,T_1000,_T,PT_B1GQ,A,7.569
2018,HKG,TAX_REV,S13,T_1000,_T,PT_B1GQ,A,8.049
2018,HKG,TAX_REV,S13,T_4000,_T,PT_B1GQ,A,3.488
2018,HKG,TAX_REV,S13,_T,_T,PT_B1GQ,A,13.497
2018,HKG,TAX_REV,S13,T_5000,_T,PT_B1GQ,A,1.561
2019,HKG,TAX_REV,S13,T_5000,_T,PT_B1GQ,A,1.481
2019,HKG,TAX_REV,S13,_T,_T,PT_B1GQ,A,12.179
2019,HKG,TAX_REV,S13,T_4000,_T,PT_B1GQ,A,3.138
2019,HKG,TAX_REV,S13,T_1000,_T,PT_B1GQ,A,7.283
2020,HKG,TAX_REV,S13,T_1000,_T,PT_B1GQ,A,7.947
2020,HKG,TAX_REV,S13,T_4000,_T,PT_B1GQ,A,4.106
2020,HKG,TAX_REV,S13,_T,_T,PT_B1GQ,A,13.788
2020,HKG,TAX_REV,S13,T_5000,_T,PT_B1GQ,A,1.445
2021,HKG,TAX_REV,S13,T_5000,_T,PT_B1GQ,A,1.509
2021,HKG,TAX_REV,S13,_T,_T,PT_B1GQ,A,14.603
2021,HKG,TAX_REV,S13,T_4000,_T,PT_B1GQ,A,4.203
2021,HKG,TAX_REV,S13,T_1000,_T,PT_B1GQ,A,8.526
2022,HKG,TAX_REV,S13,T_1000,_T,PT_B1GQ,A,9.091
2022,HKG,TAX_REV,S13,T_4000,_T,PT_B1GQ,A,3.244
2022,HKG,TAX_REV,S13,_T,_T,PT_B1GQ,A,14.143
2022,HKG,TAX_REV,S13,T_5000,_T,PT_B1GQ,A,1.507
2023,HKG,TAX_REV,S13,T_5000,_T,PT_B1GQ,A,1.552
2023,HKG,TAX_REV,S13,_T,_T,PT_B1GQ,A,13.087
2023,HKG,TAX_REV,S13,T_4000,_T,PT_B1GQ,A,2.67
2023,HKG,TAX_REV,S13,T_1000,_T,PT_B1GQ,A,8.469
2012,UKR,TAX_REV,S13,T_1000,_T,PT_B1GQ,A,8.82
2012,UKR,TAX_REV,S13,_T,_T,PT_B1GQ,A,37.081
2012,UKR,TAX_REV,S13,T_5000,_T,PT_B1GQ,A,15.446
2012,UKR,TAX_REV,S13,T_4000,_T,PT_B1GQ,A,0.009
2012,UKR,TAX_REV,S13,T_2000,_T,PT_B1GQ,A,12.727
2013,UKR,TAX_REV,S13,T_2000,_T,PT_B1GQ,A,12.87
2013,UKR,TAX_REV,S13,T_4000,_T,PT_B1GQ,A,0.01
2013,UKR,TAX_REV,S13,T_5000,_T,PT_B1GQ,A,13.348
2013,UKR,TAX_REV,S13,_T,_T,PT_B1GQ,A,34.981
2013,UKR,TAX_REV,S13,T_1000,_T,PT_B1GQ,A,8.678
2014,UKR,TAX_REV,S13,T_1000,_T,PT_B1GQ,A,7.272
2014,UKR,TAX_REV,S13,_T,_T,PT_B1GQ,A,32.374
2014,UKR,TAX_REV,S13,T_5000,_T,PT_B1GQ,A,13.611
2014,UKR,TAX_REV,S13,T_4000,_T,PT_B1GQ,A,0.011
2014,UKR,TAX_REV,S13,T_2000,_T,PT_B1GQ,A,11.414
2015,UKR,TAX_REV,S13,T_2000,_T,PT_B1GQ,A,9.338
2015,UKR,TAX_REV,S13,T_4000,_T,PT_B1GQ,A,0.783
2015,UKR,TAX_REV,S13,T_5000,_T,PT_B1GQ,A,16.144
2015,UKR,TAX_REV,S13,_T,_T,PT_B1GQ,A,33.263
2015,UKR,TAX_REV,S13,T_1000,_T,PT_B1GQ,A,6.992
2016,UKR,TAX_REV,S13,T_1000,_T,PT_B1GQ,A,8.343
2016,UKR,TAX_REV,S13,_T,_T,PT_B1GQ,A,30.901
2016,UKR,TAX_REV,S13,T_5000,_T,PT_B1GQ,A,15.994
2016,UKR,TAX_REV,S13,T_4000,_T,PT_B1GQ,A,1.037
2016,UKR,TAX_REV,S13,T_2000,_T,PT_B1GQ,A,5.526
2017,UKR,TAX_REV,S13,T_2000,_T,PT_B1GQ,A,6.065
2017,UKR,TAX_REV,S13,T_4000,_T,PT_B1GQ,A,0.966
2017,UKR,TAX_REV,S13,T_5000,_T,PT_B1GQ,A,16.447
2017,UKR,TAX_REV,S13,_T,_T,PT_B1GQ,A,32.169
2017,UKR,TAX_REV,S13,T_1000,_T,PT_B1GQ,A,8.69
2018,UKR,TAX_REV,S13,T_1000,_T,PT_B1GQ,A,9.44
2018,UKR,TAX_REV,S13,_T,_T,PT_B1GQ,A,32.957
2018,UKR,TAX_REV,S13,T_5000,_T,PT_B1GQ,A,16.243
2018,UKR,TAX_REV,S13,T_4000,_T,PT_B1GQ,A,0.87
2018,UKR,TAX_REV,S13,T_2000,_T,PT_B1GQ,A,6.405
2019,UKR,TAX_REV,S13,T_2000,_T,PT_B1GQ,A,6.876
2019,UKR,TAX_REV,S13,T_4000,_T,PT_B1GQ,A,0.948
2019,UKR,TAX_REV,S13,T_5000,_T,PT_B1GQ,A,14.807
2019,UKR,TAX_REV,S13,_T,_T,PT_B1GQ,A,32.507
2019,UKR,TAX_REV,S13,T_1000,_T,PT_B1GQ,A,9.876
2020,UKR,TAX_REV,S13,T_1000,_T,PT_B1GQ,A,9.796
2020,UKR,TAX_REV,S13,_T,_T,PT_B1GQ,A,32.587
2020,UKR,TAX_REV,S13,T_5000,_T,PT_B1GQ,A,14.937
2020,UKR,TAX_REV,S13,T_4000,_T,PT_B1GQ,A,0.882
2020,UKR,TAX_REV,S13,T_2000,_T,PT_B1GQ,A,6.973
2021,UKR,TAX_REV,S13,T_2000,_T,PT_B1GQ,A,6.403
2021,UKR,TAX_REV,S13,T_4000,_T,PT_B1GQ,A,0.79
2021,UKR,TAX_REV,S13,T_5000,_T,PT_B1GQ,A,14.868
2021,UKR,TAX_REV,S13,_T,_T,PT_B1GQ,A,31.485
2021,UKR,TAX_REV,S13,T_1000,_T,PT_B1GQ,A,9.423
2022,UKR,TAX_REV,S13,T_1000,_T,PT_B1GQ,A,10.522
2022,UKR,TAX_REV,S13,_T,_T,PT_B1GQ,A,31.976
2022,UKR,TAX_REV,S13,T_5000,_T,PT_B1GQ,A,12.637
2022,UKR,TAX_REV,S13,T_4000,_T,PT_B1GQ,A,0.7
2022,UKR,TAX_REV,S13,T_2000,_T,PT_B1GQ,A,8.117
2023,UKR,TAX_REV,S13,T_2000,_T,PT_B1GQ,A,7.312
2023,UKR,TAX_REV,S13,T_4000,_T,PT_B1GQ,A,0.668
2023,UKR,TAX_REV,S13,T_5000,_T,PT_B1GQ,A,13.36
2023,UKR,TAX_REV,S13,_T,_T,PT_B1GQ,A,31.369
2023,UKR,TAX_REV,S13,T_1000,_T,PT_B1GQ,A,10.028
2008,FJI,TAX_REV,S13,_T,_T,PT_B1GQ,A,22.165
2008,FJI,TAX_REV,S13,T_5000,_T,PT_B1GQ,A,14.457
2008,FJI,TAX_REV,S13,T_1000,_T,PT_B1GQ,A,7.708
2009,FJI,TAX_REV,S13,T_1000,_T,PT_B1GQ,A,8.05
2009,FJI,TAX_REV,S13,T_5000,_T,PT_B1GQ,A,13.537
2009,FJI,TAX_REV,S13,_T,_T,PT_B1GQ,A,21.587
2010,FJI,TAX_REV,S13,_T,_T,PT_B1GQ,A,21.614
2010,FJI,TAX_REV,S13,T_5000,_T,PT_B1GQ,A,14.55
2010,FJI,TAX_REV,S13,T_1000,_T,PT_B1GQ,A,7.065
2011,FJI,TAX_REV,S13,T_1000,_T,PT_B1GQ,A,6.865
2011,FJI,TAX_REV,S13,T_5000,_T,PT_B1GQ,A,15.656
2011,FJI,TAX_REV,S13,_T,_T,PT_B1GQ,A,22.714
2011,FJI,TAX_REV,S13,T_4000,_T,PT_B1GQ,A,0.193
2012,FJI,TAX_REV,S13,T_4000,_T,PT_B1GQ,A,0.297
2012,FJI,TAX_REV,S13,_T,_T,PT_B1GQ,A,23.812
2012,FJI,TAX_REV,S13,T_5000,_T,PT_B1GQ,A,16.899
2012,FJI,TAX_REV,S13,T_1000,_T,PT_B1GQ,A,6.617
2013,FJI,TAX_REV,S13,T_1000,_T,PT_B1GQ,A,5.69
2013,FJI,TAX_REV,S13,T_5000,_T,PT_B1GQ,A,17.464
2013,FJI,TAX_REV,S13,_T,_T,PT_B1GQ,A,23.719
2013,FJI,TAX_REV,S13,T_4000,_T,PT_B1GQ,A,0.565
2014,FJI,TAX_REV,S13,T_4000,_T,PT_B1GQ,A,0.742
2014,FJI,TAX_REV,S13,_T,_T,PT_B1GQ,A,22.691
2014,FJI,TAX_REV,S13,T_5000,_T,PT_B1GQ,A,16.339
2014,FJI,TAX_REV,S13,T_1000,_T,PT_B1GQ,A,5.609
2015,FJI,TAX_REV,S13,T_1000,_T,PT_B1GQ,A,6.084
2015,FJI,TAX_REV,S13,T_5000,_T,PT_B1GQ,A,16.797
2015,FJI,TAX_REV,S13,_T,_T,PT_B1GQ,A,23.605
2015,FJI,TAX_REV,S13,T_4000,_T,PT_B1GQ,A,0.724
2016,FJI,TAX_REV,S13,T_4000,_T,PT_B1GQ,A,0.755
2016,FJI,TAX_REV,S13,_T,_T,PT_B1GQ,A,23.107
2016,FJI,TAX_REV,S13,T_5000,_T,PT_B1GQ,A,15.299
2016,FJI,TAX_REV,S13,T_1000,_T,PT_B1GQ,A,7.054
2017,FJI,TAX_REV,S13,T_1000,_T,PT_B1GQ,A,7.636
2017,FJI,TAX_REV,S13,T_5000,_T,PT_B1GQ,A,15.875
2017,FJI,TAX_REV,S13,_T,_T,PT_B1GQ,A,24.216
2017,FJI,TAX_REV,S13,T_4000,_T,PT_B1GQ,A,0.705
2018,FJI,TAX_REV,S13,T_4000,_T,PT_B1GQ,A,0.842
2018,FJI,TAX_REV,S13,_T,_T,PT_B1GQ,A,23.513
2018,FJI,TAX_REV,S13,T_5000,_T,PT_B1GQ,A,16.073
2018,FJI,TAX_REV,S13,T_1000,_T,PT_B1GQ,A,6.598
2019,FJI,TAX_REV,S13,T_1000,_T,PT_B1GQ,A,6.069
2019,FJI,TAX_REV,S13,T_5000,_T,PT_B1GQ,A,15.696
2019,FJI,TAX_REV,S13,_T,_T,PT_B1GQ,A,22.434
2019,FJI,TAX_REV,S13,T_4000,_T,PT_B1GQ,A,0.669
2020,FJI,TAX_REV,S13,T_4000,_T,PT_B1GQ,A,0.433
2020,FJI,TAX_REV,S13,_T,_T,PT_B1GQ,A,16.72
2020,FJI,TAX_REV,S13,T_5000,_T,PT_B1GQ,A,10.994
2020,FJI,TAX_REV,S13,T_1000,_T,PT_B1GQ,A,5.292
2021,FJI,TAX_REV,S13,T_1000,_T,PT_B1GQ,A,4.968
2021,FJI,TAX_REV,S13,T_5000,_T,PT_B1GQ,A,10.128
2021,FJI,TAX_REV,S13,_T,_T,PT_B1GQ,A,15.101
2021,FJI,TAX_REV,S13,T_4000,_T,PT_B1GQ,A,0.005
2022,FJI,TAX_REV,S13,T_4000,_T,PT_B1GQ,A,0.005
2022,FJI,TAX_REV,S13,_T,_T,PT_B1GQ,A,17.917
2022,FJI,TAX_REV,S13,T_5000,_T,PT_B1GQ,A,12.895
2022,FJI,TAX_REV,S13,T_1000,_T,PT_B1GQ,A,5.017
2023,FJI,TAX_REV,S13,T_1000,_T,PT_B1GQ,A,6.483
2023,FJI,TAX_REV,S13,T_5000,_T,PT_B1GQ,A,13.979
2023,FJI,TAX_REV,S13,_T,_T,PT_B1GQ,A,20.463
2023,FJI,TAX_REV,S13,T_4000,_T,PT_B1GQ,A,0.002
2000,MDA,TAX_REV,S13,_T,_T,PT_B1GQ,A,24.944
2000,MDA,TAX_REV,S13,T_2000,_T,PT_B1GQ,A,6.149
2000,MDA,TAX_REV,S13,T_4000,_T,PT_B1GQ,A,1.169
2000,MDA,TAX_REV,S13,T_1000,_T,PT_B1GQ,A,3.304
2000,MDA,TAX_REV,S13,T_5000,_T,PT_B1GQ,A,14.322
2001,MDA,TAX_REV,S13,T_5000,_T,PT_B1GQ,A,13.435
2001,MDA,TAX_REV,S13,T_1000,_T,PT_B1GQ,A,3.66
2001,MDA,TAX_REV,S13,T_4000,_T,PT_B1GQ,A,1.011
2001,MDA,TAX_REV,S13,T_2000,_T,PT_B1GQ,A,6.819
2001,MDA,TAX_REV,S13,_T,_T,PT_B1GQ,A,24.925
2002,MDA,TAX_REV,S13,_T,_T,PT_B1GQ,A,26.199
2002,MDA,TAX_REV,S13,T_2000,_T,PT_B1GQ,A,7.231
2002,MDA,TAX_REV,S13,T_4000,_T,PT_B1GQ,A,0.979
2002,MDA,TAX_REV,S13,T_1000,_T,PT_B1GQ,A,3.968
2002,MDA,TAX_REV,S13,T_5000,_T,PT_B1GQ,A,14.021
2003,MDA,TAX_REV,S13,T_5000,_T,PT_B1GQ,A,15.59
2003,MDA,TAX_REV,S13,T_1000,_T,PT_B1GQ,A,4.348
2003,MDA,TAX_REV,S13,T_4000,_T,PT_B1GQ,A,0.721
2003,MDA,TAX_REV,S13,T_2000,_T,PT_B1GQ,A,7.145
2003,MDA,TAX_REV,S13,_T,_T,PT_B1GQ,A,27.805
2004,MDA,TAX_REV,S13,_T,_T,PT_B1GQ,A,30.147
2004,MDA,TAX_REV,S13,T_2000,_T,PT_B1GQ,A,8.704
2004,MDA,TAX_REV,S13,T_4000,_T,PT_B1GQ,A,0.706
2004,MDA,TAX_REV,S13,T_1000,_T,PT_B1GQ,A,4.921
2004,MDA,TAX_REV,S13,T_5000,_T,PT_B1GQ,A,15.816
2005,MDA,TAX_REV,S13,T_5000,_T,PT_B1GQ,A,17.744
2005,MDA,TAX_REV,S13,T_1000,_T,PT_B1GQ,A,4.438
2005,MDA,TAX_REV,S13,T_4000,_T,PT_B1GQ,A,0.621
2005,MDA,TAX_REV,S13,T_2000,_T,PT_B1GQ,A,8.962
2005,MDA,TAX_REV,S13,_T,_T,PT_B1GQ,A,31.766
2006,MDA,TAX_REV,S13,_T,_T,PT_B1GQ,A,33.5
2006,MDA,TAX_REV,S13,T_2000,_T,PT_B1GQ,A,9.35
2006,MDA,TAX_REV,S13,T_4000,_T,PT_B1GQ,A,0.528
2006,MDA,TAX_REV,S13,T_1000,_T,PT_B1GQ,A,4.931
2006,MDA,TAX_REV,S13,T_5000,_T,PT_B1GQ,A,18.691
2007,MDA,TAX_REV,S13,T_5000,_T,PT_B1GQ,A,19.458
2007,MDA,TAX_REV,S13,T_1000,_T,PT_B1GQ,A,5.085
2007,MDA,TAX_REV,S13,T_4000,_T,PT_B1GQ,A,0.429
2007,MDA,TAX_REV,S13,T_2000,_T,PT_B1GQ,A,9.576
2007,MDA,TAX_REV,S13,_T,_T,PT_B1GQ,A,34.548
2008,MDA,TAX_REV,S13,_T,_T,PT_B1GQ,A,34.299
2008,MDA,TAX_REV,S13,T_2000,_T,PT_B1GQ,A,10.469
2008,MDA,TAX_REV,S13,T_4000,_T,PT_B1GQ,A,0.435
2008,MDA,TAX_REV,S13,T_1000,_T,PT_B1GQ,A,3.492
2008,MDA,TAX_REV,S13,T_5000,_T,PT_B1GQ,A,19.904
2009,MDA,TAX_REV,S13,T_5000,_T,PT_B1GQ,A,17.449
2009,MDA,TAX_REV,S13,T_1000,_T,PT_B1GQ,A,3.157
2009,MDA,TAX_REV,S13,T_4000,_T,PT_B1GQ,A,0.422
2009,MDA,TAX_REV,S13,T_2000,_T,PT_B1GQ,A,11.537
2009,MDA,TAX_REV,S13,_T,_T,PT_B1GQ,A,32.565
2010,MDA,TAX_REV,S13,_T,_T,PT_B1GQ,A,26.385
2010,MDA,TAX_REV,S13,T_2000,_T,PT_B1GQ,A,8.661
2010,MDA,TAX_REV,S13,T_4000,_T,PT_B1GQ,A,0.328
2010,MDA,TAX_REV,S13,T_1000,_T,PT_B1GQ,A,2.351
2010,MDA,TAX_REV,S13,T_5000,_T,PT_B1GQ,A,15.045
2011,MDA,TAX_REV,S13,T_5000,_T,PT_B1GQ,A,15.204
2011,MDA,TAX_REV,S13,T_1000,_T,PT_B1GQ,A,2.37
2011,MDA,TAX_REV,S13,T_4000,_T,PT_B1GQ,A,0.287
2011,MDA,TAX_REV,S13,T_2000,_T,PT_B1GQ,A,8.301
2011,MDA,TAX_REV,S13,_T,_T,PT_B1GQ,A,26.161
2012,MDA,TAX_REV,S13,_T,_T,PT_B1GQ,A,27.61
2012,MDA,TAX_REV,S13,T_2000,_T,PT_B1GQ,A,8.483
2012,MDA,TAX_REV,S13,T_4000,_T,PT_B1GQ,A,0.287
2012,MDA,TAX_REV,S13,T_1000,_T,PT_B1GQ,A,3.786
2012,MDA,TAX_REV,S13,T_5000,_T,PT_B1GQ,A,15.054
2013,MDA,TAX_REV,S13,T_5000,_T,PT_B1GQ,A,15.188
2013,MDA,TAX_REV,S13,T_1000,_T,PT_B1GQ,A,3.562
2013,MDA,TAX_REV,S13,T_4000,_T,PT_B1GQ,A,0.265
2013,MDA,TAX_REV,S13,T_2000,_T,PT_B1GQ,A,8.134
2005,GNQ,TAX_REV,S13,T_1000,_T,PT_B1GQ,A,7.527
2005,GNQ,TAX_REV,S13,T_5000,_T,PT_B1GQ,A,0.701
2005,GNQ,TAX_REV,S13,_T,_T,PT_B1GQ,A,8.248
2005,GNQ,TAX_REV,S13,T_4000,_T,PT_B1GQ,A,0.001
2006,GNQ,TAX_REV,S13,T_4000,_T,PT_B1GQ,A,0.002
2006,GNQ,TAX_REV,S13,_T,_T,PT_B1GQ,A,9.669
2006,GNQ,TAX_REV,S13,T_5000,_T,PT_B1GQ,A,0.741
2006,GNQ,TAX_REV,S13,T_1000,_T,PT_B1GQ,A,8.895
2007,GNQ,TAX_REV,S13,T_1000,_T,PT_B1GQ,A,6.821
2007,GNQ,TAX_REV,S13,T_5000,_T,PT_B1GQ,A,0.687
2007,GNQ,TAX_REV,S13,_T,_T,PT_B1GQ,A,7.547
2007,GNQ,TAX_REV,S13,T_4000,_T,PT_B1GQ,A,0.001
2008,GNQ,TAX_REV,S13,T_4000,_T,PT_B1GQ,A,0.002
2008,GNQ,TAX_REV,S13,_T,_T,PT_B1GQ,A,7.786
2008,GNQ,TAX_REV,S13,T_5000,_T,PT_B1GQ,A,0.424
2008,GNQ,TAX_REV,S13,T_1000,_T,PT_B1GQ,A,7.319
2009,GNQ,TAX_REV,S13,T_1000,_T,PT_B1GQ,A,11.944
2009,GNQ,TAX_REV,S13,T_5000,_T,PT_B1GQ,A,0.762
2009,GNQ,TAX_REV,S13,_T,_T,PT_B1GQ,A,12.763
2009,GNQ,TAX_REV,S13,T_4000,_T,PT_B1GQ,A,0.001
2010,GNQ,TAX_REV,S13,T_4000,_T,PT_B1GQ,A,0.002
2010,GNQ,TAX_REV,S13,_T,_T,PT_B1GQ,A,7.586
2010,GNQ,TAX_REV,S13,T_5000,_T,PT_B1GQ,A,0.717
2010,GNQ,TAX_REV,S13,T_1000,_T,PT_B1GQ,A,6.756
2011,GNQ,TAX_REV,S13,T_1000,_T,PT_B1GQ,A,6.242
2011,GNQ,TAX_REV,S13,T_5000,_T,PT_B1GQ,A,0.677
2011,GNQ,TAX_REV,S13,_T,_T,PT_B1GQ,A,7.016
2011,GNQ,TAX_REV,S13,T_4000,_T,PT_B1GQ,A,0.002
2012,GNQ,TAX_REV,S13,T_4000,_T,PT_B1GQ,A,0.003
2012,GNQ,TAX_REV,S13,_T,_T,PT_B1GQ,A,8.771
2012,GNQ,TAX_REV,S13,T_5000,_T,PT_B1GQ,A,0.603
2012,GNQ,TAX_REV,S13,T_1000,_T,PT_B1GQ,A,7.58
2013,GNQ,TAX_REV,S13,T_1000,_T,PT_B1GQ,A,7.64
2013,GNQ,TAX_REV,S13,T_5000,_T,PT_B1GQ,A,0.678
2013,GNQ,TAX_REV,S13,_T,_T,PT_B1GQ,A,8.916
2013,GNQ,TAX_REV,S13,T_2000,_T,PT_B1GQ,A,0.555
2013,GNQ,TAX_REV,S13,T_4000,_T,PT_B1GQ,A,0.004
2014,GNQ,TAX_REV,S13,T_4000,_T,PT_B1GQ,A,0.003
2014,GNQ,TAX_REV,S13,T_2000,_T,PT_B1GQ,A,0.559
2014,GNQ,TAX_REV,S13,_T,_T,PT_B1GQ,A,9.756
2014,GNQ,TAX_REV,S13,T_5000,_T,PT_B1GQ,A,0.773
2014,GNQ,TAX_REV,S13,T_1000,_T,PT_B1GQ,A,8.281
2015,GNQ,TAX_REV,S13,T_1000,_T,PT_B1GQ,A,9.909
2015,GNQ,TAX_REV,S13,T_5000,_T,PT_B1GQ,A,1.236
2015,GNQ,TAX_REV,S13,_T,_T,PT_B1GQ,A,12.006
2015,GNQ,TAX_REV,S13,T_2000,_T,PT_B1GQ,A,0.755
2015,GNQ,TAX_REV,S13,T_4000,_T,PT_B1GQ,A,0.003
2016,GNQ,TAX_REV,S13,T_4000,_T,PT_B1GQ,A,0.005
2016,GNQ,TAX_REV,S13,T_2000,_T,PT_B1GQ,A,0.747
2016,GNQ,TAX_REV,S13,_T,_T,PT_B1GQ,A,7.089
2016,GNQ,TAX_REV,S13,T_5000,_T,PT_B1GQ,A,1.415
2016,GNQ,TAX_REV,S13,T_1000,_T,PT_B1GQ,A,4.757
2017,GNQ,TAX_REV,S13,T_1000,_T,PT_B1GQ,A,4.616
2017,GNQ,TAX_REV,S13,T_5000,_T,PT_B1GQ,A,1.245
2017,GNQ,TAX_REV,S13,_T,_T,PT_B1GQ,A,6.65
2017,GNQ,TAX_REV,S13,T_2000,_T,PT_B1GQ,A,0.72
2017,GNQ,TAX_REV,S13,T_4000,_T,PT_B1GQ,A,0.003
2018,GNQ,TAX_REV,S13,T_4000,_T,PT_B1GQ,A,0.004
2018,GNQ,TAX_REV,S13,T_2000,_T,PT_B1GQ,A,0.656
2018,GNQ,TAX_REV,S13,_T,_T,PT_B1GQ,A,6.6
2018,GNQ,TAX_REV,S13,T_5000,_T,PT_B1GQ,A,1.27
2018,GNQ,TAX_REV,S13,T_1000,_T,PT_B1GQ,A,4.408
2019,GNQ,TAX_REV,S13,T_1000,_T,PT_B1GQ,A,7.465
2019,GNQ,TAX_REV,S13,T_5000,_T,PT_B1GQ,A,1.482
2019,GNQ,TAX_REV,S13,_T,_T,PT_B1GQ,A,9.783
2019,GNQ,TAX_REV,S13,T_2000,_T,PT_B1GQ,A,0.734
2019,GNQ,TAX_REV,S13,T_4000,_T,PT_B1GQ,A,0.003
2020,GNQ,TAX_REV,S13,T_4000,_T,PT_B1GQ,A,0.002
2020,GNQ,TAX_REV,S13,T_2000,_T,PT_B1GQ,A,0.877
2020,GNQ,TAX_REV,S13,_T,_T,PT_B1GQ,A,8.611
2020,GNQ,TAX_REV,S13,T_5000,_T,PT_B1GQ,A,1.415
2020,GNQ,TAX_REV,S13,T_1000,_T,PT_B1GQ,A,6.166
2021,GNQ,TAX_REV,S13,T_1000,_T,PT_B1GQ,A,4.113
2021,GNQ,TAX_REV,S13,T_5000,_T,PT_B1GQ,A,1.089
2021,GNQ,TAX_REV,S13,_T,_T,PT_B1GQ,A,5.939
2021,GNQ,TAX_REV,S13,T_2000,_T,PT_B1GQ,A,0.659
2021,GNQ,TAX_REV,S13,T_4000,_T,PT_B1GQ,A,0.001
2022,GNQ,TAX_REV,S13,T_4000,_T,PT_B1GQ,A,0.002
2022,GNQ,TAX_REV,S13,T_2000,_T,PT_B1GQ,A,0.66
2022,GNQ,TAX_REV,S13,_T,_T,PT_B1GQ,A,8.136
2022,GNQ,TAX_REV,S13,T_5000,_T,PT_B1GQ,A,1.357
2022,GNQ,TAX_REV,S13,T_1000,_T,PT_B1GQ,A,6.096
2007,MRT,TAX_REV,S13,T_5000,_T,PT_B1GQ,A,5.972
2007,MRT,TAX_REV,S13,T_1000,_T,PT_B1GQ,A,3.442
2007,MRT,TAX_REV,S13,T_2000,_T,PT_B1GQ,A,0.579
2007,MRT,TAX_REV,S13,_T,_T,PT_B1GQ,A,10.002
2008,MRT,TAX_REV,S13,_T,_T,PT_B1GQ,A,10.153
2008,MRT,TAX_REV,S13,T_2000,_T,PT_B1GQ,A,0.671
2008,MRT,TAX_REV,S13,T_1000,_T,PT_B1GQ,A,3.428
2008,MRT,TAX_REV,S13,T_5000,_T,PT_B1GQ,A,6.033
2009,MRT,TAX_REV,S13,T_5000,_T,PT_B1GQ,A,5.85
2009,MRT,TAX_REV,S13,T_1000,_T,PT_B1GQ,A,3.352
2009,MRT,TAX_REV,S13,T_4000,_T,PT_B1GQ,A,0.528
2009,MRT,TAX_REV,S13,T_2000,_T,PT_B1GQ,A,0.619
2009,MRT,TAX_REV,S13,_T,_T,PT_B1GQ,A,10.374
2010,MRT,TAX_REV,S13,_T,_T,PT_B1GQ,A,9.776
2010,MRT,TAX_REV,S13,T_2000,_T,PT_B1GQ,A,0.66
2010,MRT,TAX_REV,S13,T_4000,_T,PT_B1GQ,A,0.416
2010,MRT,TAX_REV,S13,T_1000,_T,PT_B1GQ,A,3.401
2010,MRT,TAX_REV,S13,T_5000,_T,PT_B1GQ,A,5.278
2011,MRT,TAX_REV,S13,T_5000,_T,PT_B1GQ,A,5.471
2011,MRT,TAX_REV,S13,T_1000,_T,PT_B1GQ,A,4.163
2011,MRT,TAX_REV,S13,T_4000,_T,PT_B1GQ,A,0.397
2011,MRT,TAX_REV,S13,T_2000,_T,PT_B1GQ,A,0.587
2011,MRT,TAX_REV,S13,_T,_T,PT_B1GQ,A,10.629
2012,MRT,TAX_REV,S13,_T,_T,PT_B1GQ,A,13.479
2012,MRT,TAX_REV,S13,T_2000,_T,PT_B1GQ,A,0.662
2012,MRT,TAX_REV,S13,T_4000,_T,PT_B1GQ,A,0.389
2012,MRT,TAX_REV,S13,T_1000,_T,PT_B1GQ,A,5.086
2012,MRT,TAX_REV,S13,T_5000,_T,PT_B1GQ,A,7.328
2013,MRT,TAX_REV,S13,T_5000,_T,PT_B1GQ,A,7.202
2013,MRT,TAX_REV,S13,T_1000,_T,PT_B1GQ,A,5.118
2013,MRT,TAX_REV,S13,T_4000,_T,PT_B1GQ,A,0.351
2013,MRT,TAX_REV,S13,T_2000,_T,PT_B1GQ,A,0.648
2013,MRT,TAX_REV,S13,_T,_T,PT_B1GQ,A,13.337
2014,MRT,TAX_REV,S13,_T,_T,PT_B1GQ,A,15.125
2014,MRT,TAX_REV,S13,T_2000,_T,PT_B1GQ,A,0.888
2014,MRT,TAX_REV,S13,T_4000,_T,PT_B1GQ,A,0.478
2014,MRT,TAX_REV,S13,T_1000,_T,PT_B1GQ,A,5.733
2014,MRT,TAX_REV,S13,T_5000,_T,PT_B1GQ,A,8.009
2015,MRT,TAX_REV,S13,T_5000,_T,PT_B1GQ,A,8.05
2015,MRT,TAX_REV,S13,T_1000,_T,PT_B1GQ,A,4.855
2015,MRT,TAX_REV,S13,T_4000,_T,PT_B1GQ,A,0.693
2015,MRT,TAX_REV,S13,T_2000,_T,PT_B1GQ,A,0.908
2015,MRT,TAX_REV,S13,_T,_T,PT_B1GQ,A,14.53
2016,MRT,TAX_REV,S13,_T,_T,PT_B1GQ,A,14.173
2016,MRT,TAX_REV,S13,T_2000,_T,PT_B1GQ,A,0.779
2016,MRT,TAX_REV,S13,T_4000,_T,PT_B1GQ,A,0.574
2016,MRT,TAX_REV,S13,T_1000,_T,PT_B1GQ,A,4.426
2016,MRT,TAX_REV,S13,T_5000,_T,PT_B1GQ,A,8.377
2017,MRT,TAX_REV,S13,T_5000,_T,PT_B1GQ,A,8.667
2017,MRT,TAX_REV,S13,T_1000,_T,PT_B1GQ,A,4.507
2017,MRT,TAX_REV,S13,T_4000,_T,PT_B1GQ,A,0.474
2017,MRT,TAX_REV,S13,T_2000,_T,PT_B1GQ,A,0.777
2017,MRT,TAX_REV,S13,_T,_T,PT_B1GQ,A,14.442
2018,MRT,TAX_REV,S13,_T,_T,PT_B1GQ,A,15.139
2018,MRT,TAX_REV,S13,T_2000,_T,PT_B1GQ,A,0.773
2018,MRT,TAX_REV,S13,T_4000,_T,PT_B1GQ,A,0.44
2018,MRT,TAX_REV,S13,T_1000,_T,PT_B1GQ,A,4.445
2018,MRT,TAX_REV,S13,T_5000,_T,PT_B1GQ,A,9.466
2019,MRT,TAX_REV,S13,T_5000,_T,PT_B1GQ,A,8.719
2019,MRT,TAX_REV,S13,T_1000,_T,PT_B1GQ,A,4.338
2019,MRT,TAX_REV,S13,T_4000,_T,PT_B1GQ,A,0.015
2019,MRT,TAX_REV,S13,T_2000,_T,PT_B1GQ,A,0.696
2019,MRT,TAX_REV,S13,_T,_T,PT_B1GQ,A,13.786
2020,MRT,TAX_REV,S13,_T,_T,PT_B1GQ,A,12.565
2020,MRT,TAX_REV,S13,T_2000,_T,PT_B1GQ,A,0.683
2020,MRT,TAX_REV,S13,T_4000,_T,PT_B1GQ,A,0.019
2020,MRT,TAX_REV,S13,T_1000,_T,PT_B1GQ,A,4.852
2020,MRT,TAX_REV,S13,T_5000,_T,PT_B1GQ,A,6.989
2021,MRT,TAX_REV,S13,T_5000,_T,PT_B1GQ,A,8.154
2021,MRT,TAX_REV,S13,T_1000,_T,PT_B1GQ,A,5.537
2021,MRT,TAX_REV,S13,T_4000,_T,PT_B1GQ,A,0.023
2021,MRT,TAX_REV,S13,T_2000,_T,PT_B1GQ,A,0.649
2021,MRT,TAX_REV,S13,_T,_T,PT_B1GQ,A,14.397
2022,MRT,TAX_REV,S13,_T,_T,PT_B1GQ,A,14.673
2022,MRT,TAX_REV,S13,T_2000,_T,PT_B1GQ,A,0.622
2022,MRT,TAX_REV,S13,T_4000,_T,PT_B1GQ,A,0.012
2022,MRT,TAX_REV,S13,T_1000,_T,PT_B1GQ,A,4.992
2022,MRT,TAX_REV,S13,T_5000,_T,PT_B1GQ,A,8.935
2003,VNM,TAX_REV,S13,T_1000,_T,PT_B1GQ,A,8.21
2003,VNM,TAX_REV,S13,_T,_T,PT_B1GQ,A,19.602
2003,VNM,TAX_REV,S13,T_4000,_T,PT_B1GQ,A,0.083
2003,VNM,TAX_REV,S13,T_5000,_T,PT_B1GQ,A,11.309
2004,VNM,TAX_REV,S13,T_5000,_T,PT_B1GQ,A,11.099
2004,VNM,TAX_REV,S13,T_4000,_T,PT_B1GQ,A,0.079
2004,VNM,TAX_REV,S13,_T,_T,PT_B1GQ,A,19.637
2004,VNM,TAX_REV,S13,T_1000,_T,PT_B1GQ,A,8.459
2005,VNM,TAX_REV,S13,T_1000,_T,PT_B1GQ,A,8.762
2005,VNM,TAX_REV,S13,_T,_T,PT_B1GQ,A,18.897
2005,VNM,TAX_REV,S13,T_4000,_T,PT_B1GQ,A,0.071
2005,VNM,TAX_REV,S13,T_5000,_T,PT_B1GQ,A,10.065
2006,VNM,TAX_REV,S13,T_5000,_T,PT_B1GQ,A,9.981
2006,VNM,TAX_REV,S13,T_4000,_T,PT_B1GQ,A,0.066
2006,VNM,TAX_REV,S13,_T,_T,PT_B1GQ,A,19.936
2006,VNM,TAX_REV,S13,T_1000,_T,PT_B1GQ,A,9.889
2007,VNM,TAX_REV,S13,T_1000,_T,PT_B1GQ,A,8.981
2007,VNM,TAX_REV,S13,_T,_T,PT_B1GQ,A,19.922
2007,VNM,TAX_REV,S13,T_4000,_T,PT_B1GQ,A,0.066
2007,VNM,TAX_REV,S13,T_5000,_T,PT_B1GQ,A,10.875
2008,VNM,TAX_REV,S13,T_5000,_T,PT_B1GQ,A,11.509
2008,VNM,TAX_REV,S13,T_4000,_T,PT_B1GQ,A,0.062
2008,VNM,TAX_REV,S13,_T,_T,PT_B1GQ,A,20.863
2008,VNM,TAX_REV,S13,T_1000,_T,PT_B1GQ,A,9.293
2009,VNM,TAX_REV,S13,T_1000,_T,PT_B1GQ,A,6.991
2009,VNM,TAX_REV,S13,_T,_T,PT_B1GQ,A,19.99
2009,VNM,TAX_REV,S13,T_4000,_T,PT_B1GQ,A,0.07
2009,VNM,TAX_REV,S13,T_5000,_T,PT_B1GQ,A,12.929
2010,VNM,TAX_REV,S13,T_5000,_T,PT_B1GQ,A,10.568
2010,VNM,TAX_REV,S13,T_2000,_T,PT_B1GQ,A,2.951
2010,VNM,TAX_REV,S13,T_4000,_T,PT_B1GQ,A,0.053
2010,VNM,TAX_REV,S13,_T,_T,PT_B1GQ,A,19.956
2010,VNM,TAX_REV,S13,T_1000,_T,PT_B1GQ,A,6.385
2011,VNM,TAX_REV,S13,T_1000,_T,PT_B1GQ,A,6.625
2011,VNM,TAX_REV,S13,_T,_T,PT_B1GQ,A,19.216
2011,VNM,TAX_REV,S13,T_4000,_T,PT_B1GQ,A,0.047
2011,VNM,TAX_REV,S13,T_2000,_T,PT_B1GQ,A,2.852
2011,VNM,TAX_REV,S13,T_5000,_T,PT_B1GQ,A,9.691
2012,VNM,TAX_REV,S13,T_5000,_T,PT_B1GQ,A,7.688
2012,VNM,TAX_REV,S13,T_2000,_T,PT_B1GQ,A,3.805
2012,VNM,TAX_REV,S13,T_4000,_T,PT_B1GQ,A,0.031
2012,VNM,TAX_REV,S13,_T,_T,PT_B1GQ,A,17.924
2012,VNM,TAX_REV,S13,T_1000,_T,PT_B1GQ,A,6.401
2013,VNM,TAX_REV,S13,T_1000,_T,PT_B1GQ,A,6.207
2013,VNM,TAX_REV,S13,_T,_T,PT_B1GQ,A,18.564
2013,VNM,TAX_REV,S13,T_4000,_T,PT_B1GQ,A,0.034
2013,VNM,TAX_REV,S13,T_2000,_T,PT_B1GQ,A,4.133
2013,VNM,TAX_REV,S13,T_5000,_T,PT_B1GQ,A,8.19
2014,VNM,TAX_REV,S13,T_5000,_T,PT_B1GQ,A,8.515
2014,VNM,TAX_REV,S13,T_2000,_T,PT_B1GQ,A,4.005
2014,VNM,TAX_REV,S13,T_4000,_T,PT_B1GQ,A,0.031
2014,VNM,TAX_REV,S13,_T,_T,PT_B1GQ,A,17.729
2014,VNM,TAX_REV,S13,T_1000,_T,PT_B1GQ,A,5.178
2015,VNM,TAX_REV,S13,T_1000,_T,PT_B1GQ,A,4.946
2015,VNM,TAX_REV,S13,_T,_T,PT_B1GQ,A,18.169
2015,VNM,TAX_REV,S13,T_4000,_T,PT_B1GQ,A,0.03
2015,VNM,TAX_REV,S13,T_2000,_T,PT_B1GQ,A,4.195
2015,VNM,TAX_REV,S13,T_5000,_T,PT_B1GQ,A,8.999
2016,VNM,TAX_REV,S13,T_5000,_T,PT_B1GQ,A,9.268
2016,VNM,TAX_REV,S13,T_2000,_T,PT_B1GQ,A,4.546
2016,VNM,TAX_REV,S13,T_4000,_T,PT_B1GQ,A,0.026
2016,VNM,TAX_REV,S13,_T,_T,PT_B1GQ,A,18.361
2016,VNM,TAX_REV,S13,T_1000,_T,PT_B1GQ,A,4.52
2017,VNM,TAX_REV,S13,T_1000,_T,PT_B1GQ,A,4.703
2017,VNM,TAX_REV,S13,_T,_T,PT_B1GQ,A,18.414
2017,VNM,TAX_REV,S13,T_4000,_T,PT_B1GQ,A,0.027
2017,VNM,TAX_REV,S13,T_2000,_T,PT_B1GQ,A,4.621
2017,VNM,TAX_REV,S13,T_5000,_T,PT_B1GQ,A,9.063
2018,VNM,TAX_REV,S13,T_5000,_T,PT_B1GQ,A,8.658
2018,VNM,TAX_REV,S13,T_2000,_T,PT_B1GQ,A,4.731
2018,VNM,TAX_REV,S13,T_4000,_T,PT_B1GQ,A,0.027
2018,VNM,TAX_REV,S13,_T,_T,PT_B1GQ,A,18.342
2018,VNM,TAX_REV,S13,T_1000,_T,PT_B1GQ,A,4.926
2019,VNM,TAX_REV,S13,T_1000,_T,PT_B1GQ,A,4.931
2019,VNM,TAX_REV,S13,_T,_T,PT_B1GQ,A,18.926
2019,VNM,TAX_REV,S13,T_4000,_T,PT_B1GQ,A,0.027
2019,VNM,TAX_REV,S13,T_2000,_T,PT_B1GQ,A,5.28
2019,VNM,TAX_REV,S13,T_5000,_T,PT_B1GQ,A,8.689
2020,VNM,TAX_REV,S13,T_5000,_T,PT_B1GQ,A,7.636
2020,VNM,TAX_REV,S13,T_2000,_T,PT_B1GQ,A,5.384
2020,VNM,TAX_REV,S13,T_4000,_T,PT_B1GQ,A,0.026
2020,VNM,TAX_REV,S13,_T,_T,PT_B1GQ,A,17.672
2020,VNM,TAX_REV,S13,T_1000,_T,PT_B1GQ,A,4.626
2021,VNM,TAX_REV,S13,T_1000,_T,PT_B1GQ,A,5.26
2021,VNM,TAX_REV,S13,_T,_T,PT_B1GQ,A,18.206
2021,VNM,TAX_REV,S13,T_4000,_T,PT_B1GQ,A,0.024
2021,VNM,TAX_REV,S13,T_2000,_T,PT_B1GQ,A,5.09
2021,VNM,TAX_REV,S13,T_5000,_T,PT_B1GQ,A,7.832
2022,VNM,TAX_REV,S13,T_5000,_T,PT_B1GQ,A,8.166
2022,VNM,TAX_REV,S13,T_2000,_T,PT_B1GQ,A,5.395
2022,VNM,TAX_REV,S13,T_4000,_T,PT_B1GQ,A,0.033
2022,VNM,TAX_REV,S13,_T,_T,PT_B1GQ,A,18.803
2022,VNM,TAX_REV,S13,T_1000,_T,PT_B1GQ,A,5.209
2023,VNM,TAX_REV,S13,T_1000,_T,PT_B1GQ,A,5.031
2023,VNM,TAX_REV,S13,_T,_T,PT_B1GQ,A,16.833
2023,VNM,TAX_REV,S13,T_4000,_T,PT_B1GQ,A,0.033
2023,VNM,TAX_REV,S13,T_2000,_T,PT_B1GQ,A,5.036
2023,VNM,TAX_REV,S13,T_5000,_T,PT_B1GQ,A,6.733
2007,GAB,TAX_REV,S13,T_1000,_T,PT_B1GQ,A,4.345
2007,GAB,TAX_REV,S13,T_4000,_T,PT_B1GQ,A,0.045
2008,GAB,TAX_REV,S13,T_4000,_T,PT_B1GQ,A,0.041
2008,GAB,TAX_REV,S13,T_1000,_T,PT_B1GQ,A,4.425
2009,GAB,TAX_REV,S13,T_1000,_T,PT_B1GQ,A,8.376
2009,GAB,TAX_REV,S13,T_4000,_T,PT_B1GQ,A,0.042
2010,GAB,TAX_REV,S13,T_4000,_T,PT_B1GQ,A,0.045
2010,GAB,TAX_REV,S13,_T,_T,PT_B1GQ,A,12.71
2010,GAB,TAX_REV,S13,T_1000,_T,PT_B1GQ,A,3.974
2010,GAB,TAX_REV,S13,T_2000,_T,PT_B1GQ,A,1.453
2010,GAB,TAX_REV,S13,T_5000,_T,PT_B1GQ,A,7.142
2011,GAB,TAX_REV,S13,T_5000,_T,PT_B1GQ,A,6.223
2011,GAB,TAX_REV,S13,T_2000,_T,PT_B1GQ,A,1.382
2011,GAB,TAX_REV,S13,T_1000,_T,PT_B1GQ,A,5.775
2011,GAB,TAX_REV,S13,_T,_T,PT_B1GQ,A,13.59
2011,GAB,TAX_REV,S13,T_4000,_T,PT_B1GQ,A,0.105
2012,GAB,TAX_REV,S13,T_4000,_T,PT_B1GQ,A,0.109
2012,GAB,TAX_REV,S13,_T,_T,PT_B1GQ,A,12.626
2012,GAB,TAX_REV,S13,T_1000,_T,PT_B1GQ,A,4.741
2012,GAB,TAX_REV,S13,T_2000,_T,PT_B1GQ,A,1.336
2012,GAB,TAX_REV,S13,T_5000,_T,PT_B1GQ,A,6.356
2013,GAB,TAX_REV,S13,T_5000,_T,PT_B1GQ,A,7.31
2013,GAB,TAX_REV,S13,T_2000,_T,PT_B1GQ,A,1.359
2013,GAB,TAX_REV,S13,T_1000,_T,PT_B1GQ,A,6.976
2013,GAB,TAX_REV,S13,_T,_T,PT_B1GQ,A,15.89
2013,GAB,TAX_REV,S13,T_4000,_T,PT_B1GQ,A,0.137
2014,GAB,TAX_REV,S13,T_4000,_T,PT_B1GQ,A,0.371
2014,GAB,TAX_REV,S13,_T,_T,PT_B1GQ,A,16.451
2014,GAB,TAX_REV,S13,T_1000,_T,PT_B1GQ,A,6.848
2014,GAB,TAX_REV,S13,T_2000,_T,PT_B1GQ,A,1.308
2014,GAB,TAX_REV,S13,T_5000,_T,PT_B1GQ,A,7.821
2015,GAB,TAX_REV,S13,T_5000,_T,PT_B1GQ,A,7.898
2015,GAB,TAX_REV,S13,T_2000,_T,PT_B1GQ,A,1.031
2015,GAB,TAX_REV,S13,T_1000,_T,PT_B1GQ,A,6.043
2015,GAB,TAX_REV,S13,_T,_T,PT_B1GQ,A,15.314
2015,GAB,TAX_REV,S13,T_4000,_T,PT_B1GQ,A,0.225
2016,GAB,TAX_REV,S13,T_4000,_T,PT_B1GQ,A,0.152
2016,GAB,TAX_REV,S13,_T,_T,PT_B1GQ,A,12.316
2016,GAB,TAX_REV,S13,T_1000,_T,PT_B1GQ,A,4.297
2016,GAB,TAX_REV,S13,T_2000,_T,PT_B1GQ,A,1.739
2016,GAB,TAX_REV,S13,T_5000,_T,PT_B1GQ,A,6.021
2017,GAB,TAX_REV,S13,T_5000,_T,PT_B1GQ,A,4.818
2017,GAB,TAX_REV,S13,T_2000,_T,PT_B1GQ,A,1.661
2017,GAB,TAX_REV,S13,T_1000,_T,PT_B1GQ,A,4.028
2017,GAB,TAX_REV,S13,_T,_T,PT_B1GQ,A,10.885
2017,GAB,TAX_REV,S13,T_4000,_T,PT_B1GQ,A,0.272
2018,GAB,TAX_REV,S13,T_4000,_T,PT_B1GQ,A,0.161
2018,GAB,TAX_REV,S13,_T,_T,PT_B1GQ,A,10.372
2018,GAB,TAX_REV,S13,T_1000,_T,PT_B1GQ,A,4.035
2018,GAB,TAX_REV,S13,T_2000,_T,PT_B1GQ,A,1.531
2018,GAB,TAX_REV,S13,T_5000,_T,PT_B1GQ,A,4.532
2019,GAB,TAX_REV,S13,T_5000,_T,PT_B1GQ,A,4.615
2019,GAB,TAX_REV,S13,T_2000,_T,PT_B1GQ,A,1.511
2019,GAB,TAX_REV,S13,T_1000,_T,PT_B1GQ,A,5.7
2019,GAB,TAX_REV,S13,_T,_T,PT_B1GQ,A,12.09
2019,GAB,TAX_REV,S13,T_4000,_T,PT_B1GQ,A,0.137
2020,GAB,TAX_REV,S13,T_4000,_T,PT_B1GQ,A,0.22
2020,GAB,TAX_REV,S13,_T,_T,PT_B1GQ,A,12.838
2020,GAB,TAX_REV,S13,T_1000,_T,PT_B1GQ,A,5.774
2020,GAB,TAX_REV,S13,T_2000,_T,PT_B1GQ,A,1.658
2020,GAB,TAX_REV,S13,T_5000,_T,PT_B1GQ,A,5.058
2021,GAB,TAX_REV,S13,T_5000,_T,PT_B1GQ,A,4.838
2021,GAB,TAX_REV,S13,T_2000,_T,PT_B1GQ,A,1.364
2021,GAB,TAX_REV,S13,T_1000,_T,PT_B1GQ,A,3.558
2021,GAB,TAX_REV,S13,_T,_T,PT_B1GQ,A,10.321
2021,GAB,TAX_REV,S13,T_4000,_T,PT_B1GQ,A,0.156
2022,GAB,TAX_REV,S13,T_4000,_T,PT_B1GQ,A,0.182
2022,GAB,TAX_REV,S13,_T,_T,PT_B1GQ,A,11.419
2022,GAB,TAX_REV,S13,T_1000,_T,PT_B1GQ,A,5.353
2022,GAB,TAX_REV,S13,T_2000,_T,PT_B1GQ,A,1.221
2022,GAB,TAX_REV,S13,T_5000,_T,PT_B1GQ,A,4.506
2000,GHA,TAX_REV,S13,T_5000,_T,PT_B1GQ,A,4.808
2000,GHA,TAX_REV,S13,_T,_T,PT_B1GQ,A,7.798
2000,GHA,TAX_REV,S13,T_1000,_T,PT_B1GQ,A,2.255
2000,GHA,TAX_REV,S13,T_2000,_T,PT_B1GQ,A,0.734
2001,GHA,TAX_REV,S13,T_2000,_T,PT_B1GQ,A,0.831
2001,GHA,TAX_REV,S13,T_1000,_T,PT_B1GQ,A,2.423
2001,GHA,TAX_REV,S13,_T,_T,PT_B1GQ,A,8.314
2001,GHA,TAX_REV,S13,T_5000,_T,PT_B1GQ,A,5.059
2002,GHA,TAX_REV,S13,T_5000,_T,PT_B1GQ,A,5.11
2002,GHA,TAX_REV,S13,_T,_T,PT_B1GQ,A,8.479
2002,GHA,TAX_REV,S13,T_1000,_T,PT_B1GQ,A,2.479
2002,GHA,TAX_REV,S13,T_2000,_T,PT_B1GQ,A,0.89
2003,GHA,TAX_REV,S13,T_2000,_T,PT_B1GQ,A,0.882
2003,GHA,TAX_REV,S13,T_1000,_T,PT_B1GQ,A,2.671
2003,GHA,TAX_REV,S13,_T,_T,PT_B1GQ,A,9.667
2003,GHA,TAX_REV,S13,T_5000,_T,PT_B1GQ,A,6.113
2004,GHA,TAX_REV,S13,T_5000,_T,PT_B1GQ,A,6.573
2004,GHA,TAX_REV,S13,_T,_T,PT_B1GQ,A,10.396
2004,GHA,TAX_REV,S13,T_1000,_T,PT_B1GQ,A,2.926
2004,GHA,TAX_REV,S13,T_2000,_T,PT_B1GQ,A,0.897
2005,GHA,TAX_REV,S13,T_2000,_T,PT_B1GQ,A,0.855
2005,GHA,TAX_REV,S13,T_1000,_T,PT_B1GQ,A,2.881
2005,GHA,TAX_REV,S13,_T,_T,PT_B1GQ,A,10.506
2005,GHA,TAX_REV,S13,T_5000,_T,PT_B1GQ,A,6.771
2006,GHA,TAX_REV,S13,T_5000,_T,PT_B1GQ,A,6.075
2006,GHA,TAX_REV,S13,_T,_T,PT_B1GQ,A,9.872
2006,GHA,TAX_REV,S13,T_1000,_T,PT_B1GQ,A,2.714
2006,GHA,TAX_REV,S13,T_2000,_T,PT_B1GQ,A,1.083
2007,GHA,TAX_REV,S13,T_2000,_T,PT_B1GQ,A,1.108
2007,GHA,TAX_REV,S13,T_1000,_T,PT_B1GQ,A,2.953
2007,GHA,TAX_REV,S13,_T,_T,PT_B1GQ,A,9.978
2007,GHA,TAX_REV,S13,T_5000,_T,PT_B1GQ,A,5.917
2008,GHA,TAX_REV,S13,T_5000,_T,PT_B1GQ,A,6.482
2008,GHA,TAX_REV,S13,_T,_T,PT_B1GQ,A,10.543
2008,GHA,TAX_REV,S13,T_1000,_T,PT_B1GQ,A,3.037
2008,GHA,TAX_REV,S13,T_2000,_T,PT_B1GQ,A,1.024
2009,GHA,TAX_REV,S13,T_2000,_T,PT_B1GQ,A,1.349
2009,GHA,TAX_REV,S13,T_1000,_T,PT_B1GQ,A,3.425
2009,GHA,TAX_REV,S13,_T,_T,PT_B1GQ,A,10.413
2009,GHA,TAX_REV,S13,T_5000,_T,PT_B1GQ,A,5.639
2010,GHA,TAX_REV,S13,T_5000,_T,PT_B1GQ,A,5.969
2010,GHA,TAX_REV,S13,_T,_T,PT_B1GQ,A,10.798
2010,GHA,TAX_REV,S13,T_1000,_T,PT_B1GQ,A,3.899
2010,GHA,TAX_REV,S13,T_2000,_T,PT_B1GQ,A,0.93
2011,GHA,TAX_REV,S13,T_2000,_T,PT_B1GQ,A,1.015
2011,GHA,TAX_REV,S13,T_1000,_T,PT_B1GQ,A,4.351
2011,GHA,TAX_REV,S13,_T,_T,PT_B1GQ,A,11.793
2011,GHA,TAX_REV,S13,T_5000,_T,PT_B1GQ,A,6.427
2012,GHA,TAX_REV,S13,T_5000,_T,PT_B1GQ,A,6.277
2012,GHA,TAX_REV,S13,_T,_T,PT_B1GQ,A,11.977
2012,GHA,TAX_REV,S13,T_1000,_T,PT_B1GQ,A,4.785
2012,GHA,TAX_REV,S13,T_2000,_T,PT_B1GQ,A,0.915
2013,GHA,TAX_REV,S13,T_2000,_T,PT_B1GQ,A,0.932
2013,GHA,TAX_REV,S13,T_1000,_T,PT_B1GQ,A,4.394
2013,GHA,TAX_REV,S13,_T,_T,PT_B1GQ,A,11.278
2013,GHA,TAX_REV,S13,T_5000,_T,PT_B1GQ,A,5.952
2014,GHA,TAX_REV,S13,T_5000,_T,PT_B1GQ,A,6.175
2014,GHA,TAX_REV,S13,_T,_T,PT_B1GQ,A,11.938
2014,GHA,TAX_REV,S13,T_1000,_T,PT_B1GQ,A,4.638
2014,GHA,TAX_REV,S13,T_2000,_T,PT_B1GQ,A,1.125
2015,GHA,TAX_REV,S13,T_2000,_T,PT_B1GQ,A,1.156
2015,GHA,TAX_REV,S13,T_1000,_T,PT_B1GQ,A,4.125
2015,GHA,TAX_REV,S13,_T,_T,PT_B1GQ,A,12.855
2015,GHA,TAX_REV,S13,T_5000,_T,PT_B1GQ,A,7.574
2016,GHA,TAX_REV,S13,T_5000,_T,PT_B1GQ,A,8.569
2016,GHA,TAX_REV,S13,_T,_T,PT_B1GQ,A,13.092
2016,GHA,TAX_REV,S13,T_1000,_T,PT_B1GQ,A,3.681
2016,GHA,TAX_REV,S13,T_2000,_T,PT_B1GQ,A,0.842
2017,GHA,TAX_REV,S13,T_2000,_T,PT_B1GQ,A,0.903
2017,GHA,TAX_REV,S13,T_1000,_T,PT_B1GQ,A,4.457
2017,GHA,TAX_REV,S13,_T,_T,PT_B1GQ,A,13.449
2017,GHA,TAX_REV,S13,T_5000,_T,PT_B1GQ,A,8.088
2018,GHA,TAX_REV,S13,T_5000,_T,PT_B1GQ,A,7.656
2018,GHA,TAX_REV,S13,_T,_T,PT_B1GQ,A,13.67
2018,GHA,TAX_REV,S13,T_1000,_T,PT_B1GQ,A,5.296
2018,GHA,TAX_REV,S13,T_2000,_T,PT_B1GQ,A,0.717
2019,GHA,TAX_REV,S13,T_2000,_T,PT_B1GQ,A,0.692
2019,GHA,TAX_REV,S13,T_1000,_T,PT_B1GQ,A,5.568
2019,GHA,TAX_REV,S13,_T,_T,PT_B1GQ,A,13.193
2019,GHA,TAX_REV,S13,T_5000,_T,PT_B1GQ,A,6.933
2020,GHA,TAX_REV,S13,T_5000,_T,PT_B1GQ,A,6.707
2020,GHA,TAX_REV,S13,_T,_T,PT_B1GQ,A,13.131
2020,GHA,TAX_REV,S13,T_1000,_T,PT_B1GQ,A,5.377
2020,GHA,TAX_REV,S13,T_2000,_T,PT_B1GQ,A,1.048
2021,GHA,TAX_REV,S13,T_2000,_T,PT_B1GQ,A,0.73
2021,GHA,TAX_REV,S13,T_1000,_T,PT_B1GQ,A,5.41
2021,GHA,TAX_REV,S13,_T,_T,PT_B1GQ,A,14.048
2021,GHA,TAX_REV,S13,T_5000,_T,PT_B1GQ,A,7.908
2022,GHA,TAX_REV,S13,T_4000,_T,PT_B1GQ,A,0.097
2022,GHA,TAX_REV,S13,T_5000,_T,PT_B1GQ,A,7.679
2022,GHA,TAX_REV,S13,_T,_T,PT_B1GQ,A,13.961
2022,GHA,TAX_REV,S13,T_1000,_T,PT_B1GQ,A,5.471
2022,GHA,TAX_REV,S13,T_2000,_T,PT_B1GQ,A,0.714
1990,VEN,TAX_REV,S13,T_5000,_T,PT_B1GQ,A,2.355
1990,VEN,TAX_REV,S13,T_2000,_T,PT_B1GQ,A,1.042
1990,VEN,TAX_REV,S13,_T,_T,PT_B1GQ,A,21.2
1990,VEN,TAX_REV,S13,T_4000,_T,PT_B1GQ,A,0.058
1990,VEN,TAX_REV,S13,T_1000,_T,PT_B1GQ,A,17.745
1991,VEN,TAX_REV,S13,T_1000,_T,PT_B1GQ,A,11.373
1991,VEN,TAX_REV,S13,T_4000,_T,PT_B1GQ,A,0.044
1991,VEN,TAX_REV,S13,_T,_T,PT_B1GQ,A,14.013
1991,VEN,TAX_REV,S13,T_2000,_T,PT_B1GQ,A,0.601
1991,VEN,TAX_REV,S13,T_5000,_T,PT_B1GQ,A,1.994
1992,VEN,TAX_REV,S13,T_5000,_T,PT_B1GQ,A,3.343
1992,VEN,TAX_REV,S13,T_2000,_T,PT_B1GQ,A,0.918
1992,VEN,TAX_REV,S13,_T,_T,PT_B1GQ,A,14.175
1992,VEN,TAX_REV,S13,T_4000,_T,PT_B1GQ,A,0.083
1992,VEN,TAX_REV,S13,T_1000,_T,PT_B1GQ,A,9.831
1993,VEN,TAX_REV,S13,T_1000,_T,PT_B1GQ,A,7.763
1993,VEN,TAX_REV,S13,T_4000,_T,PT_B1GQ,A,0.053
1993,VEN,TAX_REV,S13,_T,_T,PT_B1GQ,A,11.89
1993,VEN,TAX_REV,S13,T_2000,_T,PT_B1GQ,A,0.671
1993,VEN,TAX_REV,S13,T_5000,_T,PT_B1GQ,A,3.403
1994,VEN,TAX_REV,S13,T_5000,_T,PT_B1GQ,A,4.746
1994,VEN,TAX_REV,S13,T_2000,_T,PT_B1GQ,A,1.033
1994,VEN,TAX_REV,S13,_T,_T,PT_B1GQ,A,14.643
1994,VEN,TAX_REV,S13,T_4000,_T,PT_B1GQ,A,1.323
1994,VEN,TAX_REV,S13,T_1000,_T,PT_B1GQ,A,7.542
1995,VEN,TAX_REV,S13,T_1000,_T,PT_B1GQ,A,6.699
1995,VEN,TAX_REV,S13,T_4000,_T,PT_B1GQ,A,0.036
1995,VEN,TAX_REV,S13,_T,_T,PT_B1GQ,A,13.46
1995,VEN,TAX_REV,S13,T_2000,_T,PT_B1GQ,A,0.725
1995,VEN,TAX_REV,S13,T_5000,_T,PT_B1GQ,A,6.001
1996,VEN,TAX_REV,S13,T_5000,_T,PT_B1GQ,A,5.891
1996,VEN,TAX_REV,S13,T_2000,_T,PT_B1GQ,A,0.327
1996,VEN,TAX_REV,S13,_T,_T,PT_B1GQ,A,13.968
1996,VEN,TAX_REV,S13,T_4000,_T,PT_B1GQ,A,0.019
1996,VEN,TAX_REV,S13,T_1000,_T,PT_B1GQ,A,7.732
1997,VEN,TAX_REV,S13,T_1000,_T,PT_B1GQ,A,9.918
1997,VEN,TAX_REV,S13,T_4000,_T,PT_B1GQ,A,0.014
1997,VEN,TAX_REV,S13,_T,_T,PT_B1GQ,A,18.12
1997,VEN,TAX_REV,S13,T_2000,_T,PT_B1GQ,A,0.392
1997,VEN,TAX_REV,S13,T_5000,_T,PT_B1GQ,A,7.795
1998,VEN,TAX_REV,S13,T_5000,_T,PT_B1GQ,A,8.438
1998,VEN,TAX_REV,S13,T_2000,_T,PT_B1GQ,A,0.732
1998,VEN,TAX_REV,S13,_T,_T,PT_B1GQ,A,12.723
1998,VEN,TAX_REV,S13,T_4000,_T,PT_B1GQ,A,0.179
1998,VEN,TAX_REV,S13,T_1000,_T,PT_B1GQ,A,3.374
1999,VEN,TAX_REV,S13,T_1000,_T,PT_B1GQ,A,4.188
1999,VEN,TAX_REV,S13,T_4000,_T,PT_B1GQ,A,1.075
1999,VEN,TAX_REV,S13,_T,_T,PT_B1GQ,A,13.89
1999,VEN,TAX_REV,S13,T_2000,_T,PT_B1GQ,A,0.813
1999,VEN,TAX_REV,S13,T_5000,_T,PT_B1GQ,A,7.815
2000,VEN,TAX_REV,S13,T_5000,_T,PT_B1GQ,A,6.426
2000,VEN,TAX_REV,S13,T_2000,_T,PT_B1GQ,A,0.734
2000,VEN,TAX_REV,S13,_T,_T,PT_B1GQ,A,13.477
2000,VEN,TAX_REV,S13,T_4000,_T,PT_B1GQ,A,0.497
2000,VEN,TAX_REV,S13,T_1000,_T,PT_B1GQ,A,5.821
2001,VEN,TAX_REV,S13,T_1000,_T,PT_B1GQ,A,4.52
2001,VEN,TAX_REV,S13,T_4000,_T,PT_B1GQ,A,0.144
2001,VEN,TAX_REV,S13,_T,_T,PT_B1GQ,A,12.107
2001,VEN,TAX_REV,S13,T_2000,_T,PT_B1GQ,A,0.754
2001,VEN,TAX_REV,S13,T_5000,_T,PT_B1GQ,A,6.689
2002,VEN,TAX_REV,S13,T_5000,_T,PT_B1GQ,A,6.135
2002,VEN,TAX_REV,S13,T_2000,_T,PT_B1GQ,A,0.6
2002,VEN,TAX_REV,S13,_T,_T,PT_B1GQ,A,11.159
2002,VEN,TAX_REV,S13,T_4000,_T,PT_B1GQ,A,1.437
2002,VEN,TAX_REV,S13,T_1000,_T,PT_B1GQ,A,2.987
2003,VEN,TAX_REV,S13,T_1000,_T,PT_B1GQ,A,3.459
2003,VEN,TAX_REV,S13,T_4000,_T,PT_B1GQ,A,1.535
2003,VEN,TAX_REV,S13,_T,_T,PT_B1GQ,A,11.966
2003,VEN,TAX_REV,S13,T_2000,_T,PT_B1GQ,A,0.598
2003,VEN,TAX_REV,S13,T_5000,_T,PT_B1GQ,A,6.374
2004,VEN,TAX_REV,S13,T_5000,_T,PT_B1GQ,A,7.818
2004,VEN,TAX_REV,S13,T_2000,_T,PT_B1GQ,A,0.625
2004,VEN,TAX_REV,S13,_T,_T,PT_B1GQ,A,13.253
2004,VEN,TAX_REV,S13,T_4000,_T,PT_B1GQ,A,0.947
2004,VEN,TAX_REV,S13,T_1000,_T,PT_B1GQ,A,3.864
2005,VEN,TAX_REV,S13,T_1000,_T,PT_B1GQ,A,6.093
2005,VEN,TAX_REV,S13,T_4000,_T,PT_B1GQ,A,0.932
2005,VEN,TAX_REV,S13,_T,_T,PT_B1GQ,A,15.877
2005,VEN,TAX_REV,S13,T_2000,_T,PT_B1GQ,A,0.621
2005,VEN,TAX_REV,S13,T_5000,_T,PT_B1GQ,A,8.231
2006,VEN,TAX_REV,S13,T_5000,_T,PT_B1GQ,A,8.492
2006,VEN,TAX_REV,S13,T_2000,_T,PT_B1GQ,A,0.695
2006,VEN,TAX_REV,S13,_T,_T,PT_B1GQ,A,16.301
2006,VEN,TAX_REV,S13,T_4000,_T,PT_B1GQ,A,0.1
2006,VEN,TAX_REV,S13,T_1000,_T,PT_B1GQ,A,7.014
2007,VEN,TAX_REV,S13,T_1000,_T,PT_B1GQ,A,7.61
2007,VEN,TAX_REV,S13,T_4000,_T,PT_B1GQ,A,0.55
2007,VEN,TAX_REV,S13,_T,_T,PT_B1GQ,A,16.988
2007,VEN,TAX_REV,S13,T_2000,_T,PT_B1GQ,A,0.854
2007,VEN,TAX_REV,S13,T_5000,_T,PT_B1GQ,A,7.974
2008,VEN,TAX_REV,S13,T_5000,_T,PT_B1GQ,A,6.686
2008,VEN,TAX_REV,S13,T_2000,_T,PT_B1GQ,A,0.75
2008,VEN,TAX_REV,S13,_T,_T,PT_B1GQ,A,14.199
2008,VEN,TAX_REV,S13,T_4000,_T,PT_B1GQ,A,0.921
2008,VEN,TAX_REV,S13,T_1000,_T,PT_B1GQ,A,5.842
2009,VEN,TAX_REV,S13,T_1000,_T,PT_B1GQ,A,5.502
2009,VEN,TAX_REV,S13,T_4000,_T,PT_B1GQ,A,0.025
2009,VEN,TAX_REV,S13,_T,_T,PT_B1GQ,A,14.192
2009,VEN,TAX_REV,S13,T_2000,_T,PT_B1GQ,A,0.952
2009,VEN,TAX_REV,S13,T_5000,_T,PT_B1GQ,A,7.714
2010,VEN,TAX_REV,S13,T_5000,_T,PT_B1GQ,A,7.222
2010,VEN,TAX_REV,S13,T_2000,_T,PT_B1GQ,A,0.954
2010,VEN,TAX_REV,S13,_T,_T,PT_B1GQ,A,11.826
2010,VEN,TAX_REV,S13,T_4000,_T,PT_B1GQ,A,0.022
2010,VEN,TAX_REV,S13,T_1000,_T,PT_B1GQ,A,3.628
2011,VEN,TAX_REV,S13,T_1000,_T,PT_B1GQ,A,3.925
2011,VEN,TAX_REV,S13,T_4000,_T,PT_B1GQ,A,0.02
2011,VEN,TAX_REV,S13,_T,_T,PT_B1GQ,A,13.447
2011,VEN,TAX_REV,S13,T_2000,_T,PT_B1GQ,A,0.953
2011,VEN,TAX_REV,S13,T_5000,_T,PT_B1GQ,A,7.887
2012,VEN,TAX_REV,S13,T_5000,_T,PT_B1GQ,A,8.572
2012,VEN,TAX_REV,S13,T_2000,_T,PT_B1GQ,A,0.953
2012,VEN,TAX_REV,S13,_T,_T,PT_B1GQ,A,14.111
2012,VEN,TAX_REV,S13,T_4000,_T,PT_B1GQ,A,0.021
2012,VEN,TAX_REV,S13,T_1000,_T,PT_B1GQ,A,4.325
2013,VEN,TAX_REV,S13,T_1000,_T,PT_B1GQ,A,4.172
2013,VEN,TAX_REV,S13,T_4000,_T,PT_B1GQ,A,0.024
2013,VEN,TAX_REV,S13,_T,_T,PT_B1GQ,A,14.424
2013,VEN,TAX_REV,S13,T_2000,_T,PT_B1GQ,A,0.954
2013,VEN,TAX_REV,S13,T_5000,_T,PT_B1GQ,A,9.079
2014,VEN,TAX_REV,S13,T_5000,_T,PT_B1GQ,A,11.418
2014,VEN,TAX_REV,S13,T_4000,_T,PT_B1GQ,A,0.034
2014,VEN,TAX_REV,S13,T_1000,_T,PT_B1GQ,A,6.195
2015,VEN,TAX_REV,S13,T_1000,_T,PT_B1GQ,A,3.543
2015,VEN,TAX_REV,S13,T_4000,_T,PT_B1GQ,A,0.037
2015,VEN,TAX_REV,S13,T_5000,_T,PT_B1GQ,A,11.357
2016,VEN,TAX_REV,S13,T_5000,_T,PT_B1GQ,A,9.106
2016,VEN,TAX_REV,S13,T_4000,_T,PT_B1GQ,A,0.032
2017,VEN,TAX_REV,S13,T_4000,_T,PT_B1GQ,A,1.212
2017,VEN,TAX_REV,S13,T_5000,_T,PT_B1GQ,A,7.401
2004,MHL,TAX_REV,S13,T_5000,_T,PT_B1GQ,A,8.175
2004,MHL,TAX_REV,S13,T_1000,_T,PT_B1GQ,A,8.021
2004,MHL,TAX_REV,S13,T_4000,_T,PT_B1GQ,A,0.283
2004,MHL,TAX_REV,S13,_T,_T,PT_B1GQ,A,16.725
2005,MHL,TAX_REV,S13,_T,_T,PT_B1GQ,A,17.857
2005,MHL,TAX_REV,S13,T_4000,_T,PT_B1GQ,A,0.278
2005,MHL,TAX_REV,S13,T_1000,_T,PT_B1GQ,A,7.978
2005,MHL,TAX_REV,S13,T_5000,_T,PT_B1GQ,A,9.354
2006,MHL,TAX_REV,S13,T_5000,_T,PT_B1GQ,A,9.494
2006,MHL,TAX_REV,S13,T_1000,_T,PT_B1GQ,A,7.858
2006,MHL,TAX_REV,S13,T_4000,_T,PT_B1GQ,A,0.252
2006,MHL,TAX_REV,S13,_T,_T,PT_B1GQ,A,17.885
2007,MHL,TAX_REV,S13,_T,_T,PT_B1GQ,A,18.362
2007,MHL,TAX_REV,S13,T_4000,_T,PT_B1GQ,A,0.263
2007,MHL,TAX_REV,S13,T_1000,_T,PT_B1GQ,A,7.576
2007,MHL,TAX_REV,S13,T_5000,_T,PT_B1GQ,A,10.282
2008,MHL,TAX_REV,S13,T_5000,_T,PT_B1GQ,A,9.592
2008,MHL,TAX_REV,S13,T_2000,_T,PT_B1GQ,A,12.797
2008,MHL,TAX_REV,S13,T_1000,_T,PT_B1GQ,A,7.227
2008,MHL,TAX_REV,S13,T_4000,_T,PT_B1GQ,A,0.257
2008,MHL,TAX_REV,S13,_T,_T,PT_B1GQ,A,30.135
2009,MHL,TAX_REV,S13,_T,_T,PT_B1GQ,A,28.666
2009,MHL,TAX_REV,S13,T_4000,_T,PT_B1GQ,A,0.263
2009,MHL,TAX_REV,S13,T_1000,_T,PT_B1GQ,A,7.449
2009,MHL,TAX_REV,S13,T_2000,_T,PT_B1GQ,A,12.328
2009,MHL,TAX_REV,S13,T_5000,_T,PT_B1GQ,A,8.363
2010,MHL,TAX_REV,S13,T_5000,_T,PT_B1GQ,A,8.707
2010,MHL,TAX_REV,S13,T_2000,_T,PT_B1GQ,A,12.361
2010,MHL,TAX_REV,S13,T_1000,_T,PT_B1GQ,A,6.737
2010,MHL,TAX_REV,S13,T_4000,_T,PT_B1GQ,A,0.15
2010,MHL,TAX_REV,S13,_T,_T,PT_B1GQ,A,28.283
2011,MHL,TAX_REV,S13,_T,_T,PT_B1GQ,A,26.884
2011,MHL,TAX_REV,S13,T_4000,_T,PT_B1GQ,A,0.649
2011,MHL,TAX_REV,S13,T_1000,_T,PT_B1GQ,A,6.358
2011,MHL,TAX_REV,S13,T_2000,_T,PT_B1GQ,A,12.002
2011,MHL,TAX_REV,S13,T_5000,_T,PT_B1GQ,A,7.53
2012,MHL,TAX_REV,S13,T_5000,_T,PT_B1GQ,A,7.378
2012,MHL,TAX_REV,S13,T_2000,_T,PT_B1GQ,A,10.753
2012,MHL,TAX_REV,S13,T_1000,_T,PT_B1GQ,A,6.244
2012,MHL,TAX_REV,S13,T_4000,_T,PT_B1GQ,A,0.176
2012,MHL,TAX_REV,S13,_T,_T,PT_B1GQ,A,24.937
2013,MHL,TAX_REV,S13,_T,_T,PT_B1GQ,A,25.5
2013,MHL,TAX_REV,S13,T_4000,_T,PT_B1GQ,A,0.213
2013,MHL,TAX_REV,S13,T_1000,_T,PT_B1GQ,A,6.42
2013,MHL,TAX_REV,S13,T_2000,_T,PT_B1GQ,A,11.036
2013,MHL,TAX_REV,S13,T_5000,_T,PT_B1GQ,A,7.559
2014,MHL,TAX_REV,S13,T_5000,_T,PT_B1GQ,A,6.978
2014,MHL,TAX_REV,S13,T_2000,_T,PT_B1GQ,A,10.887
2014,MHL,TAX_REV,S13,T_1000,_T,PT_B1GQ,A,6.307
2014,MHL,TAX_REV,S13,T_4000,_T,PT_B1GQ,A,0.001
2014,MHL,TAX_REV,S13,_T,_T,PT_B1GQ,A,24.452
2015,MHL,TAX_REV,S13,_T,_T,PT_B1GQ,A,25.805
2015,MHL,TAX_REV,S13,T_4000,_T,PT_B1GQ,A,0.359
2015,MHL,TAX_REV,S13,T_1000,_T,PT_B1GQ,A,6.462
2015,MHL,TAX_REV,S13,T_2000,_T,PT_B1GQ,A,11.761
2015,MHL,TAX_REV,S13,T_5000,_T,PT_B1GQ,A,6.949
2016,MHL,TAX_REV,S13,T_5000,_T,PT_B1GQ,A,6.908
2016,MHL,TAX_REV,S13,T_2000,_T,PT_B1GQ,A,10.807
2016,MHL,TAX_REV,S13,T_1000,_T,PT_B1GQ,A,6.842
2016,MHL,TAX_REV,S13,T_4000,_T,PT_B1GQ,A,0.318
2016,MHL,TAX_REV,S13,_T,_T,PT_B1GQ,A,25.137
2017,MHL,TAX_REV,S13,_T,_T,PT_B1GQ,A,26.416
2017,MHL,TAX_REV,S13,T_4000,_T,PT_B1GQ,A,0.32
2017,MHL,TAX_REV,S13,T_1000,_T,PT_B1GQ,A,6.938
2017,MHL,TAX_REV,S13,T_2000,_T,PT_B1GQ,A,12.164
2017,MHL,TAX_REV,S13,T_5000,_T,PT_B1GQ,A,6.669
2018,MHL,TAX_REV,S13,T_5000,_T,PT_B1GQ,A,7.057
2018,MHL,TAX_REV,S13,T_2000,_T,PT_B1GQ,A,12.415
2018,MHL,TAX_REV,S13,T_1000,_T,PT_B1GQ,A,6.792
2018,MHL,TAX_REV,S13,T_4000,_T,PT_B1GQ,A,0.32
2018,MHL,TAX_REV,S13,_T,_T,PT_B1GQ,A,26.906
2019,MHL,TAX_REV,S13,_T,_T,PT_B1GQ,A,26.603
2019,MHL,TAX_REV,S13,T_4000,_T,PT_B1GQ,A,0.293
2019,MHL,TAX_REV,S13,T_1000,_T,PT_B1GQ,A,6.784
2019,MHL,TAX_REV,S13,T_2000,_T,PT_B1GQ,A,12.042
2019,MHL,TAX_REV,S13,T_5000,_T,PT_B1GQ,A,7.14
2020,MHL,TAX_REV,S13,T_5000,_T,PT_B1GQ,A,6.622
2020,MHL,TAX_REV,S13,T_2000,_T,PT_B1GQ,A,12.682
2020,MHL,TAX_REV,S13,T_1000,_T,PT_B1GQ,A,6.72
2020,MHL,TAX_REV,S13,T_4000,_T,PT_B1GQ,A,0.308
2020,MHL,TAX_REV,S13,_T,_T,PT_B1GQ,A,26.4
2021,MHL,TAX_REV,S13,_T,_T,PT_B1GQ,A,25.624
2021,MHL,TAX_REV,S13,T_4000,_T,PT_B1GQ,A,0.276
2021,MHL,TAX_REV,S13,T_1000,_T,PT_B1GQ,A,6.775
2021,MHL,TAX_REV,S13,T_2000,_T,PT_B1GQ,A,11.832
2021,MHL,TAX_REV,S13,T_5000,_T,PT_B1GQ,A,6.733
2022,MHL,TAX_REV,S13,T_5000,_T,PT_B1GQ,A,6.991
2022,MHL,TAX_REV,S13,T_2000,_T,PT_B1GQ,A,12.354
2022,MHL,TAX_REV,S13,T_1000,_T,PT_B1GQ,A,6.399
2022,MHL,TAX_REV,S13,T_4000,_T,PT_B1GQ,A,0.043
2022,MHL,TAX_REV,S13,_T,_T,PT_B1GQ,A,26.108
2023,MHL,TAX_REV,S13,_T,_T,PT_B1GQ,A,25.148
2023,MHL,TAX_REV,S13,T_4000,_T,PT_B1GQ,A,0.14
2023,MHL,TAX_REV,S13,T_1000,_T,PT_B1GQ,A,6.066
2023,MHL,TAX_REV,S13,T_2000,_T,PT_B1GQ,A,11.966
2023,MHL,TAX_REV,S13,T_5000,_T,PT_B1GQ,A,6.689
1995,GEO,TAX_REV,S13,T_5000,_T,PT_B1GQ,A,2.643
1995,GEO,TAX_REV,S13,T_1000,_T,PT_B1GQ,A,1.961
1995,GEO,TAX_REV,S13,T_2000,_T,PT_B1GQ,A,1.62
1995,GEO,TAX_REV,S13,T_4000,_T,PT_B1GQ,A,0.444
1995,GEO,TAX_REV,S13,_T,_T,PT_B1GQ,A,7.282
1996,GEO,TAX_REV,S13,_T,_T,PT_B1GQ,A,10.209
1996,GEO,TAX_REV,S13,T_4000,_T,PT_B1GQ,A,0.493
1996,GEO,TAX_REV,S13,T_2000,_T,PT_B1GQ,A,1.744
1996,GEO,TAX_REV,S13,T_1000,_T,PT_B1GQ,A,1.94
1996,GEO,TAX_REV,S13,T_5000,_T,PT_B1GQ,A,4.746
1997,GEO,TAX_REV,S13,T_5000,_T,PT_B1GQ,A,7.638
1997,GEO,TAX_REV,S13,T_1000,_T,PT_B1GQ,A,2.419
1997,GEO,TAX_REV,S13,T_2000,_T,PT_B1GQ,A,1.496
1997,GEO,TAX_REV,S13,T_4000,_T,PT_B1GQ,A,0.645
1997,GEO,TAX_REV,S13,_T,_T,PT_B1GQ,A,12.669
1998,GEO,TAX_REV,S13,_T,_T,PT_B1GQ,A,12.88
1998,GEO,TAX_REV,S13,T_4000,_T,PT_B1GQ,A,0.776
1998,GEO,TAX_REV,S13,T_2000,_T,PT_B1GQ,A,2.033
1998,GEO,TAX_REV,S13,T_1000,_T,PT_B1GQ,A,2.679
1998,GEO,TAX_REV,S13,T_5000,_T,PT_B1GQ,A,6.745
1999,GEO,TAX_REV,S13,T_5000,_T,PT_B1GQ,A,7.415
1999,GEO,TAX_REV,S13,T_1000,_T,PT_B1GQ,A,2.74
1999,GEO,TAX_REV,S13,T_2000,_T,PT_B1GQ,A,1.833
1999,GEO,TAX_REV,S13,T_4000,_T,PT_B1GQ,A,0.837
1999,GEO,TAX_REV,S13,_T,_T,PT_B1GQ,A,13.733
2000,GEO,TAX_REV,S13,_T,_T,PT_B1GQ,A,14.389
2000,GEO,TAX_REV,S13,T_4000,_T,PT_B1GQ,A,0.747
2000,GEO,TAX_REV,S13,T_2000,_T,PT_B1GQ,A,2.332
2000,GEO,TAX_REV,S13,T_1000,_T,PT_B1GQ,A,3.034
2000,GEO,TAX_REV,S13,T_5000,_T,PT_B1GQ,A,7.631
2001,GEO,TAX_REV,S13,T_5000,_T,PT_B1GQ,A,7.816
2001,GEO,TAX_REV,S13,T_1000,_T,PT_B1GQ,A,2.949
2001,GEO,TAX_REV,S13,T_2000,_T,PT_B1GQ,A,2.326
2001,GEO,TAX_REV,S13,T_4000,_T,PT_B1GQ,A,0.66
2001,GEO,TAX_REV,S13,_T,_T,PT_B1GQ,A,14.528
2002,GEO,TAX_REV,S13,_T,_T,PT_B1GQ,A,14.72
2002,GEO,TAX_REV,S13,T_4000,_T,PT_B1GQ,A,0.75
2002,GEO,TAX_REV,S13,T_2000,_T,PT_B1GQ,A,2.256
2002,GEO,TAX_REV,S13,T_1000,_T,PT_B1GQ,A,2.938
2002,GEO,TAX_REV,S13,T_5000,_T,PT_B1GQ,A,8.557
2003,GEO,TAX_REV,S13,T_5000,_T,PT_B1GQ,A,7.575
2003,GEO,TAX_REV,S13,T_1000,_T,PT_B1GQ,A,2.886
2003,GEO,TAX_REV,S13,T_2000,_T,PT_B1GQ,A,2.529
2003,GEO,TAX_REV,S13,T_4000,_T,PT_B1GQ,A,0.801
2003,GEO,TAX_REV,S13,_T,_T,PT_B1GQ,A,13.953
2004,GEO,TAX_REV,S13,_T,_T,PT_B1GQ,A,19.133
2004,GEO,TAX_REV,S13,T_4000,_T,PT_B1GQ,A,0.46
2004,GEO,TAX_REV,S13,T_2000,_T,PT_B1GQ,A,3.982
2004,GEO,TAX_REV,S13,T_1000,_T,PT_B1GQ,A,4.26
2004,GEO,TAX_REV,S13,T_5000,_T,PT_B1GQ,A,10.233
2005,GEO,TAX_REV,S13,T_5000,_T,PT_B1GQ,A,11.872
2005,GEO,TAX_REV,S13,T_1000,_T,PT_B1GQ,A,4.194
2005,GEO,TAX_REV,S13,T_2000,_T,PT_B1GQ,A,3.589
2005,GEO,TAX_REV,S13,T_4000,_T,PT_B1GQ,A,0.506
2005,GEO,TAX_REV,S13,_T,_T,PT_B1GQ,A,20.186
2006,GEO,TAX_REV,S13,_T,_T,PT_B1GQ,A,22.215
2006,GEO,TAX_REV,S13,T_4000,_T,PT_B1GQ,A,0.605
2006,GEO,TAX_REV,S13,T_2000,_T,PT_B1GQ,A,3.547
2006,GEO,TAX_REV,S13,T_1000,_T,PT_B1GQ,A,5.129
2006,GEO,TAX_REV,S13,T_5000,_T,PT_B1GQ,A,12.778
2007,GEO,TAX_REV,S13,T_5000,_T,PT_B1GQ,A,14.048
2007,GEO,TAX_REV,S13,T_1000,_T,PT_B1GQ,A,6.19
2007,GEO,TAX_REV,S13,T_2000,_T,PT_B1GQ,A,4.133
2007,GEO,TAX_REV,S13,T_4000,_T,PT_B1GQ,A,0.618
2007,GEO,TAX_REV,S13,_T,_T,PT_B1GQ,A,25.134
2008,GEO,TAX_REV,S13,_T,_T,PT_B1GQ,A,24.235
2008,GEO,TAX_REV,S13,T_4000,_T,PT_B1GQ,A,0.673
2008,GEO,TAX_REV,S13,T_1000,_T,PT_B1GQ,A,9.629
2008,GEO,TAX_REV,S13,T_5000,_T,PT_B1GQ,A,13.459
2009,GEO,TAX_REV,S13,T_5000,_T,PT_B1GQ,A,13.687
2009,GEO,TAX_REV,S13,T_1000,_T,PT_B1GQ,A,8.851
2009,GEO,TAX_REV,S13,T_4000,_T,PT_B1GQ,A,0.867
2009,GEO,TAX_REV,S13,_T,_T,PT_B1GQ,A,23.735
2010,GEO,TAX_REV,S13,_T,_T,PT_B1GQ,A,21.977
2010,GEO,TAX_REV,S13,T_4000,_T,PT_B1GQ,A,0.866
2010,GEO,TAX_REV,S13,T_1000,_T,PT_B1GQ,A,8.028
2010,GEO,TAX_REV,S13,T_5000,_T,PT_B1GQ,A,12.797
2011,GEO,TAX_REV,S13,T_5000,_T,PT_B1GQ,A,13.382
2011,GEO,TAX_REV,S13,T_1000,_T,PT_B1GQ,A,9.132
2011,GEO,TAX_REV,S13,T_4000,_T,PT_B1GQ,A,0.844
2011,GEO,TAX_REV,S13,_T,_T,PT_B1GQ,A,23.505
2012,GEO,TAX_REV,S13,_T,_T,PT_B1GQ,A,23.913
2012,GEO,TAX_REV,S13,T_4000,_T,PT_B1GQ,A,0.824
2012,GEO,TAX_REV,S13,T_1000,_T,PT_B1GQ,A,9.377
2012,GEO,TAX_REV,S13,T_5000,_T,PT_B1GQ,A,13.586
2013,GEO,TAX_REV,S13,T_5000,_T,PT_B1GQ,A,12.559
2013,GEO,TAX_REV,S13,T_1000,_T,PT_B1GQ,A,9.406
2013,GEO,TAX_REV,S13,T_4000,_T,PT_B1GQ,A,0.792
2013,GEO,TAX_REV,S13,_T,_T,PT_B1GQ,A,22.855
2014,GEO,TAX_REV,S13,_T,_T,PT_B1GQ,A,22.828
2014,GEO,TAX_REV,S13,T_4000,_T,PT_B1GQ,A,0.775
2014,GEO,TAX_REV,S13,T_1000,_T,PT_B1GQ,A,8.724
2014,GEO,TAX_REV,S13,T_5000,_T,PT_B1GQ,A,13.251
2015,GEO,TAX_REV,S13,T_5000,_T,PT_B1GQ,A,12.867
2015,GEO,TAX_REV,S13,T_1000,_T,PT_B1GQ,A,9.403
2015,GEO,TAX_REV,S13,T_4000,_T,PT_B1GQ,A,0.84
2015,GEO,TAX_REV,S13,_T,_T,PT_B1GQ,A,23.187
2016,GEO,TAX_REV,S13,_T,_T,PT_B1GQ,A,24.036
2016,GEO,TAX_REV,S13,T_4000,_T,PT_B1GQ,A,0.994
2016,GEO,TAX_REV,S13,T_1000,_T,PT_B1GQ,A,9.493
2016,GEO,TAX_REV,S13,T_5000,_T,PT_B1GQ,A,12.109
2017,GEO,TAX_REV,S13,T_5000,_T,PT_B1GQ,A,13.655
2017,GEO,TAX_REV,S13,T_1000,_T,PT_B1GQ,A,8.891
2017,GEO,TAX_REV,S13,T_4000,_T,PT_B1GQ,A,0.955
2017,GEO,TAX_REV,S13,_T,_T,PT_B1GQ,A,23.968
2018,GEO,TAX_REV,S13,_T,_T,PT_B1GQ,A,23.02
2018,GEO,TAX_REV,S13,T_4000,_T,PT_B1GQ,A,0.972
2018,GEO,TAX_REV,S13,T_1000,_T,PT_B1GQ,A,8.78
2018,GEO,TAX_REV,S13,T_5000,_T,PT_B1GQ,A,13.148
2019,GEO,TAX_REV,S13,T_5000,_T,PT_B1GQ,A,13.725
2019,GEO,TAX_REV,S13,T_1000,_T,PT_B1GQ,A,8.746
2019,GEO,TAX_REV,S13,T_4000,_T,PT_B1GQ,A,0.954
2019,GEO,TAX_REV,S13,_T,_T,PT_B1GQ,A,23.851
2020,GEO,TAX_REV,S13,_T,_T,PT_B1GQ,A,22.052
2020,GEO,TAX_REV,S13,T_4000,_T,PT_B1GQ,A,0.871
2020,GEO,TAX_REV,S13,T_1000,_T,PT_B1GQ,A,8.528
2020,GEO,TAX_REV,S13,T_5000,_T,PT_B1GQ,A,12.506
2021,GEO,TAX_REV,S13,T_5000,_T,PT_B1GQ,A,13.385
2021,GEO,TAX_REV,S13,T_1000,_T,PT_B1GQ,A,7.89
2021,GEO,TAX_REV,S13,T_4000,_T,PT_B1GQ,A,0.841
2021,GEO,TAX_REV,S13,_T,_T,PT_B1GQ,A,22.314
2022,GEO,TAX_REV,S13,_T,_T,PT_B1GQ,A,23.731
2022,GEO,TAX_REV,S13,T_4000,_T,PT_B1GQ,A,0.828
2022,GEO,TAX_REV,S13,T_1000,_T,PT_B1GQ,A,9.558
2022,GEO,TAX_REV,S13,T_5000,_T,PT_B1GQ,A,13.134
2023,GEO,TAX_REV,S13,T_5000,_T,PT_B1GQ,A,13.086
2023,GEO,TAX_REV,S13,T_1000,_T,PT_B1GQ,A,10.002
2023,GEO,TAX_REV,S13,T_4000,_T,PT_B1GQ,A,0.802
2023,GEO,TAX_REV,S13,_T,_T,PT_B1GQ,A,24.401
2006,SLV,TAX_REV,S13,T_2000,_T,PT_B1GQ,A,2.281
2006,SLV,TAX_REV,S13,T_4000,_T,PT_B1GQ,A,0.136
2006,SLV,TAX_REV,S13,_T,_T,PT_B1GQ,A,18.274
2006,SLV,TAX_REV,S13,T_5000,_T,PT_B1GQ,A,10.538
2006,SLV,TAX_REV,S13,T_1000,_T,PT_B1GQ,A,4.922
2007,SLV,TAX_REV,S13,T_1000,_T,PT_B1GQ,A,5.486
2007,SLV,TAX_REV,S13,T_5000,_T,PT_B1GQ,A,10.437
2007,SLV,TAX_REV,S13,_T,_T,PT_B1GQ,A,18.764
2007,SLV,TAX_REV,S13,T_4000,_T,PT_B1GQ,A,0.142
2007,SLV,TAX_REV,S13,T_2000,_T,PT_B1GQ,A,2.298
2008,SLV,TAX_REV,S13,T_2000,_T,PT_B1GQ,A,2.441
2008,SLV,TAX_REV,S13,T_4000,_T,PT_B1GQ,A,0.117
2008,SLV,TAX_REV,S13,_T,_T,PT_B1GQ,A,18.984
2008,SLV,TAX_REV,S13,T_5000,_T,PT_B1GQ,A,10.4
2008,SLV,TAX_REV,S13,T_1000,_T,PT_B1GQ,A,5.582
2009,SLV,TAX_REV,S13,T_1000,_T,PT_B1GQ,A,5.393
2009,SLV,TAX_REV,S13,T_5000,_T,PT_B1GQ,A,9.383
2009,SLV,TAX_REV,S13,_T,_T,PT_B1GQ,A,17.917
2009,SLV,TAX_REV,S13,T_4000,_T,PT_B1GQ,A,0.094
2009,SLV,TAX_REV,S13,T_2000,_T,PT_B1GQ,A,2.6
2010,SLV,TAX_REV,S13,T_2000,_T,PT_B1GQ,A,2.549
2010,SLV,TAX_REV,S13,T_4000,_T,PT_B1GQ,A,0.105
2010,SLV,TAX_REV,S13,_T,_T,PT_B1GQ,A,18.686
2010,SLV,TAX_REV,S13,T_5000,_T,PT_B1GQ,A,10.179
2010,SLV,TAX_REV,S13,T_1000,_T,PT_B1GQ,A,5.396
2011,SLV,TAX_REV,S13,T_1000,_T,PT_B1GQ,A,5.555
2011,SLV,TAX_REV,S13,T_5000,_T,PT_B1GQ,A,10.157
2011,SLV,TAX_REV,S13,_T,_T,PT_B1GQ,A,18.728
2011,SLV,TAX_REV,S13,T_4000,_T,PT_B1GQ,A,0.102
2011,SLV,TAX_REV,S13,T_2000,_T,PT_B1GQ,A,2.461
2012,SLV,TAX_REV,S13,T_2000,_T,PT_B1GQ,A,2.455
2012,SLV,TAX_REV,S13,T_4000,_T,PT_B1GQ,A,0.115
2012,SLV,TAX_REV,S13,_T,_T,PT_B1GQ,A,19.05
2012,SLV,TAX_REV,S13,T_5000,_T,PT_B1GQ,A,10.163
2012,SLV,TAX_REV,S13,T_1000,_T,PT_B1GQ,A,5.844
2013,SLV,TAX_REV,S13,T_1000,_T,PT_B1GQ,A,6.724
2013,SLV,TAX_REV,S13,T_5000,_T,PT_B1GQ,A,10.232
2013,SLV,TAX_REV,S13,_T,_T,PT_B1GQ,A,20.061
2013,SLV,TAX_REV,S13,T_4000,_T,PT_B1GQ,A,0.117
2013,SLV,TAX_REV,S13,T_2000,_T,PT_B1GQ,A,2.491
2014,SLV,TAX_REV,S13,T_2000,_T,PT_B1GQ,A,2.526
2014,SLV,TAX_REV,S13,T_4000,_T,PT_B1GQ,A,0.225
2014,SLV,TAX_REV,S13,_T,_T,PT_B1GQ,A,19.822
2014,SLV,TAX_REV,S13,T_5000,_T,PT_B1GQ,A,9.814
2014,SLV,TAX_REV,S13,T_1000,_T,PT_B1GQ,A,6.733
2015,SLV,TAX_REV,S13,T_1000,_T,PT_B1GQ,A,6.592
2015,SLV,TAX_REV,S13,T_5000,_T,PT_B1GQ,A,9.719
2015,SLV,TAX_REV,S13,_T,_T,PT_B1GQ,A,19.876
2015,SLV,TAX_REV,S13,T_4000,_T,PT_B1GQ,A,0.477
2015,SLV,TAX_REV,S13,T_2000,_T,PT_B1GQ,A,2.593
2016,SLV,TAX_REV,S13,T_2000,_T,PT_B1GQ,A,2.708
2016,SLV,TAX_REV,S13,T_4000,_T,PT_B1GQ,A,0.462
2016,SLV,TAX_REV,S13,_T,_T,PT_B1GQ,A,20.525
2016,SLV,TAX_REV,S13,T_5000,_T,PT_B1GQ,A,9.947
2016,SLV,TAX_REV,S13,T_1000,_T,PT_B1GQ,A,6.887
2017,SLV,TAX_REV,S13,T_1000,_T,PT_B1GQ,A,7.203
2017,SLV,TAX_REV,S13,T_5000,_T,PT_B1GQ,A,10.057
2017,SLV,TAX_REV,S13,_T,_T,PT_B1GQ,A,20.953
2017,SLV,TAX_REV,S13,T_4000,_T,PT_B1GQ,A,0.45
2017,SLV,TAX_REV,S13,T_2000,_T,PT_B1GQ,A,2.738
2018,SLV,TAX_REV,S13,T_2000,_T,PT_B1GQ,A,2.708
2018,SLV,TAX_REV,S13,T_4000,_T,PT_B1GQ,A,0.458
2018,SLV,TAX_REV,S13,_T,_T,PT_B1GQ,A,21.31
2018,SLV,TAX_REV,S13,T_5000,_T,PT_B1GQ,A,10.355
2018,SLV,TAX_REV,S13,T_1000,_T,PT_B1GQ,A,7.26
2019,SLV,TAX_REV,S13,T_1000,_T,PT_B1GQ,A,7.287
2019,SLV,TAX_REV,S13,T_5000,_T,PT_B1GQ,A,10.336
2019,SLV,TAX_REV,S13,_T,_T,PT_B1GQ,A,20.981
2019,SLV,TAX_REV,S13,T_4000,_T,PT_B1GQ,A,0.163
2019,SLV,TAX_REV,S13,T_2000,_T,PT_B1GQ,A,2.687
2020,SLV,TAX_REV,S13,T_2000,_T,PT_B1GQ,A,2.808
2020,SLV,TAX_REV,S13,T_4000,_T,PT_B1GQ,A,0.107
2020,SLV,TAX_REV,S13,_T,_T,PT_B1GQ,A,21.685
2020,SLV,TAX_REV,S13,T_5000,_T,PT_B1GQ,A,10.374
2020,SLV,TAX_REV,S13,T_1000,_T,PT_B1GQ,A,7.842
2021,SLV,TAX_REV,S13,T_1000,_T,PT_B1GQ,A,7.778
2021,SLV,TAX_REV,S13,T_5000,_T,PT_B1GQ,A,12.029
2021,SLV,TAX_REV,S13,_T,_T,PT_B1GQ,A,23.123
2021,SLV,TAX_REV,S13,T_4000,_T,PT_B1GQ,A,0.161
2021,SLV,TAX_REV,S13,T_2000,_T,PT_B1GQ,A,2.654
2022,SLV,TAX_REV,S13,T_2000,_T,PT_B1GQ,A,2.608
2022,SLV,TAX_REV,S13,T_4000,_T,PT_B1GQ,A,0.18
2022,SLV,TAX_REV,S13,_T,_T,PT_B1GQ,A,23.253
2022,SLV,TAX_REV,S13,T_5000,_T,PT_B1GQ,A,11.517
2022,SLV,TAX_REV,S13,T_1000,_T,PT_B1GQ,A,8.463
2023,SLV,TAX_REV,S13,T_1000,_T,PT_B1GQ,A,8.258
2023,SLV,TAX_REV,S13,T_5000,_T,PT_B1GQ,A,11.339
2023,SLV,TAX_REV,S13,_T,_T,PT_B1GQ,A,22.817
2023,SLV,TAX_REV,S13,T_4000,_T,PT_B1GQ,A,0.179
2023,SLV,TAX_REV,S13,T_2000,_T,PT_B1GQ,A,2.591
2001,KEN,TAX_REV,S13,T_5000,_T,PT_B1GQ,A,8.848
2001,KEN,TAX_REV,S13,T_1000,_T,PT_B1GQ,A,3.928
2001,KEN,TAX_REV,S13,_T,_T,PT_B1GQ,A,12.963
2001,KEN,TAX_REV,S13,T_2000,_T,PT_B1GQ,A,0.187
2002,KEN,TAX_REV,S13,T_2000,_T,PT_B1GQ,A,0.173
2002,KEN,TAX_REV,S13,_T,_T,PT_B1GQ,A,12.521
2002,KEN,TAX_REV,S13,T_1000,_T,PT_B1GQ,A,4.084
2002,KEN,TAX_REV,S13,T_5000,_T,PT_B1GQ,A,8.264
2003,KEN,TAX_REV,S13,T_5000,_T,PT_B1GQ,A,8.354
2003,KEN,TAX_REV,S13,T_1000,_T,PT_B1GQ,A,4.549
2003,KEN,TAX_REV,S13,_T,_T,PT_B1GQ,A,13.094
2003,KEN,TAX_REV,S13,T_2000,_T,PT_B1GQ,A,0.191
2004,KEN,TAX_REV,S13,T_2000,_T,PT_B1GQ,A,0.201
2004,KEN,TAX_REV,S13,_T,_T,PT_B1GQ,A,13.558
2004,KEN,TAX_REV,S13,T_1000,_T,PT_B1GQ,A,4.779
2004,KEN,TAX_REV,S13,T_5000,_T,PT_B1GQ,A,8.578
2005,KEN,TAX_REV,S13,T_5000,_T,PT_B1GQ,A,9.166
2005,KEN,TAX_REV,S13,T_1000,_T,PT_B1GQ,A,5.281
2005,KEN,TAX_REV,S13,_T,_T,PT_B1GQ,A,14.7
2005,KEN,TAX_REV,S13,T_4000,_T,PT_B1GQ,A,0.01
2005,KEN,TAX_REV,S13,T_2000,_T,PT_B1GQ,A,0.194
2006,KEN,TAX_REV,S13,T_2000,_T,PT_B1GQ,A,0.213
2006,KEN,TAX_REV,S13,T_4000,_T,PT_B1GQ,A,0.003
2006,KEN,TAX_REV,S13,_T,_T,PT_B1GQ,A,14.718
2006,KEN,TAX_REV,S13,T_1000,_T,PT_B1GQ,A,5.594
2006,KEN,TAX_REV,S13,T_5000,_T,PT_B1GQ,A,8.826
2007,KEN,TAX_REV,S13,T_5000,_T,PT_B1GQ,A,9.811
2007,KEN,TAX_REV,S13,T_1000,_T,PT_B1GQ,A,5.76
2007,KEN,TAX_REV,S13,_T,_T,PT_B1GQ,A,15.965
2007,KEN,TAX_REV,S13,T_4000,_T,PT_B1GQ,A,0.037
2007,KEN,TAX_REV,S13,T_2000,_T,PT_B1GQ,A,0.215
2008,KEN,TAX_REV,S13,T_2000,_T,PT_B1GQ,A,0.202
2008,KEN,TAX_REV,S13,T_4000,_T,PT_B1GQ,A,0.05
2008,KEN,TAX_REV,S13,_T,_T,PT_B1GQ,A,16.709
2008,KEN,TAX_REV,S13,T_1000,_T,PT_B1GQ,A,6.802
2008,KEN,TAX_REV,S13,T_5000,_T,PT_B1GQ,A,9.476
2009,KEN,TAX_REV,S13,T_5000,_T,PT_B1GQ,A,9.327
2009,KEN,TAX_REV,S13,T_1000,_T,PT_B1GQ,A,6.336
2009,KEN,TAX_REV,S13,_T,_T,PT_B1GQ,A,16.027
2009,KEN,TAX_REV,S13,T_4000,_T,PT_B1GQ,A,0.038
2009,KEN,TAX_REV,S13,T_2000,_T,PT_B1GQ,A,0.166
2010,KEN,TAX_REV,S13,T_2000,_T,PT_B1GQ,A,0.175
2010,KEN,TAX_REV,S13,T_4000,_T,PT_B1GQ,A,0.033
2010,KEN,TAX_REV,S13,_T,_T,PT_B1GQ,A,15.874
2010,KEN,TAX_REV,S13,T_1000,_T,PT_B1GQ,A,6.379
2010,KEN,TAX_REV,S13,T_5000,_T,PT_B1GQ,A,9.126
2011,KEN,TAX_REV,S13,T_5000,_T,PT_B1GQ,A,9.326
2011,KEN,TAX_REV,S13,T_1000,_T,PT_B1GQ,A,7.0
2011,KEN,TAX_REV,S13,_T,_T,PT_B1GQ,A,16.708
2011,KEN,TAX_REV,S13,T_4000,_T,PT_B1GQ,A,0.027
2011,KEN,TAX_REV,S13,T_2000,_T,PT_B1GQ,A,0.174
2012,KEN,TAX_REV,S13,T_2000,_T,PT_B1GQ,A,0.215
2012,KEN,TAX_REV,S13,T_4000,_T,PT_B1GQ,A,0.027
2012,KEN,TAX_REV,S13,_T,_T,PT_B1GQ,A,16.229
2012,KEN,TAX_REV,S13,T_1000,_T,PT_B1GQ,A,7.344
2012,KEN,TAX_REV,S13,T_5000,_T,PT_B1GQ,A,8.463
2013,KEN,TAX_REV,S13,T_5000,_T,PT_B1GQ,A,8.06
2013,KEN,TAX_REV,S13,T_1000,_T,PT_B1GQ,A,7.787
2013,KEN,TAX_REV,S13,_T,_T,PT_B1GQ,A,16.281
2013,KEN,TAX_REV,S13,T_4000,_T,PT_B1GQ,A,0.021
2013,KEN,TAX_REV,S13,T_2000,_T,PT_B1GQ,A,0.239
2014,KEN,TAX_REV,S13,T_2000,_T,PT_B1GQ,A,0.241
2014,KEN,TAX_REV,S13,T_4000,_T,PT_B1GQ,A,0.02
2014,KEN,TAX_REV,S13,_T,_T,PT_B1GQ,A,17.444
2014,KEN,TAX_REV,S13,T_1000,_T,PT_B1GQ,A,7.986
2014,KEN,TAX_REV,S13,T_5000,_T,PT_B1GQ,A,9.016
2015,KEN,TAX_REV,S13,T_5000,_T,PT_B1GQ,A,8.754
2015,KEN,TAX_REV,S13,T_1000,_T,PT_B1GQ,A,7.822
2015,KEN,TAX_REV,S13,_T,_T,PT_B1GQ,A,17.018
2015,KEN,TAX_REV,S13,T_4000,_T,PT_B1GQ,A,0.016
2015,KEN,TAX_REV,S13,T_2000,_T,PT_B1GQ,A,0.246
2016,KEN,TAX_REV,S13,T_2000,_T,PT_B1GQ,A,0.442
2016,KEN,TAX_REV,S13,T_4000,_T,PT_B1GQ,A,0.017
2016,KEN,TAX_REV,S13,_T,_T,PT_B1GQ,A,17.156
2016,KEN,TAX_REV,S13,T_1000,_T,PT_B1GQ,A,7.759
2016,KEN,TAX_REV,S13,T_5000,_T,PT_B1GQ,A,8.794
2017,KEN,TAX_REV,S13,T_5000,_T,PT_B1GQ,A,9.147
2017,KEN,TAX_REV,S13,T_1000,_T,PT_B1GQ,A,7.816
2017,KEN,TAX_REV,S13,_T,_T,PT_B1GQ,A,17.518
2017,KEN,TAX_REV,S13,T_4000,_T,PT_B1GQ,A,0.012
2017,KEN,TAX_REV,S13,T_2000,_T,PT_B1GQ,A,0.435
2018,KEN,TAX_REV,S13,T_2000,_T,PT_B1GQ,A,0.534
2018,KEN,TAX_REV,S13,T_4000,_T,PT_B1GQ,A,0.007
2018,KEN,TAX_REV,S13,_T,_T,PT_B1GQ,A,16.768
2018,KEN,TAX_REV,S13,T_1000,_T,PT_B1GQ,A,7.345
2018,KEN,TAX_REV,S13,T_5000,_T,PT_B1GQ,A,8.745
2019,KEN,TAX_REV,S13,T_5000,_T,PT_B1GQ,A,8.799
2019,KEN,TAX_REV,S13,T_1000,_T,PT_B1GQ,A,7.019
2019,KEN,TAX_REV,S13,_T,_T,PT_B1GQ,A,16.497
2019,KEN,TAX_REV,S13,T_4000,_T,PT_B1GQ,A,0.007
2019,KEN,TAX_REV,S13,T_2000,_T,PT_B1GQ,A,0.568
2020,KEN,TAX_REV,S13,T_2000,_T,PT_B1GQ,A,0.581
2020,KEN,TAX_REV,S13,T_4000,_T,PT_B1GQ,A,0.005
2020,KEN,TAX_REV,S13,_T,_T,PT_B1GQ,A,15.999
2020,KEN,TAX_REV,S13,T_1000,_T,PT_B1GQ,A,7.196
2020,KEN,TAX_REV,S13,T_5000,_T,PT_B1GQ,A,8.13
2021,KEN,TAX_REV,S13,T_5000,_T,PT_B1GQ,A,8.453
2021,KEN,TAX_REV,S13,T_1000,_T,PT_B1GQ,A,6.311
2021,KEN,TAX_REV,S13,_T,_T,PT_B1GQ,A,15.419
2021,KEN,TAX_REV,S13,T_4000,_T,PT_B1GQ,A,0.006
2021,KEN,TAX_REV,S13,T_2000,_T,PT_B1GQ,A,0.534
2022,KEN,TAX_REV,S13,T_2000,_T,PT_B1GQ,A,0.621
2022,KEN,TAX_REV,S13,T_4000,_T,PT_B1GQ,A,0.007
2022,KEN,TAX_REV,S13,_T,_T,PT_B1GQ,A,16.788
2022,KEN,TAX_REV,S13,T_1000,_T,PT_B1GQ,A,7.054
2022,KEN,TAX_REV,S13,T_5000,_T,PT_B1GQ,A,9.001
1997,IDN,TAX_REV,S13,T_1000,_T,PT_B1GQ,A,3.586
1997,IDN,TAX_REV,S13,T_5000,_T,PT_B1GQ,A,3.614
1997,IDN,TAX_REV,S13,_T,_T,PT_B1GQ,A,7.599
1997,IDN,TAX_REV,S13,T_4000,_T,PT_B1GQ,A,0.32
1998,IDN,TAX_REV,S13,T_4000,_T,PT_B1GQ,A,0.23
1998,IDN,TAX_REV,S13,_T,_T,PT_B1GQ,A,6.174
1998,IDN,TAX_REV,S13,T_5000,_T,PT_B1GQ,A,2.909
1998,IDN,TAX_REV,S13,T_1000,_T,PT_B1GQ,A,2.993
1999,IDN,TAX_REV,S13,T_1000,_T,PT_B1GQ,A,4.231
1999,IDN,TAX_REV,S13,T_5000,_T,PT_B1GQ,A,3.212
1999,IDN,TAX_REV,S13,_T,_T,PT_B1GQ,A,7.76
1999,IDN,TAX_REV,S13,T_4000,_T,PT_B1GQ,A,0.284
2000,IDN,TAX_REV,S13,T_4000,_T,PT_B1GQ,A,0.293
2000,IDN,TAX_REV,S13,_T,_T,PT_B1GQ,A,7.871
2000,IDN,TAX_REV,S13,T_5000,_T,PT_B1GQ,A,3.521
2000,IDN,TAX_REV,S13,T_1000,_T,PT_B1GQ,A,3.753
2001,IDN,TAX_REV,S13,T_1000,_T,PT_B1GQ,A,5.25
2001,IDN,TAX_REV,S13,T_5000,_T,PT_B1GQ,A,4.603
2001,IDN,TAX_REV,S13,_T,_T,PT_B1GQ,A,10.895
2001,IDN,TAX_REV,S13,T_4000,_T,PT_B1GQ,A,0.37
2002,IDN,TAX_REV,S13,T_4000,_T,PT_B1GQ,A,0.393
2002,IDN,TAX_REV,S13,_T,_T,PT_B1GQ,A,11.269
2002,IDN,TAX_REV,S13,T_5000,_T,PT_B1GQ,A,4.962
2002,IDN,TAX_REV,S13,T_1000,_T,PT_B1GQ,A,5.11
2003,IDN,TAX_REV,S13,T_1000,_T,PT_B1GQ,A,5.22
2003,IDN,TAX_REV,S13,T_5000,_T,PT_B1GQ,A,5.195
2003,IDN,TAX_REV,S13,_T,_T,PT_B1GQ,A,11.807
2003,IDN,TAX_REV,S13,T_4000,_T,PT_B1GQ,A,0.495
2004,IDN,TAX_REV,S13,T_4000,_T,PT_B1GQ,A,0.585
2004,IDN,TAX_REV,S13,_T,_T,PT_B1GQ,A,12.095
2004,IDN,TAX_REV,S13,T_5000,_T,PT_B1GQ,A,5.752
2004,IDN,TAX_REV,S13,T_1000,_T,PT_B1GQ,A,4.758
2005,IDN,TAX_REV,S13,T_1000,_T,PT_B1GQ,A,5.783
2005,IDN,TAX_REV,S13,T_5000,_T,PT_B1GQ,A,4.934
2005,IDN,TAX_REV,S13,_T,_T,PT_B1GQ,A,12.358
2005,IDN,TAX_REV,S13,T_4000,_T,PT_B1GQ,A,0.647
2006,IDN,TAX_REV,S13,T_4000,_T,PT_B1GQ,A,0.658
2006,IDN,TAX_REV,S13,_T,_T,PT_B1GQ,A,11.915
2006,IDN,TAX_REV,S13,T_5000,_T,PT_B1GQ,A,4.763
2006,IDN,TAX_REV,S13,T_1000,_T,PT_B1GQ,A,5.716
2007,IDN,TAX_REV,S13,T_1000,_T,PT_B1GQ,A,5.515
2007,IDN,TAX_REV,S13,T_5000,_T,PT_B1GQ,A,5.092
2007,IDN,TAX_REV,S13,_T,_T,PT_B1GQ,A,12.224
2007,IDN,TAX_REV,S13,T_4000,_T,PT_B1GQ,A,0.744
2008,IDN,TAX_REV,S13,T_4000,_T,PT_B1GQ,A,0.624
2008,IDN,TAX_REV,S13,_T,_T,PT_B1GQ,A,12.99
2008,IDN,TAX_REV,S13,T_5000,_T,PT_B1GQ,A,5.489
2008,IDN,TAX_REV,S13,T_1000,_T,PT_B1GQ,A,6.048
2009,IDN,TAX_REV,S13,T_1000,_T,PT_B1GQ,A,5.284
2009,IDN,TAX_REV,S13,T_5000,_T,PT_B1GQ,A,4.466
2009,IDN,TAX_REV,S13,_T,_T,PT_B1GQ,A,11.043
2009,IDN,TAX_REV,S13,T_4000,_T,PT_B1GQ,A,0.562
2010,IDN,TAX_REV,S13,T_4000,_T,PT_B1GQ,A,0.591
2010,IDN,TAX_REV,S13,_T,_T,PT_B1GQ,A,11.356
2010,IDN,TAX_REV,S13,T_5000,_T,PT_B1GQ,A,4.745
2010,IDN,TAX_REV,S13,T_1000,_T,PT_B1GQ,A,5.202
2011,IDN,TAX_REV,S13,T_1000,_T,PT_B1GQ,A,5.505
2011,IDN,TAX_REV,S13,T_5000,_T,PT_B1GQ,A,5.221
2011,IDN,TAX_REV,S13,_T,_T,PT_B1GQ,A,12.171
2011,IDN,TAX_REV,S13,T_4000,_T,PT_B1GQ,A,0.427
2012,IDN,TAX_REV,S13,T_4000,_T,PT_B1GQ,A,0.381
2012,IDN,TAX_REV,S13,_T,_T,PT_B1GQ,A,12.484
2012,IDN,TAX_REV,S13,T_5000,_T,PT_B1GQ,A,5.598
2012,IDN,TAX_REV,S13,T_1000,_T,PT_B1GQ,A,5.398
2013,IDN,TAX_REV,S13,T_1000,_T,PT_B1GQ,A,5.305
2013,IDN,TAX_REV,S13,T_5000,_T,PT_B1GQ,A,5.667
2013,IDN,TAX_REV,S13,_T,_T,PT_B1GQ,A,12.495
2013,IDN,TAX_REV,S13,T_4000,_T,PT_B1GQ,A,0.31
2014,IDN,TAX_REV,S13,T_4000,_T,PT_B1GQ,A,0.269
2014,IDN,TAX_REV,S13,_T,_T,PT_B1GQ,A,12.163
2014,IDN,TAX_REV,S13,T_5000,_T,PT_B1GQ,A,5.405
2014,IDN,TAX_REV,S13,T_1000,_T,PT_B1GQ,A,5.167
2015,IDN,TAX_REV,S13,T_2000,_T,PT_B1GQ,A,0.067
2015,IDN,TAX_REV,S13,T_1000,_T,PT_B1GQ,A,5.225
2015,IDN,TAX_REV,S13,T_5000,_T,PT_B1GQ,A,5.239
2015,IDN,TAX_REV,S13,_T,_T,PT_B1GQ,A,12.111
2015,IDN,TAX_REV,S13,T_4000,_T,PT_B1GQ,A,0.293
2016,IDN,TAX_REV,S13,T_4000,_T,PT_B1GQ,A,0.196
2016,IDN,TAX_REV,S13,_T,_T,PT_B1GQ,A,12.009
2016,IDN,TAX_REV,S13,T_5000,_T,PT_B1GQ,A,4.776
2016,IDN,TAX_REV,S13,T_1000,_T,PT_B1GQ,A,5.372
2016,IDN,TAX_REV,S13,T_2000,_T,PT_B1GQ,A,0.381
2017,IDN,TAX_REV,S13,T_2000,_T,PT_B1GQ,A,0.4
2017,IDN,TAX_REV,S13,T_1000,_T,PT_B1GQ,A,4.759
2017,IDN,TAX_REV,S13,T_5000,_T,PT_B1GQ,A,4.961
2017,IDN,TAX_REV,S13,_T,_T,PT_B1GQ,A,11.612
2017,IDN,TAX_REV,S13,T_4000,_T,PT_B1GQ,A,0.161
2018,IDN,TAX_REV,S13,T_4000,_T,PT_B1GQ,A,0.168
2018,IDN,TAX_REV,S13,_T,_T,PT_B1GQ,A,11.973
2018,IDN,TAX_REV,S13,T_5000,_T,PT_B1GQ,A,5.01
2018,IDN,TAX_REV,S13,T_1000,_T,PT_B1GQ,A,5.054
2018,IDN,TAX_REV,S13,T_2000,_T,PT_B1GQ,A,0.429
2019,IDN,TAX_REV,S13,T_2000,_T,PT_B1GQ,A,0.503
2019,IDN,TAX_REV,S13,T_1000,_T,PT_B1GQ,A,4.878
2019,IDN,TAX_REV,S13,T_5000,_T,PT_B1GQ,A,4.709
2019,IDN,TAX_REV,S13,_T,_T,PT_B1GQ,A,11.588
2019,IDN,TAX_REV,S13,T_4000,_T,PT_B1GQ,A,0.169
2020,IDN,TAX_REV,S13,T_4000,_T,PT_B1GQ,A,0.169
2020,IDN,TAX_REV,S13,_T,_T,PT_B1GQ,A,10.071
2020,IDN,TAX_REV,S13,T_5000,_T,PT_B1GQ,A,4.299
2020,IDN,TAX_REV,S13,T_1000,_T,PT_B1GQ,A,3.847
2020,IDN,TAX_REV,S13,T_2000,_T,PT_B1GQ,A,0.589
2021,IDN,TAX_REV,S13,T_2000,_T,PT_B1GQ,A,0.575
2021,IDN,TAX_REV,S13,T_1000,_T,PT_B1GQ,A,4.16
2021,IDN,TAX_REV,S13,T_5000,_T,PT_B1GQ,A,4.837
2021,IDN,TAX_REV,S13,_T,_T,PT_B1GQ,A,10.866
2021,IDN,TAX_REV,S13,T_4000,_T,PT_B1GQ,A,0.111
2022,IDN,TAX_REV,S13,T_4000,_T,PT_B1GQ,A,0.153
2022,IDN,TAX_REV,S13,_T,_T,PT_B1GQ,A,12.068
2022,IDN,TAX_REV,S13,T_5000,_T,PT_B1GQ,A,5.135
2022,IDN,TAX_REV,S13,T_1000,_T,PT_B1GQ,A,5.096
2022,IDN,TAX_REV,S13,T_2000,_T,PT_B1GQ,A,0.519
2023,IDN,TAX_REV,S13,T_2000,_T,PT_B1GQ,A,0.522
2023,IDN,TAX_REV,S13,T_1000,_T,PT_B1GQ,A,5.08
2023,IDN,TAX_REV,S13,T_5000,_T,PT_B1GQ,A,5.027
2023,IDN,TAX_REV,S13,_T,_T,PT_B1GQ,A,12.048
2023,IDN,TAX_REV,S13,T_4000,_T,PT_B1GQ,A,0.191
1993,MDG,TAX_REV,S13,T_4000,_T,PT_B1GQ,A,0.085
1993,MDG,TAX_REV,S13,T_1000,_T,PT_B1GQ,A,1.327
1993,MDG,TAX_REV,S13,T_5000,_T,PT_B1GQ,A,5.047
1993,MDG,TAX_REV,S13,_T,_T,PT_B1GQ,A,6.56
1994,MDG,TAX_REV,S13,_T,_T,PT_B1GQ,A,6.328
1994,MDG,TAX_REV,S13,T_5000,_T,PT_B1GQ,A,4.765
1994,MDG,TAX_REV,S13,T_1000,_T,PT_B1GQ,A,1.191
1994,MDG,TAX_REV,S13,T_4000,_T,PT_B1GQ,A,0.087
1995,MDG,TAX_REV,S13,T_4000,_T,PT_B1GQ,A,0.073
1995,MDG,TAX_REV,S13,T_1000,_T,PT_B1GQ,A,1.011
1995,MDG,TAX_REV,S13,T_5000,_T,PT_B1GQ,A,5.371
1995,MDG,TAX_REV,S13,_T,_T,PT_B1GQ,A,6.579
1996,MDG,TAX_REV,S13,_T,_T,PT_B1GQ,A,6.768
1996,MDG,TAX_REV,S13,T_5000,_T,PT_B1GQ,A,5.311
1996,MDG,TAX_REV,S13,T_1000,_T,PT_B1GQ,A,1.274
1996,MDG,TAX_REV,S13,T_4000,_T,PT_B1GQ,A,0.075
1997,MDG,TAX_REV,S13,T_4000,_T,PT_B1GQ,A,0.108
1997,MDG,TAX_REV,S13,T_1000,_T,PT_B1GQ,A,1.502
1997,MDG,TAX_REV,S13,T_5000,_T,PT_B1GQ,A,5.974
1997,MDG,TAX_REV,S13,_T,_T,PT_B1GQ,A,7.72
1998,MDG,TAX_REV,S13,_T,_T,PT_B1GQ,A,8.262
1998,MDG,TAX_REV,S13,T_5000,_T,PT_B1GQ,A,6.638
1998,MDG,TAX_REV,S13,T_1000,_T,PT_B1GQ,A,1.437
1998,MDG,TAX_REV,S13,T_4000,_T,PT_B1GQ,A,0.064
1999,MDG,TAX_REV,S13,T_4000,_T,PT_B1GQ,A,0.071
1999,MDG,TAX_REV,S13,T_1000,_T,PT_B1GQ,A,1.471
1999,MDG,TAX_REV,S13,T_5000,_T,PT_B1GQ,A,7.846
1999,MDG,TAX_REV,S13,_T,_T,PT_B1GQ,A,9.561
2000,MDG,TAX_REV,S13,_T,_T,PT_B1GQ,A,9.447
2000,MDG,TAX_REV,S13,T_5000,_T,PT_B1GQ,A,7.796
2000,MDG,TAX_REV,S13,T_1000,_T,PT_B1GQ,A,1.484
2000,MDG,TAX_REV,S13,T_4000,_T,PT_B1GQ,A,0.069
2001,MDG,TAX_REV,S13,T_4000,_T,PT_B1GQ,A,0.067
2001,MDG,TAX_REV,S13,T_1000,_T,PT_B1GQ,A,1.653
2001,MDG,TAX_REV,S13,T_5000,_T,PT_B1GQ,A,6.265
2001,MDG,TAX_REV,S13,_T,_T,PT_B1GQ,A,8.074
2002,MDG,TAX_REV,S13,_T,_T,PT_B1GQ,A,6.265
2002,MDG,TAX_REV,S13,T_5000,_T,PT_B1GQ,A,4.709
2002,MDG,TAX_REV,S13,T_1000,_T,PT_B1GQ,A,1.436
2002,MDG,TAX_REV,S13,T_4000,_T,PT_B1GQ,A,0.052
2003,MDG,TAX_REV,S13,T_4000,_T,PT_B1GQ,A,0.075
2003,MDG,TAX_REV,S13,T_1000,_T,PT_B1GQ,A,1.444
2003,MDG,TAX_REV,S13,T_5000,_T,PT_B1GQ,A,6.942
2003,MDG,TAX_REV,S13,_T,_T,PT_B1GQ,A,8.563
2004,MDG,TAX_REV,S13,_T,_T,PT_B1GQ,A,9.346
2004,MDG,TAX_REV,S13,T_5000,_T,PT_B1GQ,A,7.476
2004,MDG,TAX_REV,S13,T_1000,_T,PT_B1GQ,A,1.684
2004,MDG,TAX_REV,S13,T_4000,_T,PT_B1GQ,A,0.082
2005,MDG,TAX_REV,S13,T_4000,_T,PT_B1GQ,A,0.073
2005,MDG,TAX_REV,S13,T_1000,_T,PT_B1GQ,A,1.874
2005,MDG,TAX_REV,S13,T_5000,_T,PT_B1GQ,A,6.617
2005,MDG,TAX_REV,S13,_T,_T,PT_B1GQ,A,8.66
2006,MDG,TAX_REV,S13,_T,_T,PT_B1GQ,A,9.183
2006,MDG,TAX_REV,S13,T_5000,_T,PT_B1GQ,A,6.69
2006,MDG,TAX_REV,S13,T_1000,_T,PT_B1GQ,A,2.329
2006,MDG,TAX_REV,S13,T_4000,_T,PT_B1GQ,A,0.066
2007,MDG,TAX_REV,S13,T_4000,_T,PT_B1GQ,A,0.228
2007,MDG,TAX_REV,S13,T_1000,_T,PT_B1GQ,A,2.234
2007,MDG,TAX_REV,S13,T_5000,_T,PT_B1GQ,A,7.272
2007,MDG,TAX_REV,S13,_T,_T,PT_B1GQ,A,9.831
2008,MDG,TAX_REV,S13,_T,_T,PT_B1GQ,A,11.373
2008,MDG,TAX_REV,S13,T_5000,_T,PT_B1GQ,A,8.141
2008,MDG,TAX_REV,S13,T_1000,_T,PT_B1GQ,A,2.908
2008,MDG,TAX_REV,S13,T_4000,_T,PT_B1GQ,A,0.159
2009,MDG,TAX_REV,S13,T_4000,_T,PT_B1GQ,A,0.056
2009,MDG,TAX_REV,S13,T_1000,_T,PT_B1GQ,A,2.461
2009,MDG,TAX_REV,S13,T_5000,_T,PT_B1GQ,A,6.883
2009,MDG,TAX_REV,S13,_T,_T,PT_B1GQ,A,9.449
2010,MDG,TAX_REV,S13,_T,_T,PT_B1GQ,A,8.513
2010,MDG,TAX_REV,S13,T_5000,_T,PT_B1GQ,A,6.078
2010,MDG,TAX_REV,S13,T_1000,_T,PT_B1GQ,A,2.35
2010,MDG,TAX_REV,S13,T_4000,_T,PT_B1GQ,A,0.051
2011,MDG,TAX_REV,S13,T_4000,_T,PT_B1GQ,A,0.065
2011,MDG,TAX_REV,S13,T_1000,_T,PT_B1GQ,A,2.281
2011,MDG,TAX_REV,S13,T_5000,_T,PT_B1GQ,A,6.3
2011,MDG,TAX_REV,S13,_T,_T,PT_B1GQ,A,9.004
2011,MDG,TAX_REV,S13,T_2000,_T,PT_B1GQ,A,0.314
2012,MDG,TAX_REV,S13,T_2000,_T,PT_B1GQ,A,0.315
2012,MDG,TAX_REV,S13,_T,_T,PT_B1GQ,A,8.659
2012,MDG,TAX_REV,S13,T_5000,_T,PT_B1GQ,A,6.258
2012,MDG,TAX_REV,S13,T_1000,_T,PT_B1GQ,A,2.017
2012,MDG,TAX_REV,S13,T_4000,_T,PT_B1GQ,A,0.054
2013,MDG,TAX_REV,S13,T_4000,_T,PT_B1GQ,A,0.056
2013,MDG,TAX_REV,S13,T_1000,_T,PT_B1GQ,A,2.081
2013,MDG,TAX_REV,S13,T_5000,_T,PT_B1GQ,A,6.618
2013,MDG,TAX_REV,S13,_T,_T,PT_B1GQ,A,9.119
2013,MDG,TAX_REV,S13,T_2000,_T,PT_B1GQ,A,0.353
2014,MDG,TAX_REV,S13,T_2000,_T,PT_B1GQ,A,0.374
2014,MDG,TAX_REV,S13,_T,_T,PT_B1GQ,A,8.833
2014,MDG,TAX_REV,S13,T_5000,_T,PT_B1GQ,A,6.365
2014,MDG,TAX_REV,S13,T_1000,_T,PT_B1GQ,A,2.022
2014,MDG,TAX_REV,S13,T_4000,_T,PT_B1GQ,A,0.061
2015,MDG,TAX_REV,S13,T_4000,_T,PT_B1GQ,A,0.073
2015,MDG,TAX_REV,S13,T_1000,_T,PT_B1GQ,A,2.128
2015,MDG,TAX_REV,S13,T_5000,_T,PT_B1GQ,A,6.738
2015,MDG,TAX_REV,S13,_T,_T,PT_B1GQ,A,9.349
2015,MDG,TAX_REV,S13,T_2000,_T,PT_B1GQ,A,0.401
2016,MDG,TAX_REV,S13,T_2000,_T,PT_B1GQ,A,0.351
2016,MDG,TAX_REV,S13,_T,_T,PT_B1GQ,A,9.596
2016,MDG,TAX_REV,S13,T_5000,_T,PT_B1GQ,A,6.794
2016,MDG,TAX_REV,S13,T_1000,_T,PT_B1GQ,A,2.345
2016,MDG,TAX_REV,S13,T_4000,_T,PT_B1GQ,A,0.067
2017,MDG,TAX_REV,S13,T_4000,_T,PT_B1GQ,A,0.063
2017,MDG,TAX_REV,S13,T_1000,_T,PT_B1GQ,A,2.442
2017,MDG,TAX_REV,S13,T_5000,_T,PT_B1GQ,A,7.485
2017,MDG,TAX_REV,S13,_T,_T,PT_B1GQ,A,10.415
2017,MDG,TAX_REV,S13,T_2000,_T,PT_B1GQ,A,0.388
2018,MDG,TAX_REV,S13,T_2000,_T,PT_B1GQ,A,0.645
2018,MDG,TAX_REV,S13,_T,_T,PT_B1GQ,A,10.911
2018,MDG,TAX_REV,S13,T_5000,_T,PT_B1GQ,A,7.57
2018,MDG,TAX_REV,S13,T_1000,_T,PT_B1GQ,A,2.56
2018,MDG,TAX_REV,S13,T_4000,_T,PT_B1GQ,A,0.089
2019,MDG,TAX_REV,S13,T_4000,_T,PT_B1GQ,A,0.062
2019,MDG,TAX_REV,S13,T_1000,_T,PT_B1GQ,A,2.817
2019,MDG,TAX_REV,S13,T_5000,_T,PT_B1GQ,A,7.621
2019,MDG,TAX_REV,S13,_T,_T,PT_B1GQ,A,11.062
2019,MDG,TAX_REV,S13,T_2000,_T,PT_B1GQ,A,0.511
2020,MDG,TAX_REV,S13,T_2000,_T,PT_B1GQ,A,0.616
2020,MDG,TAX_REV,S13,_T,_T,PT_B1GQ,A,10.137
2020,MDG,TAX_REV,S13,T_5000,_T,PT_B1GQ,A,6.807
2020,MDG,TAX_REV,S13,T_1000,_T,PT_B1GQ,A,2.641
2020,MDG,TAX_REV,S13,T_4000,_T,PT_B1GQ,A,0.061
2021,MDG,TAX_REV,S13,T_4000,_T,PT_B1GQ,A,0.065
2021,MDG,TAX_REV,S13,T_1000,_T,PT_B1GQ,A,2.775
2021,MDG,TAX_REV,S13,T_5000,_T,PT_B1GQ,A,7.392
2021,MDG,TAX_REV,S13,_T,_T,PT_B1GQ,A,10.673
2021,MDG,TAX_REV,S13,T_2000,_T,PT_B1GQ,A,0.435
2022,MDG,TAX_REV,S13,T_2000,_T,PT_B1GQ,A,0.57
2022,MDG,TAX_REV,S13,_T,_T,PT_B1GQ,A,11.473
2022,MDG,TAX_REV,S13,T_5000,_T,PT_B1GQ,A,7.751
2022,MDG,TAX_REV,S13,T_1000,_T,PT_B1GQ,A,3.071
2022,MDG,TAX_REV,S13,T_4000,_T,PT_B1GQ,A,0.065
2000,GIN,TAX_REV,S13,T_4000,_T,PT_B1GQ,A,0.031
2000,GIN,TAX_REV,S13,T_5000,_T,PT_B1GQ,A,6.68
2000,GIN,TAX_REV,S13,T_1000,_T,PT_B1GQ,A,0.678
2000,GIN,TAX_REV,S13,_T,_T,PT_B1GQ,A,7.471
2001,GIN,TAX_REV,S13,_T,_T,PT_B1GQ,A,8.194
2001,GIN,TAX_REV,S13,T_1000,_T,PT_B1GQ,A,0.864
2001,GIN,TAX_REV,S13,T_5000,_T,PT_B1GQ,A,7.228
2001,GIN,TAX_REV,S13,T_4000,_T,PT_B1GQ,A,0.022
2002,GIN,TAX_REV,S13,T_4000,_T,PT_B1GQ,A,0.019
2002,GIN,TAX_REV,S13,T_5000,_T,PT_B1GQ,A,7.677
2002,GIN,TAX_REV,S13,T_1000,_T,PT_B1GQ,A,0.954
2002,GIN,TAX_REV,S13,_T,_T,PT_B1GQ,A,8.74
2003,GIN,TAX_REV,S13,_T,_T,PT_B1GQ,A,7.458
2003,GIN,TAX_REV,S13,T_1000,_T,PT_B1GQ,A,0.865
2003,GIN,TAX_REV,S13,T_5000,_T,PT_B1GQ,A,6.468
2003,GIN,TAX_REV,S13,T_4000,_T,PT_B1GQ,A,0.022
2004,GIN,TAX_REV,S13,T_4000,_T,PT_B1GQ,A,0.014
2004,GIN,TAX_REV,S13,T_5000,_T,PT_B1GQ,A,6.59
2004,GIN,TAX_REV,S13,T_1000,_T,PT_B1GQ,A,0.867
2004,GIN,TAX_REV,S13,_T,_T,PT_B1GQ,A,7.58
2005,GIN,TAX_REV,S13,_T,_T,PT_B1GQ,A,8.383
2005,GIN,TAX_REV,S13,T_1000,_T,PT_B1GQ,A,1.001
2005,GIN,TAX_REV,S13,T_5000,_T,PT_B1GQ,A,7.302
2005,GIN,TAX_REV,S13,T_4000,_T,PT_B1GQ,A,0.009
2006,GIN,TAX_REV,S13,T_4000,_T,PT_B1GQ,A,0.017
2006,GIN,TAX_REV,S13,T_5000,_T,PT_B1GQ,A,7.114
2006,GIN,TAX_REV,S13,T_1000,_T,PT_B1GQ,A,1.233
2006,GIN,TAX_REV,S13,_T,_T,PT_B1GQ,A,8.46
2007,GIN,TAX_REV,S13,_T,_T,PT_B1GQ,A,8.825
2007,GIN,TAX_REV,S13,T_1000,_T,PT_B1GQ,A,1.432
2007,GIN,TAX_REV,S13,T_5000,_T,PT_B1GQ,A,7.215
2007,GIN,TAX_REV,S13,T_4000,_T,PT_B1GQ,A,0.012
2008,GIN,TAX_REV,S13,T_4000,_T,PT_B1GQ,A,0.007
2008,GIN,TAX_REV,S13,T_5000,_T,PT_B1GQ,A,7.875
2008,GIN,TAX_REV,S13,T_1000,_T,PT_B1GQ,A,1.454
2008,GIN,TAX_REV,S13,_T,_T,PT_B1GQ,A,9.49
2009,GIN,TAX_REV,S13,_T,_T,PT_B1GQ,A,10.197
2009,GIN,TAX_REV,S13,T_1000,_T,PT_B1GQ,A,2.501
2009,GIN,TAX_REV,S13,T_5000,_T,PT_B1GQ,A,7.449
2009,GIN,TAX_REV,S13,T_4000,_T,PT_B1GQ,A,0.008
2010,GIN,TAX_REV,S13,T_4000,_T,PT_B1GQ,A,0.019
2010,GIN,TAX_REV,S13,T_5000,_T,PT_B1GQ,A,7.53
2010,GIN,TAX_REV,S13,T_1000,_T,PT_B1GQ,A,2.343
2010,GIN,TAX_REV,S13,_T,_T,PT_B1GQ,A,10.02
2011,GIN,TAX_REV,S13,_T,_T,PT_B1GQ,A,10.389
2011,GIN,TAX_REV,S13,T_1000,_T,PT_B1GQ,A,2.899
2011,GIN,TAX_REV,S13,T_5000,_T,PT_B1GQ,A,7.262
2011,GIN,TAX_REV,S13,T_4000,_T,PT_B1GQ,A,0.011
2012,GIN,TAX_REV,S13,T_4000,_T,PT_B1GQ,A,0.022
2012,GIN,TAX_REV,S13,T_5000,_T,PT_B1GQ,A,9.934
2012,GIN,TAX_REV,S13,T_1000,_T,PT_B1GQ,A,3.97
2012,GIN,TAX_REV,S13,_T,_T,PT_B1GQ,A,14.342
2013,GIN,TAX_REV,S13,_T,_T,PT_B1GQ,A,13.109
2013,GIN,TAX_REV,S13,T_1000,_T,PT_B1GQ,A,3.088
2013,GIN,TAX_REV,S13,T_5000,_T,PT_B1GQ,A,9.477
2013,GIN,TAX_REV,S13,T_4000,_T,PT_B1GQ,A,0.028
2014,GIN,TAX_REV,S13,T_4000,_T,PT_B1GQ,A,0.023
2014,GIN,TAX_REV,S13,T_5000,_T,PT_B1GQ,A,10.175
2014,GIN,TAX_REV,S13,T_1000,_T,PT_B1GQ,A,2.554
2014,GIN,TAX_REV,S13,_T,_T,PT_B1GQ,A,13.052
2015,GIN,TAX_REV,S13,_T,_T,PT_B1GQ,A,13.028
2015,GIN,TAX_REV,S13,T_1000,_T,PT_B1GQ,A,2.784
2015,GIN,TAX_REV,S13,T_5000,_T,PT_B1GQ,A,9.936
2015,GIN,TAX_REV,S13,T_4000,_T,PT_B1GQ,A,0.02
2016,GIN,TAX_REV,S13,T_4000,_T,PT_B1GQ,A,0.026
2016,GIN,TAX_REV,S13,T_5000,_T,PT_B1GQ,A,10.966
2016,GIN,TAX_REV,S13,T_1000,_T,PT_B1GQ,A,2.725
2016,GIN,TAX_REV,S13,_T,_T,PT_B1GQ,A,14.045
2017,GIN,TAX_REV,S13,_T,_T,PT_B1GQ,A,12.781
2017,GIN,TAX_REV,S13,T_1000,_T,PT_B1GQ,A,2.292
2017,GIN,TAX_REV,S13,T_5000,_T,PT_B1GQ,A,10.136
2017,GIN,TAX_REV,S13,T_4000,_T,PT_B1GQ,A,0.011
2018,GIN,TAX_REV,S13,T_4000,_T,PT_B1GQ,A,0.052
2018,GIN,TAX_REV,S13,T_5000,_T,PT_B1GQ,A,9.266
2018,GIN,TAX_REV,S13,T_1000,_T,PT_B1GQ,A,2.272
2018,GIN,TAX_REV,S13,_T,_T,PT_B1GQ,A,11.977
2019,GIN,TAX_REV,S13,_T,_T,PT_B1GQ,A,12.215
2019,GIN,TAX_REV,S13,T_1000,_T,PT_B1GQ,A,1.912
2019,GIN,TAX_REV,S13,T_5000,_T,PT_B1GQ,A,9.835
2019,GIN,TAX_REV,S13,T_4000,_T,PT_B1GQ,A,0.023
2020,GIN,TAX_REV,S13,T_4000,_T,PT_B1GQ,A,0.021
2020,GIN,TAX_REV,S13,T_5000,_T,PT_B1GQ,A,9.382
2020,GIN,TAX_REV,S13,T_1000,_T,PT_B1GQ,A,1.897
2020,GIN,TAX_REV,S13,_T,_T,PT_B1GQ,A,11.705
2021,GIN,TAX_REV,S13,_T,_T,PT_B1GQ,A,11.093
2021,GIN,TAX_REV,S13,T_1000,_T,PT_B1GQ,A,1.758
2021,GIN,TAX_REV,S13,T_5000,_T,PT_B1GQ,A,8.997
2021,GIN,TAX_REV,S13,T_4000,_T,PT_B1GQ,A,0.014
2022,GIN,TAX_REV,S13,T_4000,_T,PT_B1GQ,A,0.027
2022,GIN,TAX_REV,S13,T_5000,_T,PT_B1GQ,A,8.178
2022,GIN,TAX_REV,S13,T_1000,_T,PT_B1GQ,A,2.191
2022,GIN,TAX_REV,S13,_T,_T,PT_B1GQ,A,10.766
1995,SWZ,TAX_REV,S13,T_1000,_T,PT_B1GQ,A,5.429
1995,SWZ,TAX_REV,S13,_T,_T,PT_B1GQ,A,10.313
1995,SWZ,TAX_REV,S13,T_4000,_T,PT_B1GQ,A,0.207
1995,SWZ,TAX_REV,S13,T_5000,_T,PT_B1GQ,A,3.083
1995,SWZ,TAX_REV,S13,T_2000,_T,PT_B1GQ,A,1.594
1996,SWZ,TAX_REV,S13,T_2000,_T,PT_B1GQ,A,1.223
1996,SWZ,TAX_REV,S13,T_5000,_T,PT_B1GQ,A,3.142
1996,SWZ,TAX_REV,S13,T_4000,_T,PT_B1GQ,A,0.161
1996,SWZ,TAX_REV,S13,_T,_T,PT_B1GQ,A,10.473
1996,SWZ,TAX_REV,S13,T_1000,_T,PT_B1GQ,A,5.947
1997,SWZ,TAX_REV,S13,T_1000,_T,PT_B1GQ,A,5.716
1997,SWZ,TAX_REV,S13,_T,_T,PT_B1GQ,A,10.522
1997,SWZ,TAX_REV,S13,T_4000,_T,PT_B1GQ,A,0.212
1997,SWZ,TAX_REV,S13,T_5000,_T,PT_B1GQ,A,3.36
1997,SWZ,TAX_REV,S13,T_2000,_T,PT_B1GQ,A,1.234
1998,SWZ,TAX_REV,S13,T_2000,_T,PT_B1GQ,A,1.343
1998,SWZ,TAX_REV,S13,T_5000,_T,PT_B1GQ,A,3.484
1998,SWZ,TAX_REV,S13,T_4000,_T,PT_B1GQ,A,0.222
1998,SWZ,TAX_REV,S13,_T,_T,PT_B1GQ,A,10.774
1998,SWZ,TAX_REV,S13,T_1000,_T,PT_B1GQ,A,5.725
1999,SWZ,TAX_REV,S13,T_1000,_T,PT_B1GQ,A,6.265
1999,SWZ,TAX_REV,S13,_T,_T,PT_B1GQ,A,11.447
1999,SWZ,TAX_REV,S13,T_4000,_T,PT_B1GQ,A,0.243
1999,SWZ,TAX_REV,S13,T_5000,_T,PT_B1GQ,A,3.689
1999,SWZ,TAX_REV,S13,T_2000,_T,PT_B1GQ,A,1.25
2000,SWZ,TAX_REV,S13,T_2000,_T,PT_B1GQ,A,1.244
2000,SWZ,TAX_REV,S13,T_5000,_T,PT_B1GQ,A,3.732
2000,SWZ,TAX_REV,S13,T_4000,_T,PT_B1GQ,A,0.275
2000,SWZ,TAX_REV,S13,_T,_T,PT_B1GQ,A,10.728
2000,SWZ,TAX_REV,S13,T_1000,_T,PT_B1GQ,A,5.477
2001,SWZ,TAX_REV,S13,T_1000,_T,PT_B1GQ,A,5.262
2001,SWZ,TAX_REV,S13,_T,_T,PT_B1GQ,A,10.462
2001,SWZ,TAX_REV,S13,T_4000,_T,PT_B1GQ,A,0.269
2001,SWZ,TAX_REV,S13,T_5000,_T,PT_B1GQ,A,3.743
2001,SWZ,TAX_REV,S13,T_2000,_T,PT_B1GQ,A,1.188
2002,SWZ,TAX_REV,S13,T_2000,_T,PT_B1GQ,A,1.168
2002,SWZ,TAX_REV,S13,T_5000,_T,PT_B1GQ,A,4.077
2002,SWZ,TAX_REV,S13,T_4000,_T,PT_B1GQ,A,0.23
2002,SWZ,TAX_REV,S13,_T,_T,PT_B1GQ,A,10.793
2002,SWZ,TAX_REV,S13,T_1000,_T,PT_B1GQ,A,5.317
2003,SWZ,TAX_REV,S13,T_1000,_T,PT_B1GQ,A,6.493
2003,SWZ,TAX_REV,S13,_T,_T,PT_B1GQ,A,11.766
2003,SWZ,TAX_REV,S13,T_4000,_T,PT_B1GQ,A,0.248
2003,SWZ,TAX_REV,S13,T_5000,_T,PT_B1GQ,A,3.857
2003,SWZ,TAX_REV,S13,T_2000,_T,PT_B1GQ,A,1.168
2004,SWZ,TAX_REV,S13,T_2000,_T,PT_B1GQ,A,1.316
2004,SWZ,TAX_REV,S13,T_5000,_T,PT_B1GQ,A,3.6
2004,SWZ,TAX_REV,S13,T_4000,_T,PT_B1GQ,A,0.252
2004,SWZ,TAX_REV,S13,_T,_T,PT_B1GQ,A,11.382
2004,SWZ,TAX_REV,S13,T_1000,_T,PT_B1GQ,A,6.213
2005,SWZ,TAX_REV,S13,T_1000,_T,PT_B1GQ,A,6.216
2005,SWZ,TAX_REV,S13,_T,_T,PT_B1GQ,A,11.608
2005,SWZ,TAX_REV,S13,T_4000,_T,PT_B1GQ,A,0.266
2005,SWZ,TAX_REV,S13,T_5000,_T,PT_B1GQ,A,3.743
2005,SWZ,TAX_REV,S13,T_2000,_T,PT_B1GQ,A,1.384
2006,SWZ,TAX_REV,S13,T_2000,_T,PT_B1GQ,A,1.558
2006,SWZ,TAX_REV,S13,T_5000,_T,PT_B1GQ,A,3.347
2006,SWZ,TAX_REV,S13,T_4000,_T,PT_B1GQ,A,0.269
2006,SWZ,TAX_REV,S13,_T,_T,PT_B1GQ,A,11.72
2006,SWZ,TAX_REV,S13,T_1000,_T,PT_B1GQ,A,6.546
2007,SWZ,TAX_REV,S13,T_1000,_T,PT_B1GQ,A,6.531
2007,SWZ,TAX_REV,S13,_T,_T,PT_B1GQ,A,11.78
2007,SWZ,TAX_REV,S13,T_4000,_T,PT_B1GQ,A,0.262
2007,SWZ,TAX_REV,S13,T_5000,_T,PT_B1GQ,A,3.416
2007,SWZ,TAX_REV,S13,T_2000,_T,PT_B1GQ,A,1.57
2008,SWZ,TAX_REV,S13,T_2000,_T,PT_B1GQ,A,1.509
2008,SWZ,TAX_REV,S13,T_5000,_T,PT_B1GQ,A,4.05
2008,SWZ,TAX_REV,S13,T_4000,_T,PT_B1GQ,A,0.259
2008,SWZ,TAX_REV,S13,_T,_T,PT_B1GQ,A,12.863
2008,SWZ,TAX_REV,S13,T_1000,_T,PT_B1GQ,A,7.045
2009,SWZ,TAX_REV,S13,T_1000,_T,PT_B1GQ,A,7.111
2009,SWZ,TAX_REV,S13,_T,_T,PT_B1GQ,A,12.873
2009,SWZ,TAX_REV,S13,T_4000,_T,PT_B1GQ,A,0.24
2009,SWZ,TAX_REV,S13,T_5000,_T,PT_B1GQ,A,3.798
2009,SWZ,TAX_REV,S13,T_2000,_T,PT_B1GQ,A,1.723
2010,SWZ,TAX_REV,S13,T_2000,_T,PT_B1GQ,A,1.89
2010,SWZ,TAX_REV,S13,T_5000,_T,PT_B1GQ,A,4.517
2010,SWZ,TAX_REV,S13,T_4000,_T,PT_B1GQ,A,0.279
2010,SWZ,TAX_REV,S13,_T,_T,PT_B1GQ,A,13.85
2010,SWZ,TAX_REV,S13,T_1000,_T,PT_B1GQ,A,7.164
2011,SWZ,TAX_REV,S13,T_1000,_T,PT_B1GQ,A,7.279
2011,SWZ,TAX_REV,S13,_T,_T,PT_B1GQ,A,13.917
2011,SWZ,TAX_REV,S13,T_4000,_T,PT_B1GQ,A,0.285
2011,SWZ,TAX_REV,S13,T_5000,_T,PT_B1GQ,A,4.643
2011,SWZ,TAX_REV,S13,T_2000,_T,PT_B1GQ,A,1.71
2012,SWZ,TAX_REV,S13,T_2000,_T,PT_B1GQ,A,1.547
2012,SWZ,TAX_REV,S13,T_5000,_T,PT_B1GQ,A,5.444
2012,SWZ,TAX_REV,S13,T_4000,_T,PT_B1GQ,A,0.262
2012,SWZ,TAX_REV,S13,_T,_T,PT_B1GQ,A,12.811
2012,SWZ,TAX_REV,S13,T_1000,_T,PT_B1GQ,A,5.558
2013,SWZ,TAX_REV,S13,T_1000,_T,PT_B1GQ,A,6.761
2013,SWZ,TAX_REV,S13,_T,_T,PT_B1GQ,A,13.645
2013,SWZ,TAX_REV,S13,T_4000,_T,PT_B1GQ,A,0.254
2013,SWZ,TAX_REV,S13,T_5000,_T,PT_B1GQ,A,5.184
2013,SWZ,TAX_REV,S13,T_2000,_T,PT_B1GQ,A,1.445
2014,SWZ,TAX_REV,S13,T_2000,_T,PT_B1GQ,A,1.825
2014,SWZ,TAX_REV,S13,T_5000,_T,PT_B1GQ,A,5.245
2014,SWZ,TAX_REV,S13,T_4000,_T,PT_B1GQ,A,0.261
2014,SWZ,TAX_REV,S13,_T,_T,PT_B1GQ,A,14.904
2014,SWZ,TAX_REV,S13,T_1000,_T,PT_B1GQ,A,7.573
2015,SWZ,TAX_REV,S13,T_1000,_T,PT_B1GQ,A,7.288
2015,SWZ,TAX_REV,S13,_T,_T,PT_B1GQ,A,14.953
2015,SWZ,TAX_REV,S13,T_4000,_T,PT_B1GQ,A,0.252
2015,SWZ,TAX_REV,S13,T_5000,_T,PT_B1GQ,A,5.469
2015,SWZ,TAX_REV,S13,T_2000,_T,PT_B1GQ,A,1.944
2016,SWZ,TAX_REV,S13,T_2000,_T,PT_B1GQ,A,1.984
2016,SWZ,TAX_REV,S13,T_5000,_T,PT_B1GQ,A,5.77
2016,SWZ,TAX_REV,S13,T_4000,_T,PT_B1GQ,A,0.259
2016,SWZ,TAX_REV,S13,_T,_T,PT_B1GQ,A,16.099
2016,SWZ,TAX_REV,S13,T_1000,_T,PT_B1GQ,A,8.086
2017,SWZ,TAX_REV,S13,T_1000,_T,PT_B1GQ,A,8.236
2017,SWZ,TAX_REV,S13,_T,_T,PT_B1GQ,A,16.987
2017,SWZ,TAX_REV,S13,T_4000,_T,PT_B1GQ,A,0.399
2017,SWZ,TAX_REV,S13,T_5000,_T,PT_B1GQ,A,6.069
2017,SWZ,TAX_REV,S13,T_2000,_T,PT_B1GQ,A,2.283
2018,SWZ,TAX_REV,S13,T_2000,_T,PT_B1GQ,A,2.455
2018,SWZ,TAX_REV,S13,T_5000,_T,PT_B1GQ,A,6.09
2018,SWZ,TAX_REV,S13,T_4000,_T,PT_B1GQ,A,0.455
2018,SWZ,TAX_REV,S13,_T,_T,PT_B1GQ,A,17.404
2018,SWZ,TAX_REV,S13,T_1000,_T,PT_B1GQ,A,8.404
2019,SWZ,TAX_REV,S13,T_1000,_T,PT_B1GQ,A,8.802
2019,SWZ,TAX_REV,S13,_T,_T,PT_B1GQ,A,18.263
2019,SWZ,TAX_REV,S13,T_4000,_T,PT_B1GQ,A,0.47
2019,SWZ,TAX_REV,S13,T_5000,_T,PT_B1GQ,A,6.622
2019,SWZ,TAX_REV,S13,T_2000,_T,PT_B1GQ,A,2.368
2020,SWZ,TAX_REV,S13,T_2000,_T,PT_B1GQ,A,2.368
2020,SWZ,TAX_REV,S13,T_5000,_T,PT_B1GQ,A,6.748
2020,SWZ,TAX_REV,S13,T_4000,_T,PT_B1GQ,A,0.26
2020,SWZ,TAX_REV,S13,_T,_T,PT_B1GQ,A,17.754
2020,SWZ,TAX_REV,S13,T_1000,_T,PT_B1GQ,A,8.379
2021,SWZ,TAX_REV,S13,T_1000,_T,PT_B1GQ,A,8.458
2021,SWZ,TAX_REV,S13,_T,_T,PT_B1GQ,A,17.421
2021,SWZ,TAX_REV,S13,T_4000,_T,PT_B1GQ,A,0.319
2021,SWZ,TAX_REV,S13,T_5000,_T,PT_B1GQ,A,6.333
2021,SWZ,TAX_REV,S13,T_2000,_T,PT_B1GQ,A,2.31
2022,SWZ,TAX_REV,S13,T_2000,_T,PT_B1GQ,A,2.11
2022,SWZ,TAX_REV,S13,T_5000,_T,PT_B1GQ,A,6.871
2022,SWZ,TAX_REV,S13,T_4000,_T,PT_B1GQ,A,0.495
2022,SWZ,TAX_REV,S13,_T,_T,PT_B1GQ,A,17.604
2022,SWZ,TAX_REV,S13,T_1000,_T,PT_B1GQ,A,8.128
1990,AUT,TAX_REV,S13,_T,_T,PT_B1GQ,A,39.288
1990,AUT,TAX_REV,S13,T_5000,_T,PT_B1GQ,A,12.384
1990,AUT,TAX_REV,S13,T_1000,_T,PT_B1GQ,A,10.031
1990,AUT,TAX_REV,S13,T_4000,_T,PT_B1GQ,A,1.071
1990,AUT,TAX_REV,S13,T_2000,_T,PT_B1GQ,A,12.914
1991,AUT,TAX_REV,S13,T_2000,_T,PT_B1GQ,A,13.001
1991,AUT,TAX_REV,S13,T_4000,_T,PT_B1GQ,A,1.089
1991,AUT,TAX_REV,S13,T_1000,_T,PT_B1GQ,A,10.556
1991,AUT,TAX_REV,S13,T_5000,_T,PT_B1GQ,A,12.196
1991,AUT,TAX_REV,S13,_T,_T,PT_B1GQ,A,39.748
1992,AUT,TAX_REV,S13,_T,_T,PT_B1GQ,A,41.282
1992,AUT,TAX_REV,S13,T_5000,_T,PT_B1GQ,A,12.471
1992,AUT,TAX_REV,S13,T_1000,_T,PT_B1GQ,A,11.093
1992,AUT,TAX_REV,S13,T_4000,_T,PT_B1GQ,A,1.118
1992,AUT,TAX_REV,S13,T_2000,_T,PT_B1GQ,A,13.619
1993,AUT,TAX_REV,S13,T_2000,_T,PT_B1GQ,A,14.165
1993,AUT,TAX_REV,S13,T_4000,_T,PT_B1GQ,A,1.083
1993,AUT,TAX_REV,S13,T_1000,_T,PT_B1GQ,A,11.241
1993,AUT,TAX_REV,S13,T_5000,_T,PT_B1GQ,A,12.231
1993,AUT,TAX_REV,S13,_T,_T,PT_B1GQ,A,41.688
1994,AUT,TAX_REV,S13,_T,_T,PT_B1GQ,A,41.701
1994,AUT,TAX_REV,S13,T_5000,_T,PT_B1GQ,A,12.903
1994,AUT,TAX_REV,S13,T_1000,_T,PT_B1GQ,A,10.324
1994,AUT,TAX_REV,S13,T_4000,_T,PT_B1GQ,A,0.654
1994,AUT,TAX_REV,S13,T_2000,_T,PT_B1GQ,A,14.618
1995,AUT,TAX_REV,S13,T_2000,_T,PT_B1GQ,A,14.713
1995,AUT,TAX_REV,S13,T_4000,_T,PT_B1GQ,A,0.612
1995,AUT,TAX_REV,S13,T_1000,_T,PT_B1GQ,A,10.784
1995,AUT,TAX_REV,S13,T_5000,_T,PT_B1GQ,A,11.984
1995,AUT,TAX_REV,S13,_T,_T,PT_B1GQ,A,41.271
1996,AUT,TAX_REV,S13,_T,_T,PT_B1GQ,A,42.641
1996,AUT,TAX_REV,S13,T_5000,_T,PT_B1GQ,A,12.371
1996,AUT,TAX_REV,S13,T_1000,_T,PT_B1GQ,A,11.787
1996,AUT,TAX_REV,S13,T_4000,_T,PT_B1GQ,A,0.607
1996,AUT,TAX_REV,S13,T_2000,_T,PT_B1GQ,A,14.739
1997,AUT,TAX_REV,S13,T_2000,_T,PT_B1GQ,A,14.693
1997,AUT,TAX_REV,S13,T_4000,_T,PT_B1GQ,A,0.576
1997,AUT,TAX_REV,S13,T_1000,_T,PT_B1GQ,A,12.378
1997,AUT,TAX_REV,S13,T_5000,_T,PT_B1GQ,A,12.651
1997,AUT,TAX_REV,S13,_T,_T,PT_B1GQ,A,43.44
1998,AUT,TAX_REV,S13,_T,_T,PT_B1GQ,A,43.447
1998,AUT,TAX_REV,S13,T_5000,_T,PT_B1GQ,A,12.587
1998,AUT,TAX_REV,S13,T_1000,_T,PT_B1GQ,A,12.514
1998,AUT,TAX_REV,S13,T_4000,_T,PT_B1GQ,A,0.572
1998,AUT,TAX_REV,S13,T_2000,_T,PT_B1GQ,A,14.608
1999,AUT,TAX_REV,S13,T_2000,_T,PT_B1GQ,A,14.563
1999,AUT,TAX_REV,S13,T_4000,_T,PT_B1GQ,A,0.573
1999,AUT,TAX_REV,S13,T_1000,_T,PT_B1GQ,A,12.151
1999,AUT,TAX_REV,S13,T_5000,_T,PT_B1GQ,A,12.697
1999,AUT,TAX_REV,S13,_T,_T,PT_B1GQ,A,43.09
2000,AUT,TAX_REV,S13,_T,_T,PT_B1GQ,A,42.285
2000,AUT,TAX_REV,S13,T_5000,_T,PT_B1GQ,A,12.404
2000,AUT,TAX_REV,S13,T_1000,_T,PT_B1GQ,A,11.963
2000,AUT,TAX_REV,S13,T_4000,_T,PT_B1GQ,A,0.565
2000,AUT,TAX_REV,S13,T_2000,_T,PT_B1GQ,A,14.283
2001,AUT,TAX_REV,S13,T_2000,_T,PT_B1GQ,A,14.244
2001,AUT,TAX_REV,S13,T_4000,_T,PT_B1GQ,A,0.57
2001,AUT,TAX_REV,S13,T_1000,_T,PT_B1GQ,A,13.618
2001,AUT,TAX_REV,S13,T_5000,_T,PT_B1GQ,A,12.374
2001,AUT,TAX_REV,S13,_T,_T,PT_B1GQ,A,43.886
2002,AUT,TAX_REV,S13,_T,_T,PT_B1GQ,A,42.697
2002,AUT,TAX_REV,S13,T_5000,_T,PT_B1GQ,A,12.505
2002,AUT,TAX_REV,S13,T_1000,_T,PT_B1GQ,A,12.525
2002,AUT,TAX_REV,S13,T_4000,_T,PT_B1GQ,A,0.532
2002,AUT,TAX_REV,S13,T_2000,_T,PT_B1GQ,A,14.058
2003,AUT,TAX_REV,S13,T_2000,_T,PT_B1GQ,A,14.09
2003,AUT,TAX_REV,S13,T_4000,_T,PT_B1GQ,A,0.545
2003,AUT,TAX_REV,S13,T_1000,_T,PT_B1GQ,A,12.354
2003,AUT,TAX_REV,S13,T_5000,_T,PT_B1GQ,A,12.372
2003,AUT,TAX_REV,S13,_T,_T,PT_B1GQ,A,42.409
2004,AUT,TAX_REV,S13,_T,_T,PT_B1GQ,A,41.958
2004,AUT,TAX_REV,S13,T_5000,_T,PT_B1GQ,A,12.265
2004,AUT,TAX_REV,S13,T_1000,_T,PT_B1GQ,A,12.135
2004,AUT,TAX_REV,S13,T_4000,_T,PT_B1GQ,A,0.54
2004,AUT,TAX_REV,S13,T_2000,_T,PT_B1GQ,A,14.015
2005,AUT,TAX_REV,S13,T_2000,_T,PT_B1GQ,A,13.897
2005,AUT,TAX_REV,S13,T_4000,_T,PT_B1GQ,A,0.541
2005,AUT,TAX_REV,S13,T_1000,_T,PT_B1GQ,A,11.62
2005,AUT,TAX_REV,S13,T_5000,_T,PT_B1GQ,A,12.026
2005,AUT,TAX_REV,S13,_T,_T,PT_B1GQ,A,41.012
2006,AUT,TAX_REV,S13,_T,_T,PT_B1GQ,A,40.408
2006,AUT,TAX_REV,S13,T_5000,_T,PT_B1GQ,A,11.602
2006,AUT,TAX_REV,S13,T_1000,_T,PT_B1GQ,A,11.59
2006,AUT,TAX_REV,S13,T_4000,_T,PT_B1GQ,A,0.564
2006,AUT,TAX_REV,S13,T_2000,_T,PT_B1GQ,A,13.75
2007,AUT,TAX_REV,S13,T_2000,_T,PT_B1GQ,A,13.541
2007,AUT,TAX_REV,S13,T_4000,_T,PT_B1GQ,A,0.554
2007,AUT,TAX_REV,S13,T_1000,_T,PT_B1GQ,A,12.085
2007,AUT,TAX_REV,S13,T_5000,_T,PT_B1GQ,A,11.483
2007,AUT,TAX_REV,S13,_T,_T,PT_B1GQ,A,40.548
2008,AUT,TAX_REV,S13,_T,_T,PT_B1GQ,A,41.391
2010,SO,TAX_REV,S13,T_2000,_T,PT_B1GQ,A,1.49
2010,SO,TAX_REV,S13,T_1000,_T,PT_B1GQ,A,6.594
2010,SO,TAX_REV,S13,_T,_T,PT_B1GQ,A,18.017
2010,SO,TAX_REV,S13,T_5000,_T,PT_B1GQ,A,9.241
2010,SO,TAX_REV,S13,T_4000,_T,PT_B1GQ,A,0.666
2011,SO,TAX_REV,S13,T_4000,_T,PT_B1GQ,A,0.642
2011,SO,TAX_REV,S13,T_5000,_T,PT_B1GQ,A,9.645
2011,SO,TAX_REV,S13,_T,_T,PT_B1GQ,A,18.411
2011,SO,TAX_REV,S13,T_1000,_T,PT_B1GQ,A,6.645
2011,SO,TAX_REV,S13,T_2000,_T,PT_B1GQ,A,1.452
2012,SO,TAX_REV,S13,T_2000,_T,PT_B1GQ,A,1.426
2012,SO,TAX_REV,S13,T_1000,_T,PT_B1GQ,A,7.329
2012,SO,TAX_REV,S13,_T,_T,PT_B1GQ,A,19.021
2012,SO,TAX_REV,S13,T_5000,_T,PT_B1GQ,A,9.486
2012,SO,TAX_REV,S13,T_4000,_T,PT_B1GQ,A,0.601
2013,SO,TAX_REV,S13,T_4000,_T,PT_B1GQ,A,0.61
2013,SO,TAX_REV,S13,T_5000,_T,PT_B1GQ,A,9.619
2013,SO,TAX_REV,S13,_T,_T,PT_B1GQ,A,18.941
2013,SO,TAX_REV,S13,T_1000,_T,PT_B1GQ,A,7.247
2013,SO,TAX_REV,S13,T_2000,_T,PT_B1GQ,A,1.377
2014,SO,TAX_REV,S13,T_2000,_T,PT_B1GQ,A,1.383
2014,SO,TAX_REV,S13,T_1000,_T,PT_B1GQ,A,6.789
2014,SO,TAX_REV,S13,_T,_T,PT_B1GQ,A,18.363
2014,SO,TAX_REV,S13,T_5000,_T,PT_B1GQ,A,9.478
2014,SO,TAX_REV,S13,T_4000,_T,PT_B1GQ,A,0.636
2015,SO,TAX_REV,S13,T_4000,_T,PT_B1GQ,A,0.645
2015,SO,TAX_REV,S13,T_5000,_T,PT_B1GQ,A,9.447
2015,SO,TAX_REV,S13,_T,_T,PT_B1GQ,A,18.54
2015,SO,TAX_REV,S13,T_1000,_T,PT_B1GQ,A,6.944
2015,SO,TAX_REV,S13,T_2000,_T,PT_B1GQ,A,1.405
2016,SO,TAX_REV,S13,T_2000,_T,PT_B1GQ,A,1.41
2016,SO,TAX_REV,S13,T_1000,_T,PT_B1GQ,A,6.547
2016,SO,TAX_REV,S13,_T,_T,PT_B1GQ,A,17.904
2016,SO,TAX_REV,S13,T_5000,_T,PT_B1GQ,A,9.186
2016,SO,TAX_REV,S13,T_4000,_T,PT_B1GQ,A,0.623
2017,SO,TAX_REV,S13,T_4000,_T,PT_B1GQ,A,0.661
2017,SO,TAX_REV,S13,T_5000,_T,PT_B1GQ,A,9.616
2017,SO,TAX_REV,S13,_T,_T,PT_B1GQ,A,18.773
2017,SO,TAX_REV,S13,T_1000,_T,PT_B1GQ,A,6.944
2017,SO,TAX_REV,S13,T_2000,_T,PT_B1GQ,A,1.455
2018,SO,TAX_REV,S13,T_2000,_T,PT_B1GQ,A,1.501
2018,SO,TAX_REV,S13,T_1000,_T,PT_B1GQ,A,7.212
2018,SO,TAX_REV,S13,_T,_T,PT_B1GQ,A,19.141
2018,SO,TAX_REV,S13,T_5000,_T,PT_B1GQ,A,9.725
2018,SO,TAX_REV,S13,T_4000,_T,PT_B1GQ,A,0.639
2019,SO,TAX_REV,S13,T_4000,_T,PT_B1GQ,A,0.626
2019,SO,TAX_REV,S13,T_5000,_T,PT_B1GQ,A,9.383
2019,SO,TAX_REV,S13,_T,_T,PT_B1GQ,A,19.299
2019,SO,TAX_REV,S13,T_1000,_T,PT_B1GQ,A,7.481
2019,SO,TAX_REV,S13,T_2000,_T,PT_B1GQ,A,1.687
2020,SO,TAX_REV,S13,T_2000,_T,PT_B1GQ,A,1.733
2020,SO,TAX_REV,S13,T_1000,_T,PT_B1GQ,A,7.244
2020,SO,TAX_REV,S13,_T,_T,PT_B1GQ,A,18.357
2020,SO,TAX_REV,S13,T_5000,_T,PT_B1GQ,A,8.658
2020,SO,TAX_REV,S13,T_4000,_T,PT_B1GQ,A,0.65
2021,SO,TAX_REV,S13,T_4000,_T,PT_B1GQ,A,0.665
2021,SO,TAX_REV,S13,T_5000,_T,PT_B1GQ,A,8.809
2021,SO,TAX_REV,S13,_T,_T,PT_B1GQ,A,18.677
2021,SO,TAX_REV,S13,T_1000,_T,PT_B1GQ,A,7.35
2021,SO,TAX_REV,S13,T_2000,_T,PT_B1GQ,A,1.762
2022,SO,TAX_REV,S13,T_2000,_T,PT_B1GQ,A,1.799
2022,SO,TAX_REV,S13,T_1000,_T,PT_B1GQ,A,7.797
2022,SO,TAX_REV,S13,_T,_T,PT_B1GQ,A,19.441
2022,SO,TAX_REV,S13,T_5000,_T,PT_B1GQ,A,9.159
2022,SO,TAX_REV,S13,T_4000,_T,PT_B1GQ,A,0.596
2023,SO,TAX_REV,S13,T_4000,_T,PT_B1GQ,A,0.581
2023,SO,TAX_REV,S13,T_5000,_T,PT_B1GQ,A,9.65
2023,SO,TAX_REV,S13,_T,_T,PT_B1GQ,A,19.551
2023,SO,TAX_REV,S13,T_1000,_T,PT_B1GQ,A,7.368
2023,SO,TAX_REV,S13,T_2000,_T,PT_B1GQ,A,1.837
1998,KAZ,TAX_REV,S13,_T,_T,PT_B1GQ,A,12.326
1998,KAZ,TAX_REV,S13,T_4000,_T,PT_B1GQ,A,1.147
1998,KAZ,TAX_REV,S13,T_1000,_T,PT_B1GQ,A,3.941
1998,KAZ,TAX_REV,S13,T_5000,_T,PT_B1GQ,A,7.233
1999,KAZ,TAX_REV,S13,T_5000,_T,PT_B1GQ,A,6.782
1999,KAZ,TAX_REV,S13,T_1000,_T,PT_B1GQ,A,4.468
1999,KAZ,TAX_REV,S13,T_4000,_T,PT_B1GQ,A,1.084
1999,KAZ,TAX_REV,S13,_T,_T,PT_B1GQ,A,16.253
2000,KAZ,TAX_REV,S13,_T,_T,PT_B1GQ,A,19.915
2000,KAZ,TAX_REV,S13,T_4000,_T,PT_B1GQ,A,0.808
2000,KAZ,TAX_REV,S13,T_1000,_T,PT_B1GQ,A,8.252
2000,KAZ,TAX_REV,S13,T_5000,_T,PT_B1GQ,A,6.902
2001,KAZ,TAX_REV,S13,T_5000,_T,PT_B1GQ,A,8.066
2001,KAZ,TAX_REV,S13,T_1000,_T,PT_B1GQ,A,9.403
2001,KAZ,TAX_REV,S13,T_4000,_T,PT_B1GQ,A,0.839
2001,KAZ,TAX_REV,S13,_T,_T,PT_B1GQ,A,22.156
2002,KAZ,TAX_REV,S13,_T,_T,PT_B1GQ,A,20.52
2002,KAZ,TAX_REV,S13,T_4000,_T,PT_B1GQ,A,0.826
2002,KAZ,TAX_REV,S13,T_1000,_T,PT_B1GQ,A,8.521
2002,KAZ,TAX_REV,S13,T_5000,_T,PT_B1GQ,A,7.622
2003,KAZ,TAX_REV,S13,T_5000,_T,PT_B1GQ,A,8.918
2003,KAZ,TAX_REV,S13,T_1000,_T,PT_B1GQ,A,9.659
2003,KAZ,TAX_REV,S13,T_4000,_T,PT_B1GQ,A,0.742
2003,KAZ,TAX_REV,S13,_T,_T,PT_B1GQ,A,22.729
2004,KAZ,TAX_REV,S13,_T,_T,PT_B1GQ,A,21.679
2004,KAZ,TAX_REV,S13,T_4000,_T,PT_B1GQ,A,0.667
2004,KAZ,TAX_REV,S13,T_1000,_T,PT_B1GQ,A,10.13
2004,KAZ,TAX_REV,S13,T_5000,_T,PT_B1GQ,A,8.019
2005,KAZ,TAX_REV,S13,T_2000,_T,PT_B1GQ,A,0.181
2005,KAZ,TAX_REV,S13,T_5000,_T,PT_B1GQ,A,8.959
2005,KAZ,TAX_REV,S13,T_1000,_T,PT_B1GQ,A,13.195
2005,KAZ,TAX_REV,S13,T_4000,_T,PT_B1GQ,A,0.606
2005,KAZ,TAX_REV,S13,_T,_T,PT_B1GQ,A,25.541
2006,KAZ,TAX_REV,S13,_T,_T,PT_B1GQ,A,26.106
2006,KAZ,TAX_REV,S13,T_4000,_T,PT_B1GQ,A,0.576
2006,KAZ,TAX_REV,S13,T_1000,_T,PT_B1GQ,A,14.027
2006,KAZ,TAX_REV,S13,T_5000,_T,PT_B1GQ,A,8.937
2006,KAZ,TAX_REV,S13,T_2000,_T,PT_B1GQ,A,0.249
2007,KAZ,TAX_REV,S13,T_2000,_T,PT_B1GQ,A,0.388
2007,KAZ,TAX_REV,S13,T_5000,_T,PT_B1GQ,A,8.803
2007,KAZ,TAX_REV,S13,T_1000,_T,PT_B1GQ,A,13.991
2007,KAZ,TAX_REV,S13,T_4000,_T,PT_B1GQ,A,0.575
2007,KAZ,TAX_REV,S13,_T,_T,PT_B1GQ,A,26.065
2008,KAZ,TAX_REV,S13,_T,_T,PT_B1GQ,A,27.617
2008,KAZ,TAX_REV,S13,T_4000,_T,PT_B1GQ,A,0.57
2008,KAZ,TAX_REV,S13,T_1000,_T,PT_B1GQ,A,15.069
2008,KAZ,TAX_REV,S13,T_5000,_T,PT_B1GQ,A,10.038
2008,KAZ,TAX_REV,S13,T_2000,_T,PT_B1GQ,A,0.376
2009,KAZ,TAX_REV,S13,T_2000,_T,PT_B1GQ,A,0.526
2009,KAZ,TAX_REV,S13,T_5000,_T,PT_B1GQ,A,8.525
2009,KAZ,TAX_REV,S13,T_1000,_T,PT_B1GQ,A,10.148
2009,KAZ,TAX_REV,S13,T_4000,_T,PT_B1GQ,A,0.631
2009,KAZ,TAX_REV,S13,_T,_T,PT_B1GQ,A,21.2
2010,KAZ,TAX_REV,S13,_T,_T,PT_B1GQ,A,23.755
2010,KAZ,TAX_REV,S13,T_4000,_T,PT_B1GQ,A,0.571
2010,KAZ,TAX_REV,S13,T_1000,_T,PT_B1GQ,A,9.499
2010,KAZ,TAX_REV,S13,T_5000,_T,PT_B1GQ,A,11.92
2010,KAZ,TAX_REV,S13,T_2000,_T,PT_B1GQ,A,0.601
2011,KAZ,TAX_REV,S13,T_2000,_T,PT_B1GQ,A,0.556
2011,KAZ,TAX_REV,S13,T_5000,_T,PT_B1GQ,A,13.632
2011,KAZ,TAX_REV,S13,T_1000,_T,PT_B1GQ,A,9.823
2011,KAZ,TAX_REV,S13,T_4000,_T,PT_B1GQ,A,0.475
2011,KAZ,TAX_REV,S13,_T,_T,PT_B1GQ,A,25.536
2012,KAZ,TAX_REV,S13,_T,_T,PT_B1GQ,A,23.853
2012,KAZ,TAX_REV,S13,T_4000,_T,PT_B1GQ,A,0.467
2012,KAZ,TAX_REV,S13,T_1000,_T,PT_B1GQ,A,9.112
2012,KAZ,TAX_REV,S13,T_5000,_T,PT_B1GQ,A,12.584
2012,KAZ,TAX_REV,S13,T_2000,_T,PT_B1GQ,A,0.591
2013,KAZ,TAX_REV,S13,T_2000,_T,PT_B1GQ,A,0.565
2013,KAZ,TAX_REV,S13,T_5000,_T,PT_B1GQ,A,12.383
2013,KAZ,TAX_REV,S13,T_1000,_T,PT_B1GQ,A,8.134
2013,KAZ,TAX_REV,S13,T_4000,_T,PT_B1GQ,A,0.447
2013,KAZ,TAX_REV,S13,_T,_T,PT_B1GQ,A,22.586
2014,KAZ,TAX_REV,S13,_T,_T,PT_B1GQ,A,21.084
2014,KAZ,TAX_REV,S13,T_4000,_T,PT_B1GQ,A,0.484
2014,KAZ,TAX_REV,S13,T_1000,_T,PT_B1GQ,A,7.849
2014,KAZ,TAX_REV,S13,T_5000,_T,PT_B1GQ,A,11.102
2014,KAZ,TAX_REV,S13,T_2000,_T,PT_B1GQ,A,0.569
2015,KAZ,TAX_REV,S13,T_2000,_T,PT_B1GQ,A,0.588
2015,KAZ,TAX_REV,S13,T_5000,_T,PT_B1GQ,A,7.222
2015,KAZ,TAX_REV,S13,T_1000,_T,PT_B1GQ,A,6.037
2015,KAZ,TAX_REV,S13,T_4000,_T,PT_B1GQ,A,0.555
2015,KAZ,TAX_REV,S13,_T,_T,PT_B1GQ,A,15.539
2016,KAZ,TAX_REV,S13,_T,_T,PT_B1GQ,A,14.916
2016,KAZ,TAX_REV,S13,T_4000,_T,PT_B1GQ,A,0.485
2016,KAZ,TAX_REV,S13,T_1000,_T,PT_B1GQ,A,5.557
2016,KAZ,TAX_REV,S13,T_5000,_T,PT_B1GQ,A,7.179
2016,KAZ,TAX_REV,S13,T_2000,_T,PT_B1GQ,A,0.564
2017,KAZ,TAX_REV,S13,T_2000,_T,PT_B1GQ,A,0.547
2017,KAZ,TAX_REV,S13,T_5000,_T,PT_B1GQ,A,8.16
2017,KAZ,TAX_REV,S13,T_1000,_T,PT_B1GQ,A,5.754
2017,KAZ,TAX_REV,S13,T_4000,_T,PT_B1GQ,A,0.473
2017,KAZ,TAX_REV,S13,_T,_T,PT_B1GQ,A,16.013
2018,KAZ,TAX_REV,S13,_T,_T,PT_B1GQ,A,16.96
2018,KAZ,TAX_REV,S13,T_4000,_T,PT_B1GQ,A,0.483
2018,KAZ,TAX_REV,S13,T_1000,_T,PT_B1GQ,A,6.426
2018,KAZ,TAX_REV,S13,T_5000,_T,PT_B1GQ,A,8.507
2018,KAZ,TAX_REV,S13,T_2000,_T,PT_B1GQ,A,0.535
2019,KAZ,TAX_REV,S13,T_2000,_T,PT_B1GQ,A,0.532
2019,KAZ,TAX_REV,S13,T_5000,_T,PT_B1GQ,A,8.63
2019,KAZ,TAX_REV,S13,T_1000,_T,PT_B1GQ,A,6.046
2019,KAZ,TAX_REV,S13,T_4000,_T,PT_B1GQ,A,0.464
2019,KAZ,TAX_REV,S13,_T,_T,PT_B1GQ,A,16.676
2020,KAZ,TAX_REV,S13,_T,_T,PT_B1GQ,A,14.061
2020,KAZ,TAX_REV,S13,T_4000,_T,PT_B1GQ,A,0.439
2020,KAZ,TAX_REV,S13,T_1000,_T,PT_B1GQ,A,4.954
2020,KAZ,TAX_REV,S13,T_5000,_T,PT_B1GQ,A,6.891
2020,KAZ,TAX_REV,S13,T_2000,_T,PT_B1GQ,A,0.745
2021,KAZ,TAX_REV,S13,T_2000,_T,PT_B1GQ,A,0.865
2021,KAZ,TAX_REV,S13,T_5000,_T,PT_B1GQ,A,7.394
2021,KAZ,TAX_REV,S13,T_1000,_T,PT_B1GQ,A,5.921
2021,KAZ,TAX_REV,S13,T_4000,_T,PT_B1GQ,A,0.414
2021,KAZ,TAX_REV,S13,_T,_T,PT_B1GQ,A,15.597
2022,KAZ,TAX_REV,S13,_T,_T,PT_B1GQ,A,19.754
2022,KAZ,TAX_REV,S13,T_4000,_T,PT_B1GQ,A,0.36
2022,KAZ,TAX_REV,S13,T_1000,_T,PT_B1GQ,A,7.547
2022,KAZ,TAX_REV,S13,T_5000,_T,PT_B1GQ,A,9.799
2022,KAZ,TAX_REV,S13,T_2000,_T,PT_B1GQ,A,1.05
2023,KAZ,TAX_REV,S13,T_2000,_T,PT_B1GQ,A,1.136
2023,KAZ,TAX_REV,S13,T_5000,_T,PT_B1GQ,A,9.662
2023,KAZ,TAX_REV,S13,T_1000,_T,PT_B1GQ,A,7.224
2023,KAZ,TAX_REV,S13,T_4000,_T,PT_B1GQ,A,0.334
2023,KAZ,TAX_REV,S13,_T,_T,PT_B1GQ,A,19.465
1990,KGZ,TAX_REV,S13,T_4000,_T,PT_B1GQ,A,0.056
1990,KGZ,TAX_REV,S13,T_5000,_T,PT_B1GQ,A,13.729
1990,KGZ,TAX_REV,S13,T_1000,_T,PT_B1GQ,A,7.449
1990,KGZ,TAX_REV,S13,_T,_T,PT_B1GQ,A,25.618
1991,KGZ,TAX_REV,S13,_T,_T,PT_B1GQ,A,15.347
1991,KGZ,TAX_REV,S13,T_1000,_T,PT_B1GQ,A,6.402
1991,KGZ,TAX_REV,S13,T_5000,_T,PT_B1GQ,A,8.697
1991,KGZ,TAX_REV,S13,T_4000,_T,PT_B1GQ,A,0.048
1992,KGZ,TAX_REV,S13,T_4000,_T,PT_B1GQ,A,0.066
1992,KGZ,TAX_REV,S13,T_5000,_T,PT_B1GQ,A,7.948
1992,KGZ,TAX_REV,S13,T_1000,_T,PT_B1GQ,A,7.116
1992,KGZ,TAX_REV,S13,_T,_T,PT_B1GQ,A,15.13
1993,KGZ,TAX_REV,S13,_T,_T,PT_B1GQ,A,14.7
1993,KGZ,TAX_REV,S13,T_1000,_T,PT_B1GQ,A,5.676
1993,KGZ,TAX_REV,S13,T_5000,_T,PT_B1GQ,A,7.974
1993,KGZ,TAX_REV,S13,T_4000,_T,PT_B1GQ,A,0.236
1994,KGZ,TAX_REV,S13,T_4000,_T,PT_B1GQ,A,0.568
1994,KGZ,TAX_REV,S13,T_5000,_T,PT_B1GQ,A,8.03
1994,KGZ,TAX_REV,S13,T_1000,_T,PT_B1GQ,A,5.504
1994,KGZ,TAX_REV,S13,_T,_T,PT_B1GQ,A,14.518
1995,KGZ,TAX_REV,S13,_T,_T,PT_B1GQ,A,14.902
1995,KGZ,TAX_REV,S13,T_1000,_T,PT_B1GQ,A,4.462
1995,KGZ,TAX_REV,S13,T_5000,_T,PT_B1GQ,A,9.793
1995,KGZ,TAX_REV,S13,T_4000,_T,PT_B1GQ,A,0.563
1996,KGZ,TAX_REV,S13,T_4000,_T,PT_B1GQ,A,0.645
1996,KGZ,TAX_REV,S13,T_5000,_T,PT_B1GQ,A,8.935
1996,KGZ,TAX_REV,S13,T_1000,_T,PT_B1GQ,A,2.854
1996,KGZ,TAX_REV,S13,_T,_T,PT_B1GQ,A,12.455
1997,KGZ,TAX_REV,S13,_T,_T,PT_B1GQ,A,12.358
1997,KGZ,TAX_REV,S13,T_1000,_T,PT_B1GQ,A,2.199
1997,KGZ,TAX_REV,S13,T_5000,_T,PT_B1GQ,A,9.241
1997,KGZ,TAX_REV,S13,T_4000,_T,PT_B1GQ,A,0.892
1998,KGZ,TAX_REV,S13,T_4000,_T,PT_B1GQ,A,0.851
1998,KGZ,TAX_REV,S13,T_5000,_T,PT_B1GQ,A,10.698
1998,KGZ,TAX_REV,S13,T_1000,_T,PT_B1GQ,A,2.584
1998,KGZ,TAX_REV,S13,_T,_T,PT_B1GQ,A,14.132
1999,KGZ,TAX_REV,S13,_T,_T,PT_B1GQ,A,12.151
1999,KGZ,TAX_REV,S13,T_1000,_T,PT_B1GQ,A,2.342
1999,KGZ,TAX_REV,S13,T_5000,_T,PT_B1GQ,A,9.401
1999,KGZ,TAX_REV,S13,T_4000,_T,PT_B1GQ,A,0.408
2000,KGZ,TAX_REV,S13,T_4000,_T,PT_B1GQ,A,0.274
2000,KGZ,TAX_REV,S13,T_5000,_T,PT_B1GQ,A,9.317
2000,KGZ,TAX_REV,S13,T_1000,_T,PT_B1GQ,A,2.098
2000,KGZ,TAX_REV,S13,_T,_T,PT_B1GQ,A,11.688
2001,KGZ,TAX_REV,S13,_T,_T,PT_B1GQ,A,12.389
2001,KGZ,TAX_REV,S13,T_1000,_T,PT_B1GQ,A,2.711
2001,KGZ,TAX_REV,S13,T_5000,_T,PT_B1GQ,A,9.396
2001,KGZ,TAX_REV,S13,T_4000,_T,PT_B1GQ,A,0.283
2002,KGZ,TAX_REV,S13,T_4000,_T,PT_B1GQ,A,0.423
2002,KGZ,TAX_REV,S13,T_5000,_T,PT_B1GQ,A,10.301
2002,KGZ,TAX_REV,S13,T_1000,_T,PT_B1GQ,A,2.902
2002,KGZ,TAX_REV,S13,_T,_T,PT_B1GQ,A,13.632
2003,KGZ,TAX_REV,S13,_T,_T,PT_B1GQ,A,13.683
2003,KGZ,TAX_REV,S13,T_1000,_T,PT_B1GQ,A,2.816
2003,KGZ,TAX_REV,S13,T_5000,_T,PT_B1GQ,A,10.482
2003,KGZ,TAX_REV,S13,T_4000,_T,PT_B1GQ,A,0.372
2004,KGZ,TAX_REV,S13,T_4000,_T,PT_B1GQ,A,0.355
2004,KGZ,TAX_REV,S13,T_5000,_T,PT_B1GQ,A,11.061
2004,KGZ,TAX_REV,S13,T_1000,_T,PT_B1GQ,A,2.776
2004,KGZ,TAX_REV,S13,_T,_T,PT_B1GQ,A,14.221
2005,KGZ,TAX_REV,S13,_T,_T,PT_B1GQ,A,15.702
2005,KGZ,TAX_REV,S13,T_1000,_T,PT_B1GQ,A,3.458
2005,KGZ,TAX_REV,S13,T_5000,_T,PT_B1GQ,A,11.89
2005,KGZ,TAX_REV,S13,T_4000,_T,PT_B1GQ,A,0.316
2006,KGZ,TAX_REV,S13,T_4000,_T,PT_B1GQ,A,0.362
2006,KGZ,TAX_REV,S13,T_5000,_T,PT_B1GQ,A,13.746
2006,KGZ,TAX_REV,S13,T_1000,_T,PT_B1GQ,A,3.045
2006,KGZ,TAX_REV,S13,_T,_T,PT_B1GQ,A,17.2
2007,KGZ,TAX_REV,S13,_T,_T,PT_B1GQ,A,18.384
2007,KGZ,TAX_REV,S13,T_1000,_T,PT_B1GQ,A,3.057
2007,KGZ,TAX_REV,S13,T_5000,_T,PT_B1GQ,A,14.914
2007,KGZ,TAX_REV,S13,T_4000,_T,PT_B1GQ,A,0.414
2008,KGZ,TAX_REV,S13,T_4000,_T,PT_B1GQ,A,0.354
2008,KGZ,TAX_REV,S13,T_5000,_T,PT_B1GQ,A,14.612
2008,KGZ,TAX_REV,S13,T_1000,_T,PT_B1GQ,A,3.675
2008,KGZ,TAX_REV,S13,_T,_T,PT_B1GQ,A,18.641
2009,KGZ,TAX_REV,S13,_T,_T,PT_B1GQ,A,17.6
2009,KGZ,TAX_REV,S13,T_1000,_T,PT_B1GQ,A,4.134
2009,KGZ,TAX_REV,S13,T_5000,_T,PT_B1GQ,A,12.925
2009,KGZ,TAX_REV,S13,T_4000,_T,PT_B1GQ,A,0.462
2010,KGZ,TAX_REV,S13,T_4000,_T,PT_B1GQ,A,0.573
2010,KGZ,TAX_REV,S13,T_5000,_T,PT_B1GQ,A,13.226
2010,KGZ,TAX_REV,S13,T_1000,_T,PT_B1GQ,A,3.969
2010,KGZ,TAX_REV,S13,_T,_T,PT_B1GQ,A,17.769
2011,KGZ,TAX_REV,S13,_T,_T,PT_B1GQ,A,18.403
2011,KGZ,TAX_REV,S13,T_1000,_T,PT_B1GQ,A,3.866
2011,KGZ,TAX_REV,S13,T_5000,_T,PT_B1GQ,A,14.1
2011,KGZ,TAX_REV,S13,T_4000,_T,PT_B1GQ,A,0.437
2012,KGZ,TAX_REV,S13,T_4000,_T,PT_B1GQ,A,0.377
2012,KGZ,TAX_REV,S13,T_5000,_T,PT_B1GQ,A,15.498
2012,KGZ,TAX_REV,S13,T_1000,_T,PT_B1GQ,A,4.507
2012,KGZ,TAX_REV,S13,_T,_T,PT_B1GQ,A,20.381
2013,KGZ,TAX_REV,S13,_T,_T,PT_B1GQ,A,20.253
2013,KGZ,TAX_REV,S13,T_1000,_T,PT_B1GQ,A,3.843
2013,KGZ,TAX_REV,S13,T_5000,_T,PT_B1GQ,A,15.977
2013,KGZ,TAX_REV,S13,T_4000,_T,PT_B1GQ,A,0.408
2014,KGZ,TAX_REV,S13,T_4000,_T,PT_B1GQ,A,0.384
2014,KGZ,TAX_REV,S13,T_5000,_T,PT_B1GQ,A,16.305
2014,KGZ,TAX_REV,S13,T_1000,_T,PT_B1GQ,A,3.746
2014,KGZ,TAX_REV,S13,_T,_T,PT_B1GQ,A,20.437
2015,KGZ,TAX_REV,S13,_T,_T,PT_B1GQ,A,19.102
2015,KGZ,TAX_REV,S13,T_1000,_T,PT_B1GQ,A,3.693
2015,KGZ,TAX_REV,S13,T_5000,_T,PT_B1GQ,A,15.038
2015,KGZ,TAX_REV,S13,T_4000,_T,PT_B1GQ,A,0.371
2016,KGZ,TAX_REV,S13,T_4000,_T,PT_B1GQ,A,0.357
2016,KGZ,TAX_REV,S13,T_5000,_T,PT_B1GQ,A,15.652
2016,KGZ,TAX_REV,S13,T_1000,_T,PT_B1GQ,A,3.5
2016,KGZ,TAX_REV,S13,_T,_T,PT_B1GQ,A,19.509
2017,KGZ,TAX_REV,S13,_T,_T,PT_B1GQ,A,19.263
2017,KGZ,TAX_REV,S13,T_1000,_T,PT_B1GQ,A,3.382
2017,KGZ,TAX_REV,S13,T_5000,_T,PT_B1GQ,A,15.538
2017,KGZ,TAX_REV,S13,T_4000,_T,PT_B1GQ,A,0.343
2018,KGZ,TAX_REV,S13,T_4000,_T,PT_B1GQ,A,0.345
2018,KGZ,TAX_REV,S13,T_5000,_T,PT_B1GQ,A,16.47
2018,KGZ,TAX_REV,S13,T_1000,_T,PT_B1GQ,A,3.467
2018,KGZ,TAX_REV,S13,_T,_T,PT_B1GQ,A,20.282
2019,KGZ,TAX_REV,S13,_T,_T,PT_B1GQ,A,18.358
2019,KGZ,TAX_REV,S13,T_1000,_T,PT_B1GQ,A,3.405
2019,KGZ,TAX_REV,S13,T_5000,_T,PT_B1GQ,A,14.626
2019,KGZ,TAX_REV,S13,T_4000,_T,PT_B1GQ,A,0.322
2020,KGZ,TAX_REV,S13,T_4000,_T,PT_B1GQ,A,0.316
2020,KGZ,TAX_REV,S13,T_5000,_T,PT_B1GQ,A,12.53
2020,KGZ,TAX_REV,S13,T_1000,_T,PT_B1GQ,A,3.554
2020,KGZ,TAX_REV,S13,_T,_T,PT_B1GQ,A,16.4
2021,KGZ,TAX_REV,S13,_T,_T,PT_B1GQ,A,18.927
2021,KGZ,TAX_REV,S13,T_1000,_T,PT_B1GQ,A,4.08
2021,KGZ,TAX_REV,S13,T_5000,_T,PT_B1GQ,A,14.302
2021,KGZ,TAX_REV,S13,T_4000,_T,PT_B1GQ,A,0.288
2022,KGZ,TAX_REV,S13,T_4000,_T,PT_B1GQ,A,0.222
2022,KGZ,TAX_REV,S13,T_5000,_T,PT_B1GQ,A,17.077
2022,KGZ,TAX_REV,S13,T_1000,_T,PT_B1GQ,A,4.943
2022,KGZ,TAX_REV,S13,_T,_T,PT_B1GQ,A,22.048
2023,KGZ,TAX_REV,S13,_T,_T,PT_B1GQ,A,21.913
2023,KGZ,TAX_REV,S13,T_1000,_T,PT_B1GQ,A,4.717
2023,KGZ,TAX_REV,S13,T_5000,_T,PT_B1GQ,A,16.982
2023,KGZ,TAX_REV,S13,T_4000,_T,PT_B1GQ,A,0.214
1990,HND,TAX_REV,S13,T_2000,_T,PT_B1GQ,A,1.047
1990,HND,TAX_REV,S13,_T,_T,PT_B1GQ,A,12.357
1990,HND,TAX_REV,S13,T_5000,_T,PT_B1GQ,A,8.176
1990,HND,TAX_REV,S13,T_1000,_T,PT_B1GQ,A,2.513
1990,HND,TAX_REV,S13,T_4000,_T,PT_B1GQ,A,0.091
1991,HND,TAX_REV,S13,T_4000,_T,PT_B1GQ,A,0.09
1991,HND,TAX_REV,S13,T_1000,_T,PT_B1GQ,A,2.797
1991,HND,TAX_REV,S13,T_5000,_T,PT_B1GQ,A,8.393
1991,HND,TAX_REV,S13,_T,_T,PT_B1GQ,A,12.769
1991,HND,TAX_REV,S13,T_2000,_T,PT_B1GQ,A,1.047
1992,HND,TAX_REV,S13,T_2000,_T,PT_B1GQ,A,1.134
1992,HND,TAX_REV,S13,_T,_T,PT_B1GQ,A,13.345
1992,HND,TAX_REV,S13,T_5000,_T,PT_B1GQ,A,8.24
1992,HND,TAX_REV,S13,T_1000,_T,PT_B1GQ,A,3.347
1992,HND,TAX_REV,S13,T_4000,_T,PT_B1GQ,A,0.092
1993,HND,TAX_REV,S13,T_4000,_T,PT_B1GQ,A,0.381
1993,HND,TAX_REV,S13,T_1000,_T,PT_B1GQ,A,3.086
1993,HND,TAX_REV,S13,T_5000,_T,PT_B1GQ,A,7.919
1993,HND,TAX_REV,S13,_T,_T,PT_B1GQ,A,13.093
1993,HND,TAX_REV,S13,T_2000,_T,PT_B1GQ,A,1.178
1994,HND,TAX_REV,S13,T_2000,_T,PT_B1GQ,A,1.178
1994,HND,TAX_REV,S13,_T,_T,PT_B1GQ,A,12.639
1994,HND,TAX_REV,S13,T_5000,_T,PT_B1GQ,A,7.953
1994,HND,TAX_REV,S13,T_1000,_T,PT_B1GQ,A,2.682
1994,HND,TAX_REV,S13,T_4000,_T,PT_B1GQ,A,0.211
1995,HND,TAX_REV,S13,T_4000,_T,PT_B1GQ,A,0.184
1995,HND,TAX_REV,S13,T_1000,_T,PT_B1GQ,A,3.6
1995,HND,TAX_REV,S13,T_5000,_T,PT_B1GQ,A,8.104
1995,HND,TAX_REV,S13,_T,_T,PT_B1GQ,A,13.812
1995,HND,TAX_REV,S13,T_2000,_T,PT_B1GQ,A,1.309
1996,HND,TAX_REV,S13,T_2000,_T,PT_B1GQ,A,1.477
1996,HND,TAX_REV,S13,_T,_T,PT_B1GQ,A,13.554
1996,HND,TAX_REV,S13,T_5000,_T,PT_B1GQ,A,7.977
1996,HND,TAX_REV,S13,T_1000,_T,PT_B1GQ,A,3.14
1996,HND,TAX_REV,S13,T_4000,_T,PT_B1GQ,A,0.217
1997,HND,TAX_REV,S13,T_4000,_T,PT_B1GQ,A,0.299
1997,HND,TAX_REV,S13,T_1000,_T,PT_B1GQ,A,3.039
1997,HND,TAX_REV,S13,T_5000,_T,PT_B1GQ,A,8.128
1997,HND,TAX_REV,S13,_T,_T,PT_B1GQ,A,13.796
1997,HND,TAX_REV,S13,T_2000,_T,PT_B1GQ,A,1.551
1998,HND,TAX_REV,S13,T_2000,_T,PT_B1GQ,A,1.389
1998,HND,TAX_REV,S13,_T,_T,PT_B1GQ,A,16.902
1998,HND,TAX_REV,S13,T_5000,_T,PT_B1GQ,A,10.812
1998,HND,TAX_REV,S13,T_1000,_T,PT_B1GQ,A,3.608
1998,HND,TAX_REV,S13,T_4000,_T,PT_B1GQ,A,0.31
1999,HND,TAX_REV,S13,T_4000,_T,PT_B1GQ,A,0.267
1999,HND,TAX_REV,S13,T_1000,_T,PT_B1GQ,A,3.1
1999,HND,TAX_REV,S13,T_5000,_T,PT_B1GQ,A,12.353
1999,HND,TAX_REV,S13,_T,_T,PT_B1GQ,A,18.099
1999,HND,TAX_REV,S13,T_2000,_T,PT_B1GQ,A,1.478
2000,HND,TAX_REV,S13,T_2000,_T,PT_B1GQ,A,1.619
2000,HND,TAX_REV,S13,_T,_T,PT_B1GQ,A,17.157
2000,HND,TAX_REV,S13,T_5000,_T,PT_B1GQ,A,11.66
2000,HND,TAX_REV,S13,T_1000,_T,PT_B1GQ,A,2.726
2000,HND,TAX_REV,S13,T_4000,_T,PT_B1GQ,A,0.25
2001,HND,TAX_REV,S13,T_4000,_T,PT_B1GQ,A,0.188
2001,HND,TAX_REV,S13,T_1000,_T,PT_B1GQ,A,2.987
2001,HND,TAX_REV,S13,T_5000,_T,PT_B1GQ,A,11.546
2001,HND,TAX_REV,S13,_T,_T,PT_B1GQ,A,17.426
2001,HND,TAX_REV,S13,T_2000,_T,PT_B1GQ,A,1.802
2002,HND,TAX_REV,S13,T_2000,_T,PT_B1GQ,A,2.306
2002,HND,TAX_REV,S13,_T,_T,PT_B1GQ,A,17.624
2002,HND,TAX_REV,S13,T_5000,_T,PT_B1GQ,A,11.24
2002,HND,TAX_REV,S13,T_1000,_T,PT_B1GQ,A,2.924
2002,HND,TAX_REV,S13,T_4000,_T,PT_B1GQ,A,0.163
2003,HND,TAX_REV,S13,T_4000,_T,PT_B1GQ,A,0.161
2003,HND,TAX_REV,S13,T_1000,_T,PT_B1GQ,A,3.087
2003,HND,TAX_REV,S13,T_5000,_T,PT_B1GQ,A,10.755
2003,HND,TAX_REV,S13,_T,_T,PT_B1GQ,A,17.562
2003,HND,TAX_REV,S13,T_2000,_T,PT_B1GQ,A,2.485
2004,HND,TAX_REV,S13,T_2000,_T,PT_B1GQ,A,2.498
2004,HND,TAX_REV,S13,_T,_T,PT_B1GQ,A,18.133
2004,HND,TAX_REV,S13,T_5000,_T,PT_B1GQ,A,10.702
2004,HND,TAX_REV,S13,T_1000,_T,PT_B1GQ,A,3.642
2004,HND,TAX_REV,S13,T_4000,_T,PT_B1GQ,A,0.234
2005,HND,TAX_REV,S13,T_4000,_T,PT_B1GQ,A,0.343
2005,HND,TAX_REV,S13,T_1000,_T,PT_B1GQ,A,3.83
2005,HND,TAX_REV,S13,T_5000,_T,PT_B1GQ,A,10.358
2005,HND,TAX_REV,S13,_T,_T,PT_B1GQ,A,17.945
2005,HND,TAX_REV,S13,T_2000,_T,PT_B1GQ,A,2.403
2006,HND,TAX_REV,S13,T_2000,_T,PT_B1GQ,A,2.41
2006,HND,TAX_REV,S13,_T,_T,PT_B1GQ,A,18.26
2006,HND,TAX_REV,S13,T_5000,_T,PT_B1GQ,A,10.577
2006,HND,TAX_REV,S13,T_1000,_T,PT_B1GQ,A,4.483
2006,HND,TAX_REV,S13,T_4000,_T,PT_B1GQ,A,0.174
2007,HND,TAX_REV,S13,T_4000,_T,PT_B1GQ,A,0.188
2007,HND,TAX_REV,S13,T_1000,_T,PT_B1GQ,A,5.066
2007,HND,TAX_REV,S13,T_5000,_T,PT_B1GQ,A,11.125
2007,HND,TAX_REV,S13,_T,_T,PT_B1GQ,A,19.763
2007,HND,TAX_REV,S13,T_2000,_T,PT_B1GQ,A,2.584
2008,HND,TAX_REV,S13,T_2000,_T,PT_B1GQ,A,2.785
2008,HND,TAX_REV,S13,_T,_T,PT_B1GQ,A,19.555
2008,HND,TAX_REV,S13,T_5000,_T,PT_B1GQ,A,10.902
2008,HND,TAX_REV,S13,T_1000,_T,PT_B1GQ,A,5.016
2008,HND,TAX_REV,S13,T_4000,_T,PT_B1GQ,A,0.207
2009,HND,TAX_REV,S13,T_4000,_T,PT_B1GQ,A,0.142
2009,HND,TAX_REV,S13,T_1000,_T,PT_B1GQ,A,4.532
2009,HND,TAX_REV,S13,T_5000,_T,PT_B1GQ,A,9.484
2009,HND,TAX_REV,S13,_T,_T,PT_B1GQ,A,17.792
2009,HND,TAX_REV,S13,T_2000,_T,PT_B1GQ,A,2.947
2010,HND,TAX_REV,S13,T_2000,_T,PT_B1GQ,A,2.897
2010,HND,TAX_REV,S13,_T,_T,PT_B1GQ,A,18.225
2010,HND,TAX_REV,S13,T_5000,_T,PT_B1GQ,A,9.669
2010,HND,TAX_REV,S13,T_1000,_T,PT_B1GQ,A,4.421
2010,HND,TAX_REV,S13,T_4000,_T,PT_B1GQ,A,0.332
2011,HND,TAX_REV,S13,T_4000,_T,PT_B1GQ,A,0.179
2011,HND,TAX_REV,S13,T_1000,_T,PT_B1GQ,A,4.975
2011,HND,TAX_REV,S13,T_5000,_T,PT_B1GQ,A,9.625
2011,HND,TAX_REV,S13,_T,_T,PT_B1GQ,A,17.703
2011,HND,TAX_REV,S13,T_2000,_T,PT_B1GQ,A,2.076
2012,HND,TAX_REV,S13,T_2000,_T,PT_B1GQ,A,3.004
2012,HND,TAX_REV,S13,_T,_T,PT_B1GQ,A,18.313
2012,HND,TAX_REV,S13,T_5000,_T,PT_B1GQ,A,9.393
2012,HND,TAX_REV,S13,T_1000,_T,PT_B1GQ,A,4.79
2012,HND,TAX_REV,S13,T_4000,_T,PT_B1GQ,A,0.337
2013,HND,TAX_REV,S13,T_4000,_T,PT_B1GQ,A,0.384
2013,HND,TAX_REV,S13,T_1000,_T,PT_B1GQ,A,5.143
2013,HND,TAX_REV,S13,T_5000,_T,PT_B1GQ,A,9.243
2013,HND,TAX_REV,S13,_T,_T,PT_B1GQ,A,18.909
2013,HND,TAX_REV,S13,T_2000,_T,PT_B1GQ,A,3.328
2014,HND,TAX_REV,S13,T_2000,_T,PT_B1GQ,A,3.007
2014,HND,TAX_REV,S13,_T,_T,PT_B1GQ,A,19.922
2014,HND,TAX_REV,S13,T_5000,_T,PT_B1GQ,A,10.395
2014,HND,TAX_REV,S13,T_1000,_T,PT_B1GQ,A,5.148
2014,HND,TAX_REV,S13,T_4000,_T,PT_B1GQ,A,0.555
2015,HND,TAX_REV,S13,T_4000,_T,PT_B1GQ,A,0.572
2015,HND,TAX_REV,S13,T_1000,_T,PT_B1GQ,A,5.431
2015,HND,TAX_REV,S13,T_5000,_T,PT_B1GQ,A,10.866
2015,HND,TAX_REV,S13,_T,_T,PT_B1GQ,A,20.569
2015,HND,TAX_REV,S13,T_2000,_T,PT_B1GQ,A,2.937
2016,HND,TAX_REV,S13,T_2000,_T,PT_B1GQ,A,3.136
2016,HND,TAX_REV,S13,_T,_T,PT_B1GQ,A,22.227
2016,HND,TAX_REV,S13,T_5000,_T,PT_B1GQ,A,11.366
2016,HND,TAX_REV,S13,T_1000,_T,PT_B1GQ,A,5.965
2016,HND,TAX_REV,S13,T_4000,_T,PT_B1GQ,A,0.55
2017,HND,TAX_REV,S13,T_4000,_T,PT_B1GQ,A,0.561
2017,HND,TAX_REV,S13,T_1000,_T,PT_B1GQ,A,6.083
2017,HND,TAX_REV,S13,T_5000,_T,PT_B1GQ,A,11.148
2017,HND,TAX_REV,S13,_T,_T,PT_B1GQ,A,21.652
2017,HND,TAX_REV,S13,T_2000,_T,PT_B1GQ,A,3.296
2018,HND,TAX_REV,S13,T_2000,_T,PT_B1GQ,A,3.355
2018,HND,TAX_REV,S13,_T,_T,PT_B1GQ,A,21.913
2018,HND,TAX_REV,S13,T_5000,_T,PT_B1GQ,A,11.128
2018,HND,TAX_REV,S13,T_1000,_T,PT_B1GQ,A,6.27
2018,HND,TAX_REV,S13,T_4000,_T,PT_B1GQ,A,0.564
2019,HND,TAX_REV,S13,T_4000,_T,PT_B1GQ,A,0.562
2019,HND,TAX_REV,S13,T_1000,_T,PT_B1GQ,A,5.663
2019,HND,TAX_REV,S13,T_5000,_T,PT_B1GQ,A,10.944
2019,HND,TAX_REV,S13,_T,_T,PT_B1GQ,A,21.645
2019,HND,TAX_REV,S13,T_2000,_T,PT_B1GQ,A,3.455
2020,HND,TAX_REV,S13,T_2000,_T,PT_B1GQ,A,4.031
2020,HND,TAX_REV,S13,_T,_T,PT_B1GQ,A,19.589
2020,HND,TAX_REV,S13,T_5000,_T,PT_B1GQ,A,9.672
2020,HND,TAX_REV,S13,T_1000,_T,PT_B1GQ,A,4.457
2020,HND,TAX_REV,S13,T_4000,_T,PT_B1GQ,A,0.515
2021,HND,TAX_REV,S13,T_4000,_T,PT_B1GQ,A,0.609
2021,HND,TAX_REV,S13,T_1000,_T,PT_B1GQ,A,5.209
2021,HND,TAX_REV,S13,T_5000,_T,PT_B1GQ,A,11.217
2021,HND,TAX_REV,S13,_T,_T,PT_B1GQ,A,21.462
2021,HND,TAX_REV,S13,T_2000,_T,PT_B1GQ,A,3.55
2022,HND,TAX_REV,S13,T_2000,_T,PT_B1GQ,A,3.286
2022,HND,TAX_REV,S13,_T,_T,PT_B1GQ,A,21.589
2022,HND,TAX_REV,S13,T_5000,_T,PT_B1GQ,A,10.465
2022,HND,TAX_REV,S13,T_1000,_T,PT_B1GQ,A,6.275
2022,HND,TAX_REV,S13,T_4000,_T,PT_B1GQ,A,0.634
2023,HND,TAX_REV,S13,T_4000,_T,PT_B1GQ,A,0.657
2023,HND,TAX_REV,S13,T_1000,_T,PT_B1GQ,A,5.719
2023,HND,TAX_REV,S13,T_5000,_T,PT_B1GQ,A,10.698
2023,HND,TAX_REV,S13,_T,_T,PT_B1GQ,A,20.995
2023,HND,TAX_REV,S13,T_2000,_T,PT_B1GQ,A,3.066
1992,MLI,TAX_REV,S13,T_5000,_T,PT_B1GQ,A,6.067
1992,MLI,TAX_REV,S13,T_1000,_T,PT_B1GQ,A,1.388
1992,MLI,TAX_REV,S13,_T,_T,PT_B1GQ,A,8.811
1992,MLI,TAX_REV,S13,T_4000,_T,PT_B1GQ,A,0.111
1992,MLI,TAX_REV,S13,T_2000,_T,PT_B1GQ,A,0.743
1993,MLI,TAX_REV,S13,T_2000,_T,PT_B1GQ,A,0.774
1993,MLI,TAX_REV,S13,T_4000,_T,PT_B1GQ,A,0.153
1993,MLI,TAX_REV,S13,_T,_T,PT_B1GQ,A,8.718
1993,MLI,TAX_REV,S13,T_1000,_T,PT_B1GQ,A,1.25
1993,MLI,TAX_REV,S13,T_5000,_T,PT_B1GQ,A,6.074
1994,MLI,TAX_REV,S13,T_5000,_T,PT_B1GQ,A,4.848
1994,MLI,TAX_REV,S13,T_1000,_T,PT_B1GQ,A,1.091
1994,MLI,TAX_REV,S13,_T,_T,PT_B1GQ,A,7.169
1994,MLI,TAX_REV,S13,T_4000,_T,PT_B1GQ,A,0.144
1994,MLI,TAX_REV,S13,T_2000,_T,PT_B1GQ,A,0.585
1995,MLI,TAX_REV,S13,T_2000,_T,PT_B1GQ,A,0.798
1995,MLI,TAX_REV,S13,T_4000,_T,PT_B1GQ,A,0.165
1995,MLI,TAX_REV,S13,_T,_T,PT_B1GQ,A,7.527
1995,MLI,TAX_REV,S13,T_1000,_T,PT_B1GQ,A,1.6
1995,MLI,TAX_REV,S13,T_5000,_T,PT_B1GQ,A,4.467
1996,MLI,TAX_REV,S13,T_5000,_T,PT_B1GQ,A,6.884
1996,MLI,TAX_REV,S13,T_1000,_T,PT_B1GQ,A,1.951
1996,MLI,TAX_REV,S13,_T,_T,PT_B1GQ,A,10.547
1996,MLI,TAX_REV,S13,T_4000,_T,PT_B1GQ,A,0.325
1996,MLI,TAX_REV,S13,T_2000,_T,PT_B1GQ,A,0.732
1997,MLI,TAX_REV,S13,T_2000,_T,PT_B1GQ,A,0.715
1997,MLI,TAX_REV,S13,T_4000,_T,PT_B1GQ,A,0.225
1997,MLI,TAX_REV,S13,_T,_T,PT_B1GQ,A,10.979
1997,MLI,TAX_REV,S13,T_1000,_T,PT_B1GQ,A,1.77
1997,MLI,TAX_REV,S13,T_5000,_T,PT_B1GQ,A,7.622
1998,MLI,TAX_REV,S13,T_5000,_T,PT_B1GQ,A,8.059
1998,MLI,TAX_REV,S13,T_1000,_T,PT_B1GQ,A,2.189
1998,MLI,TAX_REV,S13,_T,_T,PT_B1GQ,A,11.749
1998,MLI,TAX_REV,S13,T_4000,_T,PT_B1GQ,A,0.163
1998,MLI,TAX_REV,S13,T_2000,_T,PT_B1GQ,A,0.719
1999,MLI,TAX_REV,S13,T_2000,_T,PT_B1GQ,A,0.809
1999,MLI,TAX_REV,S13,T_4000,_T,PT_B1GQ,A,0.226
1999,MLI,TAX_REV,S13,_T,_T,PT_B1GQ,A,11.483
1999,MLI,TAX_REV,S13,T_1000,_T,PT_B1GQ,A,1.63
1999,MLI,TAX_REV,S13,T_5000,_T,PT_B1GQ,A,8.21
2000,MLI,TAX_REV,S13,T_5000,_T,PT_B1GQ,A,8.191
2000,MLI,TAX_REV,S13,T_1000,_T,PT_B1GQ,A,1.65
2000,MLI,TAX_REV,S13,_T,_T,PT_B1GQ,A,11.38
2000,MLI,TAX_REV,S13,T_4000,_T,PT_B1GQ,A,0.15
2000,MLI,TAX_REV,S13,T_2000,_T,PT_B1GQ,A,0.877
2001,MLI,TAX_REV,S13,T_2000,_T,PT_B1GQ,A,0.869
2001,MLI,TAX_REV,S13,T_4000,_T,PT_B1GQ,A,0.172
2001,MLI,TAX_REV,S13,_T,_T,PT_B1GQ,A,11.351
2001,MLI,TAX_REV,S13,T_1000,_T,PT_B1GQ,A,1.444
2001,MLI,TAX_REV,S13,T_5000,_T,PT_B1GQ,A,8.356
2002,MLI,TAX_REV,S13,T_5000,_T,PT_B1GQ,A,9.113
2002,MLI,TAX_REV,S13,T_1000,_T,PT_B1GQ,A,1.561
2002,MLI,TAX_REV,S13,_T,_T,PT_B1GQ,A,12.251
2002,MLI,TAX_REV,S13,T_4000,_T,PT_B1GQ,A,0.186
2002,MLI,TAX_REV,S13,T_2000,_T,PT_B1GQ,A,0.924
2003,MLI,TAX_REV,S13,T_2000,_T,PT_B1GQ,A,1.037
2003,MLI,TAX_REV,S13,T_4000,_T,PT_B1GQ,A,0.211
2003,MLI,TAX_REV,S13,_T,_T,PT_B1GQ,A,13.856
2003,MLI,TAX_REV,S13,T_1000,_T,PT_B1GQ,A,2.396
2003,MLI,TAX_REV,S13,T_5000,_T,PT_B1GQ,A,9.502
2004,MLI,TAX_REV,S13,T_5000,_T,PT_B1GQ,A,10.576
2004,MLI,TAX_REV,S13,T_1000,_T,PT_B1GQ,A,2.115
2004,MLI,TAX_REV,S13,_T,_T,PT_B1GQ,A,14.94
2004,MLI,TAX_REV,S13,T_4000,_T,PT_B1GQ,A,0.261
2004,MLI,TAX_REV,S13,T_2000,_T,PT_B1GQ,A,1.379
2005,MLI,TAX_REV,S13,T_2000,_T,PT_B1GQ,A,1.381
2005,MLI,TAX_REV,S13,T_4000,_T,PT_B1GQ,A,0.24
2005,MLI,TAX_REV,S13,_T,_T,PT_B1GQ,A,14.474
2005,MLI,TAX_REV,S13,T_1000,_T,PT_B1GQ,A,2.398
2005,MLI,TAX_REV,S13,T_5000,_T,PT_B1GQ,A,9.974
2006,MLI,TAX_REV,S13,T_5000,_T,PT_B1GQ,A,9.324
2006,MLI,TAX_REV,S13,T_1000,_T,PT_B1GQ,A,2.347
2006,MLI,TAX_REV,S13,_T,_T,PT_B1GQ,A,14.15
2006,MLI,TAX_REV,S13,T_4000,_T,PT_B1GQ,A,0.233
2006,MLI,TAX_REV,S13,T_2000,_T,PT_B1GQ,A,1.418
2007,MLI,TAX_REV,S13,T_2000,_T,PT_B1GQ,A,1.48
2007,MLI,TAX_REV,S13,T_4000,_T,PT_B1GQ,A,0.252
2007,MLI,TAX_REV,S13,_T,_T,PT_B1GQ,A,14.291
2007,MLI,TAX_REV,S13,T_1000,_T,PT_B1GQ,A,3.303
2007,MLI,TAX_REV,S13,T_5000,_T,PT_B1GQ,A,8.615
2008,MLI,TAX_REV,S13,T_5000,_T,PT_B1GQ,A,7.884
2008,MLI,TAX_REV,S13,T_1000,_T,PT_B1GQ,A,3.044
2008,MLI,TAX_REV,S13,_T,_T,PT_B1GQ,A,13.302
2008,MLI,TAX_REV,S13,T_4000,_T,PT_B1GQ,A,0.206
2008,MLI,TAX_REV,S13,T_2000,_T,PT_B1GQ,A,1.481
2009,MLI,TAX_REV,S13,T_2000,_T,PT_B1GQ,A,1.531
2009,MLI,TAX_REV,S13,T_4000,_T,PT_B1GQ,A,0.195
2009,MLI,TAX_REV,S13,_T,_T,PT_B1GQ,A,14.353
2009,MLI,TAX_REV,S13,T_1000,_T,PT_B1GQ,A,3.19
2009,MLI,TAX_REV,S13,T_5000,_T,PT_B1GQ,A,8.754
2010,MLI,TAX_REV,S13,T_5000,_T,PT_B1GQ,A,8.545
2010,MLI,TAX_REV,S13,T_1000,_T,PT_B1GQ,A,3.493
2010,MLI,TAX_REV,S13,_T,_T,PT_B1GQ,A,14.147
2010,MLI,TAX_REV,S13,T_4000,_T,PT_B1GQ,A,0.228
2010,MLI,TAX_REV,S13,T_2000,_T,PT_B1GQ,A,1.392
2011,MLI,TAX_REV,S13,T_2000,_T,PT_B1GQ,A,1.684
2011,MLI,TAX_REV,S13,T_4000,_T,PT_B1GQ,A,0.229
2011,MLI,TAX_REV,S13,_T,_T,PT_B1GQ,A,13.985
2011,MLI,TAX_REV,S13,T_1000,_T,PT_B1GQ,A,3.175
2011,MLI,TAX_REV,S13,T_5000,_T,PT_B1GQ,A,8.317
2012,MLI,TAX_REV,S13,T_5000,_T,PT_B1GQ,A,8.115
2012,MLI,TAX_REV,S13,T_1000,_T,PT_B1GQ,A,3.569
2012,MLI,TAX_REV,S13,_T,_T,PT_B1GQ,A,14.212
2012,MLI,TAX_REV,S13,T_4000,_T,PT_B1GQ,A,0.154
2012,MLI,TAX_REV,S13,T_2000,_T,PT_B1GQ,A,1.681
2013,MLI,TAX_REV,S13,T_2000,_T,PT_B1GQ,A,1.691
2013,MLI,TAX_REV,S13,T_4000,_T,PT_B1GQ,A,0.19
2013,MLI,TAX_REV,S13,_T,_T,PT_B1GQ,A,14.521
2013,MLI,TAX_REV,S13,T_1000,_T,PT_B1GQ,A,3.532
2013,MLI,TAX_REV,S13,T_5000,_T,PT_B1GQ,A,8.487
2014,MLI,TAX_REV,S13,T_5000,_T,PT_B1GQ,A,7.365
2014,MLI,TAX_REV,S13,T_1000,_T,PT_B1GQ,A,4.183
2014,MLI,TAX_REV,S13,_T,_T,PT_B1GQ,A,14.176
2014,MLI,TAX_REV,S13,T_4000,_T,PT_B1GQ,A,0.233
2014,MLI,TAX_REV,S13,T_2000,_T,PT_B1GQ,A,1.797
2015,MLI,TAX_REV,S13,T_2000,_T,PT_B1GQ,A,1.924
2015,MLI,TAX_REV,S13,T_4000,_T,PT_B1GQ,A,0.231
2015,MLI,TAX_REV,S13,_T,_T,PT_B1GQ,A,15.582
2015,MLI,TAX_REV,S13,T_1000,_T,PT_B1GQ,A,3.824
2015,MLI,TAX_REV,S13,T_5000,_T,PT_B1GQ,A,8.905
2016,MLI,TAX_REV,S13,T_5000,_T,PT_B1GQ,A,9.758
2016,MLI,TAX_REV,S13,T_1000,_T,PT_B1GQ,A,3.935
2016,MLI,TAX_REV,S13,_T,_T,PT_B1GQ,A,16.948
2016,MLI,TAX_REV,S13,T_4000,_T,PT_B1GQ,A,0.343
2016,MLI,TAX_REV,S13,T_2000,_T,PT_B1GQ,A,2.297
2017,MLI,TAX_REV,S13,T_2000,_T,PT_B1GQ,A,2.29
2017,MLI,TAX_REV,S13,T_4000,_T,PT_B1GQ,A,0.361
2017,MLI,TAX_REV,S13,_T,_T,PT_B1GQ,A,17.259
2017,MLI,TAX_REV,S13,T_1000,_T,PT_B1GQ,A,4.384
2017,MLI,TAX_REV,S13,T_5000,_T,PT_B1GQ,A,9.799
2018,MLI,TAX_REV,S13,T_5000,_T,PT_B1GQ,A,7.688
2018,MLI,TAX_REV,S13,T_1000,_T,PT_B1GQ,A,3.309
2018,MLI,TAX_REV,S13,_T,_T,PT_B1GQ,A,13.823
2018,MLI,TAX_REV,S13,T_4000,_T,PT_B1GQ,A,0.278
2018,MLI,TAX_REV,S13,T_2000,_T,PT_B1GQ,A,2.166
2019,MLI,TAX_REV,S13,T_2000,_T,PT_B1GQ,A,2.936
2019,MLI,TAX_REV,S13,T_4000,_T,PT_B1GQ,A,0.305
2019,MLI,TAX_REV,S13,_T,_T,PT_B1GQ,A,18.106
2019,MLI,TAX_REV,S13,T_1000,_T,PT_B1GQ,A,4.05
2019,MLI,TAX_REV,S13,T_5000,_T,PT_B1GQ,A,9.773
2020,MLI,TAX_REV,S13,T_5000,_T,PT_B1GQ,A,9.149
2020,MLI,TAX_REV,S13,T_1000,_T,PT_B1GQ,A,4.89
2020,MLI,TAX_REV,S13,_T,_T,PT_B1GQ,A,18.608
2020,MLI,TAX_REV,S13,T_4000,_T,PT_B1GQ,A,0.271
2020,MLI,TAX_REV,S13,T_2000,_T,PT_B1GQ,A,3.287
2021,MLI,TAX_REV,S13,T_2000,_T,PT_B1GQ,A,3.678
2021,MLI,TAX_REV,S13,T_4000,_T,PT_B1GQ,A,0.281
2021,MLI,TAX_REV,S13,_T,_T,PT_B1GQ,A,19.839
2021,MLI,TAX_REV,S13,T_1000,_T,PT_B1GQ,A,4.792
2021,MLI,TAX_REV,S13,T_5000,_T,PT_B1GQ,A,10.241
2022,MLI,TAX_REV,S13,T_5000,_T,PT_B1GQ,A,8.425
2022,MLI,TAX_REV,S13,T_1000,_T,PT_B1GQ,A,4.541
2022,MLI,TAX_REV,S13,_T,_T,PT_B1GQ,A,17.917
2022,MLI,TAX_REV,S13,T_4000,_T,PT_B1GQ,A,0.251
2022,MLI,TAX_REV,S13,T_2000,_T,PT_B1GQ,A,3.952
1995,MLT,TAX_REV,S13,T_1000,_T,PT_B1GQ,A,8.31
1995,MLT,TAX_REV,S13,T_4000,_T,PT_B1GQ,A,1.073
1995,MLT,TAX_REV,S13,T_2000,_T,PT_B1GQ,A,6.433
1995,MLT,TAX_REV,S13,_T,_T,PT_B1GQ,A,28.279
1995,MLT,TAX_REV,S13,T_5000,_T,PT_B1GQ,A,12.442
1996,MLT,TAX_REV,S13,T_5000,_T,PT_B1GQ,A,11.683
1996,MLT,TAX_REV,S13,_T,_T,PT_B1GQ,A,25.726
1996,MLT,TAX_REV,S13,T_2000,_T,PT_B1GQ,A,6.333
1996,MLT,TAX_REV,S13,T_4000,_T,PT_B1GQ,A,0.96
1996,MLT,TAX_REV,S13,T_1000,_T,PT_B1GQ,A,6.751
1997,MLT,TAX_REV,S13,T_1000,_T,PT_B1GQ,A,7.69
1997,MLT,TAX_REV,S13,T_4000,_T,PT_B1GQ,A,0.886
1997,MLT,TAX_REV,S13,T_2000,_T,PT_B1GQ,A,6.435
1997,MLT,TAX_REV,S13,_T,_T,PT_B1GQ,A,26.846
1997,MLT,TAX_REV,S13,T_5000,_T,PT_B1GQ,A,11.834
1998,MLT,TAX_REV,S13,T_5000,_T,PT_B1GQ,A,10.826
1998,MLT,TAX_REV,S13,_T,_T,PT_B1GQ,A,24.548
1998,MLT,TAX_REV,S13,T_2000,_T,PT_B1GQ,A,5.99
1998,MLT,TAX_REV,S13,T_4000,_T,PT_B1GQ,A,0.813
1998,MLT,TAX_REV,S13,T_1000,_T,PT_B1GQ,A,6.918
1999,MLT,TAX_REV,S13,T_1000,_T,PT_B1GQ,A,7.832
1999,MLT,TAX_REV,S13,T_4000,_T,PT_B1GQ,A,0.768
1999,MLT,TAX_REV,S13,T_2000,_T,PT_B1GQ,A,5.959
1999,MLT,TAX_REV,S13,_T,_T,PT_B1GQ,A,26.279
1999,MLT,TAX_REV,S13,T_5000,_T,PT_B1GQ,A,11.72
2000,MLT,TAX_REV,S13,T_5000,_T,PT_B1GQ,A,11.222
2000,MLT,TAX_REV,S13,_T,_T,PT_B1GQ,A,25.671
2000,MLT,TAX_REV,S13,T_2000,_T,PT_B1GQ,A,5.902
2000,MLT,TAX_REV,S13,T_4000,_T,PT_B1GQ,A,0.717
2000,MLT,TAX_REV,S13,T_1000,_T,PT_B1GQ,A,7.829
2001,MLT,TAX_REV,S13,T_1000,_T,PT_B1GQ,A,8.359
2001,MLT,TAX_REV,S13,T_4000,_T,PT_B1GQ,A,0.796
2001,MLT,TAX_REV,S13,T_2000,_T,PT_B1GQ,A,6.021
2001,MLT,TAX_REV,S13,_T,_T,PT_B1GQ,A,26.808
2001,MLT,TAX_REV,S13,T_5000,_T,PT_B1GQ,A,11.632
2002,MLT,TAX_REV,S13,T_5000,_T,PT_B1GQ,A,11.857
2002,MLT,TAX_REV,S13,_T,_T,PT_B1GQ,A,28.013
2002,MLT,TAX_REV,S13,T_2000,_T,PT_B1GQ,A,5.995
2002,MLT,TAX_REV,S13,T_4000,_T,PT_B1GQ,A,1.028
2002,MLT,TAX_REV,S13,T_1000,_T,PT_B1GQ,A,9.133
2003,MLT,TAX_REV,S13,T_1000,_T,PT_B1GQ,A,9.961
2003,MLT,TAX_REV,S13,T_4000,_T,PT_B1GQ,A,1.081
2003,MLT,TAX_REV,S13,T_2000,_T,PT_B1GQ,A,6.005
2003,MLT,TAX_REV,S13,_T,_T,PT_B1GQ,A,29.119
2003,MLT,TAX_REV,S13,T_5000,_T,PT_B1GQ,A,12.071
2004,MLT,TAX_REV,S13,T_5000,_T,PT_B1GQ,A,12.457
2004,MLT,TAX_REV,S13,_T,_T,PT_B1GQ,A,29.555
2004,MLT,TAX_REV,S13,T_2000,_T,PT_B1GQ,A,5.968
2004,MLT,TAX_REV,S13,T_4000,_T,PT_B1GQ,A,1.512
2004,MLT,TAX_REV,S13,T_1000,_T,PT_B1GQ,A,9.618
2005,MLT,TAX_REV,S13,T_1000,_T,PT_B1GQ,A,10.067
2005,MLT,TAX_REV,S13,T_4000,_T,PT_B1GQ,A,1.51
2005,MLT,TAX_REV,S13,T_2000,_T,PT_B1GQ,A,5.971
2005,MLT,TAX_REV,S13,_T,_T,PT_B1GQ,A,31.596
2005,MLT,TAX_REV,S13,T_5000,_T,PT_B1GQ,A,14.048
2006,MLT,TAX_REV,S13,T_5000,_T,PT_B1GQ,A,13.771
2006,MLT,TAX_REV,S13,_T,_T,PT_B1GQ,A,31.892
2006,MLT,TAX_REV,S13,T_2000,_T,PT_B1GQ,A,5.848
2006,MLT,TAX_REV,S13,T_4000,_T,PT_B1GQ,A,1.467
2006,MLT,TAX_REV,S13,T_1000,_T,PT_B1GQ,A,10.805
2007,MLT,TAX_REV,S13,T_1000,_T,PT_B1GQ,A,11.913
2007,MLT,TAX_REV,S13,T_4000,_T,PT_B1GQ,A,1.559
2007,MLT,TAX_REV,S13,T_2000,_T,PT_B1GQ,A,5.572
2007,MLT,TAX_REV,S13,_T,_T,PT_B1GQ,A,32.659
2007,MLT,TAX_REV,S13,T_5000,_T,PT_B1GQ,A,13.615
2008,MLT,TAX_REV,S13,T_5000,_T,PT_B1GQ,A,13.174
2008,MLT,TAX_REV,S13,_T,_T,PT_B1GQ,A,31.483
2008,MLT,TAX_REV,S13,T_2000,_T,PT_B1GQ,A,5.637
2008,MLT,TAX_REV,S13,T_4000,_T,PT_B1GQ,A,1.218
2008,MLT,TAX_REV,S13,T_1000,_T,PT_B1GQ,A,11.455
2009,MLT,TAX_REV,S13,T_1000,_T,PT_B1GQ,A,12.038
2009,MLT,TAX_REV,S13,T_4000,_T,PT_B1GQ,A,1.007
2009,MLT,TAX_REV,S13,T_2000,_T,PT_B1GQ,A,5.592
2009,MLT,TAX_REV,S13,_T,_T,PT_B1GQ,A,31.637
2009,MLT,TAX_REV,S13,T_5000,_T,PT_B1GQ,A,13.0
2010,MLT,TAX_REV,S13,T_5000,_T,PT_B1GQ,A,13.127
2010,MLT,TAX_REV,S13,_T,_T,PT_B1GQ,A,30.691
2010,MLT,TAX_REV,S13,T_2000,_T,PT_B1GQ,A,5.399
2010,MLT,TAX_REV,S13,T_4000,_T,PT_B1GQ,A,0.957
2010,MLT,TAX_REV,S13,T_1000,_T,PT_B1GQ,A,11.207
2011,MLT,TAX_REV,S13,T_1000,_T,PT_B1GQ,A,11.5
2011,MLT,TAX_REV,S13,T_4000,_T,PT_B1GQ,A,0.967
2011,MLT,TAX_REV,S13,T_2000,_T,PT_B1GQ,A,5.671
2011,MLT,TAX_REV,S13,_T,_T,PT_B1GQ,A,31.219
2011,MLT,TAX_REV,S13,T_5000,_T,PT_B1GQ,A,13.08
2012,MLT,TAX_REV,S13,T_5000,_T,PT_B1GQ,A,12.608
2012,MLT,TAX_REV,S13,_T,_T,PT_B1GQ,A,30.99
2012,MLT,TAX_REV,S13,T_2000,_T,PT_B1GQ,A,5.51
2012,MLT,TAX_REV,S13,T_4000,_T,PT_B1GQ,A,0.931
2012,MLT,TAX_REV,S13,T_1000,_T,PT_B1GQ,A,11.942
2013,MLT,TAX_REV,S13,T_1000,_T,PT_B1GQ,A,12.291
2013,MLT,TAX_REV,S13,T_4000,_T,PT_B1GQ,A,0.838
2013,MLT,TAX_REV,S13,T_2000,_T,PT_B1GQ,A,5.332
2013,MLT,TAX_REV,S13,_T,_T,PT_B1GQ,A,30.576
2013,MLT,TAX_REV,S13,T_5000,_T,PT_B1GQ,A,12.115
2014,MLT,TAX_REV,S13,T_5000,_T,PT_B1GQ,A,12.861
2014,MLT,TAX_REV,S13,_T,_T,PT_B1GQ,A,30.868
2014,MLT,TAX_REV,S13,T_2000,_T,PT_B1GQ,A,5.183
2014,MLT,TAX_REV,S13,T_4000,_T,PT_B1GQ,A,0.835
2014,MLT,TAX_REV,S13,T_1000,_T,PT_B1GQ,A,11.989
2015,MLT,TAX_REV,S13,T_1000,_T,PT_B1GQ,A,11.564
2015,MLT,TAX_REV,S13,T_4000,_T,PT_B1GQ,A,0.932
2015,MLT,TAX_REV,S13,T_2000,_T,PT_B1GQ,A,4.885
2015,MLT,TAX_REV,S13,_T,_T,PT_B1GQ,A,29.391
2015,MLT,TAX_REV,S13,T_5000,_T,PT_B1GQ,A,12.01
2016,MLT,TAX_REV,S13,T_5000,_T,PT_B1GQ,A,13.16
2016,MLT,TAX_REV,S13,_T,_T,PT_B1GQ,A,31.421
2016,MLT,TAX_REV,S13,T_2000,_T,PT_B1GQ,A,4.972
2016,MLT,TAX_REV,S13,T_4000,_T,PT_B1GQ,A,1.065
2016,MLT,TAX_REV,S13,T_1000,_T,PT_B1GQ,A,12.224
2017,MLT,TAX_REV,S13,T_1000,_T,PT_B1GQ,A,12.053
2017,MLT,TAX_REV,S13,T_4000,_T,PT_B1GQ,A,1.017
2017,MLT,TAX_REV,S13,T_2000,_T,PT_B1GQ,A,4.732
2017,MLT,TAX_REV,S13,_T,_T,PT_B1GQ,A,30.881
2017,MLT,TAX_REV,S13,T_5000,_T,PT_B1GQ,A,13.079
2018,MLT,TAX_REV,S13,T_5000,_T,PT_B1GQ,A,12.544
2018,MLT,TAX_REV,S13,_T,_T,PT_B1GQ,A,30.358
2018,MLT,TAX_REV,S13,T_2000,_T,PT_B1GQ,A,4.806
2018,MLT,TAX_REV,S13,T_4000,_T,PT_B1GQ,A,1.202
2018,MLT,TAX_REV,S13,T_1000,_T,PT_B1GQ,A,11.806
2019,MLT,TAX_REV,S13,T_1000,_T,PT_B1GQ,A,12.247
2019,MLT,TAX_REV,S13,T_4000,_T,PT_B1GQ,A,1.091
2019,MLT,TAX_REV,S13,T_2000,_T,PT_B1GQ,A,4.771
2019,MLT,TAX_REV,S13,_T,_T,PT_B1GQ,A,30.012
2019,MLT,TAX_REV,S13,T_5000,_T,PT_B1GQ,A,11.903
2020,MLT,TAX_REV,S13,T_5000,_T,PT_B1GQ,A,10.602
2020,MLT,TAX_REV,S13,_T,_T,PT_B1GQ,A,27.754
2020,MLT,TAX_REV,S13,T_2000,_T,PT_B1GQ,A,5.112
2020,MLT,TAX_REV,S13,T_4000,_T,PT_B1GQ,A,0.642
2020,MLT,TAX_REV,S13,T_1000,_T,PT_B1GQ,A,11.398
2021,MLT,TAX_REV,S13,T_1000,_T,PT_B1GQ,A,11.912
2021,MLT,TAX_REV,S13,T_4000,_T,PT_B1GQ,A,0.76
2021,MLT,TAX_REV,S13,T_2000,_T,PT_B1GQ,A,4.841
2021,MLT,TAX_REV,S13,_T,_T,PT_B1GQ,A,27.419
2021,MLT,TAX_REV,S13,T_5000,_T,PT_B1GQ,A,9.906
2022,MLT,TAX_REV,S13,T_5000,_T,PT_B1GQ,A,10.052
2022,MLT,TAX_REV,S13,_T,_T,PT_B1GQ,A,27.649
2022,MLT,TAX_REV,S13,T_2000,_T,PT_B1GQ,A,4.839
2022,MLT,TAX_REV,S13,T_4000,_T,PT_B1GQ,A,0.758
2022,MLT,TAX_REV,S13,T_1000,_T,PT_B1GQ,A,12.001
2023,MLT,TAX_REV,S13,T_1000,_T,PT_B1GQ,A,11.47
2023,MLT,TAX_REV,S13,T_4000,_T,PT_B1GQ,A,0.831
2023,MLT,TAX_REV,S13,T_2000,_T,PT_B1GQ,A,4.646
2023,MLT,TAX_REV,S13,_T,_T,PT_B1GQ,A,26.527
2023,MLT,TAX_REV,S13,T_5000,_T,PT_B1GQ,A,9.579
1990,GTM,TAX_REV,S13,_T,_T,PT_B1GQ,A,7.873
1990,GTM,TAX_REV,S13,T_5000,_T,PT_B1GQ,A,4.623
1990,GTM,TAX_REV,S13,T_4000,_T,PT_B1GQ,A,0.443
1990,GTM,TAX_REV,S13,T_1000,_T,PT_B1GQ,A,1.508
1990,GTM,TAX_REV,S13,T_2000,_T,PT_B1GQ,A,1.298
1991,GTM,TAX_REV,S13,T_2000,_T,PT_B1GQ,A,1.219
1991,GTM,TAX_REV,S13,T_1000,_T,PT_B1GQ,A,2.168
1991,GTM,TAX_REV,S13,T_4000,_T,PT_B1GQ,A,0.491
1991,GTM,TAX_REV,S13,T_5000,_T,PT_B1GQ,A,4.689
1991,GTM,TAX_REV,S13,_T,_T,PT_B1GQ,A,8.567
1992,GTM,TAX_REV,S13,_T,_T,PT_B1GQ,A,9.761
1992,GTM,TAX_REV,S13,T_5000,_T,PT_B1GQ,A,6.124
1992,GTM,TAX_REV,S13,T_4000,_T,PT_B1GQ,A,0.436
1992,GTM,TAX_REV,S13,T_1000,_T,PT_B1GQ,A,1.837
1992,GTM,TAX_REV,S13,T_2000,_T,PT_B1GQ,A,1.363
1993,GTM,TAX_REV,S13,T_2000,_T,PT_B1GQ,A,1.455
1993,GTM,TAX_REV,S13,T_1000,_T,PT_B1GQ,A,1.906
1993,GTM,TAX_REV,S13,T_4000,_T,PT_B1GQ,A,0.32
1993,GTM,TAX_REV,S13,T_5000,_T,PT_B1GQ,A,5.952
1993,GTM,TAX_REV,S13,_T,_T,PT_B1GQ,A,9.633
1994,GTM,TAX_REV,S13,_T,_T,PT_B1GQ,A,8.494
1994,GTM,TAX_REV,S13,T_5000,_T,PT_B1GQ,A,5.555
1994,GTM,TAX_REV,S13,T_4000,_T,PT_B1GQ,A,0.312
1994,GTM,TAX_REV,S13,T_1000,_T,PT_B1GQ,A,1.182
1994,GTM,TAX_REV,S13,T_2000,_T,PT_B1GQ,A,1.445
1995,GTM,TAX_REV,S13,T_2000,_T,PT_B1GQ,A,1.54
1995,GTM,TAX_REV,S13,T_1000,_T,PT_B1GQ,A,1.673
1995,GTM,TAX_REV,S13,T_4000,_T,PT_B1GQ,A,0.341
1995,GTM,TAX_REV,S13,T_5000,_T,PT_B1GQ,A,6.201
1995,GTM,TAX_REV,S13,_T,_T,PT_B1GQ,A,9.756
1996,GTM,TAX_REV,S13,_T,_T,PT_B1GQ,A,10.596
1996,GTM,TAX_REV,S13,T_5000,_T,PT_B1GQ,A,6.552
1996,GTM,TAX_REV,S13,T_4000,_T,PT_B1GQ,A,0.307
1996,GTM,TAX_REV,S13,T_1000,_T,PT_B1GQ,A,1.633
1996,GTM,TAX_REV,S13,T_2000,_T,PT_B1GQ,A,1.559
1997,GTM,TAX_REV,S13,T_2000,_T,PT_B1GQ,A,1.55
1997,GTM,TAX_REV,S13,T_1000,_T,PT_B1GQ,A,1.227
1997,GTM,TAX_REV,S13,T_4000,_T,PT_B1GQ,A,0.259
1997,GTM,TAX_REV,S13,T_5000,_T,PT_B1GQ,A,6.757
1997,GTM,TAX_REV,S13,_T,_T,PT_B1GQ,A,10.742
1998,GTM,TAX_REV,S13,_T,_T,PT_B1GQ,A,10.842
1998,GTM,TAX_REV,S13,T_5000,_T,PT_B1GQ,A,6.933
1998,GTM,TAX_REV,S13,T_4000,_T,PT_B1GQ,A,0.267
1998,GTM,TAX_REV,S13,T_1000,_T,PT_B1GQ,A,1.978
1998,GTM,TAX_REV,S13,T_2000,_T,PT_B1GQ,A,1.631
1999,GTM,TAX_REV,S13,T_2000,_T,PT_B1GQ,A,1.725
1999,GTM,TAX_REV,S13,T_1000,_T,PT_B1GQ,A,2.259
1999,GTM,TAX_REV,S13,T_4000,_T,PT_B1GQ,A,0.279
1999,GTM,TAX_REV,S13,T_5000,_T,PT_B1GQ,A,7.358
1999,GTM,TAX_REV,S13,_T,_T,PT_B1GQ,A,11.625
2000,GTM,TAX_REV,S13,_T,_T,PT_B1GQ,A,11.749
2000,GTM,TAX_REV,S13,T_5000,_T,PT_B1GQ,A,7.332
2000,GTM,TAX_REV,S13,T_4000,_T,PT_B1GQ,A,0.246
2000,GTM,TAX_REV,S13,T_1000,_T,PT_B1GQ,A,2.34
2000,GTM,TAX_REV,S13,T_2000,_T,PT_B1GQ,A,1.826
2001,GTM,TAX_REV,S13,T_2000,_T,PT_B1GQ,A,1.938
2001,GTM,TAX_REV,S13,T_1000,_T,PT_B1GQ,A,2.623
2001,GTM,TAX_REV,S13,T_4000,_T,PT_B1GQ,A,0.246
2001,GTM,TAX_REV,S13,T_5000,_T,PT_B1GQ,A,7.931
2001,GTM,TAX_REV,S13,_T,_T,PT_B1GQ,A,12.739
2002,GTM,TAX_REV,S13,_T,_T,PT_B1GQ,A,13.684
2002,GTM,TAX_REV,S13,T_5000,_T,PT_B1GQ,A,8.422
2002,GTM,TAX_REV,S13,T_4000,_T,PT_B1GQ,A,0.256
2002,GTM,TAX_REV,S13,T_1000,_T,PT_B1GQ,A,3.124
2002,GTM,TAX_REV,S13,T_2000,_T,PT_B1GQ,A,1.88
2003,GTM,TAX_REV,S13,T_2000,_T,PT_B1GQ,A,1.982
2003,GTM,TAX_REV,S13,T_1000,_T,PT_B1GQ,A,3.016
2003,GTM,TAX_REV,S13,T_4000,_T,PT_B1GQ,A,0.258
2003,GTM,TAX_REV,S13,T_5000,_T,PT_B1GQ,A,8.262
2003,GTM,TAX_REV,S13,_T,_T,PT_B1GQ,A,13.519
2004,GTM,TAX_REV,S13,_T,_T,PT_B1GQ,A,13.432
2004,GTM,TAX_REV,S13,T_5000,_T,PT_B1GQ,A,8.33
2004,GTM,TAX_REV,S13,T_4000,_T,PT_B1GQ,A,0.318
2004,GTM,TAX_REV,S13,T_1000,_T,PT_B1GQ,A,2.175
2004,GTM,TAX_REV,S13,T_2000,_T,PT_B1GQ,A,1.965
2005,GTM,TAX_REV,S13,T_2000,_T,PT_B1GQ,A,1.96
2005,GTM,TAX_REV,S13,T_1000,_T,PT_B1GQ,A,2.119
2005,GTM,TAX_REV,S13,T_4000,_T,PT_B1GQ,A,0.319
2005,GTM,TAX_REV,S13,T_5000,_T,PT_B1GQ,A,7.896
2005,GTM,TAX_REV,S13,_T,_T,PT_B1GQ,A,13.088
2006,GTM,TAX_REV,S13,_T,_T,PT_B1GQ,A,13.846
2006,GTM,TAX_REV,S13,T_5000,_T,PT_B1GQ,A,8.084
2006,GTM,TAX_REV,S13,T_4000,_T,PT_B1GQ,A,0.337
2006,GTM,TAX_REV,S13,T_1000,_T,PT_B1GQ,A,2.37
2006,GTM,TAX_REV,S13,T_2000,_T,PT_B1GQ,A,2.019
2007,GTM,TAX_REV,S13,T_2000,_T,PT_B1GQ,A,1.937
2007,GTM,TAX_REV,S13,T_1000,_T,PT_B1GQ,A,2.524
2007,GTM,TAX_REV,S13,T_4000,_T,PT_B1GQ,A,0.318
2007,GTM,TAX_REV,S13,T_5000,_T,PT_B1GQ,A,8.314
2007,GTM,TAX_REV,S13,_T,_T,PT_B1GQ,A,14.021
2008,GTM,TAX_REV,S13,_T,_T,PT_B1GQ,A,13.022
2008,GTM,TAX_REV,S13,T_5000,_T,PT_B1GQ,A,7.475
2008,GTM,TAX_REV,S13,T_4000,_T,PT_B1GQ,A,0.295
2008,GTM,TAX_REV,S13,T_1000,_T,PT_B1GQ,A,2.488
2008,GTM,TAX_REV,S13,T_2000,_T,PT_B1GQ,A,1.834
2009,GTM,TAX_REV,S13,T_2000,_T,PT_B1GQ,A,1.853
2009,GTM,TAX_REV,S13,T_1000,_T,PT_B1GQ,A,2.338
2009,GTM,TAX_REV,S13,T_4000,_T,PT_B1GQ,A,0.381
2009,GTM,TAX_REV,S13,T_5000,_T,PT_B1GQ,A,6.813
2009,GTM,TAX_REV,S13,_T,_T,PT_B1GQ,A,12.333
2010,GTM,TAX_REV,S13,_T,_T,PT_B1GQ,A,12.47
2010,GTM,TAX_REV,S13,T_5000,_T,PT_B1GQ,A,6.982
2010,GTM,TAX_REV,S13,T_4000,_T,PT_B1GQ,A,0.361
2010,GTM,TAX_REV,S13,T_1000,_T,PT_B1GQ,A,2.325
2010,GTM,TAX_REV,S13,T_2000,_T,PT_B1GQ,A,1.895
2011,GTM,TAX_REV,S13,T_2000,_T,PT_B1GQ,A,1.89
2011,GTM,TAX_REV,S13,T_1000,_T,PT_B1GQ,A,2.715
2011,GTM,TAX_REV,S13,T_4000,_T,PT_B1GQ,A,0.347
2011,GTM,TAX_REV,S13,T_5000,_T,PT_B1GQ,A,6.974
2011,GTM,TAX_REV,S13,_T,_T,PT_B1GQ,A,12.767
2012,GTM,TAX_REV,S13,_T,_T,PT_B1GQ,A,12.888
2012,GTM,TAX_REV,S13,T_5000,_T,PT_B1GQ,A,6.971
2012,GTM,TAX_REV,S13,T_4000,_T,PT_B1GQ,A,0.407
2012,GTM,TAX_REV,S13,T_1000,_T,PT_B1GQ,A,2.684
2012,GTM,TAX_REV,S13,T_2000,_T,PT_B1GQ,A,1.963
2013,GTM,TAX_REV,S13,T_2000,_T,PT_B1GQ,A,2.038
2013,GTM,TAX_REV,S13,T_1000,_T,PT_B1GQ,A,3.069
2013,GTM,TAX_REV,S13,T_4000,_T,PT_B1GQ,A,0.255
2013,GTM,TAX_REV,S13,T_5000,_T,PT_B1GQ,A,6.982
2013,GTM,TAX_REV,S13,_T,_T,PT_B1GQ,A,13.275
2014,GTM,TAX_REV,S13,_T,_T,PT_B1GQ,A,13.227
2014,GTM,TAX_REV,S13,T_5000,_T,PT_B1GQ,A,6.806
2014,GTM,TAX_REV,S13,T_4000,_T,PT_B1GQ,A,0.231
2014,GTM,TAX_REV,S13,T_1000,_T,PT_B1GQ,A,3.177
2014,GTM,TAX_REV,S13,T_2000,_T,PT_B1GQ,A,2.071
2015,GTM,TAX_REV,S13,T_2000,_T,PT_B1GQ,A,2.054
2015,GTM,TAX_REV,S13,T_1000,_T,PT_B1GQ,A,2.863
2015,GTM,TAX_REV,S13,T_4000,_T,PT_B1GQ,A,0.221
2015,GTM,TAX_REV,S13,T_5000,_T,PT_B1GQ,A,6.663
2015,GTM,TAX_REV,S13,_T,_T,PT_B1GQ,A,12.776
2016,GTM,TAX_REV,S13,_T,_T,PT_B1GQ,A,13.227
2016,GTM,TAX_REV,S13,T_5000,_T,PT_B1GQ,A,6.595
2016,GTM,TAX_REV,S13,T_4000,_T,PT_B1GQ,A,0.191
2016,GTM,TAX_REV,S13,T_1000,_T,PT_B1GQ,A,3.287
2016,GTM,TAX_REV,S13,T_2000,_T,PT_B1GQ,A,2.186
2017,GTM,TAX_REV,S13,T_2000,_T,PT_B1GQ,A,2.189
2017,GTM,TAX_REV,S13,T_1000,_T,PT_B1GQ,A,3.098
2017,GTM,TAX_REV,S13,T_4000,_T,PT_B1GQ,A,0.237
2017,GTM,TAX_REV,S13,T_5000,_T,PT_B1GQ,A,6.717
2017,GTM,TAX_REV,S13,_T,_T,PT_B1GQ,A,13.237
2018,GTM,TAX_REV,S13,_T,_T,PT_B1GQ,A,13.15
2018,GTM,TAX_REV,S13,T_5000,_T,PT_B1GQ,A,6.757
2018,GTM,TAX_REV,S13,T_4000,_T,PT_B1GQ,A,0.246
2018,GTM,TAX_REV,S13,T_1000,_T,PT_B1GQ,A,2.945
2018,GTM,TAX_REV,S13,T_2000,_T,PT_B1GQ,A,2.195
2019,GTM,TAX_REV,S13,T_2000,_T,PT_B1GQ,A,2.181
2019,GTM,TAX_REV,S13,T_1000,_T,PT_B1GQ,A,2.879
2019,GTM,TAX_REV,S13,T_4000,_T,PT_B1GQ,A,0.198
2019,GTM,TAX_REV,S13,T_5000,_T,PT_B1GQ,A,6.755
2019,GTM,TAX_REV,S13,_T,_T,PT_B1GQ,A,12.984
2020,GTM,TAX_REV,S13,_T,_T,PT_B1GQ,A,12.419
2020,GTM,TAX_REV,S13,T_5000,_T,PT_B1GQ,A,6.331
2020,GTM,TAX_REV,S13,T_4000,_T,PT_B1GQ,A,0.186
2020,GTM,TAX_REV,S13,T_1000,_T,PT_B1GQ,A,2.791
2020,GTM,TAX_REV,S13,T_2000,_T,PT_B1GQ,A,2.123
2021,GTM,TAX_REV,S13,T_2000,_T,PT_B1GQ,A,2.14
2021,GTM,TAX_REV,S13,T_1000,_T,PT_B1GQ,A,3.482
2021,GTM,TAX_REV,S13,T_4000,_T,PT_B1GQ,A,0.21
2021,GTM,TAX_REV,S13,T_5000,_T,PT_B1GQ,A,7.276
2021,GTM,TAX_REV,S13,_T,_T,PT_B1GQ,A,14.071
2022,GTM,TAX_REV,S13,_T,_T,PT_B1GQ,A,14.302
2022,GTM,TAX_REV,S13,T_5000,_T,PT_B1GQ,A,7.554
2022,GTM,TAX_REV,S13,T_4000,_T,PT_B1GQ,A,0.207
2022,GTM,TAX_REV,S13,T_1000,_T,PT_B1GQ,A,3.463
2022,GTM,TAX_REV,S13,T_2000,_T,PT_B1GQ,A,2.097
2023,GTM,TAX_REV,S13,T_2000,_T,PT_B1GQ,A,2.153
2023,GTM,TAX_REV,S13,T_1000,_T,PT_B1GQ,A,3.471
2023,GTM,TAX_REV,S13,T_4000,_T,PT_B1GQ,A,0.096
2023,GTM,TAX_REV,S13,T_5000,_T,PT_B1GQ,A,7.252
2023,GTM,TAX_REV,S13,_T,_T,PT_B1GQ,A,14.013
1990,JAM,TAX_REV,S13,T_1000,_T,PT_B1GQ,A,9.54
1990,JAM,TAX_REV,S13,T_5000,_T,PT_B1GQ,A,7.402
1990,JAM,TAX_REV,S13,_T,_T,PT_B1GQ,A,20.313
1990,JAM,TAX_REV,S13,T_4000,_T,PT_B1GQ,A,2.531
1991,JAM,TAX_REV,S13,T_4000,_T,PT_B1GQ,A,1.737
1991,JAM,TAX_REV,S13,_T,_T,PT_B1GQ,A,17.854
1991,JAM,TAX_REV,S13,T_5000,_T,PT_B1GQ,A,7.961
1991,JAM,TAX_REV,S13,T_1000,_T,PT_B1GQ,A,7.447
1992,JAM,TAX_REV,S13,T_1000,_T,PT_B1GQ,A,7.23
1992,JAM,TAX_REV,S13,T_5000,_T,PT_B1GQ,A,8.429
1992,JAM,TAX_REV,S13,_T,_T,PT_B1GQ,A,17.467
1992,JAM,TAX_REV,S13,T_4000,_T,PT_B1GQ,A,1.161
1993,JAM,TAX_REV,S13,T_4000,_T,PT_B1GQ,A,1.352
1993,JAM,TAX_REV,S13,_T,_T,PT_B1GQ,A,19.436
1993,JAM,TAX_REV,S13,T_5000,_T,PT_B1GQ,A,10.007
1993,JAM,TAX_REV,S13,T_1000,_T,PT_B1GQ,A,7.316
1994,JAM,TAX_REV,S13,T_1000,_T,PT_B1GQ,A,7.888
1994,JAM,TAX_REV,S13,T_5000,_T,PT_B1GQ,A,9.531
1994,JAM,TAX_REV,S13,_T,_T,PT_B1GQ,A,19.531
1994,JAM,TAX_REV,S13,T_4000,_T,PT_B1GQ,A,1.27
1995,JAM,TAX_REV,S13,T_4000,_T,PT_B1GQ,A,1.202
1995,JAM,TAX_REV,S13,_T,_T,PT_B1GQ,A,20.785
1995,JAM,TAX_REV,S13,T_5000,_T,PT_B1GQ,A,10.854
1995,JAM,TAX_REV,S13,T_1000,_T,PT_B1GQ,A,7.811
1996,JAM,TAX_REV,S13,T_1000,_T,PT_B1GQ,A,7.786
1996,JAM,TAX_REV,S13,T_5000,_T,PT_B1GQ,A,9.833
1996,JAM,TAX_REV,S13,_T,_T,PT_B1GQ,A,19.852
1996,JAM,TAX_REV,S13,T_4000,_T,PT_B1GQ,A,1.198
1997,JAM,TAX_REV,S13,T_4000,_T,PT_B1GQ,A,0.927
1997,JAM,TAX_REV,S13,_T,_T,PT_B1GQ,A,19.446
1997,JAM,TAX_REV,S13,T_5000,_T,PT_B1GQ,A,9.772
1997,JAM,TAX_REV,S13,T_1000,_T,PT_B1GQ,A,7.649
1998,JAM,TAX_REV,S13,T_1000,_T,PT_B1GQ,A,7.926
1998,JAM,TAX_REV,S13,T_5000,_T,PT_B1GQ,A,10.577
1998,JAM,TAX_REV,S13,_T,_T,PT_B1GQ,A,20.697
1998,JAM,TAX_REV,S13,T_4000,_T,PT_B1GQ,A,1.096
1999,JAM,TAX_REV,S13,T_4000,_T,PT_B1GQ,A,1.12
1999,JAM,TAX_REV,S13,_T,_T,PT_B1GQ,A,21.318
1999,JAM,TAX_REV,S13,T_5000,_T,PT_B1GQ,A,10.964
1999,JAM,TAX_REV,S13,T_1000,_T,PT_B1GQ,A,8.186
2000,JAM,TAX_REV,S13,T_1000,_T,PT_B1GQ,A,8.976
2000,JAM,TAX_REV,S13,T_5000,_T,PT_B1GQ,A,11.116
2000,JAM,TAX_REV,S13,_T,_T,PT_B1GQ,A,22.205
2000,JAM,TAX_REV,S13,T_4000,_T,PT_B1GQ,A,1.079
2001,JAM,TAX_REV,S13,T_4000,_T,PT_B1GQ,A,1.117
2001,JAM,TAX_REV,S13,_T,_T,PT_B1GQ,A,21.059
2001,JAM,TAX_REV,S13,T_5000,_T,PT_B1GQ,A,10.7
2001,JAM,TAX_REV,S13,T_1000,_T,PT_B1GQ,A,8.197
2002,JAM,TAX_REV,S13,T_1000,_T,PT_B1GQ,A,8.351
2002,JAM,TAX_REV,S13,T_5000,_T,PT_B1GQ,A,10.767
2002,JAM,TAX_REV,S13,_T,_T,PT_B1GQ,A,21.364
2002,JAM,TAX_REV,S13,T_4000,_T,PT_B1GQ,A,1.161
2003,JAM,TAX_REV,S13,T_4000,_T,PT_B1GQ,A,1.27
2003,JAM,TAX_REV,S13,_T,_T,PT_B1GQ,A,23.904
2003,JAM,TAX_REV,S13,T_2000,_T,PT_B1GQ,A,0.613
2003,JAM,TAX_REV,S13,T_5000,_T,PT_B1GQ,A,11.396
2003,JAM,TAX_REV,S13,T_1000,_T,PT_B1GQ,A,9.534
2004,JAM,TAX_REV,S13,T_1000,_T,PT_B1GQ,A,10.209
2004,JAM,TAX_REV,S13,T_5000,_T,PT_B1GQ,A,11.245
2004,JAM,TAX_REV,S13,T_2000,_T,PT_B1GQ,A,0.731
2004,JAM,TAX_REV,S13,_T,_T,PT_B1GQ,A,24.724
2004,JAM,TAX_REV,S13,T_4000,_T,PT_B1GQ,A,1.441
2005,JAM,TAX_REV,S13,T_4000,_T,PT_B1GQ,A,1.542
2005,JAM,TAX_REV,S13,_T,_T,PT_B1GQ,A,23.299
2005,JAM,TAX_REV,S13,T_2000,_T,PT_B1GQ,A,0.703
2005,JAM,TAX_REV,S13,T_5000,_T,PT_B1GQ,A,11.005
2005,JAM,TAX_REV,S13,T_1000,_T,PT_B1GQ,A,8.954
2006,JAM,TAX_REV,S13,T_1000,_T,PT_B1GQ,A,9.49
2006,JAM,TAX_REV,S13,T_5000,_T,PT_B1GQ,A,11.254
2006,JAM,TAX_REV,S13,T_2000,_T,PT_B1GQ,A,0.745
2006,JAM,TAX_REV,S13,_T,_T,PT_B1GQ,A,24.101
2006,JAM,TAX_REV,S13,T_4000,_T,PT_B1GQ,A,1.405
2007,JAM,TAX_REV,S13,T_4000,_T,PT_B1GQ,A,1.425
2007,JAM,TAX_REV,S13,_T,_T,PT_B1GQ,A,24.777
2007,JAM,TAX_REV,S13,T_2000,_T,PT_B1GQ,A,0.717
2007,JAM,TAX_REV,S13,T_5000,_T,PT_B1GQ,A,11.476
2007,JAM,TAX_REV,S13,T_1000,_T,PT_B1GQ,A,9.939
2008,JAM,TAX_REV,S13,T_1000,_T,PT_B1GQ,A,10.375
2008,JAM,TAX_REV,S13,T_5000,_T,PT_B1GQ,A,11.485
2008,JAM,TAX_REV,S13,T_2000,_T,PT_B1GQ,A,0.743
2008,JAM,TAX_REV,S13,_T,_T,PT_B1GQ,A,25.096
2008,JAM,TAX_REV,S13,T_4000,_T,PT_B1GQ,A,1.268
2009,JAM,TAX_REV,S13,T_4000,_T,PT_B1GQ,A,0.887
2009,JAM,TAX_REV,S13,_T,_T,PT_B1GQ,A,24.9
2009,JAM,TAX_REV,S13,T_2000,_T,PT_B1GQ,A,0.726
2009,JAM,TAX_REV,S13,T_5000,_T,PT_B1GQ,A,11.526
2009,JAM,TAX_REV,S13,T_1000,_T,PT_B1GQ,A,10.54
2010,JAM,TAX_REV,S13,T_1000,_T,PT_B1GQ,A,9.188
2010,JAM,TAX_REV,S13,T_5000,_T,PT_B1GQ,A,12.973
2010,JAM,TAX_REV,S13,T_2000,_T,PT_B1GQ,A,0.711
2010,JAM,TAX_REV,S13,_T,_T,PT_B1GQ,A,24.908
2010,JAM,TAX_REV,S13,T_4000,_T,PT_B1GQ,A,0.862
2011,JAM,TAX_REV,S13,T_4000,_T,PT_B1GQ,A,0.923
2011,JAM,TAX_REV,S13,_T,_T,PT_B1GQ,A,24.501
2011,JAM,TAX_REV,S13,T_2000,_T,PT_B1GQ,A,0.932
2011,JAM,TAX_REV,S13,T_5000,_T,PT_B1GQ,A,12.661
2011,JAM,TAX_REV,S13,T_1000,_T,PT_B1GQ,A,8.709
2012,JAM,TAX_REV,S13,T_1000,_T,PT_B1GQ,A,8.488
2012,JAM,TAX_REV,S13,T_5000,_T,PT_B1GQ,A,13.073
2012,JAM,TAX_REV,S13,T_2000,_T,PT_B1GQ,A,0.869
2012,JAM,TAX_REV,S13,_T,_T,PT_B1GQ,A,24.526
2012,JAM,TAX_REV,S13,T_4000,_T,PT_B1GQ,A,0.871
2013,JAM,TAX_REV,S13,T_4000,_T,PT_B1GQ,A,1.18
2013,JAM,TAX_REV,S13,_T,_T,PT_B1GQ,A,24.932
2013,JAM,TAX_REV,S13,T_2000,_T,PT_B1GQ,A,0.969
2013,JAM,TAX_REV,S13,T_5000,_T,PT_B1GQ,A,13.633
2013,JAM,TAX_REV,S13,T_1000,_T,PT_B1GQ,A,7.87
2014,JAM,TAX_REV,S13,T_1000,_T,PT_B1GQ,A,7.489
2014,JAM,TAX_REV,S13,T_5000,_T,PT_B1GQ,A,13.77
2014,JAM,TAX_REV,S13,T_2000,_T,PT_B1GQ,A,1.029
2014,JAM,TAX_REV,S13,_T,_T,PT_B1GQ,A,24.762
2014,JAM,TAX_REV,S13,T_4000,_T,PT_B1GQ,A,1.168
2015,JAM,TAX_REV,S13,T_4000,_T,PT_B1GQ,A,1.17
2015,JAM,TAX_REV,S13,_T,_T,PT_B1GQ,A,25.766
2015,JAM,TAX_REV,S13,T_2000,_T,PT_B1GQ,A,0.991
2015,JAM,TAX_REV,S13,T_5000,_T,PT_B1GQ,A,14.509
2015,JAM,TAX_REV,S13,T_1000,_T,PT_B1GQ,A,7.787
2016,JAM,TAX_REV,S13,T_1000,_T,PT_B1GQ,A,7.698
2016,JAM,TAX_REV,S13,T_5000,_T,PT_B1GQ,A,15.251
2016,JAM,TAX_REV,S13,T_2000,_T,PT_B1GQ,A,1.021
2016,JAM,TAX_REV,S13,_T,_T,PT_B1GQ,A,26.539
2016,JAM,TAX_REV,S13,T_4000,_T,PT_B1GQ,A,1.201
2017,JAM,TAX_REV,S13,T_4000,_T,PT_B1GQ,A,1.244
2017,JAM,TAX_REV,S13,_T,_T,PT_B1GQ,A,27.287
2017,JAM,TAX_REV,S13,T_2000,_T,PT_B1GQ,A,1.016
2017,JAM,TAX_REV,S13,T_5000,_T,PT_B1GQ,A,16.707
2017,JAM,TAX_REV,S13,T_1000,_T,PT_B1GQ,A,6.856
2018,JAM,TAX_REV,S13,T_1000,_T,PT_B1GQ,A,7.041
2018,JAM,TAX_REV,S13,T_5000,_T,PT_B1GQ,A,16.591
2018,JAM,TAX_REV,S13,T_2000,_T,PT_B1GQ,A,1.024
2018,JAM,TAX_REV,S13,_T,_T,PT_B1GQ,A,27.371
2018,JAM,TAX_REV,S13,T_4000,_T,PT_B1GQ,A,1.207
2019,JAM,TAX_REV,S13,T_4000,_T,PT_B1GQ,A,0.901
2019,JAM,TAX_REV,S13,_T,_T,PT_B1GQ,A,28.41
2019,JAM,TAX_REV,S13,T_2000,_T,PT_B1GQ,A,1.158
2019,JAM,TAX_REV,S13,T_5000,_T,PT_B1GQ,A,17.459
2019,JAM,TAX_REV,S13,T_1000,_T,PT_B1GQ,A,7.314
2020,JAM,TAX_REV,S13,T_1000,_T,PT_B1GQ,A,7.986
2020,JAM,TAX_REV,S13,T_5000,_T,PT_B1GQ,A,16.177
2020,JAM,TAX_REV,S13,T_2000,_T,PT_B1GQ,A,1.287
2020,JAM,TAX_REV,S13,_T,_T,PT_B1GQ,A,27.925
2020,JAM,TAX_REV,S13,T_4000,_T,PT_B1GQ,A,0.8
2021,JAM,TAX_REV,S13,T_4000,_T,PT_B1GQ,A,0.782
2021,JAM,TAX_REV,S13,_T,_T,PT_B1GQ,A,26.547
2021,JAM,TAX_REV,S13,T_2000,_T,PT_B1GQ,A,1.364
2021,JAM,TAX_REV,S13,T_5000,_T,PT_B1GQ,A,15.739
2021,JAM,TAX_REV,S13,T_1000,_T,PT_B1GQ,A,7.196
2022,JAM,TAX_REV,S13,T_1000,_T,PT_B1GQ,A,7.508
2022,JAM,TAX_REV,S13,T_5000,_T,PT_B1GQ,A,16.613
2022,JAM,TAX_REV,S13,T_2000,_T,PT_B1GQ,A,1.545
2022,JAM,TAX_REV,S13,_T,_T,PT_B1GQ,A,27.912
2022,JAM,TAX_REV,S13,T_4000,_T,PT_B1GQ,A,0.767
2023,JAM,TAX_REV,S13,T_4000,_T,PT_B1GQ,A,0.68
2023,JAM,TAX_REV,S13,_T,_T,PT_B1GQ,A,29.024
2023,JAM,TAX_REV,S13,T_2000,_T,PT_B1GQ,A,1.798
2023,JAM,TAX_REV,S13,T_5000,_T,PT_B1GQ,A,15.695
2023,JAM,TAX_REV,S13,T_1000,_T,PT_B1GQ,A,9.2
1990,MUS,TAX_REV,S13,T_4000,_T,PT_B1GQ,A,1.403
1990,MUS,TAX_REV,S13,T_2000,_T,PT_B1GQ,A,0.934
1990,MUS,TAX_REV,S13,_T,_T,PT_B1GQ,A,22.011
1990,MUS,TAX_REV,S13,T_1000,_T,PT_B1GQ,A,3.257
1990,MUS,TAX_REV,S13,T_5000,_T,PT_B1GQ,A,16.066
1991,MUS,TAX_REV,S13,T_5000,_T,PT_B1GQ,A,15.898
1991,MUS,TAX_REV,S13,T_1000,_T,PT_B1GQ,A,3.153
1991,MUS,TAX_REV,S13,_T,_T,PT_B1GQ,A,21.922
1991,MUS,TAX_REV,S13,T_2000,_T,PT_B1GQ,A,0.953
1991,MUS,TAX_REV,S13,T_4000,_T,PT_B1GQ,A,1.544
1992,MUS,TAX_REV,S13,T_4000,_T,PT_B1GQ,A,1.292
1992,MUS,TAX_REV,S13,T_2000,_T,PT_B1GQ,A,0.996
1992,MUS,TAX_REV,S13,_T,_T,PT_B1GQ,A,20.516
1992,MUS,TAX_REV,S13,T_1000,_T,PT_B1GQ,A,3.128
1992,MUS,TAX_REV,S13,T_5000,_T,PT_B1GQ,A,14.784
1993,MUS,TAX_REV,S13,T_5000,_T,PT_B1GQ,A,14.23
1993,MUS,TAX_REV,S13,T_1000,_T,PT_B1GQ,A,2.554
1993,MUS,TAX_REV,S13,_T,_T,PT_B1GQ,A,19.434
1993,MUS,TAX_REV,S13,T_2000,_T,PT_B1GQ,A,0.947
1993,MUS,TAX_REV,S13,T_4000,_T,PT_B1GQ,A,1.425
1994,MUS,TAX_REV,S13,T_4000,_T,PT_B1GQ,A,1.342
1994,MUS,TAX_REV,S13,T_2000,_T,PT_B1GQ,A,0.917
1994,MUS,TAX_REV,S13,_T,_T,PT_B1GQ,A,18.999
1994,MUS,TAX_REV,S13,T_1000,_T,PT_B1GQ,A,2.275
1994,MUS,TAX_REV,S13,T_5000,_T,PT_B1GQ,A,14.163
1995,MUS,TAX_REV,S13,T_5000,_T,PT_B1GQ,A,11.725
1995,MUS,TAX_REV,S13,T_1000,_T,PT_B1GQ,A,2.455
1995,MUS,TAX_REV,S13,_T,_T,PT_B1GQ,A,16.684
1995,MUS,TAX_REV,S13,T_2000,_T,PT_B1GQ,A,0.937
1995,MUS,TAX_REV,S13,T_4000,_T,PT_B1GQ,A,1.285
1996,MUS,TAX_REV,S13,T_4000,_T,PT_B1GQ,A,1.313
1996,MUS,TAX_REV,S13,T_2000,_T,PT_B1GQ,A,0.908
1996,MUS,TAX_REV,S13,_T,_T,PT_B1GQ,A,16.0
1996,MUS,TAX_REV,S13,T_1000,_T,PT_B1GQ,A,2.473
1996,MUS,TAX_REV,S13,T_5000,_T,PT_B1GQ,A,11.01
1997,MUS,TAX_REV,S13,T_5000,_T,PT_B1GQ,A,12.392
1997,MUS,TAX_REV,S13,T_1000,_T,PT_B1GQ,A,2.642
1997,MUS,TAX_REV,S13,_T,_T,PT_B1GQ,A,17.545
1997,MUS,TAX_REV,S13,T_2000,_T,PT_B1GQ,A,0.889
1997,MUS,TAX_REV,S13,T_4000,_T,PT_B1GQ,A,1.325
1998,MUS,TAX_REV,S13,T_4000,_T,PT_B1GQ,A,1.314
1998,MUS,TAX_REV,S13,T_2000,_T,PT_B1GQ,A,0.862
1998,MUS,TAX_REV,S13,_T,_T,PT_B1GQ,A,17.606
1998,MUS,TAX_REV,S13,T_1000,_T,PT_B1GQ,A,2.468
1998,MUS,TAX_REV,S13,T_5000,_T,PT_B1GQ,A,12.667
1999,MUS,TAX_REV,S13,T_5000,_T,PT_B1GQ,A,12.967
1999,MUS,TAX_REV,S13,T_1000,_T,PT_B1GQ,A,2.452
1999,MUS,TAX_REV,S13,_T,_T,PT_B1GQ,A,17.791
1999,MUS,TAX_REV,S13,T_2000,_T,PT_B1GQ,A,0.815
1999,MUS,TAX_REV,S13,T_4000,_T,PT_B1GQ,A,1.263
2000,MUS,TAX_REV,S13,T_4000,_T,PT_B1GQ,A,1.15
2000,MUS,TAX_REV,S13,T_2000,_T,PT_B1GQ,A,0.804
2000,MUS,TAX_REV,S13,_T,_T,PT_B1GQ,A,18.056
2000,MUS,TAX_REV,S13,T_1000,_T,PT_B1GQ,A,2.349
2000,MUS,TAX_REV,S13,T_5000,_T,PT_B1GQ,A,13.464
2001,MUS,TAX_REV,S13,T_5000,_T,PT_B1GQ,A,11.644
2001,MUS,TAX_REV,S13,T_1000,_T,PT_B1GQ,A,2.237
2001,MUS,TAX_REV,S13,_T,_T,PT_B1GQ,A,16.053
2001,MUS,TAX_REV,S13,T_2000,_T,PT_B1GQ,A,0.773
2001,MUS,TAX_REV,S13,T_4000,_T,PT_B1GQ,A,1.138
2002,MUS,TAX_REV,S13,T_4000,_T,PT_B1GQ,A,1.025
2002,MUS,TAX_REV,S13,T_2000,_T,PT_B1GQ,A,0.759
2002,MUS,TAX_REV,S13,_T,_T,PT_B1GQ,A,15.762
2002,MUS,TAX_REV,S13,T_1000,_T,PT_B1GQ,A,2.363
2002,MUS,TAX_REV,S13,T_5000,_T,PT_B1GQ,A,11.362
2003,MUS,TAX_REV,S13,T_5000,_T,PT_B1GQ,A,12.637
2003,MUS,TAX_REV,S13,T_1000,_T,PT_B1GQ,A,2.468
2003,MUS,TAX_REV,S13,_T,_T,PT_B1GQ,A,17.051
2003,MUS,TAX_REV,S13,T_2000,_T,PT_B1GQ,A,0.708
2003,MUS,TAX_REV,S13,T_4000,_T,PT_B1GQ,A,0.987
2004,MUS,TAX_REV,S13,T_4000,_T,PT_B1GQ,A,0.943
2004,MUS,TAX_REV,S13,T_2000,_T,PT_B1GQ,A,0.697
2004,MUS,TAX_REV,S13,_T,_T,PT_B1GQ,A,17.132
2004,MUS,TAX_REV,S13,T_1000,_T,PT_B1GQ,A,2.571
2004,MUS,TAX_REV,S13,T_5000,_T,PT_B1GQ,A,12.691
2005,MUS,TAX_REV,S13,T_5000,_T,PT_B1GQ,A,12.843
2005,MUS,TAX_REV,S13,T_1000,_T,PT_B1GQ,A,2.959
2005,MUS,TAX_REV,S13,_T,_T,PT_B1GQ,A,17.68
2005,MUS,TAX_REV,S13,T_2000,_T,PT_B1GQ,A,0.667
2005,MUS,TAX_REV,S13,T_4000,_T,PT_B1GQ,A,0.975
2006,MUS,TAX_REV,S13,T_4000,_T,PT_B1GQ,A,1.021
2006,MUS,TAX_REV,S13,T_2000,_T,PT_B1GQ,A,0.676
2006,MUS,TAX_REV,S13,_T,_T,PT_B1GQ,A,17.605
2006,MUS,TAX_REV,S13,T_1000,_T,PT_B1GQ,A,3.487
2006,MUS,TAX_REV,S13,T_5000,_T,PT_B1GQ,A,12.175
2007,MUS,TAX_REV,S13,T_5000,_T,PT_B1GQ,A,11.876
2007,MUS,TAX_REV,S13,T_1000,_T,PT_B1GQ,A,3.14
2007,MUS,TAX_REV,S13,_T,_T,PT_B1GQ,A,16.821
2007,MUS,TAX_REV,S13,T_2000,_T,PT_B1GQ,A,0.649
2007,MUS,TAX_REV,S13,T_4000,_T,PT_B1GQ,A,0.937
2008,MUS,TAX_REV,S13,T_4000,_T,PT_B1GQ,A,1.245
2008,MUS,TAX_REV,S13,T_2000,_T,PT_B1GQ,A,0.627
2008,MUS,TAX_REV,S13,_T,_T,PT_B1GQ,A,18.451
2008,MUS,TAX_REV,S13,T_1000,_T,PT_B1GQ,A,3.903
2008,MUS,TAX_REV,S13,T_5000,_T,PT_B1GQ,A,12.516
2009,MUS,TAX_REV,S13,T_5000,_T,PT_B1GQ,A,11.698
2009,MUS,TAX_REV,S13,T_1000,_T,PT_B1GQ,A,5.355
2009,MUS,TAX_REV,S13,_T,_T,PT_B1GQ,A,18.938
2009,MUS,TAX_REV,S13,T_2000,_T,PT_B1GQ,A,0.632
2009,MUS,TAX_REV,S13,T_4000,_T,PT_B1GQ,A,1.112
2010,MUS,TAX_REV,S13,T_4000,_T,PT_B1GQ,A,1.066
2010,MUS,TAX_REV,S13,T_2000,_T,PT_B1GQ,A,0.677
2010,MUS,TAX_REV,S13,_T,_T,PT_B1GQ,A,18.713
2010,MUS,TAX_REV,S13,T_1000,_T,PT_B1GQ,A,4.808
2010,MUS,TAX_REV,S13,T_5000,_T,PT_B1GQ,A,12.053
2011,MUS,TAX_REV,S13,T_5000,_T,PT_B1GQ,A,12.606
2011,MUS,TAX_REV,S13,T_1000,_T,PT_B1GQ,A,4.345
2011,MUS,TAX_REV,S13,_T,_T,PT_B1GQ,A,18.705
2011,MUS,TAX_REV,S13,T_2000,_T,PT_B1GQ,A,0.693
2011,MUS,TAX_REV,S13,T_4000,_T,PT_B1GQ,A,0.95
2012,MUS,TAX_REV,S13,T_4000,_T,PT_B1GQ,A,1.046
2012,MUS,TAX_REV,S13,T_2000,_T,PT_B1GQ,A,0.699
2012,MUS,TAX_REV,S13,_T,_T,PT_B1GQ,A,19.27
2012,MUS,TAX_REV,S13,T_1000,_T,PT_B1GQ,A,4.402
2012,MUS,TAX_REV,S13,T_5000,_T,PT_B1GQ,A,13.014
2013,MUS,TAX_REV,S13,T_5000,_T,PT_B1GQ,A,12.682
2013,MUS,TAX_REV,S13,T_1000,_T,PT_B1GQ,A,4.493
2013,MUS,TAX_REV,S13,_T,_T,PT_B1GQ,A,18.942
2013,MUS,TAX_REV,S13,T_2000,_T,PT_B1GQ,A,0.716
2013,MUS,TAX_REV,S13,T_4000,_T,PT_B1GQ,A,0.945
2014,MUS,TAX_REV,S13,T_4000,_T,PT_B1GQ,A,1.074
2014,MUS,TAX_REV,S13,T_2000,_T,PT_B1GQ,A,0.754
2014,MUS,TAX_REV,S13,_T,_T,PT_B1GQ,A,18.928
2014,MUS,TAX_REV,S13,T_1000,_T,PT_B1GQ,A,4.592
2014,MUS,TAX_REV,S13,T_5000,_T,PT_B1GQ,A,12.334
2015,MUS,TAX_REV,S13,T_5000,_T,PT_B1GQ,A,12.216
2015,MUS,TAX_REV,S13,T_1000,_T,PT_B1GQ,A,4.702
2015,MUS,TAX_REV,S13,_T,_T,PT_B1GQ,A,18.821
2015,MUS,TAX_REV,S13,T_2000,_T,PT_B1GQ,A,0.773
2015,MUS,TAX_REV,S13,T_4000,_T,PT_B1GQ,A,0.973
2016,MUS,TAX_REV,S13,T_4000,_T,PT_B1GQ,A,1.078
2016,MUS,TAX_REV,S13,T_2000,_T,PT_B1GQ,A,0.778
2016,MUS,TAX_REV,S13,_T,_T,PT_B1GQ,A,18.96
2016,MUS,TAX_REV,S13,T_1000,_T,PT_B1GQ,A,4.698
2016,MUS,TAX_REV,S13,T_5000,_T,PT_B1GQ,A,12.244
2017,MUS,TAX_REV,S13,T_5000,_T,PT_B1GQ,A,12.245
2017,MUS,TAX_REV,S13,T_1000,_T,PT_B1GQ,A,4.984
2017,MUS,TAX_REV,S13,_T,_T,PT_B1GQ,A,19.247
2017,MUS,TAX_REV,S13,T_2000,_T,PT_B1GQ,A,0.793
2017,MUS,TAX_REV,S13,T_4000,_T,PT_B1GQ,A,1.063
2018,MUS,TAX_REV,S13,T_4000,_T,PT_B1GQ,A,0.968
2018,MUS,TAX_REV,S13,T_2000,_T,PT_B1GQ,A,0.746
2018,MUS,TAX_REV,S13,_T,_T,PT_B1GQ,A,19.684
2018,MUS,TAX_REV,S13,T_1000,_T,PT_B1GQ,A,5.001
2018,MUS,TAX_REV,S13,T_5000,_T,PT_B1GQ,A,12.83
2019,MUS,TAX_REV,S13,T_5000,_T,PT_B1GQ,A,12.986
2019,MUS,TAX_REV,S13,T_1000,_T,PT_B1GQ,A,5.495
2019,MUS,TAX_REV,S13,_T,_T,PT_B1GQ,A,20.429
2019,MUS,TAX_REV,S13,T_2000,_T,PT_B1GQ,A,0.838
2019,MUS,TAX_REV,S13,T_4000,_T,PT_B1GQ,A,0.93
2020,MUS,TAX_REV,S13,T_4000,_T,PT_B1GQ,A,0.85
2020,MUS,TAX_REV,S13,T_2000,_T,PT_B1GQ,A,0.949
2020,MUS,TAX_REV,S13,_T,_T,PT_B1GQ,A,20.245
2020,MUS,TAX_REV,S13,T_1000,_T,PT_B1GQ,A,5.815
2020,MUS,TAX_REV,S13,T_5000,_T,PT_B1GQ,A,12.442
2021,MUS,TAX_REV,S13,T_5000,_T,PT_B1GQ,A,11.646
2021,MUS,TAX_REV,S13,T_1000,_T,PT_B1GQ,A,5.942
2021,MUS,TAX_REV,S13,_T,_T,PT_B1GQ,A,19.98
2021,MUS,TAX_REV,S13,T_2000,_T,PT_B1GQ,A,1.299
2021,MUS,TAX_REV,S13,T_4000,_T,PT_B1GQ,A,0.978
2022,MUS,TAX_REV,S13,T_4000,_T,PT_B1GQ,A,1.113
2022,MUS,TAX_REV,S13,T_2000,_T,PT_B1GQ,A,1.589
2022,MUS,TAX_REV,S13,_T,_T,PT_B1GQ,A,22.272
2022,MUS,TAX_REV,S13,T_1000,_T,PT_B1GQ,A,6.653
2022,MUS,TAX_REV,S13,T_5000,_T,PT_B1GQ,A,12.719
1990,MYS,TAX_REV,S13,T_4000,_T,PT_B1GQ,A,0.021
1990,MYS,TAX_REV,S13,_T,_T,PT_B1GQ,A,18.53
1990,MYS,TAX_REV,S13,T_1000,_T,PT_B1GQ,A,8.162
1990,MYS,TAX_REV,S13,T_5000,_T,PT_B1GQ,A,9.799
1991,MYS,TAX_REV,S13,T_5000,_T,PT_B1GQ,A,10.174
1991,MYS,TAX_REV,S13,T_1000,_T,PT_B1GQ,A,9.245
1991,MYS,TAX_REV,S13,_T,_T,PT_B1GQ,A,19.976
1991,MYS,TAX_REV,S13,T_4000,_T,PT_B1GQ,A,0.014
1992,MYS,TAX_REV,S13,T_4000,_T,PT_B1GQ,A,0.011
1992,MYS,TAX_REV,S13,_T,_T,PT_B1GQ,A,19.777
1992,MYS,TAX_REV,S13,T_1000,_T,PT_B1GQ,A,9.689
1992,MYS,TAX_REV,S13,T_5000,_T,PT_B1GQ,A,9.559
1993,MYS,TAX_REV,S13,T_5000,_T,PT_B1GQ,A,9.522
1993,MYS,TAX_REV,S13,T_1000,_T,PT_B1GQ,A,9.191
1993,MYS,TAX_REV,S13,_T,_T,PT_B1GQ,A,19.425
1993,MYS,TAX_REV,S13,T_4000,_T,PT_B1GQ,A,0.007
1994,MYS,TAX_REV,S13,T_4000,_T,PT_B1GQ,A,0.015
1994,MYS,TAX_REV,S13,_T,_T,PT_B1GQ,A,19.826
1994,MYS,TAX_REV,S13,T_1000,_T,PT_B1GQ,A,9.003
1994,MYS,TAX_REV,S13,T_5000,_T,PT_B1GQ,A,9.514
1995,MYS,TAX_REV,S13,T_5000,_T,PT_B1GQ,A,9.17
1995,MYS,TAX_REV,S13,T_1000,_T,PT_B1GQ,A,9.195
1995,MYS,TAX_REV,S13,_T,_T,PT_B1GQ,A,19.371
1995,MYS,TAX_REV,S13,T_4000,_T,PT_B1GQ,A,0.004
1996,MYS,TAX_REV,S13,T_4000,_T,PT_B1GQ,A,0.003
1996,MYS,TAX_REV,S13,_T,_T,PT_B1GQ,A,19.261
1996,MYS,TAX_REV,S13,T_1000,_T,PT_B1GQ,A,9.101
1996,MYS,TAX_REV,S13,T_5000,_T,PT_B1GQ,A,9.075
1997,MYS,TAX_REV,S13,T_5000,_T,PT_B1GQ,A,8.893
1997,MYS,TAX_REV,S13,T_1000,_T,PT_B1GQ,A,9.811
1997,MYS,TAX_REV,S13,_T,_T,PT_B1GQ,A,19.693
1997,MYS,TAX_REV,S13,T_4000,_T,PT_B1GQ,A,0.007
1998,MYS,TAX_REV,S13,T_4000,_T,PT_B1GQ,A,0.001
1998,MYS,TAX_REV,S13,_T,_T,PT_B1GQ,A,16.634
1998,MYS,TAX_REV,S13,T_1000,_T,PT_B1GQ,A,10.158
1998,MYS,TAX_REV,S13,T_5000,_T,PT_B1GQ,A,6.047
1999,MYS,TAX_REV,S13,T_5000,_T,PT_B1GQ,A,6.597
1999,MYS,TAX_REV,S13,T_1000,_T,PT_B1GQ,A,8.55
1999,MYS,TAX_REV,S13,_T,_T,PT_B1GQ,A,15.685
1999,MYS,TAX_REV,S13,T_4000,_T,PT_B1GQ,A,0.001
2000,MYS,TAX_REV,S13,T_4000,_T,PT_B1GQ,A,0.001
2000,MYS,TAX_REV,S13,_T,_T,PT_B1GQ,A,14.052
2000,MYS,TAX_REV,S13,T_1000,_T,PT_B1GQ,A,7.671
2000,MYS,TAX_REV,S13,T_5000,_T,PT_B1GQ,A,5.586
2000,MYS,TAX_REV,S13,T_2000,_T,PT_B1GQ,A,0.278
2001,MYS,TAX_REV,S13,T_2000,_T,PT_B1GQ,A,0.297
2001,MYS,TAX_REV,S13,T_5000,_T,PT_B1GQ,A,6.086
2001,MYS,TAX_REV,S13,T_1000,_T,PT_B1GQ,A,11.458
2001,MYS,TAX_REV,S13,_T,_T,PT_B1GQ,A,18.323
2001,MYS,TAX_REV,S13,T_4000,_T,PT_B1GQ,A,0.001
2002,MYS,TAX_REV,S13,_T,_T,PT_B1GQ,A,18.296
2002,MYS,TAX_REV,S13,T_1000,_T,PT_B1GQ,A,11.108
2002,MYS,TAX_REV,S13,T_5000,_T,PT_B1GQ,A,6.437
2002,MYS,TAX_REV,S13,T_2000,_T,PT_B1GQ,A,0.286
2003,MYS,TAX_REV,S13,T_2000,_T,PT_B1GQ,A,0.273
2003,MYS,TAX_REV,S13,T_5000,_T,PT_B1GQ,A,5.752
2003,MYS,TAX_REV,S13,T_1000,_T,PT_B1GQ,A,9.784
2003,MYS,TAX_REV,S13,_T,_T,PT_B1GQ,A,16.297
2004,MYS,TAX_REV,S13,_T,_T,PT_B1GQ,A,15.93
2004,MYS,TAX_REV,S13,T_1000,_T,PT_B1GQ,A,9.765
2004,MYS,TAX_REV,S13,T_5000,_T,PT_B1GQ,A,5.4
2004,MYS,TAX_REV,S13,T_2000,_T,PT_B1GQ,A,0.256
2005,MYS,TAX_REV,S13,T_2000,_T,PT_B1GQ,A,0.254
2005,MYS,TAX_REV,S13,T_5000,_T,PT_B1GQ,A,5.375
2005,MYS,TAX_REV,S13,T_1000,_T,PT_B1GQ,A,9.39
2005,MYS,TAX_REV,S13,_T,_T,PT_B1GQ,A,15.479
2005,MYS,TAX_REV,S13,T_4000,_T,PT_B1GQ,A,0.001
2006,MYS,TAX_REV,S13,_T,_T,PT_B1GQ,A,15.082
2006,MYS,TAX_REV,S13,T_1000,_T,PT_B1GQ,A,9.888
2006,MYS,TAX_REV,S13,T_5000,_T,PT_B1GQ,A,4.499
2006,MYS,TAX_REV,S13,T_2000,_T,PT_B1GQ,A,0.266
2007,MYS,TAX_REV,S13,T_2000,_T,PT_B1GQ,A,0.254
2007,MYS,TAX_REV,S13,T_5000,_T,PT_B1GQ,A,4.131
2007,MYS,TAX_REV,S13,T_1000,_T,PT_B1GQ,A,9.87
2007,MYS,TAX_REV,S13,_T,_T,PT_B1GQ,A,14.815
2008,MYS,TAX_REV,S13,_T,_T,PT_B1GQ,A,15.144
2008,MYS,TAX_REV,S13,T_1000,_T,PT_B1GQ,A,10.265
2008,MYS,TAX_REV,S13,T_5000,_T,PT_B1GQ,A,4.181
2008,MYS,TAX_REV,S13,T_2000,_T,PT_B1GQ,A,0.238
2009,MYS,TAX_REV,S13,T_2000,_T,PT_B1GQ,A,0.262
2009,MYS,TAX_REV,S13,T_5000,_T,PT_B1GQ,A,4.173
2009,MYS,TAX_REV,S13,T_1000,_T,PT_B1GQ,A,10.559
2009,MYS,TAX_REV,S13,_T,_T,PT_B1GQ,A,15.471
2010,MYS,TAX_REV,S13,_T,_T,PT_B1GQ,A,13.826
2010,MYS,TAX_REV,S13,T_1000,_T,PT_B1GQ,A,9.137
2010,MYS,TAX_REV,S13,T_5000,_T,PT_B1GQ,A,3.928
2010,MYS,TAX_REV,S13,T_2000,_T,PT_B1GQ,A,0.244
2011,MYS,TAX_REV,S13,T_2000,_T,PT_B1GQ,A,0.238
2011,MYS,TAX_REV,S13,T_5000,_T,PT_B1GQ,A,3.742
2011,MYS,TAX_REV,S13,T_1000,_T,PT_B1GQ,A,10.751
2011,MYS,TAX_REV,S13,_T,_T,PT_B1GQ,A,15.277
2012,MYS,TAX_REV,S13,_T,_T,PT_B1GQ,A,16.092
2012,MYS,TAX_REV,S13,T_1000,_T,PT_B1GQ,A,11.498
2012,MYS,TAX_REV,S13,T_5000,_T,PT_B1GQ,A,3.773
2012,MYS,TAX_REV,S13,T_2000,_T,PT_B1GQ,A,0.239
2013,MYS,TAX_REV,S13,T_2000,_T,PT_B1GQ,A,0.247
2013,MYS,TAX_REV,S13,T_5000,_T,PT_B1GQ,A,3.718
2013,MYS,TAX_REV,S13,T_1000,_T,PT_B1GQ,A,11.203
2013,MYS,TAX_REV,S13,_T,_T,PT_B1GQ,A,15.798
2014,MYS,TAX_REV,S13,_T,_T,PT_B1GQ,A,15.321
2014,MYS,TAX_REV,S13,T_1000,_T,PT_B1GQ,A,10.871
2014,MYS,TAX_REV,S13,T_5000,_T,PT_B1GQ,A,3.618
2014,MYS,TAX_REV,S13,T_2000,_T,PT_B1GQ,A,0.243
2015,MYS,TAX_REV,S13,T_2000,_T,PT_B1GQ,A,0.241
2015,MYS,TAX_REV,S13,T_5000,_T,PT_B1GQ,A,4.788
2015,MYS,TAX_REV,S13,T_1000,_T,PT_B1GQ,A,8.985
2015,MYS,TAX_REV,S13,_T,_T,PT_B1GQ,A,14.526
2016,MYS,TAX_REV,S13,_T,_T,PT_B1GQ,A,14.029
2016,MYS,TAX_REV,S13,T_1000,_T,PT_B1GQ,A,8.319
2016,MYS,TAX_REV,S13,T_5000,_T,PT_B1GQ,A,4.994
2016,MYS,TAX_REV,S13,T_2000,_T,PT_B1GQ,A,0.257
2017,MYS,TAX_REV,S13,T_2000,_T,PT_B1GQ,A,0.259
2017,MYS,TAX_REV,S13,T_5000,_T,PT_B1GQ,A,4.66
2017,MYS,TAX_REV,S13,T_1000,_T,PT_B1GQ,A,8.035
2017,MYS,TAX_REV,S13,_T,_T,PT_B1GQ,A,13.374
2018,MYS,TAX_REV,S13,_T,_T,PT_B1GQ,A,12.507
2018,MYS,TAX_REV,S13,T_1000,_T,PT_B1GQ,A,8.562
2018,MYS,TAX_REV,S13,T_5000,_T,PT_B1GQ,A,3.228
2018,MYS,TAX_REV,S13,T_2000,_T,PT_B1GQ,A,0.297
2019,MYS,TAX_REV,S13,T_2000,_T,PT_B1GQ,A,0.316
2019,MYS,TAX_REV,S13,T_5000,_T,PT_B1GQ,A,3.227
2019,MYS,TAX_REV,S13,T_1000,_T,PT_B1GQ,A,8.482
2019,MYS,TAX_REV,S13,_T,_T,PT_B1GQ,A,12.45
2020,MYS,TAX_REV,S13,_T,_T,PT_B1GQ,A,11.445
2020,MYS,TAX_REV,S13,T_1000,_T,PT_B1GQ,A,7.513
2020,MYS,TAX_REV,S13,T_5000,_T,PT_B1GQ,A,3.16
2020,MYS,TAX_REV,S13,T_2000,_T,PT_B1GQ,A,0.353
2021,MYS,TAX_REV,S13,T_2000,_T,PT_B1GQ,A,0.335
2021,MYS,TAX_REV,S13,T_5000,_T,PT_B1GQ,A,3.012
2021,MYS,TAX_REV,S13,T_1000,_T,PT_B1GQ,A,7.973
2021,MYS,TAX_REV,S13,_T,_T,PT_B1GQ,A,11.749
2022,MYS,TAX_REV,S13,_T,_T,PT_B1GQ,A,12.144
2022,MYS,TAX_REV,S13,T_1000,_T,PT_B1GQ,A,8.107
2022,MYS,TAX_REV,S13,T_5000,_T,PT_B1GQ,A,3.26
2022,MYS,TAX_REV,S13,T_2000,_T,PT_B1GQ,A,0.328
2023,MYS,TAX_REV,S13,T_2000,_T,PT_B1GQ,A,0.371
2023,MYS,TAX_REV,S13,T_5000,_T,PT_B1GQ,A,3.35
2023,MYS,TAX_REV,S13,T_1000,_T,PT_B1GQ,A,8.874
2023,MYS,TAX_REV,S13,_T,_T,PT_B1GQ,A,13.12
1995,LIE,TAX_REV,S13,T_5000,_T,PT_B1GQ,A,8.402
1995,LIE,TAX_REV,S13,T_4000,_T,PT_B1GQ,A,0.177
1995,LIE,TAX_REV,S13,_T,_T,PT_B1GQ,A,20.178
1995,LIE,TAX_REV,S13,T_2000,_T,PT_B1GQ,A,6.629
1995,LIE,TAX_REV,S13,T_1000,_T,PT_B1GQ,A,4.969
1996,LIE,TAX_REV,S13,T_1000,_T,PT_B1GQ,A,5.711
1996,LIE,TAX_REV,S13,T_2000,_T,PT_B1GQ,A,6.586
1996,LIE,TAX_REV,S13,_T,_T,PT_B1GQ,A,21.429
1996,LIE,TAX_REV,S13,T_4000,_T,PT_B1GQ,A,0.187
1996,LIE,TAX_REV,S13,T_5000,_T,PT_B1GQ,A,8.944
1997,LIE,TAX_REV,S13,T_5000,_T,PT_B1GQ,A,9.473
1997,LIE,TAX_REV,S13,T_4000,_T,PT_B1GQ,A,0.087
1997,LIE,TAX_REV,S13,_T,_T,PT_B1GQ,A,29.059
1997,LIE,TAX_REV,S13,T_2000,_T,PT_B1GQ,A,7.448
1997,LIE,TAX_REV,S13,T_1000,_T,PT_B1GQ,A,12.051
1998,LIE,TAX_REV,S13,T_1000,_T,PT_B1GQ,A,5.867
1998,LIE,TAX_REV,S13,T_2000,_T,PT_B1GQ,A,4.643
1998,LIE,TAX_REV,S13,_T,_T,PT_B1GQ,A,18.785
1998,LIE,TAX_REV,S13,T_4000,_T,PT_B1GQ,A,3.999
1998,LIE,TAX_REV,S13,T_5000,_T,PT_B1GQ,A,4.271
1999,LIE,TAX_REV,S13,T_5000,_T,PT_B1GQ,A,4.243
1999,LIE,TAX_REV,S13,T_4000,_T,PT_B1GQ,A,3.54
1999,LIE,TAX_REV,S13,_T,_T,PT_B1GQ,A,18.767
1999,LIE,TAX_REV,S13,T_2000,_T,PT_B1GQ,A,4.856
1999,LIE,TAX_REV,S13,T_1000,_T,PT_B1GQ,A,6.123
2000,LIE,TAX_REV,S13,T_1000,_T,PT_B1GQ,A,6.852
2000,LIE,TAX_REV,S13,T_2000,_T,PT_B1GQ,A,4.736
2000,LIE,TAX_REV,S13,_T,_T,PT_B1GQ,A,20.682
2000,LIE,TAX_REV,S13,T_4000,_T,PT_B1GQ,A,4.551
2000,LIE,TAX_REV,S13,T_5000,_T,PT_B1GQ,A,4.538
2001,LIE,TAX_REV,S13,T_5000,_T,PT_B1GQ,A,4.891
2001,LIE,TAX_REV,S13,T_4000,_T,PT_B1GQ,A,3.512
2001,LIE,TAX_REV,S13,_T,_T,PT_B1GQ,A,21.348
2001,LIE,TAX_REV,S13,T_2000,_T,PT_B1GQ,A,5.027
2001,LIE,TAX_REV,S13,T_1000,_T,PT_B1GQ,A,7.916
2002,LIE,TAX_REV,S13,T_1000,_T,PT_B1GQ,A,7.288
2002,LIE,TAX_REV,S13,T_2000,_T,PT_B1GQ,A,5.237
2002,LIE,TAX_REV,S13,_T,_T,PT_B1GQ,A,20.679
2002,LIE,TAX_REV,S13,T_4000,_T,PT_B1GQ,A,3.303
2002,LIE,TAX_REV,S13,T_5000,_T,PT_B1GQ,A,4.847
2003,LIE,TAX_REV,S13,T_5000,_T,PT_B1GQ,A,4.799
2003,LIE,TAX_REV,S13,T_4000,_T,PT_B1GQ,A,3.035
2003,LIE,TAX_REV,S13,_T,_T,PT_B1GQ,A,19.954
2003,LIE,TAX_REV,S13,T_2000,_T,PT_B1GQ,A,5.199
2003,LIE,TAX_REV,S13,T_1000,_T,PT_B1GQ,A,6.918
2004,LIE,TAX_REV,S13,T_1000,_T,PT_B1GQ,A,6.258
2004,LIE,TAX_REV,S13,T_2000,_T,PT_B1GQ,A,5.152
2004,LIE,TAX_REV,S13,_T,_T,PT_B1GQ,A,19.142
2004,LIE,TAX_REV,S13,T_4000,_T,PT_B1GQ,A,2.904
2004,LIE,TAX_REV,S13,T_5000,_T,PT_B1GQ,A,4.825
2005,LIE,TAX_REV,S13,T_5000,_T,PT_B1GQ,A,4.62
2005,LIE,TAX_REV,S13,T_4000,_T,PT_B1GQ,A,3.15
2005,LIE,TAX_REV,S13,_T,_T,PT_B1GQ,A,19.29
2005,LIE,TAX_REV,S13,T_2000,_T,PT_B1GQ,A,5.121
2005,LIE,TAX_REV,S13,T_1000,_T,PT_B1GQ,A,6.397
2006,LIE,TAX_REV,S13,T_1000,_T,PT_B1GQ,A,6.434
2006,LIE,TAX_REV,S13,T_2000,_T,PT_B1GQ,A,5.057
2006,LIE,TAX_REV,S13,_T,_T,PT_B1GQ,A,18.962
2006,LIE,TAX_REV,S13,T_4000,_T,PT_B1GQ,A,3.211
2006,LIE,TAX_REV,S13,T_5000,_T,PT_B1GQ,A,4.258
2007,LIE,TAX_REV,S13,T_5000,_T,PT_B1GQ,A,4.183
2007,LIE,TAX_REV,S13,T_4000,_T,PT_B1GQ,A,2.818
2007,LIE,TAX_REV,S13,_T,_T,PT_B1GQ,A,18.907
2007,LIE,TAX_REV,S13,T_2000,_T,PT_B1GQ,A,4.862
2007,LIE,TAX_REV,S13,T_1000,_T,PT_B1GQ,A,7.041
2008,LIE,TAX_REV,S13,T_1000,_T,PT_B1GQ,A,7.544
2008,LIE,TAX_REV,S13,T_2000,_T,PT_B1GQ,A,5.138
2008,LIE,TAX_REV,S13,_T,_T,PT_B1GQ,A,20.107
2008,LIE,TAX_REV,S13,T_4000,_T,PT_B1GQ,A,2.865
2008,LIE,TAX_REV,S13,T_5000,_T,PT_B1GQ,A,4.557
2009,LIE,TAX_REV,S13,T_5000,_T,PT_B1GQ,A,4.935
2009,LIE,TAX_REV,S13,T_4000,_T,PT_B1GQ,A,2.793
2009,LIE,TAX_REV,S13,_T,_T,PT_B1GQ,A,21.217
2009,LIE,TAX_REV,S13,T_2000,_T,PT_B1GQ,A,6.074
2009,LIE,TAX_REV,S13,T_1000,_T,PT_B1GQ,A,7.41
2010,LIE,TAX_REV,S13,T_1000,_T,PT_B1GQ,A,6.573
2010,LIE,TAX_REV,S13,T_2000,_T,PT_B1GQ,A,5.531
2010,LIE,TAX_REV,S13,_T,_T,PT_B1GQ,A,19.868
2010,LIE,TAX_REV,S13,T_4000,_T,PT_B1GQ,A,2.729
2010,LIE,TAX_REV,S13,T_5000,_T,PT_B1GQ,A,5.032
2011,LIE,TAX_REV,S13,T_5000,_T,PT_B1GQ,A,4.868
2011,LIE,TAX_REV,S13,T_4000,_T,PT_B1GQ,A,2.311
2011,LIE,TAX_REV,S13,_T,_T,PT_B1GQ,A,20.343
2011,LIE,TAX_REV,S13,T_2000,_T,PT_B1GQ,A,5.871
2011,LIE,TAX_REV,S13,T_1000,_T,PT_B1GQ,A,7.289
2012,LIE,TAX_REV,S13,T_1000,_T,PT_B1GQ,A,9.468
2012,LIE,TAX_REV,S13,T_2000,_T,PT_B1GQ,A,6.062
2012,LIE,TAX_REV,S13,_T,_T,PT_B1GQ,A,21.953
2012,LIE,TAX_REV,S13,T_4000,_T,PT_B1GQ,A,1.711
2012,LIE,TAX_REV,S13,T_5000,_T,PT_B1GQ,A,4.708
2013,LIE,TAX_REV,S13,T_5000,_T,PT_B1GQ,A,4.246
2013,LIE,TAX_REV,S13,T_4000,_T,PT_B1GQ,A,1.257
2013,LIE,TAX_REV,S13,_T,_T,PT_B1GQ,A,17.007
2013,LIE,TAX_REV,S13,T_2000,_T,PT_B1GQ,A,5.896
2013,LIE,TAX_REV,S13,T_1000,_T,PT_B1GQ,A,5.604
2014,LIE,TAX_REV,S13,T_1000,_T,PT_B1GQ,A,8.161
2014,LIE,TAX_REV,S13,T_2000,_T,PT_B1GQ,A,5.951
2014,LIE,TAX_REV,S13,_T,_T,PT_B1GQ,A,18.745
2014,LIE,TAX_REV,S13,T_4000,_T,PT_B1GQ,A,0.679
2014,LIE,TAX_REV,S13,T_5000,_T,PT_B1GQ,A,3.951
2015,LIE,TAX_REV,S13,T_5000,_T,PT_B1GQ,A,4.151
2015,LIE,TAX_REV,S13,T_4000,_T,PT_B1GQ,A,0.609
2015,LIE,TAX_REV,S13,_T,_T,PT_B1GQ,A,20.428
2015,LIE,TAX_REV,S13,T_2000,_T,PT_B1GQ,A,6.049
2015,LIE,TAX_REV,S13,T_1000,_T,PT_B1GQ,A,9.615
2016,LIE,TAX_REV,S13,T_1000,_T,PT_B1GQ,A,8.79
2016,LIE,TAX_REV,S13,T_2000,_T,PT_B1GQ,A,6.091
2016,LIE,TAX_REV,S13,_T,_T,PT_B1GQ,A,19.956
2016,LIE,TAX_REV,S13,T_4000,_T,PT_B1GQ,A,0.537
2016,LIE,TAX_REV,S13,T_5000,_T,PT_B1GQ,A,4.535
2017,LIE,TAX_REV,S13,T_5000,_T,PT_B1GQ,A,4.247
2017,LIE,TAX_REV,S13,T_4000,_T,PT_B1GQ,A,0.617
2017,LIE,TAX_REV,S13,_T,_T,PT_B1GQ,A,19.331
2017,LIE,TAX_REV,S13,T_2000,_T,PT_B1GQ,A,5.829
2017,LIE,TAX_REV,S13,T_1000,_T,PT_B1GQ,A,8.633
2018,LIE,TAX_REV,S13,T_1000,_T,PT_B1GQ,A,8.935
2018,LIE,TAX_REV,S13,T_2000,_T,PT_B1GQ,A,5.979
2018,LIE,TAX_REV,S13,_T,_T,PT_B1GQ,A,19.882
2018,LIE,TAX_REV,S13,T_4000,_T,PT_B1GQ,A,0.578
2018,LIE,TAX_REV,S13,T_5000,_T,PT_B1GQ,A,4.386
2019,LIE,TAX_REV,S13,T_5000,_T,PT_B1GQ,A,5.015
2019,LIE,TAX_REV,S13,T_4000,_T,PT_B1GQ,A,0.569
2019,LIE,TAX_REV,S13,_T,_T,PT_B1GQ,A,21.494
2019,LIE,TAX_REV,S13,T_2000,_T,PT_B1GQ,A,6.518
2019,LIE,TAX_REV,S13,T_1000,_T,PT_B1GQ,A,9.389
2020,LIE,TAX_REV,S13,T_1000,_T,PT_B1GQ,A,15.19
2020,LIE,TAX_REV,S13,T_2000,_T,PT_B1GQ,A,7.002
2020,LIE,TAX_REV,S13,_T,_T,PT_B1GQ,A,28.141
2020,LIE,TAX_REV,S13,T_4000,_T,PT_B1GQ,A,0.746
2020,LIE,TAX_REV,S13,T_5000,_T,PT_B1GQ,A,5.198
2021,LIE,TAX_REV,S13,T_5000,_T,PT_B1GQ,A,4.425
2021,LIE,TAX_REV,S13,T_4000,_T,PT_B1GQ,A,0.771
2021,LIE,TAX_REV,S13,_T,_T,PT_B1GQ,A,19.328
2021,LIE,TAX_REV,S13,T_2000,_T,PT_B1GQ,A,5.921
2021,LIE,TAX_REV,S13,T_1000,_T,PT_B1GQ,A,8.206
2022,LIE,TAX_REV,S13,T_1000,_T,PT_B1GQ,A,8.991
2022,LIE,TAX_REV,S13,T_2000,_T,PT_B1GQ,A,6.065
2022,LIE,TAX_REV,S13,_T,_T,PT_B1GQ,A,20.809
2022,LIE,TAX_REV,S13,T_4000,_T,PT_B1GQ,A,0.734
2022,LIE,TAX_REV,S13,T_5000,_T,PT_B1GQ,A,5.015
2023,LIE,TAX_REV,S13,T_5000,_T,PT_B1GQ,A,4.981
2023,LIE,TAX_REV,S13,T_4000,_T,PT_B1GQ,A,0.564
2023,LIE,TAX_REV,S13,_T,_T,PT_B1GQ,A,21.496
2023,LIE,TAX_REV,S13,T_2000,_T,PT_B1GQ,A,6.347
2023,LIE,TAX_REV,S13,T_1000,_T,PT_B1GQ,A,9.601
1990,GUY,TAX_REV,S13,T_1000,_T,PT_B1GQ,A,5.074
1990,GUY,TAX_REV,S13,_T,_T,PT_B1GQ,A,15.155
1990,GUY,TAX_REV,S13,T_5000,_T,PT_B1GQ,A,6.372
1990,GUY,TAX_REV,S13,T_2000,_T,PT_B1GQ,A,0.553
1990,GUY,TAX_REV,S13,T_4000,_T,PT_B1GQ,A,0.152
1991,GUY,TAX_REV,S13,T_4000,_T,PT_B1GQ,A,0.076
1991,GUY,TAX_REV,S13,T_2000,_T,PT_B1GQ,A,0.414
1991,GUY,TAX_REV,S13,T_5000,_T,PT_B1GQ,A,6.013
1991,GUY,TAX_REV,S13,_T,_T,PT_B1GQ,A,13.5
1991,GUY,TAX_REV,S13,T_1000,_T,PT_B1GQ,A,4.122
1992,GUY,TAX_REV,S13,T_1000,_T,PT_B1GQ,A,5.709
1992,GUY,TAX_REV,S13,_T,_T,PT_B1GQ,A,17.339
1992,GUY,TAX_REV,S13,T_5000,_T,PT_B1GQ,A,6.738
1992,GUY,TAX_REV,S13,T_2000,_T,PT_B1GQ,A,0.749
1992,GUY,TAX_REV,S13,T_4000,_T,PT_B1GQ,A,0.107
1993,GUY,TAX_REV,S13,T_4000,_T,PT_B1GQ,A,0.203
1993,GUY,TAX_REV,S13,T_2000,_T,PT_B1GQ,A,0.872
1993,GUY,TAX_REV,S13,T_5000,_T,PT_B1GQ,A,7.353
1993,GUY,TAX_REV,S13,_T,_T,PT_B1GQ,A,17.191
1993,GUY,TAX_REV,S13,T_1000,_T,PT_B1GQ,A,5.56
1994,GUY,TAX_REV,S13,T_1000,_T,PT_B1GQ,A,4.995
1994,GUY,TAX_REV,S13,_T,_T,PT_B1GQ,A,14.809
1994,GUY,TAX_REV,S13,T_5000,_T,PT_B1GQ,A,5.966
1994,GUY,TAX_REV,S13,T_2000,_T,PT_B1GQ,A,0.982
1994,GUY,TAX_REV,S13,T_4000,_T,PT_B1GQ,A,0.225
1995,GUY,TAX_REV,S13,T_4000,_T,PT_B1GQ,A,0.226
1995,GUY,TAX_REV,S13,T_2000,_T,PT_B1GQ,A,1.195
1995,GUY,TAX_REV,S13,T_5000,_T,PT_B1GQ,A,7.577
1995,GUY,TAX_REV,S13,_T,_T,PT_B1GQ,A,16.074
1995,GUY,TAX_REV,S13,T_1000,_T,PT_B1GQ,A,5.788
1996,GUY,TAX_REV,S13,T_1000,_T,PT_B1GQ,A,6.204
1996,GUY,TAX_REV,S13,_T,_T,PT_B1GQ,A,16.815
1996,GUY,TAX_REV,S13,T_5000,_T,PT_B1GQ,A,7.98
1996,GUY,TAX_REV,S13,T_2000,_T,PT_B1GQ,A,1.305
1996,GUY,TAX_REV,S13,T_4000,_T,PT_B1GQ,A,0.242
1997,GUY,TAX_REV,S13,T_4000,_T,PT_B1GQ,A,0.216
1997,GUY,TAX_REV,S13,T_2000,_T,PT_B1GQ,A,1.437
1997,GUY,TAX_REV,S13,T_5000,_T,PT_B1GQ,A,7.254
1997,GUY,TAX_REV,S13,_T,_T,PT_B1GQ,A,15.313
1997,GUY,TAX_REV,S13,T_1000,_T,PT_B1GQ,A,5.481
1998,GUY,TAX_REV,S13,T_1000,_T,PT_B1GQ,A,5.326
1998,GUY,TAX_REV,S13,_T,_T,PT_B1GQ,A,15.4
1998,GUY,TAX_REV,S13,T_5000,_T,PT_B1GQ,A,7.237
1998,GUY,TAX_REV,S13,T_2000,_T,PT_B1GQ,A,1.708
1998,GUY,TAX_REV,S13,T_4000,_T,PT_B1GQ,A,0.203
1999,GUY,TAX_REV,S13,T_4000,_T,PT_B1GQ,A,0.185
1999,GUY,TAX_REV,S13,T_2000,_T,PT_B1GQ,A,1.537
1999,GUY,TAX_REV,S13,T_5000,_T,PT_B1GQ,A,6.455
1999,GUY,TAX_REV,S13,_T,_T,PT_B1GQ,A,14.082
1999,GUY,TAX_REV,S13,T_1000,_T,PT_B1GQ,A,5.198
2000,GUY,TAX_REV,S13,T_1000,_T,PT_B1GQ,A,5.925
2000,GUY,TAX_REV,S13,_T,_T,PT_B1GQ,A,15.656
2000,GUY,TAX_REV,S13,T_5000,_T,PT_B1GQ,A,7.617
2000,GUY,TAX_REV,S13,T_2000,_T,PT_B1GQ,A,1.783
2000,GUY,TAX_REV,S13,T_4000,_T,PT_B1GQ,A,0.257
2001,GUY,TAX_REV,S13,T_4000,_T,PT_B1GQ,A,0.251
2001,GUY,TAX_REV,S13,T_2000,_T,PT_B1GQ,A,1.809
2001,GUY,TAX_REV,S13,T_5000,_T,PT_B1GQ,A,7.05
2001,GUY,TAX_REV,S13,_T,_T,PT_B1GQ,A,15.127
2001,GUY,TAX_REV,S13,T_1000,_T,PT_B1GQ,A,5.985
2002,GUY,TAX_REV,S13,T_1000,_T,PT_B1GQ,A,6.328
2002,GUY,TAX_REV,S13,_T,_T,PT_B1GQ,A,15.647
2002,GUY,TAX_REV,S13,T_5000,_T,PT_B1GQ,A,6.928
2002,GUY,TAX_REV,S13,T_2000,_T,PT_B1GQ,A,1.87
2002,GUY,TAX_REV,S13,T_4000,_T,PT_B1GQ,A,0.393
2003,GUY,TAX_REV,S13,T_4000,_T,PT_B1GQ,A,0.293
2003,GUY,TAX_REV,S13,T_2000,_T,PT_B1GQ,A,1.868
2003,GUY,TAX_REV,S13,T_5000,_T,PT_B1GQ,A,6.831
2003,GUY,TAX_REV,S13,_T,_T,PT_B1GQ,A,15.348
2003,GUY,TAX_REV,S13,T_1000,_T,PT_B1GQ,A,6.255
2004,GUY,TAX_REV,S13,T_1000,_T,PT_B1GQ,A,6.517
2004,GUY,TAX_REV,S13,_T,_T,PT_B1GQ,A,16.754
2004,GUY,TAX_REV,S13,T_5000,_T,PT_B1GQ,A,7.88
2004,GUY,TAX_REV,S13,T_2000,_T,PT_B1GQ,A,1.97
2004,GUY,TAX_REV,S13,T_4000,_T,PT_B1GQ,A,0.228
2005,GUY,TAX_REV,S13,T_4000,_T,PT_B1GQ,A,0.242
2005,GUY,TAX_REV,S13,T_2000,_T,PT_B1GQ,A,1.949
2005,GUY,TAX_REV,S13,T_5000,_T,PT_B1GQ,A,8.166
2005,GUY,TAX_REV,S13,_T,_T,PT_B1GQ,A,17.629
2005,GUY,TAX_REV,S13,T_1000,_T,PT_B1GQ,A,6.968
2006,GUY,TAX_REV,S13,T_1000,_T,PT_B1GQ,A,5.638
2006,GUY,TAX_REV,S13,_T,_T,PT_B1GQ,A,13.907
2006,GUY,TAX_REV,S13,T_5000,_T,PT_B1GQ,A,6.404
2006,GUY,TAX_REV,S13,T_2000,_T,PT_B1GQ,A,1.566
2006,GUY,TAX_REV,S13,T_4000,_T,PT_B1GQ,A,0.182
2007,GUY,TAX_REV,S13,T_4000,_T,PT_B1GQ,A,0.174
2007,GUY,TAX_REV,S13,T_2000,_T,PT_B1GQ,A,1.459
2007,GUY,TAX_REV,S13,T_5000,_T,PT_B1GQ,A,8.423
2007,GUY,TAX_REV,S13,_T,_T,PT_B1GQ,A,15.561
2007,GUY,TAX_REV,S13,T_1000,_T,PT_B1GQ,A,5.342
2008,GUY,TAX_REV,S13,T_1000,_T,PT_B1GQ,A,5.122
2008,GUY,TAX_REV,S13,_T,_T,PT_B1GQ,A,14.477
2008,GUY,TAX_REV,S13,T_5000,_T,PT_B1GQ,A,7.437
2008,GUY,TAX_REV,S13,T_2000,_T,PT_B1GQ,A,1.434
2008,GUY,TAX_REV,S13,T_4000,_T,PT_B1GQ,A,0.214
2009,GUY,TAX_REV,S13,T_4000,_T,PT_B1GQ,A,0.256
2009,GUY,TAX_REV,S13,T_2000,_T,PT_B1GQ,A,1.379
2009,GUY,TAX_REV,S13,T_5000,_T,PT_B1GQ,A,8.33
2009,GUY,TAX_REV,S13,_T,_T,PT_B1GQ,A,15.322
2009,GUY,TAX_REV,S13,T_1000,_T,PT_B1GQ,A,5.194
2010,GUY,TAX_REV,S13,T_1000,_T,PT_B1GQ,A,5.659
2010,GUY,TAX_REV,S13,_T,_T,PT_B1GQ,A,16.008
2010,GUY,TAX_REV,S13,T_5000,_T,PT_B1GQ,A,8.491
2010,GUY,TAX_REV,S13,T_2000,_T,PT_B1GQ,A,1.437
2010,GUY,TAX_REV,S13,T_4000,_T,PT_B1GQ,A,0.296
2011,GUY,TAX_REV,S13,T_4000,_T,PT_B1GQ,A,0.282
2011,GUY,TAX_REV,S13,T_2000,_T,PT_B1GQ,A,1.436
2011,GUY,TAX_REV,S13,T_5000,_T,PT_B1GQ,A,8.717
2011,GUY,TAX_REV,S13,_T,_T,PT_B1GQ,A,16.359
2011,GUY,TAX_REV,S13,T_1000,_T,PT_B1GQ,A,5.772
2012,GUY,TAX_REV,S13,T_1000,_T,PT_B1GQ,A,5.365
2012,GUY,TAX_REV,S13,_T,_T,PT_B1GQ,A,15.816
2012,GUY,TAX_REV,S13,T_5000,_T,PT_B1GQ,A,8.592
2012,GUY,TAX_REV,S13,T_2000,_T,PT_B1GQ,A,1.424
2012,GUY,TAX_REV,S13,T_4000,_T,PT_B1GQ,A,0.289
2013,GUY,TAX_REV,S13,T_4000,_T,PT_B1GQ,A,0.359
2013,GUY,TAX_REV,S13,T_2000,_T,PT_B1GQ,A,1.541
2013,GUY,TAX_REV,S13,T_5000,_T,PT_B1GQ,A,8.959
2013,GUY,TAX_REV,S13,_T,_T,PT_B1GQ,A,16.433
2013,GUY,TAX_REV,S13,T_1000,_T,PT_B1GQ,A,5.442
2014,GUY,TAX_REV,S13,T_1000,_T,PT_B1GQ,A,6.057
2014,GUY,TAX_REV,S13,_T,_T,PT_B1GQ,A,17.765
2014,GUY,TAX_REV,S13,T_5000,_T,PT_B1GQ,A,9.517
2014,GUY,TAX_REV,S13,T_2000,_T,PT_B1GQ,A,1.758
2014,GUY,TAX_REV,S13,T_4000,_T,PT_B1GQ,A,0.359
2015,GUY,TAX_REV,S13,T_4000,_T,PT_B1GQ,A,0.416
2015,GUY,TAX_REV,S13,T_2000,_T,PT_B1GQ,A,1.883
2015,GUY,TAX_REV,S13,T_5000,_T,PT_B1GQ,A,9.496
2015,GUY,TAX_REV,S13,_T,_T,PT_B1GQ,A,18.092
2015,GUY,TAX_REV,S13,T_1000,_T,PT_B1GQ,A,6.224
2016,GUY,TAX_REV,S13,T_1000,_T,PT_B1GQ,A,6.603
2016,GUY,TAX_REV,S13,_T,_T,PT_B1GQ,A,18.398
2016,GUY,TAX_REV,S13,T_5000,_T,PT_B1GQ,A,9.339
2016,GUY,TAX_REV,S13,T_2000,_T,PT_B1GQ,A,1.967
2016,GUY,TAX_REV,S13,T_4000,_T,PT_B1GQ,A,0.386
2017,GUY,TAX_REV,S13,T_4000,_T,PT_B1GQ,A,0.411
2017,GUY,TAX_REV,S13,T_2000,_T,PT_B1GQ,A,2.031
2017,GUY,TAX_REV,S13,T_5000,_T,PT_B1GQ,A,9.944
2017,GUY,TAX_REV,S13,_T,_T,PT_B1GQ,A,19.532
2017,GUY,TAX_REV,S13,T_1000,_T,PT_B1GQ,A,6.944
2018,GUY,TAX_REV,S13,T_1000,_T,PT_B1GQ,A,7.94
2018,GUY,TAX_REV,S13,_T,_T,PT_B1GQ,A,22.165
2018,GUY,TAX_REV,S13,T_5000,_T,PT_B1GQ,A,11.385
2018,GUY,TAX_REV,S13,T_2000,_T,PT_B1GQ,A,2.13
2018,GUY,TAX_REV,S13,T_4000,_T,PT_B1GQ,A,0.49
2019,GUY,TAX_REV,S13,T_4000,_T,PT_B1GQ,A,0.456
2019,GUY,TAX_REV,S13,T_2000,_T,PT_B1GQ,A,2.2
2019,GUY,TAX_REV,S13,T_5000,_T,PT_B1GQ,A,11.583
2019,GUY,TAX_REV,S13,_T,_T,PT_B1GQ,A,23.198
2019,GUY,TAX_REV,S13,T_1000,_T,PT_B1GQ,A,8.761
2020,GUY,TAX_REV,S13,T_1000,_T,PT_B1GQ,A,9.271
2020,GUY,TAX_REV,S13,_T,_T,PT_B1GQ,A,21.346
2020,GUY,TAX_REV,S13,T_5000,_T,PT_B1GQ,A,9.352
2020,GUY,TAX_REV,S13,T_2000,_T,PT_B1GQ,A,2.166
2020,GUY,TAX_REV,S13,T_4000,_T,PT_B1GQ,A,0.385
2021,GUY,TAX_REV,S13,T_4000,_T,PT_B1GQ,A,0.333
2021,GUY,TAX_REV,S13,T_2000,_T,PT_B1GQ,A,1.594
2021,GUY,TAX_REV,S13,T_5000,_T,PT_B1GQ,A,7.398
2021,GUY,TAX_REV,S13,_T,_T,PT_B1GQ,A,16.843
2021,GUY,TAX_REV,S13,T_1000,_T,PT_B1GQ,A,7.401
2022,GUY,TAX_REV,S13,T_1000,_T,PT_B1GQ,A,5.37
2022,GUY,TAX_REV,S13,_T,_T,PT_B1GQ,A,10.57
2022,GUY,TAX_REV,S13,T_5000,_T,PT_B1GQ,A,3.899
2022,GUY,TAX_REV,S13,T_2000,_T,PT_B1GQ,A,1.022
2022,GUY,TAX_REV,S13,T_4000,_T,PT_B1GQ,A,0.213
2023,GUY,TAX_REV,S13,T_4000,_T,PT_B1GQ,A,0.217
2023,GUY,TAX_REV,S13,T_2000,_T,PT_B1GQ,A,1.023
2023,GUY,TAX_REV,S13,T_5000,_T,PT_B1GQ,A,4.23
2023,GUY,TAX_REV,S13,_T,_T,PT_B1GQ,A,11.593
2023,GUY,TAX_REV,S13,T_1000,_T,PT_B1GQ,A,6.064
1990,URY,TAX_REV,S13,T_5000,_T,PT_B1GQ,A,10.366
1990,URY,TAX_REV,S13,T_4000,_T,PT_B1GQ,A,1.623
1990,URY,TAX_REV,S13,_T,_T,PT_B1GQ,A,18.305
1990,URY,TAX_REV,S13,T_2000,_T,PT_B1GQ,A,5.471
1990,URY,TAX_REV,S13,T_1000,_T,PT_B1GQ,A,0.868
1991,URY,TAX_REV,S13,T_1000,_T,PT_B1GQ,A,0.727
1991,URY,TAX_REV,S13,T_2000,_T,PT_B1GQ,A,5.977
1991,URY,TAX_REV,S13,_T,_T,PT_B1GQ,A,19.062
1991,URY,TAX_REV,S13,T_4000,_T,PT_B1GQ,A,1.515
1991,URY,TAX_REV,S13,T_5000,_T,PT_B1GQ,A,10.75
1992,URY,TAX_REV,S13,T_5000,_T,PT_B1GQ,A,10.986
1992,URY,TAX_REV,S13,_T,_T,PT_B1GQ,A,20.047
1992,URY,TAX_REV,S13,T_4000,_T,PT_B1GQ,A,1.755
1992,URY,TAX_REV,S13,T_2000,_T,PT_B1GQ,A,6.15
1992,URY,TAX_REV,S13,T_1000,_T,PT_B1GQ,A,1.037
1993,URY,TAX_REV,S13,T_1000,_T,PT_B1GQ,A,1.311
1993,URY,TAX_REV,S13,T_2000,_T,PT_B1GQ,A,5.91
1993,URY,TAX_REV,S13,T_4000,_T,PT_B1GQ,A,1.779
1993,URY,TAX_REV,S13,_T,_T,PT_B1GQ,A,19.608
1993,URY,TAX_REV,S13,T_5000,_T,PT_B1GQ,A,10.469
1994,URY,TAX_REV,S13,T_5000,_T,PT_B1GQ,A,10.329
1994,URY,TAX_REV,S13,_T,_T,PT_B1GQ,A,19.36
1994,URY,TAX_REV,S13,T_4000,_T,PT_B1GQ,A,1.794
1994,URY,TAX_REV,S13,T_2000,_T,PT_B1GQ,A,5.804
1994,URY,TAX_REV,S13,T_1000,_T,PT_B1GQ,A,1.294
1995,URY,TAX_REV,S13,T_1000,_T,PT_B1GQ,A,1.397
1995,URY,TAX_REV,S13,T_2000,_T,PT_B1GQ,A,5.791
1995,URY,TAX_REV,S13,T_4000,_T,PT_B1GQ,A,1.841
1995,URY,TAX_REV,S13,_T,_T,PT_B1GQ,A,19.609
1995,URY,TAX_REV,S13,T_5000,_T,PT_B1GQ,A,10.523
1996,URY,TAX_REV,S13,T_5000,_T,PT_B1GQ,A,10.738
1996,URY,TAX_REV,S13,_T,_T,PT_B1GQ,A,19.801
1996,URY,TAX_REV,S13,T_4000,_T,PT_B1GQ,A,1.894
1996,URY,TAX_REV,S13,T_2000,_T,PT_B1GQ,A,5.596
1996,URY,TAX_REV,S13,T_1000,_T,PT_B1GQ,A,1.519
1997,URY,TAX_REV,S13,T_1000,_T,PT_B1GQ,A,1.454
1997,URY,TAX_REV,S13,T_2000,_T,PT_B1GQ,A,5.568
1997,URY,TAX_REV,S13,T_4000,_T,PT_B1GQ,A,2.038
1997,URY,TAX_REV,S13,_T,_T,PT_B1GQ,A,20.388
1997,URY,TAX_REV,S13,T_5000,_T,PT_B1GQ,A,11.308
1998,URY,TAX_REV,S13,T_5000,_T,PT_B1GQ,A,11.243
1998,URY,TAX_REV,S13,_T,_T,PT_B1GQ,A,20.491
1998,URY,TAX_REV,S13,T_4000,_T,PT_B1GQ,A,1.87
1998,URY,TAX_REV,S13,T_2000,_T,PT_B1GQ,A,5.648
1998,URY,TAX_REV,S13,T_1000,_T,PT_B1GQ,A,1.701
1999,URY,TAX_REV,S13,T_1000,_T,PT_B1GQ,A,2.859
1999,URY,TAX_REV,S13,T_2000,_T,PT_B1GQ,A,5.89
1999,URY,TAX_REV,S13,T_4000,_T,PT_B1GQ,A,1.796
1999,URY,TAX_REV,S13,_T,_T,PT_B1GQ,A,21.324
1999,URY,TAX_REV,S13,T_5000,_T,PT_B1GQ,A,10.725
2000,URY,TAX_REV,S13,T_5000,_T,PT_B1GQ,A,10.668
2000,URY,TAX_REV,S13,_T,_T,PT_B1GQ,A,21.304
2000,URY,TAX_REV,S13,T_4000,_T,PT_B1GQ,A,1.828
2000,URY,TAX_REV,S13,T_2000,_T,PT_B1GQ,A,5.868
2000,URY,TAX_REV,S13,T_1000,_T,PT_B1GQ,A,2.887
2001,URY,TAX_REV,S13,T_1000,_T,PT_B1GQ,A,2.742
2001,URY,TAX_REV,S13,T_2000,_T,PT_B1GQ,A,5.585
2001,URY,TAX_REV,S13,T_4000,_T,PT_B1GQ,A,1.911
2001,URY,TAX_REV,S13,_T,_T,PT_B1GQ,A,21.556
2001,URY,TAX_REV,S13,T_5000,_T,PT_B1GQ,A,11.265
2002,URY,TAX_REV,S13,T_5000,_T,PT_B1GQ,A,11.109
2002,URY,TAX_REV,S13,_T,_T,PT_B1GQ,A,21.142
2002,URY,TAX_REV,S13,T_4000,_T,PT_B1GQ,A,2.111
2002,URY,TAX_REV,S13,T_2000,_T,PT_B1GQ,A,4.826
2002,URY,TAX_REV,S13,T_1000,_T,PT_B1GQ,A,3.017
2003,URY,TAX_REV,S13,T_1000,_T,PT_B1GQ,A,3.018
2003,URY,TAX_REV,S13,T_2000,_T,PT_B1GQ,A,4.071
2003,URY,TAX_REV,S13,T_4000,_T,PT_B1GQ,A,2.496
2003,URY,TAX_REV,S13,_T,_T,PT_B1GQ,A,21.778
2003,URY,TAX_REV,S13,T_5000,_T,PT_B1GQ,A,12.028
2004,URY,TAX_REV,S13,T_5000,_T,PT_B1GQ,A,12.458
2004,URY,TAX_REV,S13,_T,_T,PT_B1GQ,A,22.267
2004,URY,TAX_REV,S13,T_4000,_T,PT_B1GQ,A,2.474
2004,URY,TAX_REV,S13,T_2000,_T,PT_B1GQ,A,4.053
2004,URY,TAX_REV,S13,T_1000,_T,PT_B1GQ,A,3.093
2005,URY,TAX_REV,S13,T_1000,_T,PT_B1GQ,A,2.983
2005,URY,TAX_REV,S13,T_2000,_T,PT_B1GQ,A,4.621
2005,URY,TAX_REV,S13,T_4000,_T,PT_B1GQ,A,2.622
2005,URY,TAX_REV,S13,_T,_T,PT_B1GQ,A,22.915
2005,URY,TAX_REV,S13,T_5000,_T,PT_B1GQ,A,12.473
2006,URY,TAX_REV,S13,T_5000,_T,PT_B1GQ,A,13.27
2006,URY,TAX_REV,S13,_T,_T,PT_B1GQ,A,24.106
2006,URY,TAX_REV,S13,T_4000,_T,PT_B1GQ,A,2.367
2006,URY,TAX_REV,S13,T_2000,_T,PT_B1GQ,A,4.892
2006,URY,TAX_REV,S13,T_1000,_T,PT_B1GQ,A,3.369
2007,URY,TAX_REV,S13,T_1000,_T,PT_B1GQ,A,3.426
2007,URY,TAX_REV,S13,T_2000,_T,PT_B1GQ,A,4.752
2007,URY,TAX_REV,S13,T_4000,_T,PT_B1GQ,A,2.209
2007,URY,TAX_REV,S13,_T,_T,PT_B1GQ,A,23.543
2007,URY,TAX_REV,S13,T_5000,_T,PT_B1GQ,A,12.957
2008,URY,TAX_REV,S13,T_5000,_T,PT_B1GQ,A,11.923
2008,URY,TAX_REV,S13,_T,_T,PT_B1GQ,A,24.044
2008,URY,TAX_REV,S13,T_4000,_T,PT_B1GQ,A,2.218
2008,URY,TAX_REV,S13,T_2000,_T,PT_B1GQ,A,5.011
2008,URY,TAX_REV,S13,T_1000,_T,PT_B1GQ,A,4.724
2009,URY,TAX_REV,S13,T_1000,_T,PT_B1GQ,A,4.716
2009,URY,TAX_REV,S13,T_2000,_T,PT_B1GQ,A,5.506
2009,URY,TAX_REV,S13,T_4000,_T,PT_B1GQ,A,2.18
2009,URY,TAX_REV,S13,_T,_T,PT_B1GQ,A,23.848
2009,URY,TAX_REV,S13,T_5000,_T,PT_B1GQ,A,11.264
2010,URY,TAX_REV,S13,T_5000,_T,PT_B1GQ,A,11.375
2010,URY,TAX_REV,S13,_T,_T,PT_B1GQ,A,24.15
2010,URY,TAX_REV,S13,T_4000,_T,PT_B1GQ,A,2.151
2010,URY,TAX_REV,S13,T_2000,_T,PT_B1GQ,A,5.642
2010,URY,TAX_REV,S13,T_1000,_T,PT_B1GQ,A,4.83
2011,URY,TAX_REV,S13,T_1000,_T,PT_B1GQ,A,4.806
2011,URY,TAX_REV,S13,T_2000,_T,PT_B1GQ,A,5.93
2011,URY,TAX_REV,S13,T_4000,_T,PT_B1GQ,A,2.098
2011,URY,TAX_REV,S13,_T,_T,PT_B1GQ,A,24.49
2011,URY,TAX_REV,S13,T_5000,_T,PT_B1GQ,A,11.515
2012,URY,TAX_REV,S13,T_5000,_T,PT_B1GQ,A,11.291
2012,URY,TAX_REV,S13,_T,_T,PT_B1GQ,A,24.755
2012,URY,TAX_REV,S13,T_4000,_T,PT_B1GQ,A,2.046
2012,URY,TAX_REV,S13,T_2000,_T,PT_B1GQ,A,6.391
2012,URY,TAX_REV,S13,T_1000,_T,PT_B1GQ,A,4.888
2013,URY,TAX_REV,S13,T_1000,_T,PT_B1GQ,A,5.31
2013,URY,TAX_REV,S13,T_2000,_T,PT_B1GQ,A,6.691
2013,URY,TAX_REV,S13,T_4000,_T,PT_B1GQ,A,2.004
2013,URY,TAX_REV,S13,_T,_T,PT_B1GQ,A,25.245
2013,URY,TAX_REV,S13,T_5000,_T,PT_B1GQ,A,11.099
2014,URY,TAX_REV,S13,T_5000,_T,PT_B1GQ,A,10.998
2014,URY,TAX_REV,S13,_T,_T,PT_B1GQ,A,25.149
2014,URY,TAX_REV,S13,T_4000,_T,PT_B1GQ,A,2.013
2014,URY,TAX_REV,S13,T_2000,_T,PT_B1GQ,A,6.958
2014,URY,TAX_REV,S13,T_1000,_T,PT_B1GQ,A,5.037
2015,URY,TAX_REV,S13,T_1000,_T,PT_B1GQ,A,5.298
2015,URY,TAX_REV,S13,T_2000,_T,PT_B1GQ,A,6.88
2015,URY,TAX_REV,S13,T_4000,_T,PT_B1GQ,A,2.041
2015,URY,TAX_REV,S13,_T,_T,PT_B1GQ,A,25.076
2015,URY,TAX_REV,S13,T_5000,_T,PT_B1GQ,A,10.721
2016,URY,TAX_REV,S13,T_5000,_T,PT_B1GQ,A,10.502
2016,URY,TAX_REV,S13,_T,_T,PT_B1GQ,A,25.486
2016,URY,TAX_REV,S13,T_4000,_T,PT_B1GQ,A,2.102
2016,URY,TAX_REV,S13,T_2000,_T,PT_B1GQ,A,6.869
2016,URY,TAX_REV,S13,T_1000,_T,PT_B1GQ,A,5.868
2017,URY,TAX_REV,S13,T_1000,_T,PT_B1GQ,A,6.721
2017,URY,TAX_REV,S13,T_2000,_T,PT_B1GQ,A,7.057
2017,URY,TAX_REV,S13,T_4000,_T,PT_B1GQ,A,2.063
2017,URY,TAX_REV,S13,_T,_T,PT_B1GQ,A,26.548
2017,URY,TAX_REV,S13,T_5000,_T,PT_B1GQ,A,10.55
2018,URY,TAX_REV,S13,T_5000,_T,PT_B1GQ,A,10.495
2018,URY,TAX_REV,S13,_T,_T,PT_B1GQ,A,26.623
2018,URY,TAX_REV,S13,T_4000,_T,PT_B1GQ,A,2.018
2018,URY,TAX_REV,S13,T_2000,_T,PT_B1GQ,A,6.951
2018,URY,TAX_REV,S13,T_1000,_T,PT_B1GQ,A,6.999
2019,URY,TAX_REV,S13,T_1000,_T,PT_B1GQ,A,6.834
2019,URY,TAX_REV,S13,T_2000,_T,PT_B1GQ,A,6.91
2019,URY,TAX_REV,S13,T_4000,_T,PT_B1GQ,A,2.014
2019,URY,TAX_REV,S13,_T,_T,PT_B1GQ,A,26.15
2019,URY,TAX_REV,S13,T_5000,_T,PT_B1GQ,A,10.229
2020,URY,TAX_REV,S13,T_5000,_T,PT_B1GQ,A,10.641
2020,URY,TAX_REV,S13,_T,_T,PT_B1GQ,A,26.625
2020,URY,TAX_REV,S13,T_4000,_T,PT_B1GQ,A,2.075
2020,URY,TAX_REV,S13,T_2000,_T,PT_B1GQ,A,6.661
2020,URY,TAX_REV,S13,T_1000,_T,PT_B1GQ,A,7.086
2021,URY,TAX_REV,S13,T_1000,_T,PT_B1GQ,A,6.756
2021,URY,TAX_REV,S13,T_2000,_T,PT_B1GQ,A,6.254
2021,URY,TAX_REV,S13,T_4000,_T,PT_B1GQ,A,1.98
2021,URY,TAX_REV,S13,_T,_T,PT_B1GQ,A,25.879
2021,URY,TAX_REV,S13,T_5000,_T,PT_B1GQ,A,10.74
2022,URY,TAX_REV,S13,T_5000,_T,PT_B1GQ,A,10.774
2022,URY,TAX_REV,S13,_T,_T,PT_B1GQ,A,27.009
2022,URY,TAX_REV,S13,T_4000,_T,PT_B1GQ,A,2.078
2022,URY,TAX_REV,S13,T_2000,_T,PT_B1GQ,A,6.797
2022,URY,TAX_REV,S13,T_1000,_T,PT_B1GQ,A,7.177
2023,URY,TAX_REV,S13,T_1000,_T,PT_B1GQ,A,7.246
2023,URY,TAX_REV,S13,T_2000,_T,PT_B1GQ,A,7.279
2023,URY,TAX_REV,S13,T_4000,_T,PT_B1GQ,A,2.133
2023,URY,TAX_REV,S13,_T,_T,PT_B1GQ,A,27.411
2023,URY,TAX_REV,S13,T_5000,_T,PT_B1GQ,A,10.559
1990,A9,TAX_REV,S13,T_2000,_T,PT_B1GQ,A,2.21
1990,A9,TAX_REV,S13,T_4000,_T,PT_B1GQ,A,0.971
1990,A9,TAX_REV,S13,T_5000,_T,PT_B1GQ,A,7.678
1990,A9,TAX_REV,S13,T_1000,_T,PT_B1GQ,A,3.247
1990,A9,TAX_REV,S13,_T,_T,PT_B1GQ,A,14.571
1991,A9,TAX_REV,S13,_T,_T,PT_B1GQ,A,14.285
1991,A9,TAX_REV,S13,T_1000,_T,PT_B1GQ,A,3.199
1991,A9,TAX_REV,S13,T_5000,_T,PT_B1GQ,A,7.691
1991,A9,TAX_REV,S13,T_4000,_T,PT_B1GQ,A,0.857
1991,A9,TAX_REV,S13,T_2000,_T,PT_B1GQ,A,2.218
1992,A9,TAX_REV,S13,T_2000,_T,PT_B1GQ,A,2.316
1992,A9,TAX_REV,S13,T_4000,_T,PT_B1GQ,A,0.806
1992,A9,TAX_REV,S13,T_5000,_T,PT_B1GQ,A,8.407
1992,A9,TAX_REV,S13,T_1000,_T,PT_B1GQ,A,3.319
1992,A9,TAX_REV,S13,_T,_T,PT_B1GQ,A,15.048
1993,A9,TAX_REV,S13,_T,_T,PT_B1GQ,A,15.295
1993,A9,TAX_REV,S13,T_1000,_T,PT_B1GQ,A,3.342
1993,A9,TAX_REV,S13,T_5000,_T,PT_B1GQ,A,8.578
1993,A9,TAX_REV,S13,T_4000,_T,PT_B1GQ,A,0.804
1993,A9,TAX_REV,S13,T_2000,_T,PT_B1GQ,A,2.403
1994,A9,TAX_REV,S13,T_2000,_T,PT_B1GQ,A,2.504
1994,A9,TAX_REV,S13,T_4000,_T,PT_B1GQ,A,0.846
1994,A9,TAX_REV,S13,T_5000,_T,PT_B1GQ,A,8.637
1994,A9,TAX_REV,S13,T_1000,_T,PT_B1GQ,A,3.423
1994,A9,TAX_REV,S13,_T,_T,PT_B1GQ,A,15.584
1995,A9,TAX_REV,S13,_T,_T,PT_B1GQ,A,15.8
1995,A9,TAX_REV,S13,T_1000,_T,PT_B1GQ,A,3.628
1995,A9,TAX_REV,S13,T_5000,_T,PT_B1GQ,A,8.755
1995,A9,TAX_REV,S13,T_4000,_T,PT_B1GQ,A,0.778
1995,A9,TAX_REV,S13,T_2000,_T,PT_B1GQ,A,2.515
1996,A9,TAX_REV,S13,T_2000,_T,PT_B1GQ,A,2.477
1996,A9,TAX_REV,S13,T_4000,_T,PT_B1GQ,A,0.688
1996,A9,TAX_REV,S13,T_5000,_T,PT_B1GQ,A,8.792
1996,A9,TAX_REV,S13,T_1000,_T,PT_B1GQ,A,3.674
1996,A9,TAX_REV,S13,_T,_T,PT_B1GQ,A,15.853
1997,A9,TAX_REV,S13,_T,_T,PT_B1GQ,A,16.122
1997,A9,TAX_REV,S13,T_1000,_T,PT_B1GQ,A,3.545
1997,A9,TAX_REV,S13,T_5000,_T,PT_B1GQ,A,9.16
1997,A9,TAX_REV,S13,T_4000,_T,PT_B1GQ,A,0.656
1997,A9,TAX_REV,S13,T_2000,_T,PT_B1GQ,A,2.491
1998,A9,TAX_REV,S13,T_2000,_T,PT_B1GQ,A,2.5
1998,A9,TAX_REV,S13,T_4000,_T,PT_B1GQ,A,0.65
1998,A9,TAX_REV,S13,T_5000,_T,PT_B1GQ,A,9.329
1998,A9,TAX_REV,S13,T_1000,_T,PT_B1GQ,A,3.467
1998,A9,TAX_REV,S13,_T,_T,PT_B1GQ,A,16.176
1999,A9,TAX_REV,S13,_T,_T,PT_B1GQ,A,16.474
1999,A9,TAX_REV,S13,T_1000,_T,PT_B1GQ,A,3.689
1999,A9,TAX_REV,S13,T_5000,_T,PT_B1GQ,A,9.273
1999,A9,TAX_REV,S13,T_4000,_T,PT_B1GQ,A,0.678
1999,A9,TAX_REV,S13,T_2000,_T,PT_B1GQ,A,2.573
2000,A9,TAX_REV,S13,T_2000,_T,PT_B1GQ,A,2.706
2000,A9,TAX_REV,S13,T_4000,_T,PT_B1GQ,A,0.676
2000,A9,TAX_REV,S13,T_5000,_T,PT_B1GQ,A,9.345
2000,A9,TAX_REV,S13,T_1000,_T,PT_B1GQ,A,3.962
2000,A9,TAX_REV,S13,_T,_T,PT_B1GQ,A,16.912
2001,A9,TAX_REV,S13,_T,_T,PT_B1GQ,A,17.16
2001,A9,TAX_REV,S13,T_1000,_T,PT_B1GQ,A,4.107
2001,A9,TAX_REV,S13,T_5000,_T,PT_B1GQ,A,9.299
2001,A9,TAX_REV,S13,T_4000,_T,PT_B1GQ,A,0.77
2001,A9,TAX_REV,S13,T_2000,_T,PT_B1GQ,A,2.755
2002,A9,TAX_REV,S13,T_2000,_T,PT_B1GQ,A,2.75
2002,A9,TAX_REV,S13,T_4000,_T,PT_B1GQ,A,0.821
2002,A9,TAX_REV,S13,T_5000,_T,PT_B1GQ,A,9.373
2002,A9,TAX_REV,S13,T_1000,_T,PT_B1GQ,A,4.04
2002,A9,TAX_REV,S13,_T,_T,PT_B1GQ,A,17.187
2003,A9,TAX_REV,S13,_T,_T,PT_B1GQ,A,17.541
2003,A9,TAX_REV,S13,T_1000,_T,PT_B1GQ,A,4.298
2003,A9,TAX_REV,S13,T_5000,_T,PT_B1GQ,A,9.474
2003,A9,TAX_REV,S13,T_4000,_T,PT_B1GQ,A,0.838
2003,A9,TAX_REV,S13,T_2000,_T,PT_B1GQ,A,2.601
2004,A9,TAX_REV,S13,T_2000,_T,PT_B1GQ,A,2.649
2004,A9,TAX_REV,S13,T_4000,_T,PT_B1GQ,A,0.896
2004,A9,TAX_REV,S13,T_5000,_T,PT_B1GQ,A,9.692
2004,A9,TAX_REV,S13,T_1000,_T,PT_B1GQ,A,4.425
2004,A9,TAX_REV,S13,_T,_T,PT_B1GQ,A,18.008
2005,A9,TAX_REV,S13,_T,_T,PT_B1GQ,A,18.567
2005,A9,TAX_REV,S13,T_1000,_T,PT_B1GQ,A,4.924
2005,A9,TAX_REV,S13,T_5000,_T,PT_B1GQ,A,9.657
2005,A9,TAX_REV,S13,T_4000,_T,PT_B1GQ,A,1.01
2005,A9,TAX_REV,S13,T_2000,_T,PT_B1GQ,A,2.668
2006,A9,TAX_REV,S13,T_2000,_T,PT_B1GQ,A,2.713
2006,A9,TAX_REV,S13,T_4000,_T,PT_B1GQ,A,0.996
2006,A9,TAX_REV,S13,T_5000,_T,PT_B1GQ,A,9.648
2006,A9,TAX_REV,S13,T_1000,_T,PT_B1GQ,A,5.398
2006,A9,TAX_REV,S13,_T,_T,PT_B1GQ,A,19.088
2007,A9,TAX_REV,S13,_T,_T,PT_B1GQ,A,19.682
2007,A9,TAX_REV,S13,T_1000,_T,PT_B1GQ,A,5.521
2007,A9,TAX_REV,S13,T_5000,_T,PT_B1GQ,A,10.018
2007,A9,TAX_REV,S13,T_4000,_T,PT_B1GQ,A,1.001
2007,A9,TAX_REV,S13,T_2000,_T,PT_B1GQ,A,2.715
2008,A9,TAX_REV,S13,T_2000,_T,PT_B1GQ,A,2.803
2008,A9,TAX_REV,S13,T_4000,_T,PT_B1GQ,A,0.981
2008,A9,TAX_REV,S13,T_5000,_T,PT_B1GQ,A,9.951
2008,A9,TAX_REV,S13,T_1000,_T,PT_B1GQ,A,5.739
2008,A9,TAX_REV,S13,_T,_T,PT_B1GQ,A,19.89
2009,A9,TAX_REV,S13,_T,_T,PT_B1GQ,A,19.098
2009,A9,TAX_REV,S13,T_1000,_T,PT_B1GQ,A,5.327
2009,A9,TAX_REV,S13,T_5000,_T,PT_B1GQ,A,9.464
2009,A9,TAX_REV,S13,T_4000,_T,PT_B1GQ,A,0.831
2009,A9,TAX_REV,S13,T_2000,_T,PT_B1GQ,A,3.023
2010,A9,TAX_REV,S13,T_2000,_T,PT_B1GQ,A,3.185
2010,A9,TAX_REV,S13,T_4000,_T,PT_B1GQ,A,0.824
2010,A9,TAX_REV,S13,T_5000,_T,PT_B1GQ,A,9.876
2010,A9,TAX_REV,S13,T_1000,_T,PT_B1GQ,A,5.382
2010,A9,TAX_REV,S13,_T,_T,PT_B1GQ,A,19.716
2011,A9,TAX_REV,S13,_T,_T,PT_B1GQ,A,20.099
2011,A9,TAX_REV,S13,T_1000,_T,PT_B1GQ,A,5.58
2011,A9,TAX_REV,S13,T_5000,_T,PT_B1GQ,A,9.961
2011,A9,TAX_REV,S13,T_4000,_T,PT_B1GQ,A,0.881
2011,A9,TAX_REV,S13,T_2000,_T,PT_B1GQ,A,3.246
2012,A9,TAX_REV,S13,T_2000,_T,PT_B1GQ,A,3.392
2012,A9,TAX_REV,S13,T_4000,_T,PT_B1GQ,A,0.872
2012,A9,TAX_REV,S13,T_5000,_T,PT_B1GQ,A,10.062
2012,A9,TAX_REV,S13,T_1000,_T,PT_B1GQ,A,5.574
2012,A9,TAX_REV,S13,_T,_T,PT_B1GQ,A,20.331
2013,A9,TAX_REV,S13,_T,_T,PT_B1GQ,A,20.414
2013,A9,TAX_REV,S13,T_1000,_T,PT_B1GQ,A,5.564
2013,A9,TAX_REV,S13,T_5000,_T,PT_B1GQ,A,10.028
2013,A9,TAX_REV,S13,T_4000,_T,PT_B1GQ,A,0.886
2013,A9,TAX_REV,S13,T_2000,_T,PT_B1GQ,A,3.488
2014,A9,TAX_REV,S13,T_2000,_T,PT_B1GQ,A,3.478
2014,A9,TAX_REV,S13,T_4000,_T,PT_B1GQ,A,0.895
2014,A9,TAX_REV,S13,T_5000,_T,PT_B1GQ,A,10.146
2014,A9,TAX_REV,S13,T_1000,_T,PT_B1GQ,A,5.595
2014,A9,TAX_REV,S13,_T,_T,PT_B1GQ,A,20.567
2015,A9,TAX_REV,S13,_T,_T,PT_B1GQ,A,21.043
2015,A9,TAX_REV,S13,T_1000,_T,PT_B1GQ,A,5.612
2015,A9,TAX_REV,S13,T_5000,_T,PT_B1GQ,A,10.447
2015,A9,TAX_REV,S13,T_4000,_T,PT_B1GQ,A,0.899
2015,A9,TAX_REV,S13,T_2000,_T,PT_B1GQ,A,3.628
2016,A9,TAX_REV,S13,T_2000,_T,PT_B1GQ,A,3.617
2016,A9,TAX_REV,S13,T_4000,_T,PT_B1GQ,A,0.88
2016,A9,TAX_REV,S13,T_5000,_T,PT_B1GQ,A,10.498
2016,A9,TAX_REV,S13,T_1000,_T,PT_B1GQ,A,5.405
2016,A9,TAX_REV,S13,_T,_T,PT_B1GQ,A,20.949
2017,A9,TAX_REV,S13,_T,_T,PT_B1GQ,A,20.956
2017,A9,TAX_REV,S13,T_1000,_T,PT_B1GQ,A,5.334
2017,A9,TAX_REV,S13,T_5000,_T,PT_B1GQ,A,10.552
2017,A9,TAX_REV,S13,T_4000,_T,PT_B1GQ,A,0.887
2017,A9,TAX_REV,S13,T_2000,_T,PT_B1GQ,A,3.705
2018,A9,TAX_REV,S13,T_2000,_T,PT_B1GQ,A,3.682
2018,A9,TAX_REV,S13,T_4000,_T,PT_B1GQ,A,0.873
2018,A9,TAX_REV,S13,T_5000,_T,PT_B1GQ,A,10.627
2018,A9,TAX_REV,S13,T_1000,_T,PT_B1GQ,A,5.611
2018,A9,TAX_REV,S13,_T,_T,PT_B1GQ,A,21.258
2019,A9,TAX_REV,S13,_T,_T,PT_B1GQ,A,21.44
2019,A9,TAX_REV,S13,T_1000,_T,PT_B1GQ,A,5.673
2019,A9,TAX_REV,S13,T_5000,_T,PT_B1GQ,A,10.655
2019,A9,TAX_REV,S13,T_4000,_T,PT_B1GQ,A,0.901
2019,A9,TAX_REV,S13,T_2000,_T,PT_B1GQ,A,3.724
2020,A9,TAX_REV,S13,T_2000,_T,PT_B1GQ,A,3.829
2020,A9,TAX_REV,S13,T_4000,_T,PT_B1GQ,A,0.849
2020,A9,TAX_REV,S13,T_5000,_T,PT_B1GQ,A,10.058
2020,A9,TAX_REV,S13,T_1000,_T,PT_B1GQ,A,5.594
2020,A9,TAX_REV,S13,_T,_T,PT_B1GQ,A,20.816
2021,A9,TAX_REV,S13,_T,_T,PT_B1GQ,A,21.012
2021,A9,TAX_REV,S13,T_1000,_T,PT_B1GQ,A,5.649
2021,A9,TAX_REV,S13,T_5000,_T,PT_B1GQ,A,10.214
2021,A9,TAX_REV,S13,T_4000,_T,PT_B1GQ,A,0.912
2021,A9,TAX_REV,S13,T_2000,_T,PT_B1GQ,A,3.682
2022,A9,TAX_REV,S13,T_2000,_T,PT_B1GQ,A,3.526
2022,A9,TAX_REV,S13,T_4000,_T,PT_B1GQ,A,0.891
2022,A9,TAX_REV,S13,T_5000,_T,PT_B1GQ,A,10.04
2022,A9,TAX_REV,S13,T_1000,_T,PT_B1GQ,A,6.303
2022,A9,TAX_REV,S13,_T,_T,PT_B1GQ,A,21.422
2023,A9,TAX_REV,S13,_T,_T,PT_B1GQ,A,21.261
2023,A9,TAX_REV,S13,T_1000,_T,PT_B1GQ,A,6.183
2023,A9,TAX_REV,S13,T_5000,_T,PT_B1GQ,A,10.036
2023,A9,TAX_REV,S13,T_4000,_T,PT_B1GQ,A,0.848
2023,A9,TAX_REV,S13,T_2000,_T,PT_B1GQ,A,3.585
1990,BHS,TAX_REV,S13,T_1000,_T,PT_B1GQ,A,0.0
1991,BHS,TAX_REV,S13,T_1000,_T,PT_B1GQ,A,0.0
1992,BHS,TAX_REV,S13,T_1000,_T,PT_B1GQ,A,0.0
1993,BHS,TAX_REV,S13,T_1000,_T,PT_B1GQ,A,0.0
1994,BHS,TAX_REV,S13,T_1000,_T,PT_B1GQ,A,0.0
1995,BHS,TAX_REV,S13,T_1000,_T,PT_B1GQ,A,0.0
1996,BHS,TAX_REV,S13,T_1000,_T,PT_B1GQ,A,0.0
1997,BHS,TAX_REV,S13,T_1000,_T,PT_B1GQ,A,0.0
1998,BHS,TAX_REV,S13,T_1000,_T,PT_B1GQ,A,0.0
1999,BHS,TAX_REV,S13,T_1000,_T,PT_B1GQ,A,0.0
2000,BHS,TAX_REV,S13,T_1000,_T,PT_B1GQ,A,0.0
2001,BHS,TAX_REV,S13,T_1000,_T,PT_B1GQ,A,0.0
2002,BHS,TAX_REV,S13,T_1000,_T,PT_B1GQ,A,0.0
2003,BHS,TAX_REV,S13,T_1000,_T,PT_B1GQ,A,0.0
2004,BHS,TAX_REV,S13,T_1000,_T,PT_B1GQ,A,0.0
2005,BHS,TAX_REV,S13,T_1000,_T,PT_B1GQ,A,0.0
2006,BHS,TAX_REV,S13,T_1000,_T,PT_B1GQ,A,0.0
2007,BHS,TAX_REV,S13,T_1000,_T,PT_B1GQ,A,0.0
2008,BHS,TAX_REV,S13,T_1000,_T,PT_B1GQ,A,0.0
2009,BHS,TAX_REV,S13,T_1000,_T,PT_B1GQ,A,0.0
2010,BHS,TAX_REV,S13,T_1000,_T,PT_B1GQ,A,0.0
2011,BHS,TAX_REV,S13,T_1000,_T,PT_B1GQ,A,0.0
2012,BHS,TAX_REV,S13,T_1000,_T,PT_B1GQ,A,0.0
2013,BHS,TAX_REV,S13,T_1000,_T,PT_B1GQ,A,0.0
2014,BHS,TAX_REV,S13,T_1000,_T,PT_B1GQ,A,0.0
2015,BHS,TAX_REV,S13,T_1000,_T,PT_B1GQ,A,0.0
2016,BHS,TAX_REV,S13,T_1000,_T,PT_B1GQ,A,0.0
2017,BHS,TAX_REV,S13,T_1000,_T,PT_B1GQ,A,0.0
2018,BHS,TAX_REV,S13,T_1000,_T,PT_B1GQ,A,0.0
2019,BHS,TAX_REV,S13,T_1000,_T,PT_B1GQ,A,0.0
2020,BHS,TAX_REV,S13,T_1000,_T,PT_B1GQ,A,0.0
2021,BHS,TAX_REV,S13,T_1000,_T,PT_B1GQ,A,0.0
2022,BHS,TAX_REV,S13,T_1000,_T,PT_B1GQ,A,0.0
2023,BHS,TAX_REV,S13,T_1000,_T,PT_B1GQ,A,0.0
2010,ARM,TAX_REV,S13,T_4000,_T,PT_B1GQ,A,0.0
2011,ARM,TAX_REV,S13,T_4000,_T,PT_B1GQ,A,0.0
2012,ARM,TAX_REV,S13,T_4000,_T,PT_B1GQ,A,0.0
2013,ARM,TAX_REV,S13,T_4000,_T,PT_B1GQ,A,0.0
2014,ARM,TAX_REV,S13,T_4000,_T,PT_B1GQ,A,0.0
2015,ARM,TAX_REV,S13,T_4000,_T,PT_B1GQ,A,0.0
2016,ARM,TAX_REV,S13,T_4000,_T,PT_B1GQ,A,0.0
2017,ARM,TAX_REV,S13,T_4000,_T,PT_B1GQ,A,0.0
2018,ARM,TAX_REV,S13,T_4000,_T,PT_B1GQ,A,0.0
2019,ARM,TAX_REV,S13,T_4000,_T,PT_B1GQ,A,0.0
2020,ARM,TAX_REV,S13,T_4000,_T,PT_B1GQ,A,0.0
2021,ARM,TAX_REV,S13,T_4000,_T,PT_B1GQ,A,0.0
2022,ARM,TAX_REV,S13,T_4000,_T,PT_B1GQ,A,0.0
2023,ARM,TAX_REV,S13,T_4000,_T,PT_B1GQ,A,0.0
2000,BGD,TAX_REV,S13,T_4000,_T,PT_B1GQ,A,0.0
2001,BGD,TAX_REV,S13,T_4000,_T,PT_B1GQ,A,0.0
2002,BGD,TAX_REV,S13,T_4000,_T,PT_B1GQ,A,0.0
2003,BGD,TAX_REV,S13,T_4000,_T,PT_B1GQ,A,0.0
2004,BGD,TAX_REV,S13,T_4000,_T,PT_B1GQ,A,0.0
2005,BGD,TAX_REV,S13,T_4000,_T,PT_B1GQ,A,0.0
2006,BGD,TAX_REV,S13,T_4000,_T,PT_B1GQ,A,0.0
2007,BGD,TAX_REV,S13,T_4000,_T,PT_B1GQ,A,0.0
2008,BGD,TAX_REV,S13,T_4000,_T,PT_B1GQ,A,0.0
2009,BGD,TAX_REV,S13,T_4000,_T,PT_B1GQ,A,0.0
2010,BGD,TAX_REV,S13,T_4000,_T,PT_B1GQ,A,0.0
2011,BGD,TAX_REV,S13,T_4000,_T,PT_B1GQ,A,0.0
2012,BGD,TAX_REV,S13,T_4000,_T,PT_B1GQ,A,0.0
2013,BGD,TAX_REV,S13,T_4000,_T,PT_B1GQ,A,0.0
2014,BGD,TAX_REV,S13,T_4000,_T,PT_B1GQ,A,0.0
2015,BGD,TAX_REV,S13,T_4000,_T,PT_B1GQ,A,0.0
2016,BGD,TAX_REV,S13,T_4000,_T,PT_B1GQ,A,0.0
2017,BGD,TAX_REV,S13,T_4000,_T,PT_B1GQ,A,0.0
2018,BGD,TAX_REV,S13,T_4000,_T,PT_B1GQ,A,0.0
2019,BGD,TAX_REV,S13,T_4000,_T,PT_B1GQ,A,0.0
2020,BGD,TAX_REV,S13,T_4000,_T,PT_B1GQ,A,0.0
2021,BGD,TAX_REV,S13,T_4000,_T,PT_B1GQ,A,0.0
2022,BGD,TAX_REV,S13,T_4000,_T,PT_B1GQ,A,0.0
2023,BGD,TAX_REV,S13,T_4000,_T,PT_B1GQ,A,0.0
1990,BTN,TAX_REV,S13,T_4000,_T,PT_B1GQ,A,0.0
1991,BTN,TAX_REV,S13,T_4000,_T,PT_B1GQ,A,0.0
1992,BTN,TAX_REV,S13,T_4000,_T,PT_B1GQ,A,0.0
1993,BTN,TAX_REV,S13,T_4000,_T,PT_B1GQ,A,0.0
1994,BTN,TAX_REV,S13,T_4000,_T,PT_B1GQ,A,0.0
1990,AUS,TAX_REV,S13,T_2000,_T,PT_B1GQ,A,0.0
1991,AUS,TAX_REV,S13,T_2000,_T,PT_B1GQ,A,0.0
1992,AUS,TAX_REV,S13,T_2000,_T,PT_B1GQ,A,0.0
1993,AUS,TAX_REV,S13,T_2000,_T,PT_B1GQ,A,0.0
1994,AUS,TAX_REV,S13,T_2000,_T,PT_B1GQ,A,0.0
1995,AUS,TAX_REV,S13,T_2000,_T,PT_B1GQ,A,0.0
1996,AUS,TAX_REV,S13,T_2000,_T,PT_B1GQ,A,0.0
1997,AUS,TAX_REV,S13,T_2000,_T,PT_B1GQ,A,0.0
1998,AUS,TAX_REV,S13,T_2000,_T,PT_B1GQ,A,0.0
1999,AUS,TAX_REV,S13,T_2000,_T,PT_B1GQ,A,0.0
2000,AUS,TAX_REV,S13,T_2000,_T,PT_B1GQ,A,0.0
2001,AUS,TAX_REV,S13,T_2000,_T,PT_B1GQ,A,0.0
2002,AUS,TAX_REV,S13,T_2000,_T,PT_B1GQ,A,0.0
2003,AUS,TAX_REV,S13,T_2000,_T,PT_B1GQ,A,0.0
2004,AUS,TAX_REV,S13,T_2000,_T,PT_B1GQ,A,0.0
2005,AUS,TAX_REV,S13,T_2000,_T,PT_B1GQ,A,0.0
2006,AUS,TAX_REV,S13,T_2000,_T,PT_B1GQ,A,0.0
2007,AUS,TAX_REV,S13,T_2000,_T,PT_B1GQ,A,0.0
2008,AUS,TAX_REV,S13,T_2000,_T,PT_B1GQ,A,0.0
2009,AUS,TAX_REV,S13,T_2000,_T,PT_B1GQ,A,0.0
2010,AUS,TAX_REV,S13,T_2000,_T,PT_B1GQ,A,0.0
2011,AUS,TAX_REV,S13,T_2000,_T,PT_B1GQ,A,0.0
2012,AUS,TAX_REV,S13,T_2000,_T,PT_B1GQ,A,0.0
2013,AUS,TAX_REV,S13,T_2000,_T,PT_B1GQ,A,0.0
2014,AUS,TAX_REV,S13,T_2000,_T,PT_B1GQ,A,0.0
2015,AUS,TAX_REV,S13,T_2000,_T,PT_B1GQ,A,0.0
2016,AUS,TAX_REV,S13,T_2000,_T,PT_B1GQ,A,0.0
2017,AUS,TAX_REV,S13,T_2000,_T,PT_B1GQ,A,0.0
2018,AUS,TAX_REV,S13,T_2000,_T,PT_B1GQ,A,0.0
2019,AUS,TAX_REV,S13,T_2000,_T,PT_B1GQ,A,0.0
1990,NZL,TAX_REV,S13,T_2000,_T,PT_B1GQ,A,0.0
1991,NZL,TAX_REV,S13,T_2000,_T,PT_B1GQ,A,0.0
1992,NZL,TAX_REV,S13,T_2000,_T,PT_B1GQ,A,0.0
1993,NZL,TAX_REV,S13,T_2000,_T,PT_B1GQ,A,0.0
1994,NZL,TAX_REV,S13,T_2000,_T,PT_B1GQ,A,0.0
1995,NZL,TAX_REV,S13,T_2000,_T,PT_B1GQ,A,0.0
1996,NZL,TAX_REV,S13,T_2000,_T,PT_B1GQ,A,0.0
1997,NZL,TAX_REV,S13,T_2000,_T,PT_B1GQ,A,0.0
1998,NZL,TAX_REV,S13,T_2000,_T,PT_B1GQ,A,0.0
1999,NZL,TAX_REV,S13,T_2000,_T,PT_B1GQ,A,0.0
2000,NZL,TAX_REV,S13,T_2000,_T,PT_B1GQ,A,0.0
2001,NZL,TAX_REV,S13,T_2000,_T,PT_B1GQ,A,0.0
2002,NZL,TAX_REV,S13,T_2000,_T,PT_B1GQ,A,0.0
2003,NZL,TAX_REV,S13,T_2000,_T,PT_B1GQ,A,0.0
2004,NZL,TAX_REV,S13,T_2000,_T,PT_B1GQ,A,0.0
2005,NZL,TAX_REV,S13,T_2000,_T,PT_B1GQ,A,0.0
2006,NZL,TAX_REV,S13,T_2000,_T,PT_B1GQ,A,0.0
2007,NZL,TAX_REV,S13,T_2000,_T,PT_B1GQ,A,0.0
2008,NZL,TAX_REV,S13,T_2000,_T,PT_B1GQ,A,0.0
2009,NZL,TAX_REV,S13,T_2000,_T,PT_B1GQ,A,0.0
2010,NZL,TAX_REV,S13,T_2000,_T,PT_B1GQ,A,0.0
2011,NZL,TAX_REV,S13,T_2000,_T,PT_B1GQ,A,0.0
2012,NZL,TAX_REV,S13,T_2000,_T,PT_B1GQ,A,0.0
2013,NZL,TAX_REV,S13,T_2000,_T,PT_B1GQ,A,0.0
2014,NZL,TAX_REV,S13,T_2000,_T,PT_B1GQ,A,0.0
2015,NZL,TAX_REV,S13,T_2000,_T,PT_B1GQ,A,0.0
2016,NZL,TAX_REV,S13,T_2000,_T,PT_B1GQ,A,0.0
2017,NZL,TAX_REV,S13,T_2000,_T,PT_B1GQ,A,0.0
2018,NZL,TAX_REV,S13,T_2000,_T,PT_B1GQ,A,0.0
2019,NZL,TAX_REV,S13,T_2000,_T,PT_B1GQ,A,0.0
2020,NZL,TAX_REV,S13,T_2000,_T,PT_B1GQ,A,0.0
2021,NZL,TAX_REV,S13,T_2000,_T,PT_B1GQ,A,0.0
2022,NZL,TAX_REV,S13,T_2000,_T,PT_B1GQ,A,0.0
2023,NZL,TAX_REV,S13,T_2000,_T,PT_B1GQ,A,0.0
2000,BGD,TAX_REV,S13,T_2000,_T,PT_B1GQ,A,0.0
2001,BGD,TAX_REV,S13,T_2000,_T,PT_B1GQ,A,0.0
2002,BGD,TAX_REV,S13,T_2000,_T,PT_B1GQ,A,0.0
2003,BGD,TAX_REV,S13,T_2000,_T,PT_B1GQ,A,0.0
2004,BGD,TAX_REV,S13,T_2000,_T,PT_B1GQ,A,0.0
2005,BGD,TAX_REV,S13,T_2000,_T,PT_B1GQ,A,0.0
2006,BGD,TAX_REV,S13,T_2000,_T,PT_B1GQ,A,0.0
2007,BGD,TAX_REV,S13,T_2000,_T,PT_B1GQ,A,0.0
2008,BGD,TAX_REV,S13,T_2000,_T,PT_B1GQ,A,0.0
2009,BGD,TAX_REV,S13,T_2000,_T,PT_B1GQ,A,0.0
2010,BGD,TAX_REV,S13,T_2000,_T,PT_B1GQ,A,0.0
2011,BGD,TAX_REV,S13,T_2000,_T,PT_B1GQ,A,0.0
2012,BGD,TAX_REV,S13,T_2000,_T,PT_B1GQ,A,0.0
2013,BGD,TAX_REV,S13,T_2000,_T,PT_B1GQ,A,0.0
2014,BGD,TAX_REV,S13,T_2000,_T,PT_B1GQ,A,0.0
2015,BGD,TAX_REV,S13,T_2000,_T,PT_B1GQ,A,0.0
2016,BGD,TAX_REV,S13,T_2000,_T,PT_B1GQ,A,0.0
2017,BGD,TAX_REV,S13,T_2000,_T,PT_B1GQ,A,0.0
2018,BGD,TAX_REV,S13,T_2000,_T,PT_B1GQ,A,0.0
2019,BGD,TAX_REV,S13,T_2000,_T,PT_B1GQ,A,0.0
2020,BGD,TAX_REV,S13,T_2000,_T,PT_B1GQ,A,0.0
2021,BGD,TAX_REV,S13,T_2000,_T,PT_B1GQ,A,0.0
2022,BGD,TAX_REV,S13,T_2000,_T,PT_B1GQ,A,0.0
2023,BGD,TAX_REV,S13,T_2000,_T,PT_B1GQ,A,0.0
1990,BTN,TAX_REV,S13,T_2000,_T,PT_B1GQ,A,0.0
1991,BTN,TAX_REV,S13,T_2000,_T,PT_B1GQ,A,0.0
1992,BTN,TAX_REV,S13,T_2000,_T,PT_B1GQ,A,0.0
1993,BTN,TAX_REV,S13,T_2000,_T,PT_B1GQ,A,0.0
1994,BTN,TAX_REV,S13,T_2000,_T,PT_B1GQ,A,0.0
1995,BTN,TAX_REV,S13,T_2000,_T,PT_B1GQ,A,0.0
1996,BTN,TAX_REV,S13,T_2000,_T,PT_B1GQ,A,0.0
1997,BTN,TAX_REV,S13,T_2000,_T,PT_B1GQ,A,0.0
1998,BTN,TAX_REV,S13,T_2000,_T,PT_B1GQ,A,0.0
1999,BTN,TAX_REV,S13,T_2000,_T,PT_B1GQ,A,0.0
2000,BTN,TAX_REV,S13,T_2000,_T,PT_B1GQ,A,0.0
2001,BTN,TAX_REV,S13,T_2000,_T,PT_B1GQ,A,0.0
2002,BTN,TAX_REV,S13,T_2000,_T,PT_B1GQ,A,0.0
2003,BTN,TAX_REV,S13,T_2000,_T,PT_B1GQ,A,0.0
2004,BTN,TAX_REV,S13,T_2000,_T,PT_B1GQ,A,0.0
2005,BTN,TAX_REV,S13,T_2000,_T,PT_B1GQ,A,0.0
2006,BTN,TAX_REV,S13,T_2000,_T,PT_B1GQ,A,0.0
2007,BTN,TAX_REV,S13,T_2000,_T,PT_B1GQ,A,0.0
2008,BTN,TAX_REV,S13,T_2000,_T,PT_B1GQ,A,0.0
2009,BTN,TAX_REV,S13,T_2000,_T,PT_B1GQ,A,0.0
2010,BTN,TAX_REV,S13,T_2000,_T,PT_B1GQ,A,0.0
2011,BTN,TAX_REV,S13,T_2000,_T,PT_B1GQ,A,0.0
2012,BTN,TAX_REV,S13,T_2000,_T,PT_B1GQ,A,0.0
2013,BTN,TAX_REV,S13,T_2000,_T,PT_B1GQ,A,0.0
2014,BTN,TAX_REV,S13,T_2000,_T,PT_B1GQ,A,0.0
2015,BTN,TAX_REV,S13,T_2000,_T,PT_B1GQ,A,0.0
2016,BTN,TAX_REV,S13,T_2000,_T,PT_B1GQ,A,0.0
2017,BTN,TAX_REV,S13,T_2000,_T,PT_B1GQ,A,0.0
2018,BTN,TAX_REV,S13,T_2000,_T,PT_B1GQ,A,0.0
2019,BTN,TAX_REV,S13,T_2000,_T,PT_B1GQ,A,0.0
2020,BTN,TAX_REV,S13,T_2000,_T,PT_B1GQ,A,0.0
2021,BTN,TAX_REV,S13,T_2000,_T,PT_B1GQ,A,0.0
2022,BTN,TAX_REV,S13,T_2000,_T,PT_B1GQ,A,0.0
2023,BTN,TAX_REV,S13,T_2000,_T,PT_B1GQ,A,0.0
1990,BOL,TAX_REV,S13,T_2000,_T,PT_B1GQ,A,0.0
1991,BOL,TAX_REV,S13,T_2000,_T,PT_B1GQ,A,0.0
1992,BOL,TAX_REV,S13,T_2000,_T,PT_B1GQ,A,0.0
1993,BOL,TAX_REV,S13,T_2000,_T,PT_B1GQ,A,0.0
1994,BOL,TAX_REV,S13,T_2000,_T,PT_B1GQ,A,0.0
1995,BOL,TAX_REV,S13,T_2000,_T,PT_B1GQ,A,0.0
1996,BOL,TAX_REV,S13,T_2000,_T,PT_B1GQ,A,0.0
1997,BOL,TAX_REV,S13,T_2000,_T,PT_B1GQ,A,0.0
1998,BOL,TAX_REV,S13,T_2000,_T,PT_B1GQ,A,0.0
1999,BOL,TAX_REV,S13,T_2000,_T,PT_B1GQ,A,0.0
2004,BWA,TAX_REV,S13,T_2000,_T,PT_B1GQ,A,0.0
2005,BWA,TAX_REV,S13,T_2000,_T,PT_B1GQ,A,0.0
2006,BWA,TAX_REV,S13,T_2000,_T,PT_B1GQ,A,0.0
2007,BWA,TAX_REV,S13,T_2000,_T,PT_B1GQ,A,0.0
2008,BWA,TAX_REV,S13,T_2000,_T,PT_B1GQ,A,0.0
2009,BWA,TAX_REV,S13,T_2000,_T,PT_B1GQ,A,0.0
2010,BWA,TAX_REV,S13,T_2000,_T,PT_B1GQ,A,0.0
2011,BWA,TAX_REV,S13,T_2000,_T,PT_B1GQ,A,0.0
2012,BWA,TAX_REV,S13,T_2000,_T,PT_B1GQ,A,0.0
2013,BWA,TAX_REV,S13,T_2000,_T,PT_B1GQ,A,0.0
2014,BWA,TAX_REV,S13,T_2000,_T,PT_B1GQ,A,0.0
2015,BWA,TAX_REV,S13,T_2000,_T,PT_B1GQ,A,0.0
2016,BWA,TAX_REV,S13,T_2000,_T,PT_B1GQ,A,0.0
2017,BWA,TAX_REV,S13,T_2000,_T,PT_B1GQ,A,0.0
2018,BWA,TAX_REV,S13,T_2000,_T,PT_B1GQ,A,0.0
2019,BWA,TAX_REV,S13,T_2000,_T,PT_B1GQ,A,0.0
2020,BWA,TAX_REV,S13,T_2000,_T,PT_B1GQ,A,0.0
2021,BWA,TAX_REV,S13,T_2000,_T,PT_B1GQ,A,0.0
2022,BWA,TAX_REV,S13,T_2000,_T,PT_B1GQ,A,0.0
2008,AUT,TAX_REV,S13,T_2000,_T,PT_B1GQ,A,13.673
2009,AUT,TAX_REV,S13,T_2000,_T,PT_B1GQ,A,14.106
2010,AUT,TAX_REV,S13,T_2000,_T,PT_B1GQ,A,13.999
2011,AUT,TAX_REV,S13,T_2000,_T,PT_B1GQ,A,13.978
2012,AUT,TAX_REV,S13,T_2000,_T,PT_B1GQ,A,14.096
2013,AUT,TAX_REV,S13,T_2000,_T,PT_B1GQ,A,14.462
2014,AUT,TAX_REV,S13,T_2000,_T,PT_B1GQ,A,14.501
2015,AUT,TAX_REV,S13,T_2000,_T,PT_B1GQ,A,14.485
2016,AUT,TAX_REV,S13,T_2000,_T,PT_B1GQ,A,14.493
2017,AUT,TAX_REV,S13,T_2000,_T,PT_B1GQ,A,14.598
2018,AUT,TAX_REV,S13,T_2000,_T,PT_B1GQ,A,14.709
2019,AUT,TAX_REV,S13,T_2000,_T,PT_B1GQ,A,14.877
2020,AUT,TAX_REV,S13,T_2000,_T,PT_B1GQ,A,15.498
2021,AUT,TAX_REV,S13,T_2000,_T,PT_B1GQ,A,15.363
2022,AUT,TAX_REV,S13,T_2000,_T,PT_B1GQ,A,14.734
2023,AUT,TAX_REV,S13,T_2000,_T,PT_B1GQ,A,14.837
1990,BEL,TAX_REV,S13,T_2000,_T,PT_B1GQ,A,13.749
1991,BEL,TAX_REV,S13,T_2000,_T,PT_B1GQ,A,14.272
1992,BEL,TAX_REV,S13,T_2000,_T,PT_B1GQ,A,14.465
1993,BEL,TAX_REV,S13,T_2000,_T,PT_B1GQ,A,14.679
1994,BEL,TAX_REV,S13,T_2000,_T,PT_B1GQ,A,14.359
1995,BEL,TAX_REV,S13,T_2000,_T,PT_B1GQ,A,14.038
1996,BEL,TAX_REV,S13,T_2000,_T,PT_B1GQ,A,14.106
1997,BEL,TAX_REV,S13,T_2000,_T,PT_B1GQ,A,13.927
1998,BEL,TAX_REV,S13,T_2000,_T,PT_B1GQ,A,13.979
1999,BEL,TAX_REV,S13,T_2000,_T,PT_B1GQ,A,13.919
2000,BEL,TAX_REV,S13,T_2000,_T,PT_B1GQ,A,13.508
2001,BEL,TAX_REV,S13,T_2000,_T,PT_B1GQ,A,13.686
2002,BEL,TAX_REV,S13,T_2000,_T,PT_B1GQ,A,13.908
2003,BEL,TAX_REV,S13,T_2000,_T,PT_B1GQ,A,13.804
2004,BEL,TAX_REV,S13,T_2000,_T,PT_B1GQ,A,13.503
2005,BEL,TAX_REV,S13,T_2000,_T,PT_B1GQ,A,13.301
2006,BEL,TAX_REV,S13,T_2000,_T,PT_B1GQ,A,13.263
2007,BEL,TAX_REV,S13,T_2000,_T,PT_B1GQ,A,13.351
2008,BEL,TAX_REV,S13,T_2000,_T,PT_B1GQ,A,13.789
2009,BEL,TAX_REV,S13,T_2000,_T,PT_B1GQ,A,14.279
2010,BEL,TAX_REV,S13,T_2000,_T,PT_B1GQ,A,13.911
2011,BEL,TAX_REV,S13,T_2000,_T,PT_B1GQ,A,14.081
2012,BEL,TAX_REV,S13,T_2000,_T,PT_B1GQ,A,14.261
2013,BEL,TAX_REV,S13,T_2000,_T,PT_B1GQ,A,14.338
2014,BEL,TAX_REV,S13,T_2000,_T,PT_B1GQ,A,14.164
2015,BEL,TAX_REV,S13,T_2000,_T,PT_B1GQ,A,14.08
2016,BEL,TAX_REV,S13,T_2000,_T,PT_B1GQ,A,13.481
2017,BEL,TAX_REV,S13,T_2000,_T,PT_B1GQ,A,13.411
2018,BEL,TAX_REV,S13,T_2000,_T,PT_B1GQ,A,13.266
2019,BEL,TAX_REV,S13,T_2000,_T,PT_B1GQ,A,13.186
2020,BEL,TAX_REV,S13,T_2000,_T,PT_B1GQ,A,13.505
2021,BEL,TAX_REV,S13,T_2000,_T,PT_B1GQ,A,12.894
2022,BEL,TAX_REV,S13,T_2000,_T,PT_B1GQ,A,12.889
2023,BEL,TAX_REV,S13,T_2000,_T,PT_B1GQ,A,13.186
1990,CAN,TAX_REV,S13,T_2000,_T,PT_B1GQ,A,4.26
1991,CAN,TAX_REV,S13,T_2000,_T,PT_B1GQ,A,4.666
1992,CAN,TAX_REV,S13,T_2000,_T,PT_B1GQ,A,4.983
1993,CAN,TAX_REV,S13,T_2000,_T,PT_B1GQ,A,4.89
1994,CAN,TAX_REV,S13,T_2000,_T,PT_B1GQ,A,5.016
1995,CAN,TAX_REV,S13,T_2000,_T,PT_B1GQ,A,4.845
1996,CAN,TAX_REV,S13,T_2000,_T,PT_B1GQ,A,4.892
1997,CAN,TAX_REV,S13,T_2000,_T,PT_B1GQ,A,4.765
1998,CAN,TAX_REV,S13,T_2000,_T,PT_B1GQ,A,4.956
1999,CAN,TAX_REV,S13,T_2000,_T,PT_B1GQ,A,4.75
2000,CAN,TAX_REV,S13,T_2000,_T,PT_B1GQ,A,4.719
2001,CAN,TAX_REV,S13,T_2000,_T,PT_B1GQ,A,4.838
2002,CAN,TAX_REV,S13,T_2000,_T,PT_B1GQ,A,5.033
2003,CAN,TAX_REV,S13,T_2000,_T,PT_B1GQ,A,5.057
2004,CAN,TAX_REV,S13,T_2000,_T,PT_B1GQ,A,4.887
2005,CAN,TAX_REV,S13,T_2000,_T,PT_B1GQ,A,4.821
2006,CAN,TAX_REV,S13,T_2000,_T,PT_B1GQ,A,4.768
2007,CAN,TAX_REV,S13,T_2000,_T,PT_B1GQ,A,4.673
2008,CAN,TAX_REV,S13,T_2000,_T,PT_B1GQ,A,4.521
2009,CAN,TAX_REV,S13,T_2000,_T,PT_B1GQ,A,4.861
2010,CAN,TAX_REV,S13,T_2000,_T,PT_B1GQ,A,4.609
2011,CAN,TAX_REV,S13,T_2000,_T,PT_B1GQ,A,4.538
2012,CAN,TAX_REV,S13,T_2000,_T,PT_B1GQ,A,4.699
2013,CAN,TAX_REV,S13,T_2000,_T,PT_B1GQ,A,4.752
2014,CAN,TAX_REV,S13,T_2000,_T,PT_B1GQ,A,4.68
2015,CAN,TAX_REV,S13,T_2000,_T,PT_B1GQ,A,4.842
2016,CAN,TAX_REV,S13,T_2000,_T,PT_B1GQ,A,4.888
2017,CAN,TAX_REV,S13,T_2000,_T,PT_B1GQ,A,4.624
2018,CAN,TAX_REV,S13,T_2000,_T,PT_B1GQ,A,4.65
2019,CAN,TAX_REV,S13,T_2000,_T,PT_B1GQ,A,4.685
2020,CAN,TAX_REV,S13,T_2000,_T,PT_B1GQ,A,4.841
2021,CAN,TAX_REV,S13,T_2000,_T,PT_B1GQ,A,4.804
2022,CAN,TAX_REV,S13,T_2000,_T,PT_B1GQ,A,4.748
2023,CAN,TAX_REV,S13,T_2000,_T,PT_B1GQ,A,5.186
1990,CHL,TAX_REV,S13,T_2000,_T,PT_B1GQ,A,1.506
1991,CHL,TAX_REV,S13,T_2000,_T,PT_B1GQ,A,1.359
1992,CHL,TAX_REV,S13,T_2000,_T,PT_B1GQ,A,1.415
1993,CHL,TAX_REV,S13,T_2000,_T,PT_B1GQ,A,1.342
1994,CHL,TAX_REV,S13,T_2000,_T,PT_B1GQ,A,1.276
1995,CHL,TAX_REV,S13,T_2000,_T,PT_B1GQ,A,1.177
1996,CHL,TAX_REV,S13,T_2000,_T,PT_B1GQ,A,1.244
1997,CHL,TAX_REV,S13,T_2000,_T,PT_B1GQ,A,1.25
1998,CHL,TAX_REV,S13,T_2000,_T,PT_B1GQ,A,1.316
1999,CHL,TAX_REV,S13,T_2000,_T,PT_B1GQ,A,1.37
2000,CHL,TAX_REV,S13,T_2000,_T,PT_B1GQ,A,1.366
2001,CHL,TAX_REV,S13,T_2000,_T,PT_B1GQ,A,1.383
2002,CHL,TAX_REV,S13,T_2000,_T,PT_B1GQ,A,1.402
2003,CHL,TAX_REV,S13,T_2000,_T,PT_B1GQ,A,1.376
2004,CHL,TAX_REV,S13,T_2000,_T,PT_B1GQ,A,1.37
2005,CHL,TAX_REV,S13,T_2000,_T,PT_B1GQ,A,1.361
2006,CHL,TAX_REV,S13,T_2000,_T,PT_B1GQ,A,1.288
2007,CHL,TAX_REV,S13,T_2000,_T,PT_B1GQ,A,1.274
2008,CHL,TAX_REV,S13,T_2000,_T,PT_B1GQ,A,1.373
2009,CHL,TAX_REV,S13,T_2000,_T,PT_B1GQ,A,1.427
2010,CHL,TAX_REV,S13,T_2000,_T,PT_B1GQ,A,1.349
2011,CHL,TAX_REV,S13,T_2000,_T,PT_B1GQ,A,1.336
2012,CHL,TAX_REV,S13,T_2000,_T,PT_B1GQ,A,1.387
2013,CHL,TAX_REV,S13,T_2000,_T,PT_B1GQ,A,1.434
2014,CHL,TAX_REV,S13,T_2000,_T,PT_B1GQ,A,1.426
2015,CHL,TAX_REV,S13,T_2000,_T,PT_B1GQ,A,1.42
2016,CHL,TAX_REV,S13,T_2000,_T,PT_B1GQ,A,1.447
2017,CHL,TAX_REV,S13,T_2000,_T,PT_B1GQ,A,1.465
2018,CHL,TAX_REV,S13,T_2000,_T,PT_B1GQ,A,1.471
2019,CHL,TAX_REV,S13,T_2000,_T,PT_B1GQ,A,1.532
2020,CHL,TAX_REV,S13,T_2000,_T,PT_B1GQ,A,1.543
2021,CHL,TAX_REV,S13,T_2000,_T,PT_B1GQ,A,1.175
2022,CHL,TAX_REV,S13,T_2000,_T,PT_B1GQ,A,0.98
2023,CHL,TAX_REV,S13,T_2000,_T,PT_B1GQ,A,1.164
1990,COL,TAX_REV,S13,T_2000,_T,PT_B1GQ,A,0.896
1991,COL,TAX_REV,S13,T_2000,_T,PT_B1GQ,A,1.849
1992,COL,TAX_REV,S13,T_2000,_T,PT_B1GQ,A,1.956
1993,COL,TAX_REV,S13,T_2000,_T,PT_B1GQ,A,2.193
1994,COL,TAX_REV,S13,T_2000,_T,PT_B1GQ,A,2.803
1995,COL,TAX_REV,S13,T_2000,_T,PT_B1GQ,A,3.642
1996,COL,TAX_REV,S13,T_2000,_T,PT_B1GQ,A,3.93
1997,COL,TAX_REV,S13,T_2000,_T,PT_B1GQ,A,4.09
1998,COL,TAX_REV,S13,T_2000,_T,PT_B1GQ,A,3.502
1999,COL,TAX_REV,S13,T_2000,_T,PT_B1GQ,A,3.238
2000,COL,TAX_REV,S13,T_2000,_T,PT_B1GQ,A,2.557
2001,COL,TAX_REV,S13,T_2000,_T,PT_B1GQ,A,2.533
2002,COL,TAX_REV,S13,T_2000,_T,PT_B1GQ,A,2.305
2003,COL,TAX_REV,S13,T_2000,_T,PT_B1GQ,A,2.114
2004,COL,TAX_REV,S13,T_2000,_T,PT_B1GQ,A,2.385
2005,COL,TAX_REV,S13,T_2000,_T,PT_B1GQ,A,2.321
2006,COL,TAX_REV,S13,T_2000,_T,PT_B1GQ,A,2.241
2007,COL,TAX_REV,S13,T_2000,_T,PT_B1GQ,A,2.262
2008,COL,TAX_REV,S13,T_2000,_T,PT_B1GQ,A,2.021
2009,COL,TAX_REV,S13,T_2000,_T,PT_B1GQ,A,2.061
2010,COL,TAX_REV,S13,T_2000,_T,PT_B1GQ,A,2.11
2011,COL,TAX_REV,S13,T_2000,_T,PT_B1GQ,A,1.665
2012,COL,TAX_REV,S13,T_2000,_T,PT_B1GQ,A,1.773
2013,COL,TAX_REV,S13,T_2000,_T,PT_B1GQ,A,2.331
2014,COL,TAX_REV,S13,T_2000,_T,PT_B1GQ,A,1.798
2015,COL,TAX_REV,S13,T_2000,_T,PT_B1GQ,A,1.688
2016,COL,TAX_REV,S13,T_2000,_T,PT_B1GQ,A,1.788
2017,COL,TAX_REV,S13,T_2000,_T,PT_B1GQ,A,1.451
2018,COL,TAX_REV,S13,T_2000,_T,PT_B1GQ,A,1.842
2019,COL,TAX_REV,S13,T_2000,_T,PT_B1GQ,A,1.845
2020,COL,TAX_REV,S13,T_2000,_T,PT_B1GQ,A,1.842
2021,COL,TAX_REV,S13,T_2000,_T,PT_B1GQ,A,1.817
2022,COL,TAX_REV,S13,T_2000,_T,PT_B1GQ,A,1.627
2023,COL,TAX_REV,S13,T_2000,_T,PT_B1GQ,A,1.614
1990,CRI,TAX_REV,S13,T_2000,_T,PT_B1GQ,A,6.47
1991,CRI,TAX_REV,S13,T_2000,_T,PT_B1GQ,A,4.801
1992,CRI,TAX_REV,S13,T_2000,_T,PT_B1GQ,A,5.023
1993,CRI,TAX_REV,S13,T_2000,_T,PT_B1GQ,A,5.376
1994,CRI,TAX_REV,S13,T_2000,_T,PT_B1GQ,A,5.768
1995,CRI,TAX_REV,S13,T_2000,_T,PT_B1GQ,A,5.665
1996,CRI,TAX_REV,S13,T_2000,_T,PT_B1GQ,A,5.849
1997,CRI,TAX_REV,S13,T_2000,_T,PT_B1GQ,A,5.848
1998,CRI,TAX_REV,S13,T_2000,_T,PT_B1GQ,A,6.005
1999,CRI,TAX_REV,S13,T_2000,_T,PT_B1GQ,A,6.385
2000,CRI,TAX_REV,S13,T_2000,_T,PT_B1GQ,A,6.42
2001,CRI,TAX_REV,S13,T_2000,_T,PT_B1GQ,A,6.563
2002,CRI,TAX_REV,S13,T_2000,_T,PT_B1GQ,A,6.834
2003,CRI,TAX_REV,S13,T_2000,_T,PT_B1GQ,A,6.549
2004,CRI,TAX_REV,S13,T_2000,_T,PT_B1GQ,A,6.296
2005,CRI,TAX_REV,S13,T_2000,_T,PT_B1GQ,A,6.45
2006,CRI,TAX_REV,S13,T_2000,_T,PT_B1GQ,A,6.405
2007,CRI,TAX_REV,S13,T_2000,_T,PT_B1GQ,A,6.372
2008,CRI,TAX_REV,S13,T_2000,_T,PT_B1GQ,A,6.637
2009,CRI,TAX_REV,S13,T_2000,_T,PT_B1GQ,A,7.05
2010,CRI,TAX_REV,S13,T_2000,_T,PT_B1GQ,A,7.325
2011,CRI,TAX_REV,S13,T_2000,_T,PT_B1GQ,A,7.547
2012,CRI,TAX_REV,S13,T_2000,_T,PT_B1GQ,A,7.522
2013,CRI,TAX_REV,S13,T_2000,_T,PT_B1GQ,A,7.572
2014,CRI,TAX_REV,S13,T_2000,_T,PT_B1GQ,A,7.55
2015,CRI,TAX_REV,S13,T_2000,_T,PT_B1GQ,A,7.64
2016,CRI,TAX_REV,S13,T_2000,_T,PT_B1GQ,A,7.923
2017,CRI,TAX_REV,S13,T_2000,_T,PT_B1GQ,A,7.689
2018,CRI,TAX_REV,S13,T_2000,_T,PT_B1GQ,A,7.94
2019,CRI,TAX_REV,S13,T_2000,_T,PT_B1GQ,A,8.0
2020,CRI,TAX_REV,S13,T_2000,_T,PT_B1GQ,A,8.142
2021,CRI,TAX_REV,S13,T_2000,_T,PT_B1GQ,A,8.941
2022,CRI,TAX_REV,S13,T_2000,_T,PT_B1GQ,A,8.761
2023,CRI,TAX_REV,S13,T_2000,_T,PT_B1GQ,A,8.908
1993,CZE,TAX_REV,S13,T_2000,_T,PT_B1GQ,A,14.07
1994,CZE,TAX_REV,S13,T_2000,_T,PT_B1GQ,A,14.119
1995,CZE,TAX_REV,S13,T_2000,_T,PT_B1GQ,A,14.175
1996,CZE,TAX_REV,S13,T_2000,_T,PT_B1GQ,A,14.141
1997,CZE,TAX_REV,S13,T_2000,_T,PT_B1GQ,A,14.468
1998,CZE,TAX_REV,S13,T_2000,_T,PT_B1GQ,A,14.227
1999,CZE,TAX_REV,S13,T_2000,_T,PT_B1GQ,A,14.32
2000,CZE,TAX_REV,S13,T_2000,_T,PT_B1GQ,A,14.233
2001,CZE,TAX_REV,S13,T_2000,_T,PT_B1GQ,A,14.211
2002,CZE,TAX_REV,S13,T_2000,_T,PT_B1GQ,A,14.596
2003,CZE,TAX_REV,S13,T_2000,_T,PT_B1GQ,A,14.792
2004,CZE,TAX_REV,S13,T_2000,_T,PT_B1GQ,A,14.565
2005,CZE,TAX_REV,S13,T_2000,_T,PT_B1GQ,A,14.646
2006,CZE,TAX_REV,S13,T_2000,_T,PT_B1GQ,A,14.772
2007,CZE,TAX_REV,S13,T_2000,_T,PT_B1GQ,A,14.868
2008,CZE,TAX_REV,S13,T_2000,_T,PT_B1GQ,A,14.75
2009,CZE,TAX_REV,S13,T_2000,_T,PT_B1GQ,A,14.135
2010,CZE,TAX_REV,S13,T_2000,_T,PT_B1GQ,A,14.283
2011,CZE,TAX_REV,S13,T_2000,_T,PT_B1GQ,A,14.382
2012,CZE,TAX_REV,S13,T_2000,_T,PT_B1GQ,A,14.492
2013,CZE,TAX_REV,S13,T_2000,_T,PT_B1GQ,A,14.466
2014,CZE,TAX_REV,S13,T_2000,_T,PT_B1GQ,A,14.288
2015,CZE,TAX_REV,S13,T_2000,_T,PT_B1GQ,A,14.182
2016,CZE,TAX_REV,S13,T_2000,_T,PT_B1GQ,A,14.446
2017,CZE,TAX_REV,S13,T_2000,_T,PT_B1GQ,A,14.619
2018,CZE,TAX_REV,S13,T_2000,_T,PT_B1GQ,A,15.152
2019,CZE,TAX_REV,S13,T_2000,_T,PT_B1GQ,A,15.1
2020,CZE,TAX_REV,S13,T_2000,_T,PT_B1GQ,A,15.471
2021,CZE,TAX_REV,S13,T_2000,_T,PT_B1GQ,A,15.93
2022,CZE,TAX_REV,S13,T_2000,_T,PT_B1GQ,A,15.237
2023,CZE,TAX_REV,S13,T_2000,_T,PT_B1GQ,A,15.223
1990,DNK,TAX_REV,S13,T_2000,_T,PT_B1GQ,A,0.012
1991,DNK,TAX_REV,S13,T_2000,_T,PT_B1GQ,A,0.011
1992,DNK,TAX_REV,S13,T_2000,_T,PT_B1GQ,A,0.011
1993,DNK,TAX_REV,S13,T_2000,_T,PT_B1GQ,A,0.011
1994,DNK,TAX_REV,S13,T_2000,_T,PT_B1GQ,A,0.011
1995,DNK,TAX_REV,S13,T_2000,_T,PT_B1GQ,A,0.054
1996,DNK,TAX_REV,S13,T_2000,_T,PT_B1GQ,A,0.064
1997,DNK,TAX_REV,S13,T_2000,_T,PT_B1GQ,A,0.088
1998,DNK,TAX_REV,S13,T_2000,_T,PT_B1GQ,A,0.085
1999,DNK,TAX_REV,S13,T_2000,_T,PT_B1GQ,A,0.647
2000,DNK,TAX_REV,S13,T_2000,_T,PT_B1GQ,A,0.637
2001,DNK,TAX_REV,S13,T_2000,_T,PT_B1GQ,A,0.636
2002,DNK,TAX_REV,S13,T_2000,_T,PT_B1GQ,A,0.114
2003,DNK,TAX_REV,S13,T_2000,_T,PT_B1GQ,A,0.114
2004,DNK,TAX_REV,S13,T_2000,_T,PT_B1GQ,A,0.11
2005,DNK,TAX_REV,S13,T_2000,_T,PT_B1GQ,A,0.107
2006,DNK,TAX_REV,S13,T_2000,_T,PT_B1GQ,A,0.099
2007,DNK,TAX_REV,S13,T_2000,_T,PT_B1GQ,A,0.116
2008,DNK,TAX_REV,S13,T_2000,_T,PT_B1GQ,A,0.093
2009,DNK,TAX_REV,S13,T_2000,_T,PT_B1GQ,A,0.089
2010,DNK,TAX_REV,S13,T_2000,_T,PT_B1GQ,A,0.126
2011,DNK,TAX_REV,S13,T_2000,_T,PT_B1GQ,A,0.136
2012,DNK,TAX_REV,S13,T_2000,_T,PT_B1GQ,A,0.123
2013,DNK,TAX_REV,S13,T_2000,_T,PT_B1GQ,A,0.109
2014,DNK,TAX_REV,S13,T_2000,_T,PT_B1GQ,A,0.097
2015,DNK,TAX_REV,S13,T_2000,_T,PT_B1GQ,A,0.092
2016,DNK,TAX_REV,S13,T_2000,_T,PT_B1GQ,A,0.08
2017,DNK,TAX_REV,S13,T_2000,_T,PT_B1GQ,A,0.073
2018,DNK,TAX_REV,S13,T_2000,_T,PT_B1GQ,A,0.077
2019,DNK,TAX_REV,S13,T_2000,_T,PT_B1GQ,A,0.073
2020,DNK,TAX_REV,S13,T_2000,_T,PT_B1GQ,A,0.093
2021,DNK,TAX_REV,S13,T_2000,_T,PT_B1GQ,A,0.097
2022,DNK,TAX_REV,S13,T_2000,_T,PT_B1GQ,A,0.082
2023,DNK,TAX_REV,S13,T_2000,_T,PT_B1GQ,A,0.08
1995,EST,TAX_REV,S13,T_2000,_T,PT_B1GQ,A,11.881
1996,EST,TAX_REV,S13,T_2000,_T,PT_B1GQ,A,11.493
1997,EST,TAX_REV,S13,T_2000,_T,PT_B1GQ,A,11.112
1998,EST,TAX_REV,S13,T_2000,_T,PT_B1GQ,A,11.046
1999,EST,TAX_REV,S13,T_2000,_T,PT_B1GQ,A,10.975
2000,EST,TAX_REV,S13,T_2000,_T,PT_B1GQ,A,10.914
2001,EST,TAX_REV,S13,T_2000,_T,PT_B1GQ,A,10.632
2002,EST,TAX_REV,S13,T_2000,_T,PT_B1GQ,A,10.909
2003,EST,TAX_REV,S13,T_2000,_T,PT_B1GQ,A,10.551
2004,EST,TAX_REV,S13,T_2000,_T,PT_B1GQ,A,10.25
2005,EST,TAX_REV,S13,T_2000,_T,PT_B1GQ,A,10.108
2006,EST,TAX_REV,S13,T_2000,_T,PT_B1GQ,A,9.974
2007,EST,TAX_REV,S13,T_2000,_T,PT_B1GQ,A,10.263
2008,EST,TAX_REV,S13,T_2000,_T,PT_B1GQ,A,11.378
2009,EST,TAX_REV,S13,T_2000,_T,PT_B1GQ,A,12.873
2010,EST,TAX_REV,S13,T_2000,_T,PT_B1GQ,A,12.749
2011,EST,TAX_REV,S13,T_2000,_T,PT_B1GQ,A,11.556
2012,EST,TAX_REV,S13,T_2000,_T,PT_B1GQ,A,11.059
2013,EST,TAX_REV,S13,T_2000,_T,PT_B1GQ,A,10.841
2014,EST,TAX_REV,S13,T_2000,_T,PT_B1GQ,A,10.722
2015,EST,TAX_REV,S13,T_2000,_T,PT_B1GQ,A,10.948
2016,EST,TAX_REV,S13,T_2000,_T,PT_B1GQ,A,11.014
2017,EST,TAX_REV,S13,T_2000,_T,PT_B1GQ,A,10.911
2018,EST,TAX_REV,S13,T_2000,_T,PT_B1GQ,A,11.265
2019,EST,TAX_REV,S13,T_2000,_T,PT_B1GQ,A,11.437
2020,EST,TAX_REV,S13,T_2000,_T,PT_B1GQ,A,11.957
2021,EST,TAX_REV,S13,T_2000,_T,PT_B1GQ,A,11.611
2022,EST,TAX_REV,S13,T_2000,_T,PT_B1GQ,A,11.313
2023,EST,TAX_REV,S13,T_2000,_T,PT_B1GQ,A,11.991
1990,FIN,TAX_REV,S13,T_2000,_T,PT_B1GQ,A,11.007
1991,FIN,TAX_REV,S13,T_2000,_T,PT_B1GQ,A,12.357
1992,FIN,TAX_REV,S13,T_2000,_T,PT_B1GQ,A,13.134
1993,FIN,TAX_REV,S13,T_2000,_T,PT_B1GQ,A,13.823
1994,FIN,TAX_REV,S13,T_2000,_T,PT_B1GQ,A,14.443
1995,FIN,TAX_REV,S13,T_2000,_T,PT_B1GQ,A,13.717
1996,FIN,TAX_REV,S13,T_2000,_T,PT_B1GQ,A,13.214
1997,FIN,TAX_REV,S13,T_2000,_T,PT_B1GQ,A,12.422
1998,FIN,TAX_REV,S13,T_2000,_T,PT_B1GQ,A,12.211
1999,FIN,TAX_REV,S13,T_2000,_T,PT_B1GQ,A,12.168
2000,FIN,TAX_REV,S13,T_2000,_T,PT_B1GQ,A,11.548
2001,FIN,TAX_REV,S13,T_2000,_T,PT_B1GQ,A,11.604
2002,FIN,TAX_REV,S13,T_2000,_T,PT_B1GQ,A,11.474
2003,FIN,TAX_REV,S13,T_2000,_T,PT_B1GQ,A,11.304
2004,FIN,TAX_REV,S13,T_2000,_T,PT_B1GQ,A,11.189
2005,FIN,TAX_REV,S13,T_2000,_T,PT_B1GQ,A,11.464
2006,FIN,TAX_REV,S13,T_2000,_T,PT_B1GQ,A,11.727
2007,FIN,TAX_REV,S13,T_2000,_T,PT_B1GQ,A,11.431
2008,FIN,TAX_REV,S13,T_2000,_T,PT_B1GQ,A,11.497
2009,FIN,TAX_REV,S13,T_2000,_T,PT_B1GQ,A,12.135
2010,FIN,TAX_REV,S13,T_2000,_T,PT_B1GQ,A,12.038
2011,FIN,TAX_REV,S13,T_2000,_T,PT_B1GQ,A,12.008
2012,FIN,TAX_REV,S13,T_2000,_T,PT_B1GQ,A,12.565
2013,FIN,TAX_REV,S13,T_2000,_T,PT_B1GQ,A,12.545
2014,FIN,TAX_REV,S13,T_2000,_T,PT_B1GQ,A,12.572
2015,FIN,TAX_REV,S13,T_2000,_T,PT_B1GQ,A,12.602
2016,FIN,TAX_REV,S13,T_2000,_T,PT_B1GQ,A,12.702
2017,FIN,TAX_REV,S13,T_2000,_T,PT_B1GQ,A,11.931
2018,FIN,TAX_REV,S13,T_2000,_T,PT_B1GQ,A,11.842
2019,FIN,TAX_REV,S13,T_2000,_T,PT_B1GQ,A,11.797
2020,FIN,TAX_REV,S13,T_2000,_T,PT_B1GQ,A,11.48
2021,FIN,TAX_REV,S13,T_2000,_T,PT_B1GQ,A,12.042
2022,FIN,TAX_REV,S13,T_2000,_T,PT_B1GQ,A,11.937
2023,FIN,TAX_REV,S13,T_2000,_T,PT_B1GQ,A,12.281
1990,FRA,TAX_REV,S13,T_2000,_T,PT_B1GQ,A,18.309
1991,FRA,TAX_REV,S13,T_2000,_T,PT_B1GQ,A,18.362
1992,FRA,TAX_REV,S13,T_2000,_T,PT_B1GQ,A,18.446
1993,FRA,TAX_REV,S13,T_2000,_T,PT_B1GQ,A,19.581
1994,FRA,TAX_REV,S13,T_2000,_T,PT_B1GQ,A,18.945
1995,FRA,TAX_REV,S13,T_2000,_T,PT_B1GQ,A,18.125
1996,FRA,TAX_REV,S13,T_2000,_T,PT_B1GQ,A,18.185
1997,FRA,TAX_REV,S13,T_2000,_T,PT_B1GQ,A,17.696
1998,FRA,TAX_REV,S13,T_2000,_T,PT_B1GQ,A,15.688
1999,FRA,TAX_REV,S13,T_2000,_T,PT_B1GQ,A,15.865
2000,FRA,TAX_REV,S13,T_2000,_T,PT_B1GQ,A,15.62
2001,FRA,TAX_REV,S13,T_2000,_T,PT_B1GQ,A,15.65
2002,FRA,TAX_REV,S13,T_2000,_T,PT_B1GQ,A,15.746
2003,FRA,TAX_REV,S13,T_2000,_T,PT_B1GQ,A,15.969
2004,FRA,TAX_REV,S13,T_2000,_T,PT_B1GQ,A,15.751
2005,FRA,TAX_REV,S13,T_2000,_T,PT_B1GQ,A,15.76
2006,FRA,TAX_REV,S13,T_2000,_T,PT_B1GQ,A,15.895
2007,FRA,TAX_REV,S13,T_2000,_T,PT_B1GQ,A,15.674
2008,FRA,TAX_REV,S13,T_2000,_T,PT_B1GQ,A,15.668
2009,FRA,TAX_REV,S13,T_2000,_T,PT_B1GQ,A,16.197
2010,FRA,TAX_REV,S13,T_2000,_T,PT_B1GQ,A,16.023
2011,FRA,TAX_REV,S13,T_2000,_T,PT_B1GQ,A,16.13
2012,FRA,TAX_REV,S13,T_2000,_T,PT_B1GQ,A,16.381
2013,FRA,TAX_REV,S13,T_2000,_T,PT_B1GQ,A,16.638
2014,FRA,TAX_REV,S13,T_2000,_T,PT_B1GQ,A,16.813
2015,FRA,TAX_REV,S13,T_2000,_T,PT_B1GQ,A,16.632
2016,FRA,TAX_REV,S13,T_2000,_T,PT_B1GQ,A,16.62
2017,FRA,TAX_REV,S13,T_2000,_T,PT_B1GQ,A,16.732
2018,FRA,TAX_REV,S13,T_2000,_T,PT_B1GQ,A,15.998
2019,FRA,TAX_REV,S13,T_2000,_T,PT_B1GQ,A,14.793
2020,FRA,TAX_REV,S13,T_2000,_T,PT_B1GQ,A,14.695
2021,FRA,TAX_REV,S13,T_2000,_T,PT_B1GQ,A,14.719
2022,FRA,TAX_REV,S13,T_2000,_T,PT_B1GQ,A,14.81
2023,FRA,TAX_REV,S13,T_2000,_T,PT_B1GQ,A,14.561
1990,DEU,TAX_REV,S13,T_2000,_T,PT_B1GQ,A,13.044
1991,DEU,TAX_REV,S13,T_2000,_T,PT_B1GQ,A,13.324
1992,DEU,TAX_REV,S13,T_2000,_T,PT_B1GQ,A,13.582
1993,DEU,TAX_REV,S13,T_2000,_T,PT_B1GQ,A,13.727
1994,DEU,TAX_REV,S13,T_2000,_T,PT_B1GQ,A,14.018
1995,DEU,TAX_REV,S13,T_2000,_T,PT_B1GQ,A,14.148
1996,DEU,TAX_REV,S13,T_2000,_T,PT_B1GQ,A,14.356
1997,DEU,TAX_REV,S13,T_2000,_T,PT_B1GQ,A,14.551
1998,DEU,TAX_REV,S13,T_2000,_T,PT_B1GQ,A,14.38
1999,DEU,TAX_REV,S13,T_2000,_T,PT_B1GQ,A,14.237
2000,DEU,TAX_REV,S13,T_2000,_T,PT_B1GQ,A,14.198
2001,DEU,TAX_REV,S13,T_2000,_T,PT_B1GQ,A,13.965
2002,DEU,TAX_REV,S13,T_2000,_T,PT_B1GQ,A,13.918
2003,DEU,TAX_REV,S13,T_2000,_T,PT_B1GQ,A,14.075
2004,DEU,TAX_REV,S13,T_2000,_T,PT_B1GQ,A,13.837
2005,DEU,TAX_REV,S13,T_2000,_T,PT_B1GQ,A,13.614
2006,DEU,TAX_REV,S13,T_2000,_T,PT_B1GQ,A,13.289
2007,DEU,TAX_REV,S13,T_2000,_T,PT_B1GQ,A,12.832
2008,DEU,TAX_REV,S13,T_2000,_T,PT_B1GQ,A,12.897
2009,DEU,TAX_REV,S13,T_2000,_T,PT_B1GQ,A,14.092
2010,DEU,TAX_REV,S13,T_2000,_T,PT_B1GQ,A,13.817
2011,DEU,TAX_REV,S13,T_2000,_T,PT_B1GQ,A,13.795
2012,DEU,TAX_REV,S13,T_2000,_T,PT_B1GQ,A,13.959
2013,DEU,TAX_REV,S13,T_2000,_T,PT_B1GQ,A,13.957
2014,DEU,TAX_REV,S13,T_2000,_T,PT_B1GQ,A,13.926
2015,DEU,TAX_REV,S13,T_2000,_T,PT_B1GQ,A,14.039
2016,DEU,TAX_REV,S13,T_2000,_T,PT_B1GQ,A,14.207
2017,DEU,TAX_REV,S13,T_2000,_T,PT_B1GQ,A,14.299
2018,DEU,TAX_REV,S13,T_2000,_T,PT_B1GQ,A,14.49
2019,DEU,TAX_REV,S13,T_2000,_T,PT_B1GQ,A,14.626
2020,DEU,TAX_REV,S13,T_2000,_T,PT_B1GQ,A,15.051
2021,DEU,TAX_REV,S13,T_2000,_T,PT_B1GQ,A,14.772
2022,DEU,TAX_REV,S13,T_2000,_T,PT_B1GQ,A,14.628
2023,DEU,TAX_REV,S13,T_2000,_T,PT_B1GQ,A,14.65
1990,GRC,TAX_REV,S13,T_2000,_T,PT_B1GQ,A,7.611
1991,GRC,TAX_REV,S13,T_2000,_T,PT_B1GQ,A,7.38
1992,GRC,TAX_REV,S13,T_2000,_T,PT_B1GQ,A,7.318
1993,GRC,TAX_REV,S13,T_2000,_T,PT_B1GQ,A,8.238
1994,GRC,TAX_REV,S13,T_2000,_T,PT_B1GQ,A,8.285
1995,GRC,TAX_REV,S13,T_2000,_T,PT_B1GQ,A,8.995
1996,GRC,TAX_REV,S13,T_2000,_T,PT_B1GQ,A,9.057
1997,GRC,TAX_REV,S13,T_2000,_T,PT_B1GQ,A,9.269
1998,GRC,TAX_REV,S13,T_2000,_T,PT_B1GQ,A,9.478
1999,GRC,TAX_REV,S13,T_2000,_T,PT_B1GQ,A,9.596
2000,GRC,TAX_REV,S13,T_2000,_T,PT_B1GQ,A,10.113
2001,GRC,TAX_REV,S13,T_2000,_T,PT_B1GQ,A,10.194
2002,GRC,TAX_REV,S13,T_2000,_T,PT_B1GQ,A,11.09
2003,GRC,TAX_REV,S13,T_2000,_T,PT_B1GQ,A,11.005
2004,GRC,TAX_REV,S13,T_2000,_T,PT_B1GQ,A,10.515
2005,GRC,TAX_REV,S13,T_2000,_T,PT_B1GQ,A,10.709
2006,GRC,TAX_REV,S13,T_2000,_T,PT_B1GQ,A,10.259
2007,GRC,TAX_REV,S13,T_2000,_T,PT_B1GQ,A,10.718
2008,GRC,TAX_REV,S13,T_2000,_T,PT_B1GQ,A,10.738
2009,GRC,TAX_REV,S13,T_2000,_T,PT_B1GQ,A,10.167
2010,GRC,TAX_REV,S13,T_2000,_T,PT_B1GQ,A,11.042
2011,GRC,TAX_REV,S13,T_2000,_T,PT_B1GQ,A,10.889
2012,GRC,TAX_REV,S13,T_2000,_T,PT_B1GQ,A,11.112
2013,GRC,TAX_REV,S13,T_2000,_T,PT_B1GQ,A,10.759
2014,GRC,TAX_REV,S13,T_2000,_T,PT_B1GQ,A,10.48
2015,GRC,TAX_REV,S13,T_2000,_T,PT_B1GQ,A,10.663
2016,GRC,TAX_REV,S13,T_2000,_T,PT_B1GQ,A,11.068
2017,GRC,TAX_REV,S13,T_2000,_T,PT_B1GQ,A,11.745
2018,GRC,TAX_REV,S13,T_2000,_T,PT_B1GQ,A,11.944
2019,GRC,TAX_REV,S13,T_2000,_T,PT_B1GQ,A,12.141
2020,GRC,TAX_REV,S13,T_2000,_T,PT_B1GQ,A,12.939
2021,GRC,TAX_REV,S13,T_2000,_T,PT_B1GQ,A,12.902
2022,GRC,TAX_REV,S13,T_2000,_T,PT_B1GQ,A,12.19
2023,GRC,TAX_REV,S13,T_2000,_T,PT_B1GQ,A,11.461
1991,HUN,TAX_REV,S13,T_2000,_T,PT_B1GQ,A,16.008
1992,HUN,TAX_REV,S13,T_2000,_T,PT_B1GQ,A,17.306
1993,HUN,TAX_REV,S13,T_2000,_T,PT_B1GQ,A,17.688
1994,HUN,TAX_REV,S13,T_2000,_T,PT_B1GQ,A,16.53
1995,HUN,TAX_REV,S13,T_2000,_T,PT_B1GQ,A,14.53
1996,HUN,TAX_REV,S13,T_2000,_T,PT_B1GQ,A,13.522
1997,HUN,TAX_REV,S13,T_2000,_T,PT_B1GQ,A,12.77
1998,HUN,TAX_REV,S13,T_2000,_T,PT_B1GQ,A,12.555
1999,HUN,TAX_REV,S13,T_2000,_T,PT_B1GQ,A,11.56
2000,HUN,TAX_REV,S13,T_2000,_T,PT_B1GQ,A,11.309
2001,HUN,TAX_REV,S13,T_2000,_T,PT_B1GQ,A,11.171
2002,HUN,TAX_REV,S13,T_2000,_T,PT_B1GQ,A,12.206
2003,HUN,TAX_REV,S13,T_2000,_T,PT_B1GQ,A,12.075
2004,HUN,TAX_REV,S13,T_2000,_T,PT_B1GQ,A,11.743
2005,HUN,TAX_REV,S13,T_2000,_T,PT_B1GQ,A,11.895
2006,HUN,TAX_REV,S13,T_2000,_T,PT_B1GQ,A,12.072
2007,HUN,TAX_REV,S13,T_2000,_T,PT_B1GQ,A,13.217
2008,HUN,TAX_REV,S13,T_2000,_T,PT_B1GQ,A,13.167
2009,HUN,TAX_REV,S13,T_2000,_T,PT_B1GQ,A,12.573
2010,HUN,TAX_REV,S13,T_2000,_T,PT_B1GQ,A,11.568
2011,HUN,TAX_REV,S13,T_2000,_T,PT_B1GQ,A,12.639
2012,HUN,TAX_REV,S13,T_2000,_T,PT_B1GQ,A,13.206
2013,HUN,TAX_REV,S13,T_2000,_T,PT_B1GQ,A,12.846
2014,HUN,TAX_REV,S13,T_2000,_T,PT_B1GQ,A,12.684
2015,HUN,TAX_REV,S13,T_2000,_T,PT_B1GQ,A,12.68
2016,HUN,TAX_REV,S13,T_2000,_T,PT_B1GQ,A,13.169
2017,HUN,TAX_REV,S13,T_2000,_T,PT_B1GQ,A,12.278
2018,HUN,TAX_REV,S13,T_2000,_T,PT_B1GQ,A,11.639
2019,HUN,TAX_REV,S13,T_2000,_T,PT_B1GQ,A,11.632
2020,HUN,TAX_REV,S13,T_2000,_T,PT_B1GQ,A,11.073
2021,HUN,TAX_REV,S13,T_2000,_T,PT_B1GQ,A,10.473
2022,HUN,TAX_REV,S13,T_2000,_T,PT_B1GQ,A,9.828
2023,HUN,TAX_REV,S13,T_2000,_T,PT_B1GQ,A,9.581
1990,ISL,TAX_REV,S13,T_2000,_T,PT_B1GQ,A,0.957
1991,ISL,TAX_REV,S13,T_2000,_T,PT_B1GQ,A,2.132
1992,ISL,TAX_REV,S13,T_2000,_T,PT_B1GQ,A,2.486
1993,ISL,TAX_REV,S13,T_2000,_T,PT_B1GQ,A,2.454
1994,ISL,TAX_REV,S13,T_2000,_T,PT_B1GQ,A,2.442
1995,ISL,TAX_REV,S13,T_2000,_T,PT_B1GQ,A,2.485
1996,ISL,TAX_REV,S13,T_2000,_T,PT_B1GQ,A,2.746
1997,ISL,TAX_REV,S13,T_2000,_T,PT_B1GQ,A,2.754
1998,ISL,TAX_REV,S13,T_2000,_T,PT_B1GQ,A,2.666
1999,ISL,TAX_REV,S13,T_2000,_T,PT_B1GQ,A,2.738
2000,ISL,TAX_REV,S13,T_2000,_T,PT_B1GQ,A,2.774
2001,ISL,TAX_REV,S13,T_2000,_T,PT_B1GQ,A,2.731
2002,ISL,TAX_REV,S13,T_2000,_T,PT_B1GQ,A,2.739
2003,ISL,TAX_REV,S13,T_2000,_T,PT_B1GQ,A,2.972
2004,ISL,TAX_REV,S13,T_2000,_T,PT_B1GQ,A,2.923
2005,ISL,TAX_REV,S13,T_2000,_T,PT_B1GQ,A,3.088
2006,ISL,TAX_REV,S13,T_2000,_T,PT_B1GQ,A,3.134
2007,ISL,TAX_REV,S13,T_2000,_T,PT_B1GQ,A,2.855
2008,ISL,TAX_REV,S13,T_2000,_T,PT_B1GQ,A,2.62
2009,ISL,TAX_REV,S13,T_2000,_T,PT_B1GQ,A,2.823
2010,ISL,TAX_REV,S13,T_2000,_T,PT_B1GQ,A,3.783
2011,ISL,TAX_REV,S13,T_2000,_T,PT_B1GQ,A,3.786
2012,ISL,TAX_REV,S13,T_2000,_T,PT_B1GQ,A,3.516
2013,ISL,TAX_REV,S13,T_2000,_T,PT_B1GQ,A,3.548
2014,ISL,TAX_REV,S13,T_2000,_T,PT_B1GQ,A,3.52
2015,ISL,TAX_REV,S13,T_2000,_T,PT_B1GQ,A,3.449
2016,ISL,TAX_REV,S13,T_2000,_T,PT_B1GQ,A,3.398
2017,ISL,TAX_REV,S13,T_2000,_T,PT_B1GQ,A,3.393
2018,ISL,TAX_REV,S13,T_2000,_T,PT_B1GQ,A,3.454
2019,ISL,TAX_REV,S13,T_2000,_T,PT_B1GQ,A,3.219
2020,ISL,TAX_REV,S13,T_2000,_T,PT_B1GQ,A,3.017
2021,ISL,TAX_REV,S13,T_2000,_T,PT_B1GQ,A,2.974
2022,ISL,TAX_REV,S13,T_2000,_T,PT_B1GQ,A,2.976
2023,ISL,TAX_REV,S13,T_2000,_T,PT_B1GQ,A,2.99
1990,IRL,TAX_REV,S13,T_2000,_T,PT_B1GQ,A,4.568
1991,IRL,TAX_REV,S13,T_2000,_T,PT_B1GQ,A,4.751
1992,IRL,TAX_REV,S13,T_2000,_T,PT_B1GQ,A,4.805
1993,IRL,TAX_REV,S13,T_2000,_T,PT_B1GQ,A,4.824
1994,IRL,TAX_REV,S13,T_2000,_T,PT_B1GQ,A,4.701
1995,IRL,TAX_REV,S13,T_2000,_T,PT_B1GQ,A,4.307
1996,IRL,TAX_REV,S13,T_2000,_T,PT_B1GQ,A,4.058
1997,IRL,TAX_REV,S13,T_2000,_T,PT_B1GQ,A,3.83
1998,IRL,TAX_REV,S13,T_2000,_T,PT_B1GQ,A,3.591
1999,IRL,TAX_REV,S13,T_2000,_T,PT_B1GQ,A,3.597
2000,IRL,TAX_REV,S13,T_2000,_T,PT_B1GQ,A,3.656
2001,IRL,TAX_REV,S13,T_2000,_T,PT_B1GQ,A,3.763
2002,IRL,TAX_REV,S13,T_2000,_T,PT_B1GQ,A,3.703
2003,IRL,TAX_REV,S13,T_2000,_T,PT_B1GQ,A,3.693
2004,IRL,TAX_REV,S13,T_2000,_T,PT_B1GQ,A,3.824
2005,IRL,TAX_REV,S13,T_2000,_T,PT_B1GQ,A,3.838
2006,IRL,TAX_REV,S13,T_2000,_T,PT_B1GQ,A,3.877
2007,IRL,TAX_REV,S13,T_2000,_T,PT_B1GQ,A,4.132
2008,IRL,TAX_REV,S13,T_2000,_T,PT_B1GQ,A,4.459
2009,IRL,TAX_REV,S13,T_2000,_T,PT_B1GQ,A,5.203
2010,IRL,TAX_REV,S13,T_2000,_T,PT_B1GQ,A,5.051
2011,IRL,TAX_REV,S13,T_2000,_T,PT_B1GQ,A,5.095
2012,IRL,TAX_REV,S13,T_2000,_T,PT_B1GQ,A,4.732
2013,IRL,TAX_REV,S13,T_2000,_T,PT_B1GQ,A,4.842
2014,IRL,TAX_REV,S13,T_2000,_T,PT_B1GQ,A,4.691
2015,IRL,TAX_REV,S13,T_2000,_T,PT_B1GQ,A,3.669
2016,IRL,TAX_REV,S13,T_2000,_T,PT_B1GQ,A,3.8
2017,IRL,TAX_REV,S13,T_2000,_T,PT_B1GQ,A,3.598
2018,IRL,TAX_REV,S13,T_2000,_T,PT_B1GQ,A,3.614
2019,IRL,TAX_REV,S13,T_2000,_T,PT_B1GQ,A,3.605
2020,IRL,TAX_REV,S13,T_2000,_T,PT_B1GQ,A,3.209
2021,IRL,TAX_REV,S13,T_2000,_T,PT_B1GQ,A,3.07
2022,IRL,TAX_REV,S13,T_2000,_T,PT_B1GQ,A,3.065
2023,IRL,TAX_REV,S13,T_2000,_T,PT_B1GQ,A,3.407
1995,ISR,TAX_REV,S13,T_2000,_T,PT_B1GQ,A,4.706
1996,ISR,TAX_REV,S13,T_2000,_T,PT_B1GQ,A,4.736
1997,ISR,TAX_REV,S13,T_2000,_T,PT_B1GQ,A,4.976
1998,ISR,TAX_REV,S13,T_2000,_T,PT_B1GQ,A,4.935
1999,ISR,TAX_REV,S13,T_2000,_T,PT_B1GQ,A,4.927
2000,ISR,TAX_REV,S13,T_2000,_T,PT_B1GQ,A,4.952
2001,ISR,TAX_REV,S13,T_2000,_T,PT_B1GQ,A,5.232
2002,ISR,TAX_REV,S13,T_2000,_T,PT_B1GQ,A,5.284
2003,ISR,TAX_REV,S13,T_2000,_T,PT_B1GQ,A,5.388
2004,ISR,TAX_REV,S13,T_2000,_T,PT_B1GQ,A,5.248
2005,ISR,TAX_REV,S13,T_2000,_T,PT_B1GQ,A,5.229
2006,ISR,TAX_REV,S13,T_2000,_T,PT_B1GQ,A,5.095
2007,ISR,TAX_REV,S13,T_2000,_T,PT_B1GQ,A,4.996
2008,ISR,TAX_REV,S13,T_2000,_T,PT_B1GQ,A,5.095
2009,ISR,TAX_REV,S13,T_2000,_T,PT_B1GQ,A,4.913
2010,ISR,TAX_REV,S13,T_2000,_T,PT_B1GQ,A,5.06
2011,ISR,TAX_REV,S13,T_2000,_T,PT_B1GQ,A,5.083
2012,ISR,TAX_REV,S13,T_2000,_T,PT_B1GQ,A,4.949
2013,ISR,TAX_REV,S13,T_2000,_T,PT_B1GQ,A,4.952
2014,ISR,TAX_REV,S13,T_2000,_T,PT_B1GQ,A,4.98
2015,ISR,TAX_REV,S13,T_2000,_T,PT_B1GQ,A,5.05
2016,ISR,TAX_REV,S13,T_2000,_T,PT_B1GQ,A,5.132
2017,ISR,TAX_REV,S13,T_2000,_T,PT_B1GQ,A,5.18
2018,ISR,TAX_REV,S13,T_2000,_T,PT_B1GQ,A,5.228
2019,ISR,TAX_REV,S13,T_2000,_T,PT_B1GQ,A,5.207
2020,ISR,TAX_REV,S13,T_2000,_T,PT_B1GQ,A,5.134
2021,ISR,TAX_REV,S13,T_2000,_T,PT_B1GQ,A,5.003
2022,ISR,TAX_REV,S13,T_2000,_T,PT_B1GQ,A,5.007
2023,ISR,TAX_REV,S13,T_2000,_T,PT_B1GQ,A,4.979
1990,ITA,TAX_REV,S13,T_2000,_T,PT_B1GQ,A,11.937
1991,ITA,TAX_REV,S13,T_2000,_T,PT_B1GQ,A,12.108
1992,ITA,TAX_REV,S13,T_2000,_T,PT_B1GQ,A,12.282
1993,ITA,TAX_REV,S13,T_2000,_T,PT_B1GQ,A,12.732
1994,ITA,TAX_REV,S13,T_2000,_T,PT_B1GQ,A,12.055
1995,ITA,TAX_REV,S13,T_2000,_T,PT_B1GQ,A,12.103
1996,ITA,TAX_REV,S13,T_2000,_T,PT_B1GQ,A,13.682
1997,ITA,TAX_REV,S13,T_2000,_T,PT_B1GQ,A,13.979
1998,ITA,TAX_REV,S13,T_2000,_T,PT_B1GQ,A,11.681
1999,ITA,TAX_REV,S13,T_2000,_T,PT_B1GQ,A,11.635
2000,ITA,TAX_REV,S13,T_2000,_T,PT_B1GQ,A,11.569
2001,ITA,TAX_REV,S13,T_2000,_T,PT_B1GQ,A,11.445
2002,ITA,TAX_REV,S13,T_2000,_T,PT_B1GQ,A,11.629
2003,ITA,TAX_REV,S13,T_2000,_T,PT_B1GQ,A,11.785
2004,ITA,TAX_REV,S13,T_2000,_T,PT_B1GQ,A,11.828
2005,ITA,TAX_REV,S13,T_2000,_T,PT_B1GQ,A,12.008
2006,ITA,TAX_REV,S13,T_2000,_T,PT_B1GQ,A,11.943
2007,ITA,TAX_REV,S13,T_2000,_T,PT_B1GQ,A,12.433
2008,ITA,TAX_REV,S13,T_2000,_T,PT_B1GQ,A,12.91
2009,ITA,TAX_REV,S13,T_2000,_T,PT_B1GQ,A,13.164
2010,ITA,TAX_REV,S13,T_2000,_T,PT_B1GQ,A,12.979
2011,ITA,TAX_REV,S13,T_2000,_T,PT_B1GQ,A,12.836
2012,ITA,TAX_REV,S13,T_2000,_T,PT_B1GQ,A,12.983
2013,ITA,TAX_REV,S13,T_2000,_T,PT_B1GQ,A,13.05
2014,ITA,TAX_REV,S13,T_2000,_T,PT_B1GQ,A,12.885
2015,ITA,TAX_REV,S13,T_2000,_T,PT_B1GQ,A,12.95
2016,ITA,TAX_REV,S13,T_2000,_T,PT_B1GQ,A,12.729
2017,ITA,TAX_REV,S13,T_2000,_T,PT_B1GQ,A,12.704
2018,ITA,TAX_REV,S13,T_2000,_T,PT_B1GQ,A,12.964
2019,ITA,TAX_REV,S13,T_2000,_T,PT_B1GQ,A,13.207
2020,ITA,TAX_REV,S13,T_2000,_T,PT_B1GQ,A,13.529
2021,ITA,TAX_REV,S13,T_2000,_T,PT_B1GQ,A,13.211
2022,ITA,TAX_REV,S13,T_2000,_T,PT_B1GQ,A,13.064
2023,ITA,TAX_REV,S13,T_2000,_T,PT_B1GQ,A,12.664
1990,JPN,TAX_REV,S13,T_2000,_T,PT_B1GQ,A,7.325
1991,JPN,TAX_REV,S13,T_2000,_T,PT_B1GQ,A,7.519
1992,JPN,TAX_REV,S13,T_2000,_T,PT_B1GQ,A,7.667
1993,JPN,TAX_REV,S13,T_2000,_T,PT_B1GQ,A,7.878
1994,JPN,TAX_REV,S13,T_2000,_T,PT_B1GQ,A,8.098
1995,JPN,TAX_REV,S13,T_2000,_T,PT_B1GQ,A,8.527
1996,JPN,TAX_REV,S13,T_2000,_T,PT_B1GQ,A,8.575
1997,JPN,TAX_REV,S13,T_2000,_T,PT_B1GQ,A,8.822
1998,JPN,TAX_REV,S13,T_2000,_T,PT_B1GQ,A,8.961
1999,JPN,TAX_REV,S13,T_2000,_T,PT_B1GQ,A,8.917
2000,JPN,TAX_REV,S13,T_2000,_T,PT_B1GQ,A,8.922
2001,JPN,TAX_REV,S13,T_2000,_T,PT_B1GQ,A,9.319
2002,JPN,TAX_REV,S13,T_2000,_T,PT_B1GQ,A,9.37
2003,JPN,TAX_REV,S13,T_2000,_T,PT_B1GQ,A,9.306
2004,JPN,TAX_REV,S13,T_2000,_T,PT_B1GQ,A,9.345
2005,JPN,TAX_REV,S13,T_2000,_T,PT_B1GQ,A,9.52
2006,JPN,TAX_REV,S13,T_2000,_T,PT_B1GQ,A,9.75
2007,JPN,TAX_REV,S13,T_2000,_T,PT_B1GQ,A,9.903
2008,JPN,TAX_REV,S13,T_2000,_T,PT_B1GQ,A,10.506
2009,JPN,TAX_REV,S13,T_2000,_T,PT_B1GQ,A,10.521
2010,JPN,TAX_REV,S13,T_2000,_T,PT_B1GQ,A,10.787
2011,JPN,TAX_REV,S13,T_2000,_T,PT_B1GQ,A,11.264
2012,JPN,TAX_REV,S13,T_2000,_T,PT_B1GQ,A,11.631
2013,JPN,TAX_REV,S13,T_2000,_T,PT_B1GQ,A,11.665
2014,JPN,TAX_REV,S13,T_2000,_T,PT_B1GQ,A,11.893
2015,JPN,TAX_REV,S13,T_2000,_T,PT_B1GQ,A,11.921
2016,JPN,TAX_REV,S13,T_2000,_T,PT_B1GQ,A,12.228
2017,JPN,TAX_REV,S13,T_2000,_T,PT_B1GQ,A,12.347
2018,JPN,TAX_REV,S13,T_2000,_T,PT_B1GQ,A,12.687
2019,JPN,TAX_REV,S13,T_2000,_T,PT_B1GQ,A,12.939
2020,JPN,TAX_REV,S13,T_2000,_T,PT_B1GQ,A,13.281
2021,JPN,TAX_REV,S13,T_2000,_T,PT_B1GQ,A,13.284
2022,JPN,TAX_REV,S13,T_2000,_T,PT_B1GQ,A,13.27
1990,KOR,TAX_REV,S13,T_2000,_T,PT_B1GQ,A,1.875
1991,KOR,TAX_REV,S13,T_2000,_T,PT_B1GQ,A,1.902
1992,KOR,TAX_REV,S13,T_2000,_T,PT_B1GQ,A,2.022
1993,KOR,TAX_REV,S13,T_2000,_T,PT_B1GQ,A,2.472
1994,KOR,TAX_REV,S13,T_2000,_T,PT_B1GQ,A,2.312
1995,KOR,TAX_REV,S13,T_2000,_T,PT_B1GQ,A,2.268
1996,KOR,TAX_REV,S13,T_2000,_T,PT_B1GQ,A,2.581
1997,KOR,TAX_REV,S13,T_2000,_T,PT_B1GQ,A,2.691
1998,KOR,TAX_REV,S13,T_2000,_T,PT_B1GQ,A,3.142
1999,KOR,TAX_REV,S13,T_2000,_T,PT_B1GQ,A,3.3
2000,KOR,TAX_REV,S13,T_2000,_T,PT_B1GQ,A,3.493
2001,KOR,TAX_REV,S13,T_2000,_T,PT_B1GQ,A,3.881
2002,KOR,TAX_REV,S13,T_2000,_T,PT_B1GQ,A,4.046
2003,KOR,TAX_REV,S13,T_2000,_T,PT_B1GQ,A,4.341
2004,KOR,TAX_REV,S13,T_2000,_T,PT_B1GQ,A,4.446
2005,KOR,TAX_REV,S13,T_2000,_T,PT_B1GQ,A,4.585
2006,KOR,TAX_REV,S13,T_2000,_T,PT_B1GQ,A,4.799
2007,KOR,TAX_REV,S13,T_2000,_T,PT_B1GQ,A,4.918
2008,KOR,TAX_REV,S13,T_2000,_T,PT_B1GQ,A,5.148
2009,KOR,TAX_REV,S13,T_2000,_T,PT_B1GQ,A,5.305
2010,KOR,TAX_REV,S13,T_2000,_T,PT_B1GQ,A,5.224
2011,KOR,TAX_REV,S13,T_2000,_T,PT_B1GQ,A,5.561
2012,KOR,TAX_REV,S13,T_2000,_T,PT_B1GQ,A,5.859
2013,KOR,TAX_REV,S13,T_2000,_T,PT_B1GQ,A,6.103
2014,KOR,TAX_REV,S13,T_2000,_T,PT_B1GQ,A,6.282
2015,KOR,TAX_REV,S13,T_2000,_T,PT_B1GQ,A,6.314
2016,KOR,TAX_REV,S13,T_2000,_T,PT_B1GQ,A,6.472
2017,KOR,TAX_REV,S13,T_2000,_T,PT_B1GQ,A,6.519
2018,KOR,TAX_REV,S13,T_2000,_T,PT_B1GQ,A,6.778
2019,KOR,TAX_REV,S13,T_2000,_T,PT_B1GQ,A,7.278
2020,KOR,TAX_REV,S13,T_2000,_T,PT_B1GQ,A,7.773
2021,KOR,TAX_REV,S13,T_2000,_T,PT_B1GQ,A,7.798
2022,KOR,TAX_REV,S13,T_2000,_T,PT_B1GQ,A,8.176
2023,KOR,TAX_REV,S13,T_2000,_T,PT_B1GQ,A,8.438
1995,LVA,TAX_REV,S13,T_2000,_T,PT_B1GQ,A,10.971
1996,LVA,TAX_REV,S13,T_2000,_T,PT_B1GQ,A,10.304
1997,LVA,TAX_REV,S13,T_2000,_T,PT_B1GQ,A,10.183
1998,LVA,TAX_REV,S13,T_2000,_T,PT_B1GQ,A,10.114
1999,LVA,TAX_REV,S13,T_2000,_T,PT_B1GQ,A,10.313
2000,LVA,TAX_REV,S13,T_2000,_T,PT_B1GQ,A,9.742
2001,LVA,TAX_REV,S13,T_2000,_T,PT_B1GQ,A,9.117
2002,LVA,TAX_REV,S13,T_2000,_T,PT_B1GQ,A,9.025
2003,LVA,TAX_REV,S13,T_2000,_T,PT_B1GQ,A,8.412
2004,LVA,TAX_REV,S13,T_2000,_T,PT_B1GQ,A,8.261
2005,LVA,TAX_REV,S13,T_2000,_T,PT_B1GQ,A,7.895
2006,LVA,TAX_REV,S13,T_2000,_T,PT_B1GQ,A,8.006
2007,LVA,TAX_REV,S13,T_2000,_T,PT_B1GQ,A,7.813
2008,LVA,TAX_REV,S13,T_2000,_T,PT_B1GQ,A,7.903
2009,LVA,TAX_REV,S13,T_2000,_T,PT_B1GQ,A,9.169
2010,LVA,TAX_REV,S13,T_2000,_T,PT_B1GQ,A,8.59
2011,LVA,TAX_REV,S13,T_2000,_T,PT_B1GQ,A,8.922
2012,LVA,TAX_REV,S13,T_2000,_T,PT_B1GQ,A,8.679
2013,LVA,TAX_REV,S13,T_2000,_T,PT_B1GQ,A,8.498
2014,LVA,TAX_REV,S13,T_2000,_T,PT_B1GQ,A,8.39
2015,LVA,TAX_REV,S13,T_2000,_T,PT_B1GQ,A,8.261
2016,LVA,TAX_REV,S13,T_2000,_T,PT_B1GQ,A,8.147
2017,LVA,TAX_REV,S13,T_2000,_T,PT_B1GQ,A,8.373
2018,LVA,TAX_REV,S13,T_2000,_T,PT_B1GQ,A,9.118
2019,LVA,TAX_REV,S13,T_2000,_T,PT_B1GQ,A,9.523
2020,LVA,TAX_REV,S13,T_2000,_T,PT_B1GQ,A,9.914
2021,LVA,TAX_REV,S13,T_2000,_T,PT_B1GQ,A,9.569
2022,LVA,TAX_REV,S13,T_2000,_T,PT_B1GQ,A,9.405
2023,LVA,TAX_REV,S13,T_2000,_T,PT_B1GQ,A,10.16
1995,LTU,TAX_REV,S13,T_2000,_T,PT_B1GQ,A,7.204
1996,LTU,TAX_REV,S13,T_2000,_T,PT_B1GQ,A,7.687
1997,LTU,TAX_REV,S13,T_2000,_T,PT_B1GQ,A,8.976
1998,LTU,TAX_REV,S13,T_2000,_T,PT_B1GQ,A,9.985
1999,LTU,TAX_REV,S13,T_2000,_T,PT_B1GQ,A,9.817
2000,LTU,TAX_REV,S13,T_2000,_T,PT_B1GQ,A,9.913
2001,LTU,TAX_REV,S13,T_2000,_T,PT_B1GQ,A,9.385
2002,LTU,TAX_REV,S13,T_2000,_T,PT_B1GQ,A,9.188
2003,LTU,TAX_REV,S13,T_2000,_T,PT_B1GQ,A,9.114
2004,LTU,TAX_REV,S13,T_2000,_T,PT_B1GQ,A,9.062
2005,LTU,TAX_REV,S13,T_2000,_T,PT_B1GQ,A,8.837
2006,LTU,TAX_REV,S13,T_2000,_T,PT_B1GQ,A,9.067
2007,LTU,TAX_REV,S13,T_2000,_T,PT_B1GQ,A,9.081
2008,LTU,TAX_REV,S13,T_2000,_T,PT_B1GQ,A,9.471
2009,LTU,TAX_REV,S13,T_2000,_T,PT_B1GQ,A,12.465
2010,LTU,TAX_REV,S13,T_2000,_T,PT_B1GQ,A,11.633
2011,LTU,TAX_REV,S13,T_2000,_T,PT_B1GQ,A,11.04
2012,LTU,TAX_REV,S13,T_2000,_T,PT_B1GQ,A,10.762
2013,LTU,TAX_REV,S13,T_2000,_T,PT_B1GQ,A,10.77
2014,LTU,TAX_REV,S13,T_2000,_T,PT_B1GQ,A,11.062
2015,LTU,TAX_REV,S13,T_2000,_T,PT_B1GQ,A,11.568
2016,LTU,TAX_REV,S13,T_2000,_T,PT_B1GQ,A,12.084
2017,LTU,TAX_REV,S13,T_2000,_T,PT_B1GQ,A,12.188
2018,LTU,TAX_REV,S13,T_2000,_T,PT_B1GQ,A,12.646
2019,LTU,TAX_REV,S13,T_2000,_T,PT_B1GQ,A,9.614
2020,LTU,TAX_REV,S13,T_2000,_T,PT_B1GQ,A,10.198
2021,LTU,TAX_REV,S13,T_2000,_T,PT_B1GQ,A,10.127
2022,LTU,TAX_REV,S13,T_2000,_T,PT_B1GQ,A,9.818
2023,LTU,TAX_REV,S13,T_2000,_T,PT_B1GQ,A,10.407
1990,LUX,TAX_REV,S13,T_2000,_T,PT_B1GQ,A,9.552
1991,LUX,TAX_REV,S13,T_2000,_T,PT_B1GQ,A,9.499
1992,LUX,TAX_REV,S13,T_2000,_T,PT_B1GQ,A,10.025
1993,LUX,TAX_REV,S13,T_2000,_T,PT_B1GQ,A,9.919
1994,LUX,TAX_REV,S13,T_2000,_T,PT_B1GQ,A,9.522
1995,LUX,TAX_REV,S13,T_2000,_T,PT_B1GQ,A,9.717
1996,LUX,TAX_REV,S13,T_2000,_T,PT_B1GQ,A,9.752
1997,LUX,TAX_REV,S13,T_2000,_T,PT_B1GQ,A,9.54
1998,LUX,TAX_REV,S13,T_2000,_T,PT_B1GQ,A,9.788
1999,LUX,TAX_REV,S13,T_2000,_T,PT_B1GQ,A,9.791
2000,LUX,TAX_REV,S13,T_2000,_T,PT_B1GQ,A,9.674
2001,LUX,TAX_REV,S13,T_2000,_T,PT_B1GQ,A,10.352
2002,LUX,TAX_REV,S13,T_2000,_T,PT_B1GQ,A,10.49
2003,LUX,TAX_REV,S13,T_2000,_T,PT_B1GQ,A,10.655
2004,LUX,TAX_REV,S13,T_2000,_T,PT_B1GQ,A,10.466
2005,LUX,TAX_REV,S13,T_2000,_T,PT_B1GQ,A,10.486
2006,LUX,TAX_REV,S13,T_2000,_T,PT_B1GQ,A,9.863
2007,LUX,TAX_REV,S13,T_2000,_T,PT_B1GQ,A,9.855
2008,LUX,TAX_REV,S13,T_2000,_T,PT_B1GQ,A,9.962
2009,LUX,TAX_REV,S13,T_2000,_T,PT_B1GQ,A,10.858
2010,LUX,TAX_REV,S13,T_2000,_T,PT_B1GQ,A,10.346
2011,LUX,TAX_REV,S13,T_2000,_T,PT_B1GQ,A,10.52
2012,LUX,TAX_REV,S13,T_2000,_T,PT_B1GQ,A,10.591
2013,LUX,TAX_REV,S13,T_2000,_T,PT_B1GQ,A,10.427
2014,LUX,TAX_REV,S13,T_2000,_T,PT_B1GQ,A,10.188
2015,LUX,TAX_REV,S13,T_2000,_T,PT_B1GQ,A,10.246
2016,LUX,TAX_REV,S13,T_2000,_T,PT_B1GQ,A,10.204
2017,LUX,TAX_REV,S13,T_2000,_T,PT_B1GQ,A,10.529
2018,LUX,TAX_REV,S13,T_2000,_T,PT_B1GQ,A,10.772
2019,LUX,TAX_REV,S13,T_2000,_T,PT_B1GQ,A,10.977
2020,LUX,TAX_REV,S13,T_2000,_T,PT_B1GQ,A,11.145
2021,LUX,TAX_REV,S13,T_2000,_T,PT_B1GQ,A,10.573
2022,LUX,TAX_REV,S13,T_2000,_T,PT_B1GQ,A,10.637
2023,LUX,TAX_REV,S13,T_2000,_T,PT_B1GQ,A,11.479
1990,MEX,TAX_REV,S13,T_2000,_T,PT_B1GQ,A,1.938
1991,MEX,TAX_REV,S13,T_2000,_T,PT_B1GQ,A,2.015
1992,MEX,TAX_REV,S13,T_2000,_T,PT_B1GQ,A,2.161
1993,MEX,TAX_REV,S13,T_2000,_T,PT_B1GQ,A,2.159
1994,MEX,TAX_REV,S13,T_2000,_T,PT_B1GQ,A,2.292
1995,MEX,TAX_REV,S13,T_2000,_T,PT_B1GQ,A,2.085
1996,MEX,TAX_REV,S13,T_2000,_T,PT_B1GQ,A,2.005
1997,MEX,TAX_REV,S13,T_2000,_T,PT_B1GQ,A,1.859
1998,MEX,TAX_REV,S13,T_2000,_T,PT_B1GQ,A,1.798
1999,MEX,TAX_REV,S13,T_2000,_T,PT_B1GQ,A,1.871
2000,MEX,TAX_REV,S13,T_2000,_T,PT_B1GQ,A,1.97
2001,MEX,TAX_REV,S13,T_2000,_T,PT_B1GQ,A,2.057
2002,MEX,TAX_REV,S13,T_2000,_T,PT_B1GQ,A,2.084
2003,MEX,TAX_REV,S13,T_2000,_T,PT_B1GQ,A,2.144
2004,MEX,TAX_REV,S13,T_2000,_T,PT_B1GQ,A,2.083
2005,MEX,TAX_REV,S13,T_2000,_T,PT_B1GQ,A,2.066
2006,MEX,TAX_REV,S13,T_2000,_T,PT_B1GQ,A,1.934
2007,MEX,TAX_REV,S13,T_2000,_T,PT_B1GQ,A,1.965
2008,MEX,TAX_REV,S13,T_2000,_T,PT_B1GQ,A,1.875
2009,MEX,TAX_REV,S13,T_2000,_T,PT_B1GQ,A,2.053
2010,MEX,TAX_REV,S13,T_2000,_T,PT_B1GQ,A,1.986
2011,MEX,TAX_REV,S13,T_2000,_T,PT_B1GQ,A,1.981
2012,MEX,TAX_REV,S13,T_2000,_T,PT_B1GQ,A,1.998
2013,MEX,TAX_REV,S13,T_2000,_T,PT_B1GQ,A,2.076
2014,MEX,TAX_REV,S13,T_2000,_T,PT_B1GQ,A,2.086
2015,MEX,TAX_REV,S13,T_2000,_T,PT_B1GQ,A,2.128
2016,MEX,TAX_REV,S13,T_2000,_T,PT_B1GQ,A,2.095
2017,MEX,TAX_REV,S13,T_2000,_T,PT_B1GQ,A,2.075
2018,MEX,TAX_REV,S13,T_2000,_T,PT_B1GQ,A,2.106
2019,MEX,TAX_REV,S13,T_2000,_T,PT_B1GQ,A,2.196
2020,MEX,TAX_REV,S13,T_2000,_T,PT_B1GQ,A,2.392
2021,MEX,TAX_REV,S13,T_2000,_T,PT_B1GQ,A,2.3
2022,MEX,TAX_REV,S13,T_2000,_T,PT_B1GQ,A,2.314
2023,MEX,TAX_REV,S13,T_2000,_T,PT_B1GQ,A,2.397
1990,NLD,TAX_REV,S13,T_2000,_T,PT_B1GQ,A,14.834
1991,NLD,TAX_REV,S13,T_2000,_T,PT_B1GQ,A,15.572
1992,NLD,TAX_REV,S13,T_2000,_T,PT_B1GQ,A,16.094
1993,NLD,TAX_REV,S13,T_2000,_T,PT_B1GQ,A,16.044
1994,NLD,TAX_REV,S13,T_2000,_T,PT_B1GQ,A,16.333
1995,NLD,TAX_REV,S13,T_2000,_T,PT_B1GQ,A,14.705
1996,NLD,TAX_REV,S13,T_2000,_T,PT_B1GQ,A,14.139
1997,NLD,TAX_REV,S13,T_2000,_T,PT_B1GQ,A,13.999
1998,NLD,TAX_REV,S13,T_2000,_T,PT_B1GQ,A,13.768
1999,NLD,TAX_REV,S13,T_2000,_T,PT_B1GQ,A,14.292
2000,NLD,TAX_REV,S13,T_2000,_T,PT_B1GQ,A,14.269
2001,NLD,TAX_REV,S13,T_2000,_T,PT_B1GQ,A,12.698
2002,NLD,TAX_REV,S13,T_2000,_T,PT_B1GQ,A,12.283
2003,NLD,TAX_REV,S13,T_2000,_T,PT_B1GQ,A,12.796
2004,NLD,TAX_REV,S13,T_2000,_T,PT_B1GQ,A,12.867
2005,NLD,TAX_REV,S13,T_2000,_T,PT_B1GQ,A,12.031
2006,NLD,TAX_REV,S13,T_2000,_T,PT_B1GQ,A,12.9
2007,NLD,TAX_REV,S13,T_2000,_T,PT_B1GQ,A,12.376
2008,NLD,TAX_REV,S13,T_2000,_T,PT_B1GQ,A,13.223
2009,NLD,TAX_REV,S13,T_2000,_T,PT_B1GQ,A,12.511
2010,NLD,TAX_REV,S13,T_2000,_T,PT_B1GQ,A,12.866
2011,NLD,TAX_REV,S13,T_2000,_T,PT_B1GQ,A,13.486
2012,NLD,TAX_REV,S13,T_2000,_T,PT_B1GQ,A,14.409
2013,NLD,TAX_REV,S13,T_2000,_T,PT_B1GQ,A,14.63
2014,NLD,TAX_REV,S13,T_2000,_T,PT_B1GQ,A,14.532
2015,NLD,TAX_REV,S13,T_2000,_T,PT_B1GQ,A,13.791
2016,NLD,TAX_REV,S13,T_2000,_T,PT_B1GQ,A,14.427
2017,NLD,TAX_REV,S13,T_2000,_T,PT_B1GQ,A,13.573
2018,NLD,TAX_REV,S13,T_2000,_T,PT_B1GQ,A,13.724
2019,NLD,TAX_REV,S13,T_2000,_T,PT_B1GQ,A,13.172
2020,NLD,TAX_REV,S13,T_2000,_T,PT_B1GQ,A,13.312
2021,NLD,TAX_REV,S13,T_2000,_T,PT_B1GQ,A,12.637
2022,NLD,TAX_REV,S13,T_2000,_T,PT_B1GQ,A,12.524
2023,NLD,TAX_REV,S13,T_2000,_T,PT_B1GQ,A,12.102
1990,NOR,TAX_REV,S13,T_2000,_T,PT_B1GQ,A,10.584
1991,NOR,TAX_REV,S13,T_2000,_T,PT_B1GQ,A,10.54
1992,NOR,TAX_REV,S13,T_2000,_T,PT_B1GQ,A,10.642
1993,NOR,TAX_REV,S13,T_2000,_T,PT_B1GQ,A,9.72
1994,NOR,TAX_REV,S13,T_2000,_T,PT_B1GQ,A,9.633
1995,NOR,TAX_REV,S13,T_2000,_T,PT_B1GQ,A,9.404
1996,NOR,TAX_REV,S13,T_2000,_T,PT_B1GQ,A,9.201
1997,NOR,TAX_REV,S13,T_2000,_T,PT_B1GQ,A,9.118
1998,NOR,TAX_REV,S13,T_2000,_T,PT_B1GQ,A,9.691
1999,NOR,TAX_REV,S13,T_2000,_T,PT_B1GQ,A,9.837
2000,NOR,TAX_REV,S13,T_2000,_T,PT_B1GQ,A,8.758
2001,NOR,TAX_REV,S13,T_2000,_T,PT_B1GQ,A,9.043
2002,NOR,TAX_REV,S13,T_2000,_T,PT_B1GQ,A,9.66
2003,NOR,TAX_REV,S13,T_2000,_T,PT_B1GQ,A,9.575
2004,NOR,TAX_REV,S13,T_2000,_T,PT_B1GQ,A,9.159
2005,NOR,TAX_REV,S13,T_2000,_T,PT_B1GQ,A,8.67
2006,NOR,TAX_REV,S13,T_2000,_T,PT_B1GQ,A,8.472
2007,NOR,TAX_REV,S13,T_2000,_T,PT_B1GQ,A,8.663
2008,NOR,TAX_REV,S13,T_2000,_T,PT_B1GQ,A,8.549
2009,NOR,TAX_REV,S13,T_2000,_T,PT_B1GQ,A,9.544
2010,NOR,TAX_REV,S13,T_2000,_T,PT_B1GQ,A,9.327
2011,NOR,TAX_REV,S13,T_2000,_T,PT_B1GQ,A,9.211
2012,NOR,TAX_REV,S13,T_2000,_T,PT_B1GQ,A,9.285
2013,NOR,TAX_REV,S13,T_2000,_T,PT_B1GQ,A,9.464
2014,NOR,TAX_REV,S13,T_2000,_T,PT_B1GQ,A,9.883
2015,NOR,TAX_REV,S13,T_2000,_T,PT_B1GQ,A,10.387
2016,NOR,TAX_REV,S13,T_2000,_T,PT_B1GQ,A,10.618
2017,NOR,TAX_REV,S13,T_2000,_T,PT_B1GQ,A,10.227
2018,NOR,TAX_REV,S13,T_2000,_T,PT_B1GQ,A,9.99
2019,NOR,TAX_REV,S13,T_2000,_T,PT_B1GQ,A,10.483
2020,NOR,TAX_REV,S13,T_2000,_T,PT_B1GQ,A,11.013
2021,NOR,TAX_REV,S13,T_2000,_T,PT_B1GQ,A,9.297
2022,NOR,TAX_REV,S13,T_2000,_T,PT_B1GQ,A,7.506
2023,NOR,TAX_REV,S13,T_2000,_T,PT_B1GQ,A,9.22
1991,POL,TAX_REV,S13,T_2000,_T,PT_B1GQ,A,10.834
1992,POL,TAX_REV,S13,T_2000,_T,PT_B1GQ,A,11.926
1993,POL,TAX_REV,S13,T_2000,_T,PT_B1GQ,A,12.104
1994,POL,TAX_REV,S13,T_2000,_T,PT_B1GQ,A,10.804
1995,POL,TAX_REV,S13,T_2000,_T,PT_B1GQ,A,11.088
1996,POL,TAX_REV,S13,T_2000,_T,PT_B1GQ,A,11.362
1997,POL,TAX_REV,S13,T_2000,_T,PT_B1GQ,A,11.511
1998,POL,TAX_REV,S13,T_2000,_T,PT_B1GQ,A,11.496
1999,POL,TAX_REV,S13,T_2000,_T,PT_B1GQ,A,13.64
2000,POL,TAX_REV,S13,T_2000,_T,PT_B1GQ,A,12.878
2001,POL,TAX_REV,S13,T_2000,_T,PT_B1GQ,A,13.412
2002,POL,TAX_REV,S13,T_2000,_T,PT_B1GQ,A,12.808
2003,POL,TAX_REV,S13,T_2000,_T,PT_B1GQ,A,12.595
2004,POL,TAX_REV,S13,T_2000,_T,PT_B1GQ,A,12.087
2005,POL,TAX_REV,S13,T_2000,_T,PT_B1GQ,A,12.145
2006,POL,TAX_REV,S13,T_2000,_T,PT_B1GQ,A,12.003
2007,POL,TAX_REV,S13,T_2000,_T,PT_B1GQ,A,11.797
2008,POL,TAX_REV,S13,T_2000,_T,PT_B1GQ,A,11.214
2009,POL,TAX_REV,S13,T_2000,_T,PT_B1GQ,A,11.081
2010,POL,TAX_REV,S13,T_2000,_T,PT_B1GQ,A,10.878
2011,POL,TAX_REV,S13,T_2000,_T,PT_B1GQ,A,11.213
2012,POL,TAX_REV,S13,T_2000,_T,PT_B1GQ,A,12.074
2013,POL,TAX_REV,S13,T_2000,_T,PT_B1GQ,A,12.428
2014,POL,TAX_REV,S13,T_2000,_T,PT_B1GQ,A,12.233
2015,POL,TAX_REV,S13,T_2000,_T,PT_B1GQ,A,12.426
2016,POL,TAX_REV,S13,T_2000,_T,PT_B1GQ,A,12.748
2017,POL,TAX_REV,S13,T_2000,_T,PT_B1GQ,A,12.857
2018,POL,TAX_REV,S13,T_2000,_T,PT_B1GQ,A,13.058
2019,POL,TAX_REV,S13,T_2000,_T,PT_B1GQ,A,13.21
2020,POL,TAX_REV,S13,T_2000,_T,PT_B1GQ,A,13.494
2021,POL,TAX_REV,S13,T_2000,_T,PT_B1GQ,A,12.968
2022,POL,TAX_REV,S13,T_2000,_T,PT_B1GQ,A,12.766
2023,POL,TAX_REV,S13,T_2000,_T,PT_B1GQ,A,13.37
1990,PRT,TAX_REV,S13,T_2000,_T,PT_B1GQ,A,7.192
1991,PRT,TAX_REV,S13,T_2000,_T,PT_B1GQ,A,7.467
1992,PRT,TAX_REV,S13,T_2000,_T,PT_B1GQ,A,7.496
1993,PRT,TAX_REV,S13,T_2000,_T,PT_B1GQ,A,7.516
1994,PRT,TAX_REV,S13,T_2000,_T,PT_B1GQ,A,7.569
1995,PRT,TAX_REV,S13,T_2000,_T,PT_B1GQ,A,7.67
1996,PRT,TAX_REV,S13,T_2000,_T,PT_B1GQ,A,7.543
1997,PRT,TAX_REV,S13,T_2000,_T,PT_B1GQ,A,7.721
1998,PRT,TAX_REV,S13,T_2000,_T,PT_B1GQ,A,7.703
1999,PRT,TAX_REV,S13,T_2000,_T,PT_B1GQ,A,7.772
2000,PRT,TAX_REV,S13,T_2000,_T,PT_B1GQ,A,7.918
2001,PRT,TAX_REV,S13,T_2000,_T,PT_B1GQ,A,8.18
2002,PRT,TAX_REV,S13,T_2000,_T,PT_B1GQ,A,8.237
2003,PRT,TAX_REV,S13,T_2000,_T,PT_B1GQ,A,8.256
2004,PRT,TAX_REV,S13,T_2000,_T,PT_B1GQ,A,8.127
2005,PRT,TAX_REV,S13,T_2000,_T,PT_B1GQ,A,8.216
2006,PRT,TAX_REV,S13,T_2000,_T,PT_B1GQ,A,8.113
2007,PRT,TAX_REV,S13,T_2000,_T,PT_B1GQ,A,8.152
2008,PRT,TAX_REV,S13,T_2000,_T,PT_B1GQ,A,8.373
2009,PRT,TAX_REV,S13,T_2000,_T,PT_B1GQ,A,8.558
2010,PRT,TAX_REV,S13,T_2000,_T,PT_B1GQ,A,8.609
2011,PRT,TAX_REV,S13,T_2000,_T,PT_B1GQ,A,8.9
2012,PRT,TAX_REV,S13,T_2000,_T,PT_B1GQ,A,8.688
2013,PRT,TAX_REV,S13,T_2000,_T,PT_B1GQ,A,8.88
2014,PRT,TAX_REV,S13,T_2000,_T,PT_B1GQ,A,9.001
2015,PRT,TAX_REV,S13,T_2000,_T,PT_B1GQ,A,9.004
2016,PRT,TAX_REV,S13,T_2000,_T,PT_B1GQ,A,9.07
2017,PRT,TAX_REV,S13,T_2000,_T,PT_B1GQ,A,9.163
2018,PRT,TAX_REV,S13,T_2000,_T,PT_B1GQ,A,9.324
2019,PRT,TAX_REV,S13,T_2000,_T,PT_B1GQ,A,9.61
2020,PRT,TAX_REV,S13,T_2000,_T,PT_B1GQ,A,10.444
2021,PRT,TAX_REV,S13,T_2000,_T,PT_B1GQ,A,10.401
2022,PRT,TAX_REV,S13,T_2000,_T,PT_B1GQ,A,10.206
2023,PRT,TAX_REV,S13,T_2000,_T,PT_B1GQ,A,10.405
1995,SVK,TAX_REV,S13,T_2000,_T,PT_B1GQ,A,14.678
1996,SVK,TAX_REV,S13,T_2000,_T,PT_B1GQ,A,15.541
1997,SVK,TAX_REV,S13,T_2000,_T,PT_B1GQ,A,14.65
1998,SVK,TAX_REV,S13,T_2000,_T,PT_B1GQ,A,14.598
1999,SVK,TAX_REV,S13,T_2000,_T,PT_B1GQ,A,13.752
2000,SVK,TAX_REV,S13,T_2000,_T,PT_B1GQ,A,13.926
2001,SVK,TAX_REV,S13,T_2000,_T,PT_B1GQ,A,14.084
2002,SVK,TAX_REV,S13,T_2000,_T,PT_B1GQ,A,14.411
2003,SVK,TAX_REV,S13,T_2000,_T,PT_B1GQ,A,13.611
2004,SVK,TAX_REV,S13,T_2000,_T,PT_B1GQ,A,12.881
2005,SVK,TAX_REV,S13,T_2000,_T,PT_B1GQ,A,12.434
2006,SVK,TAX_REV,S13,T_2000,_T,PT_B1GQ,A,11.544
2007,SVK,TAX_REV,S13,T_2000,_T,PT_B1GQ,A,11.469
2008,SVK,TAX_REV,S13,T_2000,_T,PT_B1GQ,A,11.62
2009,SVK,TAX_REV,S13,T_2000,_T,PT_B1GQ,A,12.358
2010,SVK,TAX_REV,S13,T_2000,_T,PT_B1GQ,A,11.857
2011,SVK,TAX_REV,S13,T_2000,_T,PT_B1GQ,A,11.895
2012,SVK,TAX_REV,S13,T_2000,_T,PT_B1GQ,A,12.174
2013,SVK,TAX_REV,S13,T_2000,_T,PT_B1GQ,A,13.219
2014,SVK,TAX_REV,S13,T_2000,_T,PT_B1GQ,A,13.395
2015,SVK,TAX_REV,S13,T_2000,_T,PT_B1GQ,A,13.6
2016,SVK,TAX_REV,S13,T_2000,_T,PT_B1GQ,A,14.109
2017,SVK,TAX_REV,S13,T_2000,_T,PT_B1GQ,A,14.527
2018,SVK,TAX_REV,S13,T_2000,_T,PT_B1GQ,A,14.629
2019,SVK,TAX_REV,S13,T_2000,_T,PT_B1GQ,A,14.916
2020,SVK,TAX_REV,S13,T_2000,_T,PT_B1GQ,A,15.227
2021,SVK,TAX_REV,S13,T_2000,_T,PT_B1GQ,A,15.224
2022,SVK,TAX_REV,S13,T_2000,_T,PT_B1GQ,A,14.548
2023,SVK,TAX_REV,S13,T_2000,_T,PT_B1GQ,A,15.065
1995,SVN,TAX_REV,S13,T_2000,_T,PT_B1GQ,A,17.285
1996,SVN,TAX_REV,S13,T_2000,_T,PT_B1GQ,A,15.575
1997,SVN,TAX_REV,S13,T_2000,_T,PT_B1GQ,A,14.823
1998,SVN,TAX_REV,S13,T_2000,_T,PT_B1GQ,A,14.931
1999,SVN,TAX_REV,S13,T_2000,_T,PT_B1GQ,A,14.727
2000,SVN,TAX_REV,S13,T_2000,_T,PT_B1GQ,A,14.931
2001,SVN,TAX_REV,S13,T_2000,_T,PT_B1GQ,A,15.103
2002,SVN,TAX_REV,S13,T_2000,_T,PT_B1GQ,A,15.005
2003,SVN,TAX_REV,S13,T_2000,_T,PT_B1GQ,A,14.888
2004,SVN,TAX_REV,S13,T_2000,_T,PT_B1GQ,A,14.901
2005,SVN,TAX_REV,S13,T_2000,_T,PT_B1GQ,A,15.072
2006,SVN,TAX_REV,S13,T_2000,_T,PT_B1GQ,A,14.74
2007,SVN,TAX_REV,S13,T_2000,_T,PT_B1GQ,A,14.36
2008,SVN,TAX_REV,S13,T_2000,_T,PT_B1GQ,A,14.657
2009,SVN,TAX_REV,S13,T_2000,_T,PT_B1GQ,A,15.524
2010,SVN,TAX_REV,S13,T_2000,_T,PT_B1GQ,A,15.802
2011,SVN,TAX_REV,S13,T_2000,_T,PT_B1GQ,A,15.601
2012,SVN,TAX_REV,S13,T_2000,_T,PT_B1GQ,A,15.823
2013,SVN,TAX_REV,S13,T_2000,_T,PT_B1GQ,A,15.492
2014,SVN,TAX_REV,S13,T_2000,_T,PT_B1GQ,A,15.269
2015,SVN,TAX_REV,S13,T_2000,_T,PT_B1GQ,A,15.399
2016,SVN,TAX_REV,S13,T_2000,_T,PT_B1GQ,A,15.386
2017,SVN,TAX_REV,S13,T_2000,_T,PT_B1GQ,A,15.406
2018,SVN,TAX_REV,S13,T_2000,_T,PT_B1GQ,A,15.434
2019,SVN,TAX_REV,S13,T_2000,_T,PT_B1GQ,A,15.616
2020,SVN,TAX_REV,S13,T_2000,_T,PT_B1GQ,A,16.803
2021,SVN,TAX_REV,S13,T_2000,_T,PT_B1GQ,A,16.372
2022,SVN,TAX_REV,S13,T_2000,_T,PT_B1GQ,A,16.014
2023,SVN,TAX_REV,S13,T_2000,_T,PT_B1GQ,A,15.825
1990,ESP,TAX_REV,S13,T_2000,_T,PT_B1GQ,A,11.172
1991,ESP,TAX_REV,S13,T_2000,_T,PT_B1GQ,A,11.312
1992,ESP,TAX_REV,S13,T_2000,_T,PT_B1GQ,A,11.938
1993,ESP,TAX_REV,S13,T_2000,_T,PT_B1GQ,A,12.068
1994,ESP,TAX_REV,S13,T_2000,_T,PT_B1GQ,A,11.9
1995,ESP,TAX_REV,S13,T_2000,_T,PT_B1GQ,A,11.263
1996,ESP,TAX_REV,S13,T_2000,_T,PT_B1GQ,A,11.08
1997,ESP,TAX_REV,S13,T_2000,_T,PT_B1GQ,A,11.225
1998,ESP,TAX_REV,S13,T_2000,_T,PT_B1GQ,A,11.295
1999,ESP,TAX_REV,S13,T_2000,_T,PT_B1GQ,A,11.503
2000,ESP,TAX_REV,S13,T_2000,_T,PT_B1GQ,A,11.528
2001,ESP,TAX_REV,S13,T_2000,_T,PT_B1GQ,A,11.703
2002,ESP,TAX_REV,S13,T_2000,_T,PT_B1GQ,A,11.69
2003,ESP,TAX_REV,S13,T_2000,_T,PT_B1GQ,A,11.746
2004,ESP,TAX_REV,S13,T_2000,_T,PT_B1GQ,A,11.789
2005,ESP,TAX_REV,S13,T_2000,_T,PT_B1GQ,A,11.761
2006,ESP,TAX_REV,S13,T_2000,_T,PT_B1GQ,A,11.78
2007,ESP,TAX_REV,S13,T_2000,_T,PT_B1GQ,A,11.816
2008,ESP,TAX_REV,S13,T_2000,_T,PT_B1GQ,A,11.895
2009,ESP,TAX_REV,S13,T_2000,_T,PT_B1GQ,A,12.02
2010,ESP,TAX_REV,S13,T_2000,_T,PT_B1GQ,A,11.861
2011,ESP,TAX_REV,S13,T_2000,_T,PT_B1GQ,A,11.834
2012,ESP,TAX_REV,S13,T_2000,_T,PT_B1GQ,A,11.687
2013,ESP,TAX_REV,S13,T_2000,_T,PT_B1GQ,A,11.451
2014,ESP,TAX_REV,S13,T_2000,_T,PT_B1GQ,A,11.632
2015,ESP,TAX_REV,S13,T_2000,_T,PT_B1GQ,A,11.394
2016,ESP,TAX_REV,S13,T_2000,_T,PT_B1GQ,A,11.404
2017,ESP,TAX_REV,S13,T_2000,_T,PT_B1GQ,A,11.538
2018,ESP,TAX_REV,S13,T_2000,_T,PT_B1GQ,A,11.736
2019,ESP,TAX_REV,S13,T_2000,_T,PT_B1GQ,A,12.246
2020,ESP,TAX_REV,S13,T_2000,_T,PT_B1GQ,A,13.79
2021,ESP,TAX_REV,S13,T_2000,_T,PT_B1GQ,A,13.403
2022,ESP,TAX_REV,S13,T_2000,_T,PT_B1GQ,A,12.808
2023,ESP,TAX_REV,S13,T_2000,_T,PT_B1GQ,A,12.947
1990,SWE,TAX_REV,S13,T_2000,_T,PT_B1GQ,A,13.302
1991,SWE,TAX_REV,S13,T_2000,_T,PT_B1GQ,A,13.635
1992,SWE,TAX_REV,S13,T_2000,_T,PT_B1GQ,A,13.071
1993,SWE,TAX_REV,S13,T_2000,_T,PT_B1GQ,A,11.952
1994,SWE,TAX_REV,S13,T_2000,_T,PT_B1GQ,A,11.979
1995,SWE,TAX_REV,S13,T_2000,_T,PT_B1GQ,A,12.47
1996,SWE,TAX_REV,S13,T_2000,_T,PT_B1GQ,A,13.378
1997,SWE,TAX_REV,S13,T_2000,_T,PT_B1GQ,A,13.352
1998,SWE,TAX_REV,S13,T_2000,_T,PT_B1GQ,A,13.115
1999,SWE,TAX_REV,S13,T_2000,_T,PT_B1GQ,A,11.526
2000,SWE,TAX_REV,S13,T_2000,_T,PT_B1GQ,A,12.744
2001,SWE,TAX_REV,S13,T_2000,_T,PT_B1GQ,A,13.203
2002,SWE,TAX_REV,S13,T_2000,_T,PT_B1GQ,A,13.012
2003,SWE,TAX_REV,S13,T_2000,_T,PT_B1GQ,A,12.703
2004,SWE,TAX_REV,S13,T_2000,_T,PT_B1GQ,A,12.46
2005,SWE,TAX_REV,S13,T_2000,_T,PT_B1GQ,A,12.435
2006,SWE,TAX_REV,S13,T_2000,_T,PT_B1GQ,A,11.712
2007,SWE,TAX_REV,S13,T_2000,_T,PT_B1GQ,A,11.73
2008,SWE,TAX_REV,S13,T_2000,_T,PT_B1GQ,A,10.99
2009,SWE,TAX_REV,S13,T_2000,_T,PT_B1GQ,A,10.748
2010,SWE,TAX_REV,S13,T_2000,_T,PT_B1GQ,A,10.831
2011,SWE,TAX_REV,S13,T_2000,_T,PT_B1GQ,A,9.771
2012,SWE,TAX_REV,S13,T_2000,_T,PT_B1GQ,A,10.085
2013,SWE,TAX_REV,S13,T_2000,_T,PT_B1GQ,A,9.9
2014,SWE,TAX_REV,S13,T_2000,_T,PT_B1GQ,A,9.805
2015,SWE,TAX_REV,S13,T_2000,_T,PT_B1GQ,A,9.567
2016,SWE,TAX_REV,S13,T_2000,_T,PT_B1GQ,A,9.968
2017,SWE,TAX_REV,S13,T_2000,_T,PT_B1GQ,A,9.669
2018,SWE,TAX_REV,S13,T_2000,_T,PT_B1GQ,A,9.668
2019,SWE,TAX_REV,S13,T_2000,_T,PT_B1GQ,A,9.196
2020,SWE,TAX_REV,S13,T_2000,_T,PT_B1GQ,A,9.07
2021,SWE,TAX_REV,S13,T_2000,_T,PT_B1GQ,A,8.964
2022,SWE,TAX_REV,S13,T_2000,_T,PT_B1GQ,A,8.839
2023,SWE,TAX_REV,S13,T_2000,_T,PT_B1GQ,A,8.87
1990,CHE,TAX_REV,S13,T_2000,_T,PT_B1GQ,A,5.396
1991,CHE,TAX_REV,S13,T_2000,_T,PT_B1GQ,A,5.575
1992,CHE,TAX_REV,S13,T_2000,_T,PT_B1GQ,A,5.689
1993,CHE,TAX_REV,S13,T_2000,_T,PT_B1GQ,A,6.406
1994,CHE,TAX_REV,S13,T_2000,_T,PT_B1GQ,A,6.245
1995,CHE,TAX_REV,S13,T_2000,_T,PT_B1GQ,A,6.694
1996,CHE,TAX_REV,S13,T_2000,_T,PT_B1GQ,A,6.731
1997,CHE,TAX_REV,S13,T_2000,_T,PT_B1GQ,A,6.699
1998,CHE,TAX_REV,S13,T_2000,_T,PT_B1GQ,A,6.427
1999,CHE,TAX_REV,S13,T_2000,_T,PT_B1GQ,A,6.572
2000,CHE,TAX_REV,S13,T_2000,_T,PT_B1GQ,A,6.54
2001,CHE,TAX_REV,S13,T_2000,_T,PT_B1GQ,A,6.729
2002,CHE,TAX_REV,S13,T_2000,_T,PT_B1GQ,A,6.895
2003,CHE,TAX_REV,S13,T_2000,_T,PT_B1GQ,A,6.651
2004,CHE,TAX_REV,S13,T_2000,_T,PT_B1GQ,A,6.299
2005,CHE,TAX_REV,S13,T_2000,_T,PT_B1GQ,A,6.184
2006,CHE,TAX_REV,S13,T_2000,_T,PT_B1GQ,A,6.007
2007,CHE,TAX_REV,S13,T_2000,_T,PT_B1GQ,A,5.919
2008,CHE,TAX_REV,S13,T_2000,_T,PT_B1GQ,A,5.992
2009,CHE,TAX_REV,S13,T_2000,_T,PT_B1GQ,A,6.319
2010,CHE,TAX_REV,S13,T_2000,_T,PT_B1GQ,A,6.128
2011,CHE,TAX_REV,S13,T_2000,_T,PT_B1GQ,A,6.434
2012,CHE,TAX_REV,S13,T_2000,_T,PT_B1GQ,A,6.495
2013,CHE,TAX_REV,S13,T_2000,_T,PT_B1GQ,A,6.525
2014,CHE,TAX_REV,S13,T_2000,_T,PT_B1GQ,A,6.518
2015,CHE,TAX_REV,S13,T_2000,_T,PT_B1GQ,A,6.606
2016,CHE,TAX_REV,S13,T_2000,_T,PT_B1GQ,A,6.583
2017,CHE,TAX_REV,S13,T_2000,_T,PT_B1GQ,A,6.59
2018,CHE,TAX_REV,S13,T_2000,_T,PT_B1GQ,A,6.475
2019,CHE,TAX_REV,S13,T_2000,_T,PT_B1GQ,A,6.567
2020,CHE,TAX_REV,S13,T_2000,_T,PT_B1GQ,A,7.022
2021,CHE,TAX_REV,S13,T_2000,_T,PT_B1GQ,A,6.793
2022,CHE,TAX_REV,S13,T_2000,_T,PT_B1GQ,A,6.675
2023,CHE,TAX_REV,S13,T_2000,_T,PT_B1GQ,A,6.687
1990,TUR,TAX_REV,S13,T_2000,_T,PT_B1GQ,A,2.857
1991,TUR,TAX_REV,S13,T_2000,_T,PT_B1GQ,A,2.99
1992,TUR,TAX_REV,S13,T_2000,_T,PT_B1GQ,A,3.317
1993,TUR,TAX_REV,S13,T_2000,_T,PT_B1GQ,A,3.241
1994,TUR,TAX_REV,S13,T_2000,_T,PT_B1GQ,A,2.553
1995,TUR,TAX_REV,S13,T_2000,_T,PT_B1GQ,A,1.978
1996,TUR,TAX_REV,S13,T_2000,_T,PT_B1GQ,A,2.907
1997,TUR,TAX_REV,S13,T_2000,_T,PT_B1GQ,A,2.932
1998,TUR,TAX_REV,S13,T_2000,_T,PT_B1GQ,A,2.982
1999,TUR,TAX_REV,S13,T_2000,_T,PT_B1GQ,A,4.175
2000,TUR,TAX_REV,S13,T_2000,_T,PT_B1GQ,A,4.398
2001,TUR,TAX_REV,S13,T_2000,_T,PT_B1GQ,A,5.461
2002,TUR,TAX_REV,S13,T_2000,_T,PT_B1GQ,A,4.713
2003,TUR,TAX_REV,S13,T_2000,_T,PT_B1GQ,A,5.197
2004,TUR,TAX_REV,S13,T_2000,_T,PT_B1GQ,A,5.515
2005,TUR,TAX_REV,S13,T_2000,_T,PT_B1GQ,A,5.192
2006,TUR,TAX_REV,S13,T_2000,_T,PT_B1GQ,A,5.23
2007,TUR,TAX_REV,S13,T_2000,_T,PT_B1GQ,A,4.962
2008,TUR,TAX_REV,S13,T_2000,_T,PT_B1GQ,A,5.748
2009,TUR,TAX_REV,S13,T_2000,_T,PT_B1GQ,A,5.723
2010,TUR,TAX_REV,S13,T_2000,_T,PT_B1GQ,A,6.14
2011,TUR,TAX_REV,S13,T_2000,_T,PT_B1GQ,A,7.167
2012,TUR,TAX_REV,S13,T_2000,_T,PT_B1GQ,A,6.728
2013,TUR,TAX_REV,S13,T_2000,_T,PT_B1GQ,A,6.903
2014,TUR,TAX_REV,S13,T_2000,_T,PT_B1GQ,A,6.978
2015,TUR,TAX_REV,S13,T_2000,_T,PT_B1GQ,A,7.243
2016,TUR,TAX_REV,S13,T_2000,_T,PT_B1GQ,A,7.243
2017,TUR,TAX_REV,S13,T_2000,_T,PT_B1GQ,A,7.235
2018,TUR,TAX_REV,S13,T_2000,_T,PT_B1GQ,A,7.177
2019,TUR,TAX_REV,S13,T_2000,_T,PT_B1GQ,A,7.245
2020,TUR,TAX_REV,S13,T_2000,_T,PT_B1GQ,A,7.085
2021,TUR,TAX_REV,S13,T_2000,_T,PT_B1GQ,A,6.631
2022,TUR,TAX_REV,S13,T_2000,_T,PT_B1GQ,A,5.113
2023,TUR,TAX_REV,S13,T_2000,_T,PT_B1GQ,A,6.209
1990,GBR,TAX_REV,S13,T_2000,_T,PT_B1GQ,A,5.597
1991,GBR,TAX_REV,S13,T_2000,_T,PT_B1GQ,A,5.586
1992,GBR,TAX_REV,S13,T_2000,_T,PT_B1GQ,A,5.505
1993,GBR,TAX_REV,S13,T_2000,_T,PT_B1GQ,A,5.547
1994,GBR,TAX_REV,S13,T_2000,_T,PT_B1GQ,A,5.645
1995,GBR,TAX_REV,S13,T_2000,_T,PT_B1GQ,A,5.212
1996,GBR,TAX_REV,S13,T_2000,_T,PT_B1GQ,A,5.11
1997,GBR,TAX_REV,S13,T_2000,_T,PT_B1GQ,A,5.308
1998,GBR,TAX_REV,S13,T_2000,_T,PT_B1GQ,A,5.307
1999,GBR,TAX_REV,S13,T_2000,_T,PT_B1GQ,A,5.439
2000,GBR,TAX_REV,S13,T_2000,_T,PT_B1GQ,A,5.474
2001,GBR,TAX_REV,S13,T_2000,_T,PT_B1GQ,A,5.508
2002,GBR,TAX_REV,S13,T_2000,_T,PT_B1GQ,A,5.322
2003,GBR,TAX_REV,S13,T_2000,_T,PT_B1GQ,A,5.685
2004,GBR,TAX_REV,S13,T_2000,_T,PT_B1GQ,A,5.99
2005,GBR,TAX_REV,S13,T_2000,_T,PT_B1GQ,A,6.038
2006,GBR,TAX_REV,S13,T_2000,_T,PT_B1GQ,A,6.083
2007,GBR,TAX_REV,S13,T_2000,_T,PT_B1GQ,A,6.034
2008,GBR,TAX_REV,S13,T_2000,_T,PT_B1GQ,A,6.17
2009,GBR,TAX_REV,S13,T_2000,_T,PT_B1GQ,A,6.098
2010,GBR,TAX_REV,S13,T_2000,_T,PT_B1GQ,A,6.052
2011,GBR,TAX_REV,S13,T_2000,_T,PT_B1GQ,A,6.101
2012,GBR,TAX_REV,S13,T_2000,_T,PT_B1GQ,A,6.087
2013,GBR,TAX_REV,S13,T_2000,_T,PT_B1GQ,A,5.955
2014,GBR,TAX_REV,S13,T_2000,_T,PT_B1GQ,A,5.859
2015,GBR,TAX_REV,S13,T_2000,_T,PT_B1GQ,A,5.958
2016,GBR,TAX_REV,S13,T_2000,_T,PT_B1GQ,A,6.124
2017,GBR,TAX_REV,S13,T_2000,_T,PT_B1GQ,A,6.264
2018,GBR,TAX_REV,S13,T_2000,_T,PT_B1GQ,A,6.29
2019,GBR,TAX_REV,S13,T_2000,_T,PT_B1GQ,A,6.444
2020,GBR,TAX_REV,S13,T_2000,_T,PT_B1GQ,A,6.825
2021,GBR,TAX_REV,S13,T_2000,_T,PT_B1GQ,A,6.839
2022,GBR,TAX_REV,S13,T_2000,_T,PT_B1GQ,A,7.061
2023,GBR,TAX_REV,S13,T_2000,_T,PT_B1GQ,A,6.703
1990,USA,TAX_REV,S13,T_2000,_T,PT_B1GQ,A,6.657
1991,USA,TAX_REV,S13,T_2000,_T,PT_B1GQ,A,6.743
1992,USA,TAX_REV,S13,T_2000,_T,PT_B1GQ,A,6.714
1993,USA,TAX_REV,S13,T_2000,_T,PT_B1GQ,A,6.68
1994,USA,TAX_REV,S13,T_2000,_T,PT_B1GQ,A,6.691
1995,USA,TAX_REV,S13,T_2000,_T,PT_B1GQ,A,6.682
1996,USA,TAX_REV,S13,T_2000,_T,PT_B1GQ,A,6.61
1997,USA,TAX_REV,S13,T_2000,_T,PT_B1GQ,A,6.593
1998,USA,TAX_REV,S13,T_2000,_T,PT_B1GQ,A,6.653
1999,USA,TAX_REV,S13,T_2000,_T,PT_B1GQ,A,6.63
2000,USA,TAX_REV,S13,T_2000,_T,PT_B1GQ,A,6.664
2001,USA,TAX_REV,S13,T_2000,_T,PT_B1GQ,A,6.69
2002,USA,TAX_REV,S13,T_2000,_T,PT_B1GQ,A,6.622
2003,USA,TAX_REV,S13,T_2000,_T,PT_B1GQ,A,6.533
2004,USA,TAX_REV,S13,T_2000,_T,PT_B1GQ,A,6.499
2005,USA,TAX_REV,S13,T_2000,_T,PT_B1GQ,A,6.376
2006,USA,TAX_REV,S13,T_2000,_T,PT_B1GQ,A,6.32
2007,USA,TAX_REV,S13,T_2000,_T,PT_B1GQ,A,6.269
2008,USA,TAX_REV,S13,T_2000,_T,PT_B1GQ,A,6.298
2009,USA,TAX_REV,S13,T_2000,_T,PT_B1GQ,A,6.233
2010,USA,TAX_REV,S13,T_2000,_T,PT_B1GQ,A,6.096
2011,USA,TAX_REV,S13,T_2000,_T,PT_B1GQ,A,5.431
2012,USA,TAX_REV,S13,T_2000,_T,PT_B1GQ,A,5.416
2013,USA,TAX_REV,S13,T_2000,_T,PT_B1GQ,A,6.102
2014,USA,TAX_REV,S13,T_2000,_T,PT_B1GQ,A,6.116
2015,USA,TAX_REV,S13,T_2000,_T,PT_B1GQ,A,6.152
2016,USA,TAX_REV,S13,T_2000,_T,PT_B1GQ,A,6.132
2017,USA,TAX_REV,S13,T_2000,_T,PT_B1GQ,A,6.145
2018,USA,TAX_REV,S13,T_2000,_T,PT_B1GQ,A,6.08
2019,USA,TAX_REV,S13,T_2000,_T,PT_B1GQ,A,6.097
2020,USA,TAX_REV,S13,T_2000,_T,PT_B1GQ,A,6.227
2021,USA,TAX_REV,S13,T_2000,_T,PT_B1GQ,A,6.062
2022,USA,TAX_REV,S13,T_2000,_T,PT_B1GQ,A,6.047
2023,USA,TAX_REV,S13,T_2000,_T,PT_B1GQ,A,6.054
2007,ATG,TAX_REV,S13,T_2000,_T,PT_B1GQ,A,1.934
2008,ATG,TAX_REV,S13,T_2000,_T,PT_B1GQ,A,2.004
2009,ATG,TAX_REV,S13,T_2000,_T,PT_B1GQ,A,2.098
2010,ATG,TAX_REV,S13,T_2000,_T,PT_B1GQ,A,2.371
2011,ATG,TAX_REV,S13,T_2000,_T,PT_B1GQ,A,2.337
2012,ATG,TAX_REV,S13,T_2000,_T,PT_B1GQ,A,2.307
2013,ATG,TAX_REV,S13,T_2000,_T,PT_B1GQ,A,3.144
2014,ATG,TAX_REV,S13,T_2000,_T,PT_B1GQ,A,2.677
2015,ATG,TAX_REV,S13,T_2000,_T,PT_B1GQ,A,2.906
2016,ATG,TAX_REV,S13,T_2000,_T,PT_B1GQ,A,2.95
2017,ATG,TAX_REV,S13,T_2000,_T,PT_B1GQ,A,3.367
2018,ATG,TAX_REV,S13,T_2000,_T,PT_B1GQ,A,3.194
2019,ATG,TAX_REV,S13,T_2000,_T,PT_B1GQ,A,3.171
2020,ATG,TAX_REV,S13,T_2000,_T,PT_B1GQ,A,3.171
2021,ATG,TAX_REV,S13,T_2000,_T,PT_B1GQ,A,3.172
2022,ATG,TAX_REV,S13,T_2000,_T,PT_B1GQ,A,3.175
2023,ATG,TAX_REV,S13,T_2000,_T,PT_B1GQ,A,3.234
1990,ARG,TAX_REV,S13,T_2000,_T,PT_B1GQ,A,3.352
1991,ARG,TAX_REV,S13,T_2000,_T,PT_B1GQ,A,3.832
1992,ARG,TAX_REV,S13,T_2000,_T,PT_B1GQ,A,4.435
1993,ARG,TAX_REV,S13,T_2000,_T,PT_B1GQ,A,4.988
1994,ARG,TAX_REV,S13,T_2000,_T,PT_B1GQ,A,4.832
1995,ARG,TAX_REV,S13,T_2000,_T,PT_B1GQ,A,4.246
1996,ARG,TAX_REV,S13,T_2000,_T,PT_B1GQ,A,3.536
1997,ARG,TAX_REV,S13,T_2000,_T,PT_B1GQ,A,3.391
1998,ARG,TAX_REV,S13,T_2000,_T,PT_B1GQ,A,3.296
1999,ARG,TAX_REV,S13,T_2000,_T,PT_B1GQ,A,3.173
2000,ARG,TAX_REV,S13,T_2000,_T,PT_B1GQ,A,3.043
2001,ARG,TAX_REV,S13,T_2000,_T,PT_B1GQ,A,2.89
2002,ARG,TAX_REV,S13,T_2000,_T,PT_B1GQ,A,2.53
2003,ARG,TAX_REV,S13,T_2000,_T,PT_B1GQ,A,2.529
2004,ARG,TAX_REV,S13,T_2000,_T,PT_B1GQ,A,2.803
2005,ARG,TAX_REV,S13,T_2000,_T,PT_B1GQ,A,2.987
2006,ARG,TAX_REV,S13,T_2000,_T,PT_B1GQ,A,3.457
2007,ARG,TAX_REV,S13,T_2000,_T,PT_B1GQ,A,4.082
2008,ARG,TAX_REV,S13,T_2000,_T,PT_B1GQ,A,4.572
2009,ARG,TAX_REV,S13,T_2000,_T,PT_B1GQ,A,6.189
2010,ARG,TAX_REV,S13,T_2000,_T,PT_B1GQ,A,6.166
2011,ARG,TAX_REV,S13,T_2000,_T,PT_B1GQ,A,6.296
2012,ARG,TAX_REV,S13,T_2000,_T,PT_B1GQ,A,6.815
2013,ARG,TAX_REV,S13,T_2000,_T,PT_B1GQ,A,7.05
2014,ARG,TAX_REV,S13,T_2000,_T,PT_B1GQ,A,6.719
2015,ARG,TAX_REV,S13,T_2000,_T,PT_B1GQ,A,6.976
2016,ARG,TAX_REV,S13,T_2000,_T,PT_B1GQ,A,6.758
2017,ARG,TAX_REV,S13,T_2000,_T,PT_B1GQ,A,6.878
2018,ARG,TAX_REV,S13,T_2000,_T,PT_B1GQ,A,6.202
2019,ARG,TAX_REV,S13,T_2000,_T,PT_B1GQ,A,5.685
2020,ARG,TAX_REV,S13,T_2000,_T,PT_B1GQ,A,5.689
2021,ARG,TAX_REV,S13,T_2000,_T,PT_B1GQ,A,5.189
2022,ARG,TAX_REV,S13,T_2000,_T,PT_B1GQ,A,5.241
2023,ARG,TAX_REV,S13,T_2000,_T,PT_B1GQ,A,5.08
2010,ARM,TAX_REV,S13,T_2000,_T,PT_B1GQ,A,3.044
2011,ARM,TAX_REV,S13,T_2000,_T,PT_B1GQ,A,3.268
2012,ARM,TAX_REV,S13,T_2000,_T,PT_B1GQ,A,3.025
2013,ARM,TAX_REV,S13,T_2000,_T,PT_B1GQ,A,0.387
2014,ARM,TAX_REV,S13,T_2000,_T,PT_B1GQ,A,0.248
2015,ARM,TAX_REV,S13,T_2000,_T,PT_B1GQ,A,0.216
2016,ARM,TAX_REV,S13,T_2000,_T,PT_B1GQ,A,0.264
2017,ARM,TAX_REV,S13,T_2000,_T,PT_B1GQ,A,0.284
2018,ARM,TAX_REV,S13,T_2000,_T,PT_B1GQ,A,0.289
2019,ARM,TAX_REV,S13,T_2000,_T,PT_B1GQ,A,0.285
2020,ARM,TAX_REV,S13,T_2000,_T,PT_B1GQ,A,0.4
2021,ARM,TAX_REV,S13,T_2000,_T,PT_B1GQ,A,0.614
2022,ARM,TAX_REV,S13,T_2000,_T,PT_B1GQ,A,0.758
2023,ARM,TAX_REV,S13,T_2000,_T,PT_B1GQ,A,0.955
2014,AZE,TAX_REV,S13,T_2000,_T,PT_B1GQ,A,2.955
2015,AZE,TAX_REV,S13,T_2000,_T,PT_B1GQ,A,3.319
2016,AZE,TAX_REV,S13,T_2000,_T,PT_B1GQ,A,3.179
2017,AZE,TAX_REV,S13,T_2000,_T,PT_B1GQ,A,2.965
2018,AZE,TAX_REV,S13,T_2000,_T,PT_B1GQ,A,3.0
2019,AZE,TAX_REV,S13,T_2000,_T,PT_B1GQ,A,3.708
2020,AZE,TAX_REV,S13,T_2000,_T,PT_B1GQ,A,5.079
2021,AZE,TAX_REV,S13,T_2000,_T,PT_B1GQ,A,4.912
2022,AZE,TAX_REV,S13,T_2000,_T,PT_B1GQ,A,4.157
2023,AZE,TAX_REV,S13,T_2000,_T,PT_B1GQ,A,5.132
1990,BHS,TAX_REV,S13,T_2000,_T,PT_B1GQ,A,1.273
1991,BHS,TAX_REV,S13,T_2000,_T,PT_B1GQ,A,1.228
1992,BHS,TAX_REV,S13,T_2000,_T,PT_B1GQ,A,1.166
1993,BHS,TAX_REV,S13,T_2000,_T,PT_B1GQ,A,1.307
1994,BHS,TAX_REV,S13,T_2000,_T,PT_B1GQ,A,1.274
1995,BHS,TAX_REV,S13,T_2000,_T,PT_B1GQ,A,1.261
1996,BHS,TAX_REV,S13,T_2000,_T,PT_B1GQ,A,1.264
1997,BHS,TAX_REV,S13,T_2000,_T,PT_B1GQ,A,1.374
1998,BHS,TAX_REV,S13,T_2000,_T,PT_B1GQ,A,1.382
1999,BHS,TAX_REV,S13,T_2000,_T,PT_B1GQ,A,1.43
2000,BHS,TAX_REV,S13,T_2000,_T,PT_B1GQ,A,1.463
2001,BHS,TAX_REV,S13,T_2000,_T,PT_B1GQ,A,1.391
2002,BHS,TAX_REV,S13,T_2000,_T,PT_B1GQ,A,1.413
2003,BHS,TAX_REV,S13,T_2000,_T,PT_B1GQ,A,1.375
2004,BHS,TAX_REV,S13,T_2000,_T,PT_B1GQ,A,1.4
2005,BHS,TAX_REV,S13,T_2000,_T,PT_B1GQ,A,1.438
2006,BHS,TAX_REV,S13,T_2000,_T,PT_B1GQ,A,1.49
2007,BHS,TAX_REV,S13,T_2000,_T,PT_B1GQ,A,1.496
2008,BHS,TAX_REV,S13,T_2000,_T,PT_B1GQ,A,1.468
2009,BHS,TAX_REV,S13,T_2000,_T,PT_B1GQ,A,1.559
2010,BHS,TAX_REV,S13,T_2000,_T,PT_B1GQ,A,1.668
2011,BHS,TAX_REV,S13,T_2000,_T,PT_B1GQ,A,1.889
2012,BHS,TAX_REV,S13,T_2000,_T,PT_B1GQ,A,1.953
2013,BHS,TAX_REV,S13,T_2000,_T,PT_B1GQ,A,2.155
2014,BHS,TAX_REV,S13,T_2000,_T,PT_B1GQ,A,2.25
2015,BHS,TAX_REV,S13,T_2000,_T,PT_B1GQ,A,2.261
2016,BHS,TAX_REV,S13,T_2000,_T,PT_B1GQ,A,2.202
2017,BHS,TAX_REV,S13,T_2000,_T,PT_B1GQ,A,2.296
2018,BHS,TAX_REV,S13,T_2000,_T,PT_B1GQ,A,2.276
2019,BHS,TAX_REV,S13,T_2000,_T,PT_B1GQ,A,2.217
2020,BHS,TAX_REV,S13,T_2000,_T,PT_B1GQ,A,1.986
2021,BHS,TAX_REV,S13,T_2000,_T,PT_B1GQ,A,2.527
2022,BHS,TAX_REV,S13,T_2000,_T,PT_B1GQ,A,2.243
2023,BHS,TAX_REV,S13,T_2000,_T,PT_B1GQ,A,2.243
1990,BRB,TAX_REV,S13,T_2000,_T,PT_B1GQ,A,3.201
1991,BRB,TAX_REV,S13,T_2000,_T,PT_B1GQ,A,3.431
1992,BRB,TAX_REV,S13,T_2000,_T,PT_B1GQ,A,3.28
1993,BRB,TAX_REV,S13,T_2000,_T,PT_B1GQ,A,2.978
1994,BRB,TAX_REV,S13,T_2000,_T,PT_B1GQ,A,3.748
1995,BRB,TAX_REV,S13,T_2000,_T,PT_B1GQ,A,3.819
1996,BRB,TAX_REV,S13,T_2000,_T,PT_B1GQ,A,3.953
1997,BRB,TAX_REV,S13,T_2000,_T,PT_B1GQ,A,3.953
1998,BRB,TAX_REV,S13,T_2000,_T,PT_B1GQ,A,4.05
1999,BRB,TAX_REV,S13,T_2000,_T,PT_B1GQ,A,4.277
2000,BRB,TAX_REV,S13,T_2000,_T,PT_B1GQ,A,4.46
2001,BRB,TAX_REV,S13,T_2000,_T,PT_B1GQ,A,4.628
2002,BRB,TAX_REV,S13,T_2000,_T,PT_B1GQ,A,4.326
2003,BRB,TAX_REV,S13,T_2000,_T,PT_B1GQ,A,4.457
2004,BRB,TAX_REV,S13,T_2000,_T,PT_B1GQ,A,4.883
2005,BRB,TAX_REV,S13,T_2000,_T,PT_B1GQ,A,4.707
2006,BRB,TAX_REV,S13,T_2000,_T,PT_B1GQ,A,4.667
2007,BRB,TAX_REV,S13,T_2000,_T,PT_B1GQ,A,4.59
2008,BRB,TAX_REV,S13,T_2000,_T,PT_B1GQ,A,4.965
2009,BRB,TAX_REV,S13,T_2000,_T,PT_B1GQ,A,5.15
2010,BRB,TAX_REV,S13,T_2000,_T,PT_B1GQ,A,5.452
2011,BRB,TAX_REV,S13,T_2000,_T,PT_B1GQ,A,5.124
2012,BRB,TAX_REV,S13,T_2000,_T,PT_B1GQ,A,5.422
2013,BRB,TAX_REV,S13,T_2000,_T,PT_B1GQ,A,5.594
2014,BRB,TAX_REV,S13,T_2000,_T,PT_B1GQ,A,4.976
2015,BRB,TAX_REV,S13,T_2000,_T,PT_B1GQ,A,5.914
2016,BRB,TAX_REV,S13,T_2000,_T,PT_B1GQ,A,4.949
2017,BRB,TAX_REV,S13,T_2000,_T,PT_B1GQ,A,5.623
2018,BRB,TAX_REV,S13,T_2000,_T,PT_B1GQ,A,5.48
2019,BRB,TAX_REV,S13,T_2000,_T,PT_B1GQ,A,5.699
2020,BRB,TAX_REV,S13,T_2000,_T,PT_B1GQ,A,6.191
2021,BRB,TAX_REV,S13,T_2000,_T,PT_B1GQ,A,5.268
2022,BRB,TAX_REV,S13,T_2000,_T,PT_B1GQ,A,4.824
2023,BRB,TAX_REV,S13,T_2000,_T,PT_B1GQ,A,4.737
1990,BLZ,TAX_REV,S13,T_2000,_T,PT_B1GQ,A,0.934
1991,BLZ,TAX_REV,S13,T_2000,_T,PT_B1GQ,A,0.997
1992,BLZ,TAX_REV,S13,T_2000,_T,PT_B1GQ,A,0.984
1993,BLZ,TAX_REV,S13,T_2000,_T,PT_B1GQ,A,0.979
1994,BLZ,TAX_REV,S13,T_2000,_T,PT_B1GQ,A,0.988
1995,BLZ,TAX_REV,S13,T_2000,_T,PT_B1GQ,A,0.953
1996,BLZ,TAX_REV,S13,T_2000,_T,PT_B1GQ,A,0.904
1997,BLZ,TAX_REV,S13,T_2000,_T,PT_B1GQ,A,0.925
1998,BLZ,TAX_REV,S13,T_2000,_T,PT_B1GQ,A,0.91
1999,BLZ,TAX_REV,S13,T_2000,_T,PT_B1GQ,A,0.85
2000,BLZ,TAX_REV,S13,T_2000,_T,PT_B1GQ,A,0.841
2001,BLZ,TAX_REV,S13,T_2000,_T,PT_B1GQ,A,1.36
2002,BLZ,TAX_REV,S13,T_2000,_T,PT_B1GQ,A,1.444
2003,BLZ,TAX_REV,S13,T_2000,_T,PT_B1GQ,A,1.589
2004,BLZ,TAX_REV,S13,T_2000,_T,PT_B1GQ,A,1.699
2005,BLZ,TAX_REV,S13,T_2000,_T,PT_B1GQ,A,1.717
2006,BLZ,TAX_REV,S13,T_2000,_T,PT_B1GQ,A,1.561
2007,BLZ,TAX_REV,S13,T_2000,_T,PT_B1GQ,A,1.546
2008,BLZ,TAX_REV,S13,T_2000,_T,PT_B1GQ,A,1.675
2009,BLZ,TAX_REV,S13,T_2000,_T,PT_B1GQ,A,1.766
2010,BLZ,TAX_REV,S13,T_2000,_T,PT_B1GQ,A,1.715
2011,BLZ,TAX_REV,S13,T_2000,_T,PT_B1GQ,A,1.664
2012,BLZ,TAX_REV,S13,T_2000,_T,PT_B1GQ,A,1.672
2013,BLZ,TAX_REV,S13,T_2000,_T,PT_B1GQ,A,1.633
2014,BLZ,TAX_REV,S13,T_2000,_T,PT_B1GQ,A,1.682
2015,BLZ,TAX_REV,S13,T_2000,_T,PT_B1GQ,A,1.754
2016,BLZ,TAX_REV,S13,T_2000,_T,PT_B1GQ,A,1.782
2017,BLZ,TAX_REV,S13,T_2000,_T,PT_B1GQ,A,1.817
2018,BLZ,TAX_REV,S13,T_2000,_T,PT_B1GQ,A,1.879
2019,BLZ,TAX_REV,S13,T_2000,_T,PT_B1GQ,A,2.176
2020,BLZ,TAX_REV,S13,T_2000,_T,PT_B1GQ,A,2.578
2021,BLZ,TAX_REV,S13,T_2000,_T,PT_B1GQ,A,2.325
2022,BLZ,TAX_REV,S13,T_2000,_T,PT_B1GQ,A,2.489
2023,BLZ,TAX_REV,S13,T_2000,_T,PT_B1GQ,A,2.614
2000,BOL,TAX_REV,S13,T_2000,_T,PT_B1GQ,A,1.283
2001,BOL,TAX_REV,S13,T_2000,_T,PT_B1GQ,A,1.205
2002,BOL,TAX_REV,S13,T_2000,_T,PT_B1GQ,A,1.27
2003,BOL,TAX_REV,S13,T_2000,_T,PT_B1GQ,A,1.244
2004,BOL,TAX_REV,S13,T_2000,_T,PT_B1GQ,A,1.258
2005,BOL,TAX_REV,S13,T_2000,_T,PT_B1GQ,A,1.216
2006,BOL,TAX_REV,S13,T_2000,_T,PT_B1GQ,A,1.097
2007,BOL,TAX_REV,S13,T_2000,_T,PT_B1GQ,A,1.076
2008,BOL,TAX_REV,S13,T_2000,_T,PT_B1GQ,A,1.116
2009,BOL,TAX_REV,S13,T_2000,_T,PT_B1GQ,A,1.245
2010,BOL,TAX_REV,S13,T_2000,_T,PT_B1GQ,A,3.819
2011,BOL,TAX_REV,S13,T_2000,_T,PT_B1GQ,A,4.628
2012,BOL,TAX_REV,S13,T_2000,_T,PT_B1GQ,A,4.941
2013,BOL,TAX_REV,S13,T_2000,_T,PT_B1GQ,A,4.878
2014,BOL,TAX_REV,S13,T_2000,_T,PT_B1GQ,A,5.488
2015,BOL,TAX_REV,S13,T_2000,_T,PT_B1GQ,A,6.242
2016,BOL,TAX_REV,S13,T_2000,_T,PT_B1GQ,A,6.322
2017,BOL,TAX_REV,S13,T_2000,_T,PT_B1GQ,A,6.14
2018,BOL,TAX_REV,S13,T_2000,_T,PT_B1GQ,A,6.023
2019,BOL,TAX_REV,S13,T_2000,_T,PT_B1GQ,A,6.193
2020,BOL,TAX_REV,S13,T_2000,_T,PT_B1GQ,A,6.517
2021,BOL,TAX_REV,S13,T_2000,_T,PT_B1GQ,A,6.022
2022,BOL,TAX_REV,S13,T_2000,_T,PT_B1GQ,A,5.706
2023,BOL,TAX_REV,S13,T_2000,_T,PT_B1GQ,A,5.742
1990,BRA,TAX_REV,S13,T_2000,_T,PT_B1GQ,A,6.769
1991,BRA,TAX_REV,S13,T_2000,_T,PT_B1GQ,A,6.015
1992,BRA,TAX_REV,S13,T_2000,_T,PT_B1GQ,A,6.055
1993,BRA,TAX_REV,S13,T_2000,_T,PT_B1GQ,A,6.863
1994,BRA,TAX_REV,S13,T_2000,_T,PT_B1GQ,A,6.929
1995,BRA,TAX_REV,S13,T_2000,_T,PT_B1GQ,A,6.688
1996,BRA,TAX_REV,S13,T_2000,_T,PT_B1GQ,A,6.834
1997,BRA,TAX_REV,S13,T_2000,_T,PT_B1GQ,A,6.68
1998,BRA,TAX_REV,S13,T_2000,_T,PT_B1GQ,A,7.029
1999,BRA,TAX_REV,S13,T_2000,_T,PT_B1GQ,A,6.696
2000,BRA,TAX_REV,S13,T_2000,_T,PT_B1GQ,A,6.961
2001,BRA,TAX_REV,S13,T_2000,_T,PT_B1GQ,A,7.008
2002,BRA,TAX_REV,S13,T_2000,_T,PT_B1GQ,A,7.284
2003,BRA,TAX_REV,S13,T_2000,_T,PT_B1GQ,A,7.129
2004,BRA,TAX_REV,S13,T_2000,_T,PT_B1GQ,A,7.409
2005,BRA,TAX_REV,S13,T_2000,_T,PT_B1GQ,A,7.754
2006,BRA,TAX_REV,S13,T_2000,_T,PT_B1GQ,A,7.859
2007,BRA,TAX_REV,S13,T_2000,_T,PT_B1GQ,A,7.886
2008,BRA,TAX_REV,S13,T_2000,_T,PT_B1GQ,A,7.817
2009,BRA,TAX_REV,S13,T_2000,_T,PT_B1GQ,A,8.179
2010,BRA,TAX_REV,S13,T_2000,_T,PT_B1GQ,A,8.146
2011,BRA,TAX_REV,S13,T_2000,_T,PT_B1GQ,A,8.298
2012,BRA,TAX_REV,S13,T_2000,_T,PT_B1GQ,A,8.42
2013,BRA,TAX_REV,S13,T_2000,_T,PT_B1GQ,A,8.347
2014,BRA,TAX_REV,S13,T_2000,_T,PT_B1GQ,A,8.35
2015,BRA,TAX_REV,S13,T_2000,_T,PT_B1GQ,A,8.393
2016,BRA,TAX_REV,S13,T_2000,_T,PT_B1GQ,A,8.566
2017,BRA,TAX_REV,S13,T_2000,_T,PT_B1GQ,A,8.594
2018,BRA,TAX_REV,S13,T_2000,_T,PT_B1GQ,A,8.347
2019,BRA,TAX_REV,S13,T_2000,_T,PT_B1GQ,A,8.35
2020,BRA,TAX_REV,S13,T_2000,_T,PT_B1GQ,A,8.02
2021,BRA,TAX_REV,S13,T_2000,_T,PT_B1GQ,A,7.71
2022,BRA,TAX_REV,S13,T_2000,_T,PT_B1GQ,A,7.917
2023,BRA,TAX_REV,S13,T_2000,_T,PT_B1GQ,A,8.055
1995,BGR,TAX_REV,S13,T_2000,_T,PT_B1GQ,A,6.629
1996,BGR,TAX_REV,S13,T_2000,_T,PT_B1GQ,A,6.586
1997,BGR,TAX_REV,S13,T_2000,_T,PT_B1GQ,A,7.448
1998,BGR,TAX_REV,S13,T_2000,_T,PT_B1GQ,A,7.767
1999,BGR,TAX_REV,S13,T_2000,_T,PT_B1GQ,A,9.528
2000,BGR,TAX_REV,S13,T_2000,_T,PT_B1GQ,A,10.552
2001,BGR,TAX_REV,S13,T_2000,_T,PT_B1GQ,A,9.603
2002,BGR,TAX_REV,S13,T_2000,_T,PT_B1GQ,A,9.321
2003,BGR,TAX_REV,S13,T_2000,_T,PT_B1GQ,A,10.078
2004,BGR,TAX_REV,S13,T_2000,_T,PT_B1GQ,A,9.901
2005,BGR,TAX_REV,S13,T_2000,_T,PT_B1GQ,A,9.401
2006,BGR,TAX_REV,S13,T_2000,_T,PT_B1GQ,A,8.015
2007,BGR,TAX_REV,S13,T_2000,_T,PT_B1GQ,A,7.702
2008,BGR,TAX_REV,S13,T_2000,_T,PT_B1GQ,A,7.403
2009,BGR,TAX_REV,S13,T_2000,_T,PT_B1GQ,A,7.205
2010,BGR,TAX_REV,S13,T_2000,_T,PT_B1GQ,A,6.636
2011,BGR,TAX_REV,S13,T_2000,_T,PT_B1GQ,A,6.677
2012,BGR,TAX_REV,S13,T_2000,_T,PT_B1GQ,A,6.771
1990,AUS,TAX_REV,S13,T_1000,_T,PT_B1GQ,A,16.022
1991,AUS,TAX_REV,S13,T_1000,_T,PT_B1GQ,A,14.898
1992,AUS,TAX_REV,S13,T_1000,_T,PT_B1GQ,A,14.462
1993,AUS,TAX_REV,S13,T_1000,_T,PT_B1GQ,A,14.38
1994,AUS,TAX_REV,S13,T_1000,_T,PT_B1GQ,A,14.903
1995,AUS,TAX_REV,S13,T_1000,_T,PT_B1GQ,A,15.618
1996,AUS,TAX_REV,S13,T_1000,_T,PT_B1GQ,A,16.246
1997,AUS,TAX_REV,S13,T_1000,_T,PT_B1GQ,A,16.185
1998,AUS,TAX_REV,S13,T_1000,_T,PT_B1GQ,A,17.303
1999,AUS,TAX_REV,S13,T_1000,_T,PT_B1GQ,A,17.841
2000,AUS,TAX_REV,S13,T_1000,_T,PT_B1GQ,A,17.589
2001,AUS,TAX_REV,S13,T_1000,_T,PT_B1GQ,A,16.216
2002,AUS,TAX_REV,S13,T_1000,_T,PT_B1GQ,A,16.69
2003,AUS,TAX_REV,S13,T_1000,_T,PT_B1GQ,A,16.814
2004,AUS,TAX_REV,S13,T_1000,_T,PT_B1GQ,A,17.561
2005,AUS,TAX_REV,S13,T_1000,_T,PT_B1GQ,A,17.577
2006,AUS,TAX_REV,S13,T_1000,_T,PT_B1GQ,A,17.202
2007,AUS,TAX_REV,S13,T_1000,_T,PT_B1GQ,A,17.474
2008,AUS,TAX_REV,S13,T_1000,_T,PT_B1GQ,A,15.749
2009,AUS,TAX_REV,S13,T_1000,_T,PT_B1GQ,A,14.134
2010,AUS,TAX_REV,S13,T_1000,_T,PT_B1GQ,A,14.252
2011,AUS,TAX_REV,S13,T_1000,_T,PT_B1GQ,A,15.182
2012,AUS,TAX_REV,S13,T_1000,_T,PT_B1GQ,A,15.534
2013,AUS,TAX_REV,S13,T_1000,_T,PT_B1GQ,A,15.383
2014,AUS,TAX_REV,S13,T_1000,_T,PT_B1GQ,A,15.693
2015,AUS,TAX_REV,S13,T_1000,_T,PT_B1GQ,A,15.754
2016,AUS,TAX_REV,S13,T_1000,_T,PT_B1GQ,A,15.77
2017,AUS,TAX_REV,S13,T_1000,_T,PT_B1GQ,A,16.738
2018,AUS,TAX_REV,S13,T_1000,_T,PT_B1GQ,A,17.17
2019,AUS,TAX_REV,S13,T_1000,_T,PT_B1GQ,A,16.366
2008,AUT,TAX_REV,S13,T_1000,_T,PT_B1GQ,A,12.67
2009,AUT,TAX_REV,S13,T_1000,_T,PT_B1GQ,A,11.38
2010,AUT,TAX_REV,S13,T_1000,_T,PT_B1GQ,A,11.498
2011,AUT,TAX_REV,S13,T_1000,_T,PT_B1GQ,A,11.632
2012,AUT,TAX_REV,S13,T_1000,_T,PT_B1GQ,A,11.946
2013,AUT,TAX_REV,S13,T_1000,_T,PT_B1GQ,A,12.285
2014,AUT,TAX_REV,S13,T_1000,_T,PT_B1GQ,A,12.527
2015,AUT,TAX_REV,S13,T_1000,_T,PT_B1GQ,A,13.012
2016,AUT,TAX_REV,S13,T_1000,_T,PT_B1GQ,A,11.682
2017,AUT,TAX_REV,S13,T_1000,_T,PT_B1GQ,A,11.841
2018,AUT,TAX_REV,S13,T_1000,_T,PT_B1GQ,A,12.396
2019,AUT,TAX_REV,S13,T_1000,_T,PT_B1GQ,A,12.561
2020,AUT,TAX_REV,S13,T_1000,_T,PT_B1GQ,A,11.696
2021,AUT,TAX_REV,S13,T_1000,_T,PT_B1GQ,A,12.801
2022,AUT,TAX_REV,S13,T_1000,_T,PT_B1GQ,A,13.353
2023,AUT,TAX_REV,S13,T_1000,_T,PT_B1GQ,A,12.909
1990,BEL,TAX_REV,S13,T_1000,_T,PT_B1GQ,A,15.275
1991,BEL,TAX_REV,S13,T_1000,_T,PT_B1GQ,A,15.042
1992,BEL,TAX_REV,S13,T_1000,_T,PT_B1GQ,A,14.495
1993,BEL,TAX_REV,S13,T_1000,_T,PT_B1GQ,A,15.486
1994,BEL,TAX_REV,S13,T_1000,_T,PT_B1GQ,A,15.792
1995,BEL,TAX_REV,S13,T_1000,_T,PT_B1GQ,A,16.328
1996,BEL,TAX_REV,S13,T_1000,_T,PT_B1GQ,A,16.331
1997,BEL,TAX_REV,S13,T_1000,_T,PT_B1GQ,A,16.734
1998,BEL,TAX_REV,S13,T_1000,_T,PT_B1GQ,A,17.294
1999,BEL,TAX_REV,S13,T_1000,_T,PT_B1GQ,A,16.78
2000,BEL,TAX_REV,S13,T_1000,_T,PT_B1GQ,A,16.936
2001,BEL,TAX_REV,S13,T_1000,_T,PT_B1GQ,A,17.111
2002,BEL,TAX_REV,S13,T_1000,_T,PT_B1GQ,A,17.001
2003,BEL,TAX_REV,S13,T_1000,_T,PT_B1GQ,A,16.506
2004,BEL,TAX_REV,S13,T_1000,_T,PT_B1GQ,A,16.501
2005,BEL,TAX_REV,S13,T_1000,_T,PT_B1GQ,A,15.767
2006,BEL,TAX_REV,S13,T_1000,_T,PT_B1GQ,A,15.608
2007,BEL,TAX_REV,S13,T_1000,_T,PT_B1GQ,A,15.366
2008,BEL,TAX_REV,S13,T_1000,_T,PT_B1GQ,A,15.692
2009,BEL,TAX_REV,S13,T_1000,_T,PT_B1GQ,A,14.47
2010,BEL,TAX_REV,S13,T_1000,_T,PT_B1GQ,A,14.662
2011,BEL,TAX_REV,S13,T_1000,_T,PT_B1GQ,A,15.101
2012,BEL,TAX_REV,S13,T_1000,_T,PT_B1GQ,A,15.357
2013,BEL,TAX_REV,S13,T_1000,_T,PT_B1GQ,A,15.963
2014,BEL,TAX_REV,S13,T_1000,_T,PT_B1GQ,A,16.021
2015,BEL,TAX_REV,S13,T_1000,_T,PT_B1GQ,A,15.724
2016,BEL,TAX_REV,S13,T_1000,_T,PT_B1GQ,A,15.382
2017,BEL,TAX_REV,S13,T_1000,_T,PT_B1GQ,A,15.995
2018,BEL,TAX_REV,S13,T_1000,_T,PT_B1GQ,A,16.136
2019,BEL,TAX_REV,S13,T_1000,_T,PT_B1GQ,A,15.0
2020,BEL,TAX_REV,S13,T_1000,_T,PT_B1GQ,A,15.017
2021,BEL,TAX_REV,S13,T_1000,_T,PT_B1GQ,A,15.015
2022,BEL,TAX_REV,S13,T_1000,_T,PT_B1GQ,A,15.863
2023,BEL,TAX_REV,S13,T_1000,_T,PT_B1GQ,A,15.784
1990,CAN,TAX_REV,S13,T_1000,_T,PT_B1GQ,A,17.032
1991,CAN,TAX_REV,S13,T_1000,_T,PT_B1GQ,A,16.703
1992,CAN,TAX_REV,S13,T_1000,_T,PT_B1GQ,A,15.691
1993,CAN,TAX_REV,S13,T_1000,_T,PT_B1GQ,A,15.257
1994,CAN,TAX_REV,S13,T_1000,_T,PT_B1GQ,A,15.399
1995,CAN,TAX_REV,S13,T_1000,_T,PT_B1GQ,A,16.08
1996,CAN,TAX_REV,S13,T_1000,_T,PT_B1GQ,A,16.475
1997,CAN,TAX_REV,S13,T_1000,_T,PT_B1GQ,A,17.483
1998,CAN,TAX_REV,S13,T_1000,_T,PT_B1GQ,A,17.269
1999,CAN,TAX_REV,S13,T_1000,_T,PT_B1GQ,A,17.692
2000,CAN,TAX_REV,S13,T_1000,_T,PT_B1GQ,A,17.354
2001,CAN,TAX_REV,S13,T_1000,_T,PT_B1GQ,A,16.295
2002,CAN,TAX_REV,S13,T_1000,_T,PT_B1GQ,A,14.957
2003,CAN,TAX_REV,S13,T_1000,_T,PT_B1GQ,A,14.72
2004,CAN,TAX_REV,S13,T_1000,_T,PT_B1GQ,A,15.111
2005,CAN,TAX_REV,S13,T_1000,_T,PT_B1GQ,A,15.359
2006,CAN,TAX_REV,S13,T_1000,_T,PT_B1GQ,A,15.851
2007,CAN,TAX_REV,S13,T_1000,_T,PT_B1GQ,A,15.922
2008,CAN,TAX_REV,S13,T_1000,_T,PT_B1GQ,A,15.427
2009,CAN,TAX_REV,S13,T_1000,_T,PT_B1GQ,A,15.455
2010,CAN,TAX_REV,S13,T_1000,_T,PT_B1GQ,A,14.463
2011,CAN,TAX_REV,S13,T_1000,_T,PT_B1GQ,A,14.579
2012,CAN,TAX_REV,S13,T_1000,_T,PT_B1GQ,A,14.796
2013,CAN,TAX_REV,S13,T_1000,_T,PT_B1GQ,A,14.813
2014,CAN,TAX_REV,S13,T_1000,_T,PT_B1GQ,A,15.035
2015,CAN,TAX_REV,S13,T_1000,_T,PT_B1GQ,A,15.818
2016,CAN,TAX_REV,S13,T_1000,_T,PT_B1GQ,A,16.008
2017,CAN,TAX_REV,S13,T_1000,_T,PT_B1GQ,A,15.99
2018,CAN,TAX_REV,S13,T_1000,_T,PT_B1GQ,A,16.492
2019,CAN,TAX_REV,S13,T_1000,_T,PT_B1GQ,A,16.199
2020,CAN,TAX_REV,S13,T_1000,_T,PT_B1GQ,A,17.42
2021,CAN,TAX_REV,S13,T_1000,_T,PT_B1GQ,A,17.951
2022,CAN,TAX_REV,S13,T_1000,_T,PT_B1GQ,A,17.451
2023,CAN,TAX_REV,S13,T_1000,_T,PT_B1GQ,A,17.854
1990,CHL,TAX_REV,S13,T_1000,_T,PT_B1GQ,A,3.898
1991,CHL,TAX_REV,S13,T_1000,_T,PT_B1GQ,A,4.318
1992,CHL,TAX_REV,S13,T_1000,_T,PT_B1GQ,A,4.355
1993,CHL,TAX_REV,S13,T_1000,_T,PT_B1GQ,A,4.061
1994,CHL,TAX_REV,S13,T_1000,_T,PT_B1GQ,A,4.392
1995,CHL,TAX_REV,S13,T_1000,_T,PT_B1GQ,A,4.585
1996,CHL,TAX_REV,S13,T_1000,_T,PT_B1GQ,A,4.894
1997,CHL,TAX_REV,S13,T_1000,_T,PT_B1GQ,A,4.5
1998,CHL,TAX_REV,S13,T_1000,_T,PT_B1GQ,A,4.062
1999,CHL,TAX_REV,S13,T_1000,_T,PT_B1GQ,A,3.587
2000,CHL,TAX_REV,S13,T_1000,_T,PT_B1GQ,A,4.362
2001,CHL,TAX_REV,S13,T_1000,_T,PT_B1GQ,A,4.456
2002,CHL,TAX_REV,S13,T_1000,_T,PT_B1GQ,A,4.567
2003,CHL,TAX_REV,S13,T_1000,_T,PT_B1GQ,A,4.697
2004,CHL,TAX_REV,S13,T_1000,_T,PT_B1GQ,A,5.686
2005,CHL,TAX_REV,S13,T_1000,_T,PT_B1GQ,A,7.553
2006,CHL,TAX_REV,S13,T_1000,_T,PT_B1GQ,A,10.049
2007,CHL,TAX_REV,S13,T_1000,_T,PT_B1GQ,A,10.439
2008,CHL,TAX_REV,S13,T_1000,_T,PT_B1GQ,A,8.029
2009,CHL,TAX_REV,S13,T_1000,_T,PT_B1GQ,A,5.369
2010,CHL,TAX_REV,S13,T_1000,_T,PT_B1GQ,A,7.519
2011,CHL,TAX_REV,S13,T_1000,_T,PT_B1GQ,A,8.496
2012,CHL,TAX_REV,S13,T_1000,_T,PT_B1GQ,A,8.312
2013,CHL,TAX_REV,S13,T_1000,_T,PT_B1GQ,A,6.934
2014,CHL,TAX_REV,S13,T_1000,_T,PT_B1GQ,A,6.508
2015,CHL,TAX_REV,S13,T_1000,_T,PT_B1GQ,A,7.465
2016,CHL,TAX_REV,S13,T_1000,_T,PT_B1GQ,A,6.782
2017,CHL,TAX_REV,S13,T_1000,_T,PT_B1GQ,A,6.98
2018,CHL,TAX_REV,S13,T_1000,_T,PT_B1GQ,A,7.612
2019,CHL,TAX_REV,S13,T_1000,_T,PT_B1GQ,A,7.305
2020,CHL,TAX_REV,S13,T_1000,_T,PT_B1GQ,A,6.231
2021,CHL,TAX_REV,S13,T_1000,_T,PT_B1GQ,A,8.539
2022,CHL,TAX_REV,S13,T_1000,_T,PT_B1GQ,A,10.42
2023,CHL,TAX_REV,S13,T_1000,_T,PT_B1GQ,A,7.249
1990,COL,TAX_REV,S13,T_1000,_T,PT_B1GQ,A,3.395
1991,COL,TAX_REV,S13,T_1000,_T,PT_B1GQ,A,4.38
1992,COL,TAX_REV,S13,T_1000,_T,PT_B1GQ,A,4.56
1993,COL,TAX_REV,S13,T_1000,_T,PT_B1GQ,A,4.678
1994,COL,TAX_REV,S13,T_1000,_T,PT_B1GQ,A,4.163
1995,COL,TAX_REV,S13,T_1000,_T,PT_B1GQ,A,3.912
1996,COL,TAX_REV,S13,T_1000,_T,PT_B1GQ,A,3.655
1997,COL,TAX_REV,S13,T_1000,_T,PT_B1GQ,A,3.909
1998,COL,TAX_REV,S13,T_1000,_T,PT_B1GQ,A,3.853
1999,COL,TAX_REV,S13,T_1000,_T,PT_B1GQ,A,3.678
2000,COL,TAX_REV,S13,T_1000,_T,PT_B1GQ,A,3.641
2001,COL,TAX_REV,S13,T_1000,_T,PT_B1GQ,A,4.512
2002,COL,TAX_REV,S13,T_1000,_T,PT_B1GQ,A,4.344
2003,COL,TAX_REV,S13,T_1000,_T,PT_B1GQ,A,4.433
2004,COL,TAX_REV,S13,T_1000,_T,PT_B1GQ,A,5.051
2005,COL,TAX_REV,S13,T_1000,_T,PT_B1GQ,A,5.133
2006,COL,TAX_REV,S13,T_1000,_T,PT_B1GQ,A,5.519
2007,COL,TAX_REV,S13,T_1000,_T,PT_B1GQ,A,5.603
2008,COL,TAX_REV,S13,T_1000,_T,PT_B1GQ,A,5.13
2009,COL,TAX_REV,S13,T_1000,_T,PT_B1GQ,A,5.606
2010,COL,TAX_REV,S13,T_1000,_T,PT_B1GQ,A,4.819
2011,COL,TAX_REV,S13,T_1000,_T,PT_B1GQ,A,5.404
2012,COL,TAX_REV,S13,T_1000,_T,PT_B1GQ,A,6.552
2013,COL,TAX_REV,S13,T_1000,_T,PT_B1GQ,A,6.686
2014,COL,TAX_REV,S13,T_1000,_T,PT_B1GQ,A,6.565
2015,COL,TAX_REV,S13,T_1000,_T,PT_B1GQ,A,6.544
2016,COL,TAX_REV,S13,T_1000,_T,PT_B1GQ,A,6.289
2017,COL,TAX_REV,S13,T_1000,_T,PT_B1GQ,A,6.259
2018,COL,TAX_REV,S13,T_1000,_T,PT_B1GQ,A,6.484
2019,COL,TAX_REV,S13,T_1000,_T,PT_B1GQ,A,6.369
2020,COL,TAX_REV,S13,T_1000,_T,PT_B1GQ,A,6.191
2021,COL,TAX_REV,S13,T_1000,_T,PT_B1GQ,A,6.14
2022,COL,TAX_REV,S13,T_1000,_T,PT_B1GQ,A,6.525
2023,COL,TAX_REV,S13,T_1000,_T,PT_B1GQ,A,8.913
1990,CRI,TAX_REV,S13,T_1000,_T,PT_B1GQ,A,2.25
1991,CRI,TAX_REV,S13,T_1000,_T,PT_B1GQ,A,1.651
1992,CRI,TAX_REV,S13,T_1000,_T,PT_B1GQ,A,1.651
1993,CRI,TAX_REV,S13,T_1000,_T,PT_B1GQ,A,1.977
1994,CRI,TAX_REV,S13,T_1000,_T,PT_B1GQ,A,2.33
1995,CRI,TAX_REV,S13,T_1000,_T,PT_B1GQ,A,2.292
1996,CRI,TAX_REV,S13,T_1000,_T,PT_B1GQ,A,2.168
1997,CRI,TAX_REV,S13,T_1000,_T,PT_B1GQ,A,2.154
1998,CRI,TAX_REV,S13,T_1000,_T,PT_B1GQ,A,2.419
1999,CRI,TAX_REV,S13,T_1000,_T,PT_B1GQ,A,3.135
2000,CRI,TAX_REV,S13,T_1000,_T,PT_B1GQ,A,2.784
2001,CRI,TAX_REV,S13,T_1000,_T,PT_B1GQ,A,3.103
2002,CRI,TAX_REV,S13,T_1000,_T,PT_B1GQ,A,3.111
2003,CRI,TAX_REV,S13,T_1000,_T,PT_B1GQ,A,3.385
2004,CRI,TAX_REV,S13,T_1000,_T,PT_B1GQ,A,3.281
2005,CRI,TAX_REV,S13,T_1000,_T,PT_B1GQ,A,3.385
2006,CRI,TAX_REV,S13,T_1000,_T,PT_B1GQ,A,3.393
2007,CRI,TAX_REV,S13,T_1000,_T,PT_B1GQ,A,3.827
2008,CRI,TAX_REV,S13,T_1000,_T,PT_B1GQ,A,4.252
2009,CRI,TAX_REV,S13,T_1000,_T,PT_B1GQ,A,3.9
2010,CRI,TAX_REV,S13,T_1000,_T,PT_B1GQ,A,3.778
2011,CRI,TAX_REV,S13,T_1000,_T,PT_B1GQ,A,3.832
2012,CRI,TAX_REV,S13,T_1000,_T,PT_B1GQ,A,3.754
2013,CRI,TAX_REV,S13,T_1000,_T,PT_B1GQ,A,3.984
2014,CRI,TAX_REV,S13,T_1000,_T,PT_B1GQ,A,3.898
2015,CRI,TAX_REV,S13,T_1000,_T,PT_B1GQ,A,4.134
2016,CRI,TAX_REV,S13,T_1000,_T,PT_B1GQ,A,4.418
2017,CRI,TAX_REV,S13,T_1000,_T,PT_B1GQ,A,4.548
2018,CRI,TAX_REV,S13,T_1000,_T,PT_B1GQ,A,4.718
2019,CRI,TAX_REV,S13,T_1000,_T,PT_B1GQ,A,4.903
2020,CRI,TAX_REV,S13,T_1000,_T,PT_B1GQ,A,4.525
2021,CRI,TAX_REV,S13,T_1000,_T,PT_B1GQ,A,5.118
2022,CRI,TAX_REV,S13,T_1000,_T,PT_B1GQ,A,5.423
2023,CRI,TAX_REV,S13,T_1000,_T,PT_B1GQ,A,5.284
1993,CZE,TAX_REV,S13,T_1000,_T,PT_B1GQ,A,9.277
1994,CZE,TAX_REV,S13,T_1000,_T,PT_B1GQ,A,8.742
1995,CZE,TAX_REV,S13,T_1000,_T,PT_B1GQ,A,8.56
1996,CZE,TAX_REV,S13,T_1000,_T,PT_B1GQ,A,7.428
1997,CZE,TAX_REV,S13,T_1000,_T,PT_B1GQ,A,7.905
1998,CZE,TAX_REV,S13,T_1000,_T,PT_B1GQ,A,7.428
1999,CZE,TAX_REV,S13,T_1000,_T,PT_B1GQ,A,7.605
2000,CZE,TAX_REV,S13,T_1000,_T,PT_B1GQ,A,7.328
2001,CZE,TAX_REV,S13,T_1000,_T,PT_B1GQ,A,7.71
2002,CZE,TAX_REV,S13,T_1000,_T,PT_B1GQ,A,8.197
2003,CZE,TAX_REV,S13,T_1000,_T,PT_B1GQ,A,8.639
2004,CZE,TAX_REV,S13,T_1000,_T,PT_B1GQ,A,8.6
2005,CZE,TAX_REV,S13,T_1000,_T,PT_B1GQ,A,8.318
2006,CZE,TAX_REV,S13,T_1000,_T,PT_B1GQ,A,8.321
2007,CZE,TAX_REV,S13,T_1000,_T,PT_B1GQ,A,8.499
2008,CZE,TAX_REV,S13,T_1000,_T,PT_B1GQ,A,7.556
2009,CZE,TAX_REV,S13,T_1000,_T,PT_B1GQ,A,6.827
2010,CZE,TAX_REV,S13,T_1000,_T,PT_B1GQ,A,6.445
2011,CZE,TAX_REV,S13,T_1000,_T,PT_B1GQ,A,6.653
2012,CZE,TAX_REV,S13,T_1000,_T,PT_B1GQ,A,6.8
2013,CZE,TAX_REV,S13,T_1000,_T,PT_B1GQ,A,6.962
2014,CZE,TAX_REV,S13,T_1000,_T,PT_B1GQ,A,6.983
2015,CZE,TAX_REV,S13,T_1000,_T,PT_B1GQ,A,7.089
2016,CZE,TAX_REV,S13,T_1000,_T,PT_B1GQ,A,7.472
2017,CZE,TAX_REV,S13,T_1000,_T,PT_B1GQ,A,7.541
2018,CZE,TAX_REV,S13,T_1000,_T,PT_B1GQ,A,7.798
2019,CZE,TAX_REV,S13,T_1000,_T,PT_B1GQ,A,7.791
2020,CZE,TAX_REV,S13,T_1000,_T,PT_B1GQ,A,7.806
2021,CZE,TAX_REV,S13,T_1000,_T,PT_B1GQ,A,6.994
2022,CZE,TAX_REV,S13,T_1000,_T,PT_B1GQ,A,7.31
2023,CZE,TAX_REV,S13,T_1000,_T,PT_B1GQ,A,7.954
1990,DNK,TAX_REV,S13,T_1000,_T,PT_B1GQ,A,27.208
1991,DNK,TAX_REV,S13,T_1000,_T,PT_B1GQ,A,26.904
1992,DNK,TAX_REV,S13,T_1000,_T,PT_B1GQ,A,27.557
1993,DNK,TAX_REV,S13,T_1000,_T,PT_B1GQ,A,28.513
1994,DNK,TAX_REV,S13,T_1000,_T,PT_B1GQ,A,29.276
1995,DNK,TAX_REV,S13,T_1000,_T,PT_B1GQ,A,29.496
1996,DNK,TAX_REV,S13,T_1000,_T,PT_B1GQ,A,29.433
1997,DNK,TAX_REV,S13,T_1000,_T,PT_B1GQ,A,29.275
1998,DNK,TAX_REV,S13,T_1000,_T,PT_B1GQ,A,28.829
1999,DNK,TAX_REV,S13,T_1000,_T,PT_B1GQ,A,28.917
2000,DNK,TAX_REV,S13,T_1000,_T,PT_B1GQ,A,28.722
2001,DNK,TAX_REV,S13,T_1000,_T,PT_B1GQ,A,27.79
2002,DNK,TAX_REV,S13,T_1000,_T,PT_B1GQ,A,27.644
2003,DNK,TAX_REV,S13,T_1000,_T,PT_B1GQ,A,28.026
2004,DNK,TAX_REV,S13,T_1000,_T,PT_B1GQ,A,28.433
2005,DNK,TAX_REV,S13,T_1000,_T,PT_B1GQ,A,29.692
2006,DNK,TAX_REV,S13,T_1000,_T,PT_B1GQ,A,28.37
2007,DNK,TAX_REV,S13,T_1000,_T,PT_B1GQ,A,27.99
2008,DNK,TAX_REV,S13,T_1000,_T,PT_B1GQ,A,27.297
2009,DNK,TAX_REV,S13,T_1000,_T,PT_B1GQ,A,27.46
2010,DNK,TAX_REV,S13,T_1000,_T,PT_B1GQ,A,27.638
2011,DNK,TAX_REV,S13,T_1000,_T,PT_B1GQ,A,27.515
2012,DNK,TAX_REV,S13,T_1000,_T,PT_B1GQ,A,28.294
2013,DNK,TAX_REV,S13,T_1000,_T,PT_B1GQ,A,28.864
2014,DNK,TAX_REV,S13,T_1000,_T,PT_B1GQ,A,31.833
2015,DNK,TAX_REV,S13,T_1000,_T,PT_B1GQ,A,29.455
2016,DNK,TAX_REV,S13,T_1000,_T,PT_B1GQ,A,28.82
2017,DNK,TAX_REV,S13,T_1000,_T,PT_B1GQ,A,28.874
2018,DNK,TAX_REV,S13,T_1000,_T,PT_B1GQ,A,27.562
2019,DNK,TAX_REV,S13,T_1000,_T,PT_B1GQ,A,30.539
2020,DNK,TAX_REV,S13,T_1000,_T,PT_B1GQ,A,30.521
2021,DNK,TAX_REV,S13,T_1000,_T,PT_B1GQ,A,31.367
2022,DNK,TAX_REV,S13,T_1000,_T,PT_B1GQ,A,27.097
2023,DNK,TAX_REV,S13,T_1000,_T,PT_B1GQ,A,29.04
1995,EST,TAX_REV,S13,T_1000,_T,PT_B1GQ,A,10.515
1996,EST,TAX_REV,S13,T_1000,_T,PT_B1GQ,A,9.109
1997,EST,TAX_REV,S13,T_1000,_T,PT_B1GQ,A,9.04
1998,EST,TAX_REV,S13,T_1000,_T,PT_B1GQ,A,10.209
1999,EST,TAX_REV,S13,T_1000,_T,PT_B1GQ,A,9.653
2000,EST,TAX_REV,S13,T_1000,_T,PT_B1GQ,A,7.714
2001,EST,TAX_REV,S13,T_1000,_T,PT_B1GQ,A,7.172
2002,EST,TAX_REV,S13,T_1000,_T,PT_B1GQ,A,7.477
2003,EST,TAX_REV,S13,T_1000,_T,PT_B1GQ,A,8.019
2004,EST,TAX_REV,S13,T_1000,_T,PT_B1GQ,A,7.867
2005,EST,TAX_REV,S13,T_1000,_T,PT_B1GQ,A,6.891
2006,EST,TAX_REV,S13,T_1000,_T,PT_B1GQ,A,6.971
2007,EST,TAX_REV,S13,T_1000,_T,PT_B1GQ,A,7.296
2008,EST,TAX_REV,S13,T_1000,_T,PT_B1GQ,A,7.685
2009,EST,TAX_REV,S13,T_1000,_T,PT_B1GQ,A,7.393
2010,EST,TAX_REV,S13,T_1000,_T,PT_B1GQ,A,6.581
2011,EST,TAX_REV,S13,T_1000,_T,PT_B1GQ,A,6.253
2012,EST,TAX_REV,S13,T_1000,_T,PT_B1GQ,A,6.545
2013,EST,TAX_REV,S13,T_1000,_T,PT_B1GQ,A,7.082
2014,EST,TAX_REV,S13,T_1000,_T,PT_B1GQ,A,7.26
2015,EST,TAX_REV,S13,T_1000,_T,PT_B1GQ,A,7.647
2016,EST,TAX_REV,S13,T_1000,_T,PT_B1GQ,A,7.336
2017,EST,TAX_REV,S13,T_1000,_T,PT_B1GQ,A,7.032
2018,EST,TAX_REV,S13,T_1000,_T,PT_B1GQ,A,7.296
2019,EST,TAX_REV,S13,T_1000,_T,PT_B1GQ,A,7.167
2020,EST,TAX_REV,S13,T_1000,_T,PT_B1GQ,A,7.546
2021,EST,TAX_REV,S13,T_1000,_T,PT_B1GQ,A,8.354
2022,EST,TAX_REV,S13,T_1000,_T,PT_B1GQ,A,7.892
2023,EST,TAX_REV,S13,T_1000,_T,PT_B1GQ,A,8.139
1990,FIN,TAX_REV,S13,T_1000,_T,PT_B1GQ,A,16.846
1991,FIN,TAX_REV,S13,T_1000,_T,PT_B1GQ,A,16.923
1992,FIN,TAX_REV,S13,T_1000,_T,PT_B1GQ,A,15.876
1993,FIN,TAX_REV,S13,T_1000,_T,PT_B1GQ,A,14.692
1994,FIN,TAX_REV,S13,T_1000,_T,PT_B1GQ,A,15.924
1995,FIN,TAX_REV,S13,T_1000,_T,PT_B1GQ,A,16.084
1996,FIN,TAX_REV,S13,T_1000,_T,PT_B1GQ,A,17.672
1997,FIN,TAX_REV,S13,T_1000,_T,PT_B1GQ,A,17.208
1998,FIN,TAX_REV,S13,T_1000,_T,PT_B1GQ,A,17.63
1999,FIN,TAX_REV,S13,T_1000,_T,PT_B1GQ,A,17.183
2000,FIN,TAX_REV,S13,T_1000,_T,PT_B1GQ,A,19.723
2001,FIN,TAX_REV,S13,T_1000,_T,PT_B1GQ,A,17.605
2002,FIN,TAX_REV,S13,T_1000,_T,PT_B1GQ,A,17.541
2003,FIN,TAX_REV,S13,T_1000,_T,PT_B1GQ,A,16.38
2004,FIN,TAX_REV,S13,T_1000,_T,PT_B1GQ,A,16.084
2005,FIN,TAX_REV,S13,T_1000,_T,PT_B1GQ,A,16.066
2006,FIN,TAX_REV,S13,T_1000,_T,PT_B1GQ,A,15.994
2007,FIN,TAX_REV,S13,T_1000,_T,PT_B1GQ,A,16.228
2008,FIN,TAX_REV,S13,T_1000,_T,PT_B1GQ,A,15.991
2009,FIN,TAX_REV,S13,T_1000,_T,PT_B1GQ,A,14.583
2010,FIN,TAX_REV,S13,T_1000,_T,PT_B1GQ,A,14.406
2011,FIN,TAX_REV,S13,T_1000,_T,PT_B1GQ,A,14.815
2012,FIN,TAX_REV,S13,T_1000,_T,PT_B1GQ,A,14.526
2013,FIN,TAX_REV,S13,T_1000,_T,PT_B1GQ,A,15.073
2014,FIN,TAX_REV,S13,T_1000,_T,PT_B1GQ,A,15.215
2015,FIN,TAX_REV,S13,T_1000,_T,PT_B1GQ,A,15.314
2016,FIN,TAX_REV,S13,T_1000,_T,PT_B1GQ,A,15.141
2017,FIN,TAX_REV,S13,T_1000,_T,PT_B1GQ,A,15.203
2018,FIN,TAX_REV,S13,T_1000,_T,PT_B1GQ,A,14.78
2019,FIN,TAX_REV,S13,T_1000,_T,PT_B1GQ,A,14.788
2020,FIN,TAX_REV,S13,T_1000,_T,PT_B1GQ,A,14.688
2021,FIN,TAX_REV,S13,T_1000,_T,PT_B1GQ,A,15.605
2022,FIN,TAX_REV,S13,T_1000,_T,PT_B1GQ,A,15.937
2023,FIN,TAX_REV,S13,T_1000,_T,PT_B1GQ,A,15.544
1990,FRA,TAX_REV,S13,T_1000,_T,PT_B1GQ,A,6.671
1991,FRA,TAX_REV,S13,T_1000,_T,PT_B1GQ,A,7.061
1992,FRA,TAX_REV,S13,T_1000,_T,PT_B1GQ,A,6.708
1993,FRA,TAX_REV,S13,T_1000,_T,PT_B1GQ,A,6.813
1994,FRA,TAX_REV,S13,T_1000,_T,PT_B1GQ,A,6.939
1995,FRA,TAX_REV,S13,T_1000,_T,PT_B1GQ,A,6.904
1996,FRA,TAX_REV,S13,T_1000,_T,PT_B1GQ,A,7.365
1997,FRA,TAX_REV,S13,T_1000,_T,PT_B1GQ,A,7.94
1998,FRA,TAX_REV,S13,T_1000,_T,PT_B1GQ,A,10.072
1999,FRA,TAX_REV,S13,T_1000,_T,PT_B1GQ,A,10.593
2000,FRA,TAX_REV,S13,T_1000,_T,PT_B1GQ,A,10.823
2001,FRA,TAX_REV,S13,T_1000,_T,PT_B1GQ,A,11.081
2002,FRA,TAX_REV,S13,T_1000,_T,PT_B1GQ,A,10.271
2003,FRA,TAX_REV,S13,T_1000,_T,PT_B1GQ,A,9.924
2004,FRA,TAX_REV,S13,T_1000,_T,PT_B1GQ,A,10.04
2005,FRA,TAX_REV,S13,T_1000,_T,PT_B1GQ,A,10.179
2006,FRA,TAX_REV,S13,T_1000,_T,PT_B1GQ,A,10.574
2007,FRA,TAX_REV,S13,T_1000,_T,PT_B1GQ,A,10.385
2008,FRA,TAX_REV,S13,T_1000,_T,PT_B1GQ,A,10.492
2009,FRA,TAX_REV,S13,T_1000,_T,PT_B1GQ,A,9.097
2010,FRA,TAX_REV,S13,T_1000,_T,PT_B1GQ,A,9.584
2011,FRA,TAX_REV,S13,T_1000,_T,PT_B1GQ,A,10.048
2012,FRA,TAX_REV,S13,T_1000,_T,PT_B1GQ,A,10.629
2013,FRA,TAX_REV,S13,T_1000,_T,PT_B1GQ,A,11.01
2014,FRA,TAX_REV,S13,T_1000,_T,PT_B1GQ,A,10.717
2015,FRA,TAX_REV,S13,T_1000,_T,PT_B1GQ,A,10.607
2016,FRA,TAX_REV,S13,T_1000,_T,PT_B1GQ,A,10.457
2017,FRA,TAX_REV,S13,T_1000,_T,PT_B1GQ,A,10.816
2018,FRA,TAX_REV,S13,T_1000,_T,PT_B1GQ,A,11.416
2019,FRA,TAX_REV,S13,T_1000,_T,PT_B1GQ,A,11.415
2020,FRA,TAX_REV,S13,T_1000,_T,PT_B1GQ,A,11.728
2021,FRA,TAX_REV,S13,T_1000,_T,PT_B1GQ,A,11.741
2022,FRA,TAX_REV,S13,T_1000,_T,PT_B1GQ,A,12.543
2023,FRA,TAX_REV,S13,T_1000,_T,PT_B1GQ,A,11.743
1990,DEU,TAX_REV,S13,T_1000,_T,PT_B1GQ,A,11.27
1991,DEU,TAX_REV,S13,T_1000,_T,PT_B1GQ,A,11.104
1992,DEU,TAX_REV,S13,T_1000,_T,PT_B1GQ,A,11.509
1993,DEU,TAX_REV,S13,T_1000,_T,PT_B1GQ,A,11.052
1994,DEU,TAX_REV,S13,T_1000,_T,PT_B1GQ,A,10.697
1995,DEU,TAX_REV,S13,T_1000,_T,PT_B1GQ,A,10.991
1996,DEU,TAX_REV,S13,T_1000,_T,PT_B1GQ,A,10.207
1997,DEU,TAX_REV,S13,T_1000,_T,PT_B1GQ,A,9.952
1998,DEU,TAX_REV,S13,T_1000,_T,PT_B1GQ,A,10.439
1999,DEU,TAX_REV,S13,T_1000,_T,PT_B1GQ,A,10.815
2000,DEU,TAX_REV,S13,T_1000,_T,PT_B1GQ,A,10.964
2001,DEU,TAX_REV,S13,T_1000,_T,PT_B1GQ,A,10.112
2002,DEU,TAX_REV,S13,T_1000,_T,PT_B1GQ,A,9.666
2003,DEU,TAX_REV,S13,T_1000,_T,PT_B1GQ,A,9.532
2004,DEU,TAX_REV,S13,T_1000,_T,PT_B1GQ,A,9.292
2005,DEU,TAX_REV,S13,T_1000,_T,PT_B1GQ,A,9.597
2006,DEU,TAX_REV,S13,T_1000,_T,PT_B1GQ,A,10.503
2007,DEU,TAX_REV,S13,T_1000,_T,PT_B1GQ,A,10.946
2008,DEU,TAX_REV,S13,T_1000,_T,PT_B1GQ,A,11.35
2009,DEU,TAX_REV,S13,T_1000,_T,PT_B1GQ,A,10.487
2010,DEU,TAX_REV,S13,T_1000,_T,PT_B1GQ,A,10.054
2011,DEU,TAX_REV,S13,T_1000,_T,PT_B1GQ,A,10.546
2012,DEU,TAX_REV,S13,T_1000,_T,PT_B1GQ,A,11.14
2013,DEU,TAX_REV,S13,T_1000,_T,PT_B1GQ,A,11.38
2014,DEU,TAX_REV,S13,T_1000,_T,PT_B1GQ,A,11.38
2015,DEU,TAX_REV,S13,T_1000,_T,PT_B1GQ,A,11.612
2016,DEU,TAX_REV,S13,T_1000,_T,PT_B1GQ,A,12.015
2017,DEU,TAX_REV,S13,T_1000,_T,PT_B1GQ,A,12.272
2018,DEU,TAX_REV,S13,T_1000,_T,PT_B1GQ,A,12.594
2019,DEU,TAX_REV,S13,T_1000,_T,PT_B1GQ,A,12.58
2020,DEU,TAX_REV,S13,T_1000,_T,PT_B1GQ,A,11.861
2021,DEU,TAX_REV,S13,T_1000,_T,PT_B1GQ,A,12.807
2022,DEU,TAX_REV,S13,T_1000,_T,PT_B1GQ,A,13.052
2023,DEU,TAX_REV,S13,T_1000,_T,PT_B1GQ,A,12.379
1990,GRC,TAX_REV,S13,T_1000,_T,PT_B1GQ,A,5.012
1991,GRC,TAX_REV,S13,T_1000,_T,PT_B1GQ,A,5.09
1992,GRC,TAX_REV,S13,T_1000,_T,PT_B1GQ,A,4.933
1993,GRC,TAX_REV,S13,T_1000,_T,PT_B1GQ,A,5.044
1994,GRC,TAX_REV,S13,T_1000,_T,PT_B1GQ,A,5.802
1995,GRC,TAX_REV,S13,T_1000,_T,PT_B1GQ,A,5.863
1996,GRC,TAX_REV,S13,T_1000,_T,PT_B1GQ,A,5.652
1997,GRC,TAX_REV,S13,T_1000,_T,PT_B1GQ,A,6.387
1998,GRC,TAX_REV,S13,T_1000,_T,PT_B1GQ,A,7.7
1999,GRC,TAX_REV,S13,T_1000,_T,PT_B1GQ,A,8.055
2000,GRC,TAX_REV,S13,T_1000,_T,PT_B1GQ,A,8.964
2001,GRC,TAX_REV,S13,T_1000,_T,PT_B1GQ,A,7.793
2002,GRC,TAX_REV,S13,T_1000,_T,PT_B1GQ,A,7.964
2003,GRC,TAX_REV,S13,T_1000,_T,PT_B1GQ,A,7.252
2004,GRC,TAX_REV,S13,T_1000,_T,PT_B1GQ,A,7.187
2005,GRC,TAX_REV,S13,T_1000,_T,PT_B1GQ,A,8.081
2006,GRC,TAX_REV,S13,T_1000,_T,PT_B1GQ,A,7.39
2007,GRC,TAX_REV,S13,T_1000,_T,PT_B1GQ,A,7.381
2008,GRC,TAX_REV,S13,T_1000,_T,PT_B1GQ,A,7.286
2009,GRC,TAX_REV,S13,T_1000,_T,PT_B1GQ,A,7.522
2010,GRC,TAX_REV,S13,T_1000,_T,PT_B1GQ,A,7.118
2011,GRC,TAX_REV,S13,T_1000,_T,PT_B1GQ,A,7.354
2012,GRC,TAX_REV,S13,T_1000,_T,PT_B1GQ,A,8.615
2013,GRC,TAX_REV,S13,T_1000,_T,PT_B1GQ,A,7.791
2014,GRC,TAX_REV,S13,T_1000,_T,PT_B1GQ,A,8.583
2015,GRC,TAX_REV,S13,T_1000,_T,PT_B1GQ,A,8.27
2016,GRC,TAX_REV,S13,T_1000,_T,PT_B1GQ,A,8.96
2017,GRC,TAX_REV,S13,T_1000,_T,PT_B1GQ,A,8.82
2018,GRC,TAX_REV,S13,T_1000,_T,PT_B1GQ,A,9.171
2019,GRC,TAX_REV,S13,T_1000,_T,PT_B1GQ,A,8.21
2020,GRC,TAX_REV,S13,T_1000,_T,PT_B1GQ,A,8.158
2021,GRC,TAX_REV,S13,T_1000,_T,PT_B1GQ,A,8.358
2022,GRC,TAX_REV,S13,T_1000,_T,PT_B1GQ,A,8.451
2023,GRC,TAX_REV,S13,T_1000,_T,PT_B1GQ,A,9.539
1991,HUN,TAX_REV,S13,T_1000,_T,PT_B1GQ,A,12.297
1992,HUN,TAX_REV,S13,T_1000,_T,PT_B1GQ,A,9.662
1993,HUN,TAX_REV,S13,T_1000,_T,PT_B1GQ,A,9.363
1994,HUN,TAX_REV,S13,T_1000,_T,PT_B1GQ,A,8.97
1995,HUN,TAX_REV,S13,T_1000,_T,PT_B1GQ,A,8.543
1996,HUN,TAX_REV,S13,T_1000,_T,PT_B1GQ,A,8.673
1997,HUN,TAX_REV,S13,T_1000,_T,PT_B1GQ,A,8.2
1998,HUN,TAX_REV,S13,T_1000,_T,PT_B1GQ,A,8.37
1999,HUN,TAX_REV,S13,T_1000,_T,PT_B1GQ,A,8.956
2000,HUN,TAX_REV,S13,T_1000,_T,PT_B1GQ,A,9.362
2001,HUN,TAX_REV,S13,T_1000,_T,PT_B1GQ,A,9.652
2002,HUN,TAX_REV,S13,T_1000,_T,PT_B1GQ,A,9.84
2003,HUN,TAX_REV,S13,T_1000,_T,PT_B1GQ,A,9.18
2004,HUN,TAX_REV,S13,T_1000,_T,PT_B1GQ,A,8.69
2005,HUN,TAX_REV,S13,T_1000,_T,PT_B1GQ,A,8.593
2006,HUN,TAX_REV,S13,T_1000,_T,PT_B1GQ,A,8.908
2007,HUN,TAX_REV,S13,T_1000,_T,PT_B1GQ,A,9.865
2008,HUN,TAX_REV,S13,T_1000,_T,PT_B1GQ,A,10.157
2009,HUN,TAX_REV,S13,T_1000,_T,PT_B1GQ,A,9.454
2010,HUN,TAX_REV,S13,T_1000,_T,PT_B1GQ,A,7.618
2011,HUN,TAX_REV,S13,T_1000,_T,PT_B1GQ,A,6.119
2012,HUN,TAX_REV,S13,T_1000,_T,PT_B1GQ,A,6.771
2013,HUN,TAX_REV,S13,T_1000,_T,PT_B1GQ,A,6.619
2014,HUN,TAX_REV,S13,T_1000,_T,PT_B1GQ,A,6.807
2015,HUN,TAX_REV,S13,T_1000,_T,PT_B1GQ,A,6.938
2016,HUN,TAX_REV,S13,T_1000,_T,PT_B1GQ,A,7.414
2017,HUN,TAX_REV,S13,T_1000,_T,PT_B1GQ,A,7.289
2018,HUN,TAX_REV,S13,T_1000,_T,PT_B1GQ,A,6.712
2019,HUN,TAX_REV,S13,T_1000,_T,PT_B1GQ,A,6.389
2020,HUN,TAX_REV,S13,T_1000,_T,PT_B1GQ,A,6.535
2021,HUN,TAX_REV,S13,T_1000,_T,PT_B1GQ,A,5.456
2022,HUN,TAX_REV,S13,T_1000,_T,PT_B1GQ,A,7.003
2023,HUN,TAX_REV,S13,T_1000,_T,PT_B1GQ,A,7.489
1990,ISL,TAX_REV,S13,T_1000,_T,PT_B1GQ,A,9.046
1991,ISL,TAX_REV,S13,T_1000,_T,PT_B1GQ,A,8.979
1992,ISL,TAX_REV,S13,T_1000,_T,PT_B1GQ,A,9.351
1993,ISL,TAX_REV,S13,T_1000,_T,PT_B1GQ,A,9.964
1994,ISL,TAX_REV,S13,T_1000,_T,PT_B1GQ,A,10.077
1995,ISL,TAX_REV,S13,T_1000,_T,PT_B1GQ,A,10.487
1996,ISL,TAX_REV,S13,T_1000,_T,PT_B1GQ,A,11.127
1997,ISL,TAX_REV,S13,T_1000,_T,PT_B1GQ,A,11.324
1998,ISL,TAX_REV,S13,T_1000,_T,PT_B1GQ,A,12.7
1999,ISL,TAX_REV,S13,T_1000,_T,PT_B1GQ,A,13.825
2000,ISL,TAX_REV,S13,T_1000,_T,PT_B1GQ,A,14.303
2001,ISL,TAX_REV,S13,T_1000,_T,PT_B1GQ,A,14.748
2002,ISL,TAX_REV,S13,T_1000,_T,PT_B1GQ,A,14.606
2003,ISL,TAX_REV,S13,T_1000,_T,PT_B1GQ,A,15.347
2004,ISL,TAX_REV,S13,T_1000,_T,PT_B1GQ,A,15.431
2005,ISL,TAX_REV,S13,T_1000,_T,PT_B1GQ,A,16.974
2006,ISL,TAX_REV,S13,T_1000,_T,PT_B1GQ,A,17.429
2007,ISL,TAX_REV,S13,T_1000,_T,PT_B1GQ,A,17.404
2008,ISL,TAX_REV,S13,T_1000,_T,PT_B1GQ,A,16.573
2009,ISL,TAX_REV,S13,T_1000,_T,PT_B1GQ,A,14.75
2010,ISL,TAX_REV,S13,T_1000,_T,PT_B1GQ,A,14.257
2011,ISL,TAX_REV,S13,T_1000,_T,PT_B1GQ,A,15.117
2012,ISL,TAX_REV,S13,T_1000,_T,PT_B1GQ,A,15.35
2013,ISL,TAX_REV,S13,T_1000,_T,PT_B1GQ,A,16.018
2014,ISL,TAX_REV,S13,T_1000,_T,PT_B1GQ,A,17.278
2015,ISL,TAX_REV,S13,T_1000,_T,PT_B1GQ,A,16.487
2016,ISL,TAX_REV,S13,T_1000,_T,PT_B1GQ,A,17.099
2017,ISL,TAX_REV,S13,T_1000,_T,PT_B1GQ,A,18.32
2018,ISL,TAX_REV,S13,T_1000,_T,PT_B1GQ,A,17.993
2019,ISL,TAX_REV,S13,T_1000,_T,PT_B1GQ,A,17.521
2020,ISL,TAX_REV,S13,T_1000,_T,PT_B1GQ,A,18.505
2021,ISL,TAX_REV,S13,T_1000,_T,PT_B1GQ,A,17.388
2022,ISL,TAX_REV,S13,T_1000,_T,PT_B1GQ,A,18.104
2023,ISL,TAX_REV,S13,T_1000,_T,PT_B1GQ,A,18.686
1990,IRL,TAX_REV,S13,T_1000,_T,PT_B1GQ,A,12.317
1991,IRL,TAX_REV,S13,T_1000,_T,PT_B1GQ,A,12.961
1992,IRL,TAX_REV,S13,T_1000,_T,PT_B1GQ,A,13.339
1993,IRL,TAX_REV,S13,T_1000,_T,PT_B1GQ,A,13.794
1994,IRL,TAX_REV,S13,T_1000,_T,PT_B1GQ,A,14.236
1995,IRL,TAX_REV,S13,T_1000,_T,PT_B1GQ,A,12.823
1996,IRL,TAX_REV,S13,T_1000,_T,PT_B1GQ,A,13.31
1997,IRL,TAX_REV,S13,T_1000,_T,PT_B1GQ,A,13.292
1998,IRL,TAX_REV,S13,T_1000,_T,PT_B1GQ,A,13.068
1999,IRL,TAX_REV,S13,T_1000,_T,PT_B1GQ,A,13.407
2000,IRL,TAX_REV,S13,T_1000,_T,PT_B1GQ,A,13.412
2001,IRL,TAX_REV,S13,T_1000,_T,PT_B1GQ,A,12.319
2002,IRL,TAX_REV,S13,T_1000,_T,PT_B1GQ,A,11.743
2003,IRL,TAX_REV,S13,T_1000,_T,PT_B1GQ,A,12.105
2004,IRL,TAX_REV,S13,T_1000,_T,PT_B1GQ,A,12.546
2005,IRL,TAX_REV,S13,T_1000,_T,PT_B1GQ,A,12.44
2006,IRL,TAX_REV,S13,T_1000,_T,PT_B1GQ,A,13.297
2007,IRL,TAX_REV,S13,T_1000,_T,PT_B1GQ,A,12.871
2008,IRL,TAX_REV,S13,T_1000,_T,PT_B1GQ,A,11.836
2009,IRL,TAX_REV,S13,T_1000,_T,PT_B1GQ,A,11.278
2010,IRL,TAX_REV,S13,T_1000,_T,PT_B1GQ,A,11.118
2011,IRL,TAX_REV,S13,T_1000,_T,PT_B1GQ,A,11.209
2012,IRL,TAX_REV,S13,T_1000,_T,PT_B1GQ,A,11.779
2013,IRL,TAX_REV,S13,T_1000,_T,PT_B1GQ,A,11.626
2014,IRL,TAX_REV,S13,T_1000,_T,PT_B1GQ,A,11.461
2015,IRL,TAX_REV,S13,T_1000,_T,PT_B1GQ,A,9.76
2016,IRL,TAX_REV,S13,T_1000,_T,PT_B1GQ,A,10.099
2017,IRL,TAX_REV,S13,T_1000,_T,PT_B1GQ,A,9.596
2018,IRL,TAX_REV,S13,T_1000,_T,PT_B1GQ,A,9.937
2019,IRL,TAX_REV,S13,T_1000,_T,PT_B1GQ,A,9.778
2020,IRL,TAX_REV,S13,T_1000,_T,PT_B1GQ,A,9.506
2021,IRL,TAX_REV,S13,T_1000,_T,PT_B1GQ,A,9.959
2022,IRL,TAX_REV,S13,T_1000,_T,PT_B1GQ,A,10.688
2023,IRL,TAX_REV,S13,T_1000,_T,PT_B1GQ,A,11.557
1995,ISR,TAX_REV,S13,T_1000,_T,PT_B1GQ,A,11.773
1996,ISR,TAX_REV,S13,T_1000,_T,PT_B1GQ,A,11.364
1997,ISR,TAX_REV,S13,T_1000,_T,PT_B1GQ,A,12.179
1998,ISR,TAX_REV,S13,T_1000,_T,PT_B1GQ,A,11.967
1999,ISR,TAX_REV,S13,T_1000,_T,PT_B1GQ,A,11.852
2000,ISR,TAX_REV,S13,T_1000,_T,PT_B1GQ,A,13.393
2001,ISR,TAX_REV,S13,T_1000,_T,PT_B1GQ,A,13.226
2002,ISR,TAX_REV,S13,T_1000,_T,PT_B1GQ,A,11.608
2003,ISR,TAX_REV,S13,T_1000,_T,PT_B1GQ,A,10.859
2004,ISR,TAX_REV,S13,T_1000,_T,PT_B1GQ,A,10.643
2005,ISR,TAX_REV,S13,T_1000,_T,PT_B1GQ,A,11.045
2006,ISR,TAX_REV,S13,T_1000,_T,PT_B1GQ,A,12.24
2007,ISR,TAX_REV,S13,T_1000,_T,PT_B1GQ,A,12.063
2008,ISR,TAX_REV,S13,T_1000,_T,PT_B1GQ,A,10.29
2009,ISR,TAX_REV,S13,T_1000,_T,PT_B1GQ,A,8.678
2010,ISR,TAX_REV,S13,T_1000,_T,PT_B1GQ,A,8.733
2011,ISR,TAX_REV,S13,T_1000,_T,PT_B1GQ,A,8.99
2012,ISR,TAX_REV,S13,T_1000,_T,PT_B1GQ,A,8.902
2013,ISR,TAX_REV,S13,T_1000,_T,PT_B1GQ,A,9.416
2014,ISR,TAX_REV,S13,T_1000,_T,PT_B1GQ,A,9.349
2015,ISR,TAX_REV,S13,T_1000,_T,PT_B1GQ,A,9.663
2016,ISR,TAX_REV,S13,T_1000,_T,PT_B1GQ,A,9.752
2017,ISR,TAX_REV,S13,T_1000,_T,PT_B1GQ,A,11.422
2018,ISR,TAX_REV,S13,T_1000,_T,PT_B1GQ,A,10.001
2019,ISR,TAX_REV,S13,T_1000,_T,PT_B1GQ,A,9.814
2020,ISR,TAX_REV,S13,T_1000,_T,PT_B1GQ,A,9.769
2021,ISR,TAX_REV,S13,T_1000,_T,PT_B1GQ,A,11.495
2022,ISR,TAX_REV,S13,T_1000,_T,PT_B1GQ,A,12.205
2023,ISR,TAX_REV,S13,T_1000,_T,PT_B1GQ,A,11.045
1990,ITA,TAX_REV,S13,T_1000,_T,PT_B1GQ,A,13.23
1991,ITA,TAX_REV,S13,T_1000,_T,PT_B1GQ,A,13.236
1992,ITA,TAX_REV,S13,T_1000,_T,PT_B1GQ,A,14.603
1993,ITA,TAX_REV,S13,T_1000,_T,PT_B1GQ,A,14.97
1994,ITA,TAX_REV,S13,T_1000,_T,PT_B1GQ,A,13.388
1995,ITA,TAX_REV,S13,T_1000,_T,PT_B1GQ,A,13.571
1996,ITA,TAX_REV,S13,T_1000,_T,PT_B1GQ,A,13.906
1997,ITA,TAX_REV,S13,T_1000,_T,PT_B1GQ,A,14.681
1998,ITA,TAX_REV,S13,T_1000,_T,PT_B1GQ,A,13.061
1999,ITA,TAX_REV,S13,T_1000,_T,PT_B1GQ,A,13.857
2000,ITA,TAX_REV,S13,T_1000,_T,PT_B1GQ,A,13.444
2001,ITA,TAX_REV,S13,T_1000,_T,PT_B1GQ,A,13.697
2002,ITA,TAX_REV,S13,T_1000,_T,PT_B1GQ,A,12.86
2003,ITA,TAX_REV,S13,T_1000,_T,PT_B1GQ,A,12.367
2004,ITA,TAX_REV,S13,T_1000,_T,PT_B1GQ,A,12.337
2005,ITA,TAX_REV,S13,T_1000,_T,PT_B1GQ,A,12.324
2006,ITA,TAX_REV,S13,T_1000,_T,PT_B1GQ,A,13.327
2007,ITA,TAX_REV,S13,T_1000,_T,PT_B1GQ,A,14.026
2008,ITA,TAX_REV,S13,T_1000,_T,PT_B1GQ,A,14.234
2009,ITA,TAX_REV,S13,T_1000,_T,PT_B1GQ,A,13.662
2010,ITA,TAX_REV,S13,T_1000,_T,PT_B1GQ,A,13.626
2011,ITA,TAX_REV,S13,T_1000,_T,PT_B1GQ,A,13.296
2012,ITA,TAX_REV,S13,T_1000,_T,PT_B1GQ,A,14.231
2013,ITA,TAX_REV,S13,T_1000,_T,PT_B1GQ,A,14.466
2014,ITA,TAX_REV,S13,T_1000,_T,PT_B1GQ,A,13.837
2015,ITA,TAX_REV,S13,T_1000,_T,PT_B1GQ,A,13.649
2016,ITA,TAX_REV,S13,T_1000,_T,PT_B1GQ,A,13.463
2017,ITA,TAX_REV,S13,T_1000,_T,PT_B1GQ,A,13.336
2018,ITA,TAX_REV,S13,T_1000,_T,PT_B1GQ,A,12.956
2019,ITA,TAX_REV,S13,T_1000,_T,PT_B1GQ,A,13.35
2020,ITA,TAX_REV,S13,T_1000,_T,PT_B1GQ,A,13.96
2021,ITA,TAX_REV,S13,T_1000,_T,PT_B1GQ,A,13.51
2022,ITA,TAX_REV,S13,T_1000,_T,PT_B1GQ,A,14.044
2023,ITA,TAX_REV,S13,T_1000,_T,PT_B1GQ,A,14.668
1990,JPN,TAX_REV,S13,T_1000,_T,PT_B1GQ,A,13.9
1991,JPN,TAX_REV,S13,T_1000,_T,PT_B1GQ,A,13.297
1992,JPN,TAX_REV,S13,T_1000,_T,PT_B1GQ,A,11.487
1993,JPN,TAX_REV,S13,T_1000,_T,PT_B1GQ,A,10.981
1994,JPN,TAX_REV,S13,T_1000,_T,PT_B1GQ,A,9.803
1995,JPN,TAX_REV,S13,T_1000,_T,PT_B1GQ,A,9.71
1996,JPN,TAX_REV,S13,T_1000,_T,PT_B1GQ,A,9.659
1997,JPN,TAX_REV,S13,T_1000,_T,PT_B1GQ,A,9.525
1998,JPN,TAX_REV,S13,T_1000,_T,PT_B1GQ,A,8.487
1999,JPN,TAX_REV,S13,T_1000,_T,PT_B1GQ,A,7.948
2000,JPN,TAX_REV,S13,T_1000,_T,PT_B1GQ,A,8.816
2001,JPN,TAX_REV,S13,T_1000,_T,PT_B1GQ,A,8.525
2002,JPN,TAX_REV,S13,T_1000,_T,PT_B1GQ,A,7.495
2003,JPN,TAX_REV,S13,T_1000,_T,PT_B1GQ,A,7.371
2004,JPN,TAX_REV,S13,T_1000,_T,PT_B1GQ,A,7.92
2005,JPN,TAX_REV,S13,T_1000,_T,PT_B1GQ,A,8.731
2006,JPN,TAX_REV,S13,T_1000,_T,PT_B1GQ,A,9.423
2007,JPN,TAX_REV,S13,T_1000,_T,PT_B1GQ,A,9.875
2008,JPN,TAX_REV,S13,T_1000,_T,PT_B1GQ,A,9.076
2009,JPN,TAX_REV,S13,T_1000,_T,PT_B1GQ,A,7.588
2010,JPN,TAX_REV,S13,T_1000,_T,PT_B1GQ,A,7.93
2011,JPN,TAX_REV,S13,T_1000,_T,PT_B1GQ,A,8.181
2012,JPN,TAX_REV,S13,T_1000,_T,PT_B1GQ,A,8.68
2013,JPN,TAX_REV,S13,T_1000,_T,PT_B1GQ,A,9.272
2014,JPN,TAX_REV,S13,T_1000,_T,PT_B1GQ,A,9.541
2015,JPN,TAX_REV,S13,T_1000,_T,PT_B1GQ,A,9.426
2016,JPN,TAX_REV,S13,T_1000,_T,PT_B1GQ,A,9.259
2017,JPN,TAX_REV,S13,T_1000,_T,PT_B1GQ,A,9.476
2018,JPN,TAX_REV,S13,T_1000,_T,PT_B1GQ,A,10.077
2019,JPN,TAX_REV,S13,T_1000,_T,PT_B1GQ,A,9.697
2020,JPN,TAX_REV,S13,T_1000,_T,PT_B1GQ,A,10.01
2021,JPN,TAX_REV,S13,T_1000,_T,PT_B1GQ,A,10.815
2022,JPN,TAX_REV,S13,T_1000,_T,PT_B1GQ,A,11.197
2023,JPN,TAX_REV,S13,T_1000,_T,PT_B1GQ,A,10.35
1990,KOR,TAX_REV,S13,T_1000,_T,PT_B1GQ,A,6.085
1991,KOR,TAX_REV,S13,T_1000,_T,PT_B1GQ,A,5.381
1992,KOR,TAX_REV,S13,T_1000,_T,PT_B1GQ,A,5.377
1993,KOR,TAX_REV,S13,T_1000,_T,PT_B1GQ,A,5.212
1994,KOR,TAX_REV,S13,T_1000,_T,PT_B1GQ,A,5.365
1995,KOR,TAX_REV,S13,T_1000,_T,PT_B1GQ,A,5.653
1996,KOR,TAX_REV,S13,T_1000,_T,PT_B1GQ,A,5.522
1997,KOR,TAX_REV,S13,T_1000,_T,PT_B1GQ,A,4.966
1998,KOR,TAX_REV,S13,T_1000,_T,PT_B1GQ,A,5.769
1999,KOR,TAX_REV,S13,T_1000,_T,PT_B1GQ,A,4.769
2000,KOR,TAX_REV,S13,T_1000,_T,PT_B1GQ,A,6.024
2001,KOR,TAX_REV,S13,T_1000,_T,PT_B1GQ,A,5.597
2002,KOR,TAX_REV,S13,T_1000,_T,PT_B1GQ,A,5.429
2003,KOR,TAX_REV,S13,T_1000,_T,PT_B1GQ,A,6.138
2004,KOR,TAX_REV,S13,T_1000,_T,PT_B1GQ,A,5.894
2005,KOR,TAX_REV,S13,T_1000,_T,PT_B1GQ,A,6.33
2006,KOR,TAX_REV,S13,T_1000,_T,PT_B1GQ,A,6.678
2007,KOR,TAX_REV,S13,T_1000,_T,PT_B1GQ,A,7.547
2008,KOR,TAX_REV,S13,T_1000,_T,PT_B1GQ,A,7.305
2009,KOR,TAX_REV,S13,T_1000,_T,PT_B1GQ,A,6.463
2010,KOR,TAX_REV,S13,T_1000,_T,PT_B1GQ,A,6.268
2011,KOR,TAX_REV,S13,T_1000,_T,PT_B1GQ,A,6.973
2012,KOR,TAX_REV,S13,T_1000,_T,PT_B1GQ,A,7.079
2013,KOR,TAX_REV,S13,T_1000,_T,PT_B1GQ,A,6.782
2014,KOR,TAX_REV,S13,T_1000,_T,PT_B1GQ,A,6.805
2015,KOR,TAX_REV,S13,T_1000,_T,PT_B1GQ,A,7.186
2016,KOR,TAX_REV,S13,T_1000,_T,PT_B1GQ,A,7.727
2017,KOR,TAX_REV,S13,T_1000,_T,PT_B1GQ,A,8.14
2018,KOR,TAX_REV,S13,T_1000,_T,PT_B1GQ,A,9.113
2019,KOR,TAX_REV,S13,T_1000,_T,PT_B1GQ,A,9.043
2020,KOR,TAX_REV,S13,T_1000,_T,PT_B1GQ,A,8.583
2021,KOR,TAX_REV,S13,T_1000,_T,PT_B1GQ,A,9.882
2022,KOR,TAX_REV,S13,T_1000,_T,PT_B1GQ,A,11.944
2023,KOR,TAX_REV,S13,T_1000,_T,PT_B1GQ,A,9.877
1995,LVA,TAX_REV,S13,T_1000,_T,PT_B1GQ,A,6.529
1996,LVA,TAX_REV,S13,T_1000,_T,PT_B1GQ,A,6.625
1997,LVA,TAX_REV,S13,T_1000,_T,PT_B1GQ,A,7.228
1998,LVA,TAX_REV,S13,T_1000,_T,PT_B1GQ,A,7.496
1999,LVA,TAX_REV,S13,T_1000,_T,PT_B1GQ,A,7.417
2000,LVA,TAX_REV,S13,T_1000,_T,PT_B1GQ,A,6.995
2001,LVA,TAX_REV,S13,T_1000,_T,PT_B1GQ,A,7.345
2002,LVA,TAX_REV,S13,T_1000,_T,PT_B1GQ,A,7.399
2003,LVA,TAX_REV,S13,T_1000,_T,PT_B1GQ,A,6.978
2004,LVA,TAX_REV,S13,T_1000,_T,PT_B1GQ,A,7.336
2005,LVA,TAX_REV,S13,T_1000,_T,PT_B1GQ,A,7.258
2006,LVA,TAX_REV,S13,T_1000,_T,PT_B1GQ,A,7.681
2007,LVA,TAX_REV,S13,T_1000,_T,PT_B1GQ,A,8.178
2008,LVA,TAX_REV,S13,T_1000,_T,PT_B1GQ,A,8.911
2009,LVA,TAX_REV,S13,T_1000,_T,PT_B1GQ,A,6.854
2010,LVA,TAX_REV,S13,T_1000,_T,PT_B1GQ,A,7.142
2011,LVA,TAX_REV,S13,T_1000,_T,PT_B1GQ,A,7.191
2012,LVA,TAX_REV,S13,T_1000,_T,PT_B1GQ,A,7.353
2013,LVA,TAX_REV,S13,T_1000,_T,PT_B1GQ,A,7.427
2014,LVA,TAX_REV,S13,T_1000,_T,PT_B1GQ,A,7.454
2015,LVA,TAX_REV,S13,T_1000,_T,PT_B1GQ,A,7.461
2016,LVA,TAX_REV,S13,T_1000,_T,PT_B1GQ,A,7.928
2017,LVA,TAX_REV,S13,T_1000,_T,PT_B1GQ,A,8.169
2018,LVA,TAX_REV,S13,T_1000,_T,PT_B1GQ,A,7.029
2019,LVA,TAX_REV,S13,T_1000,_T,PT_B1GQ,A,6.626
2020,LVA,TAX_REV,S13,T_1000,_T,PT_B1GQ,A,6.706
2021,LVA,TAX_REV,S13,T_1000,_T,PT_B1GQ,A,6.886
2022,LVA,TAX_REV,S13,T_1000,_T,PT_B1GQ,A,6.911
2023,LVA,TAX_REV,S13,T_1000,_T,PT_B1GQ,A,7.605
1995,LTU,TAX_REV,S13,T_1000,_T,PT_B1GQ,A,8.328
1996,LTU,TAX_REV,S13,T_1000,_T,PT_B1GQ,A,7.93
1997,LTU,TAX_REV,S13,T_1000,_T,PT_B1GQ,A,8.679
1998,LTU,TAX_REV,S13,T_1000,_T,PT_B1GQ,A,8.93
1999,LTU,TAX_REV,S13,T_1000,_T,PT_B1GQ,A,9.058
2000,LTU,TAX_REV,S13,T_1000,_T,PT_B1GQ,A,8.319
2001,LTU,TAX_REV,S13,T_1000,_T,PT_B1GQ,A,7.732
2002,LTU,TAX_REV,S13,T_1000,_T,PT_B1GQ,A,7.393
2003,LTU,TAX_REV,S13,T_1000,_T,PT_B1GQ,A,7.854
2004,LTU,TAX_REV,S13,T_1000,_T,PT_B1GQ,A,8.63
2005,LTU,TAX_REV,S13,T_1000,_T,PT_B1GQ,A,8.919
2006,LTU,TAX_REV,S13,T_1000,_T,PT_B1GQ,A,9.53
2007,LTU,TAX_REV,S13,T_1000,_T,PT_B1GQ,A,9.048
2008,LTU,TAX_REV,S13,T_1000,_T,PT_B1GQ,A,9.203
2009,LTU,TAX_REV,S13,T_1000,_T,PT_B1GQ,A,5.898
2010,LTU,TAX_REV,S13,T_1000,_T,PT_B1GQ,A,4.57
2011,LTU,TAX_REV,S13,T_1000,_T,PT_B1GQ,A,4.297
2012,LTU,TAX_REV,S13,T_1000,_T,PT_B1GQ,A,4.767
2013,LTU,TAX_REV,S13,T_1000,_T,PT_B1GQ,A,4.927
2014,LTU,TAX_REV,S13,T_1000,_T,PT_B1GQ,A,4.989
2015,LTU,TAX_REV,S13,T_1000,_T,PT_B1GQ,A,5.391
2016,LTU,TAX_REV,S13,T_1000,_T,PT_B1GQ,A,5.593
2017,LTU,TAX_REV,S13,T_1000,_T,PT_B1GQ,A,5.517
2018,LTU,TAX_REV,S13,T_1000,_T,PT_B1GQ,A,5.767
2019,LTU,TAX_REV,S13,T_1000,_T,PT_B1GQ,A,8.759
2020,LTU,TAX_REV,S13,T_1000,_T,PT_B1GQ,A,8.928
2021,LTU,TAX_REV,S13,T_1000,_T,PT_B1GQ,A,9.518
2022,LTU,TAX_REV,S13,T_1000,_T,PT_B1GQ,A,9.902
2023,LTU,TAX_REV,S13,T_1000,_T,PT_B1GQ,A,10.585
1990,LUX,TAX_REV,S13,T_1000,_T,PT_B1GQ,A,13.945
1991,LUX,TAX_REV,S13,T_1000,_T,PT_B1GQ,A,12.415
1992,LUX,TAX_REV,S13,T_1000,_T,PT_B1GQ,A,11.749
1993,LUX,TAX_REV,S13,T_1000,_T,PT_B1GQ,A,13.36
1994,LUX,TAX_REV,S13,T_1000,_T,PT_B1GQ,A,13.803
1995,LUX,TAX_REV,S13,T_1000,_T,PT_B1GQ,A,14.461
1996,LUX,TAX_REV,S13,T_1000,_T,PT_B1GQ,A,14.702
1997,LUX,TAX_REV,S13,T_1000,_T,PT_B1GQ,A,14.729
1998,LUX,TAX_REV,S13,T_1000,_T,PT_B1GQ,A,14.547
1999,LUX,TAX_REV,S13,T_1000,_T,PT_B1GQ,A,13.415
2000,LUX,TAX_REV,S13,T_1000,_T,PT_B1GQ,A,13.512
2001,LUX,TAX_REV,S13,T_1000,_T,PT_B1GQ,A,13.57
2002,LUX,TAX_REV,S13,T_1000,_T,PT_B1GQ,A,13.808
2003,LUX,TAX_REV,S13,T_1000,_T,PT_B1GQ,A,13.661
2004,LUX,TAX_REV,S13,T_1000,_T,PT_B1GQ,A,12.048
2005,LUX,TAX_REV,S13,T_1000,_T,PT_B1GQ,A,12.925
2006,LUX,TAX_REV,S13,T_1000,_T,PT_B1GQ,A,12.365
2007,LUX,TAX_REV,S13,T_1000,_T,PT_B1GQ,A,12.365
2008,LUX,TAX_REV,S13,T_1000,_T,PT_B1GQ,A,12.594
2009,LUX,TAX_REV,S13,T_1000,_T,PT_B1GQ,A,12.781
2010,LUX,TAX_REV,S13,T_1000,_T,PT_B1GQ,A,12.892
2011,LUX,TAX_REV,S13,T_1000,_T,PT_B1GQ,A,12.849
2012,LUX,TAX_REV,S13,T_1000,_T,PT_B1GQ,A,12.8
2013,LUX,TAX_REV,S13,T_1000,_T,PT_B1GQ,A,12.779
2014,LUX,TAX_REV,S13,T_1000,_T,PT_B1GQ,A,12.487
2015,LUX,TAX_REV,S13,T_1000,_T,PT_B1GQ,A,12.949
2016,LUX,TAX_REV,S13,T_1000,_T,PT_B1GQ,A,13.242
2017,LUX,TAX_REV,S13,T_1000,_T,PT_B1GQ,A,13.68
2018,LUX,TAX_REV,S13,T_1000,_T,PT_B1GQ,A,15.621
2019,LUX,TAX_REV,S13,T_1000,_T,PT_B1GQ,A,15.502
2020,LUX,TAX_REV,S13,T_1000,_T,PT_B1GQ,A,14.521
2021,LUX,TAX_REV,S13,T_1000,_T,PT_B1GQ,A,14.637
2022,LUX,TAX_REV,S13,T_1000,_T,PT_B1GQ,A,14.75
2023,LUX,TAX_REV,S13,T_1000,_T,PT_B1GQ,A,16.567
1990,MEX,TAX_REV,S13,T_1000,_T,PT_B1GQ,A,3.916
1991,MEX,TAX_REV,S13,T_1000,_T,PT_B1GQ,A,3.886
1992,MEX,TAX_REV,S13,T_1000,_T,PT_B1GQ,A,4.298
1993,MEX,TAX_REV,S13,T_1000,_T,PT_B1GQ,A,4.191
1994,MEX,TAX_REV,S13,T_1000,_T,PT_B1GQ,A,3.976
1995,MEX,TAX_REV,S13,T_1000,_T,PT_B1GQ,A,3.121
1996,MEX,TAX_REV,S13,T_1000,_T,PT_B1GQ,A,3.113
1997,MEX,TAX_REV,S13,T_1000,_T,PT_B1GQ,A,3.489
1998,MEX,TAX_REV,S13,T_1000,_T,PT_B1GQ,A,3.569
1999,MEX,TAX_REV,S13,T_1000,_T,PT_B1GQ,A,3.836
2000,MEX,TAX_REV,S13,T_1000,_T,PT_B1GQ,A,3.941
2001,MEX,TAX_REV,S13,T_1000,_T,PT_B1GQ,A,4.099
2002,MEX,TAX_REV,S13,T_1000,_T,PT_B1GQ,A,4.183
2003,MEX,TAX_REV,S13,T_1000,_T,PT_B1GQ,A,4.21
2004,MEX,TAX_REV,S13,T_1000,_T,PT_B1GQ,A,3.89
2005,MEX,TAX_REV,S13,T_1000,_T,PT_B1GQ,A,4.021
2006,MEX,TAX_REV,S13,T_1000,_T,PT_B1GQ,A,4.25
2007,MEX,TAX_REV,S13,T_1000,_T,PT_B1GQ,A,4.6
2008,MEX,TAX_REV,S13,T_1000,_T,PT_B1GQ,A,4.867
2009,MEX,TAX_REV,S13,T_1000,_T,PT_B1GQ,A,4.643
2010,MEX,TAX_REV,S13,T_1000,_T,PT_B1GQ,A,4.894
2011,MEX,TAX_REV,S13,T_1000,_T,PT_B1GQ,A,5.061
2012,MEX,TAX_REV,S13,T_1000,_T,PT_B1GQ,A,4.859
2013,MEX,TAX_REV,S13,T_1000,_T,PT_B1GQ,A,5.646
2014,MEX,TAX_REV,S13,T_1000,_T,PT_B1GQ,A,5.399
2015,MEX,TAX_REV,S13,T_1000,_T,PT_B1GQ,A,6.4
2016,MEX,TAX_REV,S13,T_1000,_T,PT_B1GQ,A,6.875
2017,MEX,TAX_REV,S13,T_1000,_T,PT_B1GQ,A,6.975
2018,MEX,TAX_REV,S13,T_1000,_T,PT_B1GQ,A,6.914
2019,MEX,TAX_REV,S13,T_1000,_T,PT_B1GQ,A,6.738
2020,MEX,TAX_REV,S13,T_1000,_T,PT_B1GQ,A,7.342
2021,MEX,TAX_REV,S13,T_1000,_T,PT_B1GQ,A,7.149
2022,MEX,TAX_REV,S13,T_1000,_T,PT_B1GQ,A,7.744
2023,MEX,TAX_REV,S13,T_1000,_T,PT_B1GQ,A,7.915
1990,NLD,TAX_REV,S13,T_1000,_T,PT_B1GQ,A,12.789
1991,NLD,TAX_REV,S13,T_1000,_T,PT_B1GQ,A,13.93
1992,NLD,TAX_REV,S13,T_1000,_T,PT_B1GQ,A,12.987
1993,NLD,TAX_REV,S13,T_1000,_T,PT_B1GQ,A,13.575
1994,NLD,TAX_REV,S13,T_1000,_T,PT_B1GQ,A,11.134
1995,NLD,TAX_REV,S13,T_1000,_T,PT_B1GQ,A,10.157
1996,NLD,TAX_REV,S13,T_1000,_T,PT_B1GQ,A,10.458
1997,NLD,TAX_REV,S13,T_1000,_T,PT_B1GQ,A,10.035
1998,NLD,TAX_REV,S13,T_1000,_T,PT_B1GQ,A,9.728
1999,NLD,TAX_REV,S13,T_1000,_T,PT_B1GQ,A,9.656
2000,NLD,TAX_REV,S13,T_1000,_T,PT_B1GQ,A,9.566
2001,NLD,TAX_REV,S13,T_1000,_T,PT_B1GQ,A,9.642
2002,NLD,TAX_REV,S13,T_1000,_T,PT_B1GQ,A,9.636
2003,NLD,TAX_REV,S13,T_1000,_T,PT_B1GQ,A,8.888
2004,NLD,TAX_REV,S13,T_1000,_T,PT_B1GQ,A,8.616
2005,NLD,TAX_REV,S13,T_1000,_T,PT_B1GQ,A,9.517
2006,NLD,TAX_REV,S13,T_1000,_T,PT_B1GQ,A,9.769
2007,NLD,TAX_REV,S13,T_1000,_T,PT_B1GQ,A,10.03
2008,NLD,TAX_REV,S13,T_1000,_T,PT_B1GQ,A,9.737
2009,NLD,TAX_REV,S13,T_1000,_T,PT_B1GQ,A,9.757
2010,NLD,TAX_REV,S13,T_1000,_T,PT_B1GQ,A,9.888
2011,NLD,TAX_REV,S13,T_1000,_T,PT_B1GQ,A,9.44
2012,NLD,TAX_REV,S13,T_1000,_T,PT_B1GQ,A,8.944
2013,NLD,TAX_REV,S13,T_1000,_T,PT_B1GQ,A,8.877
2014,NLD,TAX_REV,S13,T_1000,_T,PT_B1GQ,A,9.382
2015,NLD,TAX_REV,S13,T_1000,_T,PT_B1GQ,A,10.133
2016,NLD,TAX_REV,S13,T_1000,_T,PT_B1GQ,A,10.274
2017,NLD,TAX_REV,S13,T_1000,_T,PT_B1GQ,A,11.422
2018,NLD,TAX_REV,S13,T_1000,_T,PT_B1GQ,A,11.276
2019,NLD,TAX_REV,S13,T_1000,_T,PT_B1GQ,A,11.931
2020,NLD,TAX_REV,S13,T_1000,_T,PT_B1GQ,A,11.98
2021,NLD,TAX_REV,S13,T_1000,_T,PT_B1GQ,A,12.096
2022,NLD,TAX_REV,S13,T_1000,_T,PT_B1GQ,A,12.46
2023,NLD,TAX_REV,S13,T_1000,_T,PT_B1GQ,A,13.788
1990,NZL,TAX_REV,S13,T_1000,_T,PT_B1GQ,A,21.562
1991,NZL,TAX_REV,S13,T_1000,_T,PT_B1GQ,A,19.999
1992,NZL,TAX_REV,S13,T_1000,_T,PT_B1GQ,A,20.29
1993,NZL,TAX_REV,S13,T_1000,_T,PT_B1GQ,A,20.434
1994,NZL,TAX_REV,S13,T_1000,_T,PT_B1GQ,A,21.599
1995,NZL,TAX_REV,S13,T_1000,_T,PT_B1GQ,A,21.782
1996,NZL,TAX_REV,S13,T_1000,_T,PT_B1GQ,A,20.067
1997,NZL,TAX_REV,S13,T_1000,_T,PT_B1GQ,A,20.263
1998,NZL,TAX_REV,S13,T_1000,_T,PT_B1GQ,A,18.75
1999,NZL,TAX_REV,S13,T_1000,_T,PT_B1GQ,A,18.748
2000,NZL,TAX_REV,S13,T_1000,_T,PT_B1GQ,A,19.525
2001,NZL,TAX_REV,S13,T_1000,_T,PT_B1GQ,A,18.897
2002,NZL,TAX_REV,S13,T_1000,_T,PT_B1GQ,A,19.864
2003,NZL,TAX_REV,S13,T_1000,_T,PT_B1GQ,A,19.771
2004,NZL,TAX_REV,S13,T_1000,_T,PT_B1GQ,A,20.905
2005,NZL,TAX_REV,S13,T_1000,_T,PT_B1GQ,A,22.728
2006,NZL,TAX_REV,S13,T_1000,_T,PT_B1GQ,A,21.932
2007,NZL,TAX_REV,S13,T_1000,_T,PT_B1GQ,A,21.345
2008,NZL,TAX_REV,S13,T_1000,_T,PT_B1GQ,A,19.865
2009,NZL,TAX_REV,S13,T_1000,_T,PT_B1GQ,A,17.199
2010,NZL,TAX_REV,S13,T_1000,_T,PT_B1GQ,A,16.285
2011,NZL,TAX_REV,S13,T_1000,_T,PT_B1GQ,A,15.954
2012,NZL,TAX_REV,S13,T_1000,_T,PT_B1GQ,A,17.358
2013,NZL,TAX_REV,S13,T_1000,_T,PT_B1GQ,A,16.63
2014,NZL,TAX_REV,S13,T_1000,_T,PT_B1GQ,A,17.023
2015,NZL,TAX_REV,S13,T_1000,_T,PT_B1GQ,A,17.286
2016,NZL,TAX_REV,S13,T_1000,_T,PT_B1GQ,A,17.457
2017,NZL,TAX_REV,S13,T_1000,_T,PT_B1GQ,A,17.418
2018,NZL,TAX_REV,S13,T_1000,_T,PT_B1GQ,A,18.119
2019,NZL,TAX_REV,S13,T_1000,_T,PT_B1GQ,A,17.311
2020,NZL,TAX_REV,S13,T_1000,_T,PT_B1GQ,A,19.052
2021,NZL,TAX_REV,S13,T_1000,_T,PT_B1GQ,A,20.224
2022,NZL,TAX_REV,S13,T_1000,_T,PT_B1GQ,A,19.281
2023,NZL,TAX_REV,S13,T_1000,_T,PT_B1GQ,A,19.917
1990,NOR,TAX_REV,S13,T_1000,_T,PT_B1GQ,A,14.175
1991,NOR,TAX_REV,S13,T_1000,_T,PT_B1GQ,A,14.519
1992,NOR,TAX_REV,S13,T_1000,_T,PT_B1GQ,A,12.96
1993,NOR,TAX_REV,S13,T_1000,_T,PT_B1GQ,A,13.052
1994,NOR,TAX_REV,S13,T_1000,_T,PT_B1GQ,A,13.885
1995,NOR,TAX_REV,S13,T_1000,_T,PT_B1GQ,A,14.056
1996,NOR,TAX_REV,S13,T_1000,_T,PT_B1GQ,A,14.504
1997,NOR,TAX_REV,S13,T_1000,_T,PT_B1GQ,A,15.429
1998,NOR,TAX_REV,S13,T_1000,_T,PT_B1GQ,A,15.349
1999,NOR,TAX_REV,S13,T_1000,_T,PT_B1GQ,A,15.624
2000,NOR,TAX_REV,S13,T_1000,_T,PT_B1GQ,A,18.875
2001,NOR,TAX_REV,S13,T_1000,_T,PT_B1GQ,A,18.975
2002,NOR,TAX_REV,S13,T_1000,_T,PT_B1GQ,A,18.534
2003,NOR,TAX_REV,S13,T_1000,_T,PT_B1GQ,A,18.277
2004,NOR,TAX_REV,S13,T_1000,_T,PT_B1GQ,A,19.732
2005,NOR,TAX_REV,S13,T_1000,_T,PT_B1GQ,A,20.992
2006,NOR,TAX_REV,S13,T_1000,_T,PT_B1GQ,A,21.462
2007,NOR,TAX_REV,S13,T_1000,_T,PT_B1GQ,A,20.181
2008,NOR,TAX_REV,S13,T_1000,_T,PT_B1GQ,A,20.875
2009,NOR,TAX_REV,S13,T_1000,_T,PT_B1GQ,A,18.851
2010,NOR,TAX_REV,S13,T_1000,_T,PT_B1GQ,A,19.687
2011,NOR,TAX_REV,S13,T_1000,_T,PT_B1GQ,A,20.378
2012,NOR,TAX_REV,S13,T_1000,_T,PT_B1GQ,A,19.998
2013,NOR,TAX_REV,S13,T_1000,_T,PT_B1GQ,A,18.125
2014,NOR,TAX_REV,S13,T_1000,_T,PT_B1GQ,A,16.474
2015,NOR,TAX_REV,S13,T_1000,_T,PT_B1GQ,A,15.216
2016,NOR,TAX_REV,S13,T_1000,_T,PT_B1GQ,A,14.78
2017,NOR,TAX_REV,S13,T_1000,_T,PT_B1GQ,A,15.134
2018,NOR,TAX_REV,S13,T_1000,_T,PT_B1GQ,A,16.445
2019,NOR,TAX_REV,S13,T_1000,_T,PT_B1GQ,A,16.365
2020,NOR,TAX_REV,S13,T_1000,_T,PT_B1GQ,A,14.12
2021,NOR,TAX_REV,S13,T_1000,_T,PT_B1GQ,A,20.381
2022,NOR,TAX_REV,S13,T_1000,_T,PT_B1GQ,A,26.465
2023,NOR,TAX_REV,S13,T_1000,_T,PT_B1GQ,A,21.378
1991,POL,TAX_REV,S13,T_1000,_T,PT_B1GQ,A,7.426
1992,POL,TAX_REV,S13,T_1000,_T,PT_B1GQ,A,10.948
1993,POL,TAX_REV,S13,T_1000,_T,PT_B1GQ,A,11.99
1994,POL,TAX_REV,S13,T_1000,_T,PT_B1GQ,A,11.052
1995,POL,TAX_REV,S13,T_1000,_T,PT_B1GQ,A,10.917
1996,POL,TAX_REV,S13,T_1000,_T,PT_B1GQ,A,10.398
1997,POL,TAX_REV,S13,T_1000,_T,PT_B1GQ,A,10.17
1998,POL,TAX_REV,S13,T_1000,_T,PT_B1GQ,A,10.09
1999,POL,TAX_REV,S13,T_1000,_T,PT_B1GQ,A,7.214
2000,POL,TAX_REV,S13,T_1000,_T,PT_B1GQ,A,6.716
2001,POL,TAX_REV,S13,T_1000,_T,PT_B1GQ,A,6.013
2002,POL,TAX_REV,S13,T_1000,_T,PT_B1GQ,A,6.148
2003,POL,TAX_REV,S13,T_1000,_T,PT_B1GQ,A,5.892
2004,POL,TAX_REV,S13,T_1000,_T,PT_B1GQ,A,5.922
2005,POL,TAX_REV,S13,T_1000,_T,PT_B1GQ,A,6.41
2006,POL,TAX_REV,S13,T_1000,_T,PT_B1GQ,A,6.99
2007,POL,TAX_REV,S13,T_1000,_T,PT_B1GQ,A,7.898
2008,POL,TAX_REV,S13,T_1000,_T,PT_B1GQ,A,7.974
2009,POL,TAX_REV,S13,T_1000,_T,PT_B1GQ,A,6.769
2010,POL,TAX_REV,S13,T_1000,_T,PT_B1GQ,A,6.346
2011,POL,TAX_REV,S13,T_1000,_T,PT_B1GQ,A,6.405
2012,POL,TAX_REV,S13,T_1000,_T,PT_B1GQ,A,6.602
2013,POL,TAX_REV,S13,T_1000,_T,PT_B1GQ,A,6.353
2014,POL,TAX_REV,S13,T_1000,_T,PT_B1GQ,A,6.396
2015,POL,TAX_REV,S13,T_1000,_T,PT_B1GQ,A,6.51
2016,POL,TAX_REV,S13,T_1000,_T,PT_B1GQ,A,6.705
2017,POL,TAX_REV,S13,T_1000,_T,PT_B1GQ,A,6.934
2018,POL,TAX_REV,S13,T_1000,_T,PT_B1GQ,A,7.382
2019,POL,TAX_REV,S13,T_1000,_T,PT_B1GQ,A,7.539
2020,POL,TAX_REV,S13,T_1000,_T,PT_B1GQ,A,7.522
2021,POL,TAX_REV,S13,T_1000,_T,PT_B1GQ,A,7.953
2022,POL,TAX_REV,S13,T_1000,_T,PT_B1GQ,A,7.286
2023,POL,TAX_REV,S13,T_1000,_T,PT_B1GQ,A,6.936
1990,PRT,TAX_REV,S13,T_1000,_T,PT_B1GQ,A,6.798
1991,PRT,TAX_REV,S13,T_1000,_T,PT_B1GQ,A,7.604
1992,PRT,TAX_REV,S13,T_1000,_T,PT_B1GQ,A,8.491
1993,PRT,TAX_REV,S13,T_1000,_T,PT_B1GQ,A,7.713
1994,PRT,TAX_REV,S13,T_1000,_T,PT_B1GQ,A,7.518
1995,PRT,TAX_REV,S13,T_1000,_T,PT_B1GQ,A,7.71
1996,PRT,TAX_REV,S13,T_1000,_T,PT_B1GQ,A,8.346
1997,PRT,TAX_REV,S13,T_1000,_T,PT_B1GQ,A,8.419
1998,PRT,TAX_REV,S13,T_1000,_T,PT_B1GQ,A,8.215
1999,PRT,TAX_REV,S13,T_1000,_T,PT_B1GQ,A,8.656
2000,PRT,TAX_REV,S13,T_1000,_T,PT_B1GQ,A,9.104
2001,PRT,TAX_REV,S13,T_1000,_T,PT_B1GQ,A,8.654
2002,PRT,TAX_REV,S13,T_1000,_T,PT_B1GQ,A,8.488
2003,PRT,TAX_REV,S13,T_1000,_T,PT_B1GQ,A,7.561
2004,PRT,TAX_REV,S13,T_1000,_T,PT_B1GQ,A,7.887
2005,PRT,TAX_REV,S13,T_1000,_T,PT_B1GQ,A,7.759
2006,PRT,TAX_REV,S13,T_1000,_T,PT_B1GQ,A,8.047
2007,PRT,TAX_REV,S13,T_1000,_T,PT_B1GQ,A,8.859
2008,PRT,TAX_REV,S13,T_1000,_T,PT_B1GQ,A,8.976
2009,PRT,TAX_REV,S13,T_1000,_T,PT_B1GQ,A,8.311
2010,PRT,TAX_REV,S13,T_1000,_T,PT_B1GQ,A,8.12
2011,PRT,TAX_REV,S13,T_1000,_T,PT_B1GQ,A,9.107
2012,PRT,TAX_REV,S13,T_1000,_T,PT_B1GQ,A,8.568
2013,PRT,TAX_REV,S13,T_1000,_T,PT_B1GQ,A,10.947
2014,PRT,TAX_REV,S13,T_1000,_T,PT_B1GQ,A,10.548
2015,PRT,TAX_REV,S13,T_1000,_T,PT_B1GQ,A,10.44
2016,PRT,TAX_REV,S13,T_1000,_T,PT_B1GQ,A,9.806
2017,PRT,TAX_REV,S13,T_1000,_T,PT_B1GQ,A,9.632
2018,PRT,TAX_REV,S13,T_1000,_T,PT_B1GQ,A,9.803
2019,PRT,TAX_REV,S13,T_1000,_T,PT_B1GQ,A,9.451
2020,PRT,TAX_REV,S13,T_1000,_T,PT_B1GQ,A,9.742
2021,PRT,TAX_REV,S13,T_1000,_T,PT_B1GQ,A,9.34
2022,PRT,TAX_REV,S13,T_1000,_T,PT_B1GQ,A,10.313
2023,PRT,TAX_REV,S13,T_1000,_T,PT_B1GQ,A,10.434
1995,SVK,TAX_REV,S13,T_1000,_T,PT_B1GQ,A,10.081
1996,SVK,TAX_REV,S13,T_1000,_T,PT_B1GQ,A,8.848
1997,SVK,TAX_REV,S13,T_1000,_T,PT_B1GQ,A,8.57
1998,SVK,TAX_REV,S13,T_1000,_T,PT_B1GQ,A,8.389
1999,SVK,TAX_REV,S13,T_1000,_T,PT_B1GQ,A,8.417
2000,SVK,TAX_REV,S13,T_1000,_T,PT_B1GQ,A,6.89
2001,SVK,TAX_REV,S13,T_1000,_T,PT_B1GQ,A,6.949
2002,SVK,TAX_REV,S13,T_1000,_T,PT_B1GQ,A,6.539
2003,SVK,TAX_REV,S13,T_1000,_T,PT_B1GQ,A,6.571
2004,SVK,TAX_REV,S13,T_1000,_T,PT_B1GQ,A,5.966
2005,SVK,TAX_REV,S13,T_1000,_T,PT_B1GQ,A,5.88
2006,SVK,TAX_REV,S13,T_1000,_T,PT_B1GQ,A,6.01
2007,SVK,TAX_REV,S13,T_1000,_T,PT_B1GQ,A,6.086
2008,SVK,TAX_REV,S13,T_1000,_T,PT_B1GQ,A,6.398
2009,SVK,TAX_REV,S13,T_1000,_T,PT_B1GQ,A,5.502
2010,SVK,TAX_REV,S13,T_1000,_T,PT_B1GQ,A,5.237
2011,SVK,TAX_REV,S13,T_1000,_T,PT_B1GQ,A,5.352
2012,SVK,TAX_REV,S13,T_1000,_T,PT_B1GQ,A,5.438
2013,SVK,TAX_REV,S13,T_1000,_T,PT_B1GQ,A,6.001
2014,SVK,TAX_REV,S13,T_1000,_T,PT_B1GQ,A,6.489
2015,SVK,TAX_REV,S13,T_1000,_T,PT_B1GQ,A,6.917
2016,SVK,TAX_REV,S13,T_1000,_T,PT_B1GQ,A,6.985
2017,SVK,TAX_REV,S13,T_1000,_T,PT_B1GQ,A,7.038
2018,SVK,TAX_REV,S13,T_1000,_T,PT_B1GQ,A,7.088
2019,SVK,TAX_REV,S13,T_1000,_T,PT_B1GQ,A,7.05
2020,SVK,TAX_REV,S13,T_1000,_T,PT_B1GQ,A,6.993
2021,SVK,TAX_REV,S13,T_1000,_T,PT_B1GQ,A,7.663
2022,SVK,TAX_REV,S13,T_1000,_T,PT_B1GQ,A,7.701
2023,SVK,TAX_REV,S13,T_1000,_T,PT_B1GQ,A,7.659
1995,SVN,TAX_REV,S13,T_1000,_T,PT_B1GQ,A,6.37
1996,SVN,TAX_REV,S13,T_1000,_T,PT_B1GQ,A,6.86
1997,SVN,TAX_REV,S13,T_1000,_T,PT_B1GQ,A,6.919
1998,SVN,TAX_REV,S13,T_1000,_T,PT_B1GQ,A,6.715
1999,SVN,TAX_REV,S13,T_1000,_T,PT_B1GQ,A,6.743
2000,SVN,TAX_REV,S13,T_1000,_T,PT_B1GQ,A,6.791
2001,SVN,TAX_REV,S13,T_1000,_T,PT_B1GQ,A,6.974
2002,SVN,TAX_REV,S13,T_1000,_T,PT_B1GQ,A,7.276
2003,SVN,TAX_REV,S13,T_1000,_T,PT_B1GQ,A,7.441
2004,SVN,TAX_REV,S13,T_1000,_T,PT_B1GQ,A,7.664
2005,SVN,TAX_REV,S13,T_1000,_T,PT_B1GQ,A,8.198
2006,SVN,TAX_REV,S13,T_1000,_T,PT_B1GQ,A,8.615
2007,SVN,TAX_REV,S13,T_1000,_T,PT_B1GQ,A,8.67
2008,SVN,TAX_REV,S13,T_1000,_T,PT_B1GQ,A,8.226
2009,SVN,TAX_REV,S13,T_1000,_T,PT_B1GQ,A,7.509
2010,SVN,TAX_REV,S13,T_1000,_T,PT_B1GQ,A,7.402
2011,SVN,TAX_REV,S13,T_1000,_T,PT_B1GQ,A,7.206
2012,SVN,TAX_REV,S13,T_1000,_T,PT_B1GQ,A,6.881
2013,SVN,TAX_REV,S13,T_1000,_T,PT_B1GQ,A,6.268
2014,SVN,TAX_REV,S13,T_1000,_T,PT_B1GQ,A,6.477
2015,SVN,TAX_REV,S13,T_1000,_T,PT_B1GQ,A,6.556
2016,SVN,TAX_REV,S13,T_1000,_T,PT_B1GQ,A,6.84
2017,SVN,TAX_REV,S13,T_1000,_T,PT_B1GQ,A,6.875
2018,SVN,TAX_REV,S13,T_1000,_T,PT_B1GQ,A,7.299
2019,SVN,TAX_REV,S13,T_1000,_T,PT_B1GQ,A,7.21
2020,SVN,TAX_REV,S13,T_1000,_T,PT_B1GQ,A,7.228
2021,SVN,TAX_REV,S13,T_1000,_T,PT_B1GQ,A,7.885
2022,SVN,TAX_REV,S13,T_1000,_T,PT_B1GQ,A,7.519
2023,SVN,TAX_REV,S13,T_1000,_T,PT_B1GQ,A,7.518
1990,ESP,TAX_REV,S13,T_1000,_T,PT_B1GQ,A,9.663
1991,ESP,TAX_REV,S13,T_1000,_T,PT_B1GQ,A,9.884
1992,ESP,TAX_REV,S13,T_1000,_T,PT_B1GQ,A,9.843
1993,ESP,TAX_REV,S13,T_1000,_T,PT_B1GQ,A,9.515
1994,ESP,TAX_REV,S13,T_1000,_T,PT_B1GQ,A,9.021
1995,ESP,TAX_REV,S13,T_1000,_T,PT_B1GQ,A,9.107
1996,ESP,TAX_REV,S13,T_1000,_T,PT_B1GQ,A,9.059
1997,ESP,TAX_REV,S13,T_1000,_T,PT_B1GQ,A,9.341
1998,ESP,TAX_REV,S13,T_1000,_T,PT_B1GQ,A,9.472
1999,ESP,TAX_REV,S13,T_1000,_T,PT_B1GQ,A,9.297
2000,ESP,TAX_REV,S13,T_1000,_T,PT_B1GQ,A,9.284
2001,ESP,TAX_REV,S13,T_1000,_T,PT_B1GQ,A,9.229
2002,ESP,TAX_REV,S13,T_1000,_T,PT_B1GQ,A,9.714
2003,ESP,TAX_REV,S13,T_1000,_T,PT_B1GQ,A,9.232
2004,ESP,TAX_REV,S13,T_1000,_T,PT_B1GQ,A,9.608
2005,ESP,TAX_REV,S13,T_1000,_T,PT_B1GQ,A,10.351
2006,ESP,TAX_REV,S13,T_1000,_T,PT_B1GQ,A,10.998
2007,ESP,TAX_REV,S13,T_1000,_T,PT_B1GQ,A,12.094
2008,ESP,TAX_REV,S13,T_1000,_T,PT_B1GQ,A,9.774
2009,ESP,TAX_REV,S13,T_1000,_T,PT_B1GQ,A,8.823
2010,ESP,TAX_REV,S13,T_1000,_T,PT_B1GQ,A,8.744
2011,ESP,TAX_REV,S13,T_1000,_T,PT_B1GQ,A,8.955
2012,ESP,TAX_REV,S13,T_1000,_T,PT_B1GQ,A,9.609
2013,ESP,TAX_REV,S13,T_1000,_T,PT_B1GQ,A,9.569
2014,ESP,TAX_REV,S13,T_1000,_T,PT_B1GQ,A,9.691
2015,ESP,TAX_REV,S13,T_1000,_T,PT_B1GQ,A,9.521
2016,ESP,TAX_REV,S13,T_1000,_T,PT_B1GQ,A,9.433
2017,ESP,TAX_REV,S13,T_1000,_T,PT_B1GQ,A,9.618
2018,ESP,TAX_REV,S13,T_1000,_T,PT_B1GQ,A,10.138
2019,ESP,TAX_REV,S13,T_1000,_T,PT_B1GQ,A,9.927
2020,ESP,TAX_REV,S13,T_1000,_T,PT_B1GQ,A,10.704
2021,ESP,TAX_REV,S13,T_1000,_T,PT_B1GQ,A,11.269
2022,ESP,TAX_REV,S13,T_1000,_T,PT_B1GQ,A,11.788
2023,ESP,TAX_REV,S13,T_1000,_T,PT_B1GQ,A,12.046
1990,SWE,TAX_REV,S13,T_1000,_T,PT_B1GQ,A,20.341
1991,SWE,TAX_REV,S13,T_1000,_T,PT_B1GQ,A,17.362
1992,SWE,TAX_REV,S13,T_1000,_T,PT_B1GQ,A,16.949
1993,SWE,TAX_REV,S13,T_1000,_T,PT_B1GQ,A,17.922
1994,SWE,TAX_REV,S13,T_1000,_T,PT_B1GQ,A,18.702
1995,SWE,TAX_REV,S13,T_1000,_T,PT_B1GQ,A,17.712
1996,SWE,TAX_REV,S13,T_1000,_T,PT_B1GQ,A,18.29
1997,SWE,TAX_REV,S13,T_1000,_T,PT_B1GQ,A,18.748
1998,SWE,TAX_REV,S13,T_1000,_T,PT_B1GQ,A,18.58
1999,SWE,TAX_REV,S13,T_1000,_T,PT_B1GQ,A,19.482
2000,SWE,TAX_REV,S13,T_1000,_T,PT_B1GQ,A,21.369
2001,SWE,TAX_REV,S13,T_1000,_T,PT_B1GQ,A,18.278
2002,SWE,TAX_REV,S13,T_1000,_T,PT_B1GQ,A,16.34
2003,SWE,TAX_REV,S13,T_1000,_T,PT_B1GQ,A,17.011
2004,SWE,TAX_REV,S13,T_1000,_T,PT_B1GQ,A,17.898
2005,SWE,TAX_REV,S13,T_1000,_T,PT_B1GQ,A,19.107
2006,SWE,TAX_REV,S13,T_1000,_T,PT_B1GQ,A,18.214
2007,SWE,TAX_REV,S13,T_1000,_T,PT_B1GQ,A,17.523
2008,SWE,TAX_REV,S13,T_1000,_T,PT_B1GQ,A,16.091
2009,SWE,TAX_REV,S13,T_1000,_T,PT_B1GQ,A,15.549
2010,SWE,TAX_REV,S13,T_1000,_T,PT_B1GQ,A,15.393
2011,SWE,TAX_REV,S13,T_1000,_T,PT_B1GQ,A,14.793
2012,SWE,TAX_REV,S13,T_1000,_T,PT_B1GQ,A,14.546
2013,SWE,TAX_REV,S13,T_1000,_T,PT_B1GQ,A,14.881
2014,SWE,TAX_REV,S13,T_1000,_T,PT_B1GQ,A,14.965
2015,SWE,TAX_REV,S13,T_1000,_T,PT_B1GQ,A,15.538
2016,SWE,TAX_REV,S13,T_1000,_T,PT_B1GQ,A,16.029
2017,SWE,TAX_REV,S13,T_1000,_T,PT_B1GQ,A,16.254
2018,SWE,TAX_REV,S13,T_1000,_T,PT_B1GQ,A,15.881
2019,SWE,TAX_REV,S13,T_1000,_T,PT_B1GQ,A,15.34
2020,SWE,TAX_REV,S13,T_1000,_T,PT_B1GQ,A,15.304
2021,SWE,TAX_REV,S13,T_1000,_T,PT_B1GQ,A,15.708
2022,SWE,TAX_REV,S13,T_1000,_T,PT_B1GQ,A,15.309
2023,SWE,TAX_REV,S13,T_1000,_T,PT_B1GQ,A,14.615
1990,CHE,TAX_REV,S13,T_1000,_T,PT_B1GQ,A,10.834
1991,CHE,TAX_REV,S13,T_1000,_T,PT_B1GQ,A,10.747
1992,CHE,TAX_REV,S13,T_1000,_T,PT_B1GQ,A,11.153
1993,CHE,TAX_REV,S13,T_1000,_T,PT_B1GQ,A,10.784
1994,CHE,TAX_REV,S13,T_1000,_T,PT_B1GQ,A,11.308
1995,CHE,TAX_REV,S13,T_1000,_T,PT_B1GQ,A,10.782
1996,CHE,TAX_REV,S13,T_1000,_T,PT_B1GQ,A,11.173
1997,CHE,TAX_REV,S13,T_1000,_T,PT_B1GQ,A,10.815
1998,CHE,TAX_REV,S13,T_1000,_T,PT_B1GQ,A,11.358
1999,CHE,TAX_REV,S13,T_1000,_T,PT_B1GQ,A,10.903
2000,CHE,TAX_REV,S13,T_1000,_T,PT_B1GQ,A,11.838
2001,CHE,TAX_REV,S13,T_1000,_T,PT_B1GQ,A,11.109
2002,CHE,TAX_REV,S13,T_1000,_T,PT_B1GQ,A,11.643
2003,CHE,TAX_REV,S13,T_1000,_T,PT_B1GQ,A,11.268
2004,CHE,TAX_REV,S13,T_1000,_T,PT_B1GQ,A,11.267
2005,CHE,TAX_REV,S13,T_1000,_T,PT_B1GQ,A,11.579
2006,CHE,TAX_REV,S13,T_1000,_T,PT_B1GQ,A,11.656
2007,CHE,TAX_REV,S13,T_1000,_T,PT_B1GQ,A,11.741
2008,CHE,TAX_REV,S13,T_1000,_T,PT_B1GQ,A,12.122
2009,CHE,TAX_REV,S13,T_1000,_T,PT_B1GQ,A,12.072
2010,CHE,TAX_REV,S13,T_1000,_T,PT_B1GQ,A,11.789
2011,CHE,TAX_REV,S13,T_1000,_T,PT_B1GQ,A,11.903
2012,CHE,TAX_REV,S13,T_1000,_T,PT_B1GQ,A,11.846
2013,CHE,TAX_REV,S13,T_1000,_T,PT_B1GQ,A,11.96
2014,CHE,TAX_REV,S13,T_1000,_T,PT_B1GQ,A,11.914
2015,CHE,TAX_REV,S13,T_1000,_T,PT_B1GQ,A,12.524
2016,CHE,TAX_REV,S13,T_1000,_T,PT_B1GQ,A,12.539
2017,CHE,TAX_REV,S13,T_1000,_T,PT_B1GQ,A,13.128
2018,CHE,TAX_REV,S13,T_1000,_T,PT_B1GQ,A,12.952
2019,CHE,TAX_REV,S13,T_1000,_T,PT_B1GQ,A,13.326
2020,CHE,TAX_REV,S13,T_1000,_T,PT_B1GQ,A,12.899
2021,CHE,TAX_REV,S13,T_1000,_T,PT_B1GQ,A,13.37
2022,CHE,TAX_REV,S13,T_1000,_T,PT_B1GQ,A,12.549
2023,CHE,TAX_REV,S13,T_1000,_T,PT_B1GQ,A,12.653
1990,TUR,TAX_REV,S13,T_1000,_T,PT_B1GQ,A,4.865
1991,TUR,TAX_REV,S13,T_1000,_T,PT_B1GQ,A,5.295
1992,TUR,TAX_REV,S13,T_1000,_T,PT_B1GQ,A,5.297
1993,TUR,TAX_REV,S13,T_1000,_T,PT_B1GQ,A,5.263
1994,TUR,TAX_REV,S13,T_1000,_T,PT_B1GQ,A,4.79
1995,TUR,TAX_REV,S13,T_1000,_T,PT_B1GQ,A,4.638
1996,TUR,TAX_REV,S13,T_1000,_T,PT_B1GQ,A,4.832
1997,TUR,TAX_REV,S13,T_1000,_T,PT_B1GQ,A,5.55
1998,TUR,TAX_REV,S13,T_1000,_T,PT_B1GQ,A,6.834
1999,TUR,TAX_REV,S13,T_1000,_T,PT_B1GQ,A,7.073
2000,TUR,TAX_REV,S13,T_1000,_T,PT_B1GQ,A,6.933
2001,TUR,TAX_REV,S13,T_1000,_T,PT_B1GQ,A,7.317
2002,TUR,TAX_REV,S13,T_1000,_T,PT_B1GQ,A,5.908
2003,TUR,TAX_REV,S13,T_1000,_T,PT_B1GQ,A,5.917
2004,TUR,TAX_REV,S13,T_1000,_T,PT_B1GQ,A,5.104
2005,TUR,TAX_REV,S13,T_1000,_T,PT_B1GQ,A,5.047
2006,TUR,TAX_REV,S13,T_1000,_T,PT_B1GQ,A,5.044
2007,TUR,TAX_REV,S13,T_1000,_T,PT_B1GQ,A,5.429
2008,TUR,TAX_REV,S13,T_1000,_T,PT_B1GQ,A,5.478
2009,TUR,TAX_REV,S13,T_1000,_T,PT_B1GQ,A,5.611
2010,TUR,TAX_REV,S13,T_1000,_T,PT_B1GQ,A,5.251
2011,TUR,TAX_REV,S13,T_1000,_T,PT_B1GQ,A,5.395
2012,TUR,TAX_REV,S13,T_1000,_T,PT_B1GQ,A,5.407
2013,TUR,TAX_REV,S13,T_1000,_T,PT_B1GQ,A,5.086
2014,TUR,TAX_REV,S13,T_1000,_T,PT_B1GQ,A,5.168
2015,TUR,TAX_REV,S13,T_1000,_T,PT_B1GQ,A,5.068
2016,TUR,TAX_REV,S13,T_1000,_T,PT_B1GQ,A,5.314
2017,TUR,TAX_REV,S13,T_1000,_T,PT_B1GQ,A,5.275
2018,TUR,TAX_REV,S13,T_1000,_T,PT_B1GQ,A,5.787
2019,TUR,TAX_REV,S13,T_1000,_T,PT_B1GQ,A,5.594
2020,TUR,TAX_REV,S13,T_1000,_T,PT_B1GQ,A,5.227
2021,TUR,TAX_REV,S13,T_1000,_T,PT_B1GQ,A,5.48
2022,TUR,TAX_REV,S13,T_1000,_T,PT_B1GQ,A,5.755
2023,TUR,TAX_REV,S13,T_1000,_T,PT_B1GQ,A,5.634
1990,GBR,TAX_REV,S13,T_1000,_T,PT_B1GQ,A,12.925
1991,GBR,TAX_REV,S13,T_1000,_T,PT_B1GQ,A,11.89
1992,GBR,TAX_REV,S13,T_1000,_T,PT_B1GQ,A,11.168
1993,GBR,TAX_REV,S13,T_1000,_T,PT_B1GQ,A,10.505
1994,GBR,TAX_REV,S13,T_1000,_T,PT_B1GQ,A,10.995
1995,GBR,TAX_REV,S13,T_1000,_T,PT_B1GQ,A,10.817
1996,GBR,TAX_REV,S13,T_1000,_T,PT_B1GQ,A,10.649
1997,GBR,TAX_REV,S13,T_1000,_T,PT_B1GQ,A,11.014
1998,GBR,TAX_REV,S13,T_1000,_T,PT_B1GQ,A,12.157
1999,GBR,TAX_REV,S13,T_1000,_T,PT_B1GQ,A,12.25
2000,GBR,TAX_REV,S13,T_1000,_T,PT_B1GQ,A,12.931
2001,GBR,TAX_REV,S13,T_1000,_T,PT_B1GQ,A,12.679
2002,GBR,TAX_REV,S13,T_1000,_T,PT_B1GQ,A,11.97
2003,GBR,TAX_REV,S13,T_1000,_T,PT_B1GQ,A,11.38
2004,GBR,TAX_REV,S13,T_1000,_T,PT_B1GQ,A,11.926
2005,GBR,TAX_REV,S13,T_1000,_T,PT_B1GQ,A,12.665
2006,GBR,TAX_REV,S13,T_1000,_T,PT_B1GQ,A,12.891
2007,GBR,TAX_REV,S13,T_1000,_T,PT_B1GQ,A,13.033
2008,GBR,TAX_REV,S13,T_1000,_T,PT_B1GQ,A,12.573
2009,GBR,TAX_REV,S13,T_1000,_T,PT_B1GQ,A,11.923
2010,GBR,TAX_REV,S13,T_1000,_T,PT_B1GQ,A,11.984
2011,GBR,TAX_REV,S13,T_1000,_T,PT_B1GQ,A,11.919
2012,GBR,TAX_REV,S13,T_1000,_T,PT_B1GQ,A,11.322
2013,GBR,TAX_REV,S13,T_1000,_T,PT_B1GQ,A,11.264
2014,GBR,TAX_REV,S13,T_1000,_T,PT_B1GQ,A,11.013
2015,GBR,TAX_REV,S13,T_1000,_T,PT_B1GQ,A,11.1
2016,GBR,TAX_REV,S13,T_1000,_T,PT_B1GQ,A,11.435
2017,GBR,TAX_REV,S13,T_1000,_T,PT_B1GQ,A,11.553
2018,GBR,TAX_REV,S13,T_1000,_T,PT_B1GQ,A,11.514
2019,GBR,TAX_REV,S13,T_1000,_T,PT_B1GQ,A,11.193
2020,GBR,TAX_REV,S13,T_1000,_T,PT_B1GQ,A,11.807
2021,GBR,TAX_REV,S13,T_1000,_T,PT_B1GQ,A,12.918
2022,GBR,TAX_REV,S13,T_1000,_T,PT_B1GQ,A,13.377
2023,GBR,TAX_REV,S13,T_1000,_T,PT_B1GQ,A,14.172
1990,USA,TAX_REV,S13,T_1000,_T,PT_B1GQ,A,11.768
1991,USA,TAX_REV,S13,T_1000,_T,PT_B1GQ,A,11.216
1992,USA,TAX_REV,S13,T_1000,_T,PT_B1GQ,A,11.148
1993,USA,TAX_REV,S13,T_1000,_T,PT_B1GQ,A,11.461
1994,USA,TAX_REV,S13,T_1000,_T,PT_B1GQ,A,11.619
1995,USA,TAX_REV,S13,T_1000,_T,PT_B1GQ,A,12.089
1996,USA,TAX_REV,S13,T_1000,_T,PT_B1GQ,A,12.752
1997,USA,TAX_REV,S13,T_1000,_T,PT_B1GQ,A,13.245
1998,USA,TAX_REV,S13,T_1000,_T,PT_B1GQ,A,13.6
1999,USA,TAX_REV,S13,T_1000,_T,PT_B1GQ,A,13.731
2000,USA,TAX_REV,S13,T_1000,_T,PT_B1GQ,A,14.183
2001,USA,TAX_REV,S13,T_1000,_T,PT_B1GQ,A,13.171
2002,USA,TAX_REV,S13,T_1000,_T,PT_B1GQ,A,10.948
2003,USA,TAX_REV,S13,T_1000,_T,PT_B1GQ,A,10.478
2004,USA,TAX_REV,S13,T_1000,_T,PT_B1GQ,A,10.71
2005,USA,TAX_REV,S13,T_1000,_T,PT_B1GQ,A,12.059
2006,USA,TAX_REV,S13,T_1000,_T,PT_B1GQ,A,12.804
2007,USA,TAX_REV,S13,T_1000,_T,PT_B1GQ,A,12.886
2008,USA,TAX_REV,S13,T_1000,_T,PT_B1GQ,A,11.828
2009,USA,TAX_REV,S13,T_1000,_T,PT_B1GQ,A,9.226
2010,USA,TAX_REV,S13,T_1000,_T,PT_B1GQ,A,9.892
2011,USA,TAX_REV,S13,T_1000,_T,PT_B1GQ,A,10.976
2012,USA,TAX_REV,S13,T_1000,_T,PT_B1GQ,A,11.207
2013,USA,TAX_REV,S13,T_1000,_T,PT_B1GQ,A,11.949
2014,USA,TAX_REV,S13,T_1000,_T,PT_B1GQ,A,12.326
2015,USA,TAX_REV,S13,T_1000,_T,PT_B1GQ,A,12.655
2016,USA,TAX_REV,S13,T_1000,_T,PT_B1GQ,A,12.304
2017,USA,TAX_REV,S13,T_1000,_T,PT_B1GQ,A,11.847
2018,USA,TAX_REV,S13,T_1000,_T,PT_B1GQ,A,11.365
2019,USA,TAX_REV,S13,T_1000,_T,PT_B1GQ,A,11.483
2020,USA,TAX_REV,S13,T_1000,_T,PT_B1GQ,A,11.911
2021,USA,TAX_REV,S13,T_1000,_T,PT_B1GQ,A,13.232
2022,USA,TAX_REV,S13,T_1000,_T,PT_B1GQ,A,14.197
2023,USA,TAX_REV,S13,T_1000,_T,PT_B1GQ,A,12.121
1991,ATG,TAX_REV,S13,T_1000,_T,PT_B1GQ,A,1.741
1992,ATG,TAX_REV,S13,T_1000,_T,PT_B1GQ,A,1.657
1993,ATG,TAX_REV,S13,T_1000,_T,PT_B1GQ,A,1.559
1994,ATG,TAX_REV,S13,T_1000,_T,PT_B1GQ,A,1.493
1995,ATG,TAX_REV,S13,T_1000,_T,PT_B1GQ,A,1.173
1996,ATG,TAX_REV,S13,T_1000,_T,PT_B1GQ,A,1.309
1997,ATG,TAX_REV,S13,T_1000,_T,PT_B1GQ,A,1.291
1998,ATG,TAX_REV,S13,T_1000,_T,PT_B1GQ,A,1.276
1999,ATG,TAX_REV,S13,T_1000,_T,PT_B1GQ,A,1.556
2000,ATG,TAX_REV,S13,T_1000,_T,PT_B1GQ,A,1.541
2001,ATG,TAX_REV,S13,T_1000,_T,PT_B1GQ,A,2.017
2002,ATG,TAX_REV,S13,T_1000,_T,PT_B1GQ,A,2.532
2003,ATG,TAX_REV,S13,T_1000,_T,PT_B1GQ,A,2.449
2004,ATG,TAX_REV,S13,T_1000,_T,PT_B1GQ,A,1.48
2005,ATG,TAX_REV,S13,T_1000,_T,PT_B1GQ,A,1.997
2006,ATG,TAX_REV,S13,T_1000,_T,PT_B1GQ,A,3.156
2007,ATG,TAX_REV,S13,T_1000,_T,PT_B1GQ,A,2.5
2008,ATG,TAX_REV,S13,T_1000,_T,PT_B1GQ,A,2.624
2009,ATG,TAX_REV,S13,T_1000,_T,PT_B1GQ,A,2.61
2010,ATG,TAX_REV,S13,T_1000,_T,PT_B1GQ,A,2.629
2011,ATG,TAX_REV,S13,T_1000,_T,PT_B1GQ,A,1.986
2012,ATG,TAX_REV,S13,T_1000,_T,PT_B1GQ,A,2.157
2013,ATG,TAX_REV,S13,T_1000,_T,PT_B1GQ,A,2.361
2014,ATG,TAX_REV,S13,T_1000,_T,PT_B1GQ,A,1.949
2015,ATG,TAX_REV,S13,T_1000,_T,PT_B1GQ,A,2.306
2016,ATG,TAX_REV,S13,T_1000,_T,PT_B1GQ,A,1.879
2017,ATG,TAX_REV,S13,T_1000,_T,PT_B1GQ,A,1.788
2018,ATG,TAX_REV,S13,T_1000,_T,PT_B1GQ,A,1.747
2019,ATG,TAX_REV,S13,T_1000,_T,PT_B1GQ,A,1.697
2020,ATG,TAX_REV,S13,T_1000,_T,PT_B1GQ,A,2.289
2021,ATG,TAX_REV,S13,T_1000,_T,PT_B1GQ,A,1.928
2022,ATG,TAX_REV,S13,T_1000,_T,PT_B1GQ,A,1.406
2023,ATG,TAX_REV,S13,T_1000,_T,PT_B1GQ,A,1.968
1990,ARG,TAX_REV,S13,T_1000,_T,PT_B1GQ,A,0.703
1991,ARG,TAX_REV,S13,T_1000,_T,PT_B1GQ,A,1.032
1992,ARG,TAX_REV,S13,T_1000,_T,PT_B1GQ,A,1.326
1993,ARG,TAX_REV,S13,T_1000,_T,PT_B1GQ,A,1.816
1994,ARG,TAX_REV,S13,T_1000,_T,PT_B1GQ,A,2.182
1995,ARG,TAX_REV,S13,T_1000,_T,PT_B1GQ,A,2.244
1996,ARG,TAX_REV,S13,T_1000,_T,PT_B1GQ,A,2.296
1997,ARG,TAX_REV,S13,T_1000,_T,PT_B1GQ,A,2.592
1998,ARG,TAX_REV,S13,T_1000,_T,PT_B1GQ,A,2.874
1999,ARG,TAX_REV,S13,T_1000,_T,PT_B1GQ,A,3.18
2000,ARG,TAX_REV,S13,T_1000,_T,PT_B1GQ,A,3.557
2001,ARG,TAX_REV,S13,T_1000,_T,PT_B1GQ,A,3.568
2002,ARG,TAX_REV,S13,T_1000,_T,PT_B1GQ,A,2.722
2003,ARG,TAX_REV,S13,T_1000,_T,PT_B1GQ,A,3.847
2004,ARG,TAX_REV,S13,T_1000,_T,PT_B1GQ,A,4.857
2005,ARG,TAX_REV,S13,T_1000,_T,PT_B1GQ,A,5.013
2006,ARG,TAX_REV,S13,T_1000,_T,PT_B1GQ,A,4.856
2007,ARG,TAX_REV,S13,T_1000,_T,PT_B1GQ,A,4.931
2008,ARG,TAX_REV,S13,T_1000,_T,PT_B1GQ,A,4.76
2009,ARG,TAX_REV,S13,T_1000,_T,PT_B1GQ,A,4.558
2010,ARG,TAX_REV,S13,T_1000,_T,PT_B1GQ,A,4.72
2011,ARG,TAX_REV,S13,T_1000,_T,PT_B1GQ,A,5.054
2012,ARG,TAX_REV,S13,T_1000,_T,PT_B1GQ,A,5.311
2013,ARG,TAX_REV,S13,T_1000,_T,PT_B1GQ,A,5.546
2014,ARG,TAX_REV,S13,T_1000,_T,PT_B1GQ,A,5.892
2015,ARG,TAX_REV,S13,T_1000,_T,PT_B1GQ,A,6.458
2016,ARG,TAX_REV,S13,T_1000,_T,PT_B1GQ,A,5.31
2017,ARG,TAX_REV,S13,T_1000,_T,PT_B1GQ,A,5.251
2018,ARG,TAX_REV,S13,T_1000,_T,PT_B1GQ,A,5.066
2019,ARG,TAX_REV,S13,T_1000,_T,PT_B1GQ,A,5.116
2020,ARG,TAX_REV,S13,T_1000,_T,PT_B1GQ,A,5.404
2021,ARG,TAX_REV,S13,T_1000,_T,PT_B1GQ,A,5.089
2022,ARG,TAX_REV,S13,T_1000,_T,PT_B1GQ,A,5.72
2023,ARG,TAX_REV,S13,T_1000,_T,PT_B1GQ,A,4.606
2010,ARM,TAX_REV,S13,T_1000,_T,PT_B1GQ,A,4.386
2011,ARM,TAX_REV,S13,T_1000,_T,PT_B1GQ,A,4.739
2012,ARM,TAX_REV,S13,T_1000,_T,PT_B1GQ,A,4.93
2013,ARM,TAX_REV,S13,T_1000,_T,PT_B1GQ,A,8.373
2014,ARM,TAX_REV,S13,T_1000,_T,PT_B1GQ,A,8.391
2015,ARM,TAX_REV,S13,T_1000,_T,PT_B1GQ,A,8.404
2016,ARM,TAX_REV,S13,T_1000,_T,PT_B1GQ,A,9.077
2017,ARM,TAX_REV,S13,T_1000,_T,PT_B1GQ,A,8.109
2018,ARM,TAX_REV,S13,T_1000,_T,PT_B1GQ,A,8.754
2019,ARM,TAX_REV,S13,T_1000,_T,PT_B1GQ,A,9.041
2020,ARM,TAX_REV,S13,T_1000,_T,PT_B1GQ,A,9.058
2021,ARM,TAX_REV,S13,T_1000,_T,PT_B1GQ,A,8.366
2022,ARM,TAX_REV,S13,T_1000,_T,PT_B1GQ,A,8.209
2023,ARM,TAX_REV,S13,T_1000,_T,PT_B1GQ,A,9.268
2014,AZE,TAX_REV,S13,T_1000,_T,PT_B1GQ,A,5.563
2015,AZE,TAX_REV,S13,T_1000,_T,PT_B1GQ,A,5.873
2016,AZE,TAX_REV,S13,T_1000,_T,PT_B1GQ,A,5.178
2017,AZE,TAX_REV,S13,T_1000,_T,PT_B1GQ,A,4.729
2018,AZE,TAX_REV,S13,T_1000,_T,PT_B1GQ,A,4.364
2019,AZE,TAX_REV,S13,T_1000,_T,PT_B1GQ,A,4.271
2020,AZE,TAX_REV,S13,T_1000,_T,PT_B1GQ,A,4.826
2021,AZE,TAX_REV,S13,T_1000,_T,PT_B1GQ,A,4.456
2022,AZE,TAX_REV,S13,T_1000,_T,PT_B1GQ,A,7.462
2023,AZE,TAX_REV,S13,T_1000,_T,PT_B1GQ,A,7.865
2000,BGD,TAX_REV,S13,T_1000,_T,PT_B1GQ,A,1.003
2001,BGD,TAX_REV,S13,T_1000,_T,PT_B1GQ,A,1.006
2002,BGD,TAX_REV,S13,T_1000,_T,PT_B1GQ,A,1.015
2003,BGD,TAX_REV,S13,T_1000,_T,PT_B1GQ,A,1.025
2004,BGD,TAX_REV,S13,T_1000,_T,PT_B1GQ,A,1.09
2005,BGD,TAX_REV,S13,T_1000,_T,PT_B1GQ,A,1.24
2006,BGD,TAX_REV,S13,T_1000,_T,PT_B1GQ,A,1.324
2007,BGD,TAX_REV,S13,T_1000,_T,PT_B1GQ,A,1.559
2008,BGD,TAX_REV,S13,T_1000,_T,PT_B1GQ,A,1.641
2009,BGD,TAX_REV,S13,T_1000,_T,PT_B1GQ,A,1.784
2010,BGD,TAX_REV,S13,T_1000,_T,PT_B1GQ,A,2.097
2011,BGD,TAX_REV,S13,T_1000,_T,PT_B1GQ,A,2.267
2012,BGD,TAX_REV,S13,T_1000,_T,PT_B1GQ,A,2.585
2013,BGD,TAX_REV,S13,T_1000,_T,PT_B1GQ,A,2.684
2014,BGD,TAX_REV,S13,T_1000,_T,PT_B1GQ,A,2.615
2015,BGD,TAX_REV,S13,T_1000,_T,PT_B1GQ,A,2.473
2016,BGD,TAX_REV,S13,T_1000,_T,PT_B1GQ,A,2.27
2017,BGD,TAX_REV,S13,T_1000,_T,PT_B1GQ,A,2.317
2018,BGD,TAX_REV,S13,T_1000,_T,PT_B1GQ,A,2.34
2019,BGD,TAX_REV,S13,T_1000,_T,PT_B1GQ,A,2.224
2020,BGD,TAX_REV,S13,T_1000,_T,PT_B1GQ,A,2.456
2021,BGD,TAX_REV,S13,T_1000,_T,PT_B1GQ,A,2.419
2022,BGD,TAX_REV,S13,T_1000,_T,PT_B1GQ,A,2.376
2023,BGD,TAX_REV,S13,T_1000,_T,PT_B1GQ,A,2.463
1990,BRB,TAX_REV,S13,T_1000,_T,PT_B1GQ,A,5.968
1991,BRB,TAX_REV,S13,T_1000,_T,PT_B1GQ,A,7.146
1992,BRB,TAX_REV,S13,T_1000,_T,PT_B1GQ,A,6.906
1993,BRB,TAX_REV,S13,T_1000,_T,PT_B1GQ,A,6.717
1994,BRB,TAX_REV,S13,T_1000,_T,PT_B1GQ,A,7.377
1995,BRB,TAX_REV,S13,T_1000,_T,PT_B1GQ,A,7.895
1996,BRB,TAX_REV,S13,T_1000,_T,PT_B1GQ,A,7.787
1997,BRB,TAX_REV,S13,T_1000,_T,PT_B1GQ,A,7.776
1998,BRB,TAX_REV,S13,T_1000,_T,PT_B1GQ,A,7.603
1999,BRB,TAX_REV,S13,T_1000,_T,PT_B1GQ,A,8.156
2000,BRB,TAX_REV,S13,T_1000,_T,PT_B1GQ,A,9.048
2001,BRB,TAX_REV,S13,T_1000,_T,PT_B1GQ,A,8.815
2002,BRB,TAX_REV,S13,T_1000,_T,PT_B1GQ,A,9.11
2003,BRB,TAX_REV,S13,T_1000,_T,PT_B1GQ,A,8.377
2004,BRB,TAX_REV,S13,T_1000,_T,PT_B1GQ,A,8.229
2005,BRB,TAX_REV,S13,T_1000,_T,PT_B1GQ,A,8.326
2006,BRB,TAX_REV,S13,T_1000,_T,PT_B1GQ,A,8.515
2007,BRB,TAX_REV,S13,T_1000,_T,PT_B1GQ,A,8.924
2008,BRB,TAX_REV,S13,T_1000,_T,PT_B1GQ,A,8.627
2009,BRB,TAX_REV,S13,T_1000,_T,PT_B1GQ,A,8.243
2010,BRB,TAX_REV,S13,T_1000,_T,PT_B1GQ,A,7.392
2011,BRB,TAX_REV,S13,T_1000,_T,PT_B1GQ,A,7.486
2012,BRB,TAX_REV,S13,T_1000,_T,PT_B1GQ,A,7.274
2013,BRB,TAX_REV,S13,T_1000,_T,PT_B1GQ,A,6.15
2014,BRB,TAX_REV,S13,T_1000,_T,PT_B1GQ,A,6.338
2015,BRB,TAX_REV,S13,T_1000,_T,PT_B1GQ,A,6.736
2016,BRB,TAX_REV,S13,T_1000,_T,PT_B1GQ,A,7.462
2017,BRB,TAX_REV,S13,T_1000,_T,PT_B1GQ,A,7.056
2018,BRB,TAX_REV,S13,T_1000,_T,PT_B1GQ,A,8.122
2019,BRB,TAX_REV,S13,T_1000,_T,PT_B1GQ,A,6.987
2020,BRB,TAX_REV,S13,T_1000,_T,PT_B1GQ,A,10.158
2021,BRB,TAX_REV,S13,T_1000,_T,PT_B1GQ,A,7.941
2022,BRB,TAX_REV,S13,T_1000,_T,PT_B1GQ,A,8.632
2023,BRB,TAX_REV,S13,T_1000,_T,PT_B1GQ,A,8.084
1990,BLZ,TAX_REV,S13,T_1000,_T,PT_B1GQ,A,3.426
1991,BLZ,TAX_REV,S13,T_1000,_T,PT_B1GQ,A,3.186
1992,BLZ,TAX_REV,S13,T_1000,_T,PT_B1GQ,A,3.145
1993,BLZ,TAX_REV,S13,T_1000,_T,PT_B1GQ,A,3.914
1994,BLZ,TAX_REV,S13,T_1000,_T,PT_B1GQ,A,3.976
1995,BLZ,TAX_REV,S13,T_1000,_T,PT_B1GQ,A,3.563
1996,BLZ,TAX_REV,S13,T_1000,_T,PT_B1GQ,A,3.076
1997,BLZ,TAX_REV,S13,T_1000,_T,PT_B1GQ,A,2.999
1998,BLZ,TAX_REV,S13,T_1000,_T,PT_B1GQ,A,3.506
1999,BLZ,TAX_REV,S13,T_1000,_T,PT_B1GQ,A,3.277
2000,BLZ,TAX_REV,S13,T_1000,_T,PT_B1GQ,A,3.479
2001,BLZ,TAX_REV,S13,T_1000,_T,PT_B1GQ,A,3.352
2002,BLZ,TAX_REV,S13,T_1000,_T,PT_B1GQ,A,3.242
2003,BLZ,TAX_REV,S13,T_1000,_T,PT_B1GQ,A,3.612
2004,BLZ,TAX_REV,S13,T_1000,_T,PT_B1GQ,A,3.631
2005,BLZ,TAX_REV,S13,T_1000,_T,PT_B1GQ,A,4.414
2006,BLZ,TAX_REV,S13,T_1000,_T,PT_B1GQ,A,4.281
2007,BLZ,TAX_REV,S13,T_1000,_T,PT_B1GQ,A,5.274
2008,BLZ,TAX_REV,S13,T_1000,_T,PT_B1GQ,A,5.624
2009,BLZ,TAX_REV,S13,T_1000,_T,PT_B1GQ,A,6.235
2010,BLZ,TAX_REV,S13,T_1000,_T,PT_B1GQ,A,7.059
2011,BLZ,TAX_REV,S13,T_1000,_T,PT_B1GQ,A,6.844
2012,BLZ,TAX_REV,S13,T_1000,_T,PT_B1GQ,A,6.023
2013,BLZ,TAX_REV,S13,T_1000,_T,PT_B1GQ,A,5.992
2014,BLZ,TAX_REV,S13,T_1000,_T,PT_B1GQ,A,6.36
2015,BLZ,TAX_REV,S13,T_1000,_T,PT_B1GQ,A,5.767
2016,BLZ,TAX_REV,S13,T_1000,_T,PT_B1GQ,A,5.802
2017,BLZ,TAX_REV,S13,T_1000,_T,PT_B1GQ,A,5.911
2018,BLZ,TAX_REV,S13,T_1000,_T,PT_B1GQ,A,6.174
2019,BLZ,TAX_REV,S13,T_1000,_T,PT_B1GQ,A,6.329
2020,BLZ,TAX_REV,S13,T_1000,_T,PT_B1GQ,A,5.541
2021,BLZ,TAX_REV,S13,T_1000,_T,PT_B1GQ,A,4.428
2022,BLZ,TAX_REV,S13,T_1000,_T,PT_B1GQ,A,5.323
2023,BLZ,TAX_REV,S13,T_1000,_T,PT_B1GQ,A,5.562
1990,BTN,TAX_REV,S13,T_1000,_T,PT_B1GQ,A,1.232
1991,BTN,TAX_REV,S13,T_1000,_T,PT_B1GQ,A,2.057
1992,BTN,TAX_REV,S13,T_1000,_T,PT_B1GQ,A,2.013
1993,BTN,TAX_REV,S13,T_1000,_T,PT_B1GQ,A,1.86
1994,BTN,TAX_REV,S13,T_1000,_T,PT_B1GQ,A,2.235
1995,BTN,TAX_REV,S13,T_1000,_T,PT_B1GQ,A,3.721
1996,BTN,TAX_REV,S13,T_1000,_T,PT_B1GQ,A,3.516
1997,BTN,TAX_REV,S13,T_1000,_T,PT_B1GQ,A,4.239
1998,BTN,TAX_REV,S13,T_1000,_T,PT_B1GQ,A,3.918
1999,BTN,TAX_REV,S13,T_1000,_T,PT_B1GQ,A,5.168
2000,BTN,TAX_REV,S13,T_1000,_T,PT_B1GQ,A,5.536
2001,BTN,TAX_REV,S13,T_1000,_T,PT_B1GQ,A,5.449
2002,BTN,TAX_REV,S13,T_1000,_T,PT_B1GQ,A,4.771
2003,BTN,TAX_REV,S13,T_1000,_T,PT_B1GQ,A,4.814
2004,BTN,TAX_REV,S13,T_1000,_T,PT_B1GQ,A,4.293
2005,BTN,TAX_REV,S13,T_1000,_T,PT_B1GQ,A,4.545
2006,BTN,TAX_REV,S13,T_1000,_T,PT_B1GQ,A,4.457
2007,BTN,TAX_REV,S13,T_1000,_T,PT_B1GQ,A,4.663
2008,BTN,TAX_REV,S13,T_1000,_T,PT_B1GQ,A,5.391
2009,BTN,TAX_REV,S13,T_1000,_T,PT_B1GQ,A,8.394
2010,BTN,TAX_REV,S13,T_1000,_T,PT_B1GQ,A,8.126
2011,BTN,TAX_REV,S13,T_1000,_T,PT_B1GQ,A,7.495
2012,BTN,TAX_REV,S13,T_1000,_T,PT_B1GQ,A,6.991
2013,BTN,TAX_REV,S13,T_1000,_T,PT_B1GQ,A,7.616
2014,BTN,TAX_REV,S13,T_1000,_T,PT_B1GQ,A,7.176
2015,BTN,TAX_REV,S13,T_1000,_T,PT_B1GQ,A,6.92
2016,BTN,TAX_REV,S13,T_1000,_T,PT_B1GQ,A,6.33
2017,BTN,TAX_REV,S13,T_1000,_T,PT_B1GQ,A,6.837
2018,BTN,TAX_REV,S13,T_1000,_T,PT_B1GQ,A,6.474
2019,BTN,TAX_REV,S13,T_1000,_T,PT_B1GQ,A,5.839
2020,BTN,TAX_REV,S13,T_1000,_T,PT_B1GQ,A,4.981
2021,BTN,TAX_REV,S13,T_1000,_T,PT_B1GQ,A,6.163
2022,BTN,TAX_REV,S13,T_1000,_T,PT_B1GQ,A,6.138
2023,BTN,TAX_REV,S13,T_1000,_T,PT_B1GQ,A,6.411
1990,BOL,TAX_REV,S13,T_1000,_T,PT_B1GQ,A,0.438
1991,BOL,TAX_REV,S13,T_1000,_T,PT_B1GQ,A,0.478
1992,BOL,TAX_REV,S13,T_1000,_T,PT_B1GQ,A,0.499
1993,BOL,TAX_REV,S13,T_1000,_T,PT_B1GQ,A,0.638
1994,BOL,TAX_REV,S13,T_1000,_T,PT_B1GQ,A,0.701
1995,BOL,TAX_REV,S13,T_1000,_T,PT_B1GQ,A,0.727
1996,BOL,TAX_REV,S13,T_1000,_T,PT_B1GQ,A,1.827
1997,BOL,TAX_REV,S13,T_1000,_T,PT_B1GQ,A,2.175
1998,BOL,TAX_REV,S13,T_1000,_T,PT_B1GQ,A,2.399
1999,BOL,TAX_REV,S13,T_1000,_T,PT_B1GQ,A,2.588
2000,BOL,TAX_REV,S13,T_1000,_T,PT_B1GQ,A,2.328
2001,BOL,TAX_REV,S13,T_1000,_T,PT_B1GQ,A,2.181
2002,BOL,TAX_REV,S13,T_1000,_T,PT_B1GQ,A,2.105
2003,BOL,TAX_REV,S13,T_1000,_T,PT_B1GQ,A,2.039
2004,BOL,TAX_REV,S13,T_1000,_T,PT_B1GQ,A,2.409
2005,BOL,TAX_REV,S13,T_1000,_T,PT_B1GQ,A,3.094
2006,BOL,TAX_REV,S13,T_1000,_T,PT_B1GQ,A,3.405
2007,BOL,TAX_REV,S13,T_1000,_T,PT_B1GQ,A,3.333
2008,BOL,TAX_REV,S13,T_1000,_T,PT_B1GQ,A,4.093
2009,BOL,TAX_REV,S13,T_1000,_T,PT_B1GQ,A,5.366
2010,BOL,TAX_REV,S13,T_1000,_T,PT_B1GQ,A,4.565
2011,BOL,TAX_REV,S13,T_1000,_T,PT_B1GQ,A,4.768
2012,BOL,TAX_REV,S13,T_1000,_T,PT_B1GQ,A,5.172
2013,BOL,TAX_REV,S13,T_1000,_T,PT_B1GQ,A,5.496
2014,BOL,TAX_REV,S13,T_1000,_T,PT_B1GQ,A,5.58
2015,BOL,TAX_REV,S13,T_1000,_T,PT_B1GQ,A,5.617
2016,BOL,TAX_REV,S13,T_1000,_T,PT_B1GQ,A,4.637
2017,BOL,TAX_REV,S13,T_1000,_T,PT_B1GQ,A,3.917
2018,BOL,TAX_REV,S13,T_1000,_T,PT_B1GQ,A,3.804
2019,BOL,TAX_REV,S13,T_1000,_T,PT_B1GQ,A,4.019
2020,BOL,TAX_REV,S13,T_1000,_T,PT_B1GQ,A,2.924
2021,BOL,TAX_REV,S13,T_1000,_T,PT_B1GQ,A,2.738
2022,BOL,TAX_REV,S13,T_1000,_T,PT_B1GQ,A,3.419
2023,BOL,TAX_REV,S13,T_1000,_T,PT_B1GQ,A,2.888
2004,BWA,TAX_REV,S13,T_1000,_T,PT_B1GQ,A,10.524
2005,BWA,TAX_REV,S13,T_1000,_T,PT_B1GQ,A,11.28
2006,BWA,TAX_REV,S13,T_1000,_T,PT_B1GQ,A,11.5
2007,BWA,TAX_REV,S13,T_1000,_T,PT_B1GQ,A,9.47
2008,BWA,TAX_REV,S13,T_1000,_T,PT_B1GQ,A,11.024
2009,BWA,TAX_REV,S13,T_1000,_T,PT_B1GQ,A,10.452
2010,BWA,TAX_REV,S13,T_1000,_T,PT_B1GQ,A,10.358
2011,BWA,TAX_REV,S13,T_1000,_T,PT_B1GQ,A,10.803
2012,BWA,TAX_REV,S13,T_1000,_T,PT_B1GQ,A,9.105
2013,BWA,TAX_REV,S13,T_1000,_T,PT_B1GQ,A,10.961
2014,BWA,TAX_REV,S13,T_1000,_T,PT_B1GQ,A,11.475
2015,BWA,TAX_REV,S13,T_1000,_T,PT_B1GQ,A,9.128
2016,BWA,TAX_REV,S13,T_1000,_T,PT_B1GQ,A,10.17
2017,BWA,TAX_REV,S13,T_1000,_T,PT_B1GQ,A,8.177
2018,BWA,TAX_REV,S13,T_1000,_T,PT_B1GQ,A,8.602
2019,BWA,TAX_REV,S13,T_1000,_T,PT_B1GQ,A,8.646
2020,BWA,TAX_REV,S13,T_1000,_T,PT_B1GQ,A,7.445
2021,BWA,TAX_REV,S13,T_1000,_T,PT_B1GQ,A,9.225
2022,BWA,TAX_REV,S13,T_1000,_T,PT_B1GQ,A,8.757
1990,BRA,TAX_REV,S13,T_1000,_T,PT_B1GQ,A,5.093
1991,BRA,TAX_REV,S13,T_1000,_T,PT_B1GQ,A,3.723
1992,BRA,TAX_REV,S13,T_1000,_T,PT_B1GQ,A,4.521
1993,BRA,TAX_REV,S13,T_1000,_T,PT_B1GQ,A,4.73
1994,BRA,TAX_REV,S13,T_1000,_T,PT_B1GQ,A,5.001
1995,BRA,TAX_REV,S13,T_1000,_T,PT_B1GQ,A,5.206
1996,BRA,TAX_REV,S13,T_1000,_T,PT_B1GQ,A,4.963
1997,BRA,TAX_REV,S13,T_1000,_T,PT_B1GQ,A,4.82
1998,BRA,TAX_REV,S13,T_1000,_T,PT_B1GQ,A,5.414
1999,BRA,TAX_REV,S13,T_1000,_T,PT_B1GQ,A,5.698
2000,BRA,TAX_REV,S13,T_1000,_T,PT_B1GQ,A,5.727
2001,BRA,TAX_REV,S13,T_1000,_T,PT_B1GQ,A,6.015
2002,BRA,TAX_REV,S13,T_1000,_T,PT_B1GQ,A,6.445
2003,BRA,TAX_REV,S13,T_1000,_T,PT_B1GQ,A,6.224
2004,BRA,TAX_REV,S13,T_1000,_T,PT_B1GQ,A,6.114
2005,BRA,TAX_REV,S13,T_1000,_T,PT_B1GQ,A,6.867
2006,BRA,TAX_REV,S13,T_1000,_T,PT_B1GQ,A,6.738
2007,BRA,TAX_REV,S13,T_1000,_T,PT_B1GQ,A,7.097
2008,BRA,TAX_REV,S13,T_1000,_T,PT_B1GQ,A,7.552
2009,BRA,TAX_REV,S13,T_1000,_T,PT_B1GQ,A,7.033
2010,BRA,TAX_REV,S13,T_1000,_T,PT_B1GQ,A,6.658
2011,BRA,TAX_REV,S13,T_1000,_T,PT_B1GQ,A,7.182
2012,BRA,TAX_REV,S13,T_1000,_T,PT_B1GQ,A,6.677
2013,BRA,TAX_REV,S13,T_1000,_T,PT_B1GQ,A,6.763
2014,BRA,TAX_REV,S13,T_1000,_T,PT_B1GQ,A,6.607
2015,BRA,TAX_REV,S13,T_1000,_T,PT_B1GQ,A,6.688
2016,BRA,TAX_REV,S13,T_1000,_T,PT_B1GQ,A,7.228
2017,BRA,TAX_REV,S13,T_1000,_T,PT_B1GQ,A,6.965
2018,BRA,TAX_REV,S13,T_1000,_T,PT_B1GQ,A,7.006
2019,BRA,TAX_REV,S13,T_1000,_T,PT_B1GQ,A,7.28
2020,BRA,TAX_REV,S13,T_1000,_T,PT_B1GQ,A,6.907
2021,BRA,TAX_REV,S13,T_1000,_T,PT_B1GQ,A,7.746
2022,BRA,TAX_REV,S13,T_1000,_T,PT_B1GQ,A,9.018
2023,BRA,TAX_REV,S13,T_1000,_T,PT_B1GQ,A,8.664
1995,BGR,TAX_REV,S13,T_1000,_T,PT_B1GQ,A,4.969
1996,BGR,TAX_REV,S13,T_1000,_T,PT_B1GQ,A,5.711
1997,BGR,TAX_REV,S13,T_1000,_T,PT_B1GQ,A,12.051
1998,BGR,TAX_REV,S13,T_1000,_T,PT_B1GQ,A,9.872
1999,BGR,TAX_REV,S13,T_1000,_T,PT_B1GQ,A,10.174
2000,BGR,TAX_REV,S13,T_1000,_T,PT_B1GQ,A,9.678
2001,BGR,TAX_REV,S13,T_1000,_T,PT_B1GQ,A,9.739
2002,BGR,TAX_REV,S13,T_1000,_T,PT_B1GQ,A,8.664
2003,BGR,TAX_REV,S13,T_1000,_T,PT_B1GQ,A,6.203
2004,BGR,TAX_REV,S13,T_1000,_T,PT_B1GQ,A,5.525
2005,BGR,TAX_REV,S13,T_1000,_T,PT_B1GQ,A,5.039
2006,BGR,TAX_REV,S13,T_1000,_T,PT_B1GQ,A,5.446
2007,BGR,TAX_REV,S13,T_1000,_T,PT_B1GQ,A,6.107
2008,BGR,TAX_REV,S13,T_1000,_T,PT_B1GQ,A,5.636
2009,BGR,TAX_REV,S13,T_1000,_T,PT_B1GQ,A,4.882
2010,BGR,TAX_REV,S13,T_1000,_T,PT_B1GQ,A,4.548
2011,BGR,TAX_REV,S13,T_1000,_T,PT_B1GQ,A,4.493
2012,BGR,TAX_REV,S13,T_1000,_T,PT_B1GQ,A,4.485
1990,AUS,TAX_REV,S13,T_4000,_T,PT_B1GQ,A,2.511
1991,AUS,TAX_REV,S13,T_4000,_T,PT_B1GQ,A,2.602
1992,AUS,TAX_REV,S13,T_4000,_T,PT_B1GQ,A,2.61
1993,AUS,TAX_REV,S13,T_4000,_T,PT_B1GQ,A,2.729
1994,AUS,TAX_REV,S13,T_4000,_T,PT_B1GQ,A,2.548
1995,AUS,TAX_REV,S13,T_4000,_T,PT_B1GQ,A,2.482
1996,AUS,TAX_REV,S13,T_4000,_T,PT_B1GQ,A,2.593
1997,AUS,TAX_REV,S13,T_4000,_T,PT_B1GQ,A,2.631
1998,AUS,TAX_REV,S13,T_4000,_T,PT_B1GQ,A,2.642
1999,AUS,TAX_REV,S13,T_4000,_T,PT_B1GQ,A,2.738
2000,AUS,TAX_REV,S13,T_4000,_T,PT_B1GQ,A,2.661
2001,AUS,TAX_REV,S13,T_4000,_T,PT_B1GQ,A,2.539
2002,AUS,TAX_REV,S13,T_4000,_T,PT_B1GQ,A,2.667
2003,AUS,TAX_REV,S13,T_4000,_T,PT_B1GQ,A,2.823
2004,AUS,TAX_REV,S13,T_4000,_T,PT_B1GQ,A,2.622
2005,AUS,TAX_REV,S13,T_4000,_T,PT_B1GQ,A,2.569
2006,AUS,TAX_REV,S13,T_4000,_T,PT_B1GQ,A,2.69
2007,AUS,TAX_REV,S13,T_4000,_T,PT_B1GQ,A,2.639
2008,AUS,TAX_REV,S13,T_4000,_T,PT_B1GQ,A,2.212
2009,AUS,TAX_REV,S13,T_4000,_T,PT_B1GQ,A,2.445
2010,AUS,TAX_REV,S13,T_4000,_T,PT_B1GQ,A,2.361
2011,AUS,TAX_REV,S13,T_4000,_T,PT_B1GQ,A,2.238
2012,AUS,TAX_REV,S13,T_4000,_T,PT_B1GQ,A,2.342
2013,AUS,TAX_REV,S13,T_4000,_T,PT_B1GQ,A,2.559
2014,AUS,TAX_REV,S13,T_4000,_T,PT_B1GQ,A,2.786
2015,AUS,TAX_REV,S13,T_4000,_T,PT_B1GQ,A,2.964
2016,AUS,TAX_REV,S13,T_4000,_T,PT_B1GQ,A,2.959
2017,AUS,TAX_REV,S13,T_4000,_T,PT_B1GQ,A,2.87
2018,AUS,TAX_REV,S13,T_4000,_T,PT_B1GQ,A,2.724
2019,AUS,TAX_REV,S13,T_4000,_T,PT_B1GQ,A,2.72
2008,AUT,TAX_REV,S13,T_4000,_T,PT_B1GQ,A,0.522
2009,AUT,TAX_REV,S13,T_4000,_T,PT_B1GQ,A,0.525
2010,AUT,TAX_REV,S13,T_4000,_T,PT_B1GQ,A,0.525
2011,AUT,TAX_REV,S13,T_4000,_T,PT_B1GQ,A,0.508
2012,AUT,TAX_REV,S13,T_4000,_T,PT_B1GQ,A,0.554
2013,AUT,TAX_REV,S13,T_4000,_T,PT_B1GQ,A,0.723
2014,AUT,TAX_REV,S13,T_4000,_T,PT_B1GQ,A,0.597
2015,AUT,TAX_REV,S13,T_4000,_T,PT_B1GQ,A,0.571
2016,AUT,TAX_REV,S13,T_4000,_T,PT_B1GQ,A,0.546
2017,AUT,TAX_REV,S13,T_4000,_T,PT_B1GQ,A,0.526
2018,AUT,TAX_REV,S13,T_4000,_T,PT_B1GQ,A,0.545
2019,AUT,TAX_REV,S13,T_4000,_T,PT_B1GQ,A,0.543
2020,AUT,TAX_REV,S13,T_4000,_T,PT_B1GQ,A,0.576
2021,AUT,TAX_REV,S13,T_4000,_T,PT_B1GQ,A,0.631
2022,AUT,TAX_REV,S13,T_4000,_T,PT_B1GQ,A,0.589
2023,AUT,TAX_REV,S13,T_4000,_T,PT_B1GQ,A,0.46
1990,BEL,TAX_REV,S13,T_4000,_T,PT_B1GQ,A,1.575
1991,BEL,TAX_REV,S13,T_4000,_T,PT_B1GQ,A,1.539
1992,BEL,TAX_REV,S13,T_4000,_T,PT_B1GQ,A,1.527
1993,BEL,TAX_REV,S13,T_4000,_T,PT_B1GQ,A,1.685
1994,BEL,TAX_REV,S13,T_4000,_T,PT_B1GQ,A,1.729
1995,BEL,TAX_REV,S13,T_4000,_T,PT_B1GQ,A,1.636
1996,BEL,TAX_REV,S13,T_4000,_T,PT_B1GQ,A,1.781
1997,BEL,TAX_REV,S13,T_4000,_T,PT_B1GQ,A,1.923
1998,BEL,TAX_REV,S13,T_4000,_T,PT_B1GQ,A,2.074
1999,BEL,TAX_REV,S13,T_4000,_T,PT_B1GQ,A,2.062
2000,BEL,TAX_REV,S13,T_4000,_T,PT_B1GQ,A,2.06
2001,BEL,TAX_REV,S13,T_4000,_T,PT_B1GQ,A,1.983
2002,BEL,TAX_REV,S13,T_4000,_T,PT_B1GQ,A,1.972
2003,BEL,TAX_REV,S13,T_4000,_T,PT_B1GQ,A,2.044
2004,BEL,TAX_REV,S13,T_4000,_T,PT_B1GQ,A,2.281
2005,BEL,TAX_REV,S13,T_4000,_T,PT_B1GQ,A,3.023
2006,BEL,TAX_REV,S13,T_4000,_T,PT_B1GQ,A,3.143
2007,BEL,TAX_REV,S13,T_4000,_T,PT_B1GQ,A,3.07
2008,BEL,TAX_REV,S13,T_4000,_T,PT_B1GQ,A,3.06
2009,BEL,TAX_REV,S13,T_4000,_T,PT_B1GQ,A,2.958
2010,BEL,TAX_REV,S13,T_4000,_T,PT_B1GQ,A,3.099
2011,BEL,TAX_REV,S13,T_4000,_T,PT_B1GQ,A,3.175
2012,BEL,TAX_REV,S13,T_4000,_T,PT_B1GQ,A,3.274
2013,BEL,TAX_REV,S13,T_4000,_T,PT_B1GQ,A,3.514
2014,BEL,TAX_REV,S13,T_4000,_T,PT_B1GQ,A,3.537
2015,BEL,TAX_REV,S13,T_4000,_T,PT_B1GQ,A,3.458
2016,BEL,TAX_REV,S13,T_4000,_T,PT_B1GQ,A,3.474
2017,BEL,TAX_REV,S13,T_4000,_T,PT_B1GQ,A,3.459
2018,BEL,TAX_REV,S13,T_4000,_T,PT_B1GQ,A,3.441
2019,BEL,TAX_REV,S13,T_4000,_T,PT_B1GQ,A,3.418
2020,BEL,TAX_REV,S13,T_4000,_T,PT_B1GQ,A,3.391
2021,BEL,TAX_REV,S13,T_4000,_T,PT_B1GQ,A,3.543
2022,BEL,TAX_REV,S13,T_4000,_T,PT_B1GQ,A,3.253
2023,BEL,TAX_REV,S13,T_4000,_T,PT_B1GQ,A,3.147
1990,CAN,TAX_REV,S13,T_4000,_T,PT_B1GQ,A,3.515
1991,CAN,TAX_REV,S13,T_4000,_T,PT_B1GQ,A,3.711
1992,CAN,TAX_REV,S13,T_4000,_T,PT_B1GQ,A,3.901
1993,CAN,TAX_REV,S13,T_4000,_T,PT_B1GQ,A,3.876
1994,CAN,TAX_REV,S13,T_4000,_T,PT_B1GQ,A,3.8
1995,CAN,TAX_REV,S13,T_4000,_T,PT_B1GQ,A,3.692
1996,CAN,TAX_REV,S13,T_4000,_T,PT_B1GQ,A,3.677
1997,CAN,TAX_REV,S13,T_4000,_T,PT_B1GQ,A,3.67
1998,CAN,TAX_REV,S13,T_4000,_T,PT_B1GQ,A,3.706
1999,CAN,TAX_REV,S13,T_4000,_T,PT_B1GQ,A,3.57
2000,CAN,TAX_REV,S13,T_4000,_T,PT_B1GQ,A,3.301
2001,CAN,TAX_REV,S13,T_4000,_T,PT_B1GQ,A,3.664
2002,CAN,TAX_REV,S13,T_4000,_T,PT_B1GQ,A,3.579
2003,CAN,TAX_REV,S13,T_4000,_T,PT_B1GQ,A,3.538
2004,CAN,TAX_REV,S13,T_4000,_T,PT_B1GQ,A,3.531
2005,CAN,TAX_REV,S13,T_4000,_T,PT_B1GQ,A,3.503
2006,CAN,TAX_REV,S13,T_4000,_T,PT_B1GQ,A,3.465
2007,CAN,TAX_REV,S13,T_4000,_T,PT_B1GQ,A,3.455
2008,CAN,TAX_REV,S13,T_4000,_T,PT_B1GQ,A,3.597
2009,CAN,TAX_REV,S13,T_4000,_T,PT_B1GQ,A,3.931
2010,CAN,TAX_REV,S13,T_4000,_T,PT_B1GQ,A,3.826
2011,CAN,TAX_REV,S13,T_4000,_T,PT_B1GQ,A,3.687
2012,CAN,TAX_REV,S13,T_4000,_T,PT_B1GQ,A,3.705
2013,CAN,TAX_REV,S13,T_4000,_T,PT_B1GQ,A,3.704
2014,CAN,TAX_REV,S13,T_4000,_T,PT_B1GQ,A,3.674
2015,CAN,TAX_REV,S13,T_4000,_T,PT_B1GQ,A,3.908
2016,CAN,TAX_REV,S13,T_4000,_T,PT_B1GQ,A,4.008
2017,CAN,TAX_REV,S13,T_4000,_T,PT_B1GQ,A,3.931
2018,CAN,TAX_REV,S13,T_4000,_T,PT_B1GQ,A,3.851
2019,CAN,TAX_REV,S13,T_4000,_T,PT_B1GQ,A,3.868
2020,CAN,TAX_REV,S13,T_4000,_T,PT_B1GQ,A,4.045
2021,CAN,TAX_REV,S13,T_4000,_T,PT_B1GQ,A,3.892
2022,CAN,TAX_REV,S13,T_4000,_T,PT_B1GQ,A,3.503
2023,CAN,TAX_REV,S13,T_4000,_T,PT_B1GQ,A,3.426
1990,CHL,TAX_REV,S13,T_4000,_T,PT_B1GQ,A,1.032
1991,CHL,TAX_REV,S13,T_4000,_T,PT_B1GQ,A,1.057
1992,CHL,TAX_REV,S13,T_4000,_T,PT_B1GQ,A,1.126
1993,CHL,TAX_REV,S13,T_4000,_T,PT_B1GQ,A,1.253
1994,CHL,TAX_REV,S13,T_4000,_T,PT_B1GQ,A,1.152
1995,CHL,TAX_REV,S13,T_4000,_T,PT_B1GQ,A,1.142
1996,CHL,TAX_REV,S13,T_4000,_T,PT_B1GQ,A,1.247
1997,CHL,TAX_REV,S13,T_4000,_T,PT_B1GQ,A,1.3
1998,CHL,TAX_REV,S13,T_4000,_T,PT_B1GQ,A,1.311
1999,CHL,TAX_REV,S13,T_4000,_T,PT_B1GQ,A,1.401
2000,CHL,TAX_REV,S13,T_4000,_T,PT_B1GQ,A,1.312
2001,CHL,TAX_REV,S13,T_4000,_T,PT_B1GQ,A,1.405
2002,CHL,TAX_REV,S13,T_4000,_T,PT_B1GQ,A,1.446
2003,CHL,TAX_REV,S13,T_4000,_T,PT_B1GQ,A,1.422
2004,CHL,TAX_REV,S13,T_4000,_T,PT_B1GQ,A,1.298
2005,CHL,TAX_REV,S13,T_4000,_T,PT_B1GQ,A,1.317
2006,CHL,TAX_REV,S13,T_4000,_T,PT_B1GQ,A,1.186
2007,CHL,TAX_REV,S13,T_4000,_T,PT_B1GQ,A,1.124
2008,CHL,TAX_REV,S13,T_4000,_T,PT_B1GQ,A,1.177
2009,CHL,TAX_REV,S13,T_4000,_T,PT_B1GQ,A,0.91
2010,CHL,TAX_REV,S13,T_4000,_T,PT_B1GQ,A,0.783
2011,CHL,TAX_REV,S13,T_4000,_T,PT_B1GQ,A,0.895
2012,CHL,TAX_REV,S13,T_4000,_T,PT_B1GQ,A,0.955
2013,CHL,TAX_REV,S13,T_4000,_T,PT_B1GQ,A,0.827
2014,CHL,TAX_REV,S13,T_4000,_T,PT_B1GQ,A,0.83
2015,CHL,TAX_REV,S13,T_4000,_T,PT_B1GQ,A,0.895
2016,CHL,TAX_REV,S13,T_4000,_T,PT_B1GQ,A,1.025
2017,CHL,TAX_REV,S13,T_4000,_T,PT_B1GQ,A,1.097
2018,CHL,TAX_REV,S13,T_4000,_T,PT_B1GQ,A,1.1
2019,CHL,TAX_REV,S13,T_4000,_T,PT_B1GQ,A,1.145
2020,CHL,TAX_REV,S13,T_4000,_T,PT_B1GQ,A,1.124
2021,CHL,TAX_REV,S13,T_4000,_T,PT_B1GQ,A,1.204
2022,CHL,TAX_REV,S13,T_4000,_T,PT_B1GQ,A,1.314
2023,CHL,TAX_REV,S13,T_4000,_T,PT_B1GQ,A,1.331
1990,COL,TAX_REV,S13,T_4000,_T,PT_B1GQ,A,0.247
1991,COL,TAX_REV,S13,T_4000,_T,PT_B1GQ,A,0.27
1992,COL,TAX_REV,S13,T_4000,_T,PT_B1GQ,A,0.306
1993,COL,TAX_REV,S13,T_4000,_T,PT_B1GQ,A,0.339
1994,COL,TAX_REV,S13,T_4000,_T,PT_B1GQ,A,0.411
1995,COL,TAX_REV,S13,T_4000,_T,PT_B1GQ,A,0.421
1996,COL,TAX_REV,S13,T_4000,_T,PT_B1GQ,A,0.491
1997,COL,TAX_REV,S13,T_4000,_T,PT_B1GQ,A,0.5
1998,COL,TAX_REV,S13,T_4000,_T,PT_B1GQ,A,0.555
1999,COL,TAX_REV,S13,T_4000,_T,PT_B1GQ,A,1.113
2000,COL,TAX_REV,S13,T_4000,_T,PT_B1GQ,A,1.039
2001,COL,TAX_REV,S13,T_4000,_T,PT_B1GQ,A,1.185
2002,COL,TAX_REV,S13,T_4000,_T,PT_B1GQ,A,1.691
2003,COL,TAX_REV,S13,T_4000,_T,PT_B1GQ,A,1.631
2004,COL,TAX_REV,S13,T_4000,_T,PT_B1GQ,A,1.469
2005,COL,TAX_REV,S13,T_4000,_T,PT_B1GQ,A,1.432
2006,COL,TAX_REV,S13,T_4000,_T,PT_B1GQ,A,1.414
2007,COL,TAX_REV,S13,T_4000,_T,PT_B1GQ,A,1.507
2008,COL,TAX_REV,S13,T_4000,_T,PT_B1GQ,A,1.874
2009,COL,TAX_REV,S13,T_4000,_T,PT_B1GQ,A,1.639
2010,COL,TAX_REV,S13,T_4000,_T,PT_B1GQ,A,1.569
2011,COL,TAX_REV,S13,T_4000,_T,PT_B1GQ,A,2.087
2012,COL,TAX_REV,S13,T_4000,_T,PT_B1GQ,A,2.051
2013,COL,TAX_REV,S13,T_4000,_T,PT_B1GQ,A,2.088
2014,COL,TAX_REV,S13,T_4000,_T,PT_B1GQ,A,2.095
2015,COL,TAX_REV,S13,T_4000,_T,PT_B1GQ,A,2.256
2016,COL,TAX_REV,S13,T_4000,_T,PT_B1GQ,A,2.094
2017,COL,TAX_REV,S13,T_4000,_T,PT_B1GQ,A,1.95
2018,COL,TAX_REV,S13,T_4000,_T,PT_B1GQ,A,1.545
2019,COL,TAX_REV,S13,T_4000,_T,PT_B1GQ,A,1.791
2020,COL,TAX_REV,S13,T_4000,_T,PT_B1GQ,A,1.82
2021,COL,TAX_REV,S13,T_4000,_T,PT_B1GQ,A,1.732
2022,COL,TAX_REV,S13,T_4000,_T,PT_B1GQ,A,1.533
2023,COL,TAX_REV,S13,T_4000,_T,PT_B1GQ,A,1.647
1990,CRI,TAX_REV,S13,T_4000,_T,PT_B1GQ,A,0.298
1991,CRI,TAX_REV,S13,T_4000,_T,PT_B1GQ,A,0.2
1992,CRI,TAX_REV,S13,T_4000,_T,PT_B1GQ,A,0.231
1993,CRI,TAX_REV,S13,T_4000,_T,PT_B1GQ,A,0.252
1994,CRI,TAX_REV,S13,T_4000,_T,PT_B1GQ,A,0.215
1995,CRI,TAX_REV,S13,T_4000,_T,PT_B1GQ,A,0.195
1996,CRI,TAX_REV,S13,T_4000,_T,PT_B1GQ,A,0.292
1997,CRI,TAX_REV,S13,T_4000,_T,PT_B1GQ,A,0.291
1998,CRI,TAX_REV,S13,T_4000,_T,PT_B1GQ,A,0.196
1999,CRI,TAX_REV,S13,T_4000,_T,PT_B1GQ,A,0.16
2000,CRI,TAX_REV,S13,T_4000,_T,PT_B1GQ,A,0.181
2001,CRI,TAX_REV,S13,T_4000,_T,PT_B1GQ,A,0.194
2002,CRI,TAX_REV,S13,T_4000,_T,PT_B1GQ,A,0.209
2003,CRI,TAX_REV,S13,T_4000,_T,PT_B1GQ,A,0.213
2004,CRI,TAX_REV,S13,T_4000,_T,PT_B1GQ,A,0.241
2005,CRI,TAX_REV,S13,T_4000,_T,PT_B1GQ,A,0.262
2006,CRI,TAX_REV,S13,T_4000,_T,PT_B1GQ,A,0.314
2007,CRI,TAX_REV,S13,T_4000,_T,PT_B1GQ,A,0.307
2008,CRI,TAX_REV,S13,T_4000,_T,PT_B1GQ,A,0.288
2009,CRI,TAX_REV,S13,T_4000,_T,PT_B1GQ,A,0.27
2010,CRI,TAX_REV,S13,T_4000,_T,PT_B1GQ,A,0.322
2011,CRI,TAX_REV,S13,T_4000,_T,PT_B1GQ,A,0.329
2012,CRI,TAX_REV,S13,T_4000,_T,PT_B1GQ,A,0.345
2013,CRI,TAX_REV,S13,T_4000,_T,PT_B1GQ,A,0.389
2014,CRI,TAX_REV,S13,T_4000,_T,PT_B1GQ,A,0.408
2015,CRI,TAX_REV,S13,T_4000,_T,PT_B1GQ,A,0.409
2016,CRI,TAX_REV,S13,T_4000,_T,PT_B1GQ,A,0.419
2017,CRI,TAX_REV,S13,T_4000,_T,PT_B1GQ,A,0.425
2018,CRI,TAX_REV,S13,T_4000,_T,PT_B1GQ,A,0.415
2019,CRI,TAX_REV,S13,T_4000,_T,PT_B1GQ,A,0.444
2020,CRI,TAX_REV,S13,T_4000,_T,PT_B1GQ,A,0.446
2021,CRI,TAX_REV,S13,T_4000,_T,PT_B1GQ,A,0.517
2022,CRI,TAX_REV,S13,T_4000,_T,PT_B1GQ,A,0.493
2023,CRI,TAX_REV,S13,T_4000,_T,PT_B1GQ,A,0.469
1993,CZE,TAX_REV,S13,T_4000,_T,PT_B1GQ,A,0.386
1994,CZE,TAX_REV,S13,T_4000,_T,PT_B1GQ,A,0.435
1995,CZE,TAX_REV,S13,T_4000,_T,PT_B1GQ,A,0.475
1996,CZE,TAX_REV,S13,T_4000,_T,PT_B1GQ,A,0.486
1997,CZE,TAX_REV,S13,T_4000,_T,PT_B1GQ,A,0.514
1998,CZE,TAX_REV,S13,T_4000,_T,PT_B1GQ,A,0.505
1999,CZE,TAX_REV,S13,T_4000,_T,PT_B1GQ,A,0.452
2000,CZE,TAX_REV,S13,T_4000,_T,PT_B1GQ,A,0.454
2001,CZE,TAX_REV,S13,T_4000,_T,PT_B1GQ,A,0.478
2002,CZE,TAX_REV,S13,T_4000,_T,PT_B1GQ,A,0.477
2003,CZE,TAX_REV,S13,T_4000,_T,PT_B1GQ,A,0.477
2004,CZE,TAX_REV,S13,T_4000,_T,PT_B1GQ,A,0.378
2005,CZE,TAX_REV,S13,T_4000,_T,PT_B1GQ,A,0.396
2006,CZE,TAX_REV,S13,T_4000,_T,PT_B1GQ,A,0.398
2007,CZE,TAX_REV,S13,T_4000,_T,PT_B1GQ,A,0.402
2008,CZE,TAX_REV,S13,T_4000,_T,PT_B1GQ,A,0.377
2009,CZE,TAX_REV,S13,T_4000,_T,PT_B1GQ,A,0.357
2010,CZE,TAX_REV,S13,T_4000,_T,PT_B1GQ,A,0.406
2011,CZE,TAX_REV,S13,T_4000,_T,PT_B1GQ,A,0.499
2012,CZE,TAX_REV,S13,T_4000,_T,PT_B1GQ,A,0.499
2013,CZE,TAX_REV,S13,T_4000,_T,PT_B1GQ,A,0.461
2014,CZE,TAX_REV,S13,T_4000,_T,PT_B1GQ,A,0.446
2015,CZE,TAX_REV,S13,T_4000,_T,PT_B1GQ,A,0.471
2016,CZE,TAX_REV,S13,T_4000,_T,PT_B1GQ,A,0.484
2017,CZE,TAX_REV,S13,T_4000,_T,PT_B1GQ,A,0.46
2018,CZE,TAX_REV,S13,T_4000,_T,PT_B1GQ,A,0.45
2019,CZE,TAX_REV,S13,T_4000,_T,PT_B1GQ,A,0.409
2020,CZE,TAX_REV,S13,T_4000,_T,PT_B1GQ,A,0.199
2021,CZE,TAX_REV,S13,T_4000,_T,PT_B1GQ,A,0.189
2022,CZE,TAX_REV,S13,T_4000,_T,PT_B1GQ,A,0.177
2023,CZE,TAX_REV,S13,T_4000,_T,PT_B1GQ,A,0.164
1990,DNK,TAX_REV,S13,T_4000,_T,PT_B1GQ,A,1.899
1991,DNK,TAX_REV,S13,T_4000,_T,PT_B1GQ,A,1.69
1992,DNK,TAX_REV,S13,T_4000,_T,PT_B1GQ,A,1.816
1993,DNK,TAX_REV,S13,T_4000,_T,PT_B1GQ,A,1.949
1994,DNK,TAX_REV,S13,T_4000,_T,PT_B1GQ,A,1.801
1995,DNK,TAX_REV,S13,T_4000,_T,PT_B1GQ,A,1.669
1996,DNK,TAX_REV,S13,T_4000,_T,PT_B1GQ,A,1.602
1997,DNK,TAX_REV,S13,T_4000,_T,PT_B1GQ,A,1.626
1998,DNK,TAX_REV,S13,T_4000,_T,PT_B1GQ,A,1.767
1999,DNK,TAX_REV,S13,T_4000,_T,PT_B1GQ,A,1.769
2000,DNK,TAX_REV,S13,T_4000,_T,PT_B1GQ,A,1.564
2001,DNK,TAX_REV,S13,T_4000,_T,PT_B1GQ,A,1.629
2002,DNK,TAX_REV,S13,T_4000,_T,PT_B1GQ,A,1.678
2003,DNK,TAX_REV,S13,T_4000,_T,PT_B1GQ,A,1.772
2004,DNK,TAX_REV,S13,T_4000,_T,PT_B1GQ,A,1.788
2005,DNK,TAX_REV,S13,T_4000,_T,PT_B1GQ,A,1.842
2006,DNK,TAX_REV,S13,T_4000,_T,PT_B1GQ,A,1.823
2007,DNK,TAX_REV,S13,T_4000,_T,PT_B1GQ,A,1.81
2008,DNK,TAX_REV,S13,T_4000,_T,PT_B1GQ,A,1.899
2009,DNK,TAX_REV,S13,T_4000,_T,PT_B1GQ,A,1.819
2010,DNK,TAX_REV,S13,T_4000,_T,PT_B1GQ,A,1.849
2011,DNK,TAX_REV,S13,T_4000,_T,PT_B1GQ,A,1.888
2012,DNK,TAX_REV,S13,T_4000,_T,PT_B1GQ,A,1.779
2013,DNK,TAX_REV,S13,T_4000,_T,PT_B1GQ,A,1.808
2014,DNK,TAX_REV,S13,T_4000,_T,PT_B1GQ,A,1.833
2015,DNK,TAX_REV,S13,T_4000,_T,PT_B1GQ,A,1.939
2016,DNK,TAX_REV,S13,T_4000,_T,PT_B1GQ,A,1.84
2017,DNK,TAX_REV,S13,T_4000,_T,PT_B1GQ,A,1.792
2018,DNK,TAX_REV,S13,T_4000,_T,PT_B1GQ,A,1.836
2019,DNK,TAX_REV,S13,T_4000,_T,PT_B1GQ,A,2.011
2020,DNK,TAX_REV,S13,T_4000,_T,PT_B1GQ,A,1.96
2021,DNK,TAX_REV,S13,T_4000,_T,PT_B1GQ,A,1.835
2022,DNK,TAX_REV,S13,T_4000,_T,PT_B1GQ,A,1.703
2023,DNK,TAX_REV,S13,T_4000,_T,PT_B1GQ,A,1.657
1995,EST,TAX_REV,S13,T_4000,_T,PT_B1GQ,A,0.351
1996,EST,TAX_REV,S13,T_4000,_T,PT_B1GQ,A,0.366
1997,EST,TAX_REV,S13,T_4000,_T,PT_B1GQ,A,0.377
1998,EST,TAX_REV,S13,T_4000,_T,PT_B1GQ,A,0.372
1999,EST,TAX_REV,S13,T_4000,_T,PT_B1GQ,A,0.367
2000,EST,TAX_REV,S13,T_4000,_T,PT_B1GQ,A,0.388
2001,EST,TAX_REV,S13,T_4000,_T,PT_B1GQ,A,0.363
2002,EST,TAX_REV,S13,T_4000,_T,PT_B1GQ,A,0.344
2003,EST,TAX_REV,S13,T_4000,_T,PT_B1GQ,A,0.328
2004,EST,TAX_REV,S13,T_4000,_T,PT_B1GQ,A,0.311
2005,EST,TAX_REV,S13,T_4000,_T,PT_B1GQ,A,0.285
2006,EST,TAX_REV,S13,T_4000,_T,PT_B1GQ,A,0.244
2007,EST,TAX_REV,S13,T_4000,_T,PT_B1GQ,A,0.215
2008,EST,TAX_REV,S13,T_4000,_T,PT_B1GQ,A,0.29
2009,EST,TAX_REV,S13,T_4000,_T,PT_B1GQ,A,0.341
2010,EST,TAX_REV,S13,T_4000,_T,PT_B1GQ,A,0.348
2011,EST,TAX_REV,S13,T_4000,_T,PT_B1GQ,A,0.307
2012,EST,TAX_REV,S13,T_4000,_T,PT_B1GQ,A,0.324
2013,EST,TAX_REV,S13,T_4000,_T,PT_B1GQ,A,0.299
2014,EST,TAX_REV,S13,T_4000,_T,PT_B1GQ,A,0.289
2015,EST,TAX_REV,S13,T_4000,_T,PT_B1GQ,A,0.276
2016,EST,TAX_REV,S13,T_4000,_T,PT_B1GQ,A,0.266
2017,EST,TAX_REV,S13,T_4000,_T,PT_B1GQ,A,0.237
2018,EST,TAX_REV,S13,T_4000,_T,PT_B1GQ,A,0.219
2019,EST,TAX_REV,S13,T_4000,_T,PT_B1GQ,A,0.204
2020,EST,TAX_REV,S13,T_4000,_T,PT_B1GQ,A,0.21
2021,EST,TAX_REV,S13,T_4000,_T,PT_B1GQ,A,0.189
2022,EST,TAX_REV,S13,T_4000,_T,PT_B1GQ,A,0.162
2023,EST,TAX_REV,S13,T_4000,_T,PT_B1GQ,A,0.155
1990,FIN,TAX_REV,S13,T_4000,_T,PT_B1GQ,A,1.051
1991,FIN,TAX_REV,S13,T_4000,_T,PT_B1GQ,A,1.003
1992,FIN,TAX_REV,S13,T_4000,_T,PT_B1GQ,A,0.964
1993,FIN,TAX_REV,S13,T_4000,_T,PT_B1GQ,A,1.169
1994,FIN,TAX_REV,S13,T_4000,_T,PT_B1GQ,A,1.116
1995,FIN,TAX_REV,S13,T_4000,_T,PT_B1GQ,A,0.988
1996,FIN,TAX_REV,S13,T_4000,_T,PT_B1GQ,A,1.03
1997,FIN,TAX_REV,S13,T_4000,_T,PT_B1GQ,A,1.045
1998,FIN,TAX_REV,S13,T_4000,_T,PT_B1GQ,A,1.071
1999,FIN,TAX_REV,S13,T_4000,_T,PT_B1GQ,A,1.053
2000,FIN,TAX_REV,S13,T_4000,_T,PT_B1GQ,A,1.113
2001,FIN,TAX_REV,S13,T_4000,_T,PT_B1GQ,A,1.003
2002,FIN,TAX_REV,S13,T_4000,_T,PT_B1GQ,A,1.038
2003,FIN,TAX_REV,S13,T_4000,_T,PT_B1GQ,A,0.994
2004,FIN,TAX_REV,S13,T_4000,_T,PT_B1GQ,A,1.072
2005,FIN,TAX_REV,S13,T_4000,_T,PT_B1GQ,A,1.15
2006,FIN,TAX_REV,S13,T_4000,_T,PT_B1GQ,A,1.064
2007,FIN,TAX_REV,S13,T_4000,_T,PT_B1GQ,A,1.076
2008,FIN,TAX_REV,S13,T_4000,_T,PT_B1GQ,A,1.054
2009,FIN,TAX_REV,S13,T_4000,_T,PT_B1GQ,A,1.047
2010,FIN,TAX_REV,S13,T_4000,_T,PT_B1GQ,A,1.109
2011,FIN,TAX_REV,S13,T_4000,_T,PT_B1GQ,A,1.08
2012,FIN,TAX_REV,S13,T_4000,_T,PT_B1GQ,A,1.174
2013,FIN,TAX_REV,S13,T_4000,_T,PT_B1GQ,A,1.272
2014,FIN,TAX_REV,S13,T_4000,_T,PT_B1GQ,A,1.314
2015,FIN,TAX_REV,S13,T_4000,_T,PT_B1GQ,A,1.427
2016,FIN,TAX_REV,S13,T_4000,_T,PT_B1GQ,A,1.41
2017,FIN,TAX_REV,S13,T_4000,_T,PT_B1GQ,A,1.528
2018,FIN,TAX_REV,S13,T_4000,_T,PT_B1GQ,A,1.434
2019,FIN,TAX_REV,S13,T_4000,_T,PT_B1GQ,A,1.45
2020,FIN,TAX_REV,S13,T_4000,_T,PT_B1GQ,A,1.499
2021,FIN,TAX_REV,S13,T_4000,_T,PT_B1GQ,A,1.511
2022,FIN,TAX_REV,S13,T_4000,_T,PT_B1GQ,A,1.443
2023,FIN,TAX_REV,S13,T_4000,_T,PT_B1GQ,A,1.402
1990,FRA,TAX_REV,S13,T_4000,_T,PT_B1GQ,A,2.628
1991,FRA,TAX_REV,S13,T_4000,_T,PT_B1GQ,A,2.642
1992,FRA,TAX_REV,S13,T_4000,_T,PT_B1GQ,A,3.212
1993,FRA,TAX_REV,S13,T_4000,_T,PT_B1GQ,A,2.773
1994,FRA,TAX_REV,S13,T_4000,_T,PT_B1GQ,A,2.903
1995,FRA,TAX_REV,S13,T_4000,_T,PT_B1GQ,A,2.838
1996,FRA,TAX_REV,S13,T_4000,_T,PT_B1GQ,A,2.946
1997,FRA,TAX_REV,S13,T_4000,_T,PT_B1GQ,A,3.117
1998,FRA,TAX_REV,S13,T_4000,_T,PT_B1GQ,A,3.105
1999,FRA,TAX_REV,S13,T_4000,_T,PT_B1GQ,A,3.162
2000,FRA,TAX_REV,S13,T_4000,_T,PT_B1GQ,A,2.991
2001,FRA,TAX_REV,S13,T_4000,_T,PT_B1GQ,A,2.962
2002,FRA,TAX_REV,S13,T_4000,_T,PT_B1GQ,A,2.99
2003,FRA,TAX_REV,S13,T_4000,_T,PT_B1GQ,A,3.055
2004,FRA,TAX_REV,S13,T_4000,_T,PT_B1GQ,A,3.186
2005,FRA,TAX_REV,S13,T_4000,_T,PT_B1GQ,A,3.321
2006,FRA,TAX_REV,S13,T_4000,_T,PT_B1GQ,A,3.383
2007,FRA,TAX_REV,S13,T_4000,_T,PT_B1GQ,A,3.373
2008,FRA,TAX_REV,S13,T_4000,_T,PT_B1GQ,A,3.257
2009,FRA,TAX_REV,S13,T_4000,_T,PT_B1GQ,A,3.335
2010,FRA,TAX_REV,S13,T_4000,_T,PT_B1GQ,A,3.547
2011,FRA,TAX_REV,S13,T_4000,_T,PT_B1GQ,A,3.653
2012,FRA,TAX_REV,S13,T_4000,_T,PT_B1GQ,A,3.792
2013,FRA,TAX_REV,S13,T_4000,_T,PT_B1GQ,A,3.852
2014,FRA,TAX_REV,S13,T_4000,_T,PT_B1GQ,A,3.912
2015,FRA,TAX_REV,S13,T_4000,_T,PT_B1GQ,A,4.077
2016,FRA,TAX_REV,S13,T_4000,_T,PT_B1GQ,A,4.147
2017,FRA,TAX_REV,S13,T_4000,_T,PT_B1GQ,A,4.289
2018,FRA,TAX_REV,S13,T_4000,_T,PT_B1GQ,A,4.034
2019,FRA,TAX_REV,S13,T_4000,_T,PT_B1GQ,A,3.936
2020,FRA,TAX_REV,S13,T_4000,_T,PT_B1GQ,A,4.001
2021,FRA,TAX_REV,S13,T_4000,_T,PT_B1GQ,A,3.887
2022,FRA,TAX_REV,S13,T_4000,_T,PT_B1GQ,A,3.702
2023,FRA,TAX_REV,S13,T_4000,_T,PT_B1GQ,A,3.457
1990,DEU,TAX_REV,S13,T_4000,_T,PT_B1GQ,A,1.173
1991,DEU,TAX_REV,S13,T_4000,_T,PT_B1GQ,A,1.001
1992,DEU,TAX_REV,S13,T_4000,_T,PT_B1GQ,A,0.972
1993,DEU,TAX_REV,S13,T_4000,_T,PT_B1GQ,A,0.978
1994,DEU,TAX_REV,S13,T_4000,_T,PT_B1GQ,A,1.011
1995,DEU,TAX_REV,S13,T_4000,_T,PT_B1GQ,A,1.005
1996,DEU,TAX_REV,S13,T_4000,_T,PT_B1GQ,A,1.083
1997,DEU,TAX_REV,S13,T_4000,_T,PT_B1GQ,A,0.974
1998,DEU,TAX_REV,S13,T_4000,_T,PT_B1GQ,A,0.844
1999,DEU,TAX_REV,S13,T_4000,_T,PT_B1GQ,A,0.898
2000,DEU,TAX_REV,S13,T_4000,_T,PT_B1GQ,A,0.83
2001,DEU,TAX_REV,S13,T_4000,_T,PT_B1GQ,A,0.803
2002,DEU,TAX_REV,S13,T_4000,_T,PT_B1GQ,A,0.79
2003,DEU,TAX_REV,S13,T_4000,_T,PT_B1GQ,A,0.819
2004,DEU,TAX_REV,S13,T_4000,_T,PT_B1GQ,A,0.838
2005,DEU,TAX_REV,S13,T_4000,_T,PT_B1GQ,A,0.84
2006,DEU,TAX_REV,S13,T_4000,_T,PT_B1GQ,A,0.852
2007,DEU,TAX_REV,S13,T_4000,_T,PT_B1GQ,A,0.875
2008,DEU,TAX_REV,S13,T_4000,_T,PT_B1GQ,A,0.836
2009,DEU,TAX_REV,S13,T_4000,_T,PT_B1GQ,A,0.832
2010,DEU,TAX_REV,S13,T_4000,_T,PT_B1GQ,A,0.819
2011,DEU,TAX_REV,S13,T_4000,_T,PT_B1GQ,A,0.855
2012,DEU,TAX_REV,S13,T_4000,_T,PT_B1GQ,A,0.895
2013,DEU,TAX_REV,S13,T_4000,_T,PT_B1GQ,A,0.929
2014,DEU,TAX_REV,S13,T_4000,_T,PT_B1GQ,A,0.962
2015,DEU,TAX_REV,S13,T_4000,_T,PT_B1GQ,A,1.072
2016,DEU,TAX_REV,S13,T_4000,_T,PT_B1GQ,A,1.087
2017,DEU,TAX_REV,S13,T_4000,_T,PT_B1GQ,A,1.049
2018,DEU,TAX_REV,S13,T_4000,_T,PT_B1GQ,A,1.079
2019,DEU,TAX_REV,S13,T_4000,_T,PT_B1GQ,A,1.113
2020,DEU,TAX_REV,S13,T_4000,_T,PT_B1GQ,A,1.246
2021,DEU,TAX_REV,S13,T_4000,_T,PT_B1GQ,A,1.239
2022,DEU,TAX_REV,S13,T_4000,_T,PT_B1GQ,A,1.115
2023,DEU,TAX_REV,S13,T_4000,_T,PT_B1GQ,A,0.937
1990,GRC,TAX_REV,S13,T_4000,_T,PT_B1GQ,A,1.169
1991,GRC,TAX_REV,S13,T_4000,_T,PT_B1GQ,A,0.989
1992,GRC,TAX_REV,S13,T_4000,_T,PT_B1GQ,A,1.186
1993,GRC,TAX_REV,S13,T_4000,_T,PT_B1GQ,A,0.982
1994,GRC,TAX_REV,S13,T_4000,_T,PT_B1GQ,A,0.944
1995,GRC,TAX_REV,S13,T_4000,_T,PT_B1GQ,A,1.69
1996,GRC,TAX_REV,S13,T_4000,_T,PT_B1GQ,A,1.8
1997,GRC,TAX_REV,S13,T_4000,_T,PT_B1GQ,A,1.968
1998,GRC,TAX_REV,S13,T_4000,_T,PT_B1GQ,A,1.969
1999,GRC,TAX_REV,S13,T_4000,_T,PT_B1GQ,A,2.39
2000,GRC,TAX_REV,S13,T_4000,_T,PT_B1GQ,A,2.571
2001,GRC,TAX_REV,S13,T_4000,_T,PT_B1GQ,A,2.161
2002,GRC,TAX_REV,S13,T_4000,_T,PT_B1GQ,A,1.974
2003,GRC,TAX_REV,S13,T_4000,_T,PT_B1GQ,A,1.907
2004,GRC,TAX_REV,S13,T_4000,_T,PT_B1GQ,A,1.811
2005,GRC,TAX_REV,S13,T_4000,_T,PT_B1GQ,A,1.923
2006,GRC,TAX_REV,S13,T_4000,_T,PT_B1GQ,A,2.085
2007,GRC,TAX_REV,S13,T_4000,_T,PT_B1GQ,A,2.109
2008,GRC,TAX_REV,S13,T_4000,_T,PT_B1GQ,A,2.158
2009,GRC,TAX_REV,S13,T_4000,_T,PT_B1GQ,A,1.989
2010,GRC,TAX_REV,S13,T_4000,_T,PT_B1GQ,A,1.669
2011,GRC,TAX_REV,S13,T_4000,_T,PT_B1GQ,A,2.523
2012,GRC,TAX_REV,S13,T_4000,_T,PT_B1GQ,A,2.746
2013,GRC,TAX_REV,S13,T_4000,_T,PT_B1GQ,A,3.168
2014,GRC,TAX_REV,S13,T_4000,_T,PT_B1GQ,A,2.896
2015,GRC,TAX_REV,S13,T_4000,_T,PT_B1GQ,A,3.072
2016,GRC,TAX_REV,S13,T_4000,_T,PT_B1GQ,A,3.147
2017,GRC,TAX_REV,S13,T_4000,_T,PT_B1GQ,A,3.144
2018,GRC,TAX_REV,S13,T_4000,_T,PT_B1GQ,A,3.094
2019,GRC,TAX_REV,S13,T_4000,_T,PT_B1GQ,A,3.055
2020,GRC,TAX_REV,S13,T_4000,_T,PT_B1GQ,A,3.055
2021,GRC,TAX_REV,S13,T_4000,_T,PT_B1GQ,A,2.915
2022,GRC,TAX_REV,S13,T_4000,_T,PT_B1GQ,A,2.739
2023,GRC,TAX_REV,S13,T_4000,_T,PT_B1GQ,A,2.825
1991,HUN,TAX_REV,S13,T_4000,_T,PT_B1GQ,A,0.517
1992,HUN,TAX_REV,S13,T_4000,_T,PT_B1GQ,A,0.446
1993,HUN,TAX_REV,S13,T_4000,_T,PT_B1GQ,A,0.367
1994,HUN,TAX_REV,S13,T_4000,_T,PT_B1GQ,A,0.439
1995,HUN,TAX_REV,S13,T_4000,_T,PT_B1GQ,A,0.497
1996,HUN,TAX_REV,S13,T_4000,_T,PT_B1GQ,A,0.598
1997,HUN,TAX_REV,S13,T_4000,_T,PT_B1GQ,A,0.58
1998,HUN,TAX_REV,S13,T_4000,_T,PT_B1GQ,A,0.587
1999,HUN,TAX_REV,S13,T_4000,_T,PT_B1GQ,A,0.634
2000,HUN,TAX_REV,S13,T_4000,_T,PT_B1GQ,A,0.668
2001,HUN,TAX_REV,S13,T_4000,_T,PT_B1GQ,A,0.69
2002,HUN,TAX_REV,S13,T_4000,_T,PT_B1GQ,A,0.688
2003,HUN,TAX_REV,S13,T_4000,_T,PT_B1GQ,A,0.801
2004,HUN,TAX_REV,S13,T_4000,_T,PT_B1GQ,A,0.833
2005,HUN,TAX_REV,S13,T_4000,_T,PT_B1GQ,A,0.827
2006,HUN,TAX_REV,S13,T_4000,_T,PT_B1GQ,A,0.813
2007,HUN,TAX_REV,S13,T_4000,_T,PT_B1GQ,A,0.787
2008,HUN,TAX_REV,S13,T_4000,_T,PT_B1GQ,A,0.847
2009,HUN,TAX_REV,S13,T_4000,_T,PT_B1GQ,A,0.811
2010,HUN,TAX_REV,S13,T_4000,_T,PT_B1GQ,A,1.135
2011,HUN,TAX_REV,S13,T_4000,_T,PT_B1GQ,A,1.111
2012,HUN,TAX_REV,S13,T_4000,_T,PT_B1GQ,A,1.211
2013,HUN,TAX_REV,S13,T_4000,_T,PT_B1GQ,A,1.281
2014,HUN,TAX_REV,S13,T_4000,_T,PT_B1GQ,A,1.272
2015,HUN,TAX_REV,S13,T_4000,_T,PT_B1GQ,A,1.251
2016,HUN,TAX_REV,S13,T_4000,_T,PT_B1GQ,A,1.083
2017,HUN,TAX_REV,S13,T_4000,_T,PT_B1GQ,A,1.041
2018,HUN,TAX_REV,S13,T_4000,_T,PT_B1GQ,A,0.963
2019,HUN,TAX_REV,S13,T_4000,_T,PT_B1GQ,A,0.937
2020,HUN,TAX_REV,S13,T_4000,_T,PT_B1GQ,A,1.047
2021,HUN,TAX_REV,S13,T_4000,_T,PT_B1GQ,A,0.874
2022,HUN,TAX_REV,S13,T_4000,_T,PT_B1GQ,A,0.807
2023,HUN,TAX_REV,S13,T_4000,_T,PT_B1GQ,A,0.736
1990,ISL,TAX_REV,S13,T_4000,_T,PT_B1GQ,A,2.57
1991,ISL,TAX_REV,S13,T_4000,_T,PT_B1GQ,A,2.717
1992,ISL,TAX_REV,S13,T_4000,_T,PT_B1GQ,A,2.861
1993,ISL,TAX_REV,S13,T_4000,_T,PT_B1GQ,A,2.926
1994,ISL,TAX_REV,S13,T_4000,_T,PT_B1GQ,A,2.84
1995,ISL,TAX_REV,S13,T_4000,_T,PT_B1GQ,A,2.793
1996,ISL,TAX_REV,S13,T_4000,_T,PT_B1GQ,A,2.64
1997,ISL,TAX_REV,S13,T_4000,_T,PT_B1GQ,A,2.556
1998,ISL,TAX_REV,S13,T_4000,_T,PT_B1GQ,A,2.145
1999,ISL,TAX_REV,S13,T_4000,_T,PT_B1GQ,A,2.155
2000,ISL,TAX_REV,S13,T_4000,_T,PT_B1GQ,A,2.373
2001,ISL,TAX_REV,S13,T_4000,_T,PT_B1GQ,A,2.289
2002,ISL,TAX_REV,S13,T_4000,_T,PT_B1GQ,A,2.102
2003,ISL,TAX_REV,S13,T_4000,_T,PT_B1GQ,A,1.811
2004,ISL,TAX_REV,S13,T_4000,_T,PT_B1GQ,A,1.767
2005,ISL,TAX_REV,S13,T_4000,_T,PT_B1GQ,A,1.714
2006,ISL,TAX_REV,S13,T_4000,_T,PT_B1GQ,A,1.506
2007,ISL,TAX_REV,S13,T_4000,_T,PT_B1GQ,A,1.661
2008,ISL,TAX_REV,S13,T_4000,_T,PT_B1GQ,A,1.734
2009,ISL,TAX_REV,S13,T_4000,_T,PT_B1GQ,A,1.837
2010,ISL,TAX_REV,S13,T_4000,_T,PT_B1GQ,A,2.107
2011,ISL,TAX_REV,S13,T_4000,_T,PT_B1GQ,A,2.062
2012,ISL,TAX_REV,S13,T_4000,_T,PT_B1GQ,A,2.219
2013,ISL,TAX_REV,S13,T_4000,_T,PT_B1GQ,A,2.158
2014,ISL,TAX_REV,S13,T_4000,_T,PT_B1GQ,A,2.212
2015,ISL,TAX_REV,S13,T_4000,_T,PT_B1GQ,A,1.695
2016,ISL,TAX_REV,S13,T_4000,_T,PT_B1GQ,A,17.026
2017,ISL,TAX_REV,S13,T_4000,_T,PT_B1GQ,A,1.869
2018,ISL,TAX_REV,S13,T_4000,_T,PT_B1GQ,A,1.823
2019,ISL,TAX_REV,S13,T_4000,_T,PT_B1GQ,A,1.929
2020,ISL,TAX_REV,S13,T_4000,_T,PT_B1GQ,A,2.264
2021,ISL,TAX_REV,S13,T_4000,_T,PT_B1GQ,A,2.068
2022,ISL,TAX_REV,S13,T_4000,_T,PT_B1GQ,A,1.962
2023,ISL,TAX_REV,S13,T_4000,_T,PT_B1GQ,A,2.009
1990,IRL,TAX_REV,S13,T_4000,_T,PT_B1GQ,A,1.504
1991,IRL,TAX_REV,S13,T_4000,_T,PT_B1GQ,A,1.506
1992,IRL,TAX_REV,S13,T_4000,_T,PT_B1GQ,A,1.449
1993,IRL,TAX_REV,S13,T_4000,_T,PT_B1GQ,A,1.375
1994,IRL,TAX_REV,S13,T_4000,_T,PT_B1GQ,A,1.52
1995,IRL,TAX_REV,S13,T_4000,_T,PT_B1GQ,A,1.421
1996,IRL,TAX_REV,S13,T_4000,_T,PT_B1GQ,A,1.506
1997,IRL,TAX_REV,S13,T_4000,_T,PT_B1GQ,A,1.52
1998,IRL,TAX_REV,S13,T_4000,_T,PT_B1GQ,A,1.564
1999,IRL,TAX_REV,S13,T_4000,_T,PT_B1GQ,A,1.691
2000,IRL,TAX_REV,S13,T_4000,_T,PT_B1GQ,A,1.753
2001,IRL,TAX_REV,S13,T_4000,_T,PT_B1GQ,A,1.679
2002,IRL,TAX_REV,S13,T_4000,_T,PT_B1GQ,A,1.499
2003,IRL,TAX_REV,S13,T_4000,_T,PT_B1GQ,A,1.865
2004,IRL,TAX_REV,S13,T_4000,_T,PT_B1GQ,A,2.013
2005,IRL,TAX_REV,S13,T_4000,_T,PT_B1GQ,A,2.209
2006,IRL,TAX_REV,S13,T_4000,_T,PT_B1GQ,A,2.696
2007,IRL,TAX_REV,S13,T_4000,_T,PT_B1GQ,A,2.43
2008,IRL,TAX_REV,S13,T_4000,_T,PT_B1GQ,A,1.779
2009,IRL,TAX_REV,S13,T_4000,_T,PT_B1GQ,A,1.452
2010,IRL,TAX_REV,S13,T_4000,_T,PT_B1GQ,A,1.427
2011,IRL,TAX_REV,S13,T_4000,_T,PT_B1GQ,A,1.641
2012,IRL,TAX_REV,S13,T_4000,_T,PT_B1GQ,A,1.738
2013,IRL,TAX_REV,S13,T_4000,_T,PT_B1GQ,A,1.982
2014,IRL,TAX_REV,S13,T_4000,_T,PT_B1GQ,A,2.112
2015,IRL,TAX_REV,S13,T_4000,_T,PT_B1GQ,A,1.438
2016,IRL,TAX_REV,S13,T_4000,_T,PT_B1GQ,A,1.391
2017,IRL,TAX_REV,S13,T_4000,_T,PT_B1GQ,A,1.249
2018,IRL,TAX_REV,S13,T_4000,_T,PT_B1GQ,A,1.289
2019,IRL,TAX_REV,S13,T_4000,_T,PT_B1GQ,A,1.219
2020,IRL,TAX_REV,S13,T_4000,_T,PT_B1GQ,A,0.965
2021,IRL,TAX_REV,S13,T_4000,_T,PT_B1GQ,A,1.078
2022,IRL,TAX_REV,S13,T_4000,_T,PT_B1GQ,A,0.962
2023,IRL,TAX_REV,S13,T_4000,_T,PT_B1GQ,A,1.009
1995,ISR,TAX_REV,S13,T_4000,_T,PT_B1GQ,A,3.613
1996,ISR,TAX_REV,S13,T_4000,_T,PT_B1GQ,A,3.489
1997,ISR,TAX_REV,S13,T_4000,_T,PT_B1GQ,A,3.312
1998,ISR,TAX_REV,S13,T_4000,_T,PT_B1GQ,A,3.248
1999,ISR,TAX_REV,S13,T_4000,_T,PT_B1GQ,A,3.279
2000,ISR,TAX_REV,S13,T_4000,_T,PT_B1GQ,A,3.231
2001,ISR,TAX_REV,S13,T_4000,_T,PT_B1GQ,A,2.971
2002,ISR,TAX_REV,S13,T_4000,_T,PT_B1GQ,A,2.915
2003,ISR,TAX_REV,S13,T_4000,_T,PT_B1GQ,A,2.871
2004,ISR,TAX_REV,S13,T_4000,_T,PT_B1GQ,A,3.184
2005,ISR,TAX_REV,S13,T_4000,_T,PT_B1GQ,A,3.322
2006,ISR,TAX_REV,S13,T_4000,_T,PT_B1GQ,A,3.184
2007,ISR,TAX_REV,S13,T_4000,_T,PT_B1GQ,A,3.301
2008,ISR,TAX_REV,S13,T_4000,_T,PT_B1GQ,A,3.263
2009,ISR,TAX_REV,S13,T_4000,_T,PT_B1GQ,A,3.132
2010,ISR,TAX_REV,S13,T_4000,_T,PT_B1GQ,A,3.351
2011,ISR,TAX_REV,S13,T_4000,_T,PT_B1GQ,A,3.389
2012,ISR,TAX_REV,S13,T_4000,_T,PT_B1GQ,A,3.106
2013,ISR,TAX_REV,S13,T_4000,_T,PT_B1GQ,A,3.168
2014,ISR,TAX_REV,S13,T_4000,_T,PT_B1GQ,A,3.202
2015,ISR,TAX_REV,S13,T_4000,_T,PT_B1GQ,A,3.443
2016,ISR,TAX_REV,S13,T_4000,_T,PT_B1GQ,A,3.338
2017,ISR,TAX_REV,S13,T_4000,_T,PT_B1GQ,A,3.351
2018,ISR,TAX_REV,S13,T_4000,_T,PT_B1GQ,A,3.306
2019,ISR,TAX_REV,S13,T_4000,_T,PT_B1GQ,A,3.204
2020,ISR,TAX_REV,S13,T_4000,_T,PT_B1GQ,A,3.061
2021,ISR,TAX_REV,S13,T_4000,_T,PT_B1GQ,A,3.898
2022,ISR,TAX_REV,S13,T_4000,_T,PT_B1GQ,A,4.026
2023,ISR,TAX_REV,S13,T_4000,_T,PT_B1GQ,A,3.236
1990,ITA,TAX_REV,S13,T_4000,_T,PT_B1GQ,A,0.818
1991,ITA,TAX_REV,S13,T_4000,_T,PT_B1GQ,A,0.911
1992,ITA,TAX_REV,S13,T_4000,_T,PT_B1GQ,A,1.363
1993,ITA,TAX_REV,S13,T_4000,_T,PT_B1GQ,A,2.191
1994,ITA,TAX_REV,S13,T_4000,_T,PT_B1GQ,A,2.096
1995,ITA,TAX_REV,S13,T_4000,_T,PT_B1GQ,A,2.172
1996,ITA,TAX_REV,S13,T_4000,_T,PT_B1GQ,A,2.154
1997,ITA,TAX_REV,S13,T_4000,_T,PT_B1GQ,A,2.106
1998,ITA,TAX_REV,S13,T_4000,_T,PT_B1GQ,A,1.916
1999,ITA,TAX_REV,S13,T_4000,_T,PT_B1GQ,A,1.859
2000,ITA,TAX_REV,S13,T_4000,_T,PT_B1GQ,A,1.882
2001,ITA,TAX_REV,S13,T_4000,_T,PT_B1GQ,A,1.769
2002,ITA,TAX_REV,S13,T_4000,_T,PT_B1GQ,A,2.041
2003,ITA,TAX_REV,S13,T_4000,_T,PT_B1GQ,A,3.107
2004,ITA,TAX_REV,S13,T_4000,_T,PT_B1GQ,A,2.407
2005,ITA,TAX_REV,S13,T_4000,_T,PT_B1GQ,A,1.955
2006,ITA,TAX_REV,S13,T_4000,_T,PT_B1GQ,A,2.036
2007,ITA,TAX_REV,S13,T_4000,_T,PT_B1GQ,A,2.022
2008,ITA,TAX_REV,S13,T_4000,_T,PT_B1GQ,A,1.786
2009,ITA,TAX_REV,S13,T_4000,_T,PT_B1GQ,A,2.599
2010,ITA,TAX_REV,S13,T_4000,_T,PT_B1GQ,A,2.013
2011,ITA,TAX_REV,S13,T_4000,_T,PT_B1GQ,A,2.189
2012,ITA,TAX_REV,S13,T_4000,_T,PT_B1GQ,A,2.687
2013,ITA,TAX_REV,S13,T_4000,_T,PT_B1GQ,A,2.721
2014,ITA,TAX_REV,S13,T_4000,_T,PT_B1GQ,A,2.88
2015,ITA,TAX_REV,S13,T_4000,_T,PT_B1GQ,A,2.795
2016,ITA,TAX_REV,S13,T_4000,_T,PT_B1GQ,A,2.765
2017,ITA,TAX_REV,S13,T_4000,_T,PT_B1GQ,A,2.503
2018,ITA,TAX_REV,S13,T_4000,_T,PT_B1GQ,A,2.489
2019,ITA,TAX_REV,S13,T_4000,_T,PT_B1GQ,A,2.407
2020,ITA,TAX_REV,S13,T_4000,_T,PT_B1GQ,A,2.434
2021,ITA,TAX_REV,S13,T_4000,_T,PT_B1GQ,A,2.473
2022,ITA,TAX_REV,S13,T_4000,_T,PT_B1GQ,A,2.453
2023,ITA,TAX_REV,S13,T_4000,_T,PT_B1GQ,A,2.25
1990,JPN,TAX_REV,S13,T_4000,_T,PT_B1GQ,A,2.602
1991,JPN,TAX_REV,S13,T_4000,_T,PT_B1GQ,A,2.652
1992,JPN,TAX_REV,S13,T_4000,_T,PT_B1GQ,A,2.833
1993,JPN,TAX_REV,S13,T_4000,_T,PT_B1GQ,A,3.003
1994,JPN,TAX_REV,S13,T_4000,_T,PT_B1GQ,A,2.998
1995,JPN,TAX_REV,S13,T_4000,_T,PT_B1GQ,A,3.087
1996,JPN,TAX_REV,S13,T_4000,_T,PT_B1GQ,A,2.989
1997,JPN,TAX_REV,S13,T_4000,_T,PT_B1GQ,A,2.89
1998,JPN,TAX_REV,S13,T_4000,_T,PT_B1GQ,A,2.785
1999,JPN,TAX_REV,S13,T_4000,_T,PT_B1GQ,A,2.788
2000,JPN,TAX_REV,S13,T_4000,_T,PT_B1GQ,A,2.659
2001,JPN,TAX_REV,S13,T_4000,_T,PT_B1GQ,A,2.684
2002,JPN,TAX_REV,S13,T_4000,_T,PT_B1GQ,A,2.643
2003,JPN,TAX_REV,S13,T_4000,_T,PT_B1GQ,A,2.493
2004,JPN,TAX_REV,S13,T_4000,_T,PT_B1GQ,A,2.474
2005,JPN,TAX_REV,S13,T_4000,_T,PT_B1GQ,A,2.495
2006,JPN,TAX_REV,S13,T_4000,_T,PT_B1GQ,A,2.418
2007,JPN,TAX_REV,S13,T_4000,_T,PT_B1GQ,A,2.44
2008,JPN,TAX_REV,S13,T_4000,_T,PT_B1GQ,A,2.54
2009,JPN,TAX_REV,S13,T_4000,_T,PT_B1GQ,A,2.604
2010,JPN,TAX_REV,S13,T_4000,_T,PT_B1GQ,A,2.551
2011,JPN,TAX_REV,S13,T_4000,_T,PT_B1GQ,A,2.62
2012,JPN,TAX_REV,S13,T_4000,_T,PT_B1GQ,A,2.546
2013,JPN,TAX_REV,S13,T_4000,_T,PT_B1GQ,A,2.524
2014,JPN,TAX_REV,S13,T_4000,_T,PT_B1GQ,A,2.542
2015,JPN,TAX_REV,S13,T_4000,_T,PT_B1GQ,A,2.478
2016,JPN,TAX_REV,S13,T_4000,_T,PT_B1GQ,A,2.528
2017,JPN,TAX_REV,S13,T_4000,_T,PT_B1GQ,A,2.532
2018,JPN,TAX_REV,S13,T_4000,_T,PT_B1GQ,A,2.551
2019,JPN,TAX_REV,S13,T_4000,_T,PT_B1GQ,A,2.575
2020,JPN,TAX_REV,S13,T_4000,_T,PT_B1GQ,A,2.659
2021,JPN,TAX_REV,S13,T_4000,_T,PT_B1GQ,A,2.664
2022,JPN,TAX_REV,S13,T_4000,_T,PT_B1GQ,A,2.711
2023,JPN,TAX_REV,S13,T_4000,_T,PT_B1GQ,A,2.589
1990,KOR,TAX_REV,S13,T_4000,_T,PT_B1GQ,A,2.188
1991,KOR,TAX_REV,S13,T_4000,_T,PT_B1GQ,A,2.305
1992,KOR,TAX_REV,S13,T_4000,_T,PT_B1GQ,A,2.313
1993,KOR,TAX_REV,S13,T_4000,_T,PT_B1GQ,A,2.587
1994,KOR,TAX_REV,S13,T_4000,_T,PT_B1GQ,A,2.676
1995,KOR,TAX_REV,S13,T_4000,_T,PT_B1GQ,A,2.618
1996,KOR,TAX_REV,S13,T_4000,_T,PT_B1GQ,A,2.498
1997,KOR,TAX_REV,S13,T_4000,_T,PT_B1GQ,A,2.415
1998,KOR,TAX_REV,S13,T_4000,_T,PT_B1GQ,A,2.061
1999,KOR,TAX_REV,S13,T_4000,_T,PT_B1GQ,A,2.631
2000,KOR,TAX_REV,S13,T_4000,_T,PT_B1GQ,A,2.585
2001,KOR,TAX_REV,S13,T_4000,_T,PT_B1GQ,A,2.421
2002,KOR,TAX_REV,S13,T_4000,_T,PT_B1GQ,A,2.71
2003,KOR,TAX_REV,S13,T_4000,_T,PT_B1GQ,A,2.59
2004,KOR,TAX_REV,S13,T_4000,_T,PT_B1GQ,A,2.382
2005,KOR,TAX_REV,S13,T_4000,_T,PT_B1GQ,A,2.579
2006,KOR,TAX_REV,S13,T_4000,_T,PT_B1GQ,A,2.984
2007,KOR,TAX_REV,S13,T_4000,_T,PT_B1GQ,A,3.038
2008,KOR,TAX_REV,S13,T_4000,_T,PT_B1GQ,A,2.813
2009,KOR,TAX_REV,S13,T_4000,_T,PT_B1GQ,A,2.638
2010,KOR,TAX_REV,S13,T_4000,_T,PT_B1GQ,A,2.534
2011,KOR,TAX_REV,S13,T_4000,_T,PT_B1GQ,A,2.632
2012,KOR,TAX_REV,S13,T_4000,_T,PT_B1GQ,A,2.515
2013,KOR,TAX_REV,S13,T_4000,_T,PT_B1GQ,A,2.388
2014,KOR,TAX_REV,S13,T_4000,_T,PT_B1GQ,A,2.579
2015,KOR,TAX_REV,S13,T_4000,_T,PT_B1GQ,A,2.933
2016,KOR,TAX_REV,S13,T_4000,_T,PT_B1GQ,A,2.862
2017,KOR,TAX_REV,S13,T_4000,_T,PT_B1GQ,A,2.964
2018,KOR,TAX_REV,S13,T_4000,_T,PT_B1GQ,A,3.098
2019,KOR,TAX_REV,S13,T_4000,_T,PT_B1GQ,A,3.104
2020,KOR,TAX_REV,S13,T_4000,_T,PT_B1GQ,A,3.942
2021,KOR,TAX_REV,S13,T_4000,_T,PT_B1GQ,A,4.483
2022,KOR,TAX_REV,S13,T_4000,_T,PT_B1GQ,A,3.796
2023,KOR,TAX_REV,S13,T_4000,_T,PT_B1GQ,A,3.323
1995,LVA,TAX_REV,S13,T_4000,_T,PT_B1GQ,A,1.004
1996,LVA,TAX_REV,S13,T_4000,_T,PT_B1GQ,A,1.07
1997,LVA,TAX_REV,S13,T_4000,_T,PT_B1GQ,A,1.135
1998,LVA,TAX_REV,S13,T_4000,_T,PT_B1GQ,A,1.274
1999,LVA,TAX_REV,S13,T_4000,_T,PT_B1GQ,A,1.0
2000,LVA,TAX_REV,S13,T_4000,_T,PT_B1GQ,A,1.1
2001,LVA,TAX_REV,S13,T_4000,_T,PT_B1GQ,A,1.062
2002,LVA,TAX_REV,S13,T_4000,_T,PT_B1GQ,A,0.986
2003,LVA,TAX_REV,S13,T_4000,_T,PT_B1GQ,A,1.024
2004,LVA,TAX_REV,S13,T_4000,_T,PT_B1GQ,A,1.021
2005,LVA,TAX_REV,S13,T_4000,_T,PT_B1GQ,A,0.99
2006,LVA,TAX_REV,S13,T_4000,_T,PT_B1GQ,A,0.987
2007,LVA,TAX_REV,S13,T_4000,_T,PT_B1GQ,A,0.86
2008,LVA,TAX_REV,S13,T_4000,_T,PT_B1GQ,A,0.631
2009,LVA,TAX_REV,S13,T_4000,_T,PT_B1GQ,A,0.702
2010,LVA,TAX_REV,S13,T_4000,_T,PT_B1GQ,A,0.868
2011,LVA,TAX_REV,S13,T_4000,_T,PT_B1GQ,A,0.999
2012,LVA,TAX_REV,S13,T_4000,_T,PT_B1GQ,A,0.964
2013,LVA,TAX_REV,S13,T_4000,_T,PT_B1GQ,A,0.971
2014,LVA,TAX_REV,S13,T_4000,_T,PT_B1GQ,A,1.046
2015,LVA,TAX_REV,S13,T_4000,_T,PT_B1GQ,A,1.013
2016,LVA,TAX_REV,S13,T_4000,_T,PT_B1GQ,A,1.069
2017,LVA,TAX_REV,S13,T_4000,_T,PT_B1GQ,A,1.039
2018,LVA,TAX_REV,S13,T_4000,_T,PT_B1GQ,A,0.955
2019,LVA,TAX_REV,S13,T_4000,_T,PT_B1GQ,A,0.94
2020,LVA,TAX_REV,S13,T_4000,_T,PT_B1GQ,A,0.933
2021,LVA,TAX_REV,S13,T_4000,_T,PT_B1GQ,A,0.889
2022,LVA,TAX_REV,S13,T_4000,_T,PT_B1GQ,A,0.767
2023,LVA,TAX_REV,S13,T_4000,_T,PT_B1GQ,A,0.728
1995,LTU,TAX_REV,S13,T_4000,_T,PT_B1GQ,A,0.322
1996,LTU,TAX_REV,S13,T_4000,_T,PT_B1GQ,A,0.362
1997,LTU,TAX_REV,S13,T_4000,_T,PT_B1GQ,A,0.405
1998,LTU,TAX_REV,S13,T_4000,_T,PT_B1GQ,A,0.411
1999,LTU,TAX_REV,S13,T_4000,_T,PT_B1GQ,A,0.454
2000,LTU,TAX_REV,S13,T_4000,_T,PT_B1GQ,A,0.461
2001,LTU,TAX_REV,S13,T_4000,_T,PT_B1GQ,A,0.484
2002,LTU,TAX_REV,S13,T_4000,_T,PT_B1GQ,A,0.484
2003,LTU,TAX_REV,S13,T_4000,_T,PT_B1GQ,A,0.43
2004,LTU,TAX_REV,S13,T_4000,_T,PT_B1GQ,A,0.394
2005,LTU,TAX_REV,S13,T_4000,_T,PT_B1GQ,A,0.344
2006,LTU,TAX_REV,S13,T_4000,_T,PT_B1GQ,A,0.329
2007,LTU,TAX_REV,S13,T_4000,_T,PT_B1GQ,A,0.288
2008,LTU,TAX_REV,S13,T_4000,_T,PT_B1GQ,A,0.273
2009,LTU,TAX_REV,S13,T_4000,_T,PT_B1GQ,A,0.351
2010,LTU,TAX_REV,S13,T_4000,_T,PT_B1GQ,A,0.366
2011,LTU,TAX_REV,S13,T_4000,_T,PT_B1GQ,A,0.31
2012,LTU,TAX_REV,S13,T_4000,_T,PT_B1GQ,A,0.284
2013,LTU,TAX_REV,S13,T_4000,_T,PT_B1GQ,A,0.276
2014,LTU,TAX_REV,S13,T_4000,_T,PT_B1GQ,A,0.296
2015,LTU,TAX_REV,S13,T_4000,_T,PT_B1GQ,A,0.338
2016,LTU,TAX_REV,S13,T_4000,_T,PT_B1GQ,A,0.328
2017,LTU,TAX_REV,S13,T_4000,_T,PT_B1GQ,A,0.305
2018,LTU,TAX_REV,S13,T_4000,_T,PT_B1GQ,A,0.301
2019,LTU,TAX_REV,S13,T_4000,_T,PT_B1GQ,A,0.304
2020,LTU,TAX_REV,S13,T_4000,_T,PT_B1GQ,A,0.301
2021,LTU,TAX_REV,S13,T_4000,_T,PT_B1GQ,A,0.294
2022,LTU,TAX_REV,S13,T_4000,_T,PT_B1GQ,A,0.288
2023,LTU,TAX_REV,S13,T_4000,_T,PT_B1GQ,A,0.305
1990,LUX,TAX_REV,S13,T_4000,_T,PT_B1GQ,A,2.921
1991,LUX,TAX_REV,S13,T_4000,_T,PT_B1GQ,A,2.515
1992,LUX,TAX_REV,S13,T_4000,_T,PT_B1GQ,A,2.683
1993,LUX,TAX_REV,S13,T_4000,_T,PT_B1GQ,A,2.835
1994,LUX,TAX_REV,S13,T_4000,_T,PT_B1GQ,A,2.754
1995,LUX,TAX_REV,S13,T_4000,_T,PT_B1GQ,A,2.573
1996,LUX,TAX_REV,S13,T_4000,_T,PT_B1GQ,A,2.796
1997,LUX,TAX_REV,S13,T_4000,_T,PT_B1GQ,A,2.953
1998,LUX,TAX_REV,S13,T_4000,_T,PT_B1GQ,A,3.267
1999,LUX,TAX_REV,S13,T_4000,_T,PT_B1GQ,A,3.653
2000,LUX,TAX_REV,S13,T_4000,_T,PT_B1GQ,A,3.957
2001,LUX,TAX_REV,S13,T_4000,_T,PT_B1GQ,A,3.627
2002,LUX,TAX_REV,S13,T_4000,_T,PT_B1GQ,A,3.015
2003,LUX,TAX_REV,S13,T_4000,_T,PT_B1GQ,A,2.797
2004,LUX,TAX_REV,S13,T_4000,_T,PT_B1GQ,A,2.827
2005,LUX,TAX_REV,S13,T_4000,_T,PT_B1GQ,A,3.18
2006,LUX,TAX_REV,S13,T_4000,_T,PT_B1GQ,A,3.298
2007,LUX,TAX_REV,S13,T_4000,_T,PT_B1GQ,A,3.438
2008,LUX,TAX_REV,S13,T_4000,_T,PT_B1GQ,A,2.585
2009,LUX,TAX_REV,S13,T_4000,_T,PT_B1GQ,A,2.397
2010,LUX,TAX_REV,S13,T_4000,_T,PT_B1GQ,A,2.505
2011,LUX,TAX_REV,S13,T_4000,_T,PT_B1GQ,A,2.506
2012,LUX,TAX_REV,S13,T_4000,_T,PT_B1GQ,A,2.56
2013,LUX,TAX_REV,S13,T_4000,_T,PT_B1GQ,A,2.64
2014,LUX,TAX_REV,S13,T_4000,_T,PT_B1GQ,A,2.81
2015,LUX,TAX_REV,S13,T_4000,_T,PT_B1GQ,A,3.167
2016,LUX,TAX_REV,S13,T_4000,_T,PT_B1GQ,A,3.334
2017,LUX,TAX_REV,S13,T_4000,_T,PT_B1GQ,A,3.551
2018,LUX,TAX_REV,S13,T_4000,_T,PT_B1GQ,A,3.85
2019,LUX,TAX_REV,S13,T_4000,_T,PT_B1GQ,A,3.869
2020,LUX,TAX_REV,S13,T_4000,_T,PT_B1GQ,A,3.817
2021,LUX,TAX_REV,S13,T_4000,_T,PT_B1GQ,A,4.024
2022,LUX,TAX_REV,S13,T_4000,_T,PT_B1GQ,A,3.693
2023,LUX,TAX_REV,S13,T_4000,_T,PT_B1GQ,A,3.52
1990,MEX,TAX_REV,S13,T_4000,_T,PT_B1GQ,A,0.216
1991,MEX,TAX_REV,S13,T_4000,_T,PT_B1GQ,A,0.265
1992,MEX,TAX_REV,S13,T_4000,_T,PT_B1GQ,A,0.307
1993,MEX,TAX_REV,S13,T_4000,_T,PT_B1GQ,A,0.285
1994,MEX,TAX_REV,S13,T_4000,_T,PT_B1GQ,A,0.272
1995,MEX,TAX_REV,S13,T_4000,_T,PT_B1GQ,A,0.231
1996,MEX,TAX_REV,S13,T_4000,_T,PT_B1GQ,A,0.208
1997,MEX,TAX_REV,S13,T_4000,_T,PT_B1GQ,A,0.193
1998,MEX,TAX_REV,S13,T_4000,_T,PT_B1GQ,A,0.192
1999,MEX,TAX_REV,S13,T_4000,_T,PT_B1GQ,A,0.191
2000,MEX,TAX_REV,S13,T_4000,_T,PT_B1GQ,A,0.199
2001,MEX,TAX_REV,S13,T_4000,_T,PT_B1GQ,A,0.225
2002,MEX,TAX_REV,S13,T_4000,_T,PT_B1GQ,A,0.248
2003,MEX,TAX_REV,S13,T_4000,_T,PT_B1GQ,A,0.249
2004,MEX,TAX_REV,S13,T_4000,_T,PT_B1GQ,A,0.248
2005,MEX,TAX_REV,S13,T_4000,_T,PT_B1GQ,A,0.268
2006,MEX,TAX_REV,S13,T_4000,_T,PT_B1GQ,A,0.266
2007,MEX,TAX_REV,S13,T_4000,_T,PT_B1GQ,A,0.275
2008,MEX,TAX_REV,S13,T_4000,_T,PT_B1GQ,A,0.277
2009,MEX,TAX_REV,S13,T_4000,_T,PT_B1GQ,A,0.278
2010,MEX,TAX_REV,S13,T_4000,_T,PT_B1GQ,A,0.279
2011,MEX,TAX_REV,S13,T_4000,_T,PT_B1GQ,A,0.27
2012,MEX,TAX_REV,S13,T_4000,_T,PT_B1GQ,A,0.273
2013,MEX,TAX_REV,S13,T_4000,_T,PT_B1GQ,A,0.273
2014,MEX,TAX_REV,S13,T_4000,_T,PT_B1GQ,A,0.303
2015,MEX,TAX_REV,S13,T_4000,_T,PT_B1GQ,A,0.3
2016,MEX,TAX_REV,S13,T_4000,_T,PT_B1GQ,A,0.305
2017,MEX,TAX_REV,S13,T_4000,_T,PT_B1GQ,A,0.301
2018,MEX,TAX_REV,S13,T_4000,_T,PT_B1GQ,A,0.319
2019,MEX,TAX_REV,S13,T_4000,_T,PT_B1GQ,A,0.315
2020,MEX,TAX_REV,S13,T_4000,_T,PT_B1GQ,A,0.329
2021,MEX,TAX_REV,S13,T_4000,_T,PT_B1GQ,A,0.339
2022,MEX,TAX_REV,S13,T_4000,_T,PT_B1GQ,A,0.357
2023,MEX,TAX_REV,S13,T_4000,_T,PT_B1GQ,A,0.301
1990,NLD,TAX_REV,S13,T_4000,_T,PT_B1GQ,A,1.449
1991,NLD,TAX_REV,S13,T_4000,_T,PT_B1GQ,A,1.489
1992,NLD,TAX_REV,S13,T_4000,_T,PT_B1GQ,A,1.488
1993,NLD,TAX_REV,S13,T_4000,_T,PT_B1GQ,A,1.578
1994,NLD,TAX_REV,S13,T_4000,_T,PT_B1GQ,A,1.66
1995,NLD,TAX_REV,S13,T_4000,_T,PT_B1GQ,A,1.566
1996,NLD,TAX_REV,S13,T_4000,_T,PT_B1GQ,A,1.687
1997,NLD,TAX_REV,S13,T_4000,_T,PT_B1GQ,A,1.763
1998,NLD,TAX_REV,S13,T_4000,_T,PT_B1GQ,A,1.805
1999,NLD,TAX_REV,S13,T_4000,_T,PT_B1GQ,A,1.896
2000,NLD,TAX_REV,S13,T_4000,_T,PT_B1GQ,A,1.945
2001,NLD,TAX_REV,S13,T_4000,_T,PT_B1GQ,A,1.794
2002,NLD,TAX_REV,S13,T_4000,_T,PT_B1GQ,A,1.843
2003,NLD,TAX_REV,S13,T_4000,_T,PT_B1GQ,A,1.759
2004,NLD,TAX_REV,S13,T_4000,_T,PT_B1GQ,A,1.824
2005,NLD,TAX_REV,S13,T_4000,_T,PT_B1GQ,A,1.912
2006,NLD,TAX_REV,S13,T_4000,_T,PT_B1GQ,A,1.674
2007,NLD,TAX_REV,S13,T_4000,_T,PT_B1GQ,A,1.664
2008,NLD,TAX_REV,S13,T_4000,_T,PT_B1GQ,A,1.519
2009,NLD,TAX_REV,S13,T_4000,_T,PT_B1GQ,A,1.375
2010,NLD,TAX_REV,S13,T_4000,_T,PT_B1GQ,A,1.364
2011,NLD,TAX_REV,S13,T_4000,_T,PT_B1GQ,A,1.206
2012,NLD,TAX_REV,S13,T_4000,_T,PT_B1GQ,A,1.073
2013,NLD,TAX_REV,S13,T_4000,_T,PT_B1GQ,A,1.215
2014,NLD,TAX_REV,S13,T_4000,_T,PT_B1GQ,A,1.416
2015,NLD,TAX_REV,S13,T_4000,_T,PT_B1GQ,A,1.397
2016,NLD,TAX_REV,S13,T_4000,_T,PT_B1GQ,A,1.495
2017,NLD,TAX_REV,S13,T_4000,_T,PT_B1GQ,A,1.53
2018,NLD,TAX_REV,S13,T_4000,_T,PT_B1GQ,A,1.542
2019,NLD,TAX_REV,S13,T_4000,_T,PT_B1GQ,A,1.468
2020,NLD,TAX_REV,S13,T_4000,_T,PT_B1GQ,A,1.659
2021,NLD,TAX_REV,S13,T_4000,_T,PT_B1GQ,A,1.583
2022,NLD,TAX_REV,S13,T_4000,_T,PT_B1GQ,A,1.487
2023,NLD,TAX_REV,S13,T_4000,_T,PT_B1GQ,A,1.243
1990,NZL,TAX_REV,S13,T_4000,_T,PT_B1GQ,A,2.476
1991,NZL,TAX_REV,S13,T_4000,_T,PT_B1GQ,A,2.202
1992,NZL,TAX_REV,S13,T_4000,_T,PT_B1GQ,A,2.093
1993,NZL,TAX_REV,S13,T_4000,_T,PT_B1GQ,A,1.934
1994,NZL,TAX_REV,S13,T_4000,_T,PT_B1GQ,A,1.893
1995,NZL,TAX_REV,S13,T_4000,_T,PT_B1GQ,A,1.91
1996,NZL,TAX_REV,S13,T_4000,_T,PT_B1GQ,A,1.879
1997,NZL,TAX_REV,S13,T_4000,_T,PT_B1GQ,A,1.828
1998,NZL,TAX_REV,S13,T_4000,_T,PT_B1GQ,A,1.813
1999,NZL,TAX_REV,S13,T_4000,_T,PT_B1GQ,A,1.886
2000,NZL,TAX_REV,S13,T_4000,_T,PT_B1GQ,A,1.728
2001,NZL,TAX_REV,S13,T_4000,_T,PT_B1GQ,A,1.67
2002,NZL,TAX_REV,S13,T_4000,_T,PT_B1GQ,A,1.703
2003,NZL,TAX_REV,S13,T_4000,_T,PT_B1GQ,A,1.7
2004,NZL,TAX_REV,S13,T_4000,_T,PT_B1GQ,A,1.723
2005,NZL,TAX_REV,S13,T_4000,_T,PT_B1GQ,A,1.77
2006,NZL,TAX_REV,S13,T_4000,_T,PT_B1GQ,A,1.828
2007,NZL,TAX_REV,S13,T_4000,_T,PT_B1GQ,A,1.809
2008,NZL,TAX_REV,S13,T_4000,_T,PT_B1GQ,A,1.945
2009,NZL,TAX_REV,S13,T_4000,_T,PT_B1GQ,A,1.96
2010,NZL,TAX_REV,S13,T_4000,_T,PT_B1GQ,A,2.003
2011,NZL,TAX_REV,S13,T_4000,_T,PT_B1GQ,A,1.999
2012,NZL,TAX_REV,S13,T_4000,_T,PT_B1GQ,A,2.005
2013,NZL,TAX_REV,S13,T_4000,_T,PT_B1GQ,A,1.935
2014,NZL,TAX_REV,S13,T_4000,_T,PT_B1GQ,A,1.951
2015,NZL,TAX_REV,S13,T_4000,_T,PT_B1GQ,A,1.95
2016,NZL,TAX_REV,S13,T_4000,_T,PT_B1GQ,A,1.908
2017,NZL,TAX_REV,S13,T_4000,_T,PT_B1GQ,A,1.872
2018,NZL,TAX_REV,S13,T_4000,_T,PT_B1GQ,A,1.881
2019,NZL,TAX_REV,S13,T_4000,_T,PT_B1GQ,A,1.935
2020,NZL,TAX_REV,S13,T_4000,_T,PT_B1GQ,A,1.855
2021,NZL,TAX_REV,S13,T_4000,_T,PT_B1GQ,A,1.918
2022,NZL,TAX_REV,S13,T_4000,_T,PT_B1GQ,A,1.918
2023,NZL,TAX_REV,S13,T_4000,_T,PT_B1GQ,A,2.023
1990,NOR,TAX_REV,S13,T_4000,_T,PT_B1GQ,A,1.185
1991,NOR,TAX_REV,S13,T_4000,_T,PT_B1GQ,A,1.161
1992,NOR,TAX_REV,S13,T_4000,_T,PT_B1GQ,A,1.147
1993,NOR,TAX_REV,S13,T_4000,_T,PT_B1GQ,A,1.045
1994,NOR,TAX_REV,S13,T_4000,_T,PT_B1GQ,A,1.091
1995,NOR,TAX_REV,S13,T_4000,_T,PT_B1GQ,A,1.126
1996,NOR,TAX_REV,S13,T_4000,_T,PT_B1GQ,A,1.119
1997,NOR,TAX_REV,S13,T_4000,_T,PT_B1GQ,A,1.086
1998,NOR,TAX_REV,S13,T_4000,_T,PT_B1GQ,A,0.99
1999,NOR,TAX_REV,S13,T_4000,_T,PT_B1GQ,A,1.027
2000,NOR,TAX_REV,S13,T_4000,_T,PT_B1GQ,A,0.912
2001,NOR,TAX_REV,S13,T_4000,_T,PT_B1GQ,A,0.917
2002,NOR,TAX_REV,S13,T_4000,_T,PT_B1GQ,A,0.953
2003,NOR,TAX_REV,S13,T_4000,_T,PT_B1GQ,A,0.988
2004,NOR,TAX_REV,S13,T_4000,_T,PT_B1GQ,A,0.992
2005,NOR,TAX_REV,S13,T_4000,_T,PT_B1GQ,A,0.982
2006,NOR,TAX_REV,S13,T_4000,_T,PT_B1GQ,A,0.953
2007,NOR,TAX_REV,S13,T_4000,_T,PT_B1GQ,A,1.049
2008,NOR,TAX_REV,S13,T_4000,_T,PT_B1GQ,A,0.936
2009,NOR,TAX_REV,S13,T_4000,_T,PT_B1GQ,A,1.078
2010,NOR,TAX_REV,S13,T_4000,_T,PT_B1GQ,A,1.07
2011,NOR,TAX_REV,S13,T_4000,_T,PT_B1GQ,A,1.036
2012,NOR,TAX_REV,S13,T_4000,_T,PT_B1GQ,A,1.032
2013,NOR,TAX_REV,S13,T_4000,_T,PT_B1GQ,A,1.063
2014,NOR,TAX_REV,S13,T_4000,_T,PT_B1GQ,A,1.055
2015,NOR,TAX_REV,S13,T_4000,_T,PT_B1GQ,A,1.057
2016,NOR,TAX_REV,S13,T_4000,_T,PT_B1GQ,A,1.137
2017,NOR,TAX_REV,S13,T_4000,_T,PT_B1GQ,A,1.164
2018,NOR,TAX_REV,S13,T_4000,_T,PT_B1GQ,A,1.114
2019,NOR,TAX_REV,S13,T_4000,_T,PT_B1GQ,A,1.171
2020,NOR,TAX_REV,S13,T_4000,_T,PT_B1GQ,A,1.27
2021,NOR,TAX_REV,S13,T_4000,_T,PT_B1GQ,A,1.102
2022,NOR,TAX_REV,S13,T_4000,_T,PT_B1GQ,A,0.968
2023,NOR,TAX_REV,S13,T_4000,_T,PT_B1GQ,A,1.197
1991,POL,TAX_REV,S13,T_4000,_T,PT_B1GQ,A,1.337
1992,POL,TAX_REV,S13,T_4000,_T,PT_B1GQ,A,1.256
1993,POL,TAX_REV,S13,T_4000,_T,PT_B1GQ,A,1.349
1994,POL,TAX_REV,S13,T_4000,_T,PT_B1GQ,A,1.223
1995,POL,TAX_REV,S13,T_4000,_T,PT_B1GQ,A,1.266
1996,POL,TAX_REV,S13,T_4000,_T,PT_B1GQ,A,1.308
1997,POL,TAX_REV,S13,T_4000,_T,PT_B1GQ,A,1.348
1998,POL,TAX_REV,S13,T_4000,_T,PT_B1GQ,A,1.372
1999,POL,TAX_REV,S13,T_4000,_T,PT_B1GQ,A,1.446
2000,POL,TAX_REV,S13,T_4000,_T,PT_B1GQ,A,1.414
2001,POL,TAX_REV,S13,T_4000,_T,PT_B1GQ,A,1.668
2002,POL,TAX_REV,S13,T_4000,_T,PT_B1GQ,A,1.626
2003,POL,TAX_REV,S13,T_4000,_T,PT_B1GQ,A,1.519
2004,POL,TAX_REV,S13,T_4000,_T,PT_B1GQ,A,1.489
2005,POL,TAX_REV,S13,T_4000,_T,PT_B1GQ,A,1.486
2006,POL,TAX_REV,S13,T_4000,_T,PT_B1GQ,A,1.446
2007,POL,TAX_REV,S13,T_4000,_T,PT_B1GQ,A,1.441
2008,POL,TAX_REV,S13,T_4000,_T,PT_B1GQ,A,1.426
2009,POL,TAX_REV,S13,T_4000,_T,PT_B1GQ,A,1.344
2010,POL,TAX_REV,S13,T_4000,_T,PT_B1GQ,A,1.329
2011,POL,TAX_REV,S13,T_4000,_T,PT_B1GQ,A,1.293
2012,POL,TAX_REV,S13,T_4000,_T,PT_B1GQ,A,1.348
2013,POL,TAX_REV,S13,T_4000,_T,PT_B1GQ,A,1.418
2014,POL,TAX_REV,S13,T_4000,_T,PT_B1GQ,A,1.411
2015,POL,TAX_REV,S13,T_4000,_T,PT_B1GQ,A,1.37
2016,POL,TAX_REV,S13,T_4000,_T,PT_B1GQ,A,1.382
2017,POL,TAX_REV,S13,T_4000,_T,PT_B1GQ,A,1.367
2018,POL,TAX_REV,S13,T_4000,_T,PT_B1GQ,A,1.31
2019,POL,TAX_REV,S13,T_4000,_T,PT_B1GQ,A,1.267
2020,POL,TAX_REV,S13,T_4000,_T,PT_B1GQ,A,1.296
2021,POL,TAX_REV,S13,T_4000,_T,PT_B1GQ,A,1.277
2022,POL,TAX_REV,S13,T_4000,_T,PT_B1GQ,A,1.164
2023,POL,TAX_REV,S13,T_4000,_T,PT_B1GQ,A,1.141
1990,PRT,TAX_REV,S13,T_4000,_T,PT_B1GQ,A,0.718
1991,PRT,TAX_REV,S13,T_4000,_T,PT_B1GQ,A,0.738
1992,PRT,TAX_REV,S13,T_4000,_T,PT_B1GQ,A,0.682
1993,PRT,TAX_REV,S13,T_4000,_T,PT_B1GQ,A,0.683
1994,PRT,TAX_REV,S13,T_4000,_T,PT_B1GQ,A,0.691
1995,PRT,TAX_REV,S13,T_4000,_T,PT_B1GQ,A,0.927
1996,PRT,TAX_REV,S13,T_4000,_T,PT_B1GQ,A,0.874
1997,PRT,TAX_REV,S13,T_4000,_T,PT_B1GQ,A,0.881
1998,PRT,TAX_REV,S13,T_4000,_T,PT_B1GQ,A,1.004
1999,PRT,TAX_REV,S13,T_4000,_T,PT_B1GQ,A,1.157
2000,PRT,TAX_REV,S13,T_4000,_T,PT_B1GQ,A,1.143
2001,PRT,TAX_REV,S13,T_4000,_T,PT_B1GQ,A,1.068
2002,PRT,TAX_REV,S13,T_4000,_T,PT_B1GQ,A,1.139
2003,PRT,TAX_REV,S13,T_4000,_T,PT_B1GQ,A,1.108
2004,PRT,TAX_REV,S13,T_4000,_T,PT_B1GQ,A,1.071
2005,PRT,TAX_REV,S13,T_4000,_T,PT_B1GQ,A,1.166
2006,PRT,TAX_REV,S13,T_4000,_T,PT_B1GQ,A,1.219
2007,PRT,TAX_REV,S13,T_4000,_T,PT_B1GQ,A,1.328
2008,PRT,TAX_REV,S13,T_4000,_T,PT_B1GQ,A,1.227
2009,PRT,TAX_REV,S13,T_4000,_T,PT_B1GQ,A,1.123
2010,PRT,TAX_REV,S13,T_4000,_T,PT_B1GQ,A,1.129
2011,PRT,TAX_REV,S13,T_4000,_T,PT_B1GQ,A,1.096
2012,PRT,TAX_REV,S13,T_4000,_T,PT_B1GQ,A,1.183
2013,PRT,TAX_REV,S13,T_4000,_T,PT_B1GQ,A,1.123
2014,PRT,TAX_REV,S13,T_4000,_T,PT_B1GQ,A,1.23
2015,PRT,TAX_REV,S13,T_4000,_T,PT_B1GQ,A,1.284
2016,PRT,TAX_REV,S13,T_4000,_T,PT_B1GQ,A,1.282
2017,PRT,TAX_REV,S13,T_4000,_T,PT_B1GQ,A,1.356
2018,PRT,TAX_REV,S13,T_4000,_T,PT_B1GQ,A,1.445
2019,PRT,TAX_REV,S13,T_4000,_T,PT_B1GQ,A,1.436
2020,PRT,TAX_REV,S13,T_4000,_T,PT_B1GQ,A,1.44
2021,PRT,TAX_REV,S13,T_4000,_T,PT_B1GQ,A,1.541
2022,PRT,TAX_REV,S13,T_4000,_T,PT_B1GQ,A,1.54
2023,PRT,TAX_REV,S13,T_4000,_T,PT_B1GQ,A,1.423
1995,SVK,TAX_REV,S13,T_4000,_T,PT_B1GQ,A,0.561
1996,SVK,TAX_REV,S13,T_4000,_T,PT_B1GQ,A,0.652
1997,SVK,TAX_REV,S13,T_4000,_T,PT_B1GQ,A,0.644
1998,SVK,TAX_REV,S13,T_4000,_T,PT_B1GQ,A,0.632
1999,SVK,TAX_REV,S13,T_4000,_T,PT_B1GQ,A,0.638
2000,SVK,TAX_REV,S13,T_4000,_T,PT_B1GQ,A,0.612
2001,SVK,TAX_REV,S13,T_4000,_T,PT_B1GQ,A,0.577
2002,SVK,TAX_REV,S13,T_4000,_T,PT_B1GQ,A,0.585
2003,SVK,TAX_REV,S13,T_4000,_T,PT_B1GQ,A,0.568
2004,SVK,TAX_REV,S13,T_4000,_T,PT_B1GQ,A,0.536
2005,SVK,TAX_REV,S13,T_4000,_T,PT_B1GQ,A,0.49
2006,SVK,TAX_REV,S13,T_4000,_T,PT_B1GQ,A,0.435
2007,SVK,TAX_REV,S13,T_4000,_T,PT_B1GQ,A,0.388
2008,SVK,TAX_REV,S13,T_4000,_T,PT_B1GQ,A,0.366
2009,SVK,TAX_REV,S13,T_4000,_T,PT_B1GQ,A,0.417
2010,SVK,TAX_REV,S13,T_4000,_T,PT_B1GQ,A,0.403
2011,SVK,TAX_REV,S13,T_4000,_T,PT_B1GQ,A,0.399
2012,SVK,TAX_REV,S13,T_4000,_T,PT_B1GQ,A,0.429
2013,SVK,TAX_REV,S13,T_4000,_T,PT_B1GQ,A,0.439
2014,SVK,TAX_REV,S13,T_4000,_T,PT_B1GQ,A,0.433
2015,SVK,TAX_REV,S13,T_4000,_T,PT_B1GQ,A,0.418
2016,SVK,TAX_REV,S13,T_4000,_T,PT_B1GQ,A,0.428
2017,SVK,TAX_REV,S13,T_4000,_T,PT_B1GQ,A,0.426
2018,SVK,TAX_REV,S13,T_4000,_T,PT_B1GQ,A,0.411
2019,SVK,TAX_REV,S13,T_4000,_T,PT_B1GQ,A,0.4
2020,SVK,TAX_REV,S13,T_4000,_T,PT_B1GQ,A,0.468
2021,SVK,TAX_REV,S13,T_4000,_T,PT_B1GQ,A,0.465
2022,SVK,TAX_REV,S13,T_4000,_T,PT_B1GQ,A,0.427
2023,SVK,TAX_REV,S13,T_4000,_T,PT_B1GQ,A,0.415
1995,SVN,TAX_REV,S13,T_4000,_T,PT_B1GQ,A,0.544
1996,SVN,TAX_REV,S13,T_4000,_T,PT_B1GQ,A,0.528
1997,SVN,TAX_REV,S13,T_4000,_T,PT_B1GQ,A,0.624
1998,SVN,TAX_REV,S13,T_4000,_T,PT_B1GQ,A,0.813
1999,SVN,TAX_REV,S13,T_4000,_T,PT_B1GQ,A,0.741
2000,SVN,TAX_REV,S13,T_4000,_T,PT_B1GQ,A,0.639
2001,SVN,TAX_REV,S13,T_4000,_T,PT_B1GQ,A,0.684
2002,SVN,TAX_REV,S13,T_4000,_T,PT_B1GQ,A,0.644
2003,SVN,TAX_REV,S13,T_4000,_T,PT_B1GQ,A,0.561
2004,SVN,TAX_REV,S13,T_4000,_T,PT_B1GQ,A,0.595
2005,SVN,TAX_REV,S13,T_4000,_T,PT_B1GQ,A,0.584
2006,SVN,TAX_REV,S13,T_4000,_T,PT_B1GQ,A,0.6
2007,SVN,TAX_REV,S13,T_4000,_T,PT_B1GQ,A,0.588
2008,SVN,TAX_REV,S13,T_4000,_T,PT_B1GQ,A,0.564
2009,SVN,TAX_REV,S13,T_4000,_T,PT_B1GQ,A,0.578
2010,SVN,TAX_REV,S13,T_4000,_T,PT_B1GQ,A,0.61
2011,SVN,TAX_REV,S13,T_4000,_T,PT_B1GQ,A,0.592
2012,SVN,TAX_REV,S13,T_4000,_T,PT_B1GQ,A,0.625
2013,SVN,TAX_REV,S13,T_4000,_T,PT_B1GQ,A,0.636
2014,SVN,TAX_REV,S13,T_4000,_T,PT_B1GQ,A,0.619
2015,SVN,TAX_REV,S13,T_4000,_T,PT_B1GQ,A,0.62
2016,SVN,TAX_REV,S13,T_4000,_T,PT_B1GQ,A,0.629
2017,SVN,TAX_REV,S13,T_4000,_T,PT_B1GQ,A,0.643
2018,SVN,TAX_REV,S13,T_4000,_T,PT_B1GQ,A,0.602
2019,SVN,TAX_REV,S13,T_4000,_T,PT_B1GQ,A,0.615
2020,SVN,TAX_REV,S13,T_4000,_T,PT_B1GQ,A,0.627
2021,SVN,TAX_REV,S13,T_4000,_T,PT_B1GQ,A,0.615
2022,SVN,TAX_REV,S13,T_4000,_T,PT_B1GQ,A,0.609
2023,SVN,TAX_REV,S13,T_4000,_T,PT_B1GQ,A,0.556
1990,ESP,TAX_REV,S13,T_4000,_T,PT_B1GQ,A,1.74
1991,ESP,TAX_REV,S13,T_4000,_T,PT_B1GQ,A,1.576
1992,ESP,TAX_REV,S13,T_4000,_T,PT_B1GQ,A,1.573
1993,ESP,TAX_REV,S13,T_4000,_T,PT_B1GQ,A,1.599
1994,ESP,TAX_REV,S13,T_4000,_T,PT_B1GQ,A,1.797
1995,ESP,TAX_REV,S13,T_4000,_T,PT_B1GQ,A,1.783
1996,ESP,TAX_REV,S13,T_4000,_T,PT_B1GQ,A,1.761
1997,ESP,TAX_REV,S13,T_4000,_T,PT_B1GQ,A,2.001
1998,ESP,TAX_REV,S13,T_4000,_T,PT_B1GQ,A,1.962
1999,ESP,TAX_REV,S13,T_4000,_T,PT_B1GQ,A,2.052
2000,ESP,TAX_REV,S13,T_4000,_T,PT_B1GQ,A,2.134
2001,ESP,TAX_REV,S13,T_4000,_T,PT_B1GQ,A,2.062
2002,ESP,TAX_REV,S13,T_4000,_T,PT_B1GQ,A,2.226
2003,ESP,TAX_REV,S13,T_4000,_T,PT_B1GQ,A,2.461
2004,ESP,TAX_REV,S13,T_4000,_T,PT_B1GQ,A,2.737
2005,ESP,TAX_REV,S13,T_4000,_T,PT_B1GQ,A,3.017
2006,ESP,TAX_REV,S13,T_4000,_T,PT_B1GQ,A,3.216
2007,ESP,TAX_REV,S13,T_4000,_T,PT_B1GQ,A,2.988
2008,ESP,TAX_REV,S13,T_4000,_T,PT_B1GQ,A,2.308
2009,ESP,TAX_REV,S13,T_4000,_T,PT_B1GQ,A,2.031
2010,ESP,TAX_REV,S13,T_4000,_T,PT_B1GQ,A,2.067
2011,ESP,TAX_REV,S13,T_4000,_T,PT_B1GQ,A,1.957
2012,ESP,TAX_REV,S13,T_4000,_T,PT_B1GQ,A,2.123
2013,ESP,TAX_REV,S13,T_4000,_T,PT_B1GQ,A,2.376
2014,ESP,TAX_REV,S13,T_4000,_T,PT_B1GQ,A,2.516
2015,ESP,TAX_REV,S13,T_4000,_T,PT_B1GQ,A,2.584
2016,ESP,TAX_REV,S13,T_4000,_T,PT_B1GQ,A,2.569
2017,ESP,TAX_REV,S13,T_4000,_T,PT_B1GQ,A,2.534
2018,ESP,TAX_REV,S13,T_4000,_T,PT_B1GQ,A,2.538
2019,ESP,TAX_REV,S13,T_4000,_T,PT_B1GQ,A,2.454
2020,ESP,TAX_REV,S13,T_4000,_T,PT_B1GQ,A,2.482
2021,ESP,TAX_REV,S13,T_4000,_T,PT_B1GQ,A,2.755
2022,ESP,TAX_REV,S13,T_4000,_T,PT_B1GQ,A,2.595
2023,ESP,TAX_REV,S13,T_4000,_T,PT_B1GQ,A,2.324
1990,SWE,TAX_REV,S13,T_4000,_T,PT_B1GQ,A,1.721
1991,SWE,TAX_REV,S13,T_4000,_T,PT_B1GQ,A,1.891
1992,SWE,TAX_REV,S13,T_4000,_T,PT_B1GQ,A,1.593
1993,SWE,TAX_REV,S13,T_4000,_T,PT_B1GQ,A,1.404
1994,SWE,TAX_REV,S13,T_4000,_T,PT_B1GQ,A,1.414
1995,SWE,TAX_REV,S13,T_4000,_T,PT_B1GQ,A,1.221
1996,SWE,TAX_REV,S13,T_4000,_T,PT_B1GQ,A,1.696
1997,SWE,TAX_REV,S13,T_4000,_T,PT_B1GQ,A,1.806
1998,SWE,TAX_REV,S13,T_4000,_T,PT_B1GQ,A,1.709
1999,SWE,TAX_REV,S13,T_4000,_T,PT_B1GQ,A,1.702
2000,SWE,TAX_REV,S13,T_4000,_T,PT_B1GQ,A,1.656
2001,SWE,TAX_REV,S13,T_4000,_T,PT_B1GQ,A,1.467
2002,SWE,TAX_REV,S13,T_4000,_T,PT_B1GQ,A,1.435
2003,SWE,TAX_REV,S13,T_4000,_T,PT_B1GQ,A,1.429
2004,SWE,TAX_REV,S13,T_4000,_T,PT_B1GQ,A,1.44
2005,SWE,TAX_REV,S13,T_4000,_T,PT_B1GQ,A,1.37
2006,SWE,TAX_REV,S13,T_4000,_T,PT_B1GQ,A,1.347
2007,SWE,TAX_REV,S13,T_4000,_T,PT_B1GQ,A,1.094
2008,SWE,TAX_REV,S13,T_4000,_T,PT_B1GQ,A,1.021
2009,SWE,TAX_REV,S13,T_4000,_T,PT_B1GQ,A,1.031
2010,SWE,TAX_REV,S13,T_4000,_T,PT_B1GQ,A,1.028
2011,SWE,TAX_REV,S13,T_4000,_T,PT_B1GQ,A,0.986
2012,SWE,TAX_REV,S13,T_4000,_T,PT_B1GQ,A,1.008
2013,SWE,TAX_REV,S13,T_4000,_T,PT_B1GQ,A,1.082
2014,SWE,TAX_REV,S13,T_4000,_T,PT_B1GQ,A,1.058
2015,SWE,TAX_REV,S13,T_4000,_T,PT_B1GQ,A,1.036
2016,SWE,TAX_REV,S13,T_4000,_T,PT_B1GQ,A,1.051
2017,SWE,TAX_REV,S13,T_4000,_T,PT_B1GQ,A,0.992
2018,SWE,TAX_REV,S13,T_4000,_T,PT_B1GQ,A,0.957
2019,SWE,TAX_REV,S13,T_4000,_T,PT_B1GQ,A,0.939
2020,SWE,TAX_REV,S13,T_4000,_T,PT_B1GQ,A,0.954
2021,SWE,TAX_REV,S13,T_4000,_T,PT_B1GQ,A,0.955
2022,SWE,TAX_REV,S13,T_4000,_T,PT_B1GQ,A,0.938
2023,SWE,TAX_REV,S13,T_4000,_T,PT_B1GQ,A,0.814
1990,CHE,TAX_REV,S13,T_4000,_T,PT_B1GQ,A,2.053
1991,CHE,TAX_REV,S13,T_4000,_T,PT_B1GQ,A,1.873
1992,CHE,TAX_REV,S13,T_4000,_T,PT_B1GQ,A,1.904
1993,CHE,TAX_REV,S13,T_4000,_T,PT_B1GQ,A,2.022
1994,CHE,TAX_REV,S13,T_4000,_T,PT_B1GQ,A,2.091
1995,CHE,TAX_REV,S13,T_4000,_T,PT_B1GQ,A,2.018
1996,CHE,TAX_REV,S13,T_4000,_T,PT_B1GQ,A,2.121
1997,CHE,TAX_REV,S13,T_4000,_T,PT_B1GQ,A,2.213
1998,CHE,TAX_REV,S13,T_4000,_T,PT_B1GQ,A,2.478
1999,CHE,TAX_REV,S13,T_4000,_T,PT_B1GQ,A,2.595
2000,CHE,TAX_REV,S13,T_4000,_T,PT_B1GQ,A,2.611
2001,CHE,TAX_REV,S13,T_4000,_T,PT_B1GQ,A,2.494
2002,CHE,TAX_REV,S13,T_4000,_T,PT_B1GQ,A,2.446
2003,CHE,TAX_REV,S13,T_4000,_T,PT_B1GQ,A,2.314
2004,CHE,TAX_REV,S13,T_4000,_T,PT_B1GQ,A,2.347
2005,CHE,TAX_REV,S13,T_4000,_T,PT_B1GQ,A,2.201
2006,CHE,TAX_REV,S13,T_4000,_T,PT_B1GQ,A,2.181
2007,CHE,TAX_REV,S13,T_4000,_T,PT_B1GQ,A,2.073
2008,CHE,TAX_REV,S13,T_4000,_T,PT_B1GQ,A,1.991
2009,CHE,TAX_REV,S13,T_4000,_T,PT_B1GQ,A,2.031
2010,CHE,TAX_REV,S13,T_4000,_T,PT_B1GQ,A,1.983
2011,CHE,TAX_REV,S13,T_4000,_T,PT_B1GQ,A,1.926
2012,CHE,TAX_REV,S13,T_4000,_T,PT_B1GQ,A,1.795
2013,CHE,TAX_REV,S13,T_4000,_T,PT_B1GQ,A,1.837
2014,CHE,TAX_REV,S13,T_4000,_T,PT_B1GQ,A,1.885
2015,CHE,TAX_REV,S13,T_4000,_T,PT_B1GQ,A,1.965
2016,CHE,TAX_REV,S13,T_4000,_T,PT_B1GQ,A,1.996
2017,CHE,TAX_REV,S13,T_4000,_T,PT_B1GQ,A,2.094
2018,CHE,TAX_REV,S13,T_4000,_T,PT_B1GQ,A,2.042
2019,CHE,TAX_REV,S13,T_4000,_T,PT_B1GQ,A,2.122
2020,CHE,TAX_REV,S13,T_4000,_T,PT_B1GQ,A,2.258
2021,CHE,TAX_REV,S13,T_4000,_T,PT_B1GQ,A,2.24
2022,CHE,TAX_REV,S13,T_4000,_T,PT_B1GQ,A,2.172
2023,CHE,TAX_REV,S13,T_4000,_T,PT_B1GQ,A,2.191
1990,TUR,TAX_REV,S13,T_4000,_T,PT_B1GQ,A,0.331
1991,TUR,TAX_REV,S13,T_4000,_T,PT_B1GQ,A,0.34
1992,TUR,TAX_REV,S13,T_4000,_T,PT_B1GQ,A,0.332
1993,TUR,TAX_REV,S13,T_4000,_T,PT_B1GQ,A,0.352
1994,TUR,TAX_REV,S13,T_4000,_T,PT_B1GQ,A,1.306
1995,TUR,TAX_REV,S13,T_4000,_T,PT_B1GQ,A,0.499
1996,TUR,TAX_REV,S13,T_4000,_T,PT_B1GQ,A,0.331
1997,TUR,TAX_REV,S13,T_4000,_T,PT_B1GQ,A,0.546
1998,TUR,TAX_REV,S13,T_4000,_T,PT_B1GQ,A,0.712
1999,TUR,TAX_REV,S13,T_4000,_T,PT_B1GQ,A,0.636
2000,TUR,TAX_REV,S13,T_4000,_T,PT_B1GQ,A,0.742
2001,TUR,TAX_REV,S13,T_4000,_T,PT_B1GQ,A,0.616
2002,TUR,TAX_REV,S13,T_4000,_T,PT_B1GQ,A,0.683
2003,TUR,TAX_REV,S13,T_4000,_T,PT_B1GQ,A,0.811
2004,TUR,TAX_REV,S13,T_4000,_T,PT_B1GQ,A,0.706
2005,TUR,TAX_REV,S13,T_4000,_T,PT_B1GQ,A,0.772
2006,TUR,TAX_REV,S13,T_4000,_T,PT_B1GQ,A,0.834
2007,TUR,TAX_REV,S13,T_4000,_T,PT_B1GQ,A,0.858
2008,TUR,TAX_REV,S13,T_4000,_T,PT_B1GQ,A,0.834
2009,TUR,TAX_REV,S13,T_4000,_T,PT_B1GQ,A,0.846
2010,TUR,TAX_REV,S13,T_4000,_T,PT_B1GQ,A,1.001
2011,TUR,TAX_REV,S13,T_4000,_T,PT_B1GQ,A,1.044
2012,TUR,TAX_REV,S13,T_4000,_T,PT_B1GQ,A,1.044
2013,TUR,TAX_REV,S13,T_4000,_T,PT_B1GQ,A,1.167
2014,TUR,TAX_REV,S13,T_4000,_T,PT_B1GQ,A,1.191
2015,TUR,TAX_REV,S13,T_4000,_T,PT_B1GQ,A,1.216
2016,TUR,TAX_REV,S13,T_4000,_T,PT_B1GQ,A,1.213
2017,TUR,TAX_REV,S13,T_4000,_T,PT_B1GQ,A,1.112
2018,TUR,TAX_REV,S13,T_4000,_T,PT_B1GQ,A,1.035
2019,TUR,TAX_REV,S13,T_4000,_T,PT_B1GQ,A,0.966
2020,TUR,TAX_REV,S13,T_4000,_T,PT_B1GQ,A,1.061
2021,TUR,TAX_REV,S13,T_4000,_T,PT_B1GQ,A,0.967
2022,TUR,TAX_REV,S13,T_4000,_T,PT_B1GQ,A,0.729
2023,TUR,TAX_REV,S13,T_4000,_T,PT_B1GQ,A,0.7
1990,GBR,TAX_REV,S13,T_4000,_T,PT_B1GQ,A,2.686
1991,GBR,TAX_REV,S13,T_4000,_T,PT_B1GQ,A,2.373
1992,GBR,TAX_REV,S13,T_4000,_T,PT_B1GQ,A,2.274
1993,GBR,TAX_REV,S13,T_4000,_T,PT_B1GQ,A,2.995
1994,GBR,TAX_REV,S13,T_4000,_T,PT_B1GQ,A,3.195
1995,GBR,TAX_REV,S13,T_4000,_T,PT_B1GQ,A,2.939
1996,GBR,TAX_REV,S13,T_4000,_T,PT_B1GQ,A,2.991
1997,GBR,TAX_REV,S13,T_4000,_T,PT_B1GQ,A,3.104
1998,GBR,TAX_REV,S13,T_4000,_T,PT_B1GQ,A,3.254
1999,GBR,TAX_REV,S13,T_4000,_T,PT_B1GQ,A,3.444
2000,GBR,TAX_REV,S13,T_4000,_T,PT_B1GQ,A,3.735
2001,GBR,TAX_REV,S13,T_4000,_T,PT_B1GQ,A,3.686
2002,GBR,TAX_REV,S13,T_4000,_T,PT_B1GQ,A,3.748
2003,GBR,TAX_REV,S13,T_4000,_T,PT_B1GQ,A,3.704
2004,GBR,TAX_REV,S13,T_4000,_T,PT_B1GQ,A,3.81
2005,GBR,TAX_REV,S13,T_4000,_T,PT_B1GQ,A,3.849
2006,GBR,TAX_REV,S13,T_4000,_T,PT_B1GQ,A,4.053
2007,GBR,TAX_REV,S13,T_4000,_T,PT_B1GQ,A,4.104
2008,GBR,TAX_REV,S13,T_4000,_T,PT_B1GQ,A,3.771
2009,GBR,TAX_REV,S13,T_4000,_T,PT_B1GQ,A,3.771
2010,GBR,TAX_REV,S13,T_4000,_T,PT_B1GQ,A,3.84
2011,GBR,TAX_REV,S13,T_4000,_T,PT_B1GQ,A,3.814
2012,GBR,TAX_REV,S13,T_4000,_T,PT_B1GQ,A,3.812
2013,GBR,TAX_REV,S13,T_4000,_T,PT_B1GQ,A,3.93
2014,GBR,TAX_REV,S13,T_4000,_T,PT_B1GQ,A,4.005
2015,GBR,TAX_REV,S13,T_4000,_T,PT_B1GQ,A,3.986
2016,GBR,TAX_REV,S13,T_4000,_T,PT_B1GQ,A,4.077
2017,GBR,TAX_REV,S13,T_4000,_T,PT_B1GQ,A,4.108
2018,GBR,TAX_REV,S13,T_4000,_T,PT_B1GQ,A,4.118
2019,GBR,TAX_REV,S13,T_4000,_T,PT_B1GQ,A,4.041
2020,GBR,TAX_REV,S13,T_4000,_T,PT_B1GQ,A,3.799
2021,GBR,TAX_REV,S13,T_4000,_T,PT_B1GQ,A,3.922
2022,GBR,TAX_REV,S13,T_4000,_T,PT_B1GQ,A,4.014
2023,GBR,TAX_REV,S13,T_4000,_T,PT_B1GQ,A,3.72
1990,USA,TAX_REV,S13,T_4000,_T,PT_B1GQ,A,3.059
1991,USA,TAX_REV,S13,T_4000,_T,PT_B1GQ,A,3.195
1992,USA,TAX_REV,S13,T_4000,_T,PT_B1GQ,A,3.162
1993,USA,TAX_REV,S13,T_4000,_T,PT_B1GQ,A,3.076
1994,USA,TAX_REV,S13,T_4000,_T,PT_B1GQ,A,3.103
1995,USA,TAX_REV,S13,T_4000,_T,PT_B1GQ,A,3.0
1996,USA,TAX_REV,S13,T_4000,_T,PT_B1GQ,A,3.009
1997,USA,TAX_REV,S13,T_4000,_T,PT_B1GQ,A,3.008
1998,USA,TAX_REV,S13,T_4000,_T,PT_B1GQ,A,3.004
1999,USA,TAX_REV,S13,T_4000,_T,PT_B1GQ,A,3.001
2000,USA,TAX_REV,S13,T_4000,_T,PT_B1GQ,A,2.922
2001,USA,TAX_REV,S13,T_4000,_T,PT_B1GQ,A,2.965
2002,USA,TAX_REV,S13,T_4000,_T,PT_B1GQ,A,3.058
2003,USA,TAX_REV,S13,T_4000,_T,PT_B1GQ,A,3.095
2004,USA,TAX_REV,S13,T_4000,_T,PT_B1GQ,A,3.113
2005,USA,TAX_REV,S13,T_4000,_T,PT_B1GQ,A,3.168
2006,USA,TAX_REV,S13,T_4000,_T,PT_B1GQ,A,3.174
2007,USA,TAX_REV,S13,T_4000,_T,PT_B1GQ,A,3.199
2008,USA,TAX_REV,S13,T_4000,_T,PT_B1GQ,A,3.191
2009,USA,TAX_REV,S13,T_4000,_T,PT_B1GQ,A,3.311
2010,USA,TAX_REV,S13,T_4000,_T,PT_B1GQ,A,3.146
2011,USA,TAX_REV,S13,T_4000,_T,PT_B1GQ,A,3.012
2012,USA,TAX_REV,S13,T_4000,_T,PT_B1GQ,A,2.958
2013,USA,TAX_REV,S13,T_4000,_T,PT_B1GQ,A,2.967
2014,USA,TAX_REV,S13,T_4000,_T,PT_B1GQ,A,2.943
2015,USA,TAX_REV,S13,T_4000,_T,PT_B1GQ,A,2.94
2016,USA,TAX_REV,S13,T_4000,_T,PT_B1GQ,A,2.977
2017,USA,TAX_REV,S13,T_4000,_T,PT_B1GQ,A,4.188
2018,USA,TAX_REV,S13,T_4000,_T,PT_B1GQ,A,2.946
2019,USA,TAX_REV,S13,T_4000,_T,PT_B1GQ,A,2.958
2020,USA,TAX_REV,S13,T_4000,_T,PT_B1GQ,A,3.098
2021,USA,TAX_REV,S13,T_4000,_T,PT_B1GQ,A,2.931
2022,USA,TAX_REV,S13,T_4000,_T,PT_B1GQ,A,2.862
2023,USA,TAX_REV,S13,T_4000,_T,PT_B1GQ,A,2.771
1991,ATG,TAX_REV,S13,T_4000,_T,PT_B1GQ,A,0.485
1992,ATG,TAX_REV,S13,T_4000,_T,PT_B1GQ,A,0.515
1993,ATG,TAX_REV,S13,T_4000,_T,PT_B1GQ,A,0.386
1994,ATG,TAX_REV,S13,T_4000,_T,PT_B1GQ,A,0.598
1995,ATG,TAX_REV,S13,T_4000,_T,PT_B1GQ,A,0.529
1996,ATG,TAX_REV,S13,T_4000,_T,PT_B1GQ,A,0.66
1997,ATG,TAX_REV,S13,T_4000,_T,PT_B1GQ,A,0.61
1998,ATG,TAX_REV,S13,T_4000,_T,PT_B1GQ,A,0.708
1999,ATG,TAX_REV,S13,T_4000,_T,PT_B1GQ,A,0.638
2000,ATG,TAX_REV,S13,T_4000,_T,PT_B1GQ,A,0.534
2001,ATG,TAX_REV,S13,T_4000,_T,PT_B1GQ,A,0.679
2002,ATG,TAX_REV,S13,T_4000,_T,PT_B1GQ,A,0.771
2003,ATG,TAX_REV,S13,T_4000,_T,PT_B1GQ,A,0.836
2004,ATG,TAX_REV,S13,T_4000,_T,PT_B1GQ,A,0.992
2005,ATG,TAX_REV,S13,T_4000,_T,PT_B1GQ,A,1.175
2006,ATG,TAX_REV,S13,T_4000,_T,PT_B1GQ,A,1.295
2007,ATG,TAX_REV,S13,T_4000,_T,PT_B1GQ,A,1.366
2008,ATG,TAX_REV,S13,T_4000,_T,PT_B1GQ,A,1.777
2009,ATG,TAX_REV,S13,T_4000,_T,PT_B1GQ,A,1.193
2010,ATG,TAX_REV,S13,T_4000,_T,PT_B1GQ,A,1.407
2011,ATG,TAX_REV,S13,T_4000,_T,PT_B1GQ,A,1.31
2012,ATG,TAX_REV,S13,T_4000,_T,PT_B1GQ,A,1.653
2013,ATG,TAX_REV,S13,T_4000,_T,PT_B1GQ,A,1.271
2014,ATG,TAX_REV,S13,T_4000,_T,PT_B1GQ,A,1.409
2015,ATG,TAX_REV,S13,T_4000,_T,PT_B1GQ,A,1.347
2016,ATG,TAX_REV,S13,T_4000,_T,PT_B1GQ,A,1.483
2017,ATG,TAX_REV,S13,T_4000,_T,PT_B1GQ,A,1.692
2018,ATG,TAX_REV,S13,T_4000,_T,PT_B1GQ,A,1.391
2019,ATG,TAX_REV,S13,T_4000,_T,PT_B1GQ,A,1.541
2020,ATG,TAX_REV,S13,T_4000,_T,PT_B1GQ,A,1.457
2021,ATG,TAX_REV,S13,T_4000,_T,PT_B1GQ,A,2.142
2022,ATG,TAX_REV,S13,T_4000,_T,PT_B1GQ,A,1.911
2023,ATG,TAX_REV,S13,T_4000,_T,PT_B1GQ,A,1.223
1990,ARG,TAX_REV,S13,T_4000,_T,PT_B1GQ,A,1.511
1991,ARG,TAX_REV,S13,T_4000,_T,PT_B1GQ,A,1.846
1992,ARG,TAX_REV,S13,T_4000,_T,PT_B1GQ,A,1.347
1993,ARG,TAX_REV,S13,T_4000,_T,PT_B1GQ,A,1.065
1994,ARG,TAX_REV,S13,T_4000,_T,PT_B1GQ,A,0.991
1995,ARG,TAX_REV,S13,T_4000,_T,PT_B1GQ,A,0.969
1996,ARG,TAX_REV,S13,T_4000,_T,PT_B1GQ,A,1.06
1997,ARG,TAX_REV,S13,T_4000,_T,PT_B1GQ,A,1.032
1998,ARG,TAX_REV,S13,T_4000,_T,PT_B1GQ,A,1.134
1999,ARG,TAX_REV,S13,T_4000,_T,PT_B1GQ,A,1.178
2000,ARG,TAX_REV,S13,T_4000,_T,PT_B1GQ,A,1.217
2001,ARG,TAX_REV,S13,T_4000,_T,PT_B1GQ,A,2.082
2002,ARG,TAX_REV,S13,T_4000,_T,PT_B1GQ,A,2.268
2003,ARG,TAX_REV,S13,T_4000,_T,PT_B1GQ,A,2.591
2004,ARG,TAX_REV,S13,T_4000,_T,PT_B1GQ,A,2.767
2005,ARG,TAX_REV,S13,T_4000,_T,PT_B1GQ,A,2.746
2006,ARG,TAX_REV,S13,T_4000,_T,PT_B1GQ,A,2.672
2007,ARG,TAX_REV,S13,T_4000,_T,PT_B1GQ,A,2.673
2008,ARG,TAX_REV,S13,T_4000,_T,PT_B1GQ,A,2.684
2009,ARG,TAX_REV,S13,T_4000,_T,PT_B1GQ,A,2.658
2010,ARG,TAX_REV,S13,T_4000,_T,PT_B1GQ,A,2.62
2011,ARG,TAX_REV,S13,T_4000,_T,PT_B1GQ,A,2.641
2012,ARG,TAX_REV,S13,T_4000,_T,PT_B1GQ,A,2.744
2013,ARG,TAX_REV,S13,T_4000,_T,PT_B1GQ,A,2.887
2014,ARG,TAX_REV,S13,T_4000,_T,PT_B1GQ,A,2.816
2015,ARG,TAX_REV,S13,T_4000,_T,PT_B1GQ,A,2.791
2016,ARG,TAX_REV,S13,T_4000,_T,PT_B1GQ,A,2.727
2017,ARG,TAX_REV,S13,T_4000,_T,PT_B1GQ,A,2.846
2018,ARG,TAX_REV,S13,T_4000,_T,PT_B1GQ,A,2.682
2019,ARG,TAX_REV,S13,T_4000,_T,PT_B1GQ,A,2.611
2020,ARG,TAX_REV,S13,T_4000,_T,PT_B1GQ,A,3.248
2021,ARG,TAX_REV,S13,T_4000,_T,PT_B1GQ,A,3.07
2022,ARG,TAX_REV,S13,T_4000,_T,PT_B1GQ,A,2.905
2023,ARG,TAX_REV,S13,T_4000,_T,PT_B1GQ,A,2.772
2014,AZE,TAX_REV,S13,T_4000,_T,PT_B1GQ,A,0.299
2015,AZE,TAX_REV,S13,T_4000,_T,PT_B1GQ,A,0.362
2016,AZE,TAX_REV,S13,T_4000,_T,PT_B1GQ,A,0.372
2017,AZE,TAX_REV,S13,T_4000,_T,PT_B1GQ,A,0.325
2018,AZE,TAX_REV,S13,T_4000,_T,PT_B1GQ,A,0.291
2019,AZE,TAX_REV,S13,T_4000,_T,PT_B1GQ,A,0.321
2020,AZE,TAX_REV,S13,T_4000,_T,PT_B1GQ,A,0.314
2021,AZE,TAX_REV,S13,T_4000,_T,PT_B1GQ,A,0.276
2022,AZE,TAX_REV,S13,T_4000,_T,PT_B1GQ,A,0.208
2023,AZE,TAX_REV,S13,T_4000,_T,PT_B1GQ,A,0.277
1990,BHS,TAX_REV,S13,T_4000,_T,PT_B1GQ,A,1.079
1991,BHS,TAX_REV,S13,T_4000,_T,PT_B1GQ,A,1.311
1992,BHS,TAX_REV,S13,T_4000,_T,PT_B1GQ,A,1.705
1993,BHS,TAX_REV,S13,T_4000,_T,PT_B1GQ,A,2.007
1994,BHS,TAX_REV,S13,T_4000,_T,PT_B1GQ,A,2.247
1995,BHS,TAX_REV,S13,T_4000,_T,PT_B1GQ,A,2.41
1996,BHS,TAX_REV,S13,T_4000,_T,PT_B1GQ,A,2.502
1997,BHS,TAX_REV,S13,T_4000,_T,PT_B1GQ,A,2.628
1998,BHS,TAX_REV,S13,T_4000,_T,PT_B1GQ,A,2.718
1999,BHS,TAX_REV,S13,T_4000,_T,PT_B1GQ,A,2.703
2000,BHS,TAX_REV,S13,T_4000,_T,PT_B1GQ,A,2.64
2001,BHS,TAX_REV,S13,T_4000,_T,PT_B1GQ,A,2.727
2002,BHS,TAX_REV,S13,T_4000,_T,PT_B1GQ,A,2.316
2003,BHS,TAX_REV,S13,T_4000,_T,PT_B1GQ,A,2.388
2004,BHS,TAX_REV,S13,T_4000,_T,PT_B1GQ,A,2.519
2005,BHS,TAX_REV,S13,T_4000,_T,PT_B1GQ,A,3.193
2006,BHS,TAX_REV,S13,T_4000,_T,PT_B1GQ,A,3.506
2007,BHS,TAX_REV,S13,T_4000,_T,PT_B1GQ,A,4.331
2008,BHS,TAX_REV,S13,T_4000,_T,PT_B1GQ,A,4.545
2009,BHS,TAX_REV,S13,T_4000,_T,PT_B1GQ,A,2.871
2010,BHS,TAX_REV,S13,T_4000,_T,PT_B1GQ,A,2.68
2011,BHS,TAX_REV,S13,T_4000,_T,PT_B1GQ,A,3.631
2012,BHS,TAX_REV,S13,T_4000,_T,PT_B1GQ,A,2.76
2013,BHS,TAX_REV,S13,T_4000,_T,PT_B1GQ,A,2.754
2014,BHS,TAX_REV,S13,T_4000,_T,PT_B1GQ,A,2.463
2015,BHS,TAX_REV,S13,T_4000,_T,PT_B1GQ,A,2.586
2016,BHS,TAX_REV,S13,T_4000,_T,PT_B1GQ,A,1.719
2017,BHS,TAX_REV,S13,T_4000,_T,PT_B1GQ,A,1.927
2018,BHS,TAX_REV,S13,T_4000,_T,PT_B1GQ,A,1.903
2019,BHS,TAX_REV,S13,T_4000,_T,PT_B1GQ,A,2.662
2020,BHS,TAX_REV,S13,T_4000,_T,PT_B1GQ,A,1.528
2021,BHS,TAX_REV,S13,T_4000,_T,PT_B1GQ,A,1.995
2022,BHS,TAX_REV,S13,T_4000,_T,PT_B1GQ,A,1.942
2023,BHS,TAX_REV,S13,T_4000,_T,PT_B1GQ,A,1.968
1990,BRB,TAX_REV,S13,T_4000,_T,PT_B1GQ,A,3.522
1991,BRB,TAX_REV,S13,T_4000,_T,PT_B1GQ,A,3.255
1992,BRB,TAX_REV,S13,T_4000,_T,PT_B1GQ,A,3.373
1993,BRB,TAX_REV,S13,T_4000,_T,PT_B1GQ,A,3.162
1994,BRB,TAX_REV,S13,T_4000,_T,PT_B1GQ,A,3.346
1995,BRB,TAX_REV,S13,T_4000,_T,PT_B1GQ,A,3.359
1996,BRB,TAX_REV,S13,T_4000,_T,PT_B1GQ,A,2.842
1997,BRB,TAX_REV,S13,T_4000,_T,PT_B1GQ,A,1.538
1998,BRB,TAX_REV,S13,T_4000,_T,PT_B1GQ,A,1.492
1999,BRB,TAX_REV,S13,T_4000,_T,PT_B1GQ,A,1.728
2000,BRB,TAX_REV,S13,T_4000,_T,PT_B1GQ,A,1.638
2001,BRB,TAX_REV,S13,T_4000,_T,PT_B1GQ,A,1.761
2002,BRB,TAX_REV,S13,T_4000,_T,PT_B1GQ,A,1.588
2003,BRB,TAX_REV,S13,T_4000,_T,PT_B1GQ,A,1.715
2004,BRB,TAX_REV,S13,T_4000,_T,PT_B1GQ,A,1.703
2005,BRB,TAX_REV,S13,T_4000,_T,PT_B1GQ,A,1.838
2006,BRB,TAX_REV,S13,T_4000,_T,PT_B1GQ,A,1.84
2007,BRB,TAX_REV,S13,T_4000,_T,PT_B1GQ,A,1.179
2008,BRB,TAX_REV,S13,T_4000,_T,PT_B1GQ,A,1.313
2009,BRB,TAX_REV,S13,T_4000,_T,PT_B1GQ,A,1.226
2010,BRB,TAX_REV,S13,T_4000,_T,PT_B1GQ,A,1.256
2011,BRB,TAX_REV,S13,T_4000,_T,PT_B1GQ,A,1.378
2012,BRB,TAX_REV,S13,T_4000,_T,PT_B1GQ,A,1.369
2013,BRB,TAX_REV,S13,T_4000,_T,PT_B1GQ,A,1.568
2014,BRB,TAX_REV,S13,T_4000,_T,PT_B1GQ,A,1.94
2015,BRB,TAX_REV,S13,T_4000,_T,PT_B1GQ,A,1.349
2016,BRB,TAX_REV,S13,T_4000,_T,PT_B1GQ,A,1.346
2017,BRB,TAX_REV,S13,T_4000,_T,PT_B1GQ,A,1.335
2018,BRB,TAX_REV,S13,T_4000,_T,PT_B1GQ,A,1.519
2019,BRB,TAX_REV,S13,T_4000,_T,PT_B1GQ,A,1.92
2020,BRB,TAX_REV,S13,T_4000,_T,PT_B1GQ,A,1.97
2021,BRB,TAX_REV,S13,T_4000,_T,PT_B1GQ,A,1.935
2022,BRB,TAX_REV,S13,T_4000,_T,PT_B1GQ,A,1.853
2023,BRB,TAX_REV,S13,T_4000,_T,PT_B1GQ,A,1.729
1990,BLZ,TAX_REV,S13,T_4000,_T,PT_B1GQ,A,3.15
1991,BLZ,TAX_REV,S13,T_4000,_T,PT_B1GQ,A,2.876
1992,BLZ,TAX_REV,S13,T_4000,_T,PT_B1GQ,A,2.635
1993,BLZ,TAX_REV,S13,T_4000,_T,PT_B1GQ,A,2.506
1994,BLZ,TAX_REV,S13,T_4000,_T,PT_B1GQ,A,2.74
1995,BLZ,TAX_REV,S13,T_4000,_T,PT_B1GQ,A,2.717
1996,BLZ,TAX_REV,S13,T_4000,_T,PT_B1GQ,A,0.638
1997,BLZ,TAX_REV,S13,T_4000,_T,PT_B1GQ,A,0.49
1998,BLZ,TAX_REV,S13,T_4000,_T,PT_B1GQ,A,0.544
1999,BLZ,TAX_REV,S13,T_4000,_T,PT_B1GQ,A,0.617
2000,BLZ,TAX_REV,S13,T_4000,_T,PT_B1GQ,A,0.608
2001,BLZ,TAX_REV,S13,T_4000,_T,PT_B1GQ,A,0.753
2002,BLZ,TAX_REV,S13,T_4000,_T,PT_B1GQ,A,0.752
2003,BLZ,TAX_REV,S13,T_4000,_T,PT_B1GQ,A,0.84
2004,BLZ,TAX_REV,S13,T_4000,_T,PT_B1GQ,A,0.737
2005,BLZ,TAX_REV,S13,T_4000,_T,PT_B1GQ,A,0.928
2006,BLZ,TAX_REV,S13,T_4000,_T,PT_B1GQ,A,0.911
2007,BLZ,TAX_REV,S13,T_4000,_T,PT_B1GQ,A,0.906
2008,BLZ,TAX_REV,S13,T_4000,_T,PT_B1GQ,A,0.779
2009,BLZ,TAX_REV,S13,T_4000,_T,PT_B1GQ,A,0.71
2010,BLZ,TAX_REV,S13,T_4000,_T,PT_B1GQ,A,0.642
2011,BLZ,TAX_REV,S13,T_4000,_T,PT_B1GQ,A,0.698
2012,BLZ,TAX_REV,S13,T_4000,_T,PT_B1GQ,A,0.704
2013,BLZ,TAX_REV,S13,T_4000,_T,PT_B1GQ,A,0.764
2014,BLZ,TAX_REV,S13,T_4000,_T,PT_B1GQ,A,0.806
2015,BLZ,TAX_REV,S13,T_4000,_T,PT_B1GQ,A,0.79
2016,BLZ,TAX_REV,S13,T_4000,_T,PT_B1GQ,A,0.699
2017,BLZ,TAX_REV,S13,T_4000,_T,PT_B1GQ,A,0.714
2018,BLZ,TAX_REV,S13,T_4000,_T,PT_B1GQ,A,1.065
2019,BLZ,TAX_REV,S13,T_4000,_T,PT_B1GQ,A,0.843
2020,BLZ,TAX_REV,S13,T_4000,_T,PT_B1GQ,A,0.792
2021,BLZ,TAX_REV,S13,T_4000,_T,PT_B1GQ,A,1.247
2022,BLZ,TAX_REV,S13,T_4000,_T,PT_B1GQ,A,0.994
2023,BLZ,TAX_REV,S13,T_4000,_T,PT_B1GQ,A,1.159
1995,BTN,TAX_REV,S13,T_4000,_T,PT_B1GQ,A,0.002
1996,BTN,TAX_REV,S13,T_4000,_T,PT_B1GQ,A,0.023
1997,BTN,TAX_REV,S13,T_4000,_T,PT_B1GQ,A,0.028
1998,BTN,TAX_REV,S13,T_4000,_T,PT_B1GQ,A,0.026
1999,BTN,TAX_REV,S13,T_4000,_T,PT_B1GQ,A,0.028
2000,BTN,TAX_REV,S13,T_4000,_T,PT_B1GQ,A,0.023
2001,BTN,TAX_REV,S13,T_4000,_T,PT_B1GQ,A,0.031
2002,BTN,TAX_REV,S13,T_4000,_T,PT_B1GQ,A,0.044
2003,BTN,TAX_REV,S13,T_4000,_T,PT_B1GQ,A,0.015
2004,BTN,TAX_REV,S13,T_4000,_T,PT_B1GQ,A,0.026
2005,BTN,TAX_REV,S13,T_4000,_T,PT_B1GQ,A,0.022
2006,BTN,TAX_REV,S13,T_4000,_T,PT_B1GQ,A,0.029
2007,BTN,TAX_REV,S13,T_4000,_T,PT_B1GQ,A,0.046
2008,BTN,TAX_REV,S13,T_4000,_T,PT_B1GQ,A,0.016
2009,BTN,TAX_REV,S13,T_4000,_T,PT_B1GQ,A,0.014
2010,BTN,TAX_REV,S13,T_4000,_T,PT_B1GQ,A,0.007
2011,BTN,TAX_REV,S13,T_4000,_T,PT_B1GQ,A,0.003
2012,BTN,TAX_REV,S13,T_4000,_T,PT_B1GQ,A,0.003
2013,BTN,TAX_REV,S13,T_4000,_T,PT_B1GQ,A,0.005
2014,BTN,TAX_REV,S13,T_4000,_T,PT_B1GQ,A,0.006
2015,BTN,TAX_REV,S13,T_4000,_T,PT_B1GQ,A,0.045
2016,BTN,TAX_REV,S13,T_4000,_T,PT_B1GQ,A,0.034
2017,BTN,TAX_REV,S13,T_4000,_T,PT_B1GQ,A,0.02
2018,BTN,TAX_REV,S13,T_4000,_T,PT_B1GQ,A,0.018
2019,BTN,TAX_REV,S13,T_4000,_T,PT_B1GQ,A,0.014
2020,BTN,TAX_REV,S13,T_4000,_T,PT_B1GQ,A,0.061
2021,BTN,TAX_REV,S13,T_4000,_T,PT_B1GQ,A,0.058
2022,BTN,TAX_REV,S13,T_4000,_T,PT_B1GQ,A,0.063
2023,BTN,TAX_REV,S13,T_4000,_T,PT_B1GQ,A,0.32
1990,BOL,TAX_REV,S13,T_4000,_T,PT_B1GQ,A,0.005
1991,BOL,TAX_REV,S13,T_4000,_T,PT_B1GQ,A,0.016
1992,BOL,TAX_REV,S13,T_4000,_T,PT_B1GQ,A,0.012
1993,BOL,TAX_REV,S13,T_4000,_T,PT_B1GQ,A,0.013
1994,BOL,TAX_REV,S13,T_4000,_T,PT_B1GQ,A,0.009
1995,BOL,TAX_REV,S13,T_4000,_T,PT_B1GQ,A,0.004
1996,BOL,TAX_REV,S13,T_4000,_T,PT_B1GQ,A,0.004
1997,BOL,TAX_REV,S13,T_4000,_T,PT_B1GQ,A,0.006
1998,BOL,TAX_REV,S13,T_4000,_T,PT_B1GQ,A,0.006
1999,BOL,TAX_REV,S13,T_4000,_T,PT_B1GQ,A,0.007
2000,BOL,TAX_REV,S13,T_4000,_T,PT_B1GQ,A,0.006
2001,BOL,TAX_REV,S13,T_4000,_T,PT_B1GQ,A,0.006
2002,BOL,TAX_REV,S13,T_4000,_T,PT_B1GQ,A,0.007
2003,BOL,TAX_REV,S13,T_4000,_T,PT_B1GQ,A,0.007
2004,BOL,TAX_REV,S13,T_4000,_T,PT_B1GQ,A,0.459
2005,BOL,TAX_REV,S13,T_4000,_T,PT_B1GQ,A,0.83
2006,BOL,TAX_REV,S13,T_4000,_T,PT_B1GQ,A,0.496
2007,BOL,TAX_REV,S13,T_4000,_T,PT_B1GQ,A,0.325
2008,BOL,TAX_REV,S13,T_4000,_T,PT_B1GQ,A,0.293
2009,BOL,TAX_REV,S13,T_4000,_T,PT_B1GQ,A,0.293
2010,BOL,TAX_REV,S13,T_4000,_T,PT_B1GQ,A,0.266
2011,BOL,TAX_REV,S13,T_4000,_T,PT_B1GQ,A,0.241
2012,BOL,TAX_REV,S13,T_4000,_T,PT_B1GQ,A,0.214
2013,BOL,TAX_REV,S13,T_4000,_T,PT_B1GQ,A,0.195
2014,BOL,TAX_REV,S13,T_4000,_T,PT_B1GQ,A,0.19
2015,BOL,TAX_REV,S13,T_4000,_T,PT_B1GQ,A,0.186
2016,BOL,TAX_REV,S13,T_4000,_T,PT_B1GQ,A,0.194
2017,BOL,TAX_REV,S13,T_4000,_T,PT_B1GQ,A,0.19
2018,BOL,TAX_REV,S13,T_4000,_T,PT_B1GQ,A,0.195
2019,BOL,TAX_REV,S13,T_4000,_T,PT_B1GQ,A,0.185
2020,BOL,TAX_REV,S13,T_4000,_T,PT_B1GQ,A,0.166
2021,BOL,TAX_REV,S13,T_4000,_T,PT_B1GQ,A,0.266
2022,BOL,TAX_REV,S13,T_4000,_T,PT_B1GQ,A,0.252
2023,BOL,TAX_REV,S13,T_4000,_T,PT_B1GQ,A,0.183
2004,BWA,TAX_REV,S13,T_4000,_T,PT_B1GQ,A,0.031
2005,BWA,TAX_REV,S13,T_4000,_T,PT_B1GQ,A,0.026
2006,BWA,TAX_REV,S13,T_4000,_T,PT_B1GQ,A,0.03
2007,BWA,TAX_REV,S13,T_4000,_T,PT_B1GQ,A,0.051
2008,BWA,TAX_REV,S13,T_4000,_T,PT_B1GQ,A,0.046
2009,BWA,TAX_REV,S13,T_4000,_T,PT_B1GQ,A,0.038
2010,BWA,TAX_REV,S13,T_4000,_T,PT_B1GQ,A,0.058
2011,BWA,TAX_REV,S13,T_4000,_T,PT_B1GQ,A,0.069
2012,BWA,TAX_REV,S13,T_4000,_T,PT_B1GQ,A,0.048
2013,BWA,TAX_REV,S13,T_4000,_T,PT_B1GQ,A,0.045
2014,BWA,TAX_REV,S13,T_4000,_T,PT_B1GQ,A,0.039
2015,BWA,TAX_REV,S13,T_4000,_T,PT_B1GQ,A,0.046
2016,BWA,TAX_REV,S13,T_4000,_T,PT_B1GQ,A,0.038
2017,BWA,TAX_REV,S13,T_4000,_T,PT_B1GQ,A,0.038
2018,BWA,TAX_REV,S13,T_4000,_T,PT_B1GQ,A,0.045
2019,BWA,TAX_REV,S13,T_4000,_T,PT_B1GQ,A,0.04
2020,BWA,TAX_REV,S13,T_4000,_T,PT_B1GQ,A,0.035
2021,BWA,TAX_REV,S13,T_4000,_T,PT_B1GQ,A,0.045
2022,BWA,TAX_REV,S13,T_4000,_T,PT_B1GQ,A,0.039
1990,BRA,TAX_REV,S13,T_4000,_T,PT_B1GQ,A,1.646
1991,BRA,TAX_REV,S13,T_4000,_T,PT_B1GQ,A,1.171
1992,BRA,TAX_REV,S13,T_4000,_T,PT_B1GQ,A,1.034
1993,BRA,TAX_REV,S13,T_4000,_T,PT_B1GQ,A,1.037
1994,BRA,TAX_REV,S13,T_4000,_T,PT_B1GQ,A,2.062
1995,BRA,TAX_REV,S13,T_4000,_T,PT_B1GQ,A,1.002
1996,BRA,TAX_REV,S13,T_4000,_T,PT_B1GQ,A,0.86
1997,BRA,TAX_REV,S13,T_4000,_T,PT_B1GQ,A,1.676
1998,BRA,TAX_REV,S13,T_4000,_T,PT_B1GQ,A,1.721
1999,BRA,TAX_REV,S13,T_4000,_T,PT_B1GQ,A,1.695
2000,BRA,TAX_REV,S13,T_4000,_T,PT_B1GQ,A,1.962
2001,BRA,TAX_REV,S13,T_4000,_T,PT_B1GQ,A,2.093
2002,BRA,TAX_REV,S13,T_4000,_T,PT_B1GQ,A,2.307
2003,BRA,TAX_REV,S13,T_4000,_T,PT_B1GQ,A,2.278
2004,BRA,TAX_REV,S13,T_4000,_T,PT_B1GQ,A,2.268
2005,BRA,TAX_REV,S13,T_4000,_T,PT_B1GQ,A,2.258
2006,BRA,TAX_REV,S13,T_4000,_T,PT_B1GQ,A,2.257
2007,BRA,TAX_REV,S13,T_4000,_T,PT_B1GQ,A,2.274
2008,BRA,TAX_REV,S13,T_4000,_T,PT_B1GQ,A,1.321
2009,BRA,TAX_REV,S13,T_4000,_T,PT_B1GQ,A,1.227
2010,BRA,TAX_REV,S13,T_4000,_T,PT_B1GQ,A,1.377
2011,BRA,TAX_REV,S13,T_4000,_T,PT_B1GQ,A,1.442
2012,BRA,TAX_REV,S13,T_4000,_T,PT_B1GQ,A,1.359
2013,BRA,TAX_REV,S13,T_4000,_T,PT_B1GQ,A,1.29
2014,BRA,TAX_REV,S13,T_4000,_T,PT_B1GQ,A,1.274
2015,BRA,TAX_REV,S13,T_4000,_T,PT_B1GQ,A,1.412
2016,BRA,TAX_REV,S13,T_4000,_T,PT_B1GQ,A,1.391
2017,BRA,TAX_REV,S13,T_4000,_T,PT_B1GQ,A,1.412
2018,BRA,TAX_REV,S13,T_4000,_T,PT_B1GQ,A,1.45
2019,BRA,TAX_REV,S13,T_4000,_T,PT_B1GQ,A,1.524
2020,BRA,TAX_REV,S13,T_4000,_T,PT_B1GQ,A,1.211
2021,BRA,TAX_REV,S13,T_4000,_T,PT_B1GQ,A,1.574
2022,BRA,TAX_REV,S13,T_4000,_T,PT_B1GQ,A,1.546
2023,BRA,TAX_REV,S13,T_4000,_T,PT_B1GQ,A,1.544
1995,BGR,TAX_REV,S13,T_4000,_T,PT_B1GQ,A,0.177
1996,BGR,TAX_REV,S13,T_4000,_T,PT_B1GQ,A,0.187
1997,BGR,TAX_REV,S13,T_4000,_T,PT_B1GQ,A,0.087
1998,BGR,TAX_REV,S13,T_4000,_T,PT_B1GQ,A,0.204
1999,BGR,TAX_REV,S13,T_4000,_T,PT_B1GQ,A,0.236
2000,BGR,TAX_REV,S13,T_4000,_T,PT_B1GQ,A,0.231
2001,BGR,TAX_REV,S13,T_4000,_T,PT_B1GQ,A,0.242
2002,BGR,TAX_REV,S13,T_4000,_T,PT_B1GQ,A,0.265
2003,BGR,TAX_REV,S13,T_4000,_T,PT_B1GQ,A,0.323
2004,BGR,TAX_REV,S13,T_4000,_T,PT_B1GQ,A,0.352
2005,BGR,TAX_REV,S13,T_4000,_T,PT_B1GQ,A,0.396
2006,BGR,TAX_REV,S13,T_4000,_T,PT_B1GQ,A,0.551
2007,BGR,TAX_REV,S13,T_4000,_T,PT_B1GQ,A,0.67
2008,BGR,TAX_REV,S13,T_4000,_T,PT_B1GQ,A,0.689
2009,BGR,TAX_REV,S13,T_4000,_T,PT_B1GQ,A,0.503
2010,BGR,TAX_REV,S13,T_4000,_T,PT_B1GQ,A,0.489
2011,BGR,TAX_REV,S13,T_4000,_T,PT_B1GQ,A,0.523
2012,BGR,TAX_REV,S13,T_4000,_T,PT_B1GQ,A,0.526
1990,AUS,TAX_REV,S13,_T,_T,PT_B1GQ,A,28.051
1991,AUS,TAX_REV,S13,_T,_T,PT_B1GQ,A,26.615
1992,AUS,TAX_REV,S13,_T,_T,PT_B1GQ,A,26.085
1993,AUS,TAX_REV,S13,_T,_T,PT_B1GQ,A,26.555
1994,AUS,TAX_REV,S13,_T,_T,PT_B1GQ,A,27.436
1995,AUS,TAX_REV,S13,_T,_T,PT_B1GQ,A,28.211
1996,AUS,TAX_REV,S13,_T,_T,PT_B1GQ,A,28.852
1997,AUS,TAX_REV,S13,_T,_T,PT_B1GQ,A,28.61
1998,AUS,TAX_REV,S13,_T,_T,PT_B1GQ,A,29.353
1999,AUS,TAX_REV,S13,_T,_T,PT_B1GQ,A,29.78
2000,AUS,TAX_REV,S13,_T,_T,PT_B1GQ,A,30.358
2001,AUS,TAX_REV,S13,_T,_T,PT_B1GQ,A,28.843
2002,AUS,TAX_REV,S13,_T,_T,PT_B1GQ,A,29.72
2003,AUS,TAX_REV,S13,_T,_T,PT_B1GQ,A,29.816
2004,AUS,TAX_REV,S13,_T,_T,PT_B1GQ,A,30.118
2005,AUS,TAX_REV,S13,_T,_T,PT_B1GQ,A,29.815
2006,AUS,TAX_REV,S13,_T,_T,PT_B1GQ,A,29.265
2007,AUS,TAX_REV,S13,_T,_T,PT_B1GQ,A,29.397
2008,AUS,TAX_REV,S13,_T,_T,PT_B1GQ,A,26.723
2009,AUS,TAX_REV,S13,_T,_T,PT_B1GQ,A,25.395
2010,AUS,TAX_REV,S13,_T,_T,PT_B1GQ,A,25.147
2011,AUS,TAX_REV,S13,_T,_T,PT_B1GQ,A,25.774
2012,AUS,TAX_REV,S13,_T,_T,PT_B1GQ,A,26.803
2013,AUS,TAX_REV,S13,_T,_T,PT_B1GQ,A,26.955
2014,AUS,TAX_REV,S13,_T,_T,PT_B1GQ,A,27.15
2015,AUS,TAX_REV,S13,_T,_T,PT_B1GQ,A,27.773
2016,AUS,TAX_REV,S13,_T,_T,PT_B1GQ,A,27.511
2017,AUS,TAX_REV,S13,_T,_T,PT_B1GQ,A,28.517
2018,AUS,TAX_REV,S13,_T,_T,PT_B1GQ,A,28.571
2019,AUS,TAX_REV,S13,_T,_T,PT_B1GQ,A,27.657
2009,AUT,TAX_REV,S13,_T,_T,PT_B1GQ,A,40.98
2010,AUT,TAX_REV,S13,_T,_T,PT_B1GQ,A,40.958
2011,AUT,TAX_REV,S13,_T,_T,PT_B1GQ,A,41.119
2012,AUT,TAX_REV,S13,_T,_T,PT_B1GQ,A,41.767
2013,AUT,TAX_REV,S13,_T,_T,PT_B1GQ,A,42.635
2014,AUT,TAX_REV,S13,_T,_T,PT_B1GQ,A,42.699
2015,AUT,TAX_REV,S13,_T,_T,PT_B1GQ,A,43.126
2016,AUT,TAX_REV,S13,_T,_T,PT_B1GQ,A,41.753
2017,AUT,TAX_REV,S13,_T,_T,PT_B1GQ,A,41.871
2018,AUT,TAX_REV,S13,_T,_T,PT_B1GQ,A,42.261
2019,AUT,TAX_REV,S13,_T,_T,PT_B1GQ,A,42.617
2020,AUT,TAX_REV,S13,_T,_T,PT_B1GQ,A,42.102
2021,AUT,TAX_REV,S13,_T,_T,PT_B1GQ,A,43.383
2022,AUT,TAX_REV,S13,_T,_T,PT_B1GQ,A,43.181
2023,AUT,TAX_REV,S13,_T,_T,PT_B1GQ,A,42.665
1990,BEL,TAX_REV,S13,_T,_T,PT_B1GQ,A,41.393
1991,BEL,TAX_REV,S13,_T,_T,PT_B1GQ,A,41.608
1992,BEL,TAX_REV,S13,_T,_T,PT_B1GQ,A,41.18
1993,BEL,TAX_REV,S13,_T,_T,PT_B1GQ,A,42.632
1994,BEL,TAX_REV,S13,_T,_T,PT_B1GQ,A,42.913
1995,BEL,TAX_REV,S13,_T,_T,PT_B1GQ,A,42.837
1996,BEL,TAX_REV,S13,_T,_T,PT_B1GQ,A,43.351
1997,BEL,TAX_REV,S13,_T,_T,PT_B1GQ,A,43.812
1998,BEL,TAX_REV,S13,_T,_T,PT_B1GQ,A,44.437
1999,BEL,TAX_REV,S13,_T,_T,PT_B1GQ,A,44.239
2000,BEL,TAX_REV,S13,_T,_T,PT_B1GQ,A,43.849
2001,BEL,TAX_REV,S13,_T,_T,PT_B1GQ,A,43.692
2002,BEL,TAX_REV,S13,_T,_T,PT_B1GQ,A,43.913
2003,BEL,TAX_REV,S13,_T,_T,PT_B1GQ,A,43.344
2004,BEL,TAX_REV,S13,_T,_T,PT_B1GQ,A,43.471
2005,BEL,TAX_REV,S13,_T,_T,PT_B1GQ,A,43.357
2006,BEL,TAX_REV,S13,_T,_T,PT_B1GQ,A,43.218
2007,BEL,TAX_REV,S13,_T,_T,PT_B1GQ,A,42.92
2008,BEL,TAX_REV,S13,_T,_T,PT_B1GQ,A,43.593
2009,BEL,TAX_REV,S13,_T,_T,PT_B1GQ,A,42.699
2010,BEL,TAX_REV,S13,_T,_T,PT_B1GQ,A,42.882
2011,BEL,TAX_REV,S13,_T,_T,PT_B1GQ,A,43.508
2012,BEL,TAX_REV,S13,_T,_T,PT_B1GQ,A,44.331
2013,BEL,TAX_REV,S13,_T,_T,PT_B1GQ,A,45.033
2014,BEL,TAX_REV,S13,_T,_T,PT_B1GQ,A,44.75
2015,BEL,TAX_REV,S13,_T,_T,PT_B1GQ,A,44.115
2016,BEL,TAX_REV,S13,_T,_T,PT_B1GQ,A,43.288
2017,BEL,TAX_REV,S13,_T,_T,PT_B1GQ,A,43.797
2018,BEL,TAX_REV,S13,_T,_T,PT_B1GQ,A,43.824
2019,BEL,TAX_REV,S13,_T,_T,PT_B1GQ,A,42.385
2020,BEL,TAX_REV,S13,_T,_T,PT_B1GQ,A,42.219
2021,BEL,TAX_REV,S13,_T,_T,PT_B1GQ,A,42.065
2022,BEL,TAX_REV,S13,_T,_T,PT_B1GQ,A,42.377
2023,BEL,TAX_REV,S13,_T,_T,PT_B1GQ,A,42.58
1990,CAN,TAX_REV,S13,_T,_T,PT_B1GQ,A,35.072
1991,CAN,TAX_REV,S13,_T,_T,PT_B1GQ,A,35.503
1992,CAN,TAX_REV,S13,_T,_T,PT_B1GQ,A,35.067
1993,CAN,TAX_REV,S13,_T,_T,PT_B1GQ,A,34.444
1994,CAN,TAX_REV,S13,_T,_T,PT_B1GQ,A,34.403
1995,CAN,TAX_REV,S13,_T,_T,PT_B1GQ,A,34.628
1996,CAN,TAX_REV,S13,_T,_T,PT_B1GQ,A,34.941
1997,CAN,TAX_REV,S13,_T,_T,PT_B1GQ,A,35.791
1998,CAN,TAX_REV,S13,_T,_T,PT_B1GQ,A,35.711
1999,CAN,TAX_REV,S13,_T,_T,PT_B1GQ,A,35.487
2000,CAN,TAX_REV,S13,_T,_T,PT_B1GQ,A,34.673
2001,CAN,TAX_REV,S13,_T,_T,PT_B1GQ,A,34.085
2002,CAN,TAX_REV,S13,_T,_T,PT_B1GQ,A,33.081
2003,CAN,TAX_REV,S13,_T,_T,PT_B1GQ,A,32.7
2004,CAN,TAX_REV,S13,_T,_T,PT_B1GQ,A,32.713
2005,CAN,TAX_REV,S13,_T,_T,PT_B1GQ,A,32.661
2006,CAN,TAX_REV,S13,_T,_T,PT_B1GQ,A,32.725
2007,CAN,TAX_REV,S13,_T,_T,PT_B1GQ,A,32.495
2008,CAN,TAX_REV,S13,_T,_T,PT_B1GQ,A,31.235
2009,CAN,TAX_REV,S13,_T,_T,PT_B1GQ,A,32.346
2010,CAN,TAX_REV,S13,_T,_T,PT_B1GQ,A,31.007
2011,CAN,TAX_REV,S13,_T,_T,PT_B1GQ,A,30.803
2012,CAN,TAX_REV,S13,_T,_T,PT_B1GQ,A,31.177
2013,CAN,TAX_REV,S13,_T,_T,PT_B1GQ,A,31.132
2014,CAN,TAX_REV,S13,_T,_T,PT_B1GQ,A,31.266
2015,CAN,TAX_REV,S13,_T,_T,PT_B1GQ,A,32.82
2016,CAN,TAX_REV,S13,_T,_T,PT_B1GQ,A,33.258
2017,CAN,TAX_REV,S13,_T,_T,PT_B1GQ,A,33.044
2018,CAN,TAX_REV,S13,_T,_T,PT_B1GQ,A,33.482
2019,CAN,TAX_REV,S13,_T,_T,PT_B1GQ,A,33.082
2020,CAN,TAX_REV,S13,_T,_T,PT_B1GQ,A,34.468
2021,CAN,TAX_REV,S13,_T,_T,PT_B1GQ,A,34.799
2022,CAN,TAX_REV,S13,_T,_T,PT_B1GQ,A,33.832
2023,CAN,TAX_REV,S13,_T,_T,PT_B1GQ,A,34.778
1990,CHL,TAX_REV,S13,_T,_T,PT_B1GQ,A,16.774
1991,CHL,TAX_REV,S13,_T,_T,PT_B1GQ,A,17.665
1992,CHL,TAX_REV,S13,_T,_T,PT_B1GQ,A,18.333
1993,CHL,TAX_REV,S13,_T,_T,PT_B1GQ,A,18.527
1994,CHL,TAX_REV,S13,_T,_T,PT_B1GQ,A,18.28
1995,CHL,TAX_REV,S13,_T,_T,PT_B1GQ,A,18.176
1996,CHL,TAX_REV,S13,_T,_T,PT_B1GQ,A,19.408
1997,CHL,TAX_REV,S13,_T,_T,PT_B1GQ,A,18.876
1998,CHL,TAX_REV,S13,_T,_T,PT_B1GQ,A,18.739
1999,CHL,TAX_REV,S13,_T,_T,PT_B1GQ,A,17.978
2000,CHL,TAX_REV,S13,_T,_T,PT_B1GQ,A,18.718
2001,CHL,TAX_REV,S13,_T,_T,PT_B1GQ,A,18.903
2002,CHL,TAX_REV,S13,_T,_T,PT_B1GQ,A,18.94
2003,CHL,TAX_REV,S13,_T,_T,PT_B1GQ,A,18.627
2004,CHL,TAX_REV,S13,_T,_T,PT_B1GQ,A,19.112
2005,CHL,TAX_REV,S13,_T,_T,PT_B1GQ,A,20.835
2006,CHL,TAX_REV,S13,_T,_T,PT_B1GQ,A,22.114
2007,CHL,TAX_REV,S13,_T,_T,PT_B1GQ,A,22.847
2008,CHL,TAX_REV,S13,_T,_T,PT_B1GQ,A,21.403
2009,CHL,TAX_REV,S13,_T,_T,PT_B1GQ,A,17.397
2010,CHL,TAX_REV,S13,_T,_T,PT_B1GQ,A,19.693
2011,CHL,TAX_REV,S13,_T,_T,PT_B1GQ,A,21.195
2012,CHL,TAX_REV,S13,_T,_T,PT_B1GQ,A,21.323
2013,CHL,TAX_REV,S13,_T,_T,PT_B1GQ,A,19.939
2014,CHL,TAX_REV,S13,_T,_T,PT_B1GQ,A,19.699
2015,CHL,TAX_REV,S13,_T,_T,PT_B1GQ,A,20.51
2016,CHL,TAX_REV,S13,_T,_T,PT_B1GQ,A,20.223
2017,CHL,TAX_REV,S13,_T,_T,PT_B1GQ,A,20.223
2018,CHL,TAX_REV,S13,_T,_T,PT_B1GQ,A,21.282
2019,CHL,TAX_REV,S13,_T,_T,PT_B1GQ,A,20.982
2020,CHL,TAX_REV,S13,_T,_T,PT_B1GQ,A,19.29
2021,CHL,TAX_REV,S13,_T,_T,PT_B1GQ,A,22.317
2022,CHL,TAX_REV,S13,_T,_T,PT_B1GQ,A,23.841
2023,CHL,TAX_REV,S13,_T,_T,PT_B1GQ,A,20.615
1990,COL,TAX_REV,S13,_T,_T,PT_B1GQ,A,11.347
1991,COL,TAX_REV,S13,_T,_T,PT_B1GQ,A,13.318
1992,COL,TAX_REV,S13,_T,_T,PT_B1GQ,A,13.909
1993,COL,TAX_REV,S13,_T,_T,PT_B1GQ,A,14.372
1994,COL,TAX_REV,S13,_T,_T,PT_B1GQ,A,15.745
1995,COL,TAX_REV,S13,_T,_T,PT_B1GQ,A,16.032
1996,COL,TAX_REV,S13,_T,_T,PT_B1GQ,A,16.708
1997,COL,TAX_REV,S13,_T,_T,PT_B1GQ,A,17.382
1998,COL,TAX_REV,S13,_T,_T,PT_B1GQ,A,16.352
1999,COL,TAX_REV,S13,_T,_T,PT_B1GQ,A,16.204
2000,COL,TAX_REV,S13,_T,_T,PT_B1GQ,A,15.683
2001,COL,TAX_REV,S13,_T,_T,PT_B1GQ,A,17.328
2002,COL,TAX_REV,S13,_T,_T,PT_B1GQ,A,17.153
2003,COL,TAX_REV,S13,_T,_T,PT_B1GQ,A,17.292
2004,COL,TAX_REV,S13,_T,_T,PT_B1GQ,A,17.969
2005,COL,TAX_REV,S13,_T,_T,PT_B1GQ,A,18.259
2006,COL,TAX_REV,S13,_T,_T,PT_B1GQ,A,19.267
2007,COL,TAX_REV,S13,_T,_T,PT_B1GQ,A,19.299
2008,COL,TAX_REV,S13,_T,_T,PT_B1GQ,A,19.032
2009,COL,TAX_REV,S13,_T,_T,PT_B1GQ,A,18.817
2010,COL,TAX_REV,S13,_T,_T,PT_B1GQ,A,18.096
2011,COL,TAX_REV,S13,_T,_T,PT_B1GQ,A,18.932
2012,COL,TAX_REV,S13,_T,_T,PT_B1GQ,A,19.721
2013,COL,TAX_REV,S13,_T,_T,PT_B1GQ,A,20.022
2014,COL,TAX_REV,S13,_T,_T,PT_B1GQ,A,19.55
2015,COL,TAX_REV,S13,_T,_T,PT_B1GQ,A,19.903
2016,COL,TAX_REV,S13,_T,_T,PT_B1GQ,A,19.079
2017,COL,TAX_REV,S13,_T,_T,PT_B1GQ,A,18.983
2018,COL,TAX_REV,S13,_T,_T,PT_B1GQ,A,19.265
2019,COL,TAX_REV,S13,_T,_T,PT_B1GQ,A,19.692
2020,COL,TAX_REV,S13,_T,_T,PT_B1GQ,A,18.773
2021,COL,TAX_REV,S13,_T,_T,PT_B1GQ,A,19.193
2022,COL,TAX_REV,S13,_T,_T,PT_B1GQ,A,19.652
2023,COL,TAX_REV,S13,_T,_T,PT_B1GQ,A,22.243
1990,CRI,TAX_REV,S13,_T,_T,PT_B1GQ,A,22.408
1991,CRI,TAX_REV,S13,_T,_T,PT_B1GQ,A,17.594
1992,CRI,TAX_REV,S13,_T,_T,PT_B1GQ,A,18.609
1993,CRI,TAX_REV,S13,_T,_T,PT_B1GQ,A,18.798
1994,CRI,TAX_REV,S13,_T,_T,PT_B1GQ,A,19.586
1995,CRI,TAX_REV,S13,_T,_T,PT_B1GQ,A,18.927
1996,CRI,TAX_REV,S13,_T,_T,PT_B1GQ,A,19.862
1997,CRI,TAX_REV,S13,_T,_T,PT_B1GQ,A,20.153
1998,CRI,TAX_REV,S13,_T,_T,PT_B1GQ,A,20.466
1999,CRI,TAX_REV,S13,_T,_T,PT_B1GQ,A,21.199
2000,CRI,TAX_REV,S13,_T,_T,PT_B1GQ,A,21.139
2001,CRI,TAX_REV,S13,_T,_T,PT_B1GQ,A,21.763
2002,CRI,TAX_REV,S13,_T,_T,PT_B1GQ,A,21.839
2003,CRI,TAX_REV,S13,_T,_T,PT_B1GQ,A,21.842
2004,CRI,TAX_REV,S13,_T,_T,PT_B1GQ,A,21.326
2005,CRI,TAX_REV,S13,_T,_T,PT_B1GQ,A,21.77
2006,CRI,TAX_REV,S13,_T,_T,PT_B1GQ,A,22.047
2007,CRI,TAX_REV,S13,_T,_T,PT_B1GQ,A,23.136
2008,CRI,TAX_REV,S13,_T,_T,PT_B1GQ,A,23.692
2009,CRI,TAX_REV,S13,_T,_T,PT_B1GQ,A,22.108
2010,CRI,TAX_REV,S13,_T,_T,PT_B1GQ,A,22.131
2011,CRI,TAX_REV,S13,_T,_T,PT_B1GQ,A,22.649
2012,CRI,TAX_REV,S13,_T,_T,PT_B1GQ,A,22.565
2013,CRI,TAX_REV,S13,_T,_T,PT_B1GQ,A,22.979
2014,CRI,TAX_REV,S13,_T,_T,PT_B1GQ,A,22.609
2015,CRI,TAX_REV,S13,_T,_T,PT_B1GQ,A,22.947
2016,CRI,TAX_REV,S13,_T,_T,PT_B1GQ,A,23.486
2017,CRI,TAX_REV,S13,_T,_T,PT_B1GQ,A,22.984
2018,CRI,TAX_REV,S13,_T,_T,PT_B1GQ,A,23.157
2019,CRI,TAX_REV,S13,_T,_T,PT_B1GQ,A,23.408
2020,CRI,TAX_REV,S13,_T,_T,PT_B1GQ,A,22.566
2021,CRI,TAX_REV,S13,_T,_T,PT_B1GQ,A,24.845
2022,CRI,TAX_REV,S13,_T,_T,PT_B1GQ,A,25.186
2023,CRI,TAX_REV,S13,_T,_T,PT_B1GQ,A,24.931
1993,CZE,TAX_REV,S13,_T,_T,PT_B1GQ,A,36.474
1994,CZE,TAX_REV,S13,_T,_T,PT_B1GQ,A,35.23
1995,CZE,TAX_REV,S13,_T,_T,PT_B1GQ,A,34.255
1996,CZE,TAX_REV,S13,_T,_T,PT_B1GQ,A,32.905
1997,CZE,TAX_REV,S13,_T,_T,PT_B1GQ,A,33.204
1998,CZE,TAX_REV,S13,_T,_T,PT_B1GQ,A,32.116
1999,CZE,TAX_REV,S13,_T,_T,PT_B1GQ,A,32.913
2000,CZE,TAX_REV,S13,_T,_T,PT_B1GQ,A,32.154
2001,CZE,TAX_REV,S13,_T,_T,PT_B1GQ,A,32.25
2002,CZE,TAX_REV,S13,_T,_T,PT_B1GQ,A,33.109
2003,CZE,TAX_REV,S13,_T,_T,PT_B1GQ,A,33.981
2004,CZE,TAX_REV,S13,_T,_T,PT_B1GQ,A,34.399
2005,CZE,TAX_REV,S13,_T,_T,PT_B1GQ,A,34.204
2006,CZE,TAX_REV,S13,_T,_T,PT_B1GQ,A,33.848
2007,CZE,TAX_REV,S13,_T,_T,PT_B1GQ,A,34.128
2008,CZE,TAX_REV,S13,_T,_T,PT_B1GQ,A,33.342
2009,CZE,TAX_REV,S13,_T,_T,PT_B1GQ,A,32.159
2010,CZE,TAX_REV,S13,_T,_T,PT_B1GQ,A,31.909
2011,CZE,TAX_REV,S13,_T,_T,PT_B1GQ,A,32.758
2012,CZE,TAX_REV,S13,_T,_T,PT_B1GQ,A,33.199
2013,CZE,TAX_REV,S13,_T,_T,PT_B1GQ,A,33.498
2014,CZE,TAX_REV,S13,_T,_T,PT_B1GQ,A,32.61
2015,CZE,TAX_REV,S13,_T,_T,PT_B1GQ,A,32.946
2016,CZE,TAX_REV,S13,_T,_T,PT_B1GQ,A,33.707
2017,CZE,TAX_REV,S13,_T,_T,PT_B1GQ,A,33.982
2018,CZE,TAX_REV,S13,_T,_T,PT_B1GQ,A,34.559
2019,CZE,TAX_REV,S13,_T,_T,PT_B1GQ,A,34.203
2020,CZE,TAX_REV,S13,_T,_T,PT_B1GQ,A,34.046
2021,CZE,TAX_REV,S13,_T,_T,PT_B1GQ,A,33.654
2022,CZE,TAX_REV,S13,_T,_T,PT_B1GQ,A,33.187
2023,CZE,TAX_REV,S13,_T,_T,PT_B1GQ,A,33.7
1990,DNK,TAX_REV,S13,_T,_T,PT_B1GQ,A,44.551
1991,DNK,TAX_REV,S13,_T,_T,PT_B1GQ,A,43.946
1992,DNK,TAX_REV,S13,_T,_T,PT_B1GQ,A,44.486
1993,DNK,TAX_REV,S13,_T,_T,PT_B1GQ,A,45.834
1994,DNK,TAX_REV,S13,_T,_T,PT_B1GQ,A,46.724
1995,DNK,TAX_REV,S13,_T,_T,PT_B1GQ,A,46.603
1996,DNK,TAX_REV,S13,_T,_T,PT_B1GQ,A,46.875
1997,DNK,TAX_REV,S13,_T,_T,PT_B1GQ,A,46.828
1998,DNK,TAX_REV,S13,_T,_T,PT_B1GQ,A,47.468
1999,DNK,TAX_REV,S13,_T,_T,PT_B1GQ,A,48.045
2000,DNK,TAX_REV,S13,_T,_T,PT_B1GQ,A,46.792
2001,DNK,TAX_REV,S13,_T,_T,PT_B1GQ,A,45.935
2002,DNK,TAX_REV,S13,_T,_T,PT_B1GQ,A,45.468
2003,DNK,TAX_REV,S13,_T,_T,PT_B1GQ,A,45.693
2004,DNK,TAX_REV,S13,_T,_T,PT_B1GQ,A,46.3
2005,DNK,TAX_REV,S13,_T,_T,PT_B1GQ,A,47.885
2006,DNK,TAX_REV,S13,_T,_T,PT_B1GQ,A,46.47
2007,DNK,TAX_REV,S13,_T,_T,PT_B1GQ,A,46.488
2008,DNK,TAX_REV,S13,_T,_T,PT_B1GQ,A,44.761
2009,DNK,TAX_REV,S13,_T,_T,PT_B1GQ,A,44.737
2010,DNK,TAX_REV,S13,_T,_T,PT_B1GQ,A,44.794
2011,DNK,TAX_REV,S13,_T,_T,PT_B1GQ,A,44.867
2012,DNK,TAX_REV,S13,_T,_T,PT_B1GQ,A,45.626
2013,DNK,TAX_REV,S13,_T,_T,PT_B1GQ,A,45.97
2014,DNK,TAX_REV,S13,_T,_T,PT_B1GQ,A,48.776
2015,DNK,TAX_REV,S13,_T,_T,PT_B1GQ,A,46.487
2016,DNK,TAX_REV,S13,_T,_T,PT_B1GQ,A,45.799
2017,DNK,TAX_REV,S13,_T,_T,PT_B1GQ,A,45.457
2018,DNK,TAX_REV,S13,_T,_T,PT_B1GQ,A,44.445
2019,DNK,TAX_REV,S13,_T,_T,PT_B1GQ,A,47.146
2020,DNK,TAX_REV,S13,_T,_T,PT_B1GQ,A,47.237
2021,DNK,TAX_REV,S13,_T,_T,PT_B1GQ,A,47.249
2022,DNK,TAX_REV,S13,_T,_T,PT_B1GQ,A,41.934
2023,DNK,TAX_REV,S13,_T,_T,PT_B1GQ,A,43.391
1995,EST,TAX_REV,S13,_T,_T,PT_B1GQ,A,34.998
1996,EST,TAX_REV,S13,_T,_T,PT_B1GQ,A,33.824
1997,EST,TAX_REV,S13,_T,_T,PT_B1GQ,A,33.553
1998,EST,TAX_REV,S13,_T,_T,PT_B1GQ,A,33.622
1999,EST,TAX_REV,S13,_T,_T,PT_B1GQ,A,32.37
2000,EST,TAX_REV,S13,_T,_T,PT_B1GQ,A,31.087
2001,EST,TAX_REV,S13,_T,_T,PT_B1GQ,A,30.295
2002,EST,TAX_REV,S13,_T,_T,PT_B1GQ,A,30.973
2003,EST,TAX_REV,S13,_T,_T,PT_B1GQ,A,30.764
2004,EST,TAX_REV,S13,_T,_T,PT_B1GQ,A,30.978
2005,EST,TAX_REV,S13,_T,_T,PT_B1GQ,A,29.75
2006,EST,TAX_REV,S13,_T,_T,PT_B1GQ,A,30.432
2007,EST,TAX_REV,S13,_T,_T,PT_B1GQ,A,30.982
2008,EST,TAX_REV,S13,_T,_T,PT_B1GQ,A,31.237
2009,EST,TAX_REV,S13,_T,_T,PT_B1GQ,A,34.95
2010,EST,TAX_REV,S13,_T,_T,PT_B1GQ,A,33.195
2011,EST,TAX_REV,S13,_T,_T,PT_B1GQ,A,31.373
2012,EST,TAX_REV,S13,_T,_T,PT_B1GQ,A,31.402
2013,EST,TAX_REV,S13,_T,_T,PT_B1GQ,A,31.249
2014,EST,TAX_REV,S13,_T,_T,PT_B1GQ,A,31.635
2015,EST,TAX_REV,S13,_T,_T,PT_B1GQ,A,32.719
2016,EST,TAX_REV,S13,_T,_T,PT_B1GQ,A,32.851
2017,EST,TAX_REV,S13,_T,_T,PT_B1GQ,A,31.902
2018,EST,TAX_REV,S13,_T,_T,PT_B1GQ,A,32.271
2019,EST,TAX_REV,S13,_T,_T,PT_B1GQ,A,32.655
2020,EST,TAX_REV,S13,_T,_T,PT_B1GQ,A,32.79
2021,EST,TAX_REV,S13,_T,_T,PT_B1GQ,A,33.502
2022,EST,TAX_REV,S13,_T,_T,PT_B1GQ,A,32.554
2023,EST,TAX_REV,S13,_T,_T,PT_B1GQ,A,33.51
1990,FIN,TAX_REV,S13,_T,_T,PT_B1GQ,A,42.934
1991,FIN,TAX_REV,S13,_T,_T,PT_B1GQ,A,44.48
1992,FIN,TAX_REV,S13,_T,_T,PT_B1GQ,A,44.0
1993,FIN,TAX_REV,S13,_T,_T,PT_B1GQ,A,43.497
1994,FIN,TAX_REV,S13,_T,_T,PT_B1GQ,A,45.518
1995,FIN,TAX_REV,S13,_T,_T,PT_B1GQ,A,44.5
1996,FIN,TAX_REV,S13,_T,_T,PT_B1GQ,A,45.69
1997,FIN,TAX_REV,S13,_T,_T,PT_B1GQ,A,44.938
1998,FIN,TAX_REV,S13,_T,_T,PT_B1GQ,A,44.792
1999,FIN,TAX_REV,S13,_T,_T,PT_B1GQ,A,44.262
2000,FIN,TAX_REV,S13,_T,_T,PT_B1GQ,A,45.759
2001,FIN,TAX_REV,S13,_T,_T,PT_B1GQ,A,43.115
2002,FIN,TAX_REV,S13,_T,_T,PT_B1GQ,A,43.275
2003,FIN,TAX_REV,S13,_T,_T,PT_B1GQ,A,42.338
2004,FIN,TAX_REV,S13,_T,_T,PT_B1GQ,A,41.748
2005,FIN,TAX_REV,S13,_T,_T,PT_B1GQ,A,42.037
2006,FIN,TAX_REV,S13,_T,_T,PT_B1GQ,A,42.085
2007,FIN,TAX_REV,S13,_T,_T,PT_B1GQ,A,41.4
2008,FIN,TAX_REV,S13,_T,_T,PT_B1GQ,A,41.09
2009,FIN,TAX_REV,S13,_T,_T,PT_B1GQ,A,40.773
2010,FIN,TAX_REV,S13,_T,_T,PT_B1GQ,A,40.562
2011,FIN,TAX_REV,S13,_T,_T,PT_B1GQ,A,41.794
2012,FIN,TAX_REV,S13,_T,_T,PT_B1GQ,A,42.415
2013,FIN,TAX_REV,S13,_T,_T,PT_B1GQ,A,43.406
2014,FIN,TAX_REV,S13,_T,_T,PT_B1GQ,A,43.513
2015,FIN,TAX_REV,S13,_T,_T,PT_B1GQ,A,43.524
2016,FIN,TAX_REV,S13,_T,_T,PT_B1GQ,A,43.727
2017,FIN,TAX_REV,S13,_T,_T,PT_B1GQ,A,42.857
2018,FIN,TAX_REV,S13,_T,_T,PT_B1GQ,A,42.387
2019,FIN,TAX_REV,S13,_T,_T,PT_B1GQ,A,42.291
2020,FIN,TAX_REV,S13,_T,_T,PT_B1GQ,A,41.846
2021,FIN,TAX_REV,S13,_T,_T,PT_B1GQ,A,43.211
2022,FIN,TAX_REV,S13,_T,_T,PT_B1GQ,A,43.175
2023,FIN,TAX_REV,S13,_T,_T,PT_B1GQ,A,42.45
1990,FRA,TAX_REV,S13,_T,_T,PT_B1GQ,A,41.55
1991,FRA,TAX_REV,S13,_T,_T,PT_B1GQ,A,41.892
1992,FRA,TAX_REV,S13,_T,_T,PT_B1GQ,A,41.928
1993,FRA,TAX_REV,S13,_T,_T,PT_B1GQ,A,43.018
1994,FRA,TAX_REV,S13,_T,_T,PT_B1GQ,A,43.072
1995,FRA,TAX_REV,S13,_T,_T,PT_B1GQ,A,42.697
1996,FRA,TAX_REV,S13,_T,_T,PT_B1GQ,A,43.831
1997,FRA,TAX_REV,S13,_T,_T,PT_B1GQ,A,43.963
1998,FRA,TAX_REV,S13,_T,_T,PT_B1GQ,A,43.797
1999,FRA,TAX_REV,S13,_T,_T,PT_B1GQ,A,44.517
2000,FRA,TAX_REV,S13,_T,_T,PT_B1GQ,A,43.666
2001,FRA,TAX_REV,S13,_T,_T,PT_B1GQ,A,43.549
2002,FRA,TAX_REV,S13,_T,_T,PT_B1GQ,A,42.854
2003,FRA,TAX_REV,S13,_T,_T,PT_B1GQ,A,42.659
2004,FRA,TAX_REV,S13,_T,_T,PT_B1GQ,A,42.815
2005,FRA,TAX_REV,S13,_T,_T,PT_B1GQ,A,43.142
2006,FRA,TAX_REV,S13,_T,_T,PT_B1GQ,A,43.522
2007,FRA,TAX_REV,S13,_T,_T,PT_B1GQ,A,42.921
2008,FRA,TAX_REV,S13,_T,_T,PT_B1GQ,A,42.737
2009,FRA,TAX_REV,S13,_T,_T,PT_B1GQ,A,42.109
2010,FRA,TAX_REV,S13,_T,_T,PT_B1GQ,A,42.238
2011,FRA,TAX_REV,S13,_T,_T,PT_B1GQ,A,43.319
2012,FRA,TAX_REV,S13,_T,_T,PT_B1GQ,A,44.461
2013,FRA,TAX_REV,S13,_T,_T,PT_B1GQ,A,45.329
2014,FRA,TAX_REV,S13,_T,_T,PT_B1GQ,A,45.406
2015,FRA,TAX_REV,S13,_T,_T,PT_B1GQ,A,45.363
2016,FRA,TAX_REV,S13,_T,_T,PT_B1GQ,A,45.397
2017,FRA,TAX_REV,S13,_T,_T,PT_B1GQ,A,46.239
2018,FRA,TAX_REV,S13,_T,_T,PT_B1GQ,A,46.022
2019,FRA,TAX_REV,S13,_T,_T,PT_B1GQ,A,45.024
2020,FRA,TAX_REV,S13,_T,_T,PT_B1GQ,A,45.239
2021,FRA,TAX_REV,S13,_T,_T,PT_B1GQ,A,45.059
2022,FRA,TAX_REV,S13,_T,_T,PT_B1GQ,A,45.774
2023,FRA,TAX_REV,S13,_T,_T,PT_B1GQ,A,43.814
1990,DEU,TAX_REV,S13,_T,_T,PT_B1GQ,A,34.803
1991,DEU,TAX_REV,S13,_T,_T,PT_B1GQ,A,34.874
1992,DEU,TAX_REV,S13,_T,_T,PT_B1GQ,A,35.758
1993,DEU,TAX_REV,S13,_T,_T,PT_B1GQ,A,35.781
1994,DEU,TAX_REV,S13,_T,_T,PT_B1GQ,A,36.186
1995,DEU,TAX_REV,S13,_T,_T,PT_B1GQ,A,36.312
1996,DEU,TAX_REV,S13,_T,_T,PT_B1GQ,A,35.666
1997,DEU,TAX_REV,S13,_T,_T,PT_B1GQ,A,35.35
1998,DEU,TAX_REV,S13,_T,_T,PT_B1GQ,A,35.539
1999,DEU,TAX_REV,S13,_T,_T,PT_B1GQ,A,36.253
2000,DEU,TAX_REV,S13,_T,_T,PT_B1GQ,A,36.369
2001,DEU,TAX_REV,S13,_T,_T,PT_B1GQ,A,35.127
2002,DEU,TAX_REV,S13,_T,_T,PT_B1GQ,A,34.559
2003,DEU,TAX_REV,S13,_T,_T,PT_B1GQ,A,34.745
2004,DEU,TAX_REV,S13,_T,_T,PT_B1GQ,A,34.521
2005,DEU,TAX_REV,S13,_T,_T,PT_B1GQ,A,34.649
2006,DEU,TAX_REV,S13,_T,_T,PT_B1GQ,A,35.213
2007,DEU,TAX_REV,S13,_T,_T,PT_B1GQ,A,35.697
2008,DEU,TAX_REV,S13,_T,_T,PT_B1GQ,A,36.179
2009,DEU,TAX_REV,S13,_T,_T,PT_B1GQ,A,37.121
2010,DEU,TAX_REV,S13,_T,_T,PT_B1GQ,A,35.869
2011,DEU,TAX_REV,S13,_T,_T,PT_B1GQ,A,36.589
2012,DEU,TAX_REV,S13,_T,_T,PT_B1GQ,A,37.342
2013,DEU,TAX_REV,S13,_T,_T,PT_B1GQ,A,37.675
2014,DEU,TAX_REV,S13,_T,_T,PT_B1GQ,A,37.614
2015,DEU,TAX_REV,S13,_T,_T,PT_B1GQ,A,38.052
2016,DEU,TAX_REV,S13,_T,_T,PT_B1GQ,A,38.518
2017,DEU,TAX_REV,S13,_T,_T,PT_B1GQ,A,38.528
2018,DEU,TAX_REV,S13,_T,_T,PT_B1GQ,A,39.196
2019,DEU,TAX_REV,S13,_T,_T,PT_B1GQ,A,39.326
2020,DEU,TAX_REV,S13,_T,_T,PT_B1GQ,A,38.652
2021,DEU,TAX_REV,S13,_T,_T,PT_B1GQ,A,39.781
2022,DEU,TAX_REV,S13,_T,_T,PT_B1GQ,A,39.647
2023,DEU,TAX_REV,S13,_T,_T,PT_B1GQ,A,38.057
1990,GRC,TAX_REV,S13,_T,_T,PT_B1GQ,A,25.191
1991,GRC,TAX_REV,S13,_T,_T,PT_B1GQ,A,25.292
1992,GRC,TAX_REV,S13,_T,_T,PT_B1GQ,A,26.123
1993,GRC,TAX_REV,S13,_T,_T,PT_B1GQ,A,26.57
1994,GRC,TAX_REV,S13,_T,_T,PT_B1GQ,A,26.834
1995,GRC,TAX_REV,S13,_T,_T,PT_B1GQ,A,28.313
1996,GRC,TAX_REV,S13,_T,_T,PT_B1GQ,A,28.455
1997,GRC,TAX_REV,S13,_T,_T,PT_B1GQ,A,29.561
1998,GRC,TAX_REV,S13,_T,_T,PT_B1GQ,A,30.755
1999,GRC,TAX_REV,S13,_T,_T,PT_B1GQ,A,31.817
2000,GRC,TAX_REV,S13,_T,_T,PT_B1GQ,A,33.424
2001,GRC,TAX_REV,S13,_T,_T,PT_B1GQ,A,31.937
2002,GRC,TAX_REV,S13,_T,_T,PT_B1GQ,A,33.147
2003,GRC,TAX_REV,S13,_T,_T,PT_B1GQ,A,31.493
2004,GRC,TAX_REV,S13,_T,_T,PT_B1GQ,A,30.466
2005,GRC,TAX_REV,S13,_T,_T,PT_B1GQ,A,31.874
2006,GRC,TAX_REV,S13,_T,_T,PT_B1GQ,A,31.05
2007,GRC,TAX_REV,S13,_T,_T,PT_B1GQ,A,31.797
2008,GRC,TAX_REV,S13,_T,_T,PT_B1GQ,A,31.803
2009,GRC,TAX_REV,S13,_T,_T,PT_B1GQ,A,30.752
2010,GRC,TAX_REV,S13,_T,_T,PT_B1GQ,A,32.31
2011,GRC,TAX_REV,S13,_T,_T,PT_B1GQ,A,34.258
2012,GRC,TAX_REV,S13,_T,_T,PT_B1GQ,A,36.702
2013,GRC,TAX_REV,S13,_T,_T,PT_B1GQ,A,36.254
2014,GRC,TAX_REV,S13,_T,_T,PT_B1GQ,A,36.687
2015,GRC,TAX_REV,S13,_T,_T,PT_B1GQ,A,36.946
2016,GRC,TAX_REV,S13,_T,_T,PT_B1GQ,A,39.212
2017,GRC,TAX_REV,S13,_T,_T,PT_B1GQ,A,39.722
2018,GRC,TAX_REV,S13,_T,_T,PT_B1GQ,A,40.345
2019,GRC,TAX_REV,S13,_T,_T,PT_B1GQ,A,39.492
2020,GRC,TAX_REV,S13,_T,_T,PT_B1GQ,A,39.509
2021,GRC,TAX_REV,S13,_T,_T,PT_B1GQ,A,40.041
2022,GRC,TAX_REV,S13,_T,_T,PT_B1GQ,A,41.212
2023,GRC,TAX_REV,S13,_T,_T,PT_B1GQ,A,39.779
1991,HUN,TAX_REV,S13,_T,_T,PT_B1GQ,A,44.622
1992,HUN,TAX_REV,S13,_T,_T,PT_B1GQ,A,44.354
1993,HUN,TAX_REV,S13,_T,_T,PT_B1GQ,A,45.197
1994,HUN,TAX_REV,S13,_T,_T,PT_B1GQ,A,42.735
1995,HUN,TAX_REV,S13,_T,_T,PT_B1GQ,A,40.77
1996,HUN,TAX_REV,S13,_T,_T,PT_B1GQ,A,39.421
1997,HUN,TAX_REV,S13,_T,_T,PT_B1GQ,A,37.743
1998,HUN,TAX_REV,S13,_T,_T,PT_B1GQ,A,37.461
1999,HUN,TAX_REV,S13,_T,_T,PT_B1GQ,A,38.23
2000,HUN,TAX_REV,S13,_T,_T,PT_B1GQ,A,38.521
2001,HUN,TAX_REV,S13,_T,_T,PT_B1GQ,A,37.6
2002,HUN,TAX_REV,S13,_T,_T,PT_B1GQ,A,37.389
2003,HUN,TAX_REV,S13,_T,_T,PT_B1GQ,A,37.193
2004,HUN,TAX_REV,S13,_T,_T,PT_B1GQ,A,36.916
2005,HUN,TAX_REV,S13,_T,_T,PT_B1GQ,A,36.395
2006,HUN,TAX_REV,S13,_T,_T,PT_B1GQ,A,36.347
2007,HUN,TAX_REV,S13,_T,_T,PT_B1GQ,A,39.232
2008,HUN,TAX_REV,S13,_T,_T,PT_B1GQ,A,39.333
2009,HUN,TAX_REV,S13,_T,_T,PT_B1GQ,A,38.735
2010,HUN,TAX_REV,S13,_T,_T,PT_B1GQ,A,36.826
2011,HUN,TAX_REV,S13,_T,_T,PT_B1GQ,A,36.373
2012,HUN,TAX_REV,S13,_T,_T,PT_B1GQ,A,38.901
2013,HUN,TAX_REV,S13,_T,_T,PT_B1GQ,A,38.444
2014,HUN,TAX_REV,S13,_T,_T,PT_B1GQ,A,38.362
2015,HUN,TAX_REV,S13,_T,_T,PT_B1GQ,A,38.666
2016,HUN,TAX_REV,S13,_T,_T,PT_B1GQ,A,39.038
2017,HUN,TAX_REV,S13,_T,_T,PT_B1GQ,A,37.818
2018,HUN,TAX_REV,S13,_T,_T,PT_B1GQ,A,36.79
2019,HUN,TAX_REV,S13,_T,_T,PT_B1GQ,A,36.306
2020,HUN,TAX_REV,S13,_T,_T,PT_B1GQ,A,35.969
2021,HUN,TAX_REV,S13,_T,_T,PT_B1GQ,A,33.777
2022,HUN,TAX_REV,S13,_T,_T,PT_B1GQ,A,35.149
2023,HUN,TAX_REV,S13,_T,_T,PT_B1GQ,A,34.19
1990,ISL,TAX_REV,S13,_T,_T,PT_B1GQ,A,30.484
1991,ISL,TAX_REV,S13,_T,_T,PT_B1GQ,A,30.838
1992,ISL,TAX_REV,S13,_T,_T,PT_B1GQ,A,31.666
1993,ISL,TAX_REV,S13,_T,_T,PT_B1GQ,A,30.599
1994,ISL,TAX_REV,S13,_T,_T,PT_B1GQ,A,30.147
1995,ISL,TAX_REV,S13,_T,_T,PT_B1GQ,A,30.725
1996,ISL,TAX_REV,S13,_T,_T,PT_B1GQ,A,31.886
1997,ISL,TAX_REV,S13,_T,_T,PT_B1GQ,A,31.588
1998,ISL,TAX_REV,S13,_T,_T,PT_B1GQ,A,33.628
1999,ISL,TAX_REV,S13,_T,_T,PT_B1GQ,A,35.922
2000,ISL,TAX_REV,S13,_T,_T,PT_B1GQ,A,35.877
2001,ISL,TAX_REV,S13,_T,_T,PT_B1GQ,A,34.064
2002,ISL,TAX_REV,S13,_T,_T,PT_B1GQ,A,33.769
2003,ISL,TAX_REV,S13,_T,_T,PT_B1GQ,A,35.267
2004,ISL,TAX_REV,S13,_T,_T,PT_B1GQ,A,36.328
2005,ISL,TAX_REV,S13,_T,_T,PT_B1GQ,A,39.318
2006,ISL,TAX_REV,S13,_T,_T,PT_B1GQ,A,39.614
2007,ISL,TAX_REV,S13,_T,_T,PT_B1GQ,A,38.413
2008,ISL,TAX_REV,S13,_T,_T,PT_B1GQ,A,34.264
2009,ISL,TAX_REV,S13,_T,_T,PT_B1GQ,A,31.276
2010,ISL,TAX_REV,S13,_T,_T,PT_B1GQ,A,32.218
2011,ISL,TAX_REV,S13,_T,_T,PT_B1GQ,A,33.197
2012,ISL,TAX_REV,S13,_T,_T,PT_B1GQ,A,33.951
2013,ISL,TAX_REV,S13,_T,_T,PT_B1GQ,A,34.319
2014,ISL,TAX_REV,S13,_T,_T,PT_B1GQ,A,37.111
2015,ISL,TAX_REV,S13,_T,_T,PT_B1GQ,A,35.139
2016,ISL,TAX_REV,S13,_T,_T,PT_B1GQ,A,50.286
2017,ISL,TAX_REV,S13,_T,_T,PT_B1GQ,A,37.13
2018,ISL,TAX_REV,S13,_T,_T,PT_B1GQ,A,36.457
2019,ISL,TAX_REV,S13,_T,_T,PT_B1GQ,A,35.094
2020,ISL,TAX_REV,S13,_T,_T,PT_B1GQ,A,36.225
2021,ISL,TAX_REV,S13,_T,_T,PT_B1GQ,A,34.797
2022,ISL,TAX_REV,S13,_T,_T,PT_B1GQ,A,35.166
2023,ISL,TAX_REV,S13,_T,_T,PT_B1GQ,A,35.924
1990,IRL,TAX_REV,S13,_T,_T,PT_B1GQ,A,32.389
1991,IRL,TAX_REV,S13,_T,_T,PT_B1GQ,A,32.956
1992,IRL,TAX_REV,S13,_T,_T,PT_B1GQ,A,33.297
1993,IRL,TAX_REV,S13,_T,_T,PT_B1GQ,A,33.296
1994,IRL,TAX_REV,S13,_T,_T,PT_B1GQ,A,34.366
1995,IRL,TAX_REV,S13,_T,_T,PT_B1GQ,A,31.772
1996,IRL,TAX_REV,S13,_T,_T,PT_B1GQ,A,32.311
1997,IRL,TAX_REV,S13,_T,_T,PT_B1GQ,A,31.356
1998,IRL,TAX_REV,S13,_T,_T,PT_B1GQ,A,30.797
1999,IRL,TAX_REV,S13,_T,_T,PT_B1GQ,A,30.835
2000,IRL,TAX_REV,S13,_T,_T,PT_B1GQ,A,30.751
2001,IRL,TAX_REV,S13,_T,_T,PT_B1GQ,A,28.654
2002,IRL,TAX_REV,S13,_T,_T,PT_B1GQ,A,27.872
2003,IRL,TAX_REV,S13,_T,_T,PT_B1GQ,A,28.526
2004,IRL,TAX_REV,S13,_T,_T,PT_B1GQ,A,29.575
2005,IRL,TAX_REV,S13,_T,_T,PT_B1GQ,A,30.042
2006,IRL,TAX_REV,S13,_T,_T,PT_B1GQ,A,31.426
2007,IRL,TAX_REV,S13,_T,_T,PT_B1GQ,A,30.847
2008,IRL,TAX_REV,S13,_T,_T,PT_B1GQ,A,29.093
2009,IRL,TAX_REV,S13,_T,_T,PT_B1GQ,A,28.067
2010,IRL,TAX_REV,S13,_T,_T,PT_B1GQ,A,27.71
2011,IRL,TAX_REV,S13,_T,_T,PT_B1GQ,A,27.553
2012,IRL,TAX_REV,S13,_T,_T,PT_B1GQ,A,27.913
2013,IRL,TAX_REV,S13,_T,_T,PT_B1GQ,A,28.09
2014,IRL,TAX_REV,S13,_T,_T,PT_B1GQ,A,27.899
2015,IRL,TAX_REV,S13,_T,_T,PT_B1GQ,A,22.344
2016,IRL,TAX_REV,S13,_T,_T,PT_B1GQ,A,23.032
2017,IRL,TAX_REV,S13,_T,_T,PT_B1GQ,A,21.741
2018,IRL,TAX_REV,S13,_T,_T,PT_B1GQ,A,21.758
2019,IRL,TAX_REV,S13,_T,_T,PT_B1GQ,A,21.444
2020,IRL,TAX_REV,S13,_T,_T,PT_B1GQ,A,19.37
2021,IRL,TAX_REV,S13,_T,_T,PT_B1GQ,A,20.041
2022,IRL,TAX_REV,S13,_T,_T,PT_B1GQ,A,20.255
2023,IRL,TAX_REV,S13,_T,_T,PT_B1GQ,A,21.897
1995,ISR,TAX_REV,S13,_T,_T,PT_B1GQ,A,33.929
1996,ISR,TAX_REV,S13,_T,_T,PT_B1GQ,A,33.506
1997,ISR,TAX_REV,S13,_T,_T,PT_B1GQ,A,34.198
1998,ISR,TAX_REV,S13,_T,_T,PT_B1GQ,A,33.256
1999,ISR,TAX_REV,S13,_T,_T,PT_B1GQ,A,33.185
2000,ISR,TAX_REV,S13,_T,_T,PT_B1GQ,A,34.009
2001,ISR,TAX_REV,S13,_T,_T,PT_B1GQ,A,33.759
2002,ISR,TAX_REV,S13,_T,_T,PT_B1GQ,A,32.943
2003,ISR,TAX_REV,S13,_T,_T,PT_B1GQ,A,32.231
2004,ISR,TAX_REV,S13,_T,_T,PT_B1GQ,A,32.298
2005,ISR,TAX_REV,S13,_T,_T,PT_B1GQ,A,32.684
2006,ISR,TAX_REV,S13,_T,_T,PT_B1GQ,A,33.275
2007,ISR,TAX_REV,S13,_T,_T,PT_B1GQ,A,33.216
2008,ISR,TAX_REV,S13,_T,_T,PT_B1GQ,A,31.323
2009,ISR,TAX_REV,S13,_T,_T,PT_B1GQ,A,29.124
2010,ISR,TAX_REV,S13,_T,_T,PT_B1GQ,A,30.092
2011,ISR,TAX_REV,S13,_T,_T,PT_B1GQ,A,30.309
2012,ISR,TAX_REV,S13,_T,_T,PT_B1GQ,A,29.469
2013,ISR,TAX_REV,S13,_T,_T,PT_B1GQ,A,30.329
2014,ISR,TAX_REV,S13,_T,_T,PT_B1GQ,A,30.642
2015,ISR,TAX_REV,S13,_T,_T,PT_B1GQ,A,31.035
2016,ISR,TAX_REV,S13,_T,_T,PT_B1GQ,A,30.998
2017,ISR,TAX_REV,S13,_T,_T,PT_B1GQ,A,32.196
2018,ISR,TAX_REV,S13,_T,_T,PT_B1GQ,A,30.761
2019,ISR,TAX_REV,S13,_T,_T,PT_B1GQ,A,30.125
2020,ISR,TAX_REV,S13,_T,_T,PT_B1GQ,A,29.581
2021,ISR,TAX_REV,S13,_T,_T,PT_B1GQ,A,32.305
2022,ISR,TAX_REV,S13,_T,_T,PT_B1GQ,A,32.78
2023,ISR,TAX_REV,S13,_T,_T,PT_B1GQ,A,29.805
1990,ITA,TAX_REV,S13,_T,_T,PT_B1GQ,A,36.271
1991,ITA,TAX_REV,S13,_T,_T,PT_B1GQ,A,36.665
1992,ITA,TAX_REV,S13,_T,_T,PT_B1GQ,A,38.921
1993,ITA,TAX_REV,S13,_T,_T,PT_B1GQ,A,40.505
1994,ITA,TAX_REV,S13,_T,_T,PT_B1GQ,A,38.581
1995,ITA,TAX_REV,S13,_T,_T,PT_B1GQ,A,38.455
1996,ITA,TAX_REV,S13,_T,_T,PT_B1GQ,A,40.154
1997,ITA,TAX_REV,S13,_T,_T,PT_B1GQ,A,41.574
1998,ITA,TAX_REV,S13,_T,_T,PT_B1GQ,A,39.92
1999,ITA,TAX_REV,S13,_T,_T,PT_B1GQ,A,40.793
2000,ITA,TAX_REV,S13,_T,_T,PT_B1GQ,A,40.523
2001,ITA,TAX_REV,S13,_T,_T,PT_B1GQ,A,40.135
2002,ITA,TAX_REV,S13,_T,_T,PT_B1GQ,A,39.619
2003,ITA,TAX_REV,S13,_T,_T,PT_B1GQ,A,39.953
2004,ITA,TAX_REV,S13,_T,_T,PT_B1GQ,A,39.225
2005,ITA,TAX_REV,S13,_T,_T,PT_B1GQ,A,39.047
2006,ITA,TAX_REV,S13,_T,_T,PT_B1GQ,A,40.464
2007,ITA,TAX_REV,S13,_T,_T,PT_B1GQ,A,41.564
2008,ITA,TAX_REV,S13,_T,_T,PT_B1GQ,A,41.596
2009,ITA,TAX_REV,S13,_T,_T,PT_B1GQ,A,41.97
2010,ITA,TAX_REV,S13,_T,_T,PT_B1GQ,A,41.701
2011,ITA,TAX_REV,S13,_T,_T,PT_B1GQ,A,41.637
2012,ITA,TAX_REV,S13,_T,_T,PT_B1GQ,A,43.617
2013,ITA,TAX_REV,S13,_T,_T,PT_B1GQ,A,43.828
2014,ITA,TAX_REV,S13,_T,_T,PT_B1GQ,A,43.325
2015,ITA,TAX_REV,S13,_T,_T,PT_B1GQ,A,42.958
2016,ITA,TAX_REV,S13,_T,_T,PT_B1GQ,A,42.242
2017,ITA,TAX_REV,S13,_T,_T,PT_B1GQ,A,41.912
2018,ITA,TAX_REV,S13,_T,_T,PT_B1GQ,A,41.731
2019,ITA,TAX_REV,S13,_T,_T,PT_B1GQ,A,42.272
2020,ITA,TAX_REV,S13,_T,_T,PT_B1GQ,A,42.582
2021,ITA,TAX_REV,S13,_T,_T,PT_B1GQ,A,42.461
2022,ITA,TAX_REV,S13,_T,_T,PT_B1GQ,A,42.837
2023,ITA,TAX_REV,S13,_T,_T,PT_B1GQ,A,42.844
1990,JPN,TAX_REV,S13,_T,_T,PT_B1GQ,A,27.69
1991,JPN,TAX_REV,S13,_T,_T,PT_B1GQ,A,27.356
1992,JPN,TAX_REV,S13,_T,_T,PT_B1GQ,A,25.858
1993,JPN,TAX_REV,S13,_T,_T,PT_B1GQ,A,25.844
1994,JPN,TAX_REV,S13,_T,_T,PT_B1GQ,A,25.001
1995,JPN,TAX_REV,S13,_T,_T,PT_B1GQ,A,25.401
1996,JPN,TAX_REV,S13,_T,_T,PT_B1GQ,A,25.343
1997,JPN,TAX_REV,S13,_T,_T,PT_B1GQ,A,25.736
1998,JPN,TAX_REV,S13,_T,_T,PT_B1GQ,A,25.259
1999,JPN,TAX_REV,S13,_T,_T,PT_B1GQ,A,24.802
2000,JPN,TAX_REV,S13,_T,_T,PT_B1GQ,A,25.341
2001,JPN,TAX_REV,S13,_T,_T,PT_B1GQ,A,25.534
2002,JPN,TAX_REV,S13,_T,_T,PT_B1GQ,A,24.504
2003,JPN,TAX_REV,S13,_T,_T,PT_B1GQ,A,24.136
2004,JPN,TAX_REV,S13,_T,_T,PT_B1GQ,A,24.76
2005,JPN,TAX_REV,S13,_T,_T,PT_B1GQ,A,25.827
2006,JPN,TAX_REV,S13,_T,_T,PT_B1GQ,A,26.618
2007,JPN,TAX_REV,S13,_T,_T,PT_B1GQ,A,27.159
2008,JPN,TAX_REV,S13,_T,_T,PT_B1GQ,A,27.049
2009,JPN,TAX_REV,S13,_T,_T,PT_B1GQ,A,25.686
2010,JPN,TAX_REV,S13,_T,_T,PT_B1GQ,A,26.241
2011,JPN,TAX_REV,S13,_T,_T,PT_B1GQ,A,27.132
2012,JPN,TAX_REV,S13,_T,_T,PT_B1GQ,A,27.952
2013,JPN,TAX_REV,S13,_T,_T,PT_B1GQ,A,28.557
2014,JPN,TAX_REV,S13,_T,_T,PT_B1GQ,A,29.973
2015,JPN,TAX_REV,S13,_T,_T,PT_B1GQ,A,30.242
2016,JPN,TAX_REV,S13,_T,_T,PT_B1GQ,A,30.279
2017,JPN,TAX_REV,S13,_T,_T,PT_B1GQ,A,30.916
2018,JPN,TAX_REV,S13,_T,_T,PT_B1GQ,A,31.548
2019,JPN,TAX_REV,S13,_T,_T,PT_B1GQ,A,31.507
2020,JPN,TAX_REV,S13,_T,_T,PT_B1GQ,A,32.909
2021,JPN,TAX_REV,S13,_T,_T,PT_B1GQ,A,33.883
2022,JPN,TAX_REV,S13,_T,_T,PT_B1GQ,A,34.441
1990,KOR,TAX_REV,S13,_T,_T,PT_B1GQ,A,18.579
1991,KOR,TAX_REV,S13,_T,_T,PT_B1GQ,A,18.264
1992,KOR,TAX_REV,S13,_T,_T,PT_B1GQ,A,18.162
1993,KOR,TAX_REV,S13,_T,_T,PT_B1GQ,A,18.467
1994,KOR,TAX_REV,S13,_T,_T,PT_B1GQ,A,18.57
1995,KOR,TAX_REV,S13,_T,_T,PT_B1GQ,A,18.766
1996,KOR,TAX_REV,S13,_T,_T,PT_B1GQ,A,19.359
1997,KOR,TAX_REV,S13,_T,_T,PT_B1GQ,A,18.988
1998,KOR,TAX_REV,S13,_T,_T,PT_B1GQ,A,18.954
1999,KOR,TAX_REV,S13,_T,_T,PT_B1GQ,A,19.234
2000,KOR,TAX_REV,S13,_T,_T,PT_B1GQ,A,20.916
2001,KOR,TAX_REV,S13,_T,_T,PT_B1GQ,A,21.201
2002,KOR,TAX_REV,S13,_T,_T,PT_B1GQ,A,21.312
2003,KOR,TAX_REV,S13,_T,_T,PT_B1GQ,A,21.991
2004,KOR,TAX_REV,S13,_T,_T,PT_B1GQ,A,21.177
2005,KOR,TAX_REV,S13,_T,_T,PT_B1GQ,A,21.656
2006,KOR,TAX_REV,S13,_T,_T,PT_B1GQ,A,22.632
2007,KOR,TAX_REV,S13,_T,_T,PT_B1GQ,A,23.73
2008,KOR,TAX_REV,S13,_T,_T,PT_B1GQ,A,23.583
2009,KOR,TAX_REV,S13,_T,_T,PT_B1GQ,A,22.703
2010,KOR,TAX_REV,S13,_T,_T,PT_B1GQ,A,22.378
2011,KOR,TAX_REV,S13,_T,_T,PT_B1GQ,A,23.177
2012,KOR,TAX_REV,S13,_T,_T,PT_B1GQ,A,23.702
2013,KOR,TAX_REV,S13,_T,_T,PT_B1GQ,A,23.143
2014,KOR,TAX_REV,S13,_T,_T,PT_B1GQ,A,23.381
2015,KOR,TAX_REV,S13,_T,_T,PT_B1GQ,A,23.737
2016,KOR,TAX_REV,S13,_T,_T,PT_B1GQ,A,24.745
2017,KOR,TAX_REV,S13,_T,_T,PT_B1GQ,A,25.357
2018,KOR,TAX_REV,S13,_T,_T,PT_B1GQ,A,26.686
2019,KOR,TAX_REV,S13,_T,_T,PT_B1GQ,A,27.227
2020,KOR,TAX_REV,S13,_T,_T,PT_B1GQ,A,27.745
2021,KOR,TAX_REV,S13,_T,_T,PT_B1GQ,A,29.761
2022,KOR,TAX_REV,S13,_T,_T,PT_B1GQ,A,31.976
2023,KOR,TAX_REV,S13,_T,_T,PT_B1GQ,A,28.852
1995,LVA,TAX_REV,S13,_T,_T,PT_B1GQ,A,29.715
1996,LVA,TAX_REV,S13,_T,_T,PT_B1GQ,A,29.167
1997,LVA,TAX_REV,S13,_T,_T,PT_B1GQ,A,30.251
1998,LVA,TAX_REV,S13,_T,_T,PT_B1GQ,A,31.26
1999,LVA,TAX_REV,S13,_T,_T,PT_B1GQ,A,30.252
2000,LVA,TAX_REV,S13,_T,_T,PT_B1GQ,A,29.05
2001,LVA,TAX_REV,S13,_T,_T,PT_B1GQ,A,28.121
2002,LVA,TAX_REV,S13,_T,_T,PT_B1GQ,A,27.815
2003,LVA,TAX_REV,S13,_T,_T,PT_B1GQ,A,27.411
2004,LVA,TAX_REV,S13,_T,_T,PT_B1GQ,A,27.548
2005,LVA,TAX_REV,S13,_T,_T,PT_B1GQ,A,27.805
2006,LVA,TAX_REV,S13,_T,_T,PT_B1GQ,A,28.577
2007,LVA,TAX_REV,S13,_T,_T,PT_B1GQ,A,28.195
2008,LVA,TAX_REV,S13,_T,_T,PT_B1GQ,A,27.815
2009,LVA,TAX_REV,S13,_T,_T,PT_B1GQ,A,28.067
2010,LVA,TAX_REV,S13,_T,_T,PT_B1GQ,A,28.54
2011,LVA,TAX_REV,S13,_T,_T,PT_B1GQ,A,29.134
2012,LVA,TAX_REV,S13,_T,_T,PT_B1GQ,A,29.111
2013,LVA,TAX_REV,S13,_T,_T,PT_B1GQ,A,29.43
2014,LVA,TAX_REV,S13,_T,_T,PT_B1GQ,A,29.715
2015,LVA,TAX_REV,S13,_T,_T,PT_B1GQ,A,29.79
2016,LVA,TAX_REV,S13,_T,_T,PT_B1GQ,A,30.73
2017,LVA,TAX_REV,S13,_T,_T,PT_B1GQ,A,31.091
2018,LVA,TAX_REV,S13,_T,_T,PT_B1GQ,A,31.052
2019,LVA,TAX_REV,S13,_T,_T,PT_B1GQ,A,31.013
2020,LVA,TAX_REV,S13,_T,_T,PT_B1GQ,A,31.134
2021,LVA,TAX_REV,S13,_T,_T,PT_B1GQ,A,30.746
2022,LVA,TAX_REV,S13,_T,_T,PT_B1GQ,A,30.762
2023,LVA,TAX_REV,S13,_T,_T,PT_B1GQ,A,31.882
1995,LTU,TAX_REV,S13,_T,_T,PT_B1GQ,A,27.652
1996,LTU,TAX_REV,S13,_T,_T,PT_B1GQ,A,27.264
1997,LTU,TAX_REV,S13,_T,_T,PT_B1GQ,A,31.248
1998,LTU,TAX_REV,S13,_T,_T,PT_B1GQ,A,32.761
1999,LTU,TAX_REV,S13,_T,_T,PT_B1GQ,A,32.662
2000,LTU,TAX_REV,S13,_T,_T,PT_B1GQ,A,30.822
2001,LTU,TAX_REV,S13,_T,_T,PT_B1GQ,A,29.357
2002,LTU,TAX_REV,S13,_T,_T,PT_B1GQ,A,29.028
2003,LTU,TAX_REV,S13,_T,_T,PT_B1GQ,A,28.663
2004,LTU,TAX_REV,S13,_T,_T,PT_B1GQ,A,29.025
2005,LTU,TAX_REV,S13,_T,_T,PT_B1GQ,A,29.234
2006,LTU,TAX_REV,S13,_T,_T,PT_B1GQ,A,30.165
2007,LTU,TAX_REV,S13,_T,_T,PT_B1GQ,A,30.061
2008,LTU,TAX_REV,S13,_T,_T,PT_B1GQ,A,30.611
2009,LTU,TAX_REV,S13,_T,_T,PT_B1GQ,A,30.214
2010,LTU,TAX_REV,S13,_T,_T,PT_B1GQ,A,28.285
2011,LTU,TAX_REV,S13,_T,_T,PT_B1GQ,A,27.166
2012,LTU,TAX_REV,S13,_T,_T,PT_B1GQ,A,26.919
2013,LTU,TAX_REV,S13,_T,_T,PT_B1GQ,A,26.905
2014,LTU,TAX_REV,S13,_T,_T,PT_B1GQ,A,27.477
2015,LTU,TAX_REV,S13,_T,_T,PT_B1GQ,A,28.942
2016,LTU,TAX_REV,S13,_T,_T,PT_B1GQ,A,29.656
2017,LTU,TAX_REV,S13,_T,_T,PT_B1GQ,A,29.61
2018,LTU,TAX_REV,S13,_T,_T,PT_B1GQ,A,30.238
2019,LTU,TAX_REV,S13,_T,_T,PT_B1GQ,A,30.217
2020,LTU,TAX_REV,S13,_T,_T,PT_B1GQ,A,31.244
2021,LTU,TAX_REV,S13,_T,_T,PT_B1GQ,A,31.895
2022,LTU,TAX_REV,S13,_T,_T,PT_B1GQ,A,31.555
2023,LTU,TAX_REV,S13,_T,_T,PT_B1GQ,A,32.596
1990,LUX,TAX_REV,S13,_T,_T,PT_B1GQ,A,34.679
1991,LUX,TAX_REV,S13,_T,_T,PT_B1GQ,A,32.504
1992,LUX,TAX_REV,S13,_T,_T,PT_B1GQ,A,33.376
1993,LUX,TAX_REV,S13,_T,_T,PT_B1GQ,A,35.43
1994,LUX,TAX_REV,S13,_T,_T,PT_B1GQ,A,35.831
1995,LUX,TAX_REV,S13,_T,_T,PT_B1GQ,A,35.992
1996,LUX,TAX_REV,S13,_T,_T,PT_B1GQ,A,36.459
1997,LUX,TAX_REV,S13,_T,_T,PT_B1GQ,A,36.705
1998,LUX,TAX_REV,S13,_T,_T,PT_B1GQ,A,37.382
1999,LUX,TAX_REV,S13,_T,_T,PT_B1GQ,A,36.717
2000,LUX,TAX_REV,S13,_T,_T,PT_B1GQ,A,37.025
2001,LUX,TAX_REV,S13,_T,_T,PT_B1GQ,A,37.229
2002,LUX,TAX_REV,S13,_T,_T,PT_B1GQ,A,37.415
2003,LUX,TAX_REV,S13,_T,_T,PT_B1GQ,A,37.395
2004,LUX,TAX_REV,S13,_T,_T,PT_B1GQ,A,36.235
2005,LUX,TAX_REV,S13,_T,_T,PT_B1GQ,A,37.436
2006,LUX,TAX_REV,S13,_T,_T,PT_B1GQ,A,35.305
2007,LUX,TAX_REV,S13,_T,_T,PT_B1GQ,A,35.747
2008,LUX,TAX_REV,S13,_T,_T,PT_B1GQ,A,35.028
2009,LUX,TAX_REV,S13,_T,_T,PT_B1GQ,A,36.275
2010,LUX,TAX_REV,S13,_T,_T,PT_B1GQ,A,35.652
2011,LUX,TAX_REV,S13,_T,_T,PT_B1GQ,A,36.126
2012,LUX,TAX_REV,S13,_T,_T,PT_B1GQ,A,36.408
2013,LUX,TAX_REV,S13,_T,_T,PT_B1GQ,A,36.183
2014,LUX,TAX_REV,S13,_T,_T,PT_B1GQ,A,36.08
2015,LUX,TAX_REV,S13,_T,_T,PT_B1GQ,A,34.777
2016,LUX,TAX_REV,S13,_T,_T,PT_B1GQ,A,35.461
2017,LUX,TAX_REV,S13,_T,_T,PT_B1GQ,A,36.649
2018,LUX,TAX_REV,S13,_T,_T,PT_B1GQ,A,39.355
2019,LUX,TAX_REV,S13,_T,_T,PT_B1GQ,A,39.509
2020,LUX,TAX_REV,S13,_T,_T,PT_B1GQ,A,38.272
2021,LUX,TAX_REV,S13,_T,_T,PT_B1GQ,A,38.187
2022,LUX,TAX_REV,S13,_T,_T,PT_B1GQ,A,38.257
2023,LUX,TAX_REV,S13,_T,_T,PT_B1GQ,A,40.925
1990,MEX,TAX_REV,S13,_T,_T,PT_B1GQ,A,11.519
1991,MEX,TAX_REV,S13,_T,_T,PT_B1GQ,A,11.677
1992,MEX,TAX_REV,S13,_T,_T,PT_B1GQ,A,12.196
1993,MEX,TAX_REV,S13,_T,_T,PT_B1GQ,A,11.335
1994,MEX,TAX_REV,S13,_T,_T,PT_B1GQ,A,11.442
1995,MEX,TAX_REV,S13,_T,_T,PT_B1GQ,A,9.575
1996,MEX,TAX_REV,S13,_T,_T,PT_B1GQ,A,9.426
1997,MEX,TAX_REV,S13,_T,_T,PT_B1GQ,A,10.038
1998,MEX,TAX_REV,S13,_T,_T,PT_B1GQ,A,10.354
1999,MEX,TAX_REV,S13,_T,_T,PT_B1GQ,A,11.152
2000,MEX,TAX_REV,S13,_T,_T,PT_B1GQ,A,10.934
2001,MEX,TAX_REV,S13,_T,_T,PT_B1GQ,A,11.591
2002,MEX,TAX_REV,S13,_T,_T,PT_B1GQ,A,12.01
2003,MEX,TAX_REV,S13,_T,_T,PT_B1GQ,A,12.071
2004,MEX,TAX_REV,S13,_T,_T,PT_B1GQ,A,11.034
2005,MEX,TAX_REV,S13,_T,_T,PT_B1GQ,A,10.865
2006,MEX,TAX_REV,S13,_T,_T,PT_B1GQ,A,11.078
2007,MEX,TAX_REV,S13,_T,_T,PT_B1GQ,A,11.473
2008,MEX,TAX_REV,S13,_T,_T,PT_B1GQ,A,12.04
2009,MEX,TAX_REV,S13,_T,_T,PT_B1GQ,A,11.894
2010,MEX,TAX_REV,S13,_T,_T,PT_B1GQ,A,12.287
2011,MEX,TAX_REV,S13,_T,_T,PT_B1GQ,A,12.263
2012,MEX,TAX_REV,S13,_T,_T,PT_B1GQ,A,12.105
2013,MEX,TAX_REV,S13,_T,_T,PT_B1GQ,A,12.773
2014,MEX,TAX_REV,S13,_T,_T,PT_B1GQ,A,13.201
2015,MEX,TAX_REV,S13,_T,_T,PT_B1GQ,A,15.36
2016,MEX,TAX_REV,S13,_T,_T,PT_B1GQ,A,16.106
2017,MEX,TAX_REV,S13,_T,_T,PT_B1GQ,A,15.651
2018,MEX,TAX_REV,S13,_T,_T,PT_B1GQ,A,15.709
2019,MEX,TAX_REV,S13,_T,_T,PT_B1GQ,A,15.892
2020,MEX,TAX_REV,S13,_T,_T,PT_B1GQ,A,17.228
2021,MEX,TAX_REV,S13,_T,_T,PT_B1GQ,A,16.726
2022,MEX,TAX_REV,S13,_T,_T,PT_B1GQ,A,16.801
2023,MEX,TAX_REV,S13,_T,_T,PT_B1GQ,A,17.749
1990,NLD,TAX_REV,S13,_T,_T,PT_B1GQ,A,39.639
1991,NLD,TAX_REV,S13,_T,_T,PT_B1GQ,A,41.666
1992,NLD,TAX_REV,S13,_T,_T,PT_B1GQ,A,41.328
1993,NLD,TAX_REV,S13,_T,_T,PT_B1GQ,A,41.52
1994,NLD,TAX_REV,S13,_T,_T,PT_B1GQ,A,39.674
1995,NLD,TAX_REV,S13,_T,_T,PT_B1GQ,A,37.193
1996,NLD,TAX_REV,S13,_T,_T,PT_B1GQ,A,37.272
1997,NLD,TAX_REV,S13,_T,_T,PT_B1GQ,A,36.737
1998,NLD,TAX_REV,S13,_T,_T,PT_B1GQ,A,36.204
1999,NLD,TAX_REV,S13,_T,_T,PT_B1GQ,A,37.097
2000,NLD,TAX_REV,S13,_T,_T,PT_B1GQ,A,36.892
2001,NLD,TAX_REV,S13,_T,_T,PT_B1GQ,A,35.534
2002,NLD,TAX_REV,S13,_T,_T,PT_B1GQ,A,34.891
2003,NLD,TAX_REV,S13,_T,_T,PT_B1GQ,A,34.663
2004,NLD,TAX_REV,S13,_T,_T,PT_B1GQ,A,34.659
2005,NLD,TAX_REV,S13,_T,_T,PT_B1GQ,A,34.871
2006,NLD,TAX_REV,S13,_T,_T,PT_B1GQ,A,35.869
2007,NLD,TAX_REV,S13,_T,_T,PT_B1GQ,A,35.478
2008,NLD,TAX_REV,S13,_T,_T,PT_B1GQ,A,35.72
2009,NLD,TAX_REV,S13,_T,_T,PT_B1GQ,A,34.643
2010,NLD,TAX_REV,S13,_T,_T,PT_B1GQ,A,35.444
2011,NLD,TAX_REV,S13,_T,_T,PT_B1GQ,A,35.138
2012,NLD,TAX_REV,S13,_T,_T,PT_B1GQ,A,35.302
2013,NLD,TAX_REV,S13,_T,_T,PT_B1GQ,A,35.832
2014,NLD,TAX_REV,S13,_T,_T,PT_B1GQ,A,36.661
2015,NLD,TAX_REV,S13,_T,_T,PT_B1GQ,A,36.521
2016,NLD,TAX_REV,S13,_T,_T,PT_B1GQ,A,37.774
2017,NLD,TAX_REV,S13,_T,_T,PT_B1GQ,A,38.046
2018,NLD,TAX_REV,S13,_T,_T,PT_B1GQ,A,38.144
2019,NLD,TAX_REV,S13,_T,_T,PT_B1GQ,A,38.473
2020,NLD,TAX_REV,S13,_T,_T,PT_B1GQ,A,39.022
2021,NLD,TAX_REV,S13,_T,_T,PT_B1GQ,A,38.264
2022,NLD,TAX_REV,S13,_T,_T,PT_B1GQ,A,38.066
2023,NLD,TAX_REV,S13,_T,_T,PT_B1GQ,A,38.526
1990,NZL,TAX_REV,S13,_T,_T,PT_B1GQ,A,36.184
1991,NZL,TAX_REV,S13,_T,_T,PT_B1GQ,A,34.348
1992,NZL,TAX_REV,S13,_T,_T,PT_B1GQ,A,34.752
1993,NZL,TAX_REV,S13,_T,_T,PT_B1GQ,A,34.869
1994,NZL,TAX_REV,S13,_T,_T,PT_B1GQ,A,35.438
1995,NZL,TAX_REV,S13,_T,_T,PT_B1GQ,A,35.56
1996,NZL,TAX_REV,S13,_T,_T,PT_B1GQ,A,33.766
1997,NZL,TAX_REV,S13,_T,_T,PT_B1GQ,A,33.893
1998,NZL,TAX_REV,S13,_T,_T,PT_B1GQ,A,32.288
1999,NZL,TAX_REV,S13,_T,_T,PT_B1GQ,A,32.324
2000,NZL,TAX_REV,S13,_T,_T,PT_B1GQ,A,32.539
2001,NZL,TAX_REV,S13,_T,_T,PT_B1GQ,A,31.956
2002,NZL,TAX_REV,S13,_T,_T,PT_B1GQ,A,33.243
2003,NZL,TAX_REV,S13,_T,_T,PT_B1GQ,A,33.167
2004,NZL,TAX_REV,S13,_T,_T,PT_B1GQ,A,34.201
2005,NZL,TAX_REV,S13,_T,_T,PT_B1GQ,A,36.092
2006,NZL,TAX_REV,S13,_T,_T,PT_B1GQ,A,35.298
2007,NZL,TAX_REV,S13,_T,_T,PT_B1GQ,A,33.915
2008,NZL,TAX_REV,S13,_T,_T,PT_B1GQ,A,32.925
2009,NZL,TAX_REV,S13,_T,_T,PT_B1GQ,A,30.227
2010,NZL,TAX_REV,S13,_T,_T,PT_B1GQ,A,30.295
2011,NZL,TAX_REV,S13,_T,_T,PT_B1GQ,A,30.083
2012,NZL,TAX_REV,S13,_T,_T,PT_B1GQ,A,31.638
2013,NZL,TAX_REV,S13,_T,_T,PT_B1GQ,A,30.457
2014,NZL,TAX_REV,S13,_T,_T,PT_B1GQ,A,31.186
2015,NZL,TAX_REV,S13,_T,_T,PT_B1GQ,A,31.5
2016,NZL,TAX_REV,S13,_T,_T,PT_B1GQ,A,31.4
2017,NZL,TAX_REV,S13,_T,_T,PT_B1GQ,A,31.322
2018,NZL,TAX_REV,S13,_T,_T,PT_B1GQ,A,32.18
2019,NZL,TAX_REV,S13,_T,_T,PT_B1GQ,A,31.404
2020,NZL,TAX_REV,S13,_T,_T,PT_B1GQ,A,33.727
2021,NZL,TAX_REV,S13,_T,_T,PT_B1GQ,A,34.542
2022,NZL,TAX_REV,S13,_T,_T,PT_B1GQ,A,33.12
2023,NZL,TAX_REV,S13,_T,_T,PT_B1GQ,A,33.986
1990,NOR,TAX_REV,S13,_T,_T,PT_B1GQ,A,40.447
1991,NOR,TAX_REV,S13,_T,_T,PT_B1GQ,A,40.575
1992,NOR,TAX_REV,S13,_T,_T,PT_B1GQ,A,39.743
1993,NOR,TAX_REV,S13,_T,_T,PT_B1GQ,A,38.866
1994,NOR,TAX_REV,S13,_T,_T,PT_B1GQ,A,40.164
1995,NOR,TAX_REV,S13,_T,_T,PT_B1GQ,A,39.584
1996,NOR,TAX_REV,S13,_T,_T,PT_B1GQ,A,39.503
1997,NOR,TAX_REV,S13,_T,_T,PT_B1GQ,A,40.298
1998,NOR,TAX_REV,S13,_T,_T,PT_B1GQ,A,41.41
1999,NOR,TAX_REV,S13,_T,_T,PT_B1GQ,A,41.72
2000,NOR,TAX_REV,S13,_T,_T,PT_B1GQ,A,41.796
2001,NOR,TAX_REV,S13,_T,_T,PT_B1GQ,A,42.001
2002,NOR,TAX_REV,S13,_T,_T,PT_B1GQ,A,42.332
2003,NOR,TAX_REV,S13,_T,_T,PT_B1GQ,A,41.632
2004,NOR,TAX_REV,S13,_T,_T,PT_B1GQ,A,42.363
2005,NOR,TAX_REV,S13,_T,_T,PT_B1GQ,A,42.552
2006,NOR,TAX_REV,S13,_T,_T,PT_B1GQ,A,42.686
2007,NOR,TAX_REV,S13,_T,_T,PT_B1GQ,A,41.97
2008,NOR,TAX_REV,S13,_T,_T,PT_B1GQ,A,41.169
2009,NOR,TAX_REV,S13,_T,_T,PT_B1GQ,A,41.077
2010,NOR,TAX_REV,S13,_T,_T,PT_B1GQ,A,41.736
2011,NOR,TAX_REV,S13,_T,_T,PT_B1GQ,A,41.811
2012,NOR,TAX_REV,S13,_T,_T,PT_B1GQ,A,41.29
2013,NOR,TAX_REV,S13,_T,_T,PT_B1GQ,A,39.719
2014,NOR,TAX_REV,S13,_T,_T,PT_B1GQ,A,38.637
2015,NOR,TAX_REV,S13,_T,_T,PT_B1GQ,A,38.337
2016,NOR,TAX_REV,S13,_T,_T,PT_B1GQ,A,38.807
2017,NOR,TAX_REV,S13,_T,_T,PT_B1GQ,A,38.601
2018,NOR,TAX_REV,S13,_T,_T,PT_B1GQ,A,39.253
2019,NOR,TAX_REV,S13,_T,_T,PT_B1GQ,A,39.854
2020,NOR,TAX_REV,S13,_T,_T,PT_B1GQ,A,38.714
2021,NOR,TAX_REV,S13,_T,_T,PT_B1GQ,A,41.344
2022,NOR,TAX_REV,S13,_T,_T,PT_B1GQ,A,43.437
2023,NOR,TAX_REV,S13,_T,_T,PT_B1GQ,A,41.443
1991,POL,TAX_REV,S13,_T,_T,PT_B1GQ,A,33.99
1992,POL,TAX_REV,S13,_T,_T,PT_B1GQ,A,36.139
1993,POL,TAX_REV,S13,_T,_T,PT_B1GQ,A,39.175
1994,POL,TAX_REV,S13,_T,_T,PT_B1GQ,A,36.398
1995,POL,TAX_REV,S13,_T,_T,PT_B1GQ,A,36.577
1996,POL,TAX_REV,S13,_T,_T,PT_B1GQ,A,36.555
1997,POL,TAX_REV,S13,_T,_T,PT_B1GQ,A,36.059
1998,POL,TAX_REV,S13,_T,_T,PT_B1GQ,A,35.268
1999,POL,TAX_REV,S13,_T,_T,PT_B1GQ,A,34.956
2000,POL,TAX_REV,S13,_T,_T,PT_B1GQ,A,32.872
2001,POL,TAX_REV,S13,_T,_T,PT_B1GQ,A,32.829
2002,POL,TAX_REV,S13,_T,_T,PT_B1GQ,A,32.969
2003,POL,TAX_REV,S13,_T,_T,PT_B1GQ,A,32.443
2004,POL,TAX_REV,S13,_T,_T,PT_B1GQ,A,31.935
2005,POL,TAX_REV,S13,_T,_T,PT_B1GQ,A,32.965
2006,POL,TAX_REV,S13,_T,_T,PT_B1GQ,A,33.632
2007,POL,TAX_REV,S13,_T,_T,PT_B1GQ,A,34.634
2008,POL,TAX_REV,S13,_T,_T,PT_B1GQ,A,34.281
2009,POL,TAX_REV,S13,_T,_T,PT_B1GQ,A,31.368
2010,POL,TAX_REV,S13,_T,_T,PT_B1GQ,A,31.6
2011,POL,TAX_REV,S13,_T,_T,PT_B1GQ,A,32.067
2012,POL,TAX_REV,S13,_T,_T,PT_B1GQ,A,32.378
2013,POL,TAX_REV,S13,_T,_T,PT_B1GQ,A,32.395
2014,POL,TAX_REV,S13,_T,_T,PT_B1GQ,A,32.272
2015,POL,TAX_REV,S13,_T,_T,PT_B1GQ,A,32.474
2016,POL,TAX_REV,S13,_T,_T,PT_B1GQ,A,33.556
2017,POL,TAX_REV,S13,_T,_T,PT_B1GQ,A,34.239
2018,POL,TAX_REV,S13,_T,_T,PT_B1GQ,A,35.061
2019,POL,TAX_REV,S13,_T,_T,PT_B1GQ,A,35.178
2020,POL,TAX_REV,S13,_T,_T,PT_B1GQ,A,35.56
2021,POL,TAX_REV,S13,_T,_T,PT_B1GQ,A,36.698
2022,POL,TAX_REV,S13,_T,_T,PT_B1GQ,A,34.38
2023,POL,TAX_REV,S13,_T,_T,PT_B1GQ,A,35.13
1990,PRT,TAX_REV,S13,_T,_T,PT_B1GQ,A,26.486
1991,PRT,TAX_REV,S13,_T,_T,PT_B1GQ,A,27.53
1992,PRT,TAX_REV,S13,_T,_T,PT_B1GQ,A,29.454
1993,PRT,TAX_REV,S13,_T,_T,PT_B1GQ,A,28.029
1994,PRT,TAX_REV,S13,_T,_T,PT_B1GQ,A,28.804
1995,PRT,TAX_REV,S13,_T,_T,PT_B1GQ,A,29.184
1996,PRT,TAX_REV,S13,_T,_T,PT_B1GQ,A,29.862
1997,PRT,TAX_REV,S13,_T,_T,PT_B1GQ,A,29.799
1998,PRT,TAX_REV,S13,_T,_T,PT_B1GQ,A,30.058
1999,PRT,TAX_REV,S13,_T,_T,PT_B1GQ,A,30.837
2000,PRT,TAX_REV,S13,_T,_T,PT_B1GQ,A,30.92
2001,PRT,TAX_REV,S13,_T,_T,PT_B1GQ,A,30.707
2002,PRT,TAX_REV,S13,_T,_T,PT_B1GQ,A,31.139
2003,PRT,TAX_REV,S13,_T,_T,PT_B1GQ,A,30.108
2004,PRT,TAX_REV,S13,_T,_T,PT_B1GQ,A,30.224
2005,PRT,TAX_REV,S13,_T,_T,PT_B1GQ,A,30.943
2006,PRT,TAX_REV,S13,_T,_T,PT_B1GQ,A,31.412
2007,PRT,TAX_REV,S13,_T,_T,PT_B1GQ,A,31.846
2008,PRT,TAX_REV,S13,_T,_T,PT_B1GQ,A,31.739
2009,PRT,TAX_REV,S13,_T,_T,PT_B1GQ,A,29.796
2010,PRT,TAX_REV,S13,_T,_T,PT_B1GQ,A,30.366
2011,PRT,TAX_REV,S13,_T,_T,PT_B1GQ,A,32.228
2012,PRT,TAX_REV,S13,_T,_T,PT_B1GQ,A,31.667
2013,PRT,TAX_REV,S13,_T,_T,PT_B1GQ,A,33.968
2014,PRT,TAX_REV,S13,_T,_T,PT_B1GQ,A,34.182
2015,PRT,TAX_REV,S13,_T,_T,PT_B1GQ,A,34.382
2016,PRT,TAX_REV,S13,_T,_T,PT_B1GQ,A,34.051
2017,PRT,TAX_REV,S13,_T,_T,PT_B1GQ,A,34.112
2018,PRT,TAX_REV,S13,_T,_T,PT_B1GQ,A,34.656
2019,PRT,TAX_REV,S13,_T,_T,PT_B1GQ,A,34.498
2020,PRT,TAX_REV,S13,_T,_T,PT_B1GQ,A,35.164
2021,PRT,TAX_REV,S13,_T,_T,PT_B1GQ,A,35.183
2022,PRT,TAX_REV,S13,_T,_T,PT_B1GQ,A,36.014
2023,PRT,TAX_REV,S13,_T,_T,PT_B1GQ,A,35.755
1995,SVK,TAX_REV,S13,_T,_T,PT_B1GQ,A,39.481
1996,SVK,TAX_REV,S13,_T,_T,PT_B1GQ,A,38.577
1997,SVK,TAX_REV,S13,_T,_T,PT_B1GQ,A,36.48
1998,SVK,TAX_REV,S13,_T,_T,PT_B1GQ,A,36.097
1999,SVK,TAX_REV,S13,_T,_T,PT_B1GQ,A,34.845
2000,SVK,TAX_REV,S13,_T,_T,PT_B1GQ,A,33.633
2001,SVK,TAX_REV,S13,_T,_T,PT_B1GQ,A,32.705
2002,SVK,TAX_REV,S13,_T,_T,PT_B1GQ,A,32.828
2003,SVK,TAX_REV,S13,_T,_T,PT_B1GQ,A,32.552
2004,SVK,TAX_REV,S13,_T,_T,PT_B1GQ,A,31.531
2005,SVK,TAX_REV,S13,_T,_T,PT_B1GQ,A,31.291
2006,SVK,TAX_REV,S13,_T,_T,PT_B1GQ,A,29.333
2007,SVK,TAX_REV,S13,_T,_T,PT_B1GQ,A,29.22
2008,SVK,TAX_REV,S13,_T,_T,PT_B1GQ,A,29.066
2009,SVK,TAX_REV,S13,_T,_T,PT_B1GQ,A,28.891
2010,SVK,TAX_REV,S13,_T,_T,PT_B1GQ,A,27.862
2011,SVK,TAX_REV,S13,_T,_T,PT_B1GQ,A,28.876
2012,SVK,TAX_REV,S13,_T,_T,PT_B1GQ,A,28.711
2013,SVK,TAX_REV,S13,_T,_T,PT_B1GQ,A,30.985
2014,SVK,TAX_REV,S13,_T,_T,PT_B1GQ,A,31.861
2015,SVK,TAX_REV,S13,_T,_T,PT_B1GQ,A,32.51
2016,SVK,TAX_REV,S13,_T,_T,PT_B1GQ,A,33.071
2017,SVK,TAX_REV,S13,_T,_T,PT_B1GQ,A,33.966
2018,SVK,TAX_REV,S13,_T,_T,PT_B1GQ,A,34.027
2019,SVK,TAX_REV,S13,_T,_T,PT_B1GQ,A,34.534
2020,SVK,TAX_REV,S13,_T,_T,PT_B1GQ,A,34.778
2021,SVK,TAX_REV,S13,_T,_T,PT_B1GQ,A,35.41
2022,SVK,TAX_REV,S13,_T,_T,PT_B1GQ,A,35.011
2023,SVK,TAX_REV,S13,_T,_T,PT_B1GQ,A,35.489
1995,SVN,TAX_REV,S13,_T,_T,PT_B1GQ,A,39.137
1996,SVN,TAX_REV,S13,_T,_T,PT_B1GQ,A,38.141
1997,SVN,TAX_REV,S13,_T,_T,PT_B1GQ,A,37.063
1998,SVN,TAX_REV,S13,_T,_T,PT_B1GQ,A,37.848
1999,SVN,TAX_REV,S13,_T,_T,PT_B1GQ,A,38.214
2000,SVN,TAX_REV,S13,_T,_T,PT_B1GQ,A,37.699
2001,SVN,TAX_REV,S13,_T,_T,PT_B1GQ,A,37.783
2002,SVN,TAX_REV,S13,_T,_T,PT_B1GQ,A,38.282
2003,SVN,TAX_REV,S13,_T,_T,PT_B1GQ,A,38.401
2004,SVN,TAX_REV,S13,_T,_T,PT_B1GQ,A,38.462
2005,SVN,TAX_REV,S13,_T,_T,PT_B1GQ,A,39.145
2006,SVN,TAX_REV,S13,_T,_T,PT_B1GQ,A,38.687
2007,SVN,TAX_REV,S13,_T,_T,PT_B1GQ,A,38.041
2008,SVN,TAX_REV,S13,_T,_T,PT_B1GQ,A,37.302
2009,SVN,TAX_REV,S13,_T,_T,PT_B1GQ,A,37.099
2010,SVN,TAX_REV,S13,_T,_T,PT_B1GQ,A,37.788
2011,SVN,TAX_REV,S13,_T,_T,PT_B1GQ,A,37.33
2012,SVN,TAX_REV,S13,_T,_T,PT_B1GQ,A,37.638
2013,SVN,TAX_REV,S13,_T,_T,PT_B1GQ,A,37.242
2014,SVN,TAX_REV,S13,_T,_T,PT_B1GQ,A,37.179
2015,SVN,TAX_REV,S13,_T,_T,PT_B1GQ,A,37.311
2016,SVN,TAX_REV,S13,_T,_T,PT_B1GQ,A,37.385
2017,SVN,TAX_REV,S13,_T,_T,PT_B1GQ,A,37.067
2018,SVN,TAX_REV,S13,_T,_T,PT_B1GQ,A,37.239
2019,SVN,TAX_REV,S13,_T,_T,PT_B1GQ,A,37.539
2020,SVN,TAX_REV,S13,_T,_T,PT_B1GQ,A,37.555
2021,SVN,TAX_REV,S13,_T,_T,PT_B1GQ,A,38.251
2022,SVN,TAX_REV,S13,_T,_T,PT_B1GQ,A,37.402
2023,SVN,TAX_REV,S13,_T,_T,PT_B1GQ,A,36.886
1990,ESP,TAX_REV,S13,_T,_T,PT_B1GQ,A,31.537
1991,ESP,TAX_REV,S13,_T,_T,PT_B1GQ,A,31.808
1992,ESP,TAX_REV,S13,_T,_T,PT_B1GQ,A,32.811
1993,ESP,TAX_REV,S13,_T,_T,PT_B1GQ,A,31.865
1994,ESP,TAX_REV,S13,_T,_T,PT_B1GQ,A,31.898
1995,ESP,TAX_REV,S13,_T,_T,PT_B1GQ,A,31.307
1996,ESP,TAX_REV,S13,_T,_T,PT_B1GQ,A,31.11
1997,ESP,TAX_REV,S13,_T,_T,PT_B1GQ,A,31.949
1998,ESP,TAX_REV,S13,_T,_T,PT_B1GQ,A,32.762
1999,ESP,TAX_REV,S13,_T,_T,PT_B1GQ,A,33.136
2000,ESP,TAX_REV,S13,_T,_T,PT_B1GQ,A,33.05
2001,ESP,TAX_REV,S13,_T,_T,PT_B1GQ,A,32.796
2002,ESP,TAX_REV,S13,_T,_T,PT_B1GQ,A,33.244
2003,ESP,TAX_REV,S13,_T,_T,PT_B1GQ,A,33.095
2004,ESP,TAX_REV,S13,_T,_T,PT_B1GQ,A,34.042
2005,ESP,TAX_REV,S13,_T,_T,PT_B1GQ,A,35.243
2006,ESP,TAX_REV,S13,_T,_T,PT_B1GQ,A,35.999
2007,ESP,TAX_REV,S13,_T,_T,PT_B1GQ,A,36.414
2008,ESP,TAX_REV,S13,_T,_T,PT_B1GQ,A,32.103
2009,ESP,TAX_REV,S13,_T,_T,PT_B1GQ,A,29.679
2010,ESP,TAX_REV,S13,_T,_T,PT_B1GQ,A,31.282
2011,ESP,TAX_REV,S13,_T,_T,PT_B1GQ,A,31.19
2012,ESP,TAX_REV,S13,_T,_T,PT_B1GQ,A,32.368
2013,ESP,TAX_REV,S13,_T,_T,PT_B1GQ,A,33.105
2014,ESP,TAX_REV,S13,_T,_T,PT_B1GQ,A,33.872
2015,ESP,TAX_REV,S13,_T,_T,PT_B1GQ,A,33.827
2016,ESP,TAX_REV,S13,_T,_T,PT_B1GQ,A,33.58
2017,ESP,TAX_REV,S13,_T,_T,PT_B1GQ,A,33.852
2018,ESP,TAX_REV,S13,_T,_T,PT_B1GQ,A,34.645
2019,ESP,TAX_REV,S13,_T,_T,PT_B1GQ,A,34.663
2020,ESP,TAX_REV,S13,_T,_T,PT_B1GQ,A,36.844
2021,ESP,TAX_REV,S13,_T,_T,PT_B1GQ,A,37.813
2022,ESP,TAX_REV,S13,_T,_T,PT_B1GQ,A,37.59
2023,ESP,TAX_REV,S13,_T,_T,PT_B1GQ,A,37.328
1990,SWE,TAX_REV,S13,_T,_T,PT_B1GQ,A,48.847
1991,SWE,TAX_REV,S13,_T,_T,PT_B1GQ,A,46.922
1992,SWE,TAX_REV,S13,_T,_T,PT_B1GQ,A,44.472
1993,SWE,TAX_REV,S13,_T,_T,PT_B1GQ,A,43.795
1994,SWE,TAX_REV,S13,_T,_T,PT_B1GQ,A,44.081
1995,SWE,TAX_REV,S13,_T,_T,PT_B1GQ,A,45.106
1996,SWE,TAX_REV,S13,_T,_T,PT_B1GQ,A,46.748
1997,SWE,TAX_REV,S13,_T,_T,PT_B1GQ,A,47.641
1998,SWE,TAX_REV,S13,_T,_T,PT_B1GQ,A,47.695
1999,SWE,TAX_REV,S13,_T,_T,PT_B1GQ,A,48.186
2000,SWE,TAX_REV,S13,_T,_T,PT_B1GQ,A,50.017
2001,SWE,TAX_REV,S13,_T,_T,PT_B1GQ,A,47.103
2002,SWE,TAX_REV,S13,_T,_T,PT_B1GQ,A,45.038
2003,SWE,TAX_REV,S13,_T,_T,PT_B1GQ,A,45.562
2004,SWE,TAX_REV,S13,_T,_T,PT_B1GQ,A,46.012
2005,SWE,TAX_REV,S13,_T,_T,PT_B1GQ,A,47.369
2006,SWE,TAX_REV,S13,_T,_T,PT_B1GQ,A,45.969
2007,SWE,TAX_REV,S13,_T,_T,PT_B1GQ,A,45.022
2008,SWE,TAX_REV,S13,_T,_T,PT_B1GQ,A,44.234
2009,SWE,TAX_REV,S13,_T,_T,PT_B1GQ,A,43.923
2010,SWE,TAX_REV,S13,_T,_T,PT_B1GQ,A,43.144
2011,SWE,TAX_REV,S13,_T,_T,PT_B1GQ,A,42.223
2012,SWE,TAX_REV,S13,_T,_T,PT_B1GQ,A,42.335
2013,SWE,TAX_REV,S13,_T,_T,PT_B1GQ,A,42.697
2014,SWE,TAX_REV,S13,_T,_T,PT_B1GQ,A,42.49
2015,SWE,TAX_REV,S13,_T,_T,PT_B1GQ,A,42.918
2016,SWE,TAX_REV,S13,_T,_T,PT_B1GQ,A,44.219
2017,SWE,TAX_REV,S13,_T,_T,PT_B1GQ,A,44.495
2018,SWE,TAX_REV,S13,_T,_T,PT_B1GQ,A,44.11
2019,SWE,TAX_REV,S13,_T,_T,PT_B1GQ,A,42.971
2020,SWE,TAX_REV,S13,_T,_T,PT_B1GQ,A,42.58
2021,SWE,TAX_REV,S13,_T,_T,PT_B1GQ,A,42.761
2022,SWE,TAX_REV,S13,_T,_T,PT_B1GQ,A,42.512
2023,SWE,TAX_REV,S13,_T,_T,PT_B1GQ,A,41.365
1990,CHE,TAX_REV,S13,_T,_T,PT_B1GQ,A,23.167
1991,CHE,TAX_REV,S13,_T,_T,PT_B1GQ,A,23.026
1992,CHE,TAX_REV,S13,_T,_T,PT_B1GQ,A,23.458
1993,CHE,TAX_REV,S13,_T,_T,PT_B1GQ,A,23.998
1994,CHE,TAX_REV,S13,_T,_T,PT_B1GQ,A,24.41
1995,CHE,TAX_REV,S13,_T,_T,PT_B1GQ,A,24.968
1996,CHE,TAX_REV,S13,_T,_T,PT_B1GQ,A,25.425
1997,CHE,TAX_REV,S13,_T,_T,PT_B1GQ,A,25.103
1998,CHE,TAX_REV,S13,_T,_T,PT_B1GQ,A,25.829
1999,CHE,TAX_REV,S13,_T,_T,PT_B1GQ,A,26.048
2000,CHE,TAX_REV,S13,_T,_T,PT_B1GQ,A,27.033
2001,CHE,TAX_REV,S13,_T,_T,PT_B1GQ,A,26.347
2002,CHE,TAX_REV,S13,_T,_T,PT_B1GQ,A,26.951
2003,CHE,TAX_REV,S13,_T,_T,PT_B1GQ,A,26.279
2004,CHE,TAX_REV,S13,_T,_T,PT_B1GQ,A,25.989
2005,CHE,TAX_REV,S13,_T,_T,PT_B1GQ,A,25.951
2006,CHE,TAX_REV,S13,_T,_T,PT_B1GQ,A,25.711
2007,CHE,TAX_REV,S13,_T,_T,PT_B1GQ,A,25.543
2008,CHE,TAX_REV,S13,_T,_T,PT_B1GQ,A,25.922
2009,CHE,TAX_REV,S13,_T,_T,PT_B1GQ,A,26.268
2010,CHE,TAX_REV,S13,_T,_T,PT_B1GQ,A,25.816
2011,CHE,TAX_REV,S13,_T,_T,PT_B1GQ,A,26.18
2012,CHE,TAX_REV,S13,_T,_T,PT_B1GQ,A,26.093
2013,CHE,TAX_REV,S13,_T,_T,PT_B1GQ,A,26.246
2014,CHE,TAX_REV,S13,_T,_T,PT_B1GQ,A,26.189
2015,CHE,TAX_REV,S13,_T,_T,PT_B1GQ,A,26.956
2016,CHE,TAX_REV,S13,_T,_T,PT_B1GQ,A,26.938
2017,CHE,TAX_REV,S13,_T,_T,PT_B1GQ,A,27.716
2018,CHE,TAX_REV,S13,_T,_T,PT_B1GQ,A,27.182
2019,CHE,TAX_REV,S13,_T,_T,PT_B1GQ,A,27.66
2020,CHE,TAX_REV,S13,_T,_T,PT_B1GQ,A,27.912
2021,CHE,TAX_REV,S13,_T,_T,PT_B1GQ,A,28.035
2022,CHE,TAX_REV,S13,_T,_T,PT_B1GQ,A,26.91
2023,CHE,TAX_REV,S13,_T,_T,PT_B1GQ,A,27.093
1990,TUR,TAX_REV,S13,_T,_T,PT_B1GQ,A,14.537
1991,TUR,TAX_REV,S13,_T,_T,PT_B1GQ,A,15.235
1992,TUR,TAX_REV,S13,_T,_T,PT_B1GQ,A,16.282
1993,TUR,TAX_REV,S13,_T,_T,PT_B1GQ,A,16.457
1994,TUR,TAX_REV,S13,_T,_T,PT_B1GQ,A,16.145
1995,TUR,TAX_REV,S13,_T,_T,PT_B1GQ,A,16.378
1996,TUR,TAX_REV,S13,_T,_T,PT_B1GQ,A,18.451
1997,TUR,TAX_REV,S13,_T,_T,PT_B1GQ,A,20.229
1998,TUR,TAX_REV,S13,_T,_T,PT_B1GQ,A,20.6
1999,TUR,TAX_REV,S13,_T,_T,PT_B1GQ,A,22.546
2000,TUR,TAX_REV,S13,_T,_T,PT_B1GQ,A,23.478
2001,TUR,TAX_REV,S13,_T,_T,PT_B1GQ,A,25.361
2002,TUR,TAX_REV,S13,_T,_T,PT_B1GQ,A,23.826
2003,TUR,TAX_REV,S13,_T,_T,PT_B1GQ,A,24.979
2004,TUR,TAX_REV,S13,_T,_T,PT_B1GQ,A,23.088
2005,TUR,TAX_REV,S13,_T,_T,PT_B1GQ,A,23.14
2006,TUR,TAX_REV,S13,_T,_T,PT_B1GQ,A,23.371
2007,TUR,TAX_REV,S13,_T,_T,PT_B1GQ,A,22.874
2008,TUR,TAX_REV,S13,_T,_T,PT_B1GQ,A,22.961
2009,TUR,TAX_REV,S13,_T,_T,PT_B1GQ,A,23.318
2010,TUR,TAX_REV,S13,_T,_T,PT_B1GQ,A,24.654
2011,TUR,TAX_REV,S13,_T,_T,PT_B1GQ,A,25.706
2012,TUR,TAX_REV,S13,_T,_T,PT_B1GQ,A,24.76
2013,TUR,TAX_REV,S13,_T,_T,PT_B1GQ,A,25.156
2014,TUR,TAX_REV,S13,_T,_T,PT_B1GQ,A,24.457
2015,TUR,TAX_REV,S13,_T,_T,PT_B1GQ,A,24.957
2016,TUR,TAX_REV,S13,_T,_T,PT_B1GQ,A,25.128
2017,TUR,TAX_REV,S13,_T,_T,PT_B1GQ,A,24.68
2018,TUR,TAX_REV,S13,_T,_T,PT_B1GQ,A,23.968
2019,TUR,TAX_REV,S13,_T,_T,PT_B1GQ,A,23.103
2020,TUR,TAX_REV,S13,_T,_T,PT_B1GQ,A,23.861
2021,TUR,TAX_REV,S13,_T,_T,PT_B1GQ,A,22.914
2022,TUR,TAX_REV,S13,_T,_T,PT_B1GQ,A,20.945
2023,TUR,TAX_REV,S13,_T,_T,PT_B1GQ,A,23.455
1990,GBR,TAX_REV,S13,_T,_T,PT_B1GQ,A,32.869
1991,GBR,TAX_REV,S13,_T,_T,PT_B1GQ,A,31.684
1992,GBR,TAX_REV,S13,_T,_T,PT_B1GQ,A,30.893
1993,GBR,TAX_REV,S13,_T,_T,PT_B1GQ,A,29.875
1994,GBR,TAX_REV,S13,_T,_T,PT_B1GQ,A,30.601
1995,GBR,TAX_REV,S13,_T,_T,PT_B1GQ,A,29.301
1996,GBR,TAX_REV,S13,_T,_T,PT_B1GQ,A,29.097
1997,GBR,TAX_REV,S13,_T,_T,PT_B1GQ,A,29.817
1998,GBR,TAX_REV,S13,_T,_T,PT_B1GQ,A,31.252
1999,GBR,TAX_REV,S13,_T,_T,PT_B1GQ,A,31.864
2000,GBR,TAX_REV,S13,_T,_T,PT_B1GQ,A,32.658
2001,GBR,TAX_REV,S13,_T,_T,PT_B1GQ,A,32.176
2002,GBR,TAX_REV,S13,_T,_T,PT_B1GQ,A,31.404
2003,GBR,TAX_REV,S13,_T,_T,PT_B1GQ,A,31.168
2004,GBR,TAX_REV,S13,_T,_T,PT_B1GQ,A,32.095
2005,GBR,TAX_REV,S13,_T,_T,PT_B1GQ,A,32.499
2006,GBR,TAX_REV,S13,_T,_T,PT_B1GQ,A,32.829
2007,GBR,TAX_REV,S13,_T,_T,PT_B1GQ,A,32.967
2008,GBR,TAX_REV,S13,_T,_T,PT_B1GQ,A,32.145
2009,GBR,TAX_REV,S13,_T,_T,PT_B1GQ,A,31.077
2010,GBR,TAX_REV,S13,_T,_T,PT_B1GQ,A,32.045
2011,GBR,TAX_REV,S13,_T,_T,PT_B1GQ,A,32.852
2012,GBR,TAX_REV,S13,_T,_T,PT_B1GQ,A,32.122
2013,GBR,TAX_REV,S13,_T,_T,PT_B1GQ,A,32.007
2014,GBR,TAX_REV,S13,_T,_T,PT_B1GQ,A,31.693
2015,GBR,TAX_REV,S13,_T,_T,PT_B1GQ,A,31.907
2016,GBR,TAX_REV,S13,_T,_T,PT_B1GQ,A,32.45
2017,GBR,TAX_REV,S13,_T,_T,PT_B1GQ,A,32.733
2018,GBR,TAX_REV,S13,_T,_T,PT_B1GQ,A,32.768
2019,GBR,TAX_REV,S13,_T,_T,PT_B1GQ,A,32.49
2020,GBR,TAX_REV,S13,_T,_T,PT_B1GQ,A,32.812
2021,GBR,TAX_REV,S13,_T,_T,PT_B1GQ,A,34.227
2022,GBR,TAX_REV,S13,_T,_T,PT_B1GQ,A,35.42
2023,GBR,TAX_REV,S13,_T,_T,PT_B1GQ,A,35.335
1990,USA,TAX_REV,S13,_T,_T,PT_B1GQ,A,26.033
1991,USA,TAX_REV,S13,_T,_T,PT_B1GQ,A,25.855
1992,USA,TAX_REV,S13,_T,_T,PT_B1GQ,A,25.746
1993,USA,TAX_REV,S13,_T,_T,PT_B1GQ,A,25.95
1994,USA,TAX_REV,S13,_T,_T,PT_B1GQ,A,26.286
1995,USA,TAX_REV,S13,_T,_T,PT_B1GQ,A,26.55
1996,USA,TAX_REV,S13,_T,_T,PT_B1GQ,A,27.044
1997,USA,TAX_REV,S13,_T,_T,PT_B1GQ,A,27.484
1998,USA,TAX_REV,S13,_T,_T,PT_B1GQ,A,27.867
1999,USA,TAX_REV,S13,_T,_T,PT_B1GQ,A,27.932
2000,USA,TAX_REV,S13,_T,_T,PT_B1GQ,A,28.295
2001,USA,TAX_REV,S13,_T,_T,PT_B1GQ,A,27.261
2002,USA,TAX_REV,S13,_T,_T,PT_B1GQ,A,25.011
2003,USA,TAX_REV,S13,_T,_T,PT_B1GQ,A,24.484
2004,USA,TAX_REV,S13,_T,_T,PT_B1GQ,A,24.762
2005,USA,TAX_REV,S13,_T,_T,PT_B1GQ,A,26.097
2006,USA,TAX_REV,S13,_T,_T,PT_B1GQ,A,26.775
2007,USA,TAX_REV,S13,_T,_T,PT_B1GQ,A,26.728
2008,USA,TAX_REV,S13,_T,_T,PT_B1GQ,A,25.643
2009,USA,TAX_REV,S13,_T,_T,PT_B1GQ,A,22.911
2010,USA,TAX_REV,S13,_T,_T,PT_B1GQ,A,23.371
2011,USA,TAX_REV,S13,_T,_T,PT_B1GQ,A,23.761
2012,USA,TAX_REV,S13,_T,_T,PT_B1GQ,A,23.916
2013,USA,TAX_REV,S13,_T,_T,PT_B1GQ,A,25.413
2014,USA,TAX_REV,S13,_T,_T,PT_B1GQ,A,25.786
2015,USA,TAX_REV,S13,_T,_T,PT_B1GQ,A,26.087
2016,USA,TAX_REV,S13,_T,_T,PT_B1GQ,A,25.713
2017,USA,TAX_REV,S13,_T,_T,PT_B1GQ,A,26.459
2018,USA,TAX_REV,S13,_T,_T,PT_B1GQ,A,24.816
2019,USA,TAX_REV,S13,_T,_T,PT_B1GQ,A,24.982
2020,USA,TAX_REV,S13,_T,_T,PT_B1GQ,A,25.57
2021,USA,TAX_REV,S13,_T,_T,PT_B1GQ,A,26.709
2022,USA,TAX_REV,S13,_T,_T,PT_B1GQ,A,27.607
2023,USA,TAX_REV,S13,_T,_T,PT_B1GQ,A,25.184
1991,ATG,TAX_REV,S13,_T,_T,PT_B1GQ,A,13.366
1992,ATG,TAX_REV,S13,_T,_T,PT_B1GQ,A,13.413
1993,ATG,TAX_REV,S13,_T,_T,PT_B1GQ,A,12.999
1994,ATG,TAX_REV,S13,_T,_T,PT_B1GQ,A,13.246
1995,ATG,TAX_REV,S13,_T,_T,PT_B1GQ,A,13.295
1996,ATG,TAX_REV,S13,_T,_T,PT_B1GQ,A,13.67
1997,ATG,TAX_REV,S13,_T,_T,PT_B1GQ,A,13.132
1998,ATG,TAX_REV,S13,_T,_T,PT_B1GQ,A,12.899
1999,ATG,TAX_REV,S13,_T,_T,PT_B1GQ,A,12.584
2000,ATG,TAX_REV,S13,_T,_T,PT_B1GQ,A,10.995
2001,ATG,TAX_REV,S13,_T,_T,PT_B1GQ,A,12.473
2002,ATG,TAX_REV,S13,_T,_T,PT_B1GQ,A,13.588
2003,ATG,TAX_REV,S13,_T,_T,PT_B1GQ,A,13.75
2004,ATG,TAX_REV,S13,_T,_T,PT_B1GQ,A,14.038
2005,ATG,TAX_REV,S13,_T,_T,PT_B1GQ,A,13.781
2006,ATG,TAX_REV,S13,_T,_T,PT_B1GQ,A,15.259
2007,ATG,TAX_REV,S13,_T,_T,PT_B1GQ,A,19.002
2008,ATG,TAX_REV,S13,_T,_T,PT_B1GQ,A,18.606
2009,ATG,TAX_REV,S13,_T,_T,PT_B1GQ,A,17.681
2010,ATG,TAX_REV,S13,_T,_T,PT_B1GQ,A,18.816
2011,ATG,TAX_REV,S13,_T,_T,PT_B1GQ,A,18.307
2012,ATG,TAX_REV,S13,_T,_T,PT_B1GQ,A,19.169
2013,ATG,TAX_REV,S13,_T,_T,PT_B1GQ,A,18.658
2014,ATG,TAX_REV,S13,_T,_T,PT_B1GQ,A,18.019
2015,ATG,TAX_REV,S13,_T,_T,PT_B1GQ,A,18.948
2016,ATG,TAX_REV,S13,_T,_T,PT_B1GQ,A,18.893
2017,ATG,TAX_REV,S13,_T,_T,PT_B1GQ,A,18.724
2018,ATG,TAX_REV,S13,_T,_T,PT_B1GQ,A,18.344
2019,ATG,TAX_REV,S13,_T,_T,PT_B1GQ,A,17.592
2020,ATG,TAX_REV,S13,_T,_T,PT_B1GQ,A,19.17
2021,ATG,TAX_REV,S13,_T,_T,PT_B1GQ,A,18.581
2022,ATG,TAX_REV,S13,_T,_T,PT_B1GQ,A,18.097
2023,ATG,TAX_REV,S13,_T,_T,PT_B1GQ,A,17.852
1990,ARG,TAX_REV,S13,_T,_T,PT_B1GQ,A,13.259
1991,ARG,TAX_REV,S13,_T,_T,PT_B1GQ,A,15.11
1992,ARG,TAX_REV,S13,_T,_T,PT_B1GQ,A,17.644
1993,ARG,TAX_REV,S13,_T,_T,PT_B1GQ,A,19.343
1994,ARG,TAX_REV,S13,_T,_T,PT_B1GQ,A,19.198
1995,ARG,TAX_REV,S13,_T,_T,PT_B1GQ,A,18.125
1996,ARG,TAX_REV,S13,_T,_T,PT_B1GQ,A,17.66
1997,ARG,TAX_REV,S13,_T,_T,PT_B1GQ,A,18.448
1998,ARG,TAX_REV,S13,_T,_T,PT_B1GQ,A,18.814
1999,ARG,TAX_REV,S13,_T,_T,PT_B1GQ,A,18.934
2000,ARG,TAX_REV,S13,_T,_T,PT_B1GQ,A,19.223
2001,ARG,TAX_REV,S13,_T,_T,PT_B1GQ,A,18.732
2002,ARG,TAX_REV,S13,_T,_T,PT_B1GQ,A,17.818
2003,ARG,TAX_REV,S13,_T,_T,PT_B1GQ,A,20.964
2004,ARG,TAX_REV,S13,_T,_T,PT_B1GQ,A,24.327
2005,ARG,TAX_REV,S13,_T,_T,PT_B1GQ,A,24.532
2006,ARG,TAX_REV,S13,_T,_T,PT_B1GQ,A,25.079
2007,ARG,TAX_REV,S13,_T,_T,PT_B1GQ,A,26.368
2008,ARG,TAX_REV,S13,_T,_T,PT_B1GQ,A,27.624
2009,ARG,TAX_REV,S13,_T,_T,PT_B1GQ,A,28.924
2010,ARG,TAX_REV,S13,_T,_T,PT_B1GQ,A,29.067
2011,ARG,TAX_REV,S13,_T,_T,PT_B1GQ,A,29.299
2012,ARG,TAX_REV,S13,_T,_T,PT_B1GQ,A,30.635
2013,ARG,TAX_REV,S13,_T,_T,PT_B1GQ,A,31.179
2014,ARG,TAX_REV,S13,_T,_T,PT_B1GQ,A,31.123
2015,ARG,TAX_REV,S13,_T,_T,PT_B1GQ,A,31.454
2016,ARG,TAX_REV,S13,_T,_T,PT_B1GQ,A,30.673
2017,ARG,TAX_REV,S13,_T,_T,PT_B1GQ,A,30.041
2018,ARG,TAX_REV,S13,_T,_T,PT_B1GQ,A,28.513
2019,ARG,TAX_REV,S13,_T,_T,PT_B1GQ,A,28.503
2020,ARG,TAX_REV,S13,_T,_T,PT_B1GQ,A,29.746
2021,ARG,TAX_REV,S13,_T,_T,PT_B1GQ,A,29.129
2022,ARG,TAX_REV,S13,_T,_T,PT_B1GQ,A,29.558
2023,ARG,TAX_REV,S13,_T,_T,PT_B1GQ,A,27.842
2010,ARM,TAX_REV,S13,_T,_T,PT_B1GQ,A,20.168
2011,ARM,TAX_REV,S13,_T,_T,PT_B1GQ,A,20.538
2012,ARM,TAX_REV,S13,_T,_T,PT_B1GQ,A,20.548
2013,ARM,TAX_REV,S13,_T,_T,PT_B1GQ,A,21.939
2014,ARM,TAX_REV,S13,_T,_T,PT_B1GQ,A,22.012
2015,ARM,TAX_REV,S13,_T,_T,PT_B1GQ,A,21.129
2016,ARM,TAX_REV,S13,_T,_T,PT_B1GQ,A,21.279
2017,ARM,TAX_REV,S13,_T,_T,PT_B1GQ,A,20.812
2018,ARM,TAX_REV,S13,_T,_T,PT_B1GQ,A,20.909
2019,ARM,TAX_REV,S13,_T,_T,PT_B1GQ,A,22.379
2020,ARM,TAX_REV,S13,_T,_T,PT_B1GQ,A,22.407
2021,ARM,TAX_REV,S13,_T,_T,PT_B1GQ,A,22.697
2022,ARM,TAX_REV,S13,_T,_T,PT_B1GQ,A,22.655
2023,ARM,TAX_REV,S13,_T,_T,PT_B1GQ,A,23.505
2014,AZE,TAX_REV,S13,_T,_T,PT_B1GQ,A,17.184
2015,AZE,TAX_REV,S13,_T,_T,PT_B1GQ,A,18.949
2016,AZE,TAX_REV,S13,_T,_T,PT_B1GQ,A,18.224
2017,AZE,TAX_REV,S13,_T,_T,PT_B1GQ,A,16.277
2018,AZE,TAX_REV,S13,_T,_T,PT_B1GQ,A,16.206
2019,AZE,TAX_REV,S13,_T,_T,PT_B1GQ,A,18.062
2020,AZE,TAX_REV,S13,_T,_T,PT_B1GQ,A,20.298
2021,AZE,TAX_REV,S13,_T,_T,PT_B1GQ,A,18.396
2022,AZE,TAX_REV,S13,_T,_T,PT_B1GQ,A,19.625
2023,AZE,TAX_REV,S13,_T,_T,PT_B1GQ,A,22.977
1990,BHS,TAX_REV,S13,_T,_T,PT_B1GQ,A,9.669
1991,BHS,TAX_REV,S13,_T,_T,PT_B1GQ,A,9.424
1992,BHS,TAX_REV,S13,_T,_T,PT_B1GQ,A,10.523
1993,BHS,TAX_REV,S13,_T,_T,PT_B1GQ,A,10.714
1994,BHS,TAX_REV,S13,_T,_T,PT_B1GQ,A,11.489
1995,BHS,TAX_REV,S13,_T,_T,PT_B1GQ,A,11.582
1996,BHS,TAX_REV,S13,_T,_T,PT_B1GQ,A,11.391
1997,BHS,TAX_REV,S13,_T,_T,PT_B1GQ,A,11.53
1998,BHS,TAX_REV,S13,_T,_T,PT_B1GQ,A,11.777
1999,BHS,TAX_REV,S13,_T,_T,PT_B1GQ,A,11.458
2000,BHS,TAX_REV,S13,_T,_T,PT_B1GQ,A,12.241
2001,BHS,TAX_REV,S13,_T,_T,PT_B1GQ,A,11.845
2002,BHS,TAX_REV,S13,_T,_T,PT_B1GQ,A,10.392
2003,BHS,TAX_REV,S13,_T,_T,PT_B1GQ,A,10.557
2004,BHS,TAX_REV,S13,_T,_T,PT_B1GQ,A,10.671
2005,BHS,TAX_REV,S13,_T,_T,PT_B1GQ,A,11.225
2006,BHS,TAX_REV,S13,_T,_T,PT_B1GQ,A,12.428
2007,BHS,TAX_REV,S13,_T,_T,PT_B1GQ,A,13.085
2008,BHS,TAX_REV,S13,_T,_T,PT_B1GQ,A,13.455
2009,BHS,TAX_REV,S13,_T,_T,PT_B1GQ,A,12.578
2010,BHS,TAX_REV,S13,_T,_T,PT_B1GQ,A,12.715
2011,BHS,TAX_REV,S13,_T,_T,PT_B1GQ,A,14.751
2012,BHS,TAX_REV,S13,_T,_T,PT_B1GQ,A,14.234
2013,BHS,TAX_REV,S13,_T,_T,PT_B1GQ,A,13.577
2014,BHS,TAX_REV,S13,_T,_T,PT_B1GQ,A,13.709
2015,BHS,TAX_REV,S13,_T,_T,PT_B1GQ,A,15.287
2016,BHS,TAX_REV,S13,_T,_T,PT_B1GQ,A,16.362
2017,BHS,TAX_REV,S13,_T,_T,PT_B1GQ,A,17.528
2018,BHS,TAX_REV,S13,_T,_T,PT_B1GQ,A,16.992
2019,BHS,TAX_REV,S13,_T,_T,PT_B1GQ,A,19.197
2020,BHS,TAX_REV,S13,_T,_T,PT_B1GQ,A,18.249
2021,BHS,TAX_REV,S13,_T,_T,PT_B1GQ,A,18.331
2022,BHS,TAX_REV,S13,_T,_T,PT_B1GQ,A,19.635
2023,BHS,TAX_REV,S13,_T,_T,PT_B1GQ,A,19.879
2000,BGD,TAX_REV,S13,_T,_T,PT_B1GQ,A,5.38
2001,BGD,TAX_REV,S13,_T,_T,PT_B1GQ,A,5.367
2002,BGD,TAX_REV,S13,_T,_T,PT_B1GQ,A,5.668
2003,BGD,TAX_REV,S13,_T,_T,PT_B1GQ,A,5.705
2004,BGD,TAX_REV,S13,_T,_T,PT_B1GQ,A,5.845
2005,BGD,TAX_REV,S13,_T,_T,PT_B1GQ,A,5.885
2006,BGD,TAX_REV,S13,_T,_T,PT_B1GQ,A,5.651
2007,BGD,TAX_REV,S13,_T,_T,PT_B1GQ,A,6.299
2008,BGD,TAX_REV,S13,_T,_T,PT_B1GQ,A,6.219
2009,BGD,TAX_REV,S13,_T,_T,PT_B1GQ,A,6.494
2010,BGD,TAX_REV,S13,_T,_T,PT_B1GQ,A,7.238
2011,BGD,TAX_REV,S13,_T,_T,PT_B1GQ,A,7.52
2012,BGD,TAX_REV,S13,_T,_T,PT_B1GQ,A,7.6
2013,BGD,TAX_REV,S13,_T,_T,PT_B1GQ,A,7.506
2014,BGD,TAX_REV,S13,_T,_T,PT_B1GQ,A,7.473
2015,BGD,TAX_REV,S13,_T,_T,PT_B1GQ,A,7.401
2016,BGD,TAX_REV,S13,_T,_T,PT_B1GQ,A,7.385
2017,BGD,TAX_REV,S13,_T,_T,PT_B1GQ,A,7.666
2018,BGD,TAX_REV,S13,_T,_T,PT_B1GQ,A,7.48
2019,BGD,TAX_REV,S13,_T,_T,PT_B1GQ,A,6.827
2020,BGD,TAX_REV,S13,_T,_T,PT_B1GQ,A,7.413
2021,BGD,TAX_REV,S13,_T,_T,PT_B1GQ,A,7.423
2022,BGD,TAX_REV,S13,_T,_T,PT_B1GQ,A,7.323
2023,BGD,TAX_REV,S13,_T,_T,PT_B1GQ,A,7.252
1990,BRB,TAX_REV,S13,_T,_T,PT_B1GQ,A,24.524
1991,BRB,TAX_REV,S13,_T,_T,PT_B1GQ,A,25.733
1992,BRB,TAX_REV,S13,_T,_T,PT_B1GQ,A,25.665
1993,BRB,TAX_REV,S13,_T,_T,PT_B1GQ,A,24.373
1994,BRB,TAX_REV,S13,_T,_T,PT_B1GQ,A,25.432
1995,BRB,TAX_REV,S13,_T,_T,PT_B1GQ,A,26.463
1996,BRB,TAX_REV,S13,_T,_T,PT_B1GQ,A,26.105
1997,BRB,TAX_REV,S13,_T,_T,PT_B1GQ,A,28.935
1998,BRB,TAX_REV,S13,_T,_T,PT_B1GQ,A,27.707
1999,BRB,TAX_REV,S13,_T,_T,PT_B1GQ,A,27.817
2000,BRB,TAX_REV,S13,_T,_T,PT_B1GQ,A,28.574
2001,BRB,TAX_REV,S13,_T,_T,PT_B1GQ,A,28.901
2002,BRB,TAX_REV,S13,_T,_T,PT_B1GQ,A,28.207
2003,BRB,TAX_REV,S13,_T,_T,PT_B1GQ,A,29.236
2004,BRB,TAX_REV,S13,_T,_T,PT_B1GQ,A,28.409
2005,BRB,TAX_REV,S13,_T,_T,PT_B1GQ,A,28.263
2006,BRB,TAX_REV,S13,_T,_T,PT_B1GQ,A,26.657
2007,BRB,TAX_REV,S13,_T,_T,PT_B1GQ,A,26.614
2008,BRB,TAX_REV,S13,_T,_T,PT_B1GQ,A,27.498
2009,BRB,TAX_REV,S13,_T,_T,PT_B1GQ,A,26.365
2010,BRB,TAX_REV,S13,_T,_T,PT_B1GQ,A,26.418
2011,BRB,TAX_REV,S13,_T,_T,PT_B1GQ,A,27.318
2012,BRB,TAX_REV,S13,_T,_T,PT_B1GQ,A,26.727
2013,BRB,TAX_REV,S13,_T,_T,PT_B1GQ,A,25.795
2014,BRB,TAX_REV,S13,_T,_T,PT_B1GQ,A,25.39
2015,BRB,TAX_REV,S13,_T,_T,PT_B1GQ,A,27.3
2016,BRB,TAX_REV,S13,_T,_T,PT_B1GQ,A,28.143
2017,BRB,TAX_REV,S13,_T,_T,PT_B1GQ,A,29.574
2018,BRB,TAX_REV,S13,_T,_T,PT_B1GQ,A,30.284
2019,BRB,TAX_REV,S13,_T,_T,PT_B1GQ,A,29.237
2020,BRB,TAX_REV,S13,_T,_T,PT_B1GQ,A,31.049
2021,BRB,TAX_REV,S13,_T,_T,PT_B1GQ,A,28.696
2022,BRB,TAX_REV,S13,_T,_T,PT_B1GQ,A,28.988
2023,BRB,TAX_REV,S13,_T,_T,PT_B1GQ,A,28.133
1990,BLZ,TAX_REV,S13,_T,_T,PT_B1GQ,A,16.374
1991,BLZ,TAX_REV,S13,_T,_T,PT_B1GQ,A,15.647
1992,BLZ,TAX_REV,S13,_T,_T,PT_B1GQ,A,14.615
1993,BLZ,TAX_REV,S13,_T,_T,PT_B1GQ,A,15.472
1994,BLZ,TAX_REV,S13,_T,_T,PT_B1GQ,A,15.752
1995,BLZ,TAX_REV,S13,_T,_T,PT_B1GQ,A,15.056
1996,BLZ,TAX_REV,S13,_T,_T,PT_B1GQ,A,15.571
1997,BLZ,TAX_REV,S13,_T,_T,PT_B1GQ,A,15.454
1998,BLZ,TAX_REV,S13,_T,_T,PT_B1GQ,A,15.653
1999,BLZ,TAX_REV,S13,_T,_T,PT_B1GQ,A,14.047
2000,BLZ,TAX_REV,S13,_T,_T,PT_B1GQ,A,14.553
2001,BLZ,TAX_REV,S13,_T,_T,PT_B1GQ,A,15.771
2002,BLZ,TAX_REV,S13,_T,_T,PT_B1GQ,A,16.622
2003,BLZ,TAX_REV,S13,_T,_T,PT_B1GQ,A,17.211
2004,BLZ,TAX_REV,S13,_T,_T,PT_B1GQ,A,16.737
2005,BLZ,TAX_REV,S13,_T,_T,PT_B1GQ,A,16.883
2006,BLZ,TAX_REV,S13,_T,_T,PT_B1GQ,A,16.986
2007,BLZ,TAX_REV,S13,_T,_T,PT_B1GQ,A,19.104
2008,BLZ,TAX_REV,S13,_T,_T,PT_B1GQ,A,19.123
2009,BLZ,TAX_REV,S13,_T,_T,PT_B1GQ,A,19.752
2010,BLZ,TAX_REV,S13,_T,_T,PT_B1GQ,A,21.031
2011,BLZ,TAX_REV,S13,_T,_T,PT_B1GQ,A,20.199
2012,BLZ,TAX_REV,S13,_T,_T,PT_B1GQ,A,20.108
2013,BLZ,TAX_REV,S13,_T,_T,PT_B1GQ,A,20.062
2014,BLZ,TAX_REV,S13,_T,_T,PT_B1GQ,A,21.644
2015,BLZ,TAX_REV,S13,_T,_T,PT_B1GQ,A,21.464
2016,BLZ,TAX_REV,S13,_T,_T,PT_B1GQ,A,22.366
2017,BLZ,TAX_REV,S13,_T,_T,PT_B1GQ,A,23.189
2018,BLZ,TAX_REV,S13,_T,_T,PT_B1GQ,A,24.378
2019,BLZ,TAX_REV,S13,_T,_T,PT_B1GQ,A,25.045
2020,BLZ,TAX_REV,S13,_T,_T,PT_B1GQ,A,21.828
2021,BLZ,TAX_REV,S13,_T,_T,PT_B1GQ,A,22.323
2022,BLZ,TAX_REV,S13,_T,_T,PT_B1GQ,A,23.081
2023,BLZ,TAX_REV,S13,_T,_T,PT_B1GQ,A,23.976
1990,BTN,TAX_REV,S13,_T,_T,PT_B1GQ,A,4.715
1991,BTN,TAX_REV,S13,_T,_T,PT_B1GQ,A,5.734
1992,BTN,TAX_REV,S13,_T,_T,PT_B1GQ,A,6.616
1993,BTN,TAX_REV,S13,_T,_T,PT_B1GQ,A,6.454
1994,BTN,TAX_REV,S13,_T,_T,PT_B1GQ,A,6.172
1995,BTN,TAX_REV,S13,_T,_T,PT_B1GQ,A,8.192
1996,BTN,TAX_REV,S13,_T,_T,PT_B1GQ,A,7.048
1997,BTN,TAX_REV,S13,_T,_T,PT_B1GQ,A,8.508
1998,BTN,TAX_REV,S13,_T,_T,PT_B1GQ,A,7.604
1999,BTN,TAX_REV,S13,_T,_T,PT_B1GQ,A,10.437
2000,BTN,TAX_REV,S13,_T,_T,PT_B1GQ,A,9.293
2001,BTN,TAX_REV,S13,_T,_T,PT_B1GQ,A,9.949
2002,BTN,TAX_REV,S13,_T,_T,PT_B1GQ,A,9.813
2003,BTN,TAX_REV,S13,_T,_T,PT_B1GQ,A,8.085
2004,BTN,TAX_REV,S13,_T,_T,PT_B1GQ,A,9.165
2005,BTN,TAX_REV,S13,_T,_T,PT_B1GQ,A,9.933
2006,BTN,TAX_REV,S13,_T,_T,PT_B1GQ,A,8.638
2007,BTN,TAX_REV,S13,_T,_T,PT_B1GQ,A,9.241
2008,BTN,TAX_REV,S13,_T,_T,PT_B1GQ,A,10.3
2009,BTN,TAX_REV,S13,_T,_T,PT_B1GQ,A,13.234
2010,BTN,TAX_REV,S13,_T,_T,PT_B1GQ,A,13.32
2011,BTN,TAX_REV,S13,_T,_T,PT_B1GQ,A,14.414
2012,BTN,TAX_REV,S13,_T,_T,PT_B1GQ,A,13.672
2013,BTN,TAX_REV,S13,_T,_T,PT_B1GQ,A,13.054
2014,BTN,TAX_REV,S13,_T,_T,PT_B1GQ,A,13.469
2015,BTN,TAX_REV,S13,_T,_T,PT_B1GQ,A,13.174
2016,BTN,TAX_REV,S13,_T,_T,PT_B1GQ,A,12.85
2017,BTN,TAX_REV,S13,_T,_T,PT_B1GQ,A,14.231
2018,BTN,TAX_REV,S13,_T,_T,PT_B1GQ,A,13.177
2019,BTN,TAX_REV,S13,_T,_T,PT_B1GQ,A,10.41
2020,BTN,TAX_REV,S13,_T,_T,PT_B1GQ,A,8.143
2021,BTN,TAX_REV,S13,_T,_T,PT_B1GQ,A,9.882
2022,BTN,TAX_REV,S13,_T,_T,PT_B1GQ,A,11.176
2023,BTN,TAX_REV,S13,_T,_T,PT_B1GQ,A,11.626
1990,BOL,TAX_REV,S13,_T,_T,PT_B1GQ,A,6.51
1991,BOL,TAX_REV,S13,_T,_T,PT_B1GQ,A,6.86
1992,BOL,TAX_REV,S13,_T,_T,PT_B1GQ,A,8.682
1993,BOL,TAX_REV,S13,_T,_T,PT_B1GQ,A,9.385
1994,BOL,TAX_REV,S13,_T,_T,PT_B1GQ,A,10.943
1995,BOL,TAX_REV,S13,_T,_T,PT_B1GQ,A,12.211
1996,BOL,TAX_REV,S13,_T,_T,PT_B1GQ,A,12.427
1997,BOL,TAX_REV,S13,_T,_T,PT_B1GQ,A,13.408
1998,BOL,TAX_REV,S13,_T,_T,PT_B1GQ,A,14.864
1999,BOL,TAX_REV,S13,_T,_T,PT_B1GQ,A,14.012
2000,BOL,TAX_REV,S13,_T,_T,PT_B1GQ,A,17.622
2001,BOL,TAX_REV,S13,_T,_T,PT_B1GQ,A,16.579
2002,BOL,TAX_REV,S13,_T,_T,PT_B1GQ,A,16.89
2003,BOL,TAX_REV,S13,_T,_T,PT_B1GQ,A,16.342
2004,BOL,TAX_REV,S13,_T,_T,PT_B1GQ,A,18.69
2005,BOL,TAX_REV,S13,_T,_T,PT_B1GQ,A,19.954
2006,BOL,TAX_REV,S13,_T,_T,PT_B1GQ,A,19.269
2007,BOL,TAX_REV,S13,_T,_T,PT_B1GQ,A,19.827
2008,BOL,TAX_REV,S13,_T,_T,PT_B1GQ,A,21.162
2009,BOL,TAX_REV,S13,_T,_T,PT_B1GQ,A,21.671
2010,BOL,TAX_REV,S13,_T,_T,PT_B1GQ,A,22.882
2011,BOL,TAX_REV,S13,_T,_T,PT_B1GQ,A,25.115
2012,BOL,TAX_REV,S13,_T,_T,PT_B1GQ,A,25.906
2013,BOL,TAX_REV,S13,_T,_T,PT_B1GQ,A,26.73
2014,BOL,TAX_REV,S13,_T,_T,PT_B1GQ,A,27.854
2015,BOL,TAX_REV,S13,_T,_T,PT_B1GQ,A,29.498
2016,BOL,TAX_REV,S13,_T,_T,PT_B1GQ,A,27.925
2017,BOL,TAX_REV,S13,_T,_T,PT_B1GQ,A,25.878
2018,BOL,TAX_REV,S13,_T,_T,PT_B1GQ,A,24.978
2019,BOL,TAX_REV,S13,_T,_T,PT_B1GQ,A,24.695
2020,BOL,TAX_REV,S13,_T,_T,PT_B1GQ,A,22.159
2021,BOL,TAX_REV,S13,_T,_T,PT_B1GQ,A,22.637
2022,BOL,TAX_REV,S13,_T,_T,PT_B1GQ,A,23.681
2023,BOL,TAX_REV,S13,_T,_T,PT_B1GQ,A,23.861
2004,BWA,TAX_REV,S13,_T,_T,PT_B1GQ,A,15.683
2005,BWA,TAX_REV,S13,_T,_T,PT_B1GQ,A,15.399
2006,BWA,TAX_REV,S13,_T,_T,PT_B1GQ,A,15.585
2007,BWA,TAX_REV,S13,_T,_T,PT_B1GQ,A,14.09
2008,BWA,TAX_REV,S13,_T,_T,PT_B1GQ,A,17.397
2009,BWA,TAX_REV,S13,_T,_T,PT_B1GQ,A,15.981
2010,BWA,TAX_REV,S13,_T,_T,PT_B1GQ,A,15.85
2011,BWA,TAX_REV,S13,_T,_T,PT_B1GQ,A,15.99
2012,BWA,TAX_REV,S13,_T,_T,PT_B1GQ,A,14.288
2013,BWA,TAX_REV,S13,_T,_T,PT_B1GQ,A,15.345
2014,BWA,TAX_REV,S13,_T,_T,PT_B1GQ,A,16.01
2015,BWA,TAX_REV,S13,_T,_T,PT_B1GQ,A,13.435
2016,BWA,TAX_REV,S13,_T,_T,PT_B1GQ,A,14.632
2017,BWA,TAX_REV,S13,_T,_T,PT_B1GQ,A,13.342
2018,BWA,TAX_REV,S13,_T,_T,PT_B1GQ,A,13.293
2019,BWA,TAX_REV,S13,_T,_T,PT_B1GQ,A,13.726
2020,BWA,TAX_REV,S13,_T,_T,PT_B1GQ,A,12.193
2021,BWA,TAX_REV,S13,_T,_T,PT_B1GQ,A,14.745
2022,BWA,TAX_REV,S13,_T,_T,PT_B1GQ,A,13.641
1990,BRA,TAX_REV,S13,_T,_T,PT_B1GQ,A,27.837
1991,BRA,TAX_REV,S13,_T,_T,PT_B1GQ,A,22.852
1992,BRA,TAX_REV,S13,_T,_T,PT_B1GQ,A,23.791
1993,BRA,TAX_REV,S13,_T,_T,PT_B1GQ,A,25.216
1994,BRA,TAX_REV,S13,_T,_T,PT_B1GQ,A,29.102
1995,BRA,TAX_REV,S13,_T,_T,PT_B1GQ,A,26.775
1996,BRA,TAX_REV,S13,_T,_T,PT_B1GQ,A,25.924
1997,BRA,TAX_REV,S13,_T,_T,PT_B1GQ,A,26.08
1998,BRA,TAX_REV,S13,_T,_T,PT_B1GQ,A,26.636
1999,BRA,TAX_REV,S13,_T,_T,PT_B1GQ,A,27.925
2000,BRA,TAX_REV,S13,_T,_T,PT_B1GQ,A,29.394
2001,BRA,TAX_REV,S13,_T,_T,PT_B1GQ,A,30.45
2002,BRA,TAX_REV,S13,_T,_T,PT_B1GQ,A,31.356
2003,BRA,TAX_REV,S13,_T,_T,PT_B1GQ,A,30.594
2004,BRA,TAX_REV,S13,_T,_T,PT_B1GQ,A,31.515
2005,BRA,TAX_REV,S13,_T,_T,PT_B1GQ,A,32.675
2006,BRA,TAX_REV,S13,_T,_T,PT_B1GQ,A,32.421
2007,BRA,TAX_REV,S13,_T,_T,PT_B1GQ,A,32.792
2008,BRA,TAX_REV,S13,_T,_T,PT_B1GQ,A,32.655
2009,BRA,TAX_REV,S13,_T,_T,PT_B1GQ,A,31.177
2010,BRA,TAX_REV,S13,_T,_T,PT_B1GQ,A,31.759
2011,BRA,TAX_REV,S13,_T,_T,PT_B1GQ,A,32.582
2012,BRA,TAX_REV,S13,_T,_T,PT_B1GQ,A,31.854
2013,BRA,TAX_REV,S13,_T,_T,PT_B1GQ,A,31.811
2014,BRA,TAX_REV,S13,_T,_T,PT_B1GQ,A,31.113
2015,BRA,TAX_REV,S13,_T,_T,PT_B1GQ,A,31.343
2016,BRA,TAX_REV,S13,_T,_T,PT_B1GQ,A,31.616
2017,BRA,TAX_REV,S13,_T,_T,PT_B1GQ,A,31.731
2018,BRA,TAX_REV,S13,_T,_T,PT_B1GQ,A,31.986
2019,BRA,TAX_REV,S13,_T,_T,PT_B1GQ,A,31.932
2020,BRA,TAX_REV,S13,_T,_T,PT_B1GQ,A,30.453
2021,BRA,TAX_REV,S13,_T,_T,PT_B1GQ,A,32.098
2022,BRA,TAX_REV,S13,_T,_T,PT_B1GQ,A,32.54
2023,BRA,TAX_REV,S13,_T,_T,PT_B1GQ,A,32.003
1995,BGR,TAX_REV,S13,_T,_T,PT_B1GQ,A,20.178
1996,BGR,TAX_REV,S13,_T,_T,PT_B1GQ,A,21.429
1997,BGR,TAX_REV,S13,_T,_T,PT_B1GQ,A,29.059
1998,BGR,TAX_REV,S13,_T,_T,PT_B1GQ,A,30.327
1999,BGR,TAX_REV,S13,_T,_T,PT_B1GQ,A,32.914
2000,BGR,TAX_REV,S13,_T,_T,PT_B1GQ,A,34.041
2001,BGR,TAX_REV,S13,_T,_T,PT_B1GQ,A,32.655
2002,BGR,TAX_REV,S13,_T,_T,PT_B1GQ,A,30.534
2003,BGR,TAX_REV,S13,_T,_T,PT_B1GQ,A,30.663
2004,BGR,TAX_REV,S13,_T,_T,PT_B1GQ,A,31.422
2005,BGR,TAX_REV,S13,_T,_T,PT_B1GQ,A,30.821
2006,BGR,TAX_REV,S13,_T,_T,PT_B1GQ,A,30.524
2007,BGR,TAX_REV,S13,_T,_T,PT_B1GQ,A,30.537
2008,BGR,TAX_REV,S13,_T,_T,PT_B1GQ,A,30.601
2009,BGR,TAX_REV,S13,_T,_T,PT_B1GQ,A,26.734
2010,BGR,TAX_REV,S13,_T,_T,PT_B1GQ,A,25.398
2011,BGR,TAX_REV,S13,_T,_T,PT_B1GQ,A,25.478
2012,BGR,TAX_REV,S13,_T,_T,PT_B1GQ,A,26.079
1990,AUS,TAX_REV,S13,T_5000,_T,PT_B1GQ,A,7.805
1991,AUS,TAX_REV,S13,T_5000,_T,PT_B1GQ,A,7.39
1992,AUS,TAX_REV,S13,T_5000,_T,PT_B1GQ,A,7.387
1993,AUS,TAX_REV,S13,T_5000,_T,PT_B1GQ,A,7.834
1994,AUS,TAX_REV,S13,T_5000,_T,PT_B1GQ,A,8.085
1995,AUS,TAX_REV,S13,T_5000,_T,PT_B1GQ,A,8.186
1996,AUS,TAX_REV,S13,T_5000,_T,PT_B1GQ,A,8.065
1997,AUS,TAX_REV,S13,T_5000,_T,PT_B1GQ,A,7.88
1998,AUS,TAX_REV,S13,T_5000,_T,PT_B1GQ,A,8.035
1999,AUS,TAX_REV,S13,T_5000,_T,PT_B1GQ,A,7.835
2000,AUS,TAX_REV,S13,T_5000,_T,PT_B1GQ,A,8.747
2001,AUS,TAX_REV,S13,T_5000,_T,PT_B1GQ,A,8.789
2002,AUS,TAX_REV,S13,T_5000,_T,PT_B1GQ,A,9.067
2003,AUS,TAX_REV,S13,T_5000,_T,PT_B1GQ,A,8.881
2004,AUS,TAX_REV,S13,T_5000,_T,PT_B1GQ,A,8.606
2005,AUS,TAX_REV,S13,T_5000,_T,PT_B1GQ,A,8.322
2006,AUS,TAX_REV,S13,T_5000,_T,PT_B1GQ,A,8.021
2007,AUS,TAX_REV,S13,T_5000,_T,PT_B1GQ,A,7.892
2008,AUS,TAX_REV,S13,T_5000,_T,PT_B1GQ,A,7.39
2009,AUS,TAX_REV,S13,T_5000,_T,PT_B1GQ,A,7.489
2010,AUS,TAX_REV,S13,T_5000,_T,PT_B1GQ,A,7.23
2011,AUS,TAX_REV,S13,T_5000,_T,PT_B1GQ,A,7.002
2012,AUS,TAX_REV,S13,T_5000,_T,PT_B1GQ,A,7.533
2013,AUS,TAX_REV,S13,T_5000,_T,PT_B1GQ,A,7.626
2014,AUS,TAX_REV,S13,T_5000,_T,PT_B1GQ,A,7.269
2015,AUS,TAX_REV,S13,T_5000,_T,PT_B1GQ,A,7.647
2016,AUS,TAX_REV,S13,T_5000,_T,PT_B1GQ,A,7.429
2017,AUS,TAX_REV,S13,T_5000,_T,PT_B1GQ,A,7.525
2018,AUS,TAX_REV,S13,T_5000,_T,PT_B1GQ,A,7.297
2019,AUS,TAX_REV,S13,T_5000,_T,PT_B1GQ,A,7.276
2008,AUT,TAX_REV,S13,T_5000,_T,PT_B1GQ,A,11.504
2009,AUT,TAX_REV,S13,T_5000,_T,PT_B1GQ,A,11.799
2010,AUT,TAX_REV,S13,T_5000,_T,PT_B1GQ,A,11.74
2011,AUT,TAX_REV,S13,T_5000,_T,PT_B1GQ,A,11.884
2012,AUT,TAX_REV,S13,T_5000,_T,PT_B1GQ,A,11.996
2013,AUT,TAX_REV,S13,T_5000,_T,PT_B1GQ,A,11.948
2014,AUT,TAX_REV,S13,T_5000,_T,PT_B1GQ,A,11.902
2015,AUT,TAX_REV,S13,T_5000,_T,PT_B1GQ,A,11.928
2016,AUT,TAX_REV,S13,T_5000,_T,PT_B1GQ,A,11.914
2017,AUT,TAX_REV,S13,T_5000,_T,PT_B1GQ,A,11.918
2018,AUT,TAX_REV,S13,T_5000,_T,PT_B1GQ,A,11.705
2019,AUT,TAX_REV,S13,T_5000,_T,PT_B1GQ,A,11.717
2020,AUT,TAX_REV,S13,T_5000,_T,PT_B1GQ,A,11.409
2021,AUT,TAX_REV,S13,T_5000,_T,PT_B1GQ,A,11.604
2022,AUT,TAX_REV,S13,T_5000,_T,PT_B1GQ,A,11.622
2023,AUT,TAX_REV,S13,T_5000,_T,PT_B1GQ,A,11.603
1990,BEL,TAX_REV,S13,T_5000,_T,PT_B1GQ,A,10.794
1991,BEL,TAX_REV,S13,T_5000,_T,PT_B1GQ,A,10.754
1992,BEL,TAX_REV,S13,T_5000,_T,PT_B1GQ,A,10.694
1993,BEL,TAX_REV,S13,T_5000,_T,PT_B1GQ,A,10.781
1994,BEL,TAX_REV,S13,T_5000,_T,PT_B1GQ,A,11.034
1995,BEL,TAX_REV,S13,T_5000,_T,PT_B1GQ,A,10.834
1996,BEL,TAX_REV,S13,T_5000,_T,PT_B1GQ,A,11.134
1997,BEL,TAX_REV,S13,T_5000,_T,PT_B1GQ,A,11.228
1998,BEL,TAX_REV,S13,T_5000,_T,PT_B1GQ,A,11.09
1999,BEL,TAX_REV,S13,T_5000,_T,PT_B1GQ,A,11.478
2000,BEL,TAX_REV,S13,T_5000,_T,PT_B1GQ,A,11.345
2001,BEL,TAX_REV,S13,T_5000,_T,PT_B1GQ,A,10.911
2002,BEL,TAX_REV,S13,T_5000,_T,PT_B1GQ,A,11.008
2003,BEL,TAX_REV,S13,T_5000,_T,PT_B1GQ,A,10.966
2004,BEL,TAX_REV,S13,T_5000,_T,PT_B1GQ,A,11.166
2005,BEL,TAX_REV,S13,T_5000,_T,PT_B1GQ,A,11.244
2006,BEL,TAX_REV,S13,T_5000,_T,PT_B1GQ,A,11.18
2007,BEL,TAX_REV,S13,T_5000,_T,PT_B1GQ,A,11.113
2008,BEL,TAX_REV,S13,T_5000,_T,PT_B1GQ,A,11.034
2009,BEL,TAX_REV,S13,T_5000,_T,PT_B1GQ,A,10.974
2010,BEL,TAX_REV,S13,T_5000,_T,PT_B1GQ,A,11.199
2011,BEL,TAX_REV,S13,T_5000,_T,PT_B1GQ,A,11.136
2012,BEL,TAX_REV,S13,T_5000,_T,PT_B1GQ,A,11.424
2013,BEL,TAX_REV,S13,T_5000,_T,PT_B1GQ,A,11.205
2014,BEL,TAX_REV,S13,T_5000,_T,PT_B1GQ,A,11.015
2015,BEL,TAX_REV,S13,T_5000,_T,PT_B1GQ,A,10.842
2016,BEL,TAX_REV,S13,T_5000,_T,PT_B1GQ,A,10.949
2017,BEL,TAX_REV,S13,T_5000,_T,PT_B1GQ,A,10.931
2018,BEL,TAX_REV,S13,T_5000,_T,PT_B1GQ,A,10.98
2019,BEL,TAX_REV,S13,T_5000,_T,PT_B1GQ,A,10.78
2020,BEL,TAX_REV,S13,T_5000,_T,PT_B1GQ,A,10.304
2021,BEL,TAX_REV,S13,T_5000,_T,PT_B1GQ,A,10.613
2022,BEL,TAX_REV,S13,T_5000,_T,PT_B1GQ,A,10.371
2023,BEL,TAX_REV,S13,T_5000,_T,PT_B1GQ,A,10.462
1990,CAN,TAX_REV,S13,T_5000,_T,PT_B1GQ,A,9.063
1991,CAN,TAX_REV,S13,T_5000,_T,PT_B1GQ,A,9.192
1992,CAN,TAX_REV,S13,T_5000,_T,PT_B1GQ,A,9.236
1993,CAN,TAX_REV,S13,T_5000,_T,PT_B1GQ,A,9.189
1994,CAN,TAX_REV,S13,T_5000,_T,PT_B1GQ,A,9.002
1995,CAN,TAX_REV,S13,T_5000,_T,PT_B1GQ,A,8.797
1996,CAN,TAX_REV,S13,T_5000,_T,PT_B1GQ,A,8.724
1997,CAN,TAX_REV,S13,T_5000,_T,PT_B1GQ,A,8.744
1998,CAN,TAX_REV,S13,T_5000,_T,PT_B1GQ,A,8.837
1999,CAN,TAX_REV,S13,T_5000,_T,PT_B1GQ,A,8.541
2000,CAN,TAX_REV,S13,T_5000,_T,PT_B1GQ,A,8.394
2001,CAN,TAX_REV,S13,T_5000,_T,PT_B1GQ,A,8.427
2002,CAN,TAX_REV,S13,T_5000,_T,PT_B1GQ,A,8.669
2003,CAN,TAX_REV,S13,T_5000,_T,PT_B1GQ,A,8.59
2004,CAN,TAX_REV,S13,T_5000,_T,PT_B1GQ,A,8.419
2005,CAN,TAX_REV,S13,T_5000,_T,PT_B1GQ,A,8.225
2006,CAN,TAX_REV,S13,T_5000,_T,PT_B1GQ,A,7.976
2007,CAN,TAX_REV,S13,T_5000,_T,PT_B1GQ,A,7.787
2008,CAN,TAX_REV,S13,T_5000,_T,PT_B1GQ,A,7.028
2009,CAN,TAX_REV,S13,T_5000,_T,PT_B1GQ,A,7.398
2010,CAN,TAX_REV,S13,T_5000,_T,PT_B1GQ,A,7.428
2011,CAN,TAX_REV,S13,T_5000,_T,PT_B1GQ,A,7.311
2012,CAN,TAX_REV,S13,T_5000,_T,PT_B1GQ,A,7.288
2013,CAN,TAX_REV,S13,T_5000,_T,PT_B1GQ,A,7.17
2014,CAN,TAX_REV,S13,T_5000,_T,PT_B1GQ,A,7.193
2015,CAN,TAX_REV,S13,T_5000,_T,PT_B1GQ,A,7.55
2016,CAN,TAX_REV,S13,T_5000,_T,PT_B1GQ,A,7.642
2017,CAN,TAX_REV,S13,T_5000,_T,PT_B1GQ,A,7.792
2018,CAN,TAX_REV,S13,T_5000,_T,PT_B1GQ,A,7.785
2019,CAN,TAX_REV,S13,T_5000,_T,PT_B1GQ,A,7.537
2020,CAN,TAX_REV,S13,T_5000,_T,PT_B1GQ,A,7.348
2021,CAN,TAX_REV,S13,T_5000,_T,PT_B1GQ,A,7.362
2022,CAN,TAX_REV,S13,T_5000,_T,PT_B1GQ,A,7.357
2023,CAN,TAX_REV,S13,T_5000,_T,PT_B1GQ,A,7.509
1990,CHL,TAX_REV,S13,T_5000,_T,PT_B1GQ,A,10.559
1991,CHL,TAX_REV,S13,T_5000,_T,PT_B1GQ,A,11.111
1992,CHL,TAX_REV,S13,T_5000,_T,PT_B1GQ,A,11.592
1993,CHL,TAX_REV,S13,T_5000,_T,PT_B1GQ,A,12.035
1994,CHL,TAX_REV,S13,T_5000,_T,PT_B1GQ,A,11.631
1995,CHL,TAX_REV,S13,T_5000,_T,PT_B1GQ,A,11.371
1996,CHL,TAX_REV,S13,T_5000,_T,PT_B1GQ,A,12.205
1997,CHL,TAX_REV,S13,T_5000,_T,PT_B1GQ,A,12.008
1998,CHL,TAX_REV,S13,T_5000,_T,PT_B1GQ,A,12.154
1999,CHL,TAX_REV,S13,T_5000,_T,PT_B1GQ,A,11.725
2000,CHL,TAX_REV,S13,T_5000,_T,PT_B1GQ,A,11.943
2001,CHL,TAX_REV,S13,T_5000,_T,PT_B1GQ,A,11.742
2002,CHL,TAX_REV,S13,T_5000,_T,PT_B1GQ,A,11.682
2003,CHL,TAX_REV,S13,T_5000,_T,PT_B1GQ,A,11.278
2004,CHL,TAX_REV,S13,T_5000,_T,PT_B1GQ,A,10.837
2005,CHL,TAX_REV,S13,T_5000,_T,PT_B1GQ,A,10.73
2006,CHL,TAX_REV,S13,T_5000,_T,PT_B1GQ,A,9.555
2007,CHL,TAX_REV,S13,T_5000,_T,PT_B1GQ,A,10.009
2008,CHL,TAX_REV,S13,T_5000,_T,PT_B1GQ,A,10.813
2009,CHL,TAX_REV,S13,T_5000,_T,PT_B1GQ,A,9.696
2010,CHL,TAX_REV,S13,T_5000,_T,PT_B1GQ,A,10.097
2011,CHL,TAX_REV,S13,T_5000,_T,PT_B1GQ,A,10.452
2012,CHL,TAX_REV,S13,T_5000,_T,PT_B1GQ,A,10.674
2013,CHL,TAX_REV,S13,T_5000,_T,PT_B1GQ,A,10.764
2014,CHL,TAX_REV,S13,T_5000,_T,PT_B1GQ,A,10.901
2015,CHL,TAX_REV,S13,T_5000,_T,PT_B1GQ,A,11.094
2016,CHL,TAX_REV,S13,T_5000,_T,PT_B1GQ,A,11.038
2017,CHL,TAX_REV,S13,T_5000,_T,PT_B1GQ,A,11.076
2018,CHL,TAX_REV,S13,T_5000,_T,PT_B1GQ,A,11.333
2019,CHL,TAX_REV,S13,T_5000,_T,PT_B1GQ,A,11.125
2020,CHL,TAX_REV,S13,T_5000,_T,PT_B1GQ,A,10.571
2021,CHL,TAX_REV,S13,T_5000,_T,PT_B1GQ,A,11.842
2022,CHL,TAX_REV,S13,T_5000,_T,PT_B1GQ,A,11.401
2023,CHL,TAX_REV,S13,T_5000,_T,PT_B1GQ,A,11.173
1990,COL,TAX_REV,S13,T_5000,_T,PT_B1GQ,A,6.109
1991,COL,TAX_REV,S13,T_5000,_T,PT_B1GQ,A,6.176
1992,COL,TAX_REV,S13,T_5000,_T,PT_B1GQ,A,6.486
1993,COL,TAX_REV,S13,T_5000,_T,PT_B1GQ,A,6.48
1994,COL,TAX_REV,S13,T_5000,_T,PT_B1GQ,A,7.235
1995,COL,TAX_REV,S13,T_5000,_T,PT_B1GQ,A,6.936
1996,COL,TAX_REV,S13,T_5000,_T,PT_B1GQ,A,7.412
1997,COL,TAX_REV,S13,T_5000,_T,PT_B1GQ,A,7.35
1998,COL,TAX_REV,S13,T_5000,_T,PT_B1GQ,A,7.076
1999,COL,TAX_REV,S13,T_5000,_T,PT_B1GQ,A,6.66
2000,COL,TAX_REV,S13,T_5000,_T,PT_B1GQ,A,7.268
2001,COL,TAX_REV,S13,T_5000,_T,PT_B1GQ,A,7.878
2002,COL,TAX_REV,S13,T_5000,_T,PT_B1GQ,A,7.554
2003,COL,TAX_REV,S13,T_5000,_T,PT_B1GQ,A,7.957
2004,COL,TAX_REV,S13,T_5000,_T,PT_B1GQ,A,7.893
2005,COL,TAX_REV,S13,T_5000,_T,PT_B1GQ,A,8.181
2006,COL,TAX_REV,S13,T_5000,_T,PT_B1GQ,A,8.727
2007,COL,TAX_REV,S13,T_5000,_T,PT_B1GQ,A,8.58
2008,COL,TAX_REV,S13,T_5000,_T,PT_B1GQ,A,8.67
2009,COL,TAX_REV,S13,T_5000,_T,PT_B1GQ,A,8.023
2010,COL,TAX_REV,S13,T_5000,_T,PT_B1GQ,A,8.163
2011,COL,TAX_REV,S13,T_5000,_T,PT_B1GQ,A,8.341
2012,COL,TAX_REV,S13,T_5000,_T,PT_B1GQ,A,7.988
2013,COL,TAX_REV,S13,T_5000,_T,PT_B1GQ,A,7.742
2014,COL,TAX_REV,S13,T_5000,_T,PT_B1GQ,A,7.992
2015,COL,TAX_REV,S13,T_5000,_T,PT_B1GQ,A,8.167
2016,COL,TAX_REV,S13,T_5000,_T,PT_B1GQ,A,7.752
2017,COL,TAX_REV,S13,T_5000,_T,PT_B1GQ,A,8.189
2018,COL,TAX_REV,S13,T_5000,_T,PT_B1GQ,A,8.241
2019,COL,TAX_REV,S13,T_5000,_T,PT_B1GQ,A,8.471
2020,COL,TAX_REV,S13,T_5000,_T,PT_B1GQ,A,7.787
2021,COL,TAX_REV,S13,T_5000,_T,PT_B1GQ,A,8.323
2022,COL,TAX_REV,S13,T_5000,_T,PT_B1GQ,A,8.799
2023,COL,TAX_REV,S13,T_5000,_T,PT_B1GQ,A,8.786
1990,CRI,TAX_REV,S13,T_5000,_T,PT_B1GQ,A,10.186
1991,CRI,TAX_REV,S13,T_5000,_T,PT_B1GQ,A,8.219
1992,CRI,TAX_REV,S13,T_5000,_T,PT_B1GQ,A,9.619
1993,CRI,TAX_REV,S13,T_5000,_T,PT_B1GQ,A,8.975
1994,CRI,TAX_REV,S13,T_5000,_T,PT_B1GQ,A,9.191
1995,CRI,TAX_REV,S13,T_5000,_T,PT_B1GQ,A,8.999
1996,CRI,TAX_REV,S13,T_5000,_T,PT_B1GQ,A,9.615
1997,CRI,TAX_REV,S13,T_5000,_T,PT_B1GQ,A,9.704
1998,CRI,TAX_REV,S13,T_5000,_T,PT_B1GQ,A,9.982
1999,CRI,TAX_REV,S13,T_5000,_T,PT_B1GQ,A,9.417
2000,CRI,TAX_REV,S13,T_5000,_T,PT_B1GQ,A,9.873
2001,CRI,TAX_REV,S13,T_5000,_T,PT_B1GQ,A,10.155
2002,CRI,TAX_REV,S13,T_5000,_T,PT_B1GQ,A,9.99
2003,CRI,TAX_REV,S13,T_5000,_T,PT_B1GQ,A,9.873
2004,CRI,TAX_REV,S13,T_5000,_T,PT_B1GQ,A,9.773
2005,CRI,TAX_REV,S13,T_5000,_T,PT_B1GQ,A,9.863
2006,CRI,TAX_REV,S13,T_5000,_T,PT_B1GQ,A,10.256
2007,CRI,TAX_REV,S13,T_5000,_T,PT_B1GQ,A,10.84
2008,CRI,TAX_REV,S13,T_5000,_T,PT_B1GQ,A,10.748
2009,CRI,TAX_REV,S13,T_5000,_T,PT_B1GQ,A,9.128
2010,CRI,TAX_REV,S13,T_5000,_T,PT_B1GQ,A,8.923
2011,CRI,TAX_REV,S13,T_5000,_T,PT_B1GQ,A,9.105
2012,CRI,TAX_REV,S13,T_5000,_T,PT_B1GQ,A,9.053
2013,CRI,TAX_REV,S13,T_5000,_T,PT_B1GQ,A,9.044
2014,CRI,TAX_REV,S13,T_5000,_T,PT_B1GQ,A,8.814
2015,CRI,TAX_REV,S13,T_5000,_T,PT_B1GQ,A,8.822
2016,CRI,TAX_REV,S13,T_5000,_T,PT_B1GQ,A,8.717
2017,CRI,TAX_REV,S13,T_5000,_T,PT_B1GQ,A,8.372
2018,CRI,TAX_REV,S13,T_5000,_T,PT_B1GQ,A,8.104
2019,CRI,TAX_REV,S13,T_5000,_T,PT_B1GQ,A,8.146
2020,CRI,TAX_REV,S13,T_5000,_T,PT_B1GQ,A,7.522
2021,CRI,TAX_REV,S13,T_5000,_T,PT_B1GQ,A,8.651
2022,CRI,TAX_REV,S13,T_5000,_T,PT_B1GQ,A,8.201
2023,CRI,TAX_REV,S13,T_5000,_T,PT_B1GQ,A,8.323
1993,CZE,TAX_REV,S13,T_5000,_T,PT_B1GQ,A,12.153
1994,CZE,TAX_REV,S13,T_5000,_T,PT_B1GQ,A,11.804
1995,CZE,TAX_REV,S13,T_5000,_T,PT_B1GQ,A,11.011
1996,CZE,TAX_REV,S13,T_5000,_T,PT_B1GQ,A,10.829
1997,CZE,TAX_REV,S13,T_5000,_T,PT_B1GQ,A,10.307
1998,CZE,TAX_REV,S13,T_5000,_T,PT_B1GQ,A,9.948
1999,CZE,TAX_REV,S13,T_5000,_T,PT_B1GQ,A,10.528
2000,CZE,TAX_REV,S13,T_5000,_T,PT_B1GQ,A,10.125
2001,CZE,TAX_REV,S13,T_5000,_T,PT_B1GQ,A,9.841
2002,CZE,TAX_REV,S13,T_5000,_T,PT_B1GQ,A,9.831
2003,CZE,TAX_REV,S13,T_5000,_T,PT_B1GQ,A,10.063
2004,CZE,TAX_REV,S13,T_5000,_T,PT_B1GQ,A,10.847
2005,CZE,TAX_REV,S13,T_5000,_T,PT_B1GQ,A,10.842
2006,CZE,TAX_REV,S13,T_5000,_T,PT_B1GQ,A,10.356
2007,CZE,TAX_REV,S13,T_5000,_T,PT_B1GQ,A,10.358
2008,CZE,TAX_REV,S13,T_5000,_T,PT_B1GQ,A,10.659
2009,CZE,TAX_REV,S13,T_5000,_T,PT_B1GQ,A,10.835
2010,CZE,TAX_REV,S13,T_5000,_T,PT_B1GQ,A,10.771
2011,CZE,TAX_REV,S13,T_5000,_T,PT_B1GQ,A,11.221
2012,CZE,TAX_REV,S13,T_5000,_T,PT_B1GQ,A,11.403
2013,CZE,TAX_REV,S13,T_5000,_T,PT_B1GQ,A,11.608
2014,CZE,TAX_REV,S13,T_5000,_T,PT_B1GQ,A,10.891
2015,CZE,TAX_REV,S13,T_5000,_T,PT_B1GQ,A,11.194
2016,CZE,TAX_REV,S13,T_5000,_T,PT_B1GQ,A,11.295
2017,CZE,TAX_REV,S13,T_5000,_T,PT_B1GQ,A,11.344
2018,CZE,TAX_REV,S13,T_5000,_T,PT_B1GQ,A,11.155
2019,CZE,TAX_REV,S13,T_5000,_T,PT_B1GQ,A,10.9
2020,CZE,TAX_REV,S13,T_5000,_T,PT_B1GQ,A,10.567
2021,CZE,TAX_REV,S13,T_5000,_T,PT_B1GQ,A,10.538
2022,CZE,TAX_REV,S13,T_5000,_T,PT_B1GQ,A,10.459
2023,CZE,TAX_REV,S13,T_5000,_T,PT_B1GQ,A,10.351
1990,DNK,TAX_REV,S13,T_5000,_T,PT_B1GQ,A,15.141
1991,DNK,TAX_REV,S13,T_5000,_T,PT_B1GQ,A,15.044
1992,DNK,TAX_REV,S13,T_5000,_T,PT_B1GQ,A,14.816
1993,DNK,TAX_REV,S13,T_5000,_T,PT_B1GQ,A,14.843
1994,DNK,TAX_REV,S13,T_5000,_T,PT_B1GQ,A,15.378
1995,DNK,TAX_REV,S13,T_5000,_T,PT_B1GQ,A,15.165
1996,DNK,TAX_REV,S13,T_5000,_T,PT_B1GQ,A,15.566
1997,DNK,TAX_REV,S13,T_5000,_T,PT_B1GQ,A,15.541
1998,DNK,TAX_REV,S13,T_5000,_T,PT_B1GQ,A,16.364
1999,DNK,TAX_REV,S13,T_5000,_T,PT_B1GQ,A,16.375
2000,DNK,TAX_REV,S13,T_5000,_T,PT_B1GQ,A,15.669
2001,DNK,TAX_REV,S13,T_5000,_T,PT_B1GQ,A,15.611
2002,DNK,TAX_REV,S13,T_5000,_T,PT_B1GQ,A,15.776
2003,DNK,TAX_REV,S13,T_5000,_T,PT_B1GQ,A,15.566
2004,DNK,TAX_REV,S13,T_5000,_T,PT_B1GQ,A,15.764
2005,DNK,TAX_REV,S13,T_5000,_T,PT_B1GQ,A,16.049
2006,DNK,TAX_REV,S13,T_5000,_T,PT_B1GQ,A,15.975
2007,DNK,TAX_REV,S13,T_5000,_T,PT_B1GQ,A,16.333
2008,DNK,TAX_REV,S13,T_5000,_T,PT_B1GQ,A,15.228
2009,DNK,TAX_REV,S13,T_5000,_T,PT_B1GQ,A,15.118
2010,DNK,TAX_REV,S13,T_5000,_T,PT_B1GQ,A,14.941
2011,DNK,TAX_REV,S13,T_5000,_T,PT_B1GQ,A,15.067
2012,DNK,TAX_REV,S13,T_5000,_T,PT_B1GQ,A,15.101
2013,DNK,TAX_REV,S13,T_5000,_T,PT_B1GQ,A,14.759
2014,DNK,TAX_REV,S13,T_5000,_T,PT_B1GQ,A,14.576
2015,DNK,TAX_REV,S13,T_5000,_T,PT_B1GQ,A,14.574
2016,DNK,TAX_REV,S13,T_5000,_T,PT_B1GQ,A,14.729
2017,DNK,TAX_REV,S13,T_5000,_T,PT_B1GQ,A,14.418
2018,DNK,TAX_REV,S13,T_5000,_T,PT_B1GQ,A,14.649
2019,DNK,TAX_REV,S13,T_5000,_T,PT_B1GQ,A,14.194
2020,DNK,TAX_REV,S13,T_5000,_T,PT_B1GQ,A,14.43
2021,DNK,TAX_REV,S13,T_5000,_T,PT_B1GQ,A,13.638
2022,DNK,TAX_REV,S13,T_5000,_T,PT_B1GQ,A,12.752
2023,DNK,TAX_REV,S13,T_5000,_T,PT_B1GQ,A,12.301
1995,EST,TAX_REV,S13,T_5000,_T,PT_B1GQ,A,12.252
1996,EST,TAX_REV,S13,T_5000,_T,PT_B1GQ,A,12.856
1997,EST,TAX_REV,S13,T_5000,_T,PT_B1GQ,A,13.023
1998,EST,TAX_REV,S13,T_5000,_T,PT_B1GQ,A,11.995
1999,EST,TAX_REV,S13,T_5000,_T,PT_B1GQ,A,11.375
2000,EST,TAX_REV,S13,T_5000,_T,PT_B1GQ,A,12.071
2001,EST,TAX_REV,S13,T_5000,_T,PT_B1GQ,A,12.127
2002,EST,TAX_REV,S13,T_5000,_T,PT_B1GQ,A,12.243
2003,EST,TAX_REV,S13,T_5000,_T,PT_B1GQ,A,11.865
2004,EST,TAX_REV,S13,T_5000,_T,PT_B1GQ,A,12.55
2005,EST,TAX_REV,S13,T_5000,_T,PT_B1GQ,A,12.466
2006,EST,TAX_REV,S13,T_5000,_T,PT_B1GQ,A,13.243
2007,EST,TAX_REV,S13,T_5000,_T,PT_B1GQ,A,13.208
2008,EST,TAX_REV,S13,T_5000,_T,PT_B1GQ,A,11.884
2009,EST,TAX_REV,S13,T_5000,_T,PT_B1GQ,A,14.343
2010,EST,TAX_REV,S13,T_5000,_T,PT_B1GQ,A,13.517
2011,EST,TAX_REV,S13,T_5000,_T,PT_B1GQ,A,13.255
2012,EST,TAX_REV,S13,T_5000,_T,PT_B1GQ,A,13.474
2013,EST,TAX_REV,S13,T_5000,_T,PT_B1GQ,A,13.027
2014,EST,TAX_REV,S13,T_5000,_T,PT_B1GQ,A,13.363
2015,EST,TAX_REV,S13,T_5000,_T,PT_B1GQ,A,13.847
2016,EST,TAX_REV,S13,T_5000,_T,PT_B1GQ,A,14.234
2017,EST,TAX_REV,S13,T_5000,_T,PT_B1GQ,A,13.722
2018,EST,TAX_REV,S13,T_5000,_T,PT_B1GQ,A,13.49
2019,EST,TAX_REV,S13,T_5000,_T,PT_B1GQ,A,13.847
2020,EST,TAX_REV,S13,T_5000,_T,PT_B1GQ,A,13.078
2021,EST,TAX_REV,S13,T_5000,_T,PT_B1GQ,A,13.348
2022,EST,TAX_REV,S13,T_5000,_T,PT_B1GQ,A,13.187
2023,EST,TAX_REV,S13,T_5000,_T,PT_B1GQ,A,13.226
1990,FIN,TAX_REV,S13,T_5000,_T,PT_B1GQ,A,13.975
1991,FIN,TAX_REV,S13,T_5000,_T,PT_B1GQ,A,14.138
1992,FIN,TAX_REV,S13,T_5000,_T,PT_B1GQ,A,13.945
1993,FIN,TAX_REV,S13,T_5000,_T,PT_B1GQ,A,13.734
1994,FIN,TAX_REV,S13,T_5000,_T,PT_B1GQ,A,13.938
1995,FIN,TAX_REV,S13,T_5000,_T,PT_B1GQ,A,13.619
1996,FIN,TAX_REV,S13,T_5000,_T,PT_B1GQ,A,13.683
1997,FIN,TAX_REV,S13,T_5000,_T,PT_B1GQ,A,14.213
1998,FIN,TAX_REV,S13,T_5000,_T,PT_B1GQ,A,13.837
1999,FIN,TAX_REV,S13,T_5000,_T,PT_B1GQ,A,13.831
2000,FIN,TAX_REV,S13,T_5000,_T,PT_B1GQ,A,13.354
2001,FIN,TAX_REV,S13,T_5000,_T,PT_B1GQ,A,12.863
2002,FIN,TAX_REV,S13,T_5000,_T,PT_B1GQ,A,13.178
2003,FIN,TAX_REV,S13,T_5000,_T,PT_B1GQ,A,13.622
2004,FIN,TAX_REV,S13,T_5000,_T,PT_B1GQ,A,13.368
2005,FIN,TAX_REV,S13,T_5000,_T,PT_B1GQ,A,13.316
2006,FIN,TAX_REV,S13,T_5000,_T,PT_B1GQ,A,13.266
2007,FIN,TAX_REV,S13,T_5000,_T,PT_B1GQ,A,12.628
2008,FIN,TAX_REV,S13,T_5000,_T,PT_B1GQ,A,12.51
2009,FIN,TAX_REV,S13,T_5000,_T,PT_B1GQ,A,12.969
2010,FIN,TAX_REV,S13,T_5000,_T,PT_B1GQ,A,12.973
2011,FIN,TAX_REV,S13,T_5000,_T,PT_B1GQ,A,13.854
2012,FIN,TAX_REV,S13,T_5000,_T,PT_B1GQ,A,14.112
2013,FIN,TAX_REV,S13,T_5000,_T,PT_B1GQ,A,14.485
2014,FIN,TAX_REV,S13,T_5000,_T,PT_B1GQ,A,14.375
2015,FIN,TAX_REV,S13,T_5000,_T,PT_B1GQ,A,14.142
2016,FIN,TAX_REV,S13,T_5000,_T,PT_B1GQ,A,14.429
2017,FIN,TAX_REV,S13,T_5000,_T,PT_B1GQ,A,14.167
2018,FIN,TAX_REV,S13,T_5000,_T,PT_B1GQ,A,14.312
2019,FIN,TAX_REV,S13,T_5000,_T,PT_B1GQ,A,14.236
2020,FIN,TAX_REV,S13,T_5000,_T,PT_B1GQ,A,14.149
2021,FIN,TAX_REV,S13,T_5000,_T,PT_B1GQ,A,14.01
2022,FIN,TAX_REV,S13,T_5000,_T,PT_B1GQ,A,13.826
2023,FIN,TAX_REV,S13,T_5000,_T,PT_B1GQ,A,13.194
1990,FRA,TAX_REV,S13,T_5000,_T,PT_B1GQ,A,11.804
1991,FRA,TAX_REV,S13,T_5000,_T,PT_B1GQ,A,11.399
1992,FRA,TAX_REV,S13,T_5000,_T,PT_B1GQ,A,11.102
1993,FRA,TAX_REV,S13,T_5000,_T,PT_B1GQ,A,11.276
1994,FRA,TAX_REV,S13,T_5000,_T,PT_B1GQ,A,11.657
1995,FRA,TAX_REV,S13,T_5000,_T,PT_B1GQ,A,12.034
1996,FRA,TAX_REV,S13,T_5000,_T,PT_B1GQ,A,12.434
1997,FRA,TAX_REV,S13,T_5000,_T,PT_B1GQ,A,12.272
1998,FRA,TAX_REV,S13,T_5000,_T,PT_B1GQ,A,12.032
1999,FRA,TAX_REV,S13,T_5000,_T,PT_B1GQ,A,12.046
2000,FRA,TAX_REV,S13,T_5000,_T,PT_B1GQ,A,11.486
2001,FRA,TAX_REV,S13,T_5000,_T,PT_B1GQ,A,11.182
2002,FRA,TAX_REV,S13,T_5000,_T,PT_B1GQ,A,11.194
2003,FRA,TAX_REV,S13,T_5000,_T,PT_B1GQ,A,11.061
2004,FRA,TAX_REV,S13,T_5000,_T,PT_B1GQ,A,11.115
2005,FRA,TAX_REV,S13,T_5000,_T,PT_B1GQ,A,11.157
2006,FRA,TAX_REV,S13,T_5000,_T,PT_B1GQ,A,11.028
2007,FRA,TAX_REV,S13,T_5000,_T,PT_B1GQ,A,10.81
2008,FRA,TAX_REV,S13,T_5000,_T,PT_B1GQ,A,10.661
2009,FRA,TAX_REV,S13,T_5000,_T,PT_B1GQ,A,10.639
2010,FRA,TAX_REV,S13,T_5000,_T,PT_B1GQ,A,11.175
2011,FRA,TAX_REV,S13,T_5000,_T,PT_B1GQ,A,11.442
2012,FRA,TAX_REV,S13,T_5000,_T,PT_B1GQ,A,11.636
2013,FRA,TAX_REV,S13,T_5000,_T,PT_B1GQ,A,11.649
2014,FRA,TAX_REV,S13,T_5000,_T,PT_B1GQ,A,11.756
2015,FRA,TAX_REV,S13,T_5000,_T,PT_B1GQ,A,11.855
2016,FRA,TAX_REV,S13,T_5000,_T,PT_B1GQ,A,12.004
2017,FRA,TAX_REV,S13,T_5000,_T,PT_B1GQ,A,12.22
2018,FRA,TAX_REV,S13,T_5000,_T,PT_B1GQ,A,12.396
2019,FRA,TAX_REV,S13,T_5000,_T,PT_B1GQ,A,12.411
2020,FRA,TAX_REV,S13,T_5000,_T,PT_B1GQ,A,12.211
2021,FRA,TAX_REV,S13,T_5000,_T,PT_B1GQ,A,12.194
2022,FRA,TAX_REV,S13,T_5000,_T,PT_B1GQ,A,11.945
2023,FRA,TAX_REV,S13,T_5000,_T,PT_B1GQ,A,11.267
1990,DEU,TAX_REV,S13,T_5000,_T,PT_B1GQ,A,9.304
1991,DEU,TAX_REV,S13,T_5000,_T,PT_B1GQ,A,9.433
1992,DEU,TAX_REV,S13,T_5000,_T,PT_B1GQ,A,9.687
1993,DEU,TAX_REV,S13,T_5000,_T,PT_B1GQ,A,10.015
1994,DEU,TAX_REV,S13,T_5000,_T,PT_B1GQ,A,10.45
1995,DEU,TAX_REV,S13,T_5000,_T,PT_B1GQ,A,10.16
1996,DEU,TAX_REV,S13,T_5000,_T,PT_B1GQ,A,10.013
1997,DEU,TAX_REV,S13,T_5000,_T,PT_B1GQ,A,9.867
1998,DEU,TAX_REV,S13,T_5000,_T,PT_B1GQ,A,9.869
1999,DEU,TAX_REV,S13,T_5000,_T,PT_B1GQ,A,10.297
2000,DEU,TAX_REV,S13,T_5000,_T,PT_B1GQ,A,10.369
2001,DEU,TAX_REV,S13,T_5000,_T,PT_B1GQ,A,10.239
2002,DEU,TAX_REV,S13,T_5000,_T,PT_B1GQ,A,10.179
2003,DEU,TAX_REV,S13,T_5000,_T,PT_B1GQ,A,10.313
2004,DEU,TAX_REV,S13,T_5000,_T,PT_B1GQ,A,10.55
2005,DEU,TAX_REV,S13,T_5000,_T,PT_B1GQ,A,10.594
2006,DEU,TAX_REV,S13,T_5000,_T,PT_B1GQ,A,10.565
2007,DEU,TAX_REV,S13,T_5000,_T,PT_B1GQ,A,11.04
2008,DEU,TAX_REV,S13,T_5000,_T,PT_B1GQ,A,11.092
2009,DEU,TAX_REV,S13,T_5000,_T,PT_B1GQ,A,11.706
2010,DEU,TAX_REV,S13,T_5000,_T,PT_B1GQ,A,11.175
2011,DEU,TAX_REV,S13,T_5000,_T,PT_B1GQ,A,11.388
2012,DEU,TAX_REV,S13,T_5000,_T,PT_B1GQ,A,11.344
2013,DEU,TAX_REV,S13,T_5000,_T,PT_B1GQ,A,11.405
2014,DEU,TAX_REV,S13,T_5000,_T,PT_B1GQ,A,11.339
2015,DEU,TAX_REV,S13,T_5000,_T,PT_B1GQ,A,11.323
2016,DEU,TAX_REV,S13,T_5000,_T,PT_B1GQ,A,11.201
2017,DEU,TAX_REV,S13,T_5000,_T,PT_B1GQ,A,10.9
2018,DEU,TAX_REV,S13,T_5000,_T,PT_B1GQ,A,11.026
2019,DEU,TAX_REV,S13,T_5000,_T,PT_B1GQ,A,10.997
2020,DEU,TAX_REV,S13,T_5000,_T,PT_B1GQ,A,10.488
2021,DEU,TAX_REV,S13,T_5000,_T,PT_B1GQ,A,10.956
2022,DEU,TAX_REV,S13,T_5000,_T,PT_B1GQ,A,10.843
2023,DEU,TAX_REV,S13,T_5000,_T,PT_B1GQ,A,10.081
1990,GRC,TAX_REV,S13,T_5000,_T,PT_B1GQ,A,11.219
1991,GRC,TAX_REV,S13,T_5000,_T,PT_B1GQ,A,11.707
1992,GRC,TAX_REV,S13,T_5000,_T,PT_B1GQ,A,12.506
1993,GRC,TAX_REV,S13,T_5000,_T,PT_B1GQ,A,12.147
1994,GRC,TAX_REV,S13,T_5000,_T,PT_B1GQ,A,11.608
1995,GRC,TAX_REV,S13,T_5000,_T,PT_B1GQ,A,11.765
1996,GRC,TAX_REV,S13,T_5000,_T,PT_B1GQ,A,11.945
1997,GRC,TAX_REV,S13,T_5000,_T,PT_B1GQ,A,11.937
1998,GRC,TAX_REV,S13,T_5000,_T,PT_B1GQ,A,11.608
1999,GRC,TAX_REV,S13,T_5000,_T,PT_B1GQ,A,11.775
2000,GRC,TAX_REV,S13,T_5000,_T,PT_B1GQ,A,11.777
2001,GRC,TAX_REV,S13,T_5000,_T,PT_B1GQ,A,11.79
2002,GRC,TAX_REV,S13,T_5000,_T,PT_B1GQ,A,12.119
2003,GRC,TAX_REV,S13,T_5000,_T,PT_B1GQ,A,11.328
2004,GRC,TAX_REV,S13,T_5000,_T,PT_B1GQ,A,10.953
2005,GRC,TAX_REV,S13,T_5000,_T,PT_B1GQ,A,11.161
2006,GRC,TAX_REV,S13,T_5000,_T,PT_B1GQ,A,11.316
2007,GRC,TAX_REV,S13,T_5000,_T,PT_B1GQ,A,11.589
2008,GRC,TAX_REV,S13,T_5000,_T,PT_B1GQ,A,11.62
2009,GRC,TAX_REV,S13,T_5000,_T,PT_B1GQ,A,11.073
2010,GRC,TAX_REV,S13,T_5000,_T,PT_B1GQ,A,12.481
2011,GRC,TAX_REV,S13,T_5000,_T,PT_B1GQ,A,13.492
2012,GRC,TAX_REV,S13,T_5000,_T,PT_B1GQ,A,14.23
2013,GRC,TAX_REV,S13,T_5000,_T,PT_B1GQ,A,14.536
2014,GRC,TAX_REV,S13,T_5000,_T,PT_B1GQ,A,14.728
2015,GRC,TAX_REV,S13,T_5000,_T,PT_B1GQ,A,14.941
2016,GRC,TAX_REV,S13,T_5000,_T,PT_B1GQ,A,16.037
2017,GRC,TAX_REV,S13,T_5000,_T,PT_B1GQ,A,16.013
2018,GRC,TAX_REV,S13,T_5000,_T,PT_B1GQ,A,16.136
2019,GRC,TAX_REV,S13,T_5000,_T,PT_B1GQ,A,16.086
2020,GRC,TAX_REV,S13,T_5000,_T,PT_B1GQ,A,15.356
2021,GRC,TAX_REV,S13,T_5000,_T,PT_B1GQ,A,15.866
2022,GRC,TAX_REV,S13,T_5000,_T,PT_B1GQ,A,17.833
2023,GRC,TAX_REV,S13,T_5000,_T,PT_B1GQ,A,15.954
1991,HUN,TAX_REV,S13,T_5000,_T,PT_B1GQ,A,14.801
1992,HUN,TAX_REV,S13,T_5000,_T,PT_B1GQ,A,15.952
1993,HUN,TAX_REV,S13,T_5000,_T,PT_B1GQ,A,16.782
1994,HUN,TAX_REV,S13,T_5000,_T,PT_B1GQ,A,15.839
1995,HUN,TAX_REV,S13,T_5000,_T,PT_B1GQ,A,16.566
1996,HUN,TAX_REV,S13,T_5000,_T,PT_B1GQ,A,16.037
1997,HUN,TAX_REV,S13,T_5000,_T,PT_B1GQ,A,14.837
1998,HUN,TAX_REV,S13,T_5000,_T,PT_B1GQ,A,14.605
1999,HUN,TAX_REV,S13,T_5000,_T,PT_B1GQ,A,15.441
2000,HUN,TAX_REV,S13,T_5000,_T,PT_B1GQ,A,15.622
2001,HUN,TAX_REV,S13,T_5000,_T,PT_B1GQ,A,14.584
2002,HUN,TAX_REV,S13,T_5000,_T,PT_B1GQ,A,14.014
2003,HUN,TAX_REV,S13,T_5000,_T,PT_B1GQ,A,14.624
2004,HUN,TAX_REV,S13,T_5000,_T,PT_B1GQ,A,15.119
2005,HUN,TAX_REV,S13,T_5000,_T,PT_B1GQ,A,14.548
2006,HUN,TAX_REV,S13,T_5000,_T,PT_B1GQ,A,14.049
2007,HUN,TAX_REV,S13,T_5000,_T,PT_B1GQ,A,14.888
2008,HUN,TAX_REV,S13,T_5000,_T,PT_B1GQ,A,14.659
2009,HUN,TAX_REV,S13,T_5000,_T,PT_B1GQ,A,15.417
2010,HUN,TAX_REV,S13,T_5000,_T,PT_B1GQ,A,15.95
2011,HUN,TAX_REV,S13,T_5000,_T,PT_B1GQ,A,15.915
2012,HUN,TAX_REV,S13,T_5000,_T,PT_B1GQ,A,17.057
2013,HUN,TAX_REV,S13,T_5000,_T,PT_B1GQ,A,16.894
2014,HUN,TAX_REV,S13,T_5000,_T,PT_B1GQ,A,16.799
2015,HUN,TAX_REV,S13,T_5000,_T,PT_B1GQ,A,16.978
2016,HUN,TAX_REV,S13,T_5000,_T,PT_B1GQ,A,16.52
2017,HUN,TAX_REV,S13,T_5000,_T,PT_B1GQ,A,16.26
2018,HUN,TAX_REV,S13,T_5000,_T,PT_B1GQ,A,16.477
2019,HUN,TAX_REV,S13,T_5000,_T,PT_B1GQ,A,16.24
2020,HUN,TAX_REV,S13,T_5000,_T,PT_B1GQ,A,16.233
2021,HUN,TAX_REV,S13,T_5000,_T,PT_B1GQ,A,15.923
2022,HUN,TAX_REV,S13,T_5000,_T,PT_B1GQ,A,16.682
2023,HUN,TAX_REV,S13,T_5000,_T,PT_B1GQ,A,15.621
1990,ISL,TAX_REV,S13,T_5000,_T,PT_B1GQ,A,15.634
1991,ISL,TAX_REV,S13,T_5000,_T,PT_B1GQ,A,15.712
1992,ISL,TAX_REV,S13,T_5000,_T,PT_B1GQ,A,15.686
1993,ISL,TAX_REV,S13,T_5000,_T,PT_B1GQ,A,15.243
1994,ISL,TAX_REV,S13,T_5000,_T,PT_B1GQ,A,14.781
1995,ISL,TAX_REV,S13,T_5000,_T,PT_B1GQ,A,14.96
1996,ISL,TAX_REV,S13,T_5000,_T,PT_B1GQ,A,15.373
1997,ISL,TAX_REV,S13,T_5000,_T,PT_B1GQ,A,14.955
1998,ISL,TAX_REV,S13,T_5000,_T,PT_B1GQ,A,15.923
1999,ISL,TAX_REV,S13,T_5000,_T,PT_B1GQ,A,17.023
2000,ISL,TAX_REV,S13,T_5000,_T,PT_B1GQ,A,16.262
2001,ISL,TAX_REV,S13,T_5000,_T,PT_B1GQ,A,14.128
2002,ISL,TAX_REV,S13,T_5000,_T,PT_B1GQ,A,14.131
2003,ISL,TAX_REV,S13,T_5000,_T,PT_B1GQ,A,14.926
2004,ISL,TAX_REV,S13,T_5000,_T,PT_B1GQ,A,16.002
2005,ISL,TAX_REV,S13,T_5000,_T,PT_B1GQ,A,17.361
2006,ISL,TAX_REV,S13,T_5000,_T,PT_B1GQ,A,17.384
2007,ISL,TAX_REV,S13,T_5000,_T,PT_B1GQ,A,16.257
2008,ISL,TAX_REV,S13,T_5000,_T,PT_B1GQ,A,13.06
2009,ISL,TAX_REV,S13,T_5000,_T,PT_B1GQ,A,11.333
2010,ISL,TAX_REV,S13,T_5000,_T,PT_B1GQ,A,11.546
2011,ISL,TAX_REV,S13,T_5000,_T,PT_B1GQ,A,11.633
2012,ISL,TAX_REV,S13,T_5000,_T,PT_B1GQ,A,12.03
2013,ISL,TAX_REV,S13,T_5000,_T,PT_B1GQ,A,11.704
2014,ISL,TAX_REV,S13,T_5000,_T,PT_B1GQ,A,11.666
2015,ISL,TAX_REV,S13,T_5000,_T,PT_B1GQ,A,11.561
2016,ISL,TAX_REV,S13,T_5000,_T,PT_B1GQ,A,11.874
2017,ISL,TAX_REV,S13,T_5000,_T,PT_B1GQ,A,12.625
2018,ISL,TAX_REV,S13,T_5000,_T,PT_B1GQ,A,12.289
2019,ISL,TAX_REV,S13,T_5000,_T,PT_B1GQ,A,11.509
2020,ISL,TAX_REV,S13,T_5000,_T,PT_B1GQ,A,11.47
2021,ISL,TAX_REV,S13,T_5000,_T,PT_B1GQ,A,11.683
2022,ISL,TAX_REV,S13,T_5000,_T,PT_B1GQ,A,11.5
2023,ISL,TAX_REV,S13,T_5000,_T,PT_B1GQ,A,11.596
1990,IRL,TAX_REV,S13,T_5000,_T,PT_B1GQ,A,13.58
1991,IRL,TAX_REV,S13,T_5000,_T,PT_B1GQ,A,13.304
1992,IRL,TAX_REV,S13,T_5000,_T,PT_B1GQ,A,13.268
1993,IRL,TAX_REV,S13,T_5000,_T,PT_B1GQ,A,12.639
1994,IRL,TAX_REV,S13,T_5000,_T,PT_B1GQ,A,13.342
1995,IRL,TAX_REV,S13,T_5000,_T,PT_B1GQ,A,12.84
1996,IRL,TAX_REV,S13,T_5000,_T,PT_B1GQ,A,12.72
1997,IRL,TAX_REV,S13,T_5000,_T,PT_B1GQ,A,12.366
1998,IRL,TAX_REV,S13,T_5000,_T,PT_B1GQ,A,12.22
1999,IRL,TAX_REV,S13,T_5000,_T,PT_B1GQ,A,12.036
2000,IRL,TAX_REV,S13,T_5000,_T,PT_B1GQ,A,11.916
2001,IRL,TAX_REV,S13,T_5000,_T,PT_B1GQ,A,10.726
2002,IRL,TAX_REV,S13,T_5000,_T,PT_B1GQ,A,10.75
2003,IRL,TAX_REV,S13,T_5000,_T,PT_B1GQ,A,10.687
2004,IRL,TAX_REV,S13,T_5000,_T,PT_B1GQ,A,11.012
2005,IRL,TAX_REV,S13,T_5000,_T,PT_B1GQ,A,11.361
2006,IRL,TAX_REV,S13,T_5000,_T,PT_B1GQ,A,11.357
2007,IRL,TAX_REV,S13,T_5000,_T,PT_B1GQ,A,11.205
2008,IRL,TAX_REV,S13,T_5000,_T,PT_B1GQ,A,10.798
2009,IRL,TAX_REV,S13,T_5000,_T,PT_B1GQ,A,9.914
2010,IRL,TAX_REV,S13,T_5000,_T,PT_B1GQ,A,9.925
2011,IRL,TAX_REV,S13,T_5000,_T,PT_B1GQ,A,9.419
2012,IRL,TAX_REV,S13,T_5000,_T,PT_B1GQ,A,9.491
2013,IRL,TAX_REV,S13,T_5000,_T,PT_B1GQ,A,9.455
2014,IRL,TAX_REV,S13,T_5000,_T,PT_B1GQ,A,9.457
2015,IRL,TAX_REV,S13,T_5000,_T,PT_B1GQ,A,7.343
2016,IRL,TAX_REV,S13,T_5000,_T,PT_B1GQ,A,7.598
2017,IRL,TAX_REV,S13,T_5000,_T,PT_B1GQ,A,7.155
2018,IRL,TAX_REV,S13,T_5000,_T,PT_B1GQ,A,6.746
2019,IRL,TAX_REV,S13,T_5000,_T,PT_B1GQ,A,6.627
2020,IRL,TAX_REV,S13,T_5000,_T,PT_B1GQ,A,5.5
2021,IRL,TAX_REV,S13,T_5000,_T,PT_B1GQ,A,5.754
2022,IRL,TAX_REV,S13,T_5000,_T,PT_B1GQ,A,5.355
2023,IRL,TAX_REV,S13,T_5000,_T,PT_B1GQ,A,5.714
1995,ISR,TAX_REV,S13,T_5000,_T,PT_B1GQ,A,12.261
1996,ISR,TAX_REV,S13,T_5000,_T,PT_B1GQ,A,12.34
1997,ISR,TAX_REV,S13,T_5000,_T,PT_B1GQ,A,12.215
1998,ISR,TAX_REV,S13,T_5000,_T,PT_B1GQ,A,11.721
1999,ISR,TAX_REV,S13,T_5000,_T,PT_B1GQ,A,11.794
2000,ISR,TAX_REV,S13,T_5000,_T,PT_B1GQ,A,11.201
2001,ISR,TAX_REV,S13,T_5000,_T,PT_B1GQ,A,11.07
2002,ISR,TAX_REV,S13,T_5000,_T,PT_B1GQ,A,11.713
2003,ISR,TAX_REV,S13,T_5000,_T,PT_B1GQ,A,11.638
2004,ISR,TAX_REV,S13,T_5000,_T,PT_B1GQ,A,11.719
2005,ISR,TAX_REV,S13,T_5000,_T,PT_B1GQ,A,11.589
2006,ISR,TAX_REV,S13,T_5000,_T,PT_B1GQ,A,11.359
2007,ISR,TAX_REV,S13,T_5000,_T,PT_B1GQ,A,11.549
2008,ISR,TAX_REV,S13,T_5000,_T,PT_B1GQ,A,11.51
2009,ISR,TAX_REV,S13,T_5000,_T,PT_B1GQ,A,11.262
2010,ISR,TAX_REV,S13,T_5000,_T,PT_B1GQ,A,11.801
2011,ISR,TAX_REV,S13,T_5000,_T,PT_B1GQ,A,11.707
2012,ISR,TAX_REV,S13,T_5000,_T,PT_B1GQ,A,11.341
2013,ISR,TAX_REV,S13,T_5000,_T,PT_B1GQ,A,11.607
2014,ISR,TAX_REV,S13,T_5000,_T,PT_B1GQ,A,11.938
2015,ISR,TAX_REV,S13,T_5000,_T,PT_B1GQ,A,11.713
2016,ISR,TAX_REV,S13,T_5000,_T,PT_B1GQ,A,11.645
2017,ISR,TAX_REV,S13,T_5000,_T,PT_B1GQ,A,11.095
2018,ISR,TAX_REV,S13,T_5000,_T,PT_B1GQ,A,11.064
2019,ISR,TAX_REV,S13,T_5000,_T,PT_B1GQ,A,10.755
2020,ISR,TAX_REV,S13,T_5000,_T,PT_B1GQ,A,10.451
2021,ISR,TAX_REV,S13,T_5000,_T,PT_B1GQ,A,10.895
2022,ISR,TAX_REV,S13,T_5000,_T,PT_B1GQ,A,10.624
2023,ISR,TAX_REV,S13,T_5000,_T,PT_B1GQ,A,9.635
1990,ITA,TAX_REV,S13,T_5000,_T,PT_B1GQ,A,10.162
1991,ITA,TAX_REV,S13,T_5000,_T,PT_B1GQ,A,10.293
1992,ITA,TAX_REV,S13,T_5000,_T,PT_B1GQ,A,10.564
1993,ITA,TAX_REV,S13,T_5000,_T,PT_B1GQ,A,10.495
1994,ITA,TAX_REV,S13,T_5000,_T,PT_B1GQ,A,10.927
1995,ITA,TAX_REV,S13,T_5000,_T,PT_B1GQ,A,10.494
1996,ITA,TAX_REV,S13,T_5000,_T,PT_B1GQ,A,10.351
1997,ITA,TAX_REV,S13,T_5000,_T,PT_B1GQ,A,10.754
1998,ITA,TAX_REV,S13,T_5000,_T,PT_B1GQ,A,11.086
1999,ITA,TAX_REV,S13,T_5000,_T,PT_B1GQ,A,11.335
2000,ITA,TAX_REV,S13,T_5000,_T,PT_B1GQ,A,11.426
2001,ITA,TAX_REV,S13,T_5000,_T,PT_B1GQ,A,10.88
2002,ITA,TAX_REV,S13,T_5000,_T,PT_B1GQ,A,10.782
2003,ITA,TAX_REV,S13,T_5000,_T,PT_B1GQ,A,10.378
2004,ITA,TAX_REV,S13,T_5000,_T,PT_B1GQ,A,10.47
2005,ITA,TAX_REV,S13,T_5000,_T,PT_B1GQ,A,10.437
2006,ITA,TAX_REV,S13,T_5000,_T,PT_B1GQ,A,10.741
2007,ITA,TAX_REV,S13,T_5000,_T,PT_B1GQ,A,10.643
2008,ITA,TAX_REV,S13,T_5000,_T,PT_B1GQ,A,10.444
2009,ITA,TAX_REV,S13,T_5000,_T,PT_B1GQ,A,10.538
2010,ITA,TAX_REV,S13,T_5000,_T,PT_B1GQ,A,11.101
2011,ITA,TAX_REV,S13,T_5000,_T,PT_B1GQ,A,11.317
2012,ITA,TAX_REV,S13,T_5000,_T,PT_B1GQ,A,11.672
2013,ITA,TAX_REV,S13,T_5000,_T,PT_B1GQ,A,11.608
2014,ITA,TAX_REV,S13,T_5000,_T,PT_B1GQ,A,11.857
2015,ITA,TAX_REV,S13,T_5000,_T,PT_B1GQ,A,11.869
2016,ITA,TAX_REV,S13,T_5000,_T,PT_B1GQ,A,12.094
2017,ITA,TAX_REV,S13,T_5000,_T,PT_B1GQ,A,12.088
2018,ITA,TAX_REV,S13,T_5000,_T,PT_B1GQ,A,11.969
2019,ITA,TAX_REV,S13,T_5000,_T,PT_B1GQ,A,11.956
2020,ITA,TAX_REV,S13,T_5000,_T,PT_B1GQ,A,11.491
2021,ITA,TAX_REV,S13,T_5000,_T,PT_B1GQ,A,12.024
2022,ITA,TAX_REV,S13,T_5000,_T,PT_B1GQ,A,11.843
2023,ITA,TAX_REV,S13,T_5000,_T,PT_B1GQ,A,11.876
1990,JPN,TAX_REV,S13,T_5000,_T,PT_B1GQ,A,3.792
1991,JPN,TAX_REV,S13,T_5000,_T,PT_B1GQ,A,3.817
1992,JPN,TAX_REV,S13,T_5000,_T,PT_B1GQ,A,3.8
1993,JPN,TAX_REV,S13,T_5000,_T,PT_B1GQ,A,3.911
1994,JPN,TAX_REV,S13,T_5000,_T,PT_B1GQ,A,4.036
1995,JPN,TAX_REV,S13,T_5000,_T,PT_B1GQ,A,4.015
1996,JPN,TAX_REV,S13,T_5000,_T,PT_B1GQ,A,4.057
1997,JPN,TAX_REV,S13,T_5000,_T,PT_B1GQ,A,4.435
1998,JPN,TAX_REV,S13,T_5000,_T,PT_B1GQ,A,4.961
1999,JPN,TAX_REV,S13,T_5000,_T,PT_B1GQ,A,5.085
2000,JPN,TAX_REV,S13,T_5000,_T,PT_B1GQ,A,4.878
2001,JPN,TAX_REV,S13,T_5000,_T,PT_B1GQ,A,4.94
2002,JPN,TAX_REV,S13,T_5000,_T,PT_B1GQ,A,4.929
2003,JPN,TAX_REV,S13,T_5000,_T,PT_B1GQ,A,4.901
2004,JPN,TAX_REV,S13,T_5000,_T,PT_B1GQ,A,4.956
2005,JPN,TAX_REV,S13,T_5000,_T,PT_B1GQ,A,5.015
2006,JPN,TAX_REV,S13,T_5000,_T,PT_B1GQ,A,4.961
2007,JPN,TAX_REV,S13,T_5000,_T,PT_B1GQ,A,4.876
2008,JPN,TAX_REV,S13,T_5000,_T,PT_B1GQ,A,4.855
2009,JPN,TAX_REV,S13,T_5000,_T,PT_B1GQ,A,4.899
2010,JPN,TAX_REV,S13,T_5000,_T,PT_B1GQ,A,4.898
2011,JPN,TAX_REV,S13,T_5000,_T,PT_B1GQ,A,4.993
2012,JPN,TAX_REV,S13,T_5000,_T,PT_B1GQ,A,5.017
2013,JPN,TAX_REV,S13,T_5000,_T,PT_B1GQ,A,5.021
2014,JPN,TAX_REV,S13,T_5000,_T,PT_B1GQ,A,5.921
2015,JPN,TAX_REV,S13,T_5000,_T,PT_B1GQ,A,6.341
2016,JPN,TAX_REV,S13,T_5000,_T,PT_B1GQ,A,6.187
2017,JPN,TAX_REV,S13,T_5000,_T,PT_B1GQ,A,6.484
2018,JPN,TAX_REV,S13,T_5000,_T,PT_B1GQ,A,6.154
2019,JPN,TAX_REV,S13,T_5000,_T,PT_B1GQ,A,6.214
2020,JPN,TAX_REV,S13,T_5000,_T,PT_B1GQ,A,6.877
2021,JPN,TAX_REV,S13,T_5000,_T,PT_B1GQ,A,7.031
2022,JPN,TAX_REV,S13,T_5000,_T,PT_B1GQ,A,7.18
2023,JPN,TAX_REV,S13,T_5000,_T,PT_B1GQ,A,6.847
1990,KOR,TAX_REV,S13,T_5000,_T,PT_B1GQ,A,8.226
1991,KOR,TAX_REV,S13,T_5000,_T,PT_B1GQ,A,7.688
1992,KOR,TAX_REV,S13,T_5000,_T,PT_B1GQ,A,7.838
1993,KOR,TAX_REV,S13,T_5000,_T,PT_B1GQ,A,7.623
1994,KOR,TAX_REV,S13,T_5000,_T,PT_B1GQ,A,7.632
1995,KOR,TAX_REV,S13,T_5000,_T,PT_B1GQ,A,7.64
1996,KOR,TAX_REV,S13,T_5000,_T,PT_B1GQ,A,8.069
1997,KOR,TAX_REV,S13,T_5000,_T,PT_B1GQ,A,8.114
1998,KOR,TAX_REV,S13,T_5000,_T,PT_B1GQ,A,7.189
1999,KOR,TAX_REV,S13,T_5000,_T,PT_B1GQ,A,7.741
2000,KOR,TAX_REV,S13,T_5000,_T,PT_B1GQ,A,8.022
2001,KOR,TAX_REV,S13,T_5000,_T,PT_B1GQ,A,8.398
2002,KOR,TAX_REV,S13,T_5000,_T,PT_B1GQ,A,8.254
2003,KOR,TAX_REV,S13,T_5000,_T,PT_B1GQ,A,8.144
2004,KOR,TAX_REV,S13,T_5000,_T,PT_B1GQ,A,7.663
2005,KOR,TAX_REV,S13,T_5000,_T,PT_B1GQ,A,7.42
2006,KOR,TAX_REV,S13,T_5000,_T,PT_B1GQ,A,7.363
2007,KOR,TAX_REV,S13,T_5000,_T,PT_B1GQ,A,7.421
2008,KOR,TAX_REV,S13,T_5000,_T,PT_B1GQ,A,7.459
2009,KOR,TAX_REV,S13,T_5000,_T,PT_B1GQ,A,7.221
2010,KOR,TAX_REV,S13,T_5000,_T,PT_B1GQ,A,7.543
2011,KOR,TAX_REV,S13,T_5000,_T,PT_B1GQ,A,7.239
2012,KOR,TAX_REV,S13,T_5000,_T,PT_B1GQ,A,7.388
2013,KOR,TAX_REV,S13,T_5000,_T,PT_B1GQ,A,7.111
2014,KOR,TAX_REV,S13,T_5000,_T,PT_B1GQ,A,7.003
2015,KOR,TAX_REV,S13,T_5000,_T,PT_B1GQ,A,6.654
2016,KOR,TAX_REV,S13,T_5000,_T,PT_B1GQ,A,6.962
2017,KOR,TAX_REV,S13,T_5000,_T,PT_B1GQ,A,7.031
2018,KOR,TAX_REV,S13,T_5000,_T,PT_B1GQ,A,7.012
2019,KOR,TAX_REV,S13,T_5000,_T,PT_B1GQ,A,7.029
2020,KOR,TAX_REV,S13,T_5000,_T,PT_B1GQ,A,6.768
2021,KOR,TAX_REV,S13,T_5000,_T,PT_B1GQ,A,6.879
2022,KOR,TAX_REV,S13,T_5000,_T,PT_B1GQ,A,7.252
2023,KOR,TAX_REV,S13,T_5000,_T,PT_B1GQ,A,6.533
1995,LVA,TAX_REV,S13,T_5000,_T,PT_B1GQ,A,11.211
1996,LVA,TAX_REV,S13,T_5000,_T,PT_B1GQ,A,11.169
1997,LVA,TAX_REV,S13,T_5000,_T,PT_B1GQ,A,11.706
1998,LVA,TAX_REV,S13,T_5000,_T,PT_B1GQ,A,12.375
1999,LVA,TAX_REV,S13,T_5000,_T,PT_B1GQ,A,11.521
2000,LVA,TAX_REV,S13,T_5000,_T,PT_B1GQ,A,11.213
2001,LVA,TAX_REV,S13,T_5000,_T,PT_B1GQ,A,10.598
2002,LVA,TAX_REV,S13,T_5000,_T,PT_B1GQ,A,10.405
2003,LVA,TAX_REV,S13,T_5000,_T,PT_B1GQ,A,10.917
2004,LVA,TAX_REV,S13,T_5000,_T,PT_B1GQ,A,10.886
2005,LVA,TAX_REV,S13,T_5000,_T,PT_B1GQ,A,11.629
2006,LVA,TAX_REV,S13,T_5000,_T,PT_B1GQ,A,11.88
2007,LVA,TAX_REV,S13,T_5000,_T,PT_B1GQ,A,11.328
2008,LVA,TAX_REV,S13,T_5000,_T,PT_B1GQ,A,10.355
2009,LVA,TAX_REV,S13,T_5000,_T,PT_B1GQ,A,11.326
2010,LVA,TAX_REV,S13,T_5000,_T,PT_B1GQ,A,11.924
2011,LVA,TAX_REV,S13,T_5000,_T,PT_B1GQ,A,12.006
2012,LVA,TAX_REV,S13,T_5000,_T,PT_B1GQ,A,12.103
2013,LVA,TAX_REV,S13,T_5000,_T,PT_B1GQ,A,12.522
2014,LVA,TAX_REV,S13,T_5000,_T,PT_B1GQ,A,12.812
2015,LVA,TAX_REV,S13,T_5000,_T,PT_B1GQ,A,13.043
2016,LVA,TAX_REV,S13,T_5000,_T,PT_B1GQ,A,13.574
2017,LVA,TAX_REV,S13,T_5000,_T,PT_B1GQ,A,13.498
2018,LVA,TAX_REV,S13,T_5000,_T,PT_B1GQ,A,13.939
2019,LVA,TAX_REV,S13,T_5000,_T,PT_B1GQ,A,13.914
2020,LVA,TAX_REV,S13,T_5000,_T,PT_B1GQ,A,13.571
2021,LVA,TAX_REV,S13,T_5000,_T,PT_B1GQ,A,13.394
2022,LVA,TAX_REV,S13,T_5000,_T,PT_B1GQ,A,13.671
2023,LVA,TAX_REV,S13,T_5000,_T,PT_B1GQ,A,13.382
1995,LTU,TAX_REV,S13,T_5000,_T,PT_B1GQ,A,11.799
1996,LTU,TAX_REV,S13,T_5000,_T,PT_B1GQ,A,11.284
1997,LTU,TAX_REV,S13,T_5000,_T,PT_B1GQ,A,13.188
1998,LTU,TAX_REV,S13,T_5000,_T,PT_B1GQ,A,13.435
1999,LTU,TAX_REV,S13,T_5000,_T,PT_B1GQ,A,13.334
2000,LTU,TAX_REV,S13,T_5000,_T,PT_B1GQ,A,12.129
2001,LTU,TAX_REV,S13,T_5000,_T,PT_B1GQ,A,11.756
2002,LTU,TAX_REV,S13,T_5000,_T,PT_B1GQ,A,11.963
2003,LTU,TAX_REV,S13,T_5000,_T,PT_B1GQ,A,11.264
2004,LTU,TAX_REV,S13,T_5000,_T,PT_B1GQ,A,10.94
2005,LTU,TAX_REV,S13,T_5000,_T,PT_B1GQ,A,11.134
2006,LTU,TAX_REV,S13,T_5000,_T,PT_B1GQ,A,11.239
2007,LTU,TAX_REV,S13,T_5000,_T,PT_B1GQ,A,11.644
2008,LTU,TAX_REV,S13,T_5000,_T,PT_B1GQ,A,11.664
2009,LTU,TAX_REV,S13,T_5000,_T,PT_B1GQ,A,11.5
2010,LTU,TAX_REV,S13,T_5000,_T,PT_B1GQ,A,11.716
2011,LTU,TAX_REV,S13,T_5000,_T,PT_B1GQ,A,11.52
2012,LTU,TAX_REV,S13,T_5000,_T,PT_B1GQ,A,11.105
2013,LTU,TAX_REV,S13,T_5000,_T,PT_B1GQ,A,10.931
2014,LTU,TAX_REV,S13,T_5000,_T,PT_B1GQ,A,11.129
2015,LTU,TAX_REV,S13,T_5000,_T,PT_B1GQ,A,11.644
2016,LTU,TAX_REV,S13,T_5000,_T,PT_B1GQ,A,11.651
2017,LTU,TAX_REV,S13,T_5000,_T,PT_B1GQ,A,11.6
2018,LTU,TAX_REV,S13,T_5000,_T,PT_B1GQ,A,11.525
2019,LTU,TAX_REV,S13,T_5000,_T,PT_B1GQ,A,11.54
2020,LTU,TAX_REV,S13,T_5000,_T,PT_B1GQ,A,11.817
2021,LTU,TAX_REV,S13,T_5000,_T,PT_B1GQ,A,11.956
2022,LTU,TAX_REV,S13,T_5000,_T,PT_B1GQ,A,11.546
2023,LTU,TAX_REV,S13,T_5000,_T,PT_B1GQ,A,11.298
1990,LUX,TAX_REV,S13,T_5000,_T,PT_B1GQ,A,8.197
1991,LUX,TAX_REV,S13,T_5000,_T,PT_B1GQ,A,8.017
1992,LUX,TAX_REV,S13,T_5000,_T,PT_B1GQ,A,8.864
1993,LUX,TAX_REV,S13,T_5000,_T,PT_B1GQ,A,9.266
1994,LUX,TAX_REV,S13,T_5000,_T,PT_B1GQ,A,9.705
1995,LUX,TAX_REV,S13,T_5000,_T,PT_B1GQ,A,9.195
1996,LUX,TAX_REV,S13,T_5000,_T,PT_B1GQ,A,9.165
1997,LUX,TAX_REV,S13,T_5000,_T,PT_B1GQ,A,9.439
1998,LUX,TAX_REV,S13,T_5000,_T,PT_B1GQ,A,9.713
1999,LUX,TAX_REV,S13,T_5000,_T,PT_B1GQ,A,9.797
2000,LUX,TAX_REV,S13,T_5000,_T,PT_B1GQ,A,9.832
2001,LUX,TAX_REV,S13,T_5000,_T,PT_B1GQ,A,9.634
2002,LUX,TAX_REV,S13,T_5000,_T,PT_B1GQ,A,9.989
2003,LUX,TAX_REV,S13,T_5000,_T,PT_B1GQ,A,10.232
2004,LUX,TAX_REV,S13,T_5000,_T,PT_B1GQ,A,10.848
2005,LUX,TAX_REV,S13,T_5000,_T,PT_B1GQ,A,10.802
2006,LUX,TAX_REV,S13,T_5000,_T,PT_B1GQ,A,9.757
2007,LUX,TAX_REV,S13,T_5000,_T,PT_B1GQ,A,10.052
2008,LUX,TAX_REV,S13,T_5000,_T,PT_B1GQ,A,9.851
2009,LUX,TAX_REV,S13,T_5000,_T,PT_B1GQ,A,10.189
2010,LUX,TAX_REV,S13,T_5000,_T,PT_B1GQ,A,9.858
2011,LUX,TAX_REV,S13,T_5000,_T,PT_B1GQ,A,10.204
2012,LUX,TAX_REV,S13,T_5000,_T,PT_B1GQ,A,10.403
2013,LUX,TAX_REV,S13,T_5000,_T,PT_B1GQ,A,10.29
2014,LUX,TAX_REV,S13,T_5000,_T,PT_B1GQ,A,10.559
2015,LUX,TAX_REV,S13,T_5000,_T,PT_B1GQ,A,8.363
2016,LUX,TAX_REV,S13,T_5000,_T,PT_B1GQ,A,8.62
2017,LUX,TAX_REV,S13,T_5000,_T,PT_B1GQ,A,8.843
2018,LUX,TAX_REV,S13,T_5000,_T,PT_B1GQ,A,9.065
2019,LUX,TAX_REV,S13,T_5000,_T,PT_B1GQ,A,9.114
2020,LUX,TAX_REV,S13,T_5000,_T,PT_B1GQ,A,8.754
2021,LUX,TAX_REV,S13,T_5000,_T,PT_B1GQ,A,8.912
2022,LUX,TAX_REV,S13,T_5000,_T,PT_B1GQ,A,9.139
2023,LUX,TAX_REV,S13,T_5000,_T,PT_B1GQ,A,9.325
1990,MEX,TAX_REV,S13,T_5000,_T,PT_B1GQ,A,5.063
1991,MEX,TAX_REV,S13,T_5000,_T,PT_B1GQ,A,5.031
1992,MEX,TAX_REV,S13,T_5000,_T,PT_B1GQ,A,4.923
1993,MEX,TAX_REV,S13,T_5000,_T,PT_B1GQ,A,4.196
1994,MEX,TAX_REV,S13,T_5000,_T,PT_B1GQ,A,4.492
1995,MEX,TAX_REV,S13,T_5000,_T,PT_B1GQ,A,3.789
1996,MEX,TAX_REV,S13,T_5000,_T,PT_B1GQ,A,3.726
1997,MEX,TAX_REV,S13,T_5000,_T,PT_B1GQ,A,4.096
1998,MEX,TAX_REV,S13,T_5000,_T,PT_B1GQ,A,4.491
1999,MEX,TAX_REV,S13,T_5000,_T,PT_B1GQ,A,4.94
2000,MEX,TAX_REV,S13,T_5000,_T,PT_B1GQ,A,4.555
2001,MEX,TAX_REV,S13,T_5000,_T,PT_B1GQ,A,4.922
2002,MEX,TAX_REV,S13,T_5000,_T,PT_B1GQ,A,5.152
2003,MEX,TAX_REV,S13,T_5000,_T,PT_B1GQ,A,5.073
2004,MEX,TAX_REV,S13,T_5000,_T,PT_B1GQ,A,4.526
2005,MEX,TAX_REV,S13,T_5000,_T,PT_B1GQ,A,4.19
2006,MEX,TAX_REV,S13,T_5000,_T,PT_B1GQ,A,4.284
2007,MEX,TAX_REV,S13,T_5000,_T,PT_B1GQ,A,4.26
2008,MEX,TAX_REV,S13,T_5000,_T,PT_B1GQ,A,4.636
2009,MEX,TAX_REV,S13,T_5000,_T,PT_B1GQ,A,4.456
2010,MEX,TAX_REV,S13,T_5000,_T,PT_B1GQ,A,4.667
2011,MEX,TAX_REV,S13,T_5000,_T,PT_B1GQ,A,4.464
2012,MEX,TAX_REV,S13,T_5000,_T,PT_B1GQ,A,4.46
2013,MEX,TAX_REV,S13,T_5000,_T,PT_B1GQ,A,4.222
2014,MEX,TAX_REV,S13,T_5000,_T,PT_B1GQ,A,4.853
2015,MEX,TAX_REV,S13,T_5000,_T,PT_B1GQ,A,5.935
2016,MEX,TAX_REV,S13,T_5000,_T,PT_B1GQ,A,6.241
2017,MEX,TAX_REV,S13,T_5000,_T,PT_B1GQ,A,5.693
2018,MEX,TAX_REV,S13,T_5000,_T,PT_B1GQ,A,5.715
2019,MEX,TAX_REV,S13,T_5000,_T,PT_B1GQ,A,5.983
2020,MEX,TAX_REV,S13,T_5000,_T,PT_B1GQ,A,6.412
2021,MEX,TAX_REV,S13,T_5000,_T,PT_B1GQ,A,6.191
2022,MEX,TAX_REV,S13,T_5000,_T,PT_B1GQ,A,5.513
2023,MEX,TAX_REV,S13,T_5000,_T,PT_B1GQ,A,6.24
1990,NLD,TAX_REV,S13,T_5000,_T,PT_B1GQ,A,10.472
1991,NLD,TAX_REV,S13,T_5000,_T,PT_B1GQ,A,10.584
1992,NLD,TAX_REV,S13,T_5000,_T,PT_B1GQ,A,10.658
1993,NLD,TAX_REV,S13,T_5000,_T,PT_B1GQ,A,10.21
1994,NLD,TAX_REV,S13,T_5000,_T,PT_B1GQ,A,10.442
1995,NLD,TAX_REV,S13,T_5000,_T,PT_B1GQ,A,10.617
1996,NLD,TAX_REV,S13,T_5000,_T,PT_B1GQ,A,10.846
1997,NLD,TAX_REV,S13,T_5000,_T,PT_B1GQ,A,10.809
1998,NLD,TAX_REV,S13,T_5000,_T,PT_B1GQ,A,10.781
1999,NLD,TAX_REV,S13,T_5000,_T,PT_B1GQ,A,11.077
2000,NLD,TAX_REV,S13,T_5000,_T,PT_B1GQ,A,10.941
2001,NLD,TAX_REV,S13,T_5000,_T,PT_B1GQ,A,11.184
2002,NLD,TAX_REV,S13,T_5000,_T,PT_B1GQ,A,10.915
2003,NLD,TAX_REV,S13,T_5000,_T,PT_B1GQ,A,11.057
2004,NLD,TAX_REV,S13,T_5000,_T,PT_B1GQ,A,11.207
2005,NLD,TAX_REV,S13,T_5000,_T,PT_B1GQ,A,11.232
2006,NLD,TAX_REV,S13,T_5000,_T,PT_B1GQ,A,11.388
2007,NLD,TAX_REV,S13,T_5000,_T,PT_B1GQ,A,11.254
2008,NLD,TAX_REV,S13,T_5000,_T,PT_B1GQ,A,11.097
2009,NLD,TAX_REV,S13,T_5000,_T,PT_B1GQ,A,10.842
2010,NLD,TAX_REV,S13,T_5000,_T,PT_B1GQ,A,11.176
2011,NLD,TAX_REV,S13,T_5000,_T,PT_B1GQ,A,10.857
2012,NLD,TAX_REV,S13,T_5000,_T,PT_B1GQ,A,10.785
2013,NLD,TAX_REV,S13,T_5000,_T,PT_B1GQ,A,10.942
2014,NLD,TAX_REV,S13,T_5000,_T,PT_B1GQ,A,11.149
2015,NLD,TAX_REV,S13,T_5000,_T,PT_B1GQ,A,11.14
2016,NLD,TAX_REV,S13,T_5000,_T,PT_B1GQ,A,11.478
2017,NLD,TAX_REV,S13,T_5000,_T,PT_B1GQ,A,11.407
2018,NLD,TAX_REV,S13,T_5000,_T,PT_B1GQ,A,11.499
2019,NLD,TAX_REV,S13,T_5000,_T,PT_B1GQ,A,11.808
2020,NLD,TAX_REV,S13,T_5000,_T,PT_B1GQ,A,11.885
2021,NLD,TAX_REV,S13,T_5000,_T,PT_B1GQ,A,11.835
2022,NLD,TAX_REV,S13,T_5000,_T,PT_B1GQ,A,11.475
2023,NLD,TAX_REV,S13,T_5000,_T,PT_B1GQ,A,11.264
1990,NZL,TAX_REV,S13,T_5000,_T,PT_B1GQ,A,12.144
1991,NZL,TAX_REV,S13,T_5000,_T,PT_B1GQ,A,12.145
1992,NZL,TAX_REV,S13,T_5000,_T,PT_B1GQ,A,12.365
1993,NZL,TAX_REV,S13,T_5000,_T,PT_B1GQ,A,12.5
1994,NZL,TAX_REV,S13,T_5000,_T,PT_B1GQ,A,11.945
1995,NZL,TAX_REV,S13,T_5000,_T,PT_B1GQ,A,11.867
1996,NZL,TAX_REV,S13,T_5000,_T,PT_B1GQ,A,11.82
1997,NZL,TAX_REV,S13,T_5000,_T,PT_B1GQ,A,11.802
1998,NZL,TAX_REV,S13,T_5000,_T,PT_B1GQ,A,11.724
1999,NZL,TAX_REV,S13,T_5000,_T,PT_B1GQ,A,11.69
2000,NZL,TAX_REV,S13,T_5000,_T,PT_B1GQ,A,11.286
2001,NZL,TAX_REV,S13,T_5000,_T,PT_B1GQ,A,11.389
2002,NZL,TAX_REV,S13,T_5000,_T,PT_B1GQ,A,11.676
2003,NZL,TAX_REV,S13,T_5000,_T,PT_B1GQ,A,11.696
2004,NZL,TAX_REV,S13,T_5000,_T,PT_B1GQ,A,11.573
2005,NZL,TAX_REV,S13,T_5000,_T,PT_B1GQ,A,11.586
2006,NZL,TAX_REV,S13,T_5000,_T,PT_B1GQ,A,11.529
2007,NZL,TAX_REV,S13,T_5000,_T,PT_B1GQ,A,10.744
2008,NZL,TAX_REV,S13,T_5000,_T,PT_B1GQ,A,11.111
2009,NZL,TAX_REV,S13,T_5000,_T,PT_B1GQ,A,11.064
2010,NZL,TAX_REV,S13,T_5000,_T,PT_B1GQ,A,12.005
2011,NZL,TAX_REV,S13,T_5000,_T,PT_B1GQ,A,12.127
2012,NZL,TAX_REV,S13,T_5000,_T,PT_B1GQ,A,12.274
2013,NZL,TAX_REV,S13,T_5000,_T,PT_B1GQ,A,11.891
2014,NZL,TAX_REV,S13,T_5000,_T,PT_B1GQ,A,12.211
2015,NZL,TAX_REV,S13,T_5000,_T,PT_B1GQ,A,12.263
2016,NZL,TAX_REV,S13,T_5000,_T,PT_B1GQ,A,12.033
2017,NZL,TAX_REV,S13,T_5000,_T,PT_B1GQ,A,12.033
2018,NZL,TAX_REV,S13,T_5000,_T,PT_B1GQ,A,12.18
2019,NZL,TAX_REV,S13,T_5000,_T,PT_B1GQ,A,12.158
2020,NZL,TAX_REV,S13,T_5000,_T,PT_B1GQ,A,12.819
2021,NZL,TAX_REV,S13,T_5000,_T,PT_B1GQ,A,12.399
2022,NZL,TAX_REV,S13,T_5000,_T,PT_B1GQ,A,11.921
2023,NZL,TAX_REV,S13,T_5000,_T,PT_B1GQ,A,12.046
1990,NOR,TAX_REV,S13,T_5000,_T,PT_B1GQ,A,14.502
1991,NOR,TAX_REV,S13,T_5000,_T,PT_B1GQ,A,14.353
1992,NOR,TAX_REV,S13,T_5000,_T,PT_B1GQ,A,14.992
1993,NOR,TAX_REV,S13,T_5000,_T,PT_B1GQ,A,15.047
1994,NOR,TAX_REV,S13,T_5000,_T,PT_B1GQ,A,15.554
1995,NOR,TAX_REV,S13,T_5000,_T,PT_B1GQ,A,14.995
1996,NOR,TAX_REV,S13,T_5000,_T,PT_B1GQ,A,14.677
1997,NOR,TAX_REV,S13,T_5000,_T,PT_B1GQ,A,14.664
1998,NOR,TAX_REV,S13,T_5000,_T,PT_B1GQ,A,15.377
1999,NOR,TAX_REV,S13,T_5000,_T,PT_B1GQ,A,15.179
2000,NOR,TAX_REV,S13,T_5000,_T,PT_B1GQ,A,13.251
2001,NOR,TAX_REV,S13,T_5000,_T,PT_B1GQ,A,13.065
2002,NOR,TAX_REV,S13,T_5000,_T,PT_B1GQ,A,13.185
2003,NOR,TAX_REV,S13,T_5000,_T,PT_B1GQ,A,12.792
2004,NOR,TAX_REV,S13,T_5000,_T,PT_B1GQ,A,12.48
2005,NOR,TAX_REV,S13,T_5000,_T,PT_B1GQ,A,11.908
2006,NOR,TAX_REV,S13,T_5000,_T,PT_B1GQ,A,11.799
2007,NOR,TAX_REV,S13,T_5000,_T,PT_B1GQ,A,12.077
2008,NOR,TAX_REV,S13,T_5000,_T,PT_B1GQ,A,10.81
2009,NOR,TAX_REV,S13,T_5000,_T,PT_B1GQ,A,11.603
2010,NOR,TAX_REV,S13,T_5000,_T,PT_B1GQ,A,11.652
2011,NOR,TAX_REV,S13,T_5000,_T,PT_B1GQ,A,11.187
2012,NOR,TAX_REV,S13,T_5000,_T,PT_B1GQ,A,10.975
2013,NOR,TAX_REV,S13,T_5000,_T,PT_B1GQ,A,11.067
2014,NOR,TAX_REV,S13,T_5000,_T,PT_B1GQ,A,11.225
2015,NOR,TAX_REV,S13,T_5000,_T,PT_B1GQ,A,11.677
2016,NOR,TAX_REV,S13,T_5000,_T,PT_B1GQ,A,12.272
2017,NOR,TAX_REV,S13,T_5000,_T,PT_B1GQ,A,12.019
2018,NOR,TAX_REV,S13,T_5000,_T,PT_B1GQ,A,11.648
2019,NOR,TAX_REV,S13,T_5000,_T,PT_B1GQ,A,11.78
2020,NOR,TAX_REV,S13,T_5000,_T,PT_B1GQ,A,12.251
2021,NOR,TAX_REV,S13,T_5000,_T,PT_B1GQ,A,10.513
2022,NOR,TAX_REV,S13,T_5000,_T,PT_B1GQ,A,8.456
2023,NOR,TAX_REV,S13,T_5000,_T,PT_B1GQ,A,9.598
1991,POL,TAX_REV,S13,T_5000,_T,PT_B1GQ,A,8.738
1992,POL,TAX_REV,S13,T_5000,_T,PT_B1GQ,A,10.316
1993,POL,TAX_REV,S13,T_5000,_T,PT_B1GQ,A,12.93
1994,POL,TAX_REV,S13,T_5000,_T,PT_B1GQ,A,12.832
1995,POL,TAX_REV,S13,T_5000,_T,PT_B1GQ,A,12.99
1996,POL,TAX_REV,S13,T_5000,_T,PT_B1GQ,A,13.192
1997,POL,TAX_REV,S13,T_5000,_T,PT_B1GQ,A,12.719
1998,POL,TAX_REV,S13,T_5000,_T,PT_B1GQ,A,12.04
1999,POL,TAX_REV,S13,T_5000,_T,PT_B1GQ,A,12.439
2000,POL,TAX_REV,S13,T_5000,_T,PT_B1GQ,A,11.607
2001,POL,TAX_REV,S13,T_5000,_T,PT_B1GQ,A,11.515
2002,POL,TAX_REV,S13,T_5000,_T,PT_B1GQ,A,12.163
2003,POL,TAX_REV,S13,T_5000,_T,PT_B1GQ,A,12.2
2004,POL,TAX_REV,S13,T_5000,_T,PT_B1GQ,A,12.172
2005,POL,TAX_REV,S13,T_5000,_T,PT_B1GQ,A,12.636
2006,POL,TAX_REV,S13,T_5000,_T,PT_B1GQ,A,12.899
2007,POL,TAX_REV,S13,T_5000,_T,PT_B1GQ,A,13.194
2008,POL,TAX_REV,S13,T_5000,_T,PT_B1GQ,A,13.331
2009,POL,TAX_REV,S13,T_5000,_T,PT_B1GQ,A,11.851
2010,POL,TAX_REV,S13,T_5000,_T,PT_B1GQ,A,12.746
2011,POL,TAX_REV,S13,T_5000,_T,PT_B1GQ,A,12.845
2012,POL,TAX_REV,S13,T_5000,_T,PT_B1GQ,A,12.043
2013,POL,TAX_REV,S13,T_5000,_T,PT_B1GQ,A,11.887
2014,POL,TAX_REV,S13,T_5000,_T,PT_B1GQ,A,11.929
2015,POL,TAX_REV,S13,T_5000,_T,PT_B1GQ,A,11.908
2016,POL,TAX_REV,S13,T_5000,_T,PT_B1GQ,A,12.447
2017,POL,TAX_REV,S13,T_5000,_T,PT_B1GQ,A,12.806
2018,POL,TAX_REV,S13,T_5000,_T,PT_B1GQ,A,13.039
2019,POL,TAX_REV,S13,T_5000,_T,PT_B1GQ,A,12.853
2020,POL,TAX_REV,S13,T_5000,_T,PT_B1GQ,A,12.877
2021,POL,TAX_REV,S13,T_5000,_T,PT_B1GQ,A,13.899
2022,POL,TAX_REV,S13,T_5000,_T,PT_B1GQ,A,12.557
2023,POL,TAX_REV,S13,T_5000,_T,PT_B1GQ,A,11.021
1990,PRT,TAX_REV,S13,T_5000,_T,PT_B1GQ,A,11.711
1991,PRT,TAX_REV,S13,T_5000,_T,PT_B1GQ,A,11.659
1992,PRT,TAX_REV,S13,T_5000,_T,PT_B1GQ,A,12.712
1993,PRT,TAX_REV,S13,T_5000,_T,PT_B1GQ,A,11.997
1994,PRT,TAX_REV,S13,T_5000,_T,PT_B1GQ,A,12.883
1995,PRT,TAX_REV,S13,T_5000,_T,PT_B1GQ,A,12.863
1996,PRT,TAX_REV,S13,T_5000,_T,PT_B1GQ,A,13.065
1997,PRT,TAX_REV,S13,T_5000,_T,PT_B1GQ,A,12.744
1998,PRT,TAX_REV,S13,T_5000,_T,PT_B1GQ,A,13.085
1999,PRT,TAX_REV,S13,T_5000,_T,PT_B1GQ,A,13.194
2000,PRT,TAX_REV,S13,T_5000,_T,PT_B1GQ,A,12.68
2001,PRT,TAX_REV,S13,T_5000,_T,PT_B1GQ,A,12.727
2002,PRT,TAX_REV,S13,T_5000,_T,PT_B1GQ,A,13.118
2003,PRT,TAX_REV,S13,T_5000,_T,PT_B1GQ,A,13.1
2004,PRT,TAX_REV,S13,T_5000,_T,PT_B1GQ,A,13.047
2005,PRT,TAX_REV,S13,T_5000,_T,PT_B1GQ,A,13.694
2006,PRT,TAX_REV,S13,T_5000,_T,PT_B1GQ,A,13.903
2007,PRT,TAX_REV,S13,T_5000,_T,PT_B1GQ,A,13.388
2008,PRT,TAX_REV,S13,T_5000,_T,PT_B1GQ,A,13.037
2009,PRT,TAX_REV,S13,T_5000,_T,PT_B1GQ,A,11.672
2010,PRT,TAX_REV,S13,T_5000,_T,PT_B1GQ,A,12.381
2011,PRT,TAX_REV,S13,T_5000,_T,PT_B1GQ,A,13.001
2012,PRT,TAX_REV,S13,T_5000,_T,PT_B1GQ,A,13.097
2013,PRT,TAX_REV,S13,T_5000,_T,PT_B1GQ,A,12.878
2014,PRT,TAX_REV,S13,T_5000,_T,PT_B1GQ,A,13.224
2015,PRT,TAX_REV,S13,T_5000,_T,PT_B1GQ,A,13.463
2016,PRT,TAX_REV,S13,T_5000,_T,PT_B1GQ,A,13.681
2017,PRT,TAX_REV,S13,T_5000,_T,PT_B1GQ,A,13.814
2018,PRT,TAX_REV,S13,T_5000,_T,PT_B1GQ,A,13.884
2019,PRT,TAX_REV,S13,T_5000,_T,PT_B1GQ,A,13.852
2020,PRT,TAX_REV,S13,T_5000,_T,PT_B1GQ,A,13.316
2021,PRT,TAX_REV,S13,T_5000,_T,PT_B1GQ,A,13.705
2022,PRT,TAX_REV,S13,T_5000,_T,PT_B1GQ,A,13.782
2023,PRT,TAX_REV,S13,T_5000,_T,PT_B1GQ,A,13.329
1995,SVK,TAX_REV,S13,T_5000,_T,PT_B1GQ,A,14.161
1996,SVK,TAX_REV,S13,T_5000,_T,PT_B1GQ,A,13.536
1997,SVK,TAX_REV,S13,T_5000,_T,PT_B1GQ,A,12.616
1998,SVK,TAX_REV,S13,T_5000,_T,PT_B1GQ,A,12.478
1999,SVK,TAX_REV,S13,T_5000,_T,PT_B1GQ,A,12.037
2000,SVK,TAX_REV,S13,T_5000,_T,PT_B1GQ,A,12.205
2001,SVK,TAX_REV,S13,T_5000,_T,PT_B1GQ,A,11.094
2002,SVK,TAX_REV,S13,T_5000,_T,PT_B1GQ,A,11.294
2003,SVK,TAX_REV,S13,T_5000,_T,PT_B1GQ,A,11.802
2004,SVK,TAX_REV,S13,T_5000,_T,PT_B1GQ,A,12.147
2005,SVK,TAX_REV,S13,T_5000,_T,PT_B1GQ,A,12.487
2006,SVK,TAX_REV,S13,T_5000,_T,PT_B1GQ,A,11.345
2007,SVK,TAX_REV,S13,T_5000,_T,PT_B1GQ,A,11.277
2008,SVK,TAX_REV,S13,T_5000,_T,PT_B1GQ,A,10.681
2009,SVK,TAX_REV,S13,T_5000,_T,PT_B1GQ,A,10.614
2010,SVK,TAX_REV,S13,T_5000,_T,PT_B1GQ,A,10.365
2011,SVK,TAX_REV,S13,T_5000,_T,PT_B1GQ,A,11.229
2012,SVK,TAX_REV,S13,T_5000,_T,PT_B1GQ,A,10.67
2013,SVK,TAX_REV,S13,T_5000,_T,PT_B1GQ,A,11.325
2014,SVK,TAX_REV,S13,T_5000,_T,PT_B1GQ,A,11.544
2015,SVK,TAX_REV,S13,T_5000,_T,PT_B1GQ,A,11.575
2016,SVK,TAX_REV,S13,T_5000,_T,PT_B1GQ,A,11.549
2017,SVK,TAX_REV,S13,T_5000,_T,PT_B1GQ,A,11.975
2018,SVK,TAX_REV,S13,T_5000,_T,PT_B1GQ,A,11.9
2019,SVK,TAX_REV,S13,T_5000,_T,PT_B1GQ,A,12.168
2020,SVK,TAX_REV,S13,T_5000,_T,PT_B1GQ,A,12.09
2021,SVK,TAX_REV,S13,T_5000,_T,PT_B1GQ,A,12.058
2022,SVK,TAX_REV,S13,T_5000,_T,PT_B1GQ,A,12.336
2023,SVK,TAX_REV,S13,T_5000,_T,PT_B1GQ,A,12.35
1995,SVN,TAX_REV,S13,T_5000,_T,PT_B1GQ,A,14.786
1996,SVN,TAX_REV,S13,T_5000,_T,PT_B1GQ,A,14.549
1997,SVN,TAX_REV,S13,T_5000,_T,PT_B1GQ,A,13.563
1998,SVN,TAX_REV,S13,T_5000,_T,PT_B1GQ,A,14.138
1999,SVN,TAX_REV,S13,T_5000,_T,PT_B1GQ,A,14.658
2000,SVN,TAX_REV,S13,T_5000,_T,PT_B1GQ,A,13.804
2001,SVN,TAX_REV,S13,T_5000,_T,PT_B1GQ,A,13.347
2002,SVN,TAX_REV,S13,T_5000,_T,PT_B1GQ,A,13.674
2003,SVN,TAX_REV,S13,T_5000,_T,PT_B1GQ,A,13.744
2004,SVN,TAX_REV,S13,T_5000,_T,PT_B1GQ,A,13.515
2005,SVN,TAX_REV,S13,T_5000,_T,PT_B1GQ,A,13.501
2006,SVN,TAX_REV,S13,T_5000,_T,PT_B1GQ,A,13.243
2007,SVN,TAX_REV,S13,T_5000,_T,PT_B1GQ,A,13.231
2008,SVN,TAX_REV,S13,T_5000,_T,PT_B1GQ,A,13.176
2009,SVN,TAX_REV,S13,T_5000,_T,PT_B1GQ,A,13.414
2010,SVN,TAX_REV,S13,T_5000,_T,PT_B1GQ,A,13.897
2011,SVN,TAX_REV,S13,T_5000,_T,PT_B1GQ,A,13.851
2012,SVN,TAX_REV,S13,T_5000,_T,PT_B1GQ,A,14.239
2013,SVN,TAX_REV,S13,T_5000,_T,PT_B1GQ,A,14.782
2014,SVN,TAX_REV,S13,T_5000,_T,PT_B1GQ,A,14.761
2015,SVN,TAX_REV,S13,T_5000,_T,PT_B1GQ,A,14.685
2016,SVN,TAX_REV,S13,T_5000,_T,PT_B1GQ,A,14.482
2017,SVN,TAX_REV,S13,T_5000,_T,PT_B1GQ,A,14.094
2018,SVN,TAX_REV,S13,T_5000,_T,PT_B1GQ,A,13.857
2019,SVN,TAX_REV,S13,T_5000,_T,PT_B1GQ,A,14.05
2020,SVN,TAX_REV,S13,T_5000,_T,PT_B1GQ,A,12.851
2021,SVN,TAX_REV,S13,T_5000,_T,PT_B1GQ,A,13.334
2022,SVN,TAX_REV,S13,T_5000,_T,PT_B1GQ,A,13.213
2023,SVN,TAX_REV,S13,T_5000,_T,PT_B1GQ,A,12.943
1990,ESP,TAX_REV,S13,T_5000,_T,PT_B1GQ,A,8.956
1991,ESP,TAX_REV,S13,T_5000,_T,PT_B1GQ,A,9.019
1992,ESP,TAX_REV,S13,T_5000,_T,PT_B1GQ,A,9.431
1993,ESP,TAX_REV,S13,T_5000,_T,PT_B1GQ,A,8.697
1994,ESP,TAX_REV,S13,T_5000,_T,PT_B1GQ,A,9.136
1995,ESP,TAX_REV,S13,T_5000,_T,PT_B1GQ,A,9.151
1996,ESP,TAX_REV,S13,T_5000,_T,PT_B1GQ,A,9.209
1997,ESP,TAX_REV,S13,T_5000,_T,PT_B1GQ,A,9.379
1998,ESP,TAX_REV,S13,T_5000,_T,PT_B1GQ,A,10.033
1999,ESP,TAX_REV,S13,T_5000,_T,PT_B1GQ,A,10.283
2000,ESP,TAX_REV,S13,T_5000,_T,PT_B1GQ,A,10.104
2001,ESP,TAX_REV,S13,T_5000,_T,PT_B1GQ,A,9.802
2002,ESP,TAX_REV,S13,T_5000,_T,PT_B1GQ,A,9.613
2003,ESP,TAX_REV,S13,T_5000,_T,PT_B1GQ,A,9.656
2004,ESP,TAX_REV,S13,T_5000,_T,PT_B1GQ,A,9.908
2005,ESP,TAX_REV,S13,T_5000,_T,PT_B1GQ,A,10.113
2006,ESP,TAX_REV,S13,T_5000,_T,PT_B1GQ,A,10.005
2007,ESP,TAX_REV,S13,T_5000,_T,PT_B1GQ,A,9.515
2008,ESP,TAX_REV,S13,T_5000,_T,PT_B1GQ,A,8.126
2009,ESP,TAX_REV,S13,T_5000,_T,PT_B1GQ,A,6.804
2010,ESP,TAX_REV,S13,T_5000,_T,PT_B1GQ,A,8.608
2011,ESP,TAX_REV,S13,T_5000,_T,PT_B1GQ,A,8.443
2012,ESP,TAX_REV,S13,T_5000,_T,PT_B1GQ,A,8.948
2013,ESP,TAX_REV,S13,T_5000,_T,PT_B1GQ,A,9.702
2014,ESP,TAX_REV,S13,T_5000,_T,PT_B1GQ,A,10.015
2015,ESP,TAX_REV,S13,T_5000,_T,PT_B1GQ,A,10.311
2016,ESP,TAX_REV,S13,T_5000,_T,PT_B1GQ,A,10.159
2017,ESP,TAX_REV,S13,T_5000,_T,PT_B1GQ,A,10.152
2018,ESP,TAX_REV,S13,T_5000,_T,PT_B1GQ,A,10.217
2019,ESP,TAX_REV,S13,T_5000,_T,PT_B1GQ,A,10.024
2020,ESP,TAX_REV,S13,T_5000,_T,PT_B1GQ,A,9.857
2021,ESP,TAX_REV,S13,T_5000,_T,PT_B1GQ,A,10.372
2022,ESP,TAX_REV,S13,T_5000,_T,PT_B1GQ,A,10.384
2023,ESP,TAX_REV,S13,T_5000,_T,PT_B1GQ,A,9.999
1990,SWE,TAX_REV,S13,T_5000,_T,PT_B1GQ,A,12.194
1991,SWE,TAX_REV,S13,T_5000,_T,PT_B1GQ,A,12.384
1992,SWE,TAX_REV,S13,T_5000,_T,PT_B1GQ,A,11.53
1993,SWE,TAX_REV,S13,T_5000,_T,PT_B1GQ,A,11.922
1994,SWE,TAX_REV,S13,T_5000,_T,PT_B1GQ,A,11.37
1995,SWE,TAX_REV,S13,T_5000,_T,PT_B1GQ,A,12.693
1996,SWE,TAX_REV,S13,T_5000,_T,PT_B1GQ,A,12.238
1997,SWE,TAX_REV,S13,T_5000,_T,PT_B1GQ,A,12.208
1998,SWE,TAX_REV,S13,T_5000,_T,PT_B1GQ,A,12.05
1999,SWE,TAX_REV,S13,T_5000,_T,PT_B1GQ,A,11.964
2000,SWE,TAX_REV,S13,T_5000,_T,PT_B1GQ,A,12.106
2001,SWE,TAX_REV,S13,T_5000,_T,PT_B1GQ,A,12.037
2002,SWE,TAX_REV,S13,T_5000,_T,PT_B1GQ,A,12.094
2003,SWE,TAX_REV,S13,T_5000,_T,PT_B1GQ,A,12.169
2004,SWE,TAX_REV,S13,T_5000,_T,PT_B1GQ,A,12.018
2005,SWE,TAX_REV,S13,T_5000,_T,PT_B1GQ,A,12.278
2006,SWE,TAX_REV,S13,T_5000,_T,PT_B1GQ,A,12.126
2007,SWE,TAX_REV,S13,T_5000,_T,PT_B1GQ,A,12.108
2008,SWE,TAX_REV,S13,T_5000,_T,PT_B1GQ,A,12.412
2009,SWE,TAX_REV,S13,T_5000,_T,PT_B1GQ,A,12.846
2010,SWE,TAX_REV,S13,T_5000,_T,PT_B1GQ,A,12.824
2011,SWE,TAX_REV,S13,T_5000,_T,PT_B1GQ,A,12.433
2012,SWE,TAX_REV,S13,T_5000,_T,PT_B1GQ,A,12.342
2013,SWE,TAX_REV,S13,T_5000,_T,PT_B1GQ,A,12.262
2014,SWE,TAX_REV,S13,T_5000,_T,PT_B1GQ,A,12.152
2015,SWE,TAX_REV,S13,T_5000,_T,PT_B1GQ,A,12.157
2016,SWE,TAX_REV,S13,T_5000,_T,PT_B1GQ,A,12.502
2017,SWE,TAX_REV,S13,T_5000,_T,PT_B1GQ,A,12.442
2018,SWE,TAX_REV,S13,T_5000,_T,PT_B1GQ,A,12.451
2019,SWE,TAX_REV,S13,T_5000,_T,PT_B1GQ,A,12.123
2020,SWE,TAX_REV,S13,T_5000,_T,PT_B1GQ,A,12.109
2021,SWE,TAX_REV,S13,T_5000,_T,PT_B1GQ,A,11.947
2022,SWE,TAX_REV,S13,T_5000,_T,PT_B1GQ,A,12.233
2023,SWE,TAX_REV,S13,T_5000,_T,PT_B1GQ,A,11.747
1990,CHE,TAX_REV,S13,T_5000,_T,PT_B1GQ,A,4.847
1991,CHE,TAX_REV,S13,T_5000,_T,PT_B1GQ,A,4.791
1992,CHE,TAX_REV,S13,T_5000,_T,PT_B1GQ,A,4.675
1993,CHE,TAX_REV,S13,T_5000,_T,PT_B1GQ,A,4.747
1994,CHE,TAX_REV,S13,T_5000,_T,PT_B1GQ,A,4.721
1995,CHE,TAX_REV,S13,T_5000,_T,PT_B1GQ,A,5.43
1996,CHE,TAX_REV,S13,T_5000,_T,PT_B1GQ,A,5.357
1997,CHE,TAX_REV,S13,T_5000,_T,PT_B1GQ,A,5.331
1998,CHE,TAX_REV,S13,T_5000,_T,PT_B1GQ,A,5.519
1999,CHE,TAX_REV,S13,T_5000,_T,PT_B1GQ,A,5.932
2000,CHE,TAX_REV,S13,T_5000,_T,PT_B1GQ,A,5.999
2001,CHE,TAX_REV,S13,T_5000,_T,PT_B1GQ,A,5.972
2002,CHE,TAX_REV,S13,T_5000,_T,PT_B1GQ,A,5.92
2003,CHE,TAX_REV,S13,T_5000,_T,PT_B1GQ,A,5.997
2004,CHE,TAX_REV,S13,T_5000,_T,PT_B1GQ,A,6.028
2005,CHE,TAX_REV,S13,T_5000,_T,PT_B1GQ,A,5.94
2006,CHE,TAX_REV,S13,T_5000,_T,PT_B1GQ,A,5.822
2007,CHE,TAX_REV,S13,T_5000,_T,PT_B1GQ,A,5.768
2008,CHE,TAX_REV,S13,T_5000,_T,PT_B1GQ,A,5.735
2009,CHE,TAX_REV,S13,T_5000,_T,PT_B1GQ,A,5.748
2010,CHE,TAX_REV,S13,T_5000,_T,PT_B1GQ,A,5.821
2011,CHE,TAX_REV,S13,T_5000,_T,PT_B1GQ,A,5.823
2012,CHE,TAX_REV,S13,T_5000,_T,PT_B1GQ,A,5.863
2013,CHE,TAX_REV,S13,T_5000,_T,PT_B1GQ,A,5.822
2014,CHE,TAX_REV,S13,T_5000,_T,PT_B1GQ,A,5.758
2015,CHE,TAX_REV,S13,T_5000,_T,PT_B1GQ,A,5.742
2016,CHE,TAX_REV,S13,T_5000,_T,PT_B1GQ,A,5.688
2017,CHE,TAX_REV,S13,T_5000,_T,PT_B1GQ,A,5.763
2018,CHE,TAX_REV,S13,T_5000,_T,PT_B1GQ,A,5.568
2019,CHE,TAX_REV,S13,T_5000,_T,PT_B1GQ,A,5.504
2020,CHE,TAX_REV,S13,T_5000,_T,PT_B1GQ,A,5.583
2021,CHE,TAX_REV,S13,T_5000,_T,PT_B1GQ,A,5.489
2022,CHE,TAX_REV,S13,T_5000,_T,PT_B1GQ,A,5.365
2023,CHE,TAX_REV,S13,T_5000,_T,PT_B1GQ,A,5.414
1990,TUR,TAX_REV,S13,T_5000,_T,PT_B1GQ,A,4.059
1991,TUR,TAX_REV,S13,T_5000,_T,PT_B1GQ,A,4.457
1992,TUR,TAX_REV,S13,T_5000,_T,PT_B1GQ,A,4.848
1993,TUR,TAX_REV,S13,T_5000,_T,PT_B1GQ,A,5.234
1994,TUR,TAX_REV,S13,T_5000,_T,PT_B1GQ,A,5.993
1995,TUR,TAX_REV,S13,T_5000,_T,PT_B1GQ,A,6.154
1996,TUR,TAX_REV,S13,T_5000,_T,PT_B1GQ,A,7.066
1997,TUR,TAX_REV,S13,T_5000,_T,PT_B1GQ,A,7.512
1998,TUR,TAX_REV,S13,T_5000,_T,PT_B1GQ,A,7.429
1999,TUR,TAX_REV,S13,T_5000,_T,PT_B1GQ,A,8.085
2000,TUR,TAX_REV,S13,T_5000,_T,PT_B1GQ,A,9.855
2001,TUR,TAX_REV,S13,T_5000,_T,PT_B1GQ,A,10.171
2002,TUR,TAX_REV,S13,T_5000,_T,PT_B1GQ,A,11.177
2003,TUR,TAX_REV,S13,T_5000,_T,PT_B1GQ,A,12.347
2004,TUR,TAX_REV,S13,T_5000,_T,PT_B1GQ,A,11.019
2005,TUR,TAX_REV,S13,T_5000,_T,PT_B1GQ,A,11.408
2006,TUR,TAX_REV,S13,T_5000,_T,PT_B1GQ,A,11.383
2007,TUR,TAX_REV,S13,T_5000,_T,PT_B1GQ,A,10.901
2008,TUR,TAX_REV,S13,T_5000,_T,PT_B1GQ,A,10.439
2009,TUR,TAX_REV,S13,T_5000,_T,PT_B1GQ,A,10.645
2010,TUR,TAX_REV,S13,T_5000,_T,PT_B1GQ,A,11.754
2011,TUR,TAX_REV,S13,T_5000,_T,PT_B1GQ,A,11.627
2012,TUR,TAX_REV,S13,T_5000,_T,PT_B1GQ,A,11.148
2013,TUR,TAX_REV,S13,T_5000,_T,PT_B1GQ,A,11.586
2014,TUR,TAX_REV,S13,T_5000,_T,PT_B1GQ,A,10.786
2015,TUR,TAX_REV,S13,T_5000,_T,PT_B1GQ,A,11.058
2016,TUR,TAX_REV,S13,T_5000,_T,PT_B1GQ,A,10.963
2017,TUR,TAX_REV,S13,T_5000,_T,PT_B1GQ,A,10.73
2018,TUR,TAX_REV,S13,T_5000,_T,PT_B1GQ,A,9.704
2019,TUR,TAX_REV,S13,T_5000,_T,PT_B1GQ,A,9.011
2020,TUR,TAX_REV,S13,T_5000,_T,PT_B1GQ,A,10.246
2021,TUR,TAX_REV,S13,T_5000,_T,PT_B1GQ,A,9.597
2022,TUR,TAX_REV,S13,T_5000,_T,PT_B1GQ,A,9.127
2023,TUR,TAX_REV,S13,T_5000,_T,PT_B1GQ,A,10.692
1990,GBR,TAX_REV,S13,T_5000,_T,PT_B1GQ,A,10.197
1991,GBR,TAX_REV,S13,T_5000,_T,PT_B1GQ,A,10.527
1992,GBR,TAX_REV,S13,T_5000,_T,PT_B1GQ,A,10.725
1993,GBR,TAX_REV,S13,T_5000,_T,PT_B1GQ,A,10.529
1994,GBR,TAX_REV,S13,T_5000,_T,PT_B1GQ,A,10.766
1995,GBR,TAX_REV,S13,T_5000,_T,PT_B1GQ,A,10.333
1996,GBR,TAX_REV,S13,T_5000,_T,PT_B1GQ,A,10.347
1997,GBR,TAX_REV,S13,T_5000,_T,PT_B1GQ,A,10.392
1998,GBR,TAX_REV,S13,T_5000,_T,PT_B1GQ,A,10.535
1999,GBR,TAX_REV,S13,T_5000,_T,PT_B1GQ,A,10.731
2000,GBR,TAX_REV,S13,T_5000,_T,PT_B1GQ,A,10.519
2001,GBR,TAX_REV,S13,T_5000,_T,PT_B1GQ,A,10.304
2002,GBR,TAX_REV,S13,T_5000,_T,PT_B1GQ,A,10.364
2003,GBR,TAX_REV,S13,T_5000,_T,PT_B1GQ,A,10.399
2004,GBR,TAX_REV,S13,T_5000,_T,PT_B1GQ,A,10.369
2005,GBR,TAX_REV,S13,T_5000,_T,PT_B1GQ,A,9.947
2006,GBR,TAX_REV,S13,T_5000,_T,PT_B1GQ,A,9.803
2007,GBR,TAX_REV,S13,T_5000,_T,PT_B1GQ,A,9.795
2008,GBR,TAX_REV,S13,T_5000,_T,PT_B1GQ,A,9.631
2009,GBR,TAX_REV,S13,T_5000,_T,PT_B1GQ,A,9.284
2010,GBR,TAX_REV,S13,T_5000,_T,PT_B1GQ,A,10.169
2011,GBR,TAX_REV,S13,T_5000,_T,PT_B1GQ,A,11.018
2012,GBR,TAX_REV,S13,T_5000,_T,PT_B1GQ,A,10.901
2013,GBR,TAX_REV,S13,T_5000,_T,PT_B1GQ,A,10.858
2014,GBR,TAX_REV,S13,T_5000,_T,PT_B1GQ,A,10.816
2015,GBR,TAX_REV,S13,T_5000,_T,PT_B1GQ,A,10.863
2016,GBR,TAX_REV,S13,T_5000,_T,PT_B1GQ,A,10.814
2017,GBR,TAX_REV,S13,T_5000,_T,PT_B1GQ,A,10.72
2018,GBR,TAX_REV,S13,T_5000,_T,PT_B1GQ,A,10.725
2019,GBR,TAX_REV,S13,T_5000,_T,PT_B1GQ,A,10.688
2020,GBR,TAX_REV,S13,T_5000,_T,PT_B1GQ,A,10.244
2021,GBR,TAX_REV,S13,T_5000,_T,PT_B1GQ,A,10.409
2022,GBR,TAX_REV,S13,T_5000,_T,PT_B1GQ,A,10.828
2023,GBR,TAX_REV,S13,T_5000,_T,PT_B1GQ,A,10.597
1990,USA,TAX_REV,S13,T_5000,_T,PT_B1GQ,A,4.55
1991,USA,TAX_REV,S13,T_5000,_T,PT_B1GQ,A,4.702
1992,USA,TAX_REV,S13,T_5000,_T,PT_B1GQ,A,4.722
1993,USA,TAX_REV,S13,T_5000,_T,PT_B1GQ,A,4.733
1994,USA,TAX_REV,S13,T_5000,_T,PT_B1GQ,A,4.873
1995,USA,TAX_REV,S13,T_5000,_T,PT_B1GQ,A,4.779
1996,USA,TAX_REV,S13,T_5000,_T,PT_B1GQ,A,4.674
1997,USA,TAX_REV,S13,T_5000,_T,PT_B1GQ,A,4.639
1998,USA,TAX_REV,S13,T_5000,_T,PT_B1GQ,A,4.61
1999,USA,TAX_REV,S13,T_5000,_T,PT_B1GQ,A,4.571
2000,USA,TAX_REV,S13,T_5000,_T,PT_B1GQ,A,4.526
2001,USA,TAX_REV,S13,T_5000,_T,PT_B1GQ,A,4.435
2002,USA,TAX_REV,S13,T_5000,_T,PT_B1GQ,A,4.383
2003,USA,TAX_REV,S13,T_5000,_T,PT_B1GQ,A,4.377
2004,USA,TAX_REV,S13,T_5000,_T,PT_B1GQ,A,4.44
2005,USA,TAX_REV,S13,T_5000,_T,PT_B1GQ,A,4.493
2006,USA,TAX_REV,S13,T_5000,_T,PT_B1GQ,A,4.477
2007,USA,TAX_REV,S13,T_5000,_T,PT_B1GQ,A,4.371
2008,USA,TAX_REV,S13,T_5000,_T,PT_B1GQ,A,4.324
2009,USA,TAX_REV,S13,T_5000,_T,PT_B1GQ,A,4.139
2010,USA,TAX_REV,S13,T_5000,_T,PT_B1GQ,A,4.222
2011,USA,TAX_REV,S13,T_5000,_T,PT_B1GQ,A,4.332
2012,USA,TAX_REV,S13,T_5000,_T,PT_B1GQ,A,4.325
2013,USA,TAX_REV,S13,T_5000,_T,PT_B1GQ,A,4.385
2014,USA,TAX_REV,S13,T_5000,_T,PT_B1GQ,A,4.392
2015,USA,TAX_REV,S13,T_5000,_T,PT_B1GQ,A,4.33
2016,USA,TAX_REV,S13,T_5000,_T,PT_B1GQ,A,4.29
2017,USA,TAX_REV,S13,T_5000,_T,PT_B1GQ,A,4.268
2018,USA,TAX_REV,S13,T_5000,_T,PT_B1GQ,A,4.415
2019,USA,TAX_REV,S13,T_5000,_T,PT_B1GQ,A,4.433
2020,USA,TAX_REV,S13,T_5000,_T,PT_B1GQ,A,4.318
2021,USA,TAX_REV,S13,T_5000,_T,PT_B1GQ,A,4.469
2022,USA,TAX_REV,S13,T_5000,_T,PT_B1GQ,A,4.487
2023,USA,TAX_REV,S13,T_5000,_T,PT_B1GQ,A,4.224
1991,ATG,TAX_REV,S13,T_5000,_T,PT_B1GQ,A,11.141
1992,ATG,TAX_REV,S13,T_5000,_T,PT_B1GQ,A,11.241
1993,ATG,TAX_REV,S13,T_5000,_T,PT_B1GQ,A,11.054
1994,ATG,TAX_REV,S13,T_5000,_T,PT_B1GQ,A,11.155
1995,ATG,TAX_REV,S13,T_5000,_T,PT_B1GQ,A,11.594
1996,ATG,TAX_REV,S13,T_5000,_T,PT_B1GQ,A,11.701
1997,ATG,TAX_REV,S13,T_5000,_T,PT_B1GQ,A,11.23
1998,ATG,TAX_REV,S13,T_5000,_T,PT_B1GQ,A,10.915
1999,ATG,TAX_REV,S13,T_5000,_T,PT_B1GQ,A,10.39
2000,ATG,TAX_REV,S13,T_5000,_T,PT_B1GQ,A,8.919
2001,ATG,TAX_REV,S13,T_5000,_T,PT_B1GQ,A,9.776
2002,ATG,TAX_REV,S13,T_5000,_T,PT_B1GQ,A,10.285
2003,ATG,TAX_REV,S13,T_5000,_T,PT_B1GQ,A,10.465
2004,ATG,TAX_REV,S13,T_5000,_T,PT_B1GQ,A,11.566
2005,ATG,TAX_REV,S13,T_5000,_T,PT_B1GQ,A,10.609
2006,ATG,TAX_REV,S13,T_5000,_T,PT_B1GQ,A,10.807
2007,ATG,TAX_REV,S13,T_5000,_T,PT_B1GQ,A,13.202
2008,ATG,TAX_REV,S13,T_5000,_T,PT_B1GQ,A,12.202
2009,ATG,TAX_REV,S13,T_5000,_T,PT_B1GQ,A,11.78
2010,ATG,TAX_REV,S13,T_5000,_T,PT_B1GQ,A,12.409
2011,ATG,TAX_REV,S13,T_5000,_T,PT_B1GQ,A,12.674
2012,ATG,TAX_REV,S13,T_5000,_T,PT_B1GQ,A,13.051
2013,ATG,TAX_REV,S13,T_5000,_T,PT_B1GQ,A,11.882
2014,ATG,TAX_REV,S13,T_5000,_T,PT_B1GQ,A,11.984
2015,ATG,TAX_REV,S13,T_5000,_T,PT_B1GQ,A,12.39
2016,ATG,TAX_REV,S13,T_5000,_T,PT_B1GQ,A,12.58
2017,ATG,TAX_REV,S13,T_5000,_T,PT_B1GQ,A,11.877
2018,ATG,TAX_REV,S13,T_5000,_T,PT_B1GQ,A,12.012
2019,ATG,TAX_REV,S13,T_5000,_T,PT_B1GQ,A,11.183
2020,ATG,TAX_REV,S13,T_5000,_T,PT_B1GQ,A,12.253
2021,ATG,TAX_REV,S13,T_5000,_T,PT_B1GQ,A,11.339
2022,ATG,TAX_REV,S13,T_5000,_T,PT_B1GQ,A,11.604
2023,ATG,TAX_REV,S13,T_5000,_T,PT_B1GQ,A,11.427
1990,ARG,TAX_REV,S13,T_5000,_T,PT_B1GQ,A,7.314
1991,ARG,TAX_REV,S13,T_5000,_T,PT_B1GQ,A,7.762
1992,ARG,TAX_REV,S13,T_5000,_T,PT_B1GQ,A,9.948
1993,ARG,TAX_REV,S13,T_5000,_T,PT_B1GQ,A,10.78
1994,ARG,TAX_REV,S13,T_5000,_T,PT_B1GQ,A,10.628
1995,ARG,TAX_REV,S13,T_5000,_T,PT_B1GQ,A,10.096
1996,ARG,TAX_REV,S13,T_5000,_T,PT_B1GQ,A,10.457
1997,ARG,TAX_REV,S13,T_5000,_T,PT_B1GQ,A,11.052
1998,ARG,TAX_REV,S13,T_5000,_T,PT_B1GQ,A,11.102
1999,ARG,TAX_REV,S13,T_5000,_T,PT_B1GQ,A,10.893
2000,ARG,TAX_REV,S13,T_5000,_T,PT_B1GQ,A,10.87
2001,ARG,TAX_REV,S13,T_5000,_T,PT_B1GQ,A,9.744
2002,ARG,TAX_REV,S13,T_5000,_T,PT_B1GQ,A,9.809
2003,ARG,TAX_REV,S13,T_5000,_T,PT_B1GQ,A,11.6
2004,ARG,TAX_REV,S13,T_5000,_T,PT_B1GQ,A,13.433
2005,ARG,TAX_REV,S13,T_5000,_T,PT_B1GQ,A,13.383
2006,ARG,TAX_REV,S13,T_5000,_T,PT_B1GQ,A,13.605
2007,ARG,TAX_REV,S13,T_5000,_T,PT_B1GQ,A,14.307
2008,ARG,TAX_REV,S13,T_5000,_T,PT_B1GQ,A,15.242
2009,ARG,TAX_REV,S13,T_5000,_T,PT_B1GQ,A,15.093
2010,ARG,TAX_REV,S13,T_5000,_T,PT_B1GQ,A,15.231
2011,ARG,TAX_REV,S13,T_5000,_T,PT_B1GQ,A,15.009
2012,ARG,TAX_REV,S13,T_5000,_T,PT_B1GQ,A,15.456
2013,ARG,TAX_REV,S13,T_5000,_T,PT_B1GQ,A,15.458
2014,ARG,TAX_REV,S13,T_5000,_T,PT_B1GQ,A,15.406
2015,ARG,TAX_REV,S13,T_5000,_T,PT_B1GQ,A,14.935
2016,ARG,TAX_REV,S13,T_5000,_T,PT_B1GQ,A,14.301
2017,ARG,TAX_REV,S13,T_5000,_T,PT_B1GQ,A,14.364
2018,ARG,TAX_REV,S13,T_5000,_T,PT_B1GQ,A,14.377
2019,ARG,TAX_REV,S13,T_5000,_T,PT_B1GQ,A,14.886
2020,ARG,TAX_REV,S13,T_5000,_T,PT_B1GQ,A,15.186
2021,ARG,TAX_REV,S13,T_5000,_T,PT_B1GQ,A,15.607
2022,ARG,TAX_REV,S13,T_5000,_T,PT_B1GQ,A,15.534
2023,ARG,TAX_REV,S13,T_5000,_T,PT_B1GQ,A,15.247
2010,ARM,TAX_REV,S13,T_5000,_T,PT_B1GQ,A,11.399
2011,ARM,TAX_REV,S13,T_5000,_T,PT_B1GQ,A,11.83
2012,ARM,TAX_REV,S13,T_5000,_T,PT_B1GQ,A,11.736
2013,ARM,TAX_REV,S13,T_5000,_T,PT_B1GQ,A,12.267
2014,ARM,TAX_REV,S13,T_5000,_T,PT_B1GQ,A,13.274
2015,ARM,TAX_REV,S13,T_5000,_T,PT_B1GQ,A,12.285
2016,ARM,TAX_REV,S13,T_5000,_T,PT_B1GQ,A,11.677
2017,ARM,TAX_REV,S13,T_5000,_T,PT_B1GQ,A,11.954
2018,ARM,TAX_REV,S13,T_5000,_T,PT_B1GQ,A,12.42
2019,ARM,TAX_REV,S13,T_5000,_T,PT_B1GQ,A,12.75
2020,ARM,TAX_REV,S13,T_5000,_T,PT_B1GQ,A,12.561
2021,ARM,TAX_REV,S13,T_5000,_T,PT_B1GQ,A,13.101
2022,ARM,TAX_REV,S13,T_5000,_T,PT_B1GQ,A,13.024
2023,ARM,TAX_REV,S13,T_5000,_T,PT_B1GQ,A,12.4
2014,AZE,TAX_REV,S13,T_5000,_T,PT_B1GQ,A,7.584
2015,AZE,TAX_REV,S13,T_5000,_T,PT_B1GQ,A,8.712
2016,AZE,TAX_REV,S13,T_5000,_T,PT_B1GQ,A,8.781
2017,AZE,TAX_REV,S13,T_5000,_T,PT_B1GQ,A,7.811
2018,AZE,TAX_REV,S13,T_5000,_T,PT_B1GQ,A,8.067
2019,AZE,TAX_REV,S13,T_5000,_T,PT_B1GQ,A,9.313
2020,AZE,TAX_REV,S13,T_5000,_T,PT_B1GQ,A,9.847
2021,AZE,TAX_REV,S13,T_5000,_T,PT_B1GQ,A,8.558
2022,AZE,TAX_REV,S13,T_5000,_T,PT_B1GQ,A,7.611
2023,AZE,TAX_REV,S13,T_5000,_T,PT_B1GQ,A,9.503
1990,BHS,TAX_REV,S13,T_5000,_T,PT_B1GQ,A,7.389
1991,BHS,TAX_REV,S13,T_5000,_T,PT_B1GQ,A,7.12
1992,BHS,TAX_REV,S13,T_5000,_T,PT_B1GQ,A,7.634
1993,BHS,TAX_REV,S13,T_5000,_T,PT_B1GQ,A,7.392
1994,BHS,TAX_REV,S13,T_5000,_T,PT_B1GQ,A,8.047
1995,BHS,TAX_REV,S13,T_5000,_T,PT_B1GQ,A,7.826
1996,BHS,TAX_REV,S13,T_5000,_T,PT_B1GQ,A,7.615
1997,BHS,TAX_REV,S13,T_5000,_T,PT_B1GQ,A,7.446
1998,BHS,TAX_REV,S13,T_5000,_T,PT_B1GQ,A,7.63
1999,BHS,TAX_REV,S13,T_5000,_T,PT_B1GQ,A,7.331
2000,BHS,TAX_REV,S13,T_5000,_T,PT_B1GQ,A,7.874
2001,BHS,TAX_REV,S13,T_5000,_T,PT_B1GQ,A,7.339
2002,BHS,TAX_REV,S13,T_5000,_T,PT_B1GQ,A,6.649
2003,BHS,TAX_REV,S13,T_5000,_T,PT_B1GQ,A,6.741
2004,BHS,TAX_REV,S13,T_5000,_T,PT_B1GQ,A,6.708
2005,BHS,TAX_REV,S13,T_5000,_T,PT_B1GQ,A,6.598
2006,BHS,TAX_REV,S13,T_5000,_T,PT_B1GQ,A,7.103
2007,BHS,TAX_REV,S13,T_5000,_T,PT_B1GQ,A,7.091
2008,BHS,TAX_REV,S13,T_5000,_T,PT_B1GQ,A,7.346
2009,BHS,TAX_REV,S13,T_5000,_T,PT_B1GQ,A,7.888
2010,BHS,TAX_REV,S13,T_5000,_T,PT_B1GQ,A,7.766
2011,BHS,TAX_REV,S13,T_5000,_T,PT_B1GQ,A,9.199
2012,BHS,TAX_REV,S13,T_5000,_T,PT_B1GQ,A,9.623
2013,BHS,TAX_REV,S13,T_5000,_T,PT_B1GQ,A,8.808
2014,BHS,TAX_REV,S13,T_5000,_T,PT_B1GQ,A,9.073
2015,BHS,TAX_REV,S13,T_5000,_T,PT_B1GQ,A,10.44
2016,BHS,TAX_REV,S13,T_5000,_T,PT_B1GQ,A,12.441
2017,BHS,TAX_REV,S13,T_5000,_T,PT_B1GQ,A,13.305
2018,BHS,TAX_REV,S13,T_5000,_T,PT_B1GQ,A,12.812
2019,BHS,TAX_REV,S13,T_5000,_T,PT_B1GQ,A,14.317
2020,BHS,TAX_REV,S13,T_5000,_T,PT_B1GQ,A,14.735
2021,BHS,TAX_REV,S13,T_5000,_T,PT_B1GQ,A,13.809
2022,BHS,TAX_REV,S13,T_5000,_T,PT_B1GQ,A,15.45
2023,BHS,TAX_REV,S13,T_5000,_T,PT_B1GQ,A,15.667
2000,BGD,TAX_REV,S13,T_5000,_T,PT_B1GQ,A,4.376
2001,BGD,TAX_REV,S13,T_5000,_T,PT_B1GQ,A,4.361
2002,BGD,TAX_REV,S13,T_5000,_T,PT_B1GQ,A,4.653
2003,BGD,TAX_REV,S13,T_5000,_T,PT_B1GQ,A,4.68
2004,BGD,TAX_REV,S13,T_5000,_T,PT_B1GQ,A,4.755
2005,BGD,TAX_REV,S13,T_5000,_T,PT_B1GQ,A,4.645
2006,BGD,TAX_REV,S13,T_5000,_T,PT_B1GQ,A,4.327
2007,BGD,TAX_REV,S13,T_5000,_T,PT_B1GQ,A,4.739
2008,BGD,TAX_REV,S13,T_5000,_T,PT_B1GQ,A,4.578
2009,BGD,TAX_REV,S13,T_5000,_T,PT_B1GQ,A,4.71
2010,BGD,TAX_REV,S13,T_5000,_T,PT_B1GQ,A,5.14
2011,BGD,TAX_REV,S13,T_5000,_T,PT_B1GQ,A,5.254
2012,BGD,TAX_REV,S13,T_5000,_T,PT_B1GQ,A,5.015
2013,BGD,TAX_REV,S13,T_5000,_T,PT_B1GQ,A,4.822
2014,BGD,TAX_REV,S13,T_5000,_T,PT_B1GQ,A,4.859
2015,BGD,TAX_REV,S13,T_5000,_T,PT_B1GQ,A,4.928
2016,BGD,TAX_REV,S13,T_5000,_T,PT_B1GQ,A,5.116
2017,BGD,TAX_REV,S13,T_5000,_T,PT_B1GQ,A,5.349
2018,BGD,TAX_REV,S13,T_5000,_T,PT_B1GQ,A,5.14
2019,BGD,TAX_REV,S13,T_5000,_T,PT_B1GQ,A,4.583
2020,BGD,TAX_REV,S13,T_5000,_T,PT_B1GQ,A,4.922
2021,BGD,TAX_REV,S13,T_5000,_T,PT_B1GQ,A,4.935
2022,BGD,TAX_REV,S13,T_5000,_T,PT_B1GQ,A,4.918
2023,BGD,TAX_REV,S13,T_5000,_T,PT_B1GQ,A,4.743
1990,BRB,TAX_REV,S13,T_5000,_T,PT_B1GQ,A,11.832
1991,BRB,TAX_REV,S13,T_5000,_T,PT_B1GQ,A,11.901
1992,BRB,TAX_REV,S13,T_5000,_T,PT_B1GQ,A,12.106
1993,BRB,TAX_REV,S13,T_5000,_T,PT_B1GQ,A,11.515
1994,BRB,TAX_REV,S13,T_5000,_T,PT_B1GQ,A,10.961
1995,BRB,TAX_REV,S13,T_5000,_T,PT_B1GQ,A,11.39
1996,BRB,TAX_REV,S13,T_5000,_T,PT_B1GQ,A,11.524
1997,BRB,TAX_REV,S13,T_5000,_T,PT_B1GQ,A,15.668
1998,BRB,TAX_REV,S13,T_5000,_T,PT_B1GQ,A,14.562
1999,BRB,TAX_REV,S13,T_5000,_T,PT_B1GQ,A,13.657
2000,BRB,TAX_REV,S13,T_5000,_T,PT_B1GQ,A,13.428
2001,BRB,TAX_REV,S13,T_5000,_T,PT_B1GQ,A,13.697
2002,BRB,TAX_REV,S13,T_5000,_T,PT_B1GQ,A,13.184
2003,BRB,TAX_REV,S13,T_5000,_T,PT_B1GQ,A,14.688
2004,BRB,TAX_REV,S13,T_5000,_T,PT_B1GQ,A,13.595
2005,BRB,TAX_REV,S13,T_5000,_T,PT_B1GQ,A,13.392
2006,BRB,TAX_REV,S13,T_5000,_T,PT_B1GQ,A,11.634
2007,BRB,TAX_REV,S13,T_5000,_T,PT_B1GQ,A,11.921
2008,BRB,TAX_REV,S13,T_5000,_T,PT_B1GQ,A,12.592
2009,BRB,TAX_REV,S13,T_5000,_T,PT_B1GQ,A,11.746
2010,BRB,TAX_REV,S13,T_5000,_T,PT_B1GQ,A,12.318
2011,BRB,TAX_REV,S13,T_5000,_T,PT_B1GQ,A,13.33
2012,BRB,TAX_REV,S13,T_5000,_T,PT_B1GQ,A,12.661
2013,BRB,TAX_REV,S13,T_5000,_T,PT_B1GQ,A,12.483
2014,BRB,TAX_REV,S13,T_5000,_T,PT_B1GQ,A,12.136
2015,BRB,TAX_REV,S13,T_5000,_T,PT_B1GQ,A,13.302
2016,BRB,TAX_REV,S13,T_5000,_T,PT_B1GQ,A,14.386
2017,BRB,TAX_REV,S13,T_5000,_T,PT_B1GQ,A,15.559
2018,BRB,TAX_REV,S13,T_5000,_T,PT_B1GQ,A,15.162
2019,BRB,TAX_REV,S13,T_5000,_T,PT_B1GQ,A,14.631
2020,BRB,TAX_REV,S13,T_5000,_T,PT_B1GQ,A,12.731
2021,BRB,TAX_REV,S13,T_5000,_T,PT_B1GQ,A,13.552
2022,BRB,TAX_REV,S13,T_5000,_T,PT_B1GQ,A,13.678
2023,BRB,TAX_REV,S13,T_5000,_T,PT_B1GQ,A,13.583
1990,BLZ,TAX_REV,S13,T_5000,_T,PT_B1GQ,A,8.864
1991,BLZ,TAX_REV,S13,T_5000,_T,PT_B1GQ,A,8.588
1992,BLZ,TAX_REV,S13,T_5000,_T,PT_B1GQ,A,7.851
1993,BLZ,TAX_REV,S13,T_5000,_T,PT_B1GQ,A,8.073
1994,BLZ,TAX_REV,S13,T_5000,_T,PT_B1GQ,A,8.048
1995,BLZ,TAX_REV,S13,T_5000,_T,PT_B1GQ,A,7.823
1996,BLZ,TAX_REV,S13,T_5000,_T,PT_B1GQ,A,10.954
1997,BLZ,TAX_REV,S13,T_5000,_T,PT_B1GQ,A,11.04
1998,BLZ,TAX_REV,S13,T_5000,_T,PT_B1GQ,A,10.694
1999,BLZ,TAX_REV,S13,T_5000,_T,PT_B1GQ,A,9.303
2000,BLZ,TAX_REV,S13,T_5000,_T,PT_B1GQ,A,9.626
2001,BLZ,TAX_REV,S13,T_5000,_T,PT_B1GQ,A,10.306
2002,BLZ,TAX_REV,S13,T_5000,_T,PT_B1GQ,A,11.183
2003,BLZ,TAX_REV,S13,T_5000,_T,PT_B1GQ,A,11.171
2004,BLZ,TAX_REV,S13,T_5000,_T,PT_B1GQ,A,10.671
2005,BLZ,TAX_REV,S13,T_5000,_T,PT_B1GQ,A,9.824
2006,BLZ,TAX_REV,S13,T_5000,_T,PT_B1GQ,A,10.233
2007,BLZ,TAX_REV,S13,T_5000,_T,PT_B1GQ,A,11.378
2008,BLZ,TAX_REV,S13,T_5000,_T,PT_B1GQ,A,11.046
2009,BLZ,TAX_REV,S13,T_5000,_T,PT_B1GQ,A,11.041
2010,BLZ,TAX_REV,S13,T_5000,_T,PT_B1GQ,A,11.615
2011,BLZ,TAX_REV,S13,T_5000,_T,PT_B1GQ,A,10.992
2012,BLZ,TAX_REV,S13,T_5000,_T,PT_B1GQ,A,11.709
2013,BLZ,TAX_REV,S13,T_5000,_T,PT_B1GQ,A,11.674
2014,BLZ,TAX_REV,S13,T_5000,_T,PT_B1GQ,A,12.797
2015,BLZ,TAX_REV,S13,T_5000,_T,PT_B1GQ,A,13.153
2016,BLZ,TAX_REV,S13,T_5000,_T,PT_B1GQ,A,14.082
2017,BLZ,TAX_REV,S13,T_5000,_T,PT_B1GQ,A,14.747
2018,BLZ,TAX_REV,S13,T_5000,_T,PT_B1GQ,A,15.259
2019,BLZ,TAX_REV,S13,T_5000,_T,PT_B1GQ,A,15.698
2020,BLZ,TAX_REV,S13,T_5000,_T,PT_B1GQ,A,12.916
2021,BLZ,TAX_REV,S13,T_5000,_T,PT_B1GQ,A,14.323
2022,BLZ,TAX_REV,S13,T_5000,_T,PT_B1GQ,A,14.275
2023,BLZ,TAX_REV,S13,T_5000,_T,PT_B1GQ,A,14.64
1990,BTN,TAX_REV,S13,T_5000,_T,PT_B1GQ,A,3.447
1991,BTN,TAX_REV,S13,T_5000,_T,PT_B1GQ,A,3.619
1992,BTN,TAX_REV,S13,T_5000,_T,PT_B1GQ,A,4.485
1993,BTN,TAX_REV,S13,T_5000,_T,PT_B1GQ,A,4.517
1994,BTN,TAX_REV,S13,T_5000,_T,PT_B1GQ,A,3.868
1995,BTN,TAX_REV,S13,T_5000,_T,PT_B1GQ,A,4.402
1996,BTN,TAX_REV,S13,T_5000,_T,PT_B1GQ,A,3.414
1997,BTN,TAX_REV,S13,T_5000,_T,PT_B1GQ,A,4.147
1998,BTN,TAX_REV,S13,T_5000,_T,PT_B1GQ,A,3.555
1999,BTN,TAX_REV,S13,T_5000,_T,PT_B1GQ,A,5.129
2000,BTN,TAX_REV,S13,T_5000,_T,PT_B1GQ,A,3.584
2001,BTN,TAX_REV,S13,T_5000,_T,PT_B1GQ,A,4.31
2002,BTN,TAX_REV,S13,T_5000,_T,PT_B1GQ,A,4.89
2003,BTN,TAX_REV,S13,T_5000,_T,PT_B1GQ,A,3.148
2004,BTN,TAX_REV,S13,T_5000,_T,PT_B1GQ,A,4.732
2005,BTN,TAX_REV,S13,T_5000,_T,PT_B1GQ,A,5.244
2006,BTN,TAX_REV,S13,T_5000,_T,PT_B1GQ,A,4.03
2007,BTN,TAX_REV,S13,T_5000,_T,PT_B1GQ,A,4.4
2008,BTN,TAX_REV,S13,T_5000,_T,PT_B1GQ,A,4.749
2009,BTN,TAX_REV,S13,T_5000,_T,PT_B1GQ,A,4.674
2010,BTN,TAX_REV,S13,T_5000,_T,PT_B1GQ,A,5.04
2011,BTN,TAX_REV,S13,T_5000,_T,PT_B1GQ,A,6.761
2012,BTN,TAX_REV,S13,T_5000,_T,PT_B1GQ,A,6.528
2013,BTN,TAX_REV,S13,T_5000,_T,PT_B1GQ,A,5.289
2014,BTN,TAX_REV,S13,T_5000,_T,PT_B1GQ,A,6.247
2015,BTN,TAX_REV,S13,T_5000,_T,PT_B1GQ,A,6.171
2016,BTN,TAX_REV,S13,T_5000,_T,PT_B1GQ,A,6.535
2017,BTN,TAX_REV,S13,T_5000,_T,PT_B1GQ,A,7.38
2018,BTN,TAX_REV,S13,T_5000,_T,PT_B1GQ,A,6.645
2019,BTN,TAX_REV,S13,T_5000,_T,PT_B1GQ,A,4.574
2020,BTN,TAX_REV,S13,T_5000,_T,PT_B1GQ,A,3.094
2021,BTN,TAX_REV,S13,T_5000,_T,PT_B1GQ,A,3.667
2022,BTN,TAX_REV,S13,T_5000,_T,PT_B1GQ,A,4.98
2023,BTN,TAX_REV,S13,T_5000,_T,PT_B1GQ,A,4.895
1990,BOL,TAX_REV,S13,T_5000,_T,PT_B1GQ,A,5.874
1991,BOL,TAX_REV,S13,T_5000,_T,PT_B1GQ,A,6.239
1992,BOL,TAX_REV,S13,T_5000,_T,PT_B1GQ,A,8.022
1993,BOL,TAX_REV,S13,T_5000,_T,PT_B1GQ,A,8.53
1994,BOL,TAX_REV,S13,T_5000,_T,PT_B1GQ,A,9.578
1995,BOL,TAX_REV,S13,T_5000,_T,PT_B1GQ,A,10.105
1996,BOL,TAX_REV,S13,T_5000,_T,PT_B1GQ,A,9.697
1997,BOL,TAX_REV,S13,T_5000,_T,PT_B1GQ,A,10.339
1998,BOL,TAX_REV,S13,T_5000,_T,PT_B1GQ,A,11.48
1999,BOL,TAX_REV,S13,T_5000,_T,PT_B1GQ,A,10.17
2000,BOL,TAX_REV,S13,T_5000,_T,PT_B1GQ,A,12.817
2001,BOL,TAX_REV,S13,T_5000,_T,PT_B1GQ,A,11.956
2002,BOL,TAX_REV,S13,T_5000,_T,PT_B1GQ,A,12.325
2003,BOL,TAX_REV,S13,T_5000,_T,PT_B1GQ,A,11.689
2004,BOL,TAX_REV,S13,T_5000,_T,PT_B1GQ,A,12.192
2005,BOL,TAX_REV,S13,T_5000,_T,PT_B1GQ,A,13.576
2006,BOL,TAX_REV,S13,T_5000,_T,PT_B1GQ,A,13.061
2007,BOL,TAX_REV,S13,T_5000,_T,PT_B1GQ,A,13.844
2008,BOL,TAX_REV,S13,T_5000,_T,PT_B1GQ,A,14.32
2009,BOL,TAX_REV,S13,T_5000,_T,PT_B1GQ,A,12.976
2010,BOL,TAX_REV,S13,T_5000,_T,PT_B1GQ,A,12.904
2011,BOL,TAX_REV,S13,T_5000,_T,PT_B1GQ,A,14.218
2012,BOL,TAX_REV,S13,T_5000,_T,PT_B1GQ,A,14.205
2013,BOL,TAX_REV,S13,T_5000,_T,PT_B1GQ,A,14.63
2014,BOL,TAX_REV,S13,T_5000,_T,PT_B1GQ,A,14.873
2015,BOL,TAX_REV,S13,T_5000,_T,PT_B1GQ,A,15.243
2016,BOL,TAX_REV,S13,T_5000,_T,PT_B1GQ,A,14.258
2017,BOL,TAX_REV,S13,T_5000,_T,PT_B1GQ,A,13.126
2018,BOL,TAX_REV,S13,T_5000,_T,PT_B1GQ,A,12.65
2019,BOL,TAX_REV,S13,T_5000,_T,PT_B1GQ,A,12.098
2020,BOL,TAX_REV,S13,T_5000,_T,PT_B1GQ,A,10.219
2021,BOL,TAX_REV,S13,T_5000,_T,PT_B1GQ,A,11.529
2022,BOL,TAX_REV,S13,T_5000,_T,PT_B1GQ,A,12.103
2023,BOL,TAX_REV,S13,T_5000,_T,PT_B1GQ,A,12.308
2004,BWA,TAX_REV,S13,T_5000,_T,PT_B1GQ,A,5.128
2005,BWA,TAX_REV,S13,T_5000,_T,PT_B1GQ,A,4.094
2006,BWA,TAX_REV,S13,T_5000,_T,PT_B1GQ,A,4.055
2007,BWA,TAX_REV,S13,T_5000,_T,PT_B1GQ,A,4.569
2008,BWA,TAX_REV,S13,T_5000,_T,PT_B1GQ,A,6.327
2009,BWA,TAX_REV,S13,T_5000,_T,PT_B1GQ,A,5.491
2010,BWA,TAX_REV,S13,T_5000,_T,PT_B1GQ,A,5.435
2011,BWA,TAX_REV,S13,T_5000,_T,PT_B1GQ,A,5.118
2012,BWA,TAX_REV,S13,T_5000,_T,PT_B1GQ,A,5.135
2013,BWA,TAX_REV,S13,T_5000,_T,PT_B1GQ,A,4.339
2014,BWA,TAX_REV,S13,T_5000,_T,PT_B1GQ,A,4.496
2015,BWA,TAX_REV,S13,T_5000,_T,PT_B1GQ,A,4.262
2016,BWA,TAX_REV,S13,T_5000,_T,PT_B1GQ,A,4.425
2017,BWA,TAX_REV,S13,T_5000,_T,PT_B1GQ,A,5.127
2018,BWA,TAX_REV,S13,T_5000,_T,PT_B1GQ,A,4.646
2019,BWA,TAX_REV,S13,T_5000,_T,PT_B1GQ,A,5.04
2020,BWA,TAX_REV,S13,T_5000,_T,PT_B1GQ,A,4.713
2021,BWA,TAX_REV,S13,T_5000,_T,PT_B1GQ,A,5.475
2022,BWA,TAX_REV,S13,T_5000,_T,PT_B1GQ,A,4.845
1990,BRA,TAX_REV,S13,T_5000,_T,PT_B1GQ,A,13.544
1991,BRA,TAX_REV,S13,T_5000,_T,PT_B1GQ,A,11.311
1992,BRA,TAX_REV,S13,T_5000,_T,PT_B1GQ,A,11.447
1993,BRA,TAX_REV,S13,T_5000,_T,PT_B1GQ,A,11.906
1994,BRA,TAX_REV,S13,T_5000,_T,PT_B1GQ,A,14.208
1995,BRA,TAX_REV,S13,T_5000,_T,PT_B1GQ,A,13.02
1996,BRA,TAX_REV,S13,T_5000,_T,PT_B1GQ,A,12.503
1997,BRA,TAX_REV,S13,T_5000,_T,PT_B1GQ,A,12.161
1998,BRA,TAX_REV,S13,T_5000,_T,PT_B1GQ,A,11.775
1999,BRA,TAX_REV,S13,T_5000,_T,PT_B1GQ,A,13.124
2000,BRA,TAX_REV,S13,T_5000,_T,PT_B1GQ,A,14.109
2001,BRA,TAX_REV,S13,T_5000,_T,PT_B1GQ,A,14.633
2002,BRA,TAX_REV,S13,T_5000,_T,PT_B1GQ,A,14.793
2003,BRA,TAX_REV,S13,T_5000,_T,PT_B1GQ,A,14.484
2004,BRA,TAX_REV,S13,T_5000,_T,PT_B1GQ,A,15.21
2005,BRA,TAX_REV,S13,T_5000,_T,PT_B1GQ,A,15.285
2006,BRA,TAX_REV,S13,T_5000,_T,PT_B1GQ,A,15.017
2007,BRA,TAX_REV,S13,T_5000,_T,PT_B1GQ,A,14.954
2008,BRA,TAX_REV,S13,T_5000,_T,PT_B1GQ,A,15.444
2009,BRA,TAX_REV,S13,T_5000,_T,PT_B1GQ,A,14.215
2010,BRA,TAX_REV,S13,T_5000,_T,PT_B1GQ,A,15.016
2011,BRA,TAX_REV,S13,T_5000,_T,PT_B1GQ,A,15.062
2012,BRA,TAX_REV,S13,T_5000,_T,PT_B1GQ,A,14.801
2013,BRA,TAX_REV,S13,T_5000,_T,PT_B1GQ,A,14.782
2014,BRA,TAX_REV,S13,T_5000,_T,PT_B1GQ,A,14.247
2015,BRA,TAX_REV,S13,T_5000,_T,PT_B1GQ,A,14.217
2016,BRA,TAX_REV,S13,T_5000,_T,PT_B1GQ,A,13.801
2017,BRA,TAX_REV,S13,T_5000,_T,PT_B1GQ,A,14.142
2018,BRA,TAX_REV,S13,T_5000,_T,PT_B1GQ,A,14.576
2019,BRA,TAX_REV,S13,T_5000,_T,PT_B1GQ,A,14.197
2020,BRA,TAX_REV,S13,T_5000,_T,PT_B1GQ,A,13.784
2021,BRA,TAX_REV,S13,T_5000,_T,PT_B1GQ,A,14.541
2022,BRA,TAX_REV,S13,T_5000,_T,PT_B1GQ,A,13.515
2023,BRA,TAX_REV,S13,T_5000,_T,PT_B1GQ,A,13.034
1995,BGR,TAX_REV,S13,T_5000,_T,PT_B1GQ,A,8.402
1996,BGR,TAX_REV,S13,T_5000,_T,PT_B1GQ,A,8.944
1997,BGR,TAX_REV,S13,T_5000,_T,PT_B1GQ,A,9.473
1998,BGR,TAX_REV,S13,T_5000,_T,PT_B1GQ,A,12.397
1999,BGR,TAX_REV,S13,T_5000,_T,PT_B1GQ,A,12.655
2000,BGR,TAX_REV,S13,T_5000,_T,PT_B1GQ,A,13.308
2001,BGR,TAX_REV,S13,T_5000,_T,PT_B1GQ,A,12.812
2002,BGR,TAX_REV,S13,T_5000,_T,PT_B1GQ,A,12.01
2003,BGR,TAX_REV,S13,T_5000,_T,PT_B1GQ,A,13.822
2004,BGR,TAX_REV,S13,T_5000,_T,PT_B1GQ,A,15.399
2005,BGR,TAX_REV,S13,T_5000,_T,PT_B1GQ,A,15.806
2006,BGR,TAX_REV,S13,T_5000,_T,PT_B1GQ,A,16.373
2007,BGR,TAX_REV,S13,T_5000,_T,PT_B1GQ,A,16.012
2008,BGR,TAX_REV,S13,T_5000,_T,PT_B1GQ,A,16.847
2009,BGR,TAX_REV,S13,T_5000,_T,PT_B1GQ,A,14.123
2010,BGR,TAX_REV,S13,T_5000,_T,PT_B1GQ,A,13.707
2011,BGR,TAX_REV,S13,T_5000,_T,PT_B1GQ,A,13.763
2012,BGR,TAX_REV,S13,T_5000,_T,PT_B1GQ,A,14.281
1990,OECD_REP,TAX_REV,S13,T_4000,_T,PT_B1GQ,A,1.669
1990,OECD_REP,TAX_REV,S13,T_5000,_T,PT_B1GQ,A,9.884
1990,OECD_REP,TAX_REV,S13,T_1000,_T,PT_B1GQ,A,11.485
1990,OECD_REP,TAX_REV,S13,_T,_T,PT_B1GQ,A,30.852
1990,OECD_REP,TAX_REV,S13,T_2000,_T,PT_B1GQ,A,7.087
1991,OECD_REP,TAX_REV,S13,T_2000,_T,PT_B1GQ,A,7.664
1991,OECD_REP,TAX_REV,S13,_T,_T,PT_B1GQ,A,31.292
1991,OECD_REP,TAX_REV,S13,T_1000,_T,PT_B1GQ,A,11.192
1991,OECD_REP,TAX_REV,S13,T_5000,_T,PT_B1GQ,A,9.961
1991,OECD_REP,TAX_REV,S13,T_4000,_T,PT_B1GQ,A,1.592
1992,OECD_REP,TAX_REV,S13,T_4000,_T,PT_B1GQ,A,1.636
1992,OECD_REP,TAX_REV,S13,T_5000,_T,PT_B1GQ,A,10.239
1992,OECD_REP,TAX_REV,S13,T_1000,_T,PT_B1GQ,A,11.096
1992,OECD_REP,TAX_REV,S13,_T,_T,PT_B1GQ,A,31.602
1992,OECD_REP,TAX_REV,S13,T_2000,_T,PT_B1GQ,A,7.906
1993,OECD_REP,TAX_REV,S13,T_2000,_T,PT_B1GQ,A,8.234
1993,OECD_REP,TAX_REV,S13,_T,_T,PT_B1GQ,A,31.977
1993,OECD_REP,TAX_REV,S13,T_1000,_T,PT_B1GQ,A,11.141
1993,OECD_REP,TAX_REV,S13,T_5000,_T,PT_B1GQ,A,10.325
1993,OECD_REP,TAX_REV,S13,T_4000,_T,PT_B1GQ,A,1.658
1994,OECD_REP,TAX_REV,S13,T_4000,_T,PT_B1GQ,A,1.681
1994,OECD_REP,TAX_REV,S13,T_5000,_T,PT_B1GQ,A,10.475
1994,OECD_REP,TAX_REV,S13,T_1000,_T,PT_B1GQ,A,11.123
1994,OECD_REP,TAX_REV,S13,_T,_T,PT_B1GQ,A,32.006
1994,OECD_REP,TAX_REV,S13,T_2000,_T,PT_B1GQ,A,8.155
1995,OECD_REP,TAX_REV,S13,T_2000,_T,PT_B1GQ,A,8.506
1995,OECD_REP,TAX_REV,S13,_T,_T,PT_B1GQ,A,32.127
1995,OECD_REP,TAX_REV,S13,T_1000,_T,PT_B1GQ,A,10.769
1995,OECD_REP,TAX_REV,S13,T_5000,_T,PT_B1GQ,A,10.755
1995,OECD_REP,TAX_REV,S13,T_4000,_T,PT_B1GQ,A,1.55
1996,OECD_REP,TAX_REV,S13,T_4000,_T,PT_B1GQ,A,1.586
1996,OECD_REP,TAX_REV,S13,T_5000,_T,PT_B1GQ,A,10.835
1996,OECD_REP,TAX_REV,S13,T_1000,_T,PT_B1GQ,A,10.805
1996,OECD_REP,TAX_REV,S13,_T,_T,PT_B1GQ,A,32.338
1996,OECD_REP,TAX_REV,S13,T_2000,_T,PT_B1GQ,A,8.529
1997,OECD_REP,TAX_REV,S13,T_2000,_T,PT_B1GQ,A,8.487
1997,OECD_REP,TAX_REV,S13,_T,_T,PT_B1GQ,A,32.564
1997,OECD_REP,TAX_REV,S13,T_1000,_T,PT_B1GQ,A,10.996
1997,OECD_REP,TAX_REV,S13,T_5000,_T,PT_B1GQ,A,10.821
1997,OECD_REP,TAX_REV,S13,T_4000,_T,PT_B1GQ,A,1.617
1998,OECD_REP,TAX_REV,S13,T_4000,_T,PT_B1GQ,A,1.623
1998,OECD_REP,TAX_REV,S13,T_5000,_T,PT_B1GQ,A,10.867
1998,OECD_REP,TAX_REV,S13,T_1000,_T,PT_B1GQ,A,11.164
1998,OECD_REP,TAX_REV,S13,_T,_T,PT_B1GQ,A,32.705
1998,OECD_REP,TAX_REV,S13,T_2000,_T,PT_B1GQ,A,8.386
1999,OECD_REP,TAX_REV,S13,T_2000,_T,PT_B1GQ,A,8.431
1999,OECD_REP,TAX_REV,S13,_T,_T,PT_B1GQ,A,32.938
1999,OECD_REP,TAX_REV,S13,T_1000,_T,PT_B1GQ,A,11.153
1999,OECD_REP,TAX_REV,S13,T_5000,_T,PT_B1GQ,A,10.96
1999,OECD_REP,TAX_REV,S13,T_4000,_T,PT_B1GQ,A,1.691
2000,OECD_REP,TAX_REV,S13,T_4000,_T,PT_B1GQ,A,1.687
2000,OECD_REP,TAX_REV,S13,T_5000,_T,PT_B1GQ,A,10.81
2000,OECD_REP,TAX_REV,S13,T_1000,_T,PT_B1GQ,A,11.431
2000,OECD_REP,TAX_REV,S13,_T,_T,PT_B1GQ,A,32.911
2000,OECD_REP,TAX_REV,S13,T_2000,_T,PT_B1GQ,A,8.371
2001,OECD_REP,TAX_REV,S13,T_2000,_T,PT_B1GQ,A,8.432
2001,OECD_REP,TAX_REV,S13,_T,_T,PT_B1GQ,A,32.435
2001,OECD_REP,TAX_REV,S13,T_1000,_T,PT_B1GQ,A,11.131
2001,OECD_REP,TAX_REV,S13,T_5000,_T,PT_B1GQ,A,10.595
2001,OECD_REP,TAX_REV,S13,T_4000,_T,PT_B1GQ,A,1.645
2002,OECD_REP,TAX_REV,S13,T_4000,_T,PT_B1GQ,A,1.653
2002,OECD_REP,TAX_REV,S13,T_5000,_T,PT_B1GQ,A,10.701
2002,OECD_REP,TAX_REV,S13,T_1000,_T,PT_B1GQ,A,10.824
2002,OECD_REP,TAX_REV,S13,_T,_T,PT_B1GQ,A,32.252
2002,OECD_REP,TAX_REV,S13,T_2000,_T,PT_B1GQ,A,8.469
2003,OECD_REP,TAX_REV,S13,T_2000,_T,PT_B1GQ,A,8.445
2003,OECD_REP,TAX_REV,S13,_T,_T,PT_B1GQ,A,32.133
2003,OECD_REP,TAX_REV,S13,T_1000,_T,PT_B1GQ,A,10.696
2003,OECD_REP,TAX_REV,S13,T_5000,_T,PT_B1GQ,A,10.733
2003,OECD_REP,TAX_REV,S13,T_4000,_T,PT_B1GQ,A,1.674
2004,OECD_REP,TAX_REV,S13,T_4000,_T,PT_B1GQ,A,1.666
2004,OECD_REP,TAX_REV,S13,T_5000,_T,PT_B1GQ,A,10.741
2004,OECD_REP,TAX_REV,S13,T_1000,_T,PT_B1GQ,A,10.826
2004,OECD_REP,TAX_REV,S13,_T,_T,PT_B1GQ,A,32.141
2004,OECD_REP,TAX_REV,S13,T_2000,_T,PT_B1GQ,A,8.328
2005,OECD_REP,TAX_REV,S13,T_2000,_T,PT_B1GQ,A,8.278
2005,OECD_REP,TAX_REV,S13,_T,_T,PT_B1GQ,A,32.624
2005,OECD_REP,TAX_REV,S13,T_1000,_T,PT_B1GQ,A,11.239
2005,OECD_REP,TAX_REV,S13,T_5000,_T,PT_B1GQ,A,10.813
2005,OECD_REP,TAX_REV,S13,T_4000,_T,PT_B1GQ,A,1.712
2006,OECD_REP,TAX_REV,S13,T_4000,_T,PT_B1GQ,A,1.74
2006,OECD_REP,TAX_REV,S13,T_5000,_T,PT_B1GQ,A,10.715
2006,OECD_REP,TAX_REV,S13,T_1000,_T,PT_B1GQ,A,11.497
2006,OECD_REP,TAX_REV,S13,_T,_T,PT_B1GQ,A,32.756
2006,OECD_REP,TAX_REV,S13,T_2000,_T,PT_B1GQ,A,8.215
2007,OECD_REP,TAX_REV,S13,T_2000,_T,PT_B1GQ,A,8.213
2007,OECD_REP,TAX_REV,S13,_T,_T,PT_B1GQ,A,32.851
2007,OECD_REP,TAX_REV,S13,T_1000,_T,PT_B1GQ,A,11.659
2007,OECD_REP,TAX_REV,S13,T_5000,_T,PT_B1GQ,A,10.669
2007,OECD_REP,TAX_REV,S13,T_4000,_T,PT_B1GQ,A,1.727
2008,OECD_REP,TAX_REV,S13,T_4000,_T,PT_B1GQ,A,1.638
2008,OECD_REP,TAX_REV,S13,T_5000,_T,PT_B1GQ,A,10.369
2008,OECD_REP,TAX_REV,S13,T_1000,_T,PT_B1GQ,A,11.304
2008,OECD_REP,TAX_REV,S13,_T,_T,PT_B1GQ,A,32.241
2008,OECD_REP,TAX_REV,S13,T_2000,_T,PT_B1GQ,A,8.339
2009,OECD_REP,TAX_REV,S13,T_2000,_T,PT_B1GQ,A,8.664
2009,OECD_REP,TAX_REV,S13,_T,_T,PT_B1GQ,A,31.49
2009,OECD_REP,TAX_REV,S13,T_1000,_T,PT_B1GQ,A,10.338
2009,OECD_REP,TAX_REV,S13,T_5000,_T,PT_B1GQ,A,10.257
2009,OECD_REP,TAX_REV,S13,T_4000,_T,PT_B1GQ,A,1.634
2010,OECD_REP,TAX_REV,S13,T_4000,_T,PT_B1GQ,A,1.641
2010,OECD_REP,TAX_REV,S13,T_5000,_T,PT_B1GQ,A,10.536
2010,OECD_REP,TAX_REV,S13,T_1000,_T,PT_B1GQ,A,10.207
2010,OECD_REP,TAX_REV,S13,_T,_T,PT_B1GQ,A,31.53
2010,OECD_REP,TAX_REV,S13,T_2000,_T,PT_B1GQ,A,8.601
2011,OECD_REP,TAX_REV,S13,T_2000,_T,PT_B1GQ,A,8.627
2011,OECD_REP,TAX_REV,S13,_T,_T,PT_B1GQ,A,31.907
2011,OECD_REP,TAX_REV,S13,T_1000,_T,PT_B1GQ,A,10.381
2011,OECD_REP,TAX_REV,S13,T_5000,_T,PT_B1GQ,A,10.635
2011,OECD_REP,TAX_REV,S13,T_4000,_T,PT_B1GQ,A,1.679
2012,OECD_REP,TAX_REV,S13,T_4000,_T,PT_B1GQ,A,1.71
2012,OECD_REP,TAX_REV,S13,T_5000,_T,PT_B1GQ,A,10.709
2012,OECD_REP,TAX_REV,S13,T_1000,_T,PT_B1GQ,A,10.608
2012,OECD_REP,TAX_REV,S13,_T,_T,PT_B1GQ,A,32.345
2012,OECD_REP,TAX_REV,S13,T_2000,_T,PT_B1GQ,A,8.718
2013,OECD_REP,TAX_REV,S13,T_2000,_T,PT_B1GQ,A,8.788
2013,OECD_REP,TAX_REV,S13,_T,_T,PT_B1GQ,A,32.613
2013,OECD_REP,TAX_REV,S13,T_1000,_T,PT_B1GQ,A,10.713
2013,OECD_REP,TAX_REV,S13,T_5000,_T,PT_B1GQ,A,10.729
2013,OECD_REP,TAX_REV,S13,T_4000,_T,PT_B1GQ,A,1.767
2014,OECD_REP,TAX_REV,S13,T_4000,_T,PT_B1GQ,A,1.804
2014,OECD_REP,TAX_REV,S13,T_5000,_T,PT_B1GQ,A,10.791
2014,OECD_REP,TAX_REV,S13,T_1000,_T,PT_B1GQ,A,10.829
2014,OECD_REP,TAX_REV,S13,_T,_T,PT_B1GQ,A,32.831
2014,OECD_REP,TAX_REV,S13,T_2000,_T,PT_B1GQ,A,8.76
2015,OECD_REP,TAX_REV,S13,T_2000,_T,PT_B1GQ,A,8.765
2015,OECD_REP,TAX_REV,S13,_T,_T,PT_B1GQ,A,32.892
2015,OECD_REP,TAX_REV,S13,T_1000,_T,PT_B1GQ,A,10.874
2015,OECD_REP,TAX_REV,S13,T_5000,_T,PT_B1GQ,A,10.804
2015,OECD_REP,TAX_REV,S13,T_4000,_T,PT_B1GQ,A,1.828
2016,OECD_REP,TAX_REV,S13,T_4000,_T,PT_B1GQ,A,2.239
2016,OECD_REP,TAX_REV,S13,T_5000,_T,PT_B1GQ,A,10.913
2016,OECD_REP,TAX_REV,S13,T_1000,_T,PT_B1GQ,A,10.918
2016,OECD_REP,TAX_REV,S13,_T,_T,PT_B1GQ,A,33.538
2016,OECD_REP,TAX_REV,S13,T_2000,_T,PT_B1GQ,A,8.88
2017,OECD_REP,TAX_REV,S13,T_2000,_T,PT_B1GQ,A,8.84
2017,OECD_REP,TAX_REV,S13,_T,_T,PT_B1GQ,A,33.302
2017,OECD_REP,TAX_REV,S13,T_1000,_T,PT_B1GQ,A,11.13
2017,OECD_REP,TAX_REV,S13,T_5000,_T,PT_B1GQ,A,10.873
2017,OECD_REP,TAX_REV,S13,T_4000,_T,PT_B1GQ,A,1.864
2018,OECD_REP,TAX_REV,S13,T_4000,_T,PT_B1GQ,A,1.807
2018,OECD_REP,TAX_REV,S13,T_5000,_T,PT_B1GQ,A,10.833
2018,OECD_REP,TAX_REV,S13,T_1000,_T,PT_B1GQ,A,11.284
2018,OECD_REP,TAX_REV,S13,_T,_T,PT_B1GQ,A,33.453
2018,OECD_REP,TAX_REV,S13,T_2000,_T,PT_B1GQ,A,8.927
2019,OECD_REP,TAX_REV,S13,T_2000,_T,PT_B1GQ,A,8.902
2019,OECD_REP,TAX_REV,S13,_T,_T,PT_B1GQ,A,33.366
2019,OECD_REP,TAX_REV,S13,T_1000,_T,PT_B1GQ,A,11.267
2019,OECD_REP,TAX_REV,S13,T_5000,_T,PT_B1GQ,A,10.765
2019,OECD_REP,TAX_REV,S13,T_4000,_T,PT_B1GQ,A,1.807
2020,OECD_REP,TAX_REV,S13,T_4000,_T,PT_B1GQ,A,1.854
2020,OECD_REP,TAX_REV,S13,T_5000,_T,PT_B1GQ,A,10.592
2020,OECD_REP,TAX_REV,S13,T_1000,_T,PT_B1GQ,A,11.287
2020,OECD_REP,TAX_REV,S13,_T,_T,PT_B1GQ,A,33.509
2020,OECD_REP,TAX_REV,S13,T_2000,_T,PT_B1GQ,A,9.159
2021,OECD_REP,TAX_REV,S13,T_2000,_T,PT_B1GQ,A,8.975
2021,OECD_REP,TAX_REV,S13,_T,_T,PT_B1GQ,A,34.079
2021,OECD_REP,TAX_REV,S13,T_1000,_T,PT_B1GQ,A,11.919
2021,OECD_REP,TAX_REV,S13,T_5000,_T,PT_B1GQ,A,10.695
2021,OECD_REP,TAX_REV,S13,T_4000,_T,PT_B1GQ,A,1.89
2022,OECD_REP,TAX_REV,S13,T_4000,_T,PT_B1GQ,A,1.782
2022,OECD_REP,TAX_REV,S13,T_5000,_T,PT_B1GQ,A,10.58
2022,OECD_REP,TAX_REV,S13,T_1000,_T,PT_B1GQ,A,12.319
2022,OECD_REP,TAX_REV,S13,_T,_T,PT_B1GQ,A,34.035
2022,OECD_REP,TAX_REV,S13,T_2000,_T,PT_B1GQ,A,8.726
2023,OECD_REP,TAX_REV,S13,_T,_T,PT_B1GQ,A,33.943
