TIME_PERIOD,FREQ,REF_AREA,SECTOR,COUNTERPART_SECTOR,TRANSACTION,INSTR_ASSET,ACTIVITY,EXPENDITURE,UNIT_MEASURE,PRICE_BASE,TRANSFORMATION,TABLE_IDENTIFIER,value
2017,A,AUT,S1,S1,B1G,_Z,_T,_Z,PC,L,G1,T0101,2.39765
2017,A,BEL,S1,S1,B1G,_Z,_T,_Z,PC,L,G1,T0101,1.426761
2017,A,CHL,S1,S1,B1G,_Z,_T,_Z,PC,L,G1,T0101,1.100599
2017,A,COL,S1,S1,B1G,_Z,_T,_Z,PC,L,G1,T0101,1.385201
2017,A,CZE,S1,S1,B1G,_Z,_T,_Z,PC,L,G1,T0101,5.206433
2017,A,DNK,S1,S1,B1G,_Z,_T,_Z,PC,L,G1,T0101,3.21202
2017,A,EST,S1,S1,B1G,_Z,_T,_Z,PC,L,G1,T0101,6.500209
2017,A,FIN,S1,S1,B1G,_Z,_T,_Z,PC,L,G1,T0101,3.753124
2017,A,FRA,S1,S1,B1G,_Z,_T,_Z,PC,L,G1,T0101,1.955103
2017,A,DEU,S1,S1,B1G,_Z,_T,_Z,PC,L,G1,T0101,2.797553
2017,A,GRC,S1,S1,B1G,_Z,_T,_Z,PC,L,G1,T0101,2.246011
2017,A,ITA,S1,S1,B1G,_Z,_T,_Z,PC,L,G1,T0101,1.842617
2017,A,JPN,S1,S1,B1G,_Z,_T,_Z,PC,L,G1,T0101,1.997942
2017,A,KOR,S1,S1,B1G,_Z,_T,_Z,PC,L,G1,T0101,3.501635
2017,A,LTU,S1,S1,B1G,_Z,_T,_Z,PC,L,G1,T0101,4.612244
2017,A,LUX,S1,S1,B1G,_Z,_T,_Z,PC,L,G1,T0101,0.908442
2017,A,ESP,S1,S1,B1G,_Z,_T,_Z,PC,L,G1,T0101,3.025163
2017,A,CHE,S1,S1,B1G,_Z,_T,_Z,PC,L,G1,T0101,1.366688
2017,A,GBR,S1,S1,B1G,_Z,_T,_Z,PC,L,G1,T0101,2.749128
2017,A,EA20,S1,S1,B1G,_Z,_T,_Z,PC,L,G1,T0101,2.681314
2017,A,ALB,S1,S1,B1G,_Z,_T,_Z,PC,L,G1,T0101,3.829585
2017,A,ARG,S1,S1,B1G,_Z,_T,_Z,PC,L,G1,T0101,2.571828
2017,A,BRA,S1,S1,B1G,_Z,_T,_Z,PC,L,G1,T0101,1.254211
2017,A,BGR,S1,S1,B1G,_Z,_T,_Z,PC,L,G1,T0101,3.281059
2017,A,CHN,S1,S1,B1G,_Z,_T,_Z,PC,L,G1,T0101,6.947196
2017,A,HRV,S1,S1,B1G,_Z,_T,_Z,PC,L,G1,T0101,2.799829
2017,A,CYP,S1,S1,B1G,_Z,_T,_Z,PC,L,G1,T0101,5.749696
2017,A,IND,S1,S1,B1G,_Z,_T,_Z,PC,L,G1,T0101,6.231181
2017,A,IDN,S1,S1,B1G,_Z,_T,_Z,PC,L,G1,T0101,4.765614
2015,A,AUT,S1,S1,B1G,_Z,_T,_Z,PC,L,G1,T0101,1.076642
2015,A,BEL,S1,S1,B1G,_Z,_T,_Z,PC,L,G1,T0101,1.545492
2015,A,CHL,S1,S1,B1G,_Z,_T,_Z,PC,L,G1,T0101,2.1659
2015,A,COL,S1,S1,B1G,_Z,_T,_Z,PC,L,G1,T0101,3.077613
2015,A,CZE,S1,S1,B1G,_Z,_T,_Z,PC,L,G1,T0101,4.34994
2015,A,DNK,S1,S1,B1G,_Z,_T,_Z,PC,L,G1,T0101,1.954023
2015,A,EST,S1,S1,B1G,_Z,_T,_Z,PC,L,G1,T0101,1.605991
2015,A,FIN,S1,S1,B1G,_Z,_T,_Z,PC,L,G1,T0101,0.306328
2015,A,FRA,S1,S1,B1G,_Z,_T,_Z,PC,L,G1,T0101,0.819445
2015,A,DEU,S1,S1,B1G,_Z,_T,_Z,PC,L,G1,T0101,1.437051
2015,A,GRC,S1,S1,B1G,_Z,_T,_Z,PC,L,G1,T0101,0.007051
2015,A,ITA,S1,S1,B1G,_Z,_T,_Z,PC,L,G1,T0101,0.93213
2015,A,JPN,S1,S1,B1G,_Z,_T,_Z,PC,L,G1,T0101,1.654444
2015,A,KOR,S1,S1,B1G,_Z,_T,_Z,PC,L,G1,T0101,2.850883
2015,A,LTU,S1,S1,B1G,_Z,_T,_Z,PC,L,G1,T0101,2.832806
2015,A,LUX,S1,S1,B1G,_Z,_T,_Z,PC,L,G1,T0101,4.620495
2015,A,ESP,S1,S1,B1G,_Z,_T,_Z,PC,L,G1,T0101,3.537208
2015,A,CHE,S1,S1,B1G,_Z,_T,_Z,PC,L,G1,T0101,1.62434
2015,A,GBR,S1,S1,B1G,_Z,_T,_Z,PC,L,G1,T0101,1.967275
2015,A,EA20,S1,S1,B1G,_Z,_T,_Z,PC,L,G1,T0101,1.983788
2015,A,ALB,S1,S1,B1G,_Z,_T,_Z,PC,L,G1,T0101,2.274674
2015,A,ARG,S1,S1,B1G,_Z,_T,_Z,PC,L,G1,T0101,2.695014
2015,A,BRA,S1,S1,B1G,_Z,_T,_Z,PC,L,G1,T0101,-3.150078
2015,A,BGR,S1,S1,B1G,_Z,_T,_Z,PC,L,G1,T0101,2.943036
2015,A,CHN,S1,S1,B1G,_Z,_T,_Z,PC,L,G1,T0101,7.041319
2015,A,HRV,S1,S1,B1G,_Z,_T,_Z,PC,L,G1,T0101,2.259631
2015,A,CYP,S1,S1,B1G,_Z,_T,_Z,PC,L,G1,T0101,3.260064
2015,A,IND,S1,S1,B1G,_Z,_T,_Z,PC,L,G1,T0101,8.028489
2015,A,IDN,S1,S1,B1G,_Z,_T,_Z,PC,L,G1,T0101,4.168977
2016,A,AUT,S1,S1,B1G,_Z,_T,_Z,PC,L,G1,T0101,2.080865
2016,A,BEL,S1,S1,B1G,_Z,_T,_Z,PC,L,G1,T0101,0.869053
2016,A,CHL,S1,S1,B1G,_Z,_T,_Z,PC,L,G1,T0101,1.673532
2016,A,COL,S1,S1,B1G,_Z,_T,_Z,PC,L,G1,T0101,2.18892
2016,A,CZE,S1,S1,B1G,_Z,_T,_Z,PC,L,G1,T0101,2.54623
2016,A,DNK,S1,S1,B1G,_Z,_T,_Z,PC,L,G1,T0101,2.980536
2016,A,EST,S1,S1,B1G,_Z,_T,_Z,PC,L,G1,T0101,2.811192
2016,A,FIN,S1,S1,B1G,_Z,_T,_Z,PC,L,G1,T0101,2.329581
2016,A,FRA,S1,S1,B1G,_Z,_T,_Z,PC,L,G1,T0101,0.679719
2016,A,DEU,S1,S1,B1G,_Z,_T,_Z,PC,L,G1,T0101,2.381686
2016,A,GRC,S1,S1,B1G,_Z,_T,_Z,PC,L,G1,T0101,-0.346889
2016,A,ITA,S1,S1,B1G,_Z,_T,_Z,PC,L,G1,T0101,1.367067
2016,A,JPN,S1,S1,B1G,_Z,_T,_Z,PC,L,G1,T0101,0.739143
2016,A,KOR,S1,S1,B1G,_Z,_T,_Z,PC,L,G1,T0101,3.068392
2016,A,LTU,S1,S1,B1G,_Z,_T,_Z,PC,L,G1,T0101,2.671922
2016,A,LUX,S1,S1,B1G,_Z,_T,_Z,PC,L,G1,T0101,5.077002
2016,A,ESP,S1,S1,B1G,_Z,_T,_Z,PC,L,G1,T0101,2.655291
2016,A,CHE,S1,S1,B1G,_Z,_T,_Z,PC,L,G1,T0101,2.087705
2016,A,GBR,S1,S1,B1G,_Z,_T,_Z,PC,L,G1,T0101,2.071174
2016,A,EA20,S1,S1,B1G,_Z,_T,_Z,PC,L,G1,T0101,1.757049
2016,A,ALB,S1,S1,B1G,_Z,_T,_Z,PC,L,G1,T0101,3.190661
2016,A,ARG,S1,S1,B1G,_Z,_T,_Z,PC,L,G1,T0101,-2.208706
2016,A,BRA,S1,S1,B1G,_Z,_T,_Z,PC,L,G1,T0101,-2.900147
2016,A,BGR,S1,S1,B1G,_Z,_T,_Z,PC,L,G1,T0101,2.576921
2016,A,CHN,S1,S1,B1G,_Z,_T,_Z,PC,L,G1,T0101,6.848768
2016,A,HRV,S1,S1,B1G,_Z,_T,_Z,PC,L,G1,T0101,3.500291
2016,A,CYP,S1,S1,B1G,_Z,_T,_Z,PC,L,G1,T0101,6.574056
2016,A,IND,S1,S1,B1G,_Z,_T,_Z,PC,L,G1,T0101,7.972023
2016,A,IDN,S1,S1,B1G,_Z,_T,_Z,PC,L,G1,T0101,4.576826
2018,A,AUT,S1,S1,B1G,_Z,_T,_Z,PC,L,G1,T0101,2.728707
2018,A,BEL,S1,S1,B1G,_Z,_T,_Z,PC,L,G1,T0101,1.921943
2018,A,CHL,S1,S1,B1G,_Z,_T,_Z,PC,L,G1,T0101,4.031378
2018,A,COL,S1,S1,B1G,_Z,_T,_Z,PC,L,G1,T0101,2.514682
2018,A,CZE,S1,S1,B1G,_Z,_T,_Z,PC,L,G1,T0101,2.972118
2018,A,DNK,S1,S1,B1G,_Z,_T,_Z,PC,L,G1,T0101,1.561178
2018,A,EST,S1,S1,B1G,_Z,_T,_Z,PC,L,G1,T0101,4.094618
2018,A,FIN,S1,S1,B1G,_Z,_T,_Z,PC,L,G1,T0101,0.795954
2018,A,FRA,S1,S1,B1G,_Z,_T,_Z,PC,L,G1,T0101,1.622823
2018,A,DEU,S1,S1,B1G,_Z,_T,_Z,PC,L,G1,T0101,1.199766
2018,A,GRC,S1,S1,B1G,_Z,_T,_Z,PC,L,G1,T0101,1.726082
2018,A,HUN,S1,S1,B1G,_Z,_T,_Z,PC,L,G1,T0101,5.851182
2018,A,ITA,S1,S1,B1G,_Z,_T,_Z,PC,L,G1,T0101,0.991483
2018,A,JPN,S1,S1,B1G,_Z,_T,_Z,PC,L,G1,T0101,0.61962
2018,A,KOR,S1,S1,B1G,_Z,_T,_Z,PC,L,G1,T0101,3.347352
2018,A,LTU,S1,S1,B1G,_Z,_T,_Z,PC,L,G1,T0101,4.918369
2018,A,ESP,S1,S1,B1G,_Z,_T,_Z,PC,L,G1,T0101,2.453606
2018,A,CHE,S1,S1,B1G,_Z,_T,_Z,PC,L,G1,T0101,2.998829
2018,A,GBR,S1,S1,B1G,_Z,_T,_Z,PC,L,G1,T0101,1.319611
2018,A,ALB,S1,S1,B1G,_Z,_T,_Z,PC,L,G1,T0101,4.107006
2018,A,ARG,S1,S1,B1G,_Z,_T,_Z,PC,L,G1,T0101,-2.687633
2018,A,BRA,S1,S1,B1G,_Z,_T,_Z,PC,L,G1,T0101,1.794889
2018,A,BGR,S1,S1,B1G,_Z,_T,_Z,PC,L,G1,T0101,3.322084
2018,A,CHN,S1,S1,B1G,_Z,_T,_Z,PC,L,G1,T0101,6.749771
2018,A,HRV,S1,S1,B1G,_Z,_T,_Z,PC,L,G1,T0101,2.486546
2018,A,CYP,S1,S1,B1G,_Z,_T,_Z,PC,L,G1,T0101,5.66978
2018,A,IND,S1,S1,B1G,_Z,_T,_Z,PC,L,G1,T0101,5.813672
2018,A,IDN,S1,S1,B1G,_Z,_T,_Z,PC,L,G1,T0101,4.948283
2019,A,AUT,S1,S1,B1G,_Z,_T,_Z,PC,L,G1,T0101,1.787456
2019,A,BEL,S1,S1,B1G,_Z,_T,_Z,PC,L,G1,T0101,2.611564
2019,A,CHL,S1,S1,B1G,_Z,_T,_Z,PC,L,G1,T0101,0.715991
2019,A,COL,S1,S1,B1G,_Z,_T,_Z,PC,L,G1,T0101,3.068147
2019,A,CZE,S1,S1,B1G,_Z,_T,_Z,PC,L,G1,T0101,3.59956
2019,A,DNK,S1,S1,B1G,_Z,_T,_Z,PC,L,G1,T0101,1.68207
2019,A,EST,S1,S1,B1G,_Z,_T,_Z,PC,L,G1,T0101,3.134924
2019,A,FIN,S1,S1,B1G,_Z,_T,_Z,PC,L,G1,T0101,1.621577
2019,A,FRA,S1,S1,B1G,_Z,_T,_Z,PC,L,G1,T0101,2.105933
2019,A,DEU,S1,S1,B1G,_Z,_T,_Z,PC,L,G1,T0101,0.703615
2019,A,GRC,S1,S1,B1G,_Z,_T,_Z,PC,L,G1,T0101,1.771788
2019,A,HUN,S1,S1,B1G,_Z,_T,_Z,PC,L,G1,T0101,4.910265
2019,A,ITA,S1,S1,B1G,_Z,_T,_Z,PC,L,G1,T0101,0.702679
2019,A,JPN,S1,S1,B1G,_Z,_T,_Z,PC,L,G1,T0101,-0.561971
2019,A,KOR,S1,S1,B1G,_Z,_T,_Z,PC,L,G1,T0101,2.457074
2019,A,LTU,S1,S1,B1G,_Z,_T,_Z,PC,L,G1,T0101,4.677352
2019,A,ESP,S1,S1,B1G,_Z,_T,_Z,PC,L,G1,T0101,2.072291
2019,A,CHE,S1,S1,B1G,_Z,_T,_Z,PC,L,G1,T0101,1.204095
2019,A,GBR,S1,S1,B1G,_Z,_T,_Z,PC,L,G1,T0101,1.760376
2019,A,ALB,S1,S1,B1G,_Z,_T,_Z,PC,L,G1,T0101,2.374419
2019,A,ARG,S1,S1,B1G,_Z,_T,_Z,PC,L,G1,T0101,-1.612362
2019,A,BRA,S1,S1,B1G,_Z,_T,_Z,PC,L,G1,T0101,0.978881
2019,A,BGR,S1,S1,B1G,_Z,_T,_Z,PC,L,G1,T0101,3.436404
2019,A,CHN,S1,S1,B1G,_Z,_T,_Z,PC,L,G1,T0101,6.11012
2019,A,HRV,S1,S1,B1G,_Z,_T,_Z,PC,L,G1,T0101,3.229682
2019,A,CYP,S1,S1,B1G,_Z,_T,_Z,PC,L,G1,T0101,5.670879
2019,A,IND,S1,S1,B1G,_Z,_T,_Z,PC,L,G1,T0101,3.944641
2019,A,IDN,S1,S1,B1G,_Z,_T,_Z,PC,L,G1,T0101,4.955742
2014,A,ITA,S1,S1,B1G,_Z,_T,_Z,PC,L,G1,T0101,-0.069551
2014,A,JPN,S1,S1,B1G,_Z,_T,_Z,PC,L,G1,T0101,0.326719
2014,A,KOR,S1,S1,B1G,_Z,_T,_Z,PC,L,G1,T0101,3.11565
2014,A,LTU,S1,S1,B1G,_Z,_T,_Z,PC,L,G1,T0101,3.772543
2014,A,LUX,S1,S1,B1G,_Z,_T,_Z,PC,L,G1,T0101,2.046775
2014,A,ESP,S1,S1,B1G,_Z,_T,_Z,PC,L,G1,T0101,1.081131
2014,A,CHE,S1,S1,B1G,_Z,_T,_Z,PC,L,G1,T0101,2.332778
2014,A,GBR,S1,S1,B1G,_Z,_T,_Z,PC,L,G1,T0101,3.246732
2014,A,EA20,S1,S1,B1G,_Z,_T,_Z,PC,L,G1,T0101,1.434127
2014,A,EU27_2020,S1,S1,B1G,_Z,_T,_Z,PC,L,G1,T0101,1.61952
2014,A,ALB,S1,S1,B1G,_Z,_T,_Z,PC,L,G1,T0101,2.131497
2014,A,ARG,S1,S1,B1G,_Z,_T,_Z,PC,L,G1,T0101,-1.819112
2014,A,BRA,S1,S1,B1G,_Z,_T,_Z,PC,L,G1,T0101,0.461004
2014,A,BGR,S1,S1,B1G,_Z,_T,_Z,PC,L,G1,T0101,0.961466
2014,A,CHN,S1,S1,B1G,_Z,_T,_Z,PC,L,G1,T0101,7.425774
2014,A,HRV,S1,S1,B1G,_Z,_T,_Z,PC,L,G1,T0101,-0.646919
2014,A,CYP,S1,S1,B1G,_Z,_T,_Z,PC,L,G1,T0101,-1.776057
2014,A,IND,S1,S1,B1G,_Z,_T,_Z,PC,L,G1,T0101,7.15478
2014,A,IDN,S1,S1,B1G,_Z,_T,_Z,PC,L,G1,T0101,5.004913
2020,A,AUT,S1,S1,B1G,_Z,_T,_Z,PC,L,G1,T0101,-6.150626
2020,A,BEL,S1,S1,B1G,_Z,_T,_Z,PC,L,G1,T0101,-4.203655
2020,A,CHL,S1,S1,B1G,_Z,_T,_Z,PC,L,G1,T0101,-6.188955
2020,A,COL,S1,S1,B1G,_Z,_T,_Z,PC,L,G1,T0101,-7.295733
2020,A,CZE,S1,S1,B1G,_Z,_T,_Z,PC,L,G1,T0101,-5.050722
2020,A,DNK,S1,S1,B1G,_Z,_T,_Z,PC,L,G1,T0101,-2.368446
2020,A,EST,S1,S1,B1G,_Z,_T,_Z,PC,L,G1,T0101,-2.702384
2020,A,FIN,S1,S1,B1G,_Z,_T,_Z,PC,L,G1,T0101,-2.428021
2020,A,FRA,S1,S1,B1G,_Z,_T,_Z,PC,L,G1,T0101,-7.296926
2020,A,DEU,S1,S1,B1G,_Z,_T,_Z,PC,L,G1,T0101,-4.287902
2020,A,GRC,S1,S1,B1G,_Z,_T,_Z,PC,L,G1,T0101,-9.098572
2020,A,ITA,S1,S1,B1G,_Z,_T,_Z,PC,L,G1,T0101,-8.298348
2020,A,KOR,S1,S1,B1G,_Z,_T,_Z,PC,L,G1,T0101,-0.858943
2020,A,LTU,S1,S1,B1G,_Z,_T,_Z,PC,L,G1,T0101,0.042815
2014,A,ITA,S1,S1,B1GXP119,_Z,_T,_Z,PC,L,G1,T0101,-0.069551
2014,A,JPN,S1,S1,B1GXP119,_Z,_T,_Z,PC,L,G1,T0101,0.326719
2014,A,KOR,S1,S1,B1GXP119,_Z,_T,_Z,PC,L,G1,T0101,3.11565
2014,A,LTU,S1,S1,B1GXP119,_Z,_T,_Z,PC,L,G1,T0101,3.772543
2014,A,ESP,S1,S1,B1GXP119,_Z,_T,_Z,PC,L,G1,T0101,1.081131
2014,A,CHE,S1,S1,B1GXP119,_Z,_T,_Z,PC,L,G1,T0101,2.332778
2014,A,GBR,S1,S1,B1GXP119,_Z,_T,_Z,PC,L,G1,T0101,3.246732
2014,A,EA20,S1,S1,B1GXP119,_Z,_T,_Z,PC,L,G1,T0101,1.434127
2014,A,EU27_2020,S1,S1,B1GXP119,_Z,_T,_Z,PC,L,G1,T0101,1.61952
2014,A,ALB,S1,S1,B1GXP119,_Z,_T,_Z,PC,L,G1,T0101,2.131497
2014,A,BRA,S1,S1,B1GXP119,_Z,_T,_Z,PC,L,G1,T0101,0.461004
2014,A,BGR,S1,S1,B1GXP119,_Z,_T,_Z,PC,L,G1,T0101,0.961466
2014,A,CHN,S1,S1,B1GXP119,_Z,_T,_Z,PC,L,G1,T0101,7.425774
2014,A,HRV,S1,S1,B1GXP119,_Z,_T,_Z,PC,L,G1,T0101,-0.646919
2014,A,CYP,S1,S1,B1GXP119,_Z,_T,_Z,PC,L,G1,T0101,-1.776057
2014,A,IND,S1,S1,B1GXP119,_Z,_T,_Z,PC,L,G1,T0101,7.15478
2014,A,IDN,S1,S1,B1GXP119,_Z,_T,_Z,PC,L,G1,T0101,5.004913
2015,A,AUT,S1,S1,B1GXP119,_Z,_T,_Z,PC,L,G1,T0101,1.076642
2015,A,BEL,S1,S1,B1GXP119,_Z,_T,_Z,PC,L,G1,T0101,1.545492
2015,A,CHL,S1,S1,B1GXP119,_Z,_T,_Z,PC,L,G1,T0101,2.1659
2015,A,COL,S1,S1,B1GXP119,_Z,_T,_Z,PC,L,G1,T0101,3.077613
2015,A,CZE,S1,S1,B1GXP119,_Z,_T,_Z,PC,L,G1,T0101,4.34994
2015,A,DNK,S1,S1,B1GXP119,_Z,_T,_Z,PC,L,G1,T0101,1.954023
2015,A,EST,S1,S1,B1GXP119,_Z,_T,_Z,PC,L,G1,T0101,1.605991
2015,A,FIN,S1,S1,B1GXP119,_Z,_T,_Z,PC,L,G1,T0101,0.306328
2015,A,FRA,S1,S1,B1GXP119,_Z,_T,_Z,PC,L,G1,T0101,0.819445
2015,A,DEU,S1,S1,B1GXP119,_Z,_T,_Z,PC,L,G1,T0101,1.437051
2015,A,GRC,S1,S1,B1GXP119,_Z,_T,_Z,PC,L,G1,T0101,0.007051
2015,A,ITA,S1,S1,B1GXP119,_Z,_T,_Z,PC,L,G1,T0101,0.93213
2015,A,JPN,S1,S1,B1GXP119,_Z,_T,_Z,PC,L,G1,T0101,1.654444
2015,A,KOR,S1,S1,B1GXP119,_Z,_T,_Z,PC,L,G1,T0101,2.850883
2015,A,LTU,S1,S1,B1GXP119,_Z,_T,_Z,PC,L,G1,T0101,2.832806
2015,A,ESP,S1,S1,B1GXP119,_Z,_T,_Z,PC,L,G1,T0101,3.537208
2015,A,CHE,S1,S1,B1GXP119,_Z,_T,_Z,PC,L,G1,T0101,1.62434
2015,A,GBR,S1,S1,B1GXP119,_Z,_T,_Z,PC,L,G1,T0101,1.967275
2015,A,EA20,S1,S1,B1GXP119,_Z,_T,_Z,PC,L,G1,T0101,1.983788
2015,A,ALB,S1,S1,B1GXP119,_Z,_T,_Z,PC,L,G1,T0101,2.274674
2015,A,BRA,S1,S1,B1GXP119,_Z,_T,_Z,PC,L,G1,T0101,-3.150078
2015,A,BGR,S1,S1,B1GXP119,_Z,_T,_Z,PC,L,G1,T0101,2.943036
2015,A,CHN,S1,S1,B1GXP119,_Z,_T,_Z,PC,L,G1,T0101,7.041319
2015,A,HRV,S1,S1,B1GXP119,_Z,_T,_Z,PC,L,G1,T0101,2.259631
2015,A,CYP,S1,S1,B1GXP119,_Z,_T,_Z,PC,L,G1,T0101,3.260064
2015,A,IND,S1,S1,B1GXP119,_Z,_T,_Z,PC,L,G1,T0101,8.028489
2015,A,IDN,S1,S1,B1GXP119,_Z,_T,_Z,PC,L,G1,T0101,4.168977
2016,A,AUT,S1,S1,B1GXP119,_Z,_T,_Z,PC,L,G1,T0101,2.080865
2016,A,BEL,S1,S1,B1GXP119,_Z,_T,_Z,PC,L,G1,T0101,0.869053
2016,A,CHL,S1,S1,B1GXP119,_Z,_T,_Z,PC,L,G1,T0101,1.673532
2016,A,COL,S1,S1,B1GXP119,_Z,_T,_Z,PC,L,G1,T0101,2.18892
2016,A,CZE,S1,S1,B1GXP119,_Z,_T,_Z,PC,L,G1,T0101,2.54623
2016,A,DNK,S1,S1,B1GXP119,_Z,_T,_Z,PC,L,G1,T0101,2.980536
2016,A,EST,S1,S1,B1GXP119,_Z,_T,_Z,PC,L,G1,T0101,2.811192
2016,A,FIN,S1,S1,B1GXP119,_Z,_T,_Z,PC,L,G1,T0101,2.329581
2016,A,FRA,S1,S1,B1GXP119,_Z,_T,_Z,PC,L,G1,T0101,0.679719
2016,A,DEU,S1,S1,B1GXP119,_Z,_T,_Z,PC,L,G1,T0101,2.381686
2016,A,GRC,S1,S1,B1GXP119,_Z,_T,_Z,PC,L,G1,T0101,-0.346889
2016,A,ITA,S1,S1,B1GXP119,_Z,_T,_Z,PC,L,G1,T0101,1.367067
2016,A,JPN,S1,S1,B1GXP119,_Z,_T,_Z,PC,L,G1,T0101,0.739143
2016,A,KOR,S1,S1,B1GXP119,_Z,_T,_Z,PC,L,G1,T0101,3.068392
2016,A,LTU,S1,S1,B1GXP119,_Z,_T,_Z,PC,L,G1,T0101,2.671922
2016,A,ESP,S1,S1,B1GXP119,_Z,_T,_Z,PC,L,G1,T0101,2.655291
2016,A,CHE,S1,S1,B1GXP119,_Z,_T,_Z,PC,L,G1,T0101,2.087705
2016,A,GBR,S1,S1,B1GXP119,_Z,_T,_Z,PC,L,G1,T0101,2.071174
2016,A,EA20,S1,S1,B1GXP119,_Z,_T,_Z,PC,L,G1,T0101,1.757049
2016,A,ALB,S1,S1,B1GXP119,_Z,_T,_Z,PC,L,G1,T0101,3.190661
2016,A,BRA,S1,S1,B1GXP119,_Z,_T,_Z,PC,L,G1,T0101,-2.900147
2016,A,BGR,S1,S1,B1GXP119,_Z,_T,_Z,PC,L,G1,T0101,2.576921
2016,A,CHN,S1,S1,B1GXP119,_Z,_T,_Z,PC,L,G1,T0101,6.848768
2016,A,HRV,S1,S1,B1GXP119,_Z,_T,_Z,PC,L,G1,T0101,3.500291
2016,A,CYP,S1,S1,B1GXP119,_Z,_T,_Z,PC,L,G1,T0101,6.574056
2016,A,IND,S1,S1,B1GXP119,_Z,_T,_Z,PC,L,G1,T0101,7.972023
2016,A,IDN,S1,S1,B1GXP119,_Z,_T,_Z,PC,L,G1,T0101,4.576826
2017,A,AUT,S1,S1,B1GXP119,_Z,_T,_Z,PC,L,G1,T0101,2.39765
2017,A,BEL,S1,S1,B1GXP119,_Z,_T,_Z,PC,L,G1,T0101,1.426761
2017,A,CHL,S1,S1,B1GXP119,_Z,_T,_Z,PC,L,G1,T0101,1.100599
2017,A,COL,S1,S1,B1GXP119,_Z,_T,_Z,PC,L,G1,T0101,1.385201
2017,A,CZE,S1,S1,B1GXP119,_Z,_T,_Z,PC,L,G1,T0101,5.206433
2017,A,DNK,S1,S1,B1GXP119,_Z,_T,_Z,PC,L,G1,T0101,3.21202
2017,A,EST,S1,S1,B1GXP119,_Z,_T,_Z,PC,L,G1,T0101,6.500209
2017,A,FIN,S1,S1,B1GXP119,_Z,_T,_Z,PC,L,G1,T0101,3.753124
2017,A,FRA,S1,S1,B1GXP119,_Z,_T,_Z,PC,L,G1,T0101,1.955103
2017,A,DEU,S1,S1,B1GXP119,_Z,_T,_Z,PC,L,G1,T0101,2.797553
2017,A,GRC,S1,S1,B1GXP119,_Z,_T,_Z,PC,L,G1,T0101,2.246011
2017,A,ITA,S1,S1,B1GXP119,_Z,_T,_Z,PC,L,G1,T0101,1.842617
2017,A,JPN,S1,S1,B1GXP119,_Z,_T,_Z,PC,L,G1,T0101,1.997942
2017,A,KOR,S1,S1,B1GXP119,_Z,_T,_Z,PC,L,G1,T0101,3.501635
2017,A,LTU,S1,S1,B1GXP119,_Z,_T,_Z,PC,L,G1,T0101,4.612244
2017,A,ESP,S1,S1,B1GXP119,_Z,_T,_Z,PC,L,G1,T0101,3.025163
2017,A,CHE,S1,S1,B1GXP119,_Z,_T,_Z,PC,L,G1,T0101,1.366688
2017,A,GBR,S1,S1,B1GXP119,_Z,_T,_Z,PC,L,G1,T0101,2.749128
2017,A,EA20,S1,S1,B1GXP119,_Z,_T,_Z,PC,L,G1,T0101,2.681314
2017,A,ALB,S1,S1,B1GXP119,_Z,_T,_Z,PC,L,G1,T0101,3.829585
2017,A,BRA,S1,S1,B1GXP119,_Z,_T,_Z,PC,L,G1,T0101,1.254211
2017,A,BGR,S1,S1,B1GXP119,_Z,_T,_Z,PC,L,G1,T0101,3.281059
2017,A,CHN,S1,S1,B1GXP119,_Z,_T,_Z,PC,L,G1,T0101,6.947196
2017,A,HRV,S1,S1,B1GXP119,_Z,_T,_Z,PC,L,G1,T0101,2.799829
2017,A,CYP,S1,S1,B1GXP119,_Z,_T,_Z,PC,L,G1,T0101,5.749696
2017,A,IND,S1,S1,B1GXP119,_Z,_T,_Z,PC,L,G1,T0101,6.231181
2017,A,IDN,S1,S1,B1GXP119,_Z,_T,_Z,PC,L,G1,T0101,4.765614
2018,A,AUT,S1,S1,B1GXP119,_Z,_T,_Z,PC,L,G1,T0101,2.728707
2018,A,BEL,S1,S1,B1GXP119,_Z,_T,_Z,PC,L,G1,T0101,1.921943
2018,A,CHL,S1,S1,B1GXP119,_Z,_T,_Z,PC,L,G1,T0101,4.031378
2018,A,COL,S1,S1,B1GXP119,_Z,_T,_Z,PC,L,G1,T0101,2.514682
2018,A,CZE,S1,S1,B1GXP119,_Z,_T,_Z,PC,L,G1,T0101,2.972118
2018,A,DNK,S1,S1,B1GXP119,_Z,_T,_Z,PC,L,G1,T0101,1.561178
2018,A,EST,S1,S1,B1GXP119,_Z,_T,_Z,PC,L,G1,T0101,4.094618
2018,A,FIN,S1,S1,B1GXP119,_Z,_T,_Z,PC,L,G1,T0101,0.795954
2018,A,FRA,S1,S1,B1GXP119,_Z,_T,_Z,PC,L,G1,T0101,1.622823
2018,A,DEU,S1,S1,B1GXP119,_Z,_T,_Z,PC,L,G1,T0101,1.199766
2018,A,GRC,S1,S1,B1GXP119,_Z,_T,_Z,PC,L,G1,T0101,1.726082
2018,A,HUN,S1,S1,B1GXP119,_Z,_T,_Z,PC,L,G1,T0101,5.851182
2018,A,ITA,S1,S1,B1GXP119,_Z,_T,_Z,PC,L,G1,T0101,0.991483
2018,A,JPN,S1,S1,B1GXP119,_Z,_T,_Z,PC,L,G1,T0101,0.61962
2018,A,KOR,S1,S1,B1GXP119,_Z,_T,_Z,PC,L,G1,T0101,3.347352
2018,A,LTU,S1,S1,B1GXP119,_Z,_T,_Z,PC,L,G1,T0101,4.918369
2018,A,ESP,S1,S1,B1GXP119,_Z,_T,_Z,PC,L,G1,T0101,2.453606
2018,A,CHE,S1,S1,B1GXP119,_Z,_T,_Z,PC,L,G1,T0101,2.998829
2018,A,GBR,S1,S1,B1GXP119,_Z,_T,_Z,PC,L,G1,T0101,1.319611
2018,A,ALB,S1,S1,B1GXP119,_Z,_T,_Z,PC,L,G1,T0101,4.107006
2018,A,BRA,S1,S1,B1GXP119,_Z,_T,_Z,PC,L,G1,T0101,1.794889
2018,A,BGR,S1,S1,B1GXP119,_Z,_T,_Z,PC,L,G1,T0101,3.322084
2018,A,CHN,S1,S1,B1GXP119,_Z,_T,_Z,PC,L,G1,T0101,6.749771
2018,A,HRV,S1,S1,B1GXP119,_Z,_T,_Z,PC,L,G1,T0101,2.486546
2018,A,CYP,S1,S1,B1GXP119,_Z,_T,_Z,PC,L,G1,T0101,5.66978
2018,A,IND,S1,S1,B1GXP119,_Z,_T,_Z,PC,L,G1,T0101,5.813672
2018,A,IDN,S1,S1,B1GXP119,_Z,_T,_Z,PC,L,G1,T0101,4.948283
2019,A,AUT,S1,S1,B1GXP119,_Z,_T,_Z,PC,L,G1,T0101,1.787456
2019,A,BEL,S1,S1,B1GXP119,_Z,_T,_Z,PC,L,G1,T0101,2.611564
2019,A,CHL,S1,S1,B1GXP119,_Z,_T,_Z,PC,L,G1,T0101,0.715991
2019,A,COL,S1,S1,B1GXP119,_Z,_T,_Z,PC,L,G1,T0101,3.068147
2019,A,CZE,S1,S1,B1GXP119,_Z,_T,_Z,PC,L,G1,T0101,3.59956
2019,A,DNK,S1,S1,B1GXP119,_Z,_T,_Z,PC,L,G1,T0101,1.68207
2019,A,EST,S1,S1,B1GXP119,_Z,_T,_Z,PC,L,G1,T0101,3.134924
2019,A,FIN,S1,S1,B1GXP119,_Z,_T,_Z,PC,L,G1,T0101,1.621577
2019,A,FRA,S1,S1,B1GXP119,_Z,_T,_Z,PC,L,G1,T0101,2.105933
2019,A,DEU,S1,S1,B1GXP119,_Z,_T,_Z,PC,L,G1,T0101,0.703615
2019,A,GRC,S1,S1,B1GXP119,_Z,_T,_Z,PC,L,G1,T0101,1.771788
2019,A,HUN,S1,S1,B1GXP119,_Z,_T,_Z,PC,L,G1,T0101,4.910265
2019,A,ITA,S1,S1,B1GXP119,_Z,_T,_Z,PC,L,G1,T0101,0.702679
2019,A,JPN,S1,S1,B1GXP119,_Z,_T,_Z,PC,L,G1,T0101,-0.561971
2019,A,KOR,S1,S1,B1GXP119,_Z,_T,_Z,PC,L,G1,T0101,2.457074
2019,A,LTU,S1,S1,B1GXP119,_Z,_T,_Z,PC,L,G1,T0101,4.677352
2019,A,ESP,S1,S1,B1GXP119,_Z,_T,_Z,PC,L,G1,T0101,2.072291
2019,A,CHE,S1,S1,B1GXP119,_Z,_T,_Z,PC,L,G1,T0101,1.204095
2019,A,GBR,S1,S1,B1GXP119,_Z,_T,_Z,PC,L,G1,T0101,1.760376
2019,A,ALB,S1,S1,B1GXP119,_Z,_T,_Z,PC,L,G1,T0101,2.374419
2019,A,BRA,S1,S1,B1GXP119,_Z,_T,_Z,PC,L,G1,T0101,0.978881
2019,A,BGR,S1,S1,B1GXP119,_Z,_T,_Z,PC,L,G1,T0101,3.436404
2019,A,CHN,S1,S1,B1GXP119,_Z,_T,_Z,PC,L,G1,T0101,6.11012
2019,A,HRV,S1,S1,B1GXP119,_Z,_T,_Z,PC,L,G1,T0101,3.229682
2019,A,CYP,S1,S1,B1GXP119,_Z,_T,_Z,PC,L,G1,T0101,5.670879
2019,A,IND,S1,S1,B1GXP119,_Z,_T,_Z,PC,L,G1,T0101,3.944641
2019,A,IDN,S1,S1,B1GXP119,_Z,_T,_Z,PC,L,G1,T0101,4.955742
2020,A,AUT,S1,S1,B1GXP119,_Z,_T,_Z,PC,L,G1,T0101,-6.150626
2020,A,BEL,S1,S1,B1GXP119,_Z,_T,_Z,PC,L,G1,T0101,-4.203655
2020,A,CHL,S1,S1,B1GXP119,_Z,_T,_Z,PC,L,G1,T0101,-6.188955
2020,A,COL,S1,S1,B1GXP119,_Z,_T,_Z,PC,L,G1,T0101,-7.295733
2020,A,CZE,S1,S1,B1GXP119,_Z,_T,_Z,PC,L,G1,T0101,-5.050722
2020,A,DNK,S1,S1,B1GXP119,_Z,_T,_Z,PC,L,G1,T0101,-2.368446
2020,A,EST,S1,S1,B1GXP119,_Z,_T,_Z,PC,L,G1,T0101,-2.702384
2020,A,FIN,S1,S1,B1GXP119,_Z,_T,_Z,PC,L,G1,T0101,-2.428021
2020,A,FRA,S1,S1,B1GXP119,_Z,_T,_Z,PC,L,G1,T0101,-7.296926
2020,A,DEU,S1,S1,B1GXP119,_Z,_T,_Z,PC,L,G1,T0101,-4.287902
2020,A,GRC,S1,S1,B1GXP119,_Z,_T,_Z,PC,L,G1,T0101,-9.098572
2020,A,ITA,S1,S1,B1GXP119,_Z,_T,_Z,PC,L,G1,T0101,-8.298348
2020,A,KOR,S1,S1,B1GXP119,_Z,_T,_Z,PC,L,G1,T0101,-0.858943
2020,A,LTU,S1,S1,B1GXP119,_Z,_T,_Z,PC,L,G1,T0101,0.042815
2016,A,LVA,S1,S1,B1G,_Z,_T,_Z,PC,L,G1,T0101,2.000582
2016,A,MEX,S1,S1,B1G,_Z,_T,_Z,PC,L,G1,T0101,1.745723
2016,A,NLD,S1,S1,B1G,_Z,_T,_Z,PC,L,G1,T0101,2.24449
2016,A,NOR,S1,S1,B1G,_Z,_T,_Z,PC,L,G1,T0101,1.037247
2016,A,POL,S1,S1,B1G,_Z,_T,_Z,PC,L,G1,T0101,2.897712
2016,A,PRT,S1,S1,B1G,_Z,_T,_Z,PC,L,G1,T0101,1.727137
2016,A,SVK,S1,S1,B1G,_Z,_T,_Z,PC,L,G1,T0101,2.075498
2016,A,SVN,S1,S1,B1G,_Z,_T,_Z,PC,L,G1,T0101,3.157101
2016,A,MLT,S1,S1,B1G,_Z,_T,_Z,PC,L,G1,T0101,3.32578
2016,A,MKD,S1,S1,B1G,_Z,_T,_Z,PC,L,G1,T0101,2.025066
2016,A,ROU,S1,S1,B1G,_Z,_T,_Z,PC,L,G1,T0101,2.814892
2016,A,RUS,S1,S1,B1G,_Z,_T,_Z,PC,L,G1,T0101,0.313148
2016,A,SRB,S1,S1,B1G,_Z,_T,_Z,PC,L,G1,T0101,2.939464
2016,A,ZAF,S1,S1,B1G,_Z,_T,_Z,PC,L,G1,T0101,0.825964
2017,A,LVA,S1,S1,B1G,_Z,_T,_Z,PC,L,G1,T0101,3.397988
2017,A,MEX,S1,S1,B1G,_Z,_T,_Z,PC,L,G1,T0101,1.867424
2017,A,NLD,S1,S1,B1G,_Z,_T,_Z,PC,L,G1,T0101,2.786383
2017,A,NOR,S1,S1,B1G,_Z,_T,_Z,PC,L,G1,T0101,2.412189
2017,A,POL,S1,S1,B1G,_Z,_T,_Z,PC,L,G1,T0101,5.008041
2017,A,PRT,S1,S1,B1G,_Z,_T,_Z,PC,L,G1,T0101,3.194746
2017,A,SVK,S1,S1,B1G,_Z,_T,_Z,PC,L,G1,T0101,2.233721
2017,A,SVN,S1,S1,B1G,_Z,_T,_Z,PC,L,G1,T0101,5.476048
2017,A,MLT,S1,S1,B1G,_Z,_T,_Z,PC,L,G1,T0101,10.925063
2017,A,MKD,S1,S1,B1G,_Z,_T,_Z,PC,L,G1,T0101,0.916561
2017,A,ROU,S1,S1,B1G,_Z,_T,_Z,PC,L,G1,T0101,8.404324
2017,A,RUS,S1,S1,B1G,_Z,_T,_Z,PC,L,G1,T0101,1.84497
2017,A,SRB,S1,S1,B1G,_Z,_T,_Z,PC,L,G1,T0101,2.075708
2017,A,ZAF,S1,S1,B1G,_Z,_T,_Z,PC,L,G1,T0101,1.160691
2014,A,LVA,S1,S1,B1G,_Z,_T,_Z,PC,L,G1,T0101,1.818952
2014,A,MEX,S1,S1,B1G,_Z,_T,_Z,PC,L,G1,T0101,2.506279
2014,A,NLD,S1,S1,B1G,_Z,_T,_Z,PC,L,G1,T0101,1.65363
2014,A,NOR,S1,S1,B1G,_Z,_T,_Z,PC,L,G1,T0101,2.053919
2014,A,POL,S1,S1,B1G,_Z,_T,_Z,PC,L,G1,T0101,3.830046
2014,A,PRT,S1,S1,B1G,_Z,_T,_Z,PC,L,G1,T0101,0.277748
2014,A,SVK,S1,S1,B1G,_Z,_T,_Z,PC,L,G1,T0101,2.650833
2014,A,SVN,S1,S1,B1G,_Z,_T,_Z,PC,L,G1,T0101,3.48128
2014,A,MLT,S1,S1,B1G,_Z,_T,_Z,PC,L,G1,T0101,8.120655
2014,A,MKD,S1,S1,B1G,_Z,_T,_Z,PC,L,G1,T0101,4.984346
2014,A,ROU,S1,S1,B1G,_Z,_T,_Z,PC,L,G1,T0101,4.166999
2014,A,RUS,S1,S1,B1G,_Z,_T,_Z,PC,L,G1,T0101,1.098112
2014,A,SRB,S1,S1,B1G,_Z,_T,_Z,PC,L,G1,T0101,-1.912628
2014,A,ZAF,S1,S1,B1G,_Z,_T,_Z,PC,L,G1,T0101,1.53534
2015,A,LVA,S1,S1,B1G,_Z,_T,_Z,PC,L,G1,T0101,3.537161
2015,A,MEX,S1,S1,B1G,_Z,_T,_Z,PC,L,G1,T0101,2.556458
2015,A,NLD,S1,S1,B1G,_Z,_T,_Z,PC,L,G1,T0101,1.931532
2015,A,NOR,S1,S1,B1G,_Z,_T,_Z,PC,L,G1,T0101,1.809063
2015,A,POL,S1,S1,B1G,_Z,_T,_Z,PC,L,G1,T0101,4.567578
2015,A,PRT,S1,S1,B1G,_Z,_T,_Z,PC,L,G1,T0101,1.356147
2015,A,SVK,S1,S1,B1G,_Z,_T,_Z,PC,L,G1,T0101,4.920085
2015,A,SVN,S1,S1,B1G,_Z,_T,_Z,PC,L,G1,T0101,2.35696
2015,A,MLT,S1,S1,B1G,_Z,_T,_Z,PC,L,G1,T0101,10.929437
2015,A,MKD,S1,S1,B1G,_Z,_T,_Z,PC,L,G1,T0101,4.440645
2015,A,ROU,S1,S1,B1G,_Z,_T,_Z,PC,L,G1,T0101,2.67157
2015,A,RUS,S1,S1,B1G,_Z,_T,_Z,PC,L,G1,T0101,-1.463616
2015,A,SRB,S1,S1,B1G,_Z,_T,_Z,PC,L,G1,T0101,2.313421
2015,A,ZAF,S1,S1,B1G,_Z,_T,_Z,PC,L,G1,T0101,1.149577
2019,A,LVA,S1,S1,B1G,_Z,_T,_Z,PC,L,G1,T0101,0.626067
2019,A,MEX,S1,S1,B1G,_Z,_T,_Z,PC,L,G1,T0101,-0.438114
2019,A,NLD,S1,S1,B1G,_Z,_T,_Z,PC,L,G1,T0101,2.390709
2019,A,NOR,S1,S1,B1G,_Z,_T,_Z,PC,L,G1,T0101,1.235078
2019,A,POL,S1,S1,B1G,_Z,_T,_Z,PC,L,G1,T0101,4.480361
2019,A,PRT,S1,S1,B1G,_Z,_T,_Z,PC,L,G1,T0101,2.71347
2019,A,SVK,S1,S1,B1G,_Z,_T,_Z,PC,L,G1,T0101,1.833951
2019,A,SVN,S1,S1,B1G,_Z,_T,_Z,PC,L,G1,T0101,3.648819
2019,A,MLT,S1,S1,B1G,_Z,_T,_Z,PC,L,G1,T0101,7.923729
2019,A,MKD,S1,S1,B1G,_Z,_T,_Z,PC,L,G1,T0101,3.836146
2019,A,ROU,S1,S1,B1G,_Z,_T,_Z,PC,L,G1,T0101,3.803209
2019,A,RUS,S1,S1,B1G,_Z,_T,_Z,PC,L,G1,T0101,2.012339
2019,A,SRB,S1,S1,B1G,_Z,_T,_Z,PC,L,G1,T0101,4.355432
2019,A,ZAF,S1,S1,B1G,_Z,_T,_Z,PC,L,G1,T0101,0.219257
2018,A,LVA,S1,S1,B1G,_Z,_T,_Z,PC,L,G1,T0101,3.690021
2018,A,MEX,S1,S1,B1G,_Z,_T,_Z,PC,L,G1,T0101,1.9479
2018,A,NLD,S1,S1,B1G,_Z,_T,_Z,PC,L,G1,T0101,2.211676
2018,A,NOR,S1,S1,B1G,_Z,_T,_Z,PC,L,G1,T0101,0.742151
2018,A,POL,S1,S1,B1G,_Z,_T,_Z,PC,L,G1,T0101,6.241898
2018,A,PRT,S1,S1,B1G,_Z,_T,_Z,PC,L,G1,T0101,2.861391
2018,A,SVK,S1,S1,B1G,_Z,_T,_Z,PC,L,G1,T0101,3.967604
2018,A,SVN,S1,S1,B1G,_Z,_T,_Z,PC,L,G1,T0101,4.392432
2018,A,MLT,S1,S1,B1G,_Z,_T,_Z,PC,L,G1,T0101,5.976602
2018,A,MKD,S1,S1,B1G,_Z,_T,_Z,PC,L,G1,T0101,2.919642
2018,A,ROU,S1,S1,B1G,_Z,_T,_Z,PC,L,G1,T0101,5.745028
2018,A,RUS,S1,S1,B1G,_Z,_T,_Z,PC,L,G1,T0101,2.782664
2018,A,SRB,S1,S1,B1G,_Z,_T,_Z,PC,L,G1,T0101,4.290924
2018,A,ZAF,S1,S1,B1G,_Z,_T,_Z,PC,L,G1,T0101,1.639651
2020,A,LVA,S1,S1,B1G,_Z,_T,_Z,PC,L,G1,T0101,-3.486661
2020,A,MEX,S1,S1,B1G,_Z,_T,_Z,PC,L,G1,T0101,-8.038196
2014,A,LVA,S1,S1,B1GXP119,_Z,_T,_Z,PC,L,G1,T0101,1.818952
2014,A,LUX,S1,S1,B1GXP119,_Z,_T,_Z,PC,L,G1,T0101,2.046775
2014,A,MEX,S1,S1,B1GXP119,_Z,_T,_Z,PC,L,G1,T0101,2.506279
2014,A,NLD,S1,S1,B1GXP119,_Z,_T,_Z,PC,L,G1,T0101,1.65363
2014,A,NOR,S1,S1,B1GXP119,_Z,_T,_Z,PC,L,G1,T0101,2.053919
2014,A,POL,S1,S1,B1GXP119,_Z,_T,_Z,PC,L,G1,T0101,3.830046
2014,A,PRT,S1,S1,B1GXP119,_Z,_T,_Z,PC,L,G1,T0101,0.277748
2014,A,SVK,S1,S1,B1GXP119,_Z,_T,_Z,PC,L,G1,T0101,2.650833
2014,A,SVN,S1,S1,B1GXP119,_Z,_T,_Z,PC,L,G1,T0101,3.48128
2014,A,MLT,S1,S1,B1GXP119,_Z,_T,_Z,PC,L,G1,T0101,8.120655
2014,A,MKD,S1,S1,B1GXP119,_Z,_T,_Z,PC,L,G1,T0101,4.984346
2014,A,ROU,S1,S1,B1GXP119,_Z,_T,_Z,PC,L,G1,T0101,4.166999
2014,A,RUS,S1,S1,B1GXP119,_Z,_T,_Z,PC,L,G1,T0101,1.098112
2014,A,SRB,S1,S1,B1GXP119,_Z,_T,_Z,PC,L,G1,T0101,-1.912628
2014,A,ZAF,S1,S1,B1GXP119,_Z,_T,_Z,PC,L,G1,T0101,1.53534
2015,A,LVA,S1,S1,B1GXP119,_Z,_T,_Z,PC,L,G1,T0101,3.537161
2015,A,LUX,S1,S1,B1GXP119,_Z,_T,_Z,PC,L,G1,T0101,4.620495
2015,A,MEX,S1,S1,B1GXP119,_Z,_T,_Z,PC,L,G1,T0101,2.556458
2015,A,NLD,S1,S1,B1GXP119,_Z,_T,_Z,PC,L,G1,T0101,1.931532
2015,A,NOR,S1,S1,B1GXP119,_Z,_T,_Z,PC,L,G1,T0101,1.809063
2015,A,POL,S1,S1,B1GXP119,_Z,_T,_Z,PC,L,G1,T0101,4.567578
2015,A,PRT,S1,S1,B1GXP119,_Z,_T,_Z,PC,L,G1,T0101,1.356147
2015,A,SVK,S1,S1,B1GXP119,_Z,_T,_Z,PC,L,G1,T0101,4.920085
2015,A,SVN,S1,S1,B1GXP119,_Z,_T,_Z,PC,L,G1,T0101,2.35696
2015,A,MLT,S1,S1,B1GXP119,_Z,_T,_Z,PC,L,G1,T0101,10.929437
2015,A,MKD,S1,S1,B1GXP119,_Z,_T,_Z,PC,L,G1,T0101,4.440645
2015,A,ROU,S1,S1,B1GXP119,_Z,_T,_Z,PC,L,G1,T0101,2.67157
2015,A,RUS,S1,S1,B1GXP119,_Z,_T,_Z,PC,L,G1,T0101,-1.463616
2015,A,SRB,S1,S1,B1GXP119,_Z,_T,_Z,PC,L,G1,T0101,2.313421
2015,A,ZAF,S1,S1,B1GXP119,_Z,_T,_Z,PC,L,G1,T0101,1.149577
2016,A,LVA,S1,S1,B1GXP119,_Z,_T,_Z,PC,L,G1,T0101,2.000582
2016,A,LUX,S1,S1,B1GXP119,_Z,_T,_Z,PC,L,G1,T0101,5.077002
2016,A,MEX,S1,S1,B1GXP119,_Z,_T,_Z,PC,L,G1,T0101,1.745723
2016,A,NLD,S1,S1,B1GXP119,_Z,_T,_Z,PC,L,G1,T0101,2.24449
2016,A,NOR,S1,S1,B1GXP119,_Z,_T,_Z,PC,L,G1,T0101,1.037247
2016,A,POL,S1,S1,B1GXP119,_Z,_T,_Z,PC,L,G1,T0101,2.897712
2016,A,PRT,S1,S1,B1GXP119,_Z,_T,_Z,PC,L,G1,T0101,1.727137
2016,A,SVK,S1,S1,B1GXP119,_Z,_T,_Z,PC,L,G1,T0101,2.075498
2016,A,SVN,S1,S1,B1GXP119,_Z,_T,_Z,PC,L,G1,T0101,3.157101
2016,A,MLT,S1,S1,B1GXP119,_Z,_T,_Z,PC,L,G1,T0101,3.32578
2016,A,MKD,S1,S1,B1GXP119,_Z,_T,_Z,PC,L,G1,T0101,2.025066
2016,A,ROU,S1,S1,B1GXP119,_Z,_T,_Z,PC,L,G1,T0101,2.814892
2016,A,RUS,S1,S1,B1GXP119,_Z,_T,_Z,PC,L,G1,T0101,0.313148
2016,A,SRB,S1,S1,B1GXP119,_Z,_T,_Z,PC,L,G1,T0101,2.939464
2016,A,ZAF,S1,S1,B1GXP119,_Z,_T,_Z,PC,L,G1,T0101,0.825964
2017,A,LVA,S1,S1,B1GXP119,_Z,_T,_Z,PC,L,G1,T0101,3.397988
2017,A,LUX,S1,S1,B1GXP119,_Z,_T,_Z,PC,L,G1,T0101,0.908442
2017,A,MEX,S1,S1,B1GXP119,_Z,_T,_Z,PC,L,G1,T0101,1.867424
2017,A,NLD,S1,S1,B1GXP119,_Z,_T,_Z,PC,L,G1,T0101,2.786383
2017,A,NOR,S1,S1,B1GXP119,_Z,_T,_Z,PC,L,G1,T0101,2.412189
2017,A,POL,S1,S1,B1GXP119,_Z,_T,_Z,PC,L,G1,T0101,5.008041
2017,A,PRT,S1,S1,B1GXP119,_Z,_T,_Z,PC,L,G1,T0101,3.194746
2017,A,SVK,S1,S1,B1GXP119,_Z,_T,_Z,PC,L,G1,T0101,2.233721
2017,A,SVN,S1,S1,B1GXP119,_Z,_T,_Z,PC,L,G1,T0101,5.476048
2017,A,MLT,S1,S1,B1GXP119,_Z,_T,_Z,PC,L,G1,T0101,10.925063
2017,A,MKD,S1,S1,B1GXP119,_Z,_T,_Z,PC,L,G1,T0101,0.916561
2017,A,ROU,S1,S1,B1GXP119,_Z,_T,_Z,PC,L,G1,T0101,8.404324
2017,A,RUS,S1,S1,B1GXP119,_Z,_T,_Z,PC,L,G1,T0101,1.84497
2017,A,SRB,S1,S1,B1GXP119,_Z,_T,_Z,PC,L,G1,T0101,2.075708
2017,A,ZAF,S1,S1,B1GXP119,_Z,_T,_Z,PC,L,G1,T0101,1.160691
2018,A,LVA,S1,S1,B1GXP119,_Z,_T,_Z,PC,L,G1,T0101,3.690021
2018,A,MEX,S1,S1,B1GXP119,_Z,_T,_Z,PC,L,G1,T0101,1.9479
2018,A,NLD,S1,S1,B1GXP119,_Z,_T,_Z,PC,L,G1,T0101,2.211676
2018,A,NOR,S1,S1,B1GXP119,_Z,_T,_Z,PC,L,G1,T0101,0.742151
2018,A,POL,S1,S1,B1GXP119,_Z,_T,_Z,PC,L,G1,T0101,6.241898
2018,A,PRT,S1,S1,B1GXP119,_Z,_T,_Z,PC,L,G1,T0101,2.861391
2018,A,SVK,S1,S1,B1GXP119,_Z,_T,_Z,PC,L,G1,T0101,3.967604
2018,A,SVN,S1,S1,B1GXP119,_Z,_T,_Z,PC,L,G1,T0101,4.392432
2018,A,MLT,S1,S1,B1GXP119,_Z,_T,_Z,PC,L,G1,T0101,5.976602
2018,A,MKD,S1,S1,B1GXP119,_Z,_T,_Z,PC,L,G1,T0101,2.919642
2018,A,ROU,S1,S1,B1GXP119,_Z,_T,_Z,PC,L,G1,T0101,5.745028
2018,A,RUS,S1,S1,B1GXP119,_Z,_T,_Z,PC,L,G1,T0101,2.782664
2018,A,SRB,S1,S1,B1GXP119,_Z,_T,_Z,PC,L,G1,T0101,4.290924
2018,A,ZAF,S1,S1,B1GXP119,_Z,_T,_Z,PC,L,G1,T0101,1.639651
2019,A,LVA,S1,S1,B1GXP119,_Z,_T,_Z,PC,L,G1,T0101,0.626067
2019,A,MEX,S1,S1,B1GXP119,_Z,_T,_Z,PC,L,G1,T0101,-0.438114
2019,A,NLD,S1,S1,B1GXP119,_Z,_T,_Z,PC,L,G1,T0101,2.390709
2019,A,NOR,S1,S1,B1GXP119,_Z,_T,_Z,PC,L,G1,T0101,1.235078
2019,A,POL,S1,S1,B1GXP119,_Z,_T,_Z,PC,L,G1,T0101,4.480361
2019,A,PRT,S1,S1,B1GXP119,_Z,_T,_Z,PC,L,G1,T0101,2.71347
2019,A,SVK,S1,S1,B1GXP119,_Z,_T,_Z,PC,L,G1,T0101,1.833951
2019,A,SVN,S1,S1,B1GXP119,_Z,_T,_Z,PC,L,G1,T0101,3.648819
2019,A,MLT,S1,S1,B1GXP119,_Z,_T,_Z,PC,L,G1,T0101,7.923729
2019,A,MKD,S1,S1,B1GXP119,_Z,_T,_Z,PC,L,G1,T0101,3.836146
2019,A,ROU,S1,S1,B1GXP119,_Z,_T,_Z,PC,L,G1,T0101,3.803209
2019,A,RUS,S1,S1,B1GXP119,_Z,_T,_Z,PC,L,G1,T0101,2.012339
2019,A,SRB,S1,S1,B1GXP119,_Z,_T,_Z,PC,L,G1,T0101,4.355432
2019,A,ZAF,S1,S1,B1GXP119,_Z,_T,_Z,PC,L,G1,T0101,0.219257
2020,A,LVA,S1,S1,B1GXP119,_Z,_T,_Z,PC,L,G1,T0101,-3.486661
2014,A,ISR,S1,S1,B1GXP119,_Z,_T,_Z,PC,L,G1,T0101,3.648927
2014,A,NZL,S1,S1,B1GXP119,_Z,_T,_Z,PC,L,G1,T0101,3.819177
2014,A,SWE,S1,S1,B1GXP119,_Z,_T,_Z,PC,L,G1,T0101,2.347386
2014,A,TUR,S1,S1,B1GXP119,_Z,_T,_Z,PC,L,G1,T0101,5.338367
2015,A,AUS,S1,S1,B1GXP119,_Z,_T,_Z,PC,L,G1,T0101,2.559731
2015,A,HUN,S1,S1,B1GXP119,_Z,_T,_Z,PC,L,G1,T0101,3.632042
2015,A,ISR,S1,S1,B1GXP119,_Z,_T,_Z,PC,L,G1,T0101,2.255026
2015,A,NZL,S1,S1,B1GXP119,_Z,_T,_Z,PC,L,G1,T0101,3.524627
2015,A,SWE,S1,S1,B1GXP119,_Z,_T,_Z,PC,L,G1,T0101,4.280341
2015,A,TUR,S1,S1,B1GXP119,_Z,_T,_Z,PC,L,G1,T0101,5.627635
2015,A,EU27_2020,S1,S1,B1GXP119,_Z,_T,_Z,PC,L,G1,T0101,2.213773
2016,A,AUS,S1,S1,B1GXP119,_Z,_T,_Z,PC,L,G1,T0101,2.311212
2016,A,HUN,S1,S1,B1GXP119,_Z,_T,_Z,PC,L,G1,T0101,2.579533
2016,A,ISR,S1,S1,B1GXP119,_Z,_T,_Z,PC,L,G1,T0101,3.827311
2016,A,NZL,S1,S1,B1GXP119,_Z,_T,_Z,PC,L,G1,T0101,3.687081
2016,A,SWE,S1,S1,B1GXP119,_Z,_T,_Z,PC,L,G1,T0101,1.765318
2016,A,TUR,S1,S1,B1GXP119,_Z,_T,_Z,PC,L,G1,T0101,3.262701
2016,A,EU27_2020,S1,S1,B1GXP119,_Z,_T,_Z,PC,L,G1,T0101,1.858319
2017,A,AUS,S1,S1,B1GXP119,_Z,_T,_Z,PC,L,G1,T0101,2.993056
2017,A,HUN,S1,S1,B1GXP119,_Z,_T,_Z,PC,L,G1,T0101,4.023272
2017,A,ISR,S1,S1,B1GXP119,_Z,_T,_Z,PC,L,G1,T0101,4.675864
2017,A,NZL,S1,S1,B1GXP119,_Z,_T,_Z,PC,L,G1,T0101,3.326523
2017,A,SWE,S1,S1,B1GXP119,_Z,_T,_Z,PC,L,G1,T0101,2.011638
2017,A,TUR,S1,S1,B1GXP119,_Z,_T,_Z,PC,L,G1,T0101,7.942279
2017,A,EU27_2020,S1,S1,B1GXP119,_Z,_T,_Z,PC,L,G1,T0101,2.873026
2018,A,AUS,S1,S1,B1GXP119,_Z,_T,_Z,PC,L,G1,T0101,2.366509
2018,A,ISR,S1,S1,B1GXP119,_Z,_T,_Z,PC,L,G1,T0101,3.939582
2018,A,LUX,S1,S1,B1GXP119,_Z,_T,_Z,PC,L,G1,T0101,1.240329
2018,A,NZL,S1,S1,B1GXP119,_Z,_T,_Z,PC,L,G1,T0101,3.445469
2018,A,SWE,S1,S1,B1GXP119,_Z,_T,_Z,PC,L,G1,T0101,1.823555
2018,A,TUR,S1,S1,B1GXP119,_Z,_T,_Z,PC,L,G1,T0101,3.367077
2018,A,EA20,S1,S1,B1GXP119,_Z,_T,_Z,PC,L,G1,T0101,1.824967
2018,A,EU27_2020,S1,S1,B1GXP119,_Z,_T,_Z,PC,L,G1,T0101,2.090997
2019,A,AUS,S1,S1,B1GXP119,_Z,_T,_Z,PC,L,G1,T0101,0.133546
2019,A,ISR,S1,S1,B1GXP119,_Z,_T,_Z,PC,L,G1,T0101,3.557609
2019,A,LUX,S1,S1,B1GXP119,_Z,_T,_Z,PC,L,G1,T0101,2.82749
2019,A,NZL,S1,S1,B1GXP119,_Z,_T,_Z,PC,L,G1,T0101,2.33308
2019,A,SWE,S1,S1,B1GXP119,_Z,_T,_Z,PC,L,G1,T0101,2.811415
2019,A,TUR,S1,S1,B1GXP119,_Z,_T,_Z,PC,L,G1,T0101,0.890149
2019,A,EA20,S1,S1,B1GXP119,_Z,_T,_Z,PC,L,G1,T0101,1.616992
2019,A,EU27_2020,S1,S1,B1GXP119,_Z,_T,_Z,PC,L,G1,T0101,1.867078
2020,A,AUS,S1,S1,B1GXP119,_Z,_T,_Z,PC,L,G1,T0101,1.975342
2020,A,HUN,S1,S1,B1GXP119,_Z,_T,_Z,PC,L,G1,T0101,-4.608984
2020,A,ISR,S1,S1,B1GXP119,_Z,_T,_Z,PC,L,G1,T0101,-1.599672
2020,A,JPN,S1,S1,B1GXP119,_Z,_T,_Z,PC,L,G1,T0101,-4.578475
2020,A,LUX,S1,S1,B1GXP119,_Z,_T,_Z,PC,L,G1,T0101,-0.885814
2014,A,NZL,S1,S1,B1G,_Z,_T,_Z,PC,L,G1,T0101,3.819177
2014,A,SWE,S1,S1,B1G,_Z,_T,_Z,PC,L,G1,T0101,2.347386
2015,A,AUS,S1,S1,B1G,_Z,_T,_Z,PC,L,G1,T0101,2.559731
2015,A,HUN,S1,S1,B1G,_Z,_T,_Z,PC,L,G1,T0101,3.632042
2015,A,NZL,S1,S1,B1G,_Z,_T,_Z,PC,L,G1,T0101,3.524627
2015,A,SWE,S1,S1,B1G,_Z,_T,_Z,PC,L,G1,T0101,4.280341
2015,A,EU27_2020,S1,S1,B1G,_Z,_T,_Z,PC,L,G1,T0101,2.213773
2016,A,AUS,S1,S1,B1G,_Z,_T,_Z,PC,L,G1,T0101,2.311212
2016,A,HUN,S1,S1,B1G,_Z,_T,_Z,PC,L,G1,T0101,2.579533
2016,A,NZL,S1,S1,B1G,_Z,_T,_Z,PC,L,G1,T0101,3.687081
2016,A,SWE,S1,S1,B1G,_Z,_T,_Z,PC,L,G1,T0101,1.765318
2016,A,EU27_2020,S1,S1,B1G,_Z,_T,_Z,PC,L,G1,T0101,1.858319
2017,A,AUS,S1,S1,B1G,_Z,_T,_Z,PC,L,G1,T0101,2.993056
2017,A,HUN,S1,S1,B1G,_Z,_T,_Z,PC,L,G1,T0101,4.023272
2017,A,NZL,S1,S1,B1G,_Z,_T,_Z,PC,L,G1,T0101,3.326523
2017,A,SWE,S1,S1,B1G,_Z,_T,_Z,PC,L,G1,T0101,2.011638
2017,A,EU27_2020,S1,S1,B1G,_Z,_T,_Z,PC,L,G1,T0101,2.873026
2020,A,AUS,S1,S1,B1G,_Z,_T,_Z,PC,L,G1,T0101,1.975342
2020,A,HUN,S1,S1,B1G,_Z,_T,_Z,PC,L,G1,T0101,-4.608984
2020,A,JPN,S1,S1,B1G,_Z,_T,_Z,PC,L,G1,T0101,-4.578475
2019,A,AUS,S1,S1,B1G,_Z,_T,_Z,PC,L,G1,T0101,0.133546
2019,A,NZL,S1,S1,B1G,_Z,_T,_Z,PC,L,G1,T0101,2.33308
2019,A,SWE,S1,S1,B1G,_Z,_T,_Z,PC,L,G1,T0101,2.811415
2019,A,EA20,S1,S1,B1G,_Z,_T,_Z,PC,L,G1,T0101,1.616992
2019,A,EU27_2020,S1,S1,B1G,_Z,_T,_Z,PC,L,G1,T0101,1.867078
2018,A,AUS,S1,S1,B1G,_Z,_T,_Z,PC,L,G1,T0101,2.366509
2018,A,NZL,S1,S1,B1G,_Z,_T,_Z,PC,L,G1,T0101,3.445469
2018,A,SWE,S1,S1,B1G,_Z,_T,_Z,PC,L,G1,T0101,1.823555
2018,A,EA20,S1,S1,B1G,_Z,_T,_Z,PC,L,G1,T0101,1.824967
2018,A,EU27_2020,S1,S1,B1G,_Z,_T,_Z,PC,L,G1,T0101,2.090997
2018,A,LUX,S1,S1,B1G,_Z,_T,_Z,PC,L,G1,T0101,1.240329
2019,A,LUX,S1,S1,B1G,_Z,_T,_Z,PC,L,G1,T0101,2.82749
2020,A,LUX,S1,S1,B1G,_Z,_T,_Z,PC,L,G1,T0101,-0.885814
2014,A,TUR,S1,S1,B1G,_Z,_T,_Z,PC,L,G1,T0101,5.338367
2015,A,TUR,S1,S1,B1G,_Z,_T,_Z,PC,L,G1,T0101,5.627635
2016,A,TUR,S1,S1,B1G,_Z,_T,_Z,PC,L,G1,T0101,3.262701
2017,A,TUR,S1,S1,B1G,_Z,_T,_Z,PC,L,G1,T0101,7.942279
2018,A,TUR,S1,S1,B1G,_Z,_T,_Z,PC,L,G1,T0101,3.367077
2019,A,TUR,S1,S1,B1G,_Z,_T,_Z,PC,L,G1,T0101,0.890149
2014,A,ISR,S1,S1,B1G,_Z,_T,_Z,PC,L,G1,T0101,3.648927
2015,A,ISR,S1,S1,B1G,_Z,_T,_Z,PC,L,G1,T0101,2.255026
2016,A,ISR,S1,S1,B1G,_Z,_T,_Z,PC,L,G1,T0101,3.827311
2017,A,ISR,S1,S1,B1G,_Z,_T,_Z,PC,L,G1,T0101,4.675864
2018,A,ISR,S1,S1,B1G,_Z,_T,_Z,PC,L,G1,T0101,3.939582
2019,A,ISR,S1,S1,B1G,_Z,_T,_Z,PC,L,G1,T0101,3.557609
2020,A,ISR,S1,S1,B1G,_Z,_T,_Z,PC,L,G1,T0101,-1.599672
2011,A,EU27_2020,S1,S1,B1GXP119,_Z,_T,_Z,PC,L,G1,T0101,2.054672
2011,A,MLT,S1,S1,B1GXP119,_Z,_T,_Z,PC,L,G1,T0101,-0.626377
2011,A,MKD,S1,S1,B1GXP119,_Z,_T,_Z,PC,L,G1,T0101,1.949814
2011,A,ROU,S1,S1,B1GXP119,_Z,_T,_Z,PC,L,G1,T0101,4.289235
2011,A,RUS,S1,S1,B1GXP119,_Z,_T,_Z,PC,L,G1,T0101,3.833795
2011,A,SRB,S1,S1,B1GXP119,_Z,_T,_Z,PC,L,G1,T0101,2.073401
2011,A,ZAF,S1,S1,B1GXP119,_Z,_T,_Z,PC,L,G1,T0101,3.088621
2012,A,AUS,S1,S1,B1GXP119,_Z,_T,_Z,PC,L,G1,T0101,2.667601
2012,A,HUN,S1,S1,B1GXP119,_Z,_T,_Z,PC,L,G1,T0101,-1.340281
2012,A,ISR,S1,S1,B1GXP119,_Z,_T,_Z,PC,L,G1,T0101,2.343204
2012,A,LVA,S1,S1,B1GXP119,_Z,_T,_Z,PC,L,G1,T0101,6.916587
2012,A,LUX,S1,S1,B1GXP119,_Z,_T,_Z,PC,L,G1,T0101,1.376935
2012,A,MEX,S1,S1,B1GXP119,_Z,_T,_Z,PC,L,G1,T0101,3.678084
2012,A,NLD,S1,S1,B1GXP119,_Z,_T,_Z,PC,L,G1,T0101,-0.741383
2012,A,NZL,S1,S1,B1GXP119,_Z,_T,_Z,PC,L,G1,T0101,2.276588
2012,A,NOR,S1,S1,B1GXP119,_Z,_T,_Z,PC,L,G1,T0101,2.63229
2012,A,POL,S1,S1,B1GXP119,_Z,_T,_Z,PC,L,G1,T0101,1.341984
2012,A,PRT,S1,S1,B1GXP119,_Z,_T,_Z,PC,L,G1,T0101,-3.234741
2012,A,SVK,S1,S1,B1GXP119,_Z,_T,_Z,PC,L,G1,T0101,2.454485
2012,A,SVN,S1,S1,B1GXP119,_Z,_T,_Z,PC,L,G1,T0101,-2.563692
2012,A,SWE,S1,S1,B1GXP119,_Z,_T,_Z,PC,L,G1,T0101,-0.39837
2012,A,TUR,S1,S1,B1GXP119,_Z,_T,_Z,PC,L,G1,T0101,5.217733
2012,A,EU27_2020,S1,S1,B1GXP119,_Z,_T,_Z,PC,L,G1,T0101,-0.669695
2012,A,MLT,S1,S1,B1GXP119,_Z,_T,_Z,PC,L,G1,T0101,4.929491
2012,A,MKD,S1,S1,B1GXP119,_Z,_T,_Z,PC,L,G1,T0101,-0.666177
2012,A,ROU,S1,S1,B1GXP119,_Z,_T,_Z,PC,L,G1,T0101,2.001422
2012,A,RUS,S1,S1,B1GXP119,_Z,_T,_Z,PC,L,G1,T0101,4.111802
2012,A,SRB,S1,S1,B1GXP119,_Z,_T,_Z,PC,L,G1,T0101,-0.621885
2012,A,ZAF,S1,S1,B1GXP119,_Z,_T,_Z,PC,L,G1,T0101,2.271084
2013,A,AUS,S1,S1,B1GXP119,_Z,_T,_Z,PC,L,G1,T0101,2.745512
2013,A,ISR,S1,S1,B1GXP119,_Z,_T,_Z,PC,L,G1,T0101,4.091488
2013,A,LVA,S1,S1,B1GXP119,_Z,_T,_Z,PC,L,G1,T0101,1.418691
2013,A,LUX,S1,S1,B1GXP119,_Z,_T,_Z,PC,L,G1,T0101,3.102422
2013,A,MEX,S1,S1,B1GXP119,_Z,_T,_Z,PC,L,G1,T0101,0.94823
2013,A,NLD,S1,S1,B1GXP119,_Z,_T,_Z,PC,L,G1,T0101,0.369574
2013,A,NZL,S1,S1,B1GXP119,_Z,_T,_Z,PC,L,G1,T0101,2.534574
2013,A,NOR,S1,S1,B1GXP119,_Z,_T,_Z,PC,L,G1,T0101,0.946748
2013,A,POL,S1,S1,B1GXP119,_Z,_T,_Z,PC,L,G1,T0101,0.607208
2013,A,PRT,S1,S1,B1GXP119,_Z,_T,_Z,PC,L,G1,T0101,-0.636233
2013,A,SVK,S1,S1,B1GXP119,_Z,_T,_Z,PC,L,G1,T0101,0.248005
2013,A,SVN,S1,S1,B1GXP119,_Z,_T,_Z,PC,L,G1,T0101,-0.464441
2013,A,SWE,S1,S1,B1GXP119,_Z,_T,_Z,PC,L,G1,T0101,1.102593
2013,A,TUR,S1,S1,B1GXP119,_Z,_T,_Z,PC,L,G1,T0101,7.956353
2013,A,EU27_2020,S1,S1,B1GXP119,_Z,_T,_Z,PC,L,G1,T0101,0.066922
2013,A,MLT,S1,S1,B1GXP119,_Z,_T,_Z,PC,L,G1,T0101,6.575377
2013,A,MKD,S1,S1,B1GXP119,_Z,_T,_Z,PC,L,G1,T0101,3.914767
2013,A,ROU,S1,S1,B1GXP119,_Z,_T,_Z,PC,L,G1,T0101,0.404226
2013,A,RUS,S1,S1,B1GXP119,_Z,_T,_Z,PC,L,G1,T0101,1.739981
2013,A,SRB,S1,S1,B1GXP119,_Z,_T,_Z,PC,L,G1,T0101,3.670286
2013,A,ZAF,S1,S1,B1GXP119,_Z,_T,_Z,PC,L,G1,T0101,2.509346
2014,A,AUS,S1,S1,B1GXP119,_Z,_T,_Z,PC,L,G1,T0101,2.317343
2020,A,MEX,S1,S1,B1GXP119,_Z,_T,_Z,PC,L,G1,T0101,-8.038196
2020,A,NLD,S1,S1,B1GXP119,_Z,_T,_Z,PC,L,G1,T0101,-4.023351
2020,A,NZL,S1,S1,B1GXP119,_Z,_T,_Z,PC,L,G1,T0101,-0.1333
2020,A,NOR,S1,S1,B1GXP119,_Z,_T,_Z,PC,L,G1,T0101,-1.241695
2020,A,POL,S1,S1,B1GXP119,_Z,_T,_Z,PC,L,G1,T0101,-2.060285
2020,A,PRT,S1,S1,B1GXP119,_Z,_T,_Z,PC,L,G1,T0101,-7.644734
2020,A,SVK,S1,S1,B1GXP119,_Z,_T,_Z,PC,L,G1,T0101,-2.367007
2020,A,SVN,S1,S1,B1GXP119,_Z,_T,_Z,PC,L,G1,T0101,-3.05878
2020,A,SWE,S1,S1,B1GXP119,_Z,_T,_Z,PC,L,G1,T0101,-2.264717
2020,A,TUR,S1,S1,B1GXP119,_Z,_T,_Z,PC,L,G1,T0101,0.915776
2020,A,EA20,S1,S1,B1GXP119,_Z,_T,_Z,PC,L,G1,T0101,-5.842336
2020,A,EU27_2020,S1,S1,B1GXP119,_Z,_T,_Z,PC,L,G1,T0101,-5.431514
2020,A,MLT,S1,S1,B1GXP119,_Z,_T,_Z,PC,L,G1,T0101,-7.392555
2020,A,MKD,S1,S1,B1GXP119,_Z,_T,_Z,PC,L,G1,T0101,-4.302575
2020,A,ROU,S1,S1,B1GXP119,_Z,_T,_Z,PC,L,G1,T0101,-3.510401
2020,A,RUS,S1,S1,B1GXP119,_Z,_T,_Z,PC,L,G1,T0101,-2.666511
2020,A,SRB,S1,S1,B1GXP119,_Z,_T,_Z,PC,L,G1,T0101,-0.606878
2020,A,ZAF,S1,S1,B1GXP119,_Z,_T,_Z,PC,L,G1,T0101,-5.786694
2021,A,AUS,S1,S1,B1GXP119,_Z,_T,_Z,PC,L,G1,T0101,4.123042
2021,A,BEL,S1,S1,B1GXP119,_Z,_T,_Z,PC,L,G1,T0101,5.693634
2021,A,CHL,S1,S1,B1GXP119,_Z,_T,_Z,PC,L,G1,T0101,10.18456
2021,A,COL,S1,S1,B1GXP119,_Z,_T,_Z,PC,L,G1,T0101,10.302562
2021,A,DNK,S1,S1,B1GXP119,_Z,_T,_Z,PC,L,G1,T0101,6.793351
2021,A,FIN,S1,S1,B1GXP119,_Z,_T,_Z,PC,L,G1,T0101,2.752351
2021,A,HUN,S1,S1,B1GXP119,_Z,_T,_Z,PC,L,G1,T0101,7.628985
2021,A,ISR,S1,S1,B1GXP119,_Z,_T,_Z,PC,L,G1,T0101,8.954558
2021,A,JPN,S1,S1,B1GXP119,_Z,_T,_Z,PC,L,G1,T0101,3.022454
2021,A,LVA,S1,S1,B1GXP119,_Z,_T,_Z,PC,L,G1,T0101,7.30078
2021,A,LUX,S1,S1,B1GXP119,_Z,_T,_Z,PC,L,G1,T0101,7.251513
2021,A,MEX,S1,S1,B1GXP119,_Z,_T,_Z,PC,L,G1,T0101,5.76204
2021,A,NLD,S1,S1,B1GXP119,_Z,_T,_Z,PC,L,G1,T0101,6.685267
2021,A,NZL,S1,S1,B1GXP119,_Z,_T,_Z,PC,L,G1,T0101,4.450377
2021,A,NOR,S1,S1,B1GXP119,_Z,_T,_Z,PC,L,G1,T0101,3.820038
2021,A,POL,S1,S1,B1GXP119,_Z,_T,_Z,PC,L,G1,T0101,6.629321
2021,A,PRT,S1,S1,B1GXP119,_Z,_T,_Z,PC,L,G1,T0101,5.288664
2021,A,SVK,S1,S1,B1GXP119,_Z,_T,_Z,PC,L,G1,T0101,5.112306
2021,A,SVN,S1,S1,B1GXP119,_Z,_T,_Z,PC,L,G1,T0101,7.640149
2021,A,SWE,S1,S1,B1GXP119,_Z,_T,_Z,PC,L,G1,T0101,5.365022
2021,A,TUR,S1,S1,B1GXP119,_Z,_T,_Z,PC,L,G1,T0101,12.66919
2021,A,EA20,S1,S1,B1GXP119,_Z,_T,_Z,PC,L,G1,T0101,6.244363
2021,A,EU27_2020,S1,S1,B1GXP119,_Z,_T,_Z,PC,L,G1,T0101,6.21688
2021,A,MLT,S1,S1,B1GXP119,_Z,_T,_Z,PC,L,G1,T0101,11.964035
2021,A,ROU,S1,S1,B1GXP119,_Z,_T,_Z,PC,L,G1,T0101,5.154152
2021,A,SRB,S1,S1,B1GXP119,_Z,_T,_Z,PC,L,G1,T0101,7.607906
2021,A,ZAF,S1,S1,B1GXP119,_Z,_T,_Z,PC,L,G1,T0101,4.525767
2022,A,AUS,S1,S1,B1GXP119,_Z,_T,_Z,PC,L,G1,T0101,3.665822
2022,A,BEL,S1,S1,B1GXP119,_Z,_T,_Z,PC,L,G1,T0101,4.549111
2022,A,CHL,S1,S1,B1GXP119,_Z,_T,_Z,PC,L,G1,T0101,2.440919
2022,A,COL,S1,S1,B1GXP119,_Z,_T,_Z,PC,L,G1,T0101,6.415538
2022,A,DNK,S1,S1,B1GXP119,_Z,_T,_Z,PC,L,G1,T0101,1.370523
2022,A,FIN,S1,S1,B1GXP119,_Z,_T,_Z,PC,L,G1,T0101,1.075394
2022,A,FRA,S1,S1,B1GXP119,_Z,_T,_Z,PC,L,G1,T0101,2.974128
2022,A,HUN,S1,S1,B1GXP119,_Z,_T,_Z,PC,L,G1,T0101,4.559546
2022,A,ISR,S1,S1,B1GXP119,_Z,_T,_Z,PC,L,G1,T0101,5.964314
2022,A,ITA,S1,S1,B1GXP119,_Z,_T,_Z,PC,L,G1,T0101,4.939717
2022,A,JPN,S1,S1,B1GXP119,_Z,_T,_Z,PC,L,G1,T0101,1.853581
2022,A,LVA,S1,S1,B1GXP119,_Z,_T,_Z,PC,L,G1,T0101,1.592898
2022,A,LUX,S1,S1,B1GXP119,_Z,_T,_Z,PC,L,G1,T0101,-1.482477
2022,A,NLD,S1,S1,B1GXP119,_Z,_T,_Z,PC,L,G1,T0101,5.679461
2022,A,NZL,S1,S1,B1GXP119,_Z,_T,_Z,PC,L,G1,T0101,3.2841
2022,A,NOR,S1,S1,B1GXP119,_Z,_T,_Z,PC,L,G1,T0101,3.587883
2022,A,POL,S1,S1,B1GXP119,_Z,_T,_Z,PC,L,G1,T0101,5.455955
2022,A,PRT,S1,S1,B1GXP119,_Z,_T,_Z,PC,L,G1,T0101,6.913998
2022,A,SVK,S1,S1,B1GXP119,_Z,_T,_Z,PC,L,G1,T0101,0.093209
2022,A,SVN,S1,S1,B1GXP119,_Z,_T,_Z,PC,L,G1,T0101,2.636885
2022,A,SWE,S1,S1,B1GXP119,_Z,_T,_Z,PC,L,G1,T0101,1.446286
2022,A,CHE,S1,S1,B1GXP119,_Z,_T,_Z,PC,L,G1,T0101,3.043875
2022,A,TUR,S1,S1,B1GXP119,_Z,_T,_Z,PC,L,G1,T0101,6.164583
2022,A,EA20,S1,S1,B1GXP119,_Z,_T,_Z,PC,L,G1,T0101,3.890779
2022,A,EU27_2020,S1,S1,B1GXP119,_Z,_T,_Z,PC,L,G1,T0101,3.813564
2022,A,BRA,S1,S1,B1GXP119,_Z,_T,_Z,PC,L,G1,T0101,3.137147
2022,A,IDN,S1,S1,B1GXP119,_Z,_T,_Z,PC,L,G1,T0101,4.947298
2022,A,MLT,S1,S1,B1GXP119,_Z,_T,_Z,PC,L,G1,T0101,8.657612
2022,A,ROU,S1,S1,B1GXP119,_Z,_T,_Z,PC,L,G1,T0101,3.123427
2022,A,ZAF,S1,S1,B1GXP119,_Z,_T,_Z,PC,L,G1,T0101,2.124374
2023,A,AUS,S1,S1,B1GXP119,_Z,_T,_Z,PC,L,G1,T0101,1.569906
2023,A,CHL,S1,S1,B1GXP119,_Z,_T,_Z,PC,L,G1,T0101,1.36863
2023,A,CZE,S1,S1,B1GXP119,_Z,_T,_Z,PC,L,G1,T0101,0.467472
2023,A,DNK,S1,S1,B1GXP119,_Z,_T,_Z,PC,L,G1,T0101,1.443113
2023,A,FIN,S1,S1,B1GXP119,_Z,_T,_Z,PC,L,G1,T0101,-0.168071
2023,A,HUN,S1,S1,B1GXP119,_Z,_T,_Z,PC,L,G1,T0101,-0.248983
2023,A,ISR,S1,S1,B1GXP119,_Z,_T,_Z,PC,L,G1,T0101,2.261797
2023,A,ITA,S1,S1,B1GXP119,_Z,_T,_Z,PC,L,G1,T0101,0.72916
2023,A,JPN,S1,S1,B1GXP119,_Z,_T,_Z,PC,L,G1,T0101,1.584539
2023,A,LVA,S1,S1,B1GXP119,_Z,_T,_Z,PC,L,G1,T0101,3.942132
2023,A,LUX,S1,S1,B1GXP119,_Z,_T,_Z,PC,L,G1,T0101,-0.627487
2023,A,NLD,S1,S1,B1GXP119,_Z,_T,_Z,PC,L,G1,T0101,-0.556535
2023,A,NZL,S1,S1,B1GXP119,_Z,_T,_Z,PC,L,G1,T0101,1.520799
2023,A,NOR,S1,S1,B1GXP119,_Z,_T,_Z,PC,L,G1,T0101,0.261528
2023,A,POL,S1,S1,B1GXP119,_Z,_T,_Z,PC,L,G1,T0101,1.303828
2023,A,SVK,S1,S1,B1GXP119,_Z,_T,_Z,PC,L,G1,T0101,4.366266
2023,A,SVN,S1,S1,B1GXP119,_Z,_T,_Z,PC,L,G1,T0101,2.535185
2023,A,SWE,S1,S1,B1GXP119,_Z,_T,_Z,PC,L,G1,T0101,0.324669
2023,A,CHE,S1,S1,B1GXP119,_Z,_T,_Z,PC,L,G1,T0101,0.708271
2023,A,TUR,S1,S1,B1GXP119,_Z,_T,_Z,PC,L,G1,T0101,4.231773
2023,A,GBR,S1,S1,B1GXP119,_Z,_T,_Z,PC,L,G1,T0101,0.354356
2023,A,EA20,S1,S1,B1GXP119,_Z,_T,_Z,PC,L,G1,T0101,0.779724
2023,A,EU27_2020,S1,S1,B1GXP119,_Z,_T,_Z,PC,L,G1,T0101,0.847612
2023,A,IDN,S1,S1,B1GXP119,_Z,_T,_Z,PC,L,G1,T0101,5.05414
2023,A,ZAF,S1,S1,B1GXP119,_Z,_T,_Z,PC,L,G1,T0101,0.744358
2011,A,ALB,S1,S1,B1GXP119,_Z,_T,_Z,PC,L,G1,T0101,3.172913
2011,A,BRA,S1,S1,B1GXP119,_Z,_T,_Z,PC,L,G1,T0101,3.743142
2011,A,BGR,S1,S1,B1GXP119,_Z,_T,_Z,PC,L,G1,T0101,1.900646
2011,A,CHN,S1,S1,B1GXP119,_Z,_T,_Z,PC,L,G1,T0101,9.550825
2011,A,HRV,S1,S1,B1GXP119,_Z,_T,_Z,PC,L,G1,T0101,0.242484
2011,A,CYP,S1,S1,B1GXP119,_Z,_T,_Z,PC,L,G1,T0101,0.416714
2011,A,IDN,S1,S1,B1GXP119,_Z,_T,_Z,PC,L,G1,T0101,6.866792
2012,A,AUT,S1,S1,B1GXP119,_Z,_T,_Z,PC,L,G1,T0101,0.452351
2012,A,BEL,S1,S1,B1GXP119,_Z,_T,_Z,PC,L,G1,T0101,0.203112
2012,A,CHL,S1,S1,B1GXP119,_Z,_T,_Z,PC,L,G1,T0101,6.090318
2012,A,COL,S1,S1,B1GXP119,_Z,_T,_Z,PC,L,G1,T0101,3.854656
2012,A,CZE,S1,S1,B1GXP119,_Z,_T,_Z,PC,L,G1,T0101,-0.822013
2012,A,DNK,S1,S1,B1GXP119,_Z,_T,_Z,PC,L,G1,T0101,-0.002011
2012,A,EST,S1,S1,B1GXP119,_Z,_T,_Z,PC,L,G1,T0101,3.170416
2012,A,FIN,S1,S1,B1GXP119,_Z,_T,_Z,PC,L,G1,T0101,-2.046985
2012,A,FRA,S1,S1,B1GXP119,_Z,_T,_Z,PC,L,G1,T0101,0.396965
2012,A,DEU,S1,S1,B1GXP119,_Z,_T,_Z,PC,L,G1,T0101,0.505214
2012,A,GRC,S1,S1,B1GXP119,_Z,_T,_Z,PC,L,G1,T0101,-7.198419
2012,A,ITA,S1,S1,B1GXP119,_Z,_T,_Z,PC,L,G1,T0101,-2.823794
2012,A,JPN,S1,S1,B1GXP119,_Z,_T,_Z,PC,L,G1,T0101,1.122275
2012,A,KOR,S1,S1,B1GXP119,_Z,_T,_Z,PC,L,G1,T0101,2.597694
2012,A,LTU,S1,S1,B1GXP119,_Z,_T,_Z,PC,L,G1,T0101,4.382905
2012,A,ESP,S1,S1,B1GXP119,_Z,_T,_Z,PC,L,G1,T0101,-2.787342
2012,A,CHE,S1,S1,B1GXP119,_Z,_T,_Z,PC,L,G1,T0101,1.337001
2012,A,GBR,S1,S1,B1GXP119,_Z,_T,_Z,PC,L,G1,T0101,1.722961
2012,A,EA20,S1,S1,B1GXP119,_Z,_T,_Z,PC,L,G1,T0101,-0.803837
2012,A,ALB,S1,S1,B1GXP119,_Z,_T,_Z,PC,L,G1,T0101,1.034823
2012,A,BRA,S1,S1,B1GXP119,_Z,_T,_Z,PC,L,G1,T0101,1.611924
2012,A,BGR,S1,S1,B1GXP119,_Z,_T,_Z,PC,L,G1,T0101,0.252936
2012,A,CHN,S1,S1,B1GXP119,_Z,_T,_Z,PC,L,G1,T0101,7.86372
2012,A,HRV,S1,S1,B1GXP119,_Z,_T,_Z,PC,L,G1,T0101,-3.329257
2012,A,CYP,S1,S1,B1GXP119,_Z,_T,_Z,PC,L,G1,T0101,-3.447383
2012,A,IND,S1,S1,B1GXP119,_Z,_T,_Z,PC,L,G1,T0101,5.419172
2012,A,IDN,S1,S1,B1GXP119,_Z,_T,_Z,PC,L,G1,T0101,5.846983
2013,A,AUT,S1,S1,B1GXP119,_Z,_T,_Z,PC,L,G1,T0101,-0.130321
2013,A,BEL,S1,S1,B1GXP119,_Z,_T,_Z,PC,L,G1,T0101,0.231869
2013,A,CHL,S1,S1,B1GXP119,_Z,_T,_Z,PC,L,G1,T0101,3.145525
2013,A,COL,S1,S1,B1GXP119,_Z,_T,_Z,PC,L,G1,T0101,5.31357
2013,A,CZE,S1,S1,B1GXP119,_Z,_T,_Z,PC,L,G1,T0101,-0.011647
2013,A,DNK,S1,S1,B1GXP119,_Z,_T,_Z,PC,L,G1,T0101,1.440215
2013,A,EST,S1,S1,B1GXP119,_Z,_T,_Z,PC,L,G1,T0101,1.746312
2013,A,FIN,S1,S1,B1GXP119,_Z,_T,_Z,PC,L,G1,T0101,-1.146104
2013,A,FRA,S1,S1,B1GXP119,_Z,_T,_Z,PC,L,G1,T0101,0.824451
2013,A,DEU,S1,S1,B1GXP119,_Z,_T,_Z,PC,L,G1,T0101,0.459893
2013,A,GRC,S1,S1,B1GXP119,_Z,_T,_Z,PC,L,G1,T0101,-1.665104
2013,A,HUN,S1,S1,B1GXP119,_Z,_T,_Z,PC,L,G1,T0101,2.703631
2013,A,ITA,S1,S1,B1GXP119,_Z,_T,_Z,PC,L,G1,T0101,-1.506129
2013,A,JPN,S1,S1,B1GXP119,_Z,_T,_Z,PC,L,G1,T0101,1.891093
2013,A,KOR,S1,S1,B1GXP119,_Z,_T,_Z,PC,L,G1,T0101,3.488948
2013,A,LTU,S1,S1,B1GXP119,_Z,_T,_Z,PC,L,G1,T0101,4.046915
2013,A,ESP,S1,S1,B1GXP119,_Z,_T,_Z,PC,L,G1,T0101,-1.276392
2013,A,CHE,S1,S1,B1GXP119,_Z,_T,_Z,PC,L,G1,T0101,1.81684
2013,A,GBR,S1,S1,B1GXP119,_Z,_T,_Z,PC,L,G1,T0101,1.725719
2013,A,EA20,S1,S1,B1GXP119,_Z,_T,_Z,PC,L,G1,T0101,-0.053032
2013,A,ALB,S1,S1,B1GXP119,_Z,_T,_Z,PC,L,G1,T0101,1.128145
2013,A,BRA,S1,S1,B1GXP119,_Z,_T,_Z,PC,L,G1,T0101,2.875758
2013,A,BGR,S1,S1,B1GXP119,_Z,_T,_Z,PC,L,G1,T0101,-1.647915
2013,A,CHN,S1,S1,B1GXP119,_Z,_T,_Z,PC,L,G1,T0101,7.766147
2013,A,HRV,S1,S1,B1GXP119,_Z,_T,_Z,PC,L,G1,T0101,-0.474925
2013,A,CYP,S1,S1,B1GXP119,_Z,_T,_Z,PC,L,G1,T0101,-6.587477
2013,A,IND,S1,S1,B1GXP119,_Z,_T,_Z,PC,L,G1,T0101,6.053787
2013,A,IDN,S1,S1,B1GXP119,_Z,_T,_Z,PC,L,G1,T0101,5.198887
2014,A,AUT,S1,S1,B1GXP119,_Z,_T,_Z,PC,L,G1,T0101,0.744438
2014,A,BEL,S1,S1,B1GXP119,_Z,_T,_Z,PC,L,G1,T0101,1.888054
2014,A,CHL,S1,S1,B1GXP119,_Z,_T,_Z,PC,L,G1,T0101,1.81151
2014,A,COL,S1,S1,B1GXP119,_Z,_T,_Z,PC,L,G1,T0101,4.4054
2014,A,CZE,S1,S1,B1GXP119,_Z,_T,_Z,PC,L,G1,T0101,2.833921
2014,A,DNK,S1,S1,B1GXP119,_Z,_T,_Z,PC,L,G1,T0101,1.131508
2014,A,EST,S1,S1,B1GXP119,_Z,_T,_Z,PC,L,G1,T0101,3.189984
2014,A,FIN,S1,S1,B1GXP119,_Z,_T,_Z,PC,L,G1,T0101,-0.437662
2014,A,FRA,S1,S1,B1GXP119,_Z,_T,_Z,PC,L,G1,T0101,1.199649
2014,A,DEU,S1,S1,B1GXP119,_Z,_T,_Z,PC,L,G1,T0101,2.235708
2014,A,GRC,S1,S1,B1GXP119,_Z,_T,_Z,PC,L,G1,T0101,0.115555
2014,A,HUN,S1,S1,B1GXP119,_Z,_T,_Z,PC,L,G1,T0101,4.590457
2020,A,ESP,S1,S1,B1GXP119,_Z,_T,_Z,PC,L,G1,T0101,-10.864378
2020,A,CHE,S1,S1,B1GXP119,_Z,_T,_Z,PC,L,G1,T0101,-2.049916
2020,A,GBR,S1,S1,B1GXP119,_Z,_T,_Z,PC,L,G1,T0101,-9.793945
2020,A,BRA,S1,S1,B1GXP119,_Z,_T,_Z,PC,L,G1,T0101,-3.184082
2020,A,BGR,S1,S1,B1GXP119,_Z,_T,_Z,PC,L,G1,T0101,-3.132344
2020,A,CHN,S1,S1,B1GXP119,_Z,_T,_Z,PC,L,G1,T0101,2.084852
2020,A,HRV,S1,S1,B1GXP119,_Z,_T,_Z,PC,L,G1,T0101,-7.274789
2020,A,CYP,S1,S1,B1GXP119,_Z,_T,_Z,PC,L,G1,T0101,-4.37248
2020,A,IND,S1,S1,B1GXP119,_Z,_T,_Z,PC,L,G1,T0101,-4.145903
2020,A,IDN,S1,S1,B1GXP119,_Z,_T,_Z,PC,L,G1,T0101,-1.590478
2021,A,AUT,S1,S1,B1GXP119,_Z,_T,_Z,PC,L,G1,T0101,4.354952
2021,A,CZE,S1,S1,B1GXP119,_Z,_T,_Z,PC,L,G1,T0101,3.929325
2021,A,EST,S1,S1,B1GXP119,_Z,_T,_Z,PC,L,G1,T0101,6.479607
2021,A,FRA,S1,S1,B1GXP119,_Z,_T,_Z,PC,L,G1,T0101,6.542881
2021,A,GRC,S1,S1,B1GXP119,_Z,_T,_Z,PC,L,G1,T0101,8.125156
2021,A,ITA,S1,S1,B1GXP119,_Z,_T,_Z,PC,L,G1,T0101,8.965177
2021,A,KOR,S1,S1,B1GXP119,_Z,_T,_Z,PC,L,G1,T0101,4.570414
2021,A,LTU,S1,S1,B1GXP119,_Z,_T,_Z,PC,L,G1,T0101,6.380016
2021,A,ESP,S1,S1,B1GXP119,_Z,_T,_Z,PC,L,G1,T0101,6.282761
2021,A,CHE,S1,S1,B1GXP119,_Z,_T,_Z,PC,L,G1,T0101,5.557775
2021,A,GBR,S1,S1,B1GXP119,_Z,_T,_Z,PC,L,G1,T0101,8.5929
2021,A,BRA,S1,S1,B1GXP119,_Z,_T,_Z,PC,L,G1,T0101,4.538952
2021,A,BGR,S1,S1,B1GXP119,_Z,_T,_Z,PC,L,G1,T0101,8.13587
2021,A,CHN,S1,S1,B1GXP119,_Z,_T,_Z,PC,L,G1,T0101,8.448516
2021,A,HRV,S1,S1,B1GXP119,_Z,_T,_Z,PC,L,G1,T0101,11.694092
2021,A,CYP,S1,S1,B1GXP119,_Z,_T,_Z,PC,L,G1,T0101,6.638926
2021,A,IND,S1,S1,B1GXP119,_Z,_T,_Z,PC,L,G1,T0101,9.375449
2021,A,IDN,S1,S1,B1GXP119,_Z,_T,_Z,PC,L,G1,T0101,3.269715
2022,A,AUT,S1,S1,B1GXP119,_Z,_T,_Z,PC,L,G1,T0101,6.070283
2022,A,CZE,S1,S1,B1GXP119,_Z,_T,_Z,PC,L,G1,T0101,2.903575
2022,A,EST,S1,S1,B1GXP119,_Z,_T,_Z,PC,L,G1,T0101,0.606944
2022,A,KOR,S1,S1,B1GXP119,_Z,_T,_Z,PC,L,G1,T0101,3.183742
2022,A,LTU,S1,S1,B1GXP119,_Z,_T,_Z,PC,L,G1,T0101,2.537526
2022,A,GBR,S1,S1,B1GXP119,_Z,_T,_Z,PC,L,G1,T0101,4.430774
2022,A,BGR,S1,S1,B1GXP119,_Z,_T,_Z,PC,L,G1,T0101,5.46241
2022,A,CHN,S1,S1,B1GXP119,_Z,_T,_Z,PC,L,G1,T0101,2.950706
2022,A,HRV,S1,S1,B1GXP119,_Z,_T,_Z,PC,L,G1,T0101,8.372659
2022,A,IND,S1,S1,B1GXP119,_Z,_T,_Z,PC,L,G1,T0101,6.687838
2023,A,AUT,S1,S1,B1GXP119,_Z,_T,_Z,PC,L,G1,T0101,-1.180987
2023,A,EST,S1,S1,B1GXP119,_Z,_T,_Z,PC,L,G1,T0101,-3.189913
2023,A,LTU,S1,S1,B1GXP119,_Z,_T,_Z,PC,L,G1,T0101,0.342262
2023,A,BGR,S1,S1,B1GXP119,_Z,_T,_Z,PC,L,G1,T0101,1.263843
2023,A,CHN,S1,S1,B1GXP119,_Z,_T,_Z,PC,L,G1,T0101,5.249498
2014,A,AUS,S1,S1,B1G,_Z,_T,_Z,PC,L,G1,T0101,2.317343
2020,A,NZL,S1,S1,B1G,_Z,_T,_Z,PC,L,G1,T0101,-0.1333
2020,A,NOR,S1,S1,B1G,_Z,_T,_Z,PC,L,G1,T0101,-1.241695
2020,A,SWE,S1,S1,B1G,_Z,_T,_Z,PC,L,G1,T0101,-2.264717
2020,A,TUR,S1,S1,B1G,_Z,_T,_Z,PC,L,G1,T0101,0.915776
2020,A,EA20,S1,S1,B1G,_Z,_T,_Z,PC,L,G1,T0101,-5.842336
2020,A,EU27_2020,S1,S1,B1G,_Z,_T,_Z,PC,L,G1,T0101,-5.431514
2020,A,ARG,S1,S1,B1G,_Z,_T,_Z,PC,L,G1,T0101,-9.904468
2020,A,ZAF,S1,S1,B1G,_Z,_T,_Z,PC,L,G1,T0101,-5.786694
2013,A,AUS,S1,S1,B1G,_Z,_T,_Z,PC,L,G1,T0101,2.745512
2013,A,ISR,S1,S1,B1G,_Z,_T,_Z,PC,L,G1,T0101,4.091488
2013,A,NZL,S1,S1,B1G,_Z,_T,_Z,PC,L,G1,T0101,2.534574
2013,A,NOR,S1,S1,B1G,_Z,_T,_Z,PC,L,G1,T0101,0.946748
2013,A,SWE,S1,S1,B1G,_Z,_T,_Z,PC,L,G1,T0101,1.102593
2013,A,TUR,S1,S1,B1G,_Z,_T,_Z,PC,L,G1,T0101,7.956353
2013,A,EU27_2020,S1,S1,B1G,_Z,_T,_Z,PC,L,G1,T0101,0.066922
2012,A,AUS,S1,S1,B1G,_Z,_T,_Z,PC,L,G1,T0101,2.667601
2012,A,HUN,S1,S1,B1G,_Z,_T,_Z,PC,L,G1,T0101,-1.340281
2012,A,ISR,S1,S1,B1G,_Z,_T,_Z,PC,L,G1,T0101,2.343204
2012,A,NZL,S1,S1,B1G,_Z,_T,_Z,PC,L,G1,T0101,2.276588
2012,A,NOR,S1,S1,B1G,_Z,_T,_Z,PC,L,G1,T0101,2.63229
2012,A,SWE,S1,S1,B1G,_Z,_T,_Z,PC,L,G1,T0101,-0.39837
2012,A,TUR,S1,S1,B1G,_Z,_T,_Z,PC,L,G1,T0101,5.217733
2012,A,EU27_2020,S1,S1,B1G,_Z,_T,_Z,PC,L,G1,T0101,-0.669695
2021,A,AUS,S1,S1,B1G,_Z,_T,_Z,PC,L,G1,T0101,4.123042
2021,A,BEL,S1,S1,B1G,_Z,_T,_Z,PC,L,G1,T0101,5.693634
2021,A,CHL,S1,S1,B1G,_Z,_T,_Z,PC,L,G1,T0101,10.18456
2021,A,COL,S1,S1,B1G,_Z,_T,_Z,PC,L,G1,T0101,10.302562
2021,A,DNK,S1,S1,B1G,_Z,_T,_Z,PC,L,G1,T0101,6.793351
2021,A,FIN,S1,S1,B1G,_Z,_T,_Z,PC,L,G1,T0101,2.752351
2021,A,HUN,S1,S1,B1G,_Z,_T,_Z,PC,L,G1,T0101,7.628985
2021,A,ISR,S1,S1,B1G,_Z,_T,_Z,PC,L,G1,T0101,8.954558
2021,A,JPN,S1,S1,B1G,_Z,_T,_Z,PC,L,G1,T0101,3.022454
2021,A,LUX,S1,S1,B1G,_Z,_T,_Z,PC,L,G1,T0101,7.251513
2021,A,NZL,S1,S1,B1G,_Z,_T,_Z,PC,L,G1,T0101,4.450377
2021,A,NOR,S1,S1,B1G,_Z,_T,_Z,PC,L,G1,T0101,3.820038
2021,A,SVK,S1,S1,B1G,_Z,_T,_Z,PC,L,G1,T0101,5.112306
2021,A,SWE,S1,S1,B1G,_Z,_T,_Z,PC,L,G1,T0101,5.365022
2021,A,TUR,S1,S1,B1G,_Z,_T,_Z,PC,L,G1,T0101,12.66919
2021,A,EA20,S1,S1,B1G,_Z,_T,_Z,PC,L,G1,T0101,6.244363
2021,A,EU27_2020,S1,S1,B1G,_Z,_T,_Z,PC,L,G1,T0101,6.21688
2021,A,ARG,S1,S1,B1G,_Z,_T,_Z,PC,L,G1,T0101,10.458698
2021,A,ZAF,S1,S1,B1G,_Z,_T,_Z,PC,L,G1,T0101,4.525767
2022,A,AUS,S1,S1,B1G,_Z,_T,_Z,PC,L,G1,T0101,3.665822
2022,A,BEL,S1,S1,B1G,_Z,_T,_Z,PC,L,G1,T0101,4.549111
2022,A,CHL,S1,S1,B1G,_Z,_T,_Z,PC,L,G1,T0101,2.440919
2022,A,COL,S1,S1,B1G,_Z,_T,_Z,PC,L,G1,T0101,6.415538
2022,A,DNK,S1,S1,B1G,_Z,_T,_Z,PC,L,G1,T0101,1.370523
2022,A,FIN,S1,S1,B1G,_Z,_T,_Z,PC,L,G1,T0101,1.075394
2022,A,FRA,S1,S1,B1G,_Z,_T,_Z,PC,L,G1,T0101,2.974128
2022,A,HUN,S1,S1,B1G,_Z,_T,_Z,PC,L,G1,T0101,4.559546
2022,A,ISR,S1,S1,B1G,_Z,_T,_Z,PC,L,G1,T0101,5.964314
2022,A,ITA,S1,S1,B1G,_Z,_T,_Z,PC,L,G1,T0101,4.939717
2022,A,JPN,S1,S1,B1G,_Z,_T,_Z,PC,L,G1,T0101,1.853581
2022,A,LUX,S1,S1,B1G,_Z,_T,_Z,PC,L,G1,T0101,-1.482477
2022,A,NZL,S1,S1,B1G,_Z,_T,_Z,PC,L,G1,T0101,3.2841
2022,A,NOR,S1,S1,B1G,_Z,_T,_Z,PC,L,G1,T0101,3.587883
2022,A,SVK,S1,S1,B1G,_Z,_T,_Z,PC,L,G1,T0101,0.093209
2022,A,SWE,S1,S1,B1G,_Z,_T,_Z,PC,L,G1,T0101,1.446286
2022,A,CHE,S1,S1,B1G,_Z,_T,_Z,PC,L,G1,T0101,3.043875
2022,A,TUR,S1,S1,B1G,_Z,_T,_Z,PC,L,G1,T0101,6.164583
2022,A,EA20,S1,S1,B1G,_Z,_T,_Z,PC,L,G1,T0101,3.890779
2022,A,EU27_2020,S1,S1,B1G,_Z,_T,_Z,PC,L,G1,T0101,3.813564
2022,A,ARG,S1,S1,B1G,_Z,_T,_Z,PC,L,G1,T0101,5.077002
2022,A,BRA,S1,S1,B1G,_Z,_T,_Z,PC,L,G1,T0101,3.137147
2022,A,IDN,S1,S1,B1G,_Z,_T,_Z,PC,L,G1,T0101,4.947298
2022,A,ZAF,S1,S1,B1G,_Z,_T,_Z,PC,L,G1,T0101,2.124374
2023,A,AUS,S1,S1,B1G,_Z,_T,_Z,PC,L,G1,T0101,1.569906
2023,A,CHL,S1,S1,B1G,_Z,_T,_Z,PC,L,G1,T0101,1.36863
2023,A,CZE,S1,S1,B1G,_Z,_T,_Z,PC,L,G1,T0101,0.467472
2023,A,DNK,S1,S1,B1G,_Z,_T,_Z,PC,L,G1,T0101,1.443113
2023,A,FIN,S1,S1,B1G,_Z,_T,_Z,PC,L,G1,T0101,-0.168071
2023,A,HUN,S1,S1,B1G,_Z,_T,_Z,PC,L,G1,T0101,-0.248983
2023,A,ISR,S1,S1,B1G,_Z,_T,_Z,PC,L,G1,T0101,2.261797
2023,A,ITA,S1,S1,B1G,_Z,_T,_Z,PC,L,G1,T0101,0.72916
2023,A,JPN,S1,S1,B1G,_Z,_T,_Z,PC,L,G1,T0101,1.584539
2023,A,LVA,S1,S1,B1G,_Z,_T,_Z,PC,L,G1,T0101,3.942132
2023,A,LUX,S1,S1,B1G,_Z,_T,_Z,PC,L,G1,T0101,-0.627487
2023,A,NLD,S1,S1,B1G,_Z,_T,_Z,PC,L,G1,T0101,-0.556535
2023,A,NZL,S1,S1,B1G,_Z,_T,_Z,PC,L,G1,T0101,1.520799
2023,A,NOR,S1,S1,B1G,_Z,_T,_Z,PC,L,G1,T0101,0.261528
2023,A,POL,S1,S1,B1G,_Z,_T,_Z,PC,L,G1,T0101,1.303828
2023,A,SVK,S1,S1,B1G,_Z,_T,_Z,PC,L,G1,T0101,4.366266
2023,A,SWE,S1,S1,B1G,_Z,_T,_Z,PC,L,G1,T0101,0.324669
2023,A,CHE,S1,S1,B1G,_Z,_T,_Z,PC,L,G1,T0101,0.708271
2023,A,TUR,S1,S1,B1G,_Z,_T,_Z,PC,L,G1,T0101,4.231773
2023,A,GBR,S1,S1,B1G,_Z,_T,_Z,PC,L,G1,T0101,0.354356
2023,A,EA20,S1,S1,B1G,_Z,_T,_Z,PC,L,G1,T0101,0.779724
2023,A,EU27_2020,S1,S1,B1G,_Z,_T,_Z,PC,L,G1,T0101,0.847612
2023,A,ARG,S1,S1,B1G,_Z,_T,_Z,PC,L,G1,T0101,-1.546698
2023,A,IDN,S1,S1,B1G,_Z,_T,_Z,PC,L,G1,T0101,5.05414
2023,A,ZAF,S1,S1,B1G,_Z,_T,_Z,PC,L,G1,T0101,0.744358
2013,A,LVA,S1,S1,B1G,_Z,_T,_Z,PC,L,G1,T0101,1.418691
2013,A,MEX,S1,S1,B1G,_Z,_T,_Z,PC,L,G1,T0101,0.94823
2013,A,NLD,S1,S1,B1G,_Z,_T,_Z,PC,L,G1,T0101,0.369574
2013,A,POL,S1,S1,B1G,_Z,_T,_Z,PC,L,G1,T0101,0.607208
2013,A,PRT,S1,S1,B1G,_Z,_T,_Z,PC,L,G1,T0101,-0.636233
2013,A,SVK,S1,S1,B1G,_Z,_T,_Z,PC,L,G1,T0101,0.248005
2013,A,SVN,S1,S1,B1G,_Z,_T,_Z,PC,L,G1,T0101,-0.464441
2013,A,MLT,S1,S1,B1G,_Z,_T,_Z,PC,L,G1,T0101,6.575377
2013,A,MKD,S1,S1,B1G,_Z,_T,_Z,PC,L,G1,T0101,3.914767
2013,A,ROU,S1,S1,B1G,_Z,_T,_Z,PC,L,G1,T0101,0.404226
2013,A,RUS,S1,S1,B1G,_Z,_T,_Z,PC,L,G1,T0101,1.739981
2013,A,SRB,S1,S1,B1G,_Z,_T,_Z,PC,L,G1,T0101,3.670286
2013,A,ZAF,S1,S1,B1G,_Z,_T,_Z,PC,L,G1,T0101,2.509346
2012,A,LVA,S1,S1,B1G,_Z,_T,_Z,PC,L,G1,T0101,6.916587
2012,A,MEX,S1,S1,B1G,_Z,_T,_Z,PC,L,G1,T0101,3.678084
2012,A,NLD,S1,S1,B1G,_Z,_T,_Z,PC,L,G1,T0101,-0.741383
2012,A,POL,S1,S1,B1G,_Z,_T,_Z,PC,L,G1,T0101,1.341984
2012,A,PRT,S1,S1,B1G,_Z,_T,_Z,PC,L,G1,T0101,-3.234741
2012,A,SVK,S1,S1,B1G,_Z,_T,_Z,PC,L,G1,T0101,2.454485
2012,A,SVN,S1,S1,B1G,_Z,_T,_Z,PC,L,G1,T0101,-2.563692
2012,A,MLT,S1,S1,B1G,_Z,_T,_Z,PC,L,G1,T0101,4.929491
2012,A,MKD,S1,S1,B1G,_Z,_T,_Z,PC,L,G1,T0101,-0.666177
2012,A,ROU,S1,S1,B1G,_Z,_T,_Z,PC,L,G1,T0101,2.001422
2012,A,RUS,S1,S1,B1G,_Z,_T,_Z,PC,L,G1,T0101,4.111802
2012,A,SRB,S1,S1,B1G,_Z,_T,_Z,PC,L,G1,T0101,-0.621885
2012,A,ZAF,S1,S1,B1G,_Z,_T,_Z,PC,L,G1,T0101,2.271084
2020,A,NLD,S1,S1,B1G,_Z,_T,_Z,PC,L,G1,T0101,-4.023351
2020,A,POL,S1,S1,B1G,_Z,_T,_Z,PC,L,G1,T0101,-2.060285
2020,A,PRT,S1,S1,B1G,_Z,_T,_Z,PC,L,G1,T0101,-7.644734
2020,A,SVK,S1,S1,B1G,_Z,_T,_Z,PC,L,G1,T0101,-2.367007
2020,A,SVN,S1,S1,B1G,_Z,_T,_Z,PC,L,G1,T0101,-3.05878
2020,A,MLT,S1,S1,B1G,_Z,_T,_Z,PC,L,G1,T0101,-7.392555
2020,A,MKD,S1,S1,B1G,_Z,_T,_Z,PC,L,G1,T0101,-4.302575
2020,A,ROU,S1,S1,B1G,_Z,_T,_Z,PC,L,G1,T0101,-3.510401
2020,A,RUS,S1,S1,B1G,_Z,_T,_Z,PC,L,G1,T0101,-2.666511
2020,A,SRB,S1,S1,B1G,_Z,_T,_Z,PC,L,G1,T0101,-0.606878
2021,A,LVA,S1,S1,B1G,_Z,_T,_Z,PC,L,G1,T0101,7.30078
2021,A,MEX,S1,S1,B1G,_Z,_T,_Z,PC,L,G1,T0101,5.76204
2021,A,NLD,S1,S1,B1G,_Z,_T,_Z,PC,L,G1,T0101,6.685267
2021,A,POL,S1,S1,B1G,_Z,_T,_Z,PC,L,G1,T0101,6.629321
2021,A,PRT,S1,S1,B1G,_Z,_T,_Z,PC,L,G1,T0101,5.288664
2021,A,SVN,S1,S1,B1G,_Z,_T,_Z,PC,L,G1,T0101,7.640149
2021,A,MLT,S1,S1,B1G,_Z,_T,_Z,PC,L,G1,T0101,11.964035
2021,A,ROU,S1,S1,B1G,_Z,_T,_Z,PC,L,G1,T0101,5.154152
2021,A,SRB,S1,S1,B1G,_Z,_T,_Z,PC,L,G1,T0101,7.607906
2022,A,LVA,S1,S1,B1G,_Z,_T,_Z,PC,L,G1,T0101,1.592898
2022,A,NLD,S1,S1,B1G,_Z,_T,_Z,PC,L,G1,T0101,5.679461
2022,A,POL,S1,S1,B1G,_Z,_T,_Z,PC,L,G1,T0101,5.455955
2022,A,PRT,S1,S1,B1G,_Z,_T,_Z,PC,L,G1,T0101,6.913998
2022,A,SVN,S1,S1,B1G,_Z,_T,_Z,PC,L,G1,T0101,2.636885
2022,A,MLT,S1,S1,B1G,_Z,_T,_Z,PC,L,G1,T0101,8.657612
2022,A,ROU,S1,S1,B1G,_Z,_T,_Z,PC,L,G1,T0101,3.123427
2011,A,MLT,S1,S1,B1G,_Z,_T,_Z,PC,L,G1,T0101,-0.626377
2011,A,MKD,S1,S1,B1G,_Z,_T,_Z,PC,L,G1,T0101,1.949814
2011,A,ROU,S1,S1,B1G,_Z,_T,_Z,PC,L,G1,T0101,4.289235
2011,A,RUS,S1,S1,B1G,_Z,_T,_Z,PC,L,G1,T0101,3.833795
2011,A,SRB,S1,S1,B1G,_Z,_T,_Z,PC,L,G1,T0101,2.073401
2011,A,ZAF,S1,S1,B1G,_Z,_T,_Z,PC,L,G1,T0101,3.088621
2023,A,SVN,S1,S1,B1G,_Z,_T,_Z,PC,L,G1,T0101,2.535185
2023,A,AUT,S1,S1,B1G,_Z,_T,_Z,PC,L,G1,T0101,-1.180987
2023,A,EST,S1,S1,B1G,_Z,_T,_Z,PC,L,G1,T0101,-3.189913
2023,A,LTU,S1,S1,B1G,_Z,_T,_Z,PC,L,G1,T0101,0.342262
2023,A,BGR,S1,S1,B1G,_Z,_T,_Z,PC,L,G1,T0101,1.263843
2023,A,CHN,S1,S1,B1G,_Z,_T,_Z,PC,L,G1,T0101,5.249498
2011,A,ALB,S1,S1,B1G,_Z,_T,_Z,PC,L,G1,T0101,3.172913
2011,A,ARG,S1,S1,B1G,_Z,_T,_Z,PC,L,G1,T0101,5.421468
2011,A,BRA,S1,S1,B1G,_Z,_T,_Z,PC,L,G1,T0101,3.743142
2011,A,BGR,S1,S1,B1G,_Z,_T,_Z,PC,L,G1,T0101,1.900646
2011,A,CHN,S1,S1,B1G,_Z,_T,_Z,PC,L,G1,T0101,9.550825
2011,A,HRV,S1,S1,B1G,_Z,_T,_Z,PC,L,G1,T0101,0.242484
2011,A,CYP,S1,S1,B1G,_Z,_T,_Z,PC,L,G1,T0101,0.416714
2011,A,IDN,S1,S1,B1G,_Z,_T,_Z,PC,L,G1,T0101,6.866792
2020,A,ESP,S1,S1,B1G,_Z,_T,_Z,PC,L,G1,T0101,-10.864378
2020,A,CHE,S1,S1,B1G,_Z,_T,_Z,PC,L,G1,T0101,-2.049916
2020,A,GBR,S1,S1,B1G,_Z,_T,_Z,PC,L,G1,T0101,-9.793945
2020,A,BRA,S1,S1,B1G,_Z,_T,_Z,PC,L,G1,T0101,-3.184082
2020,A,BGR,S1,S1,B1G,_Z,_T,_Z,PC,L,G1,T0101,-3.132344
2020,A,CHN,S1,S1,B1G,_Z,_T,_Z,PC,L,G1,T0101,2.084852
2020,A,HRV,S1,S1,B1G,_Z,_T,_Z,PC,L,G1,T0101,-7.274789
2020,A,CYP,S1,S1,B1G,_Z,_T,_Z,PC,L,G1,T0101,-4.37248
2020,A,IND,S1,S1,B1G,_Z,_T,_Z,PC,L,G1,T0101,-4.145903
2020,A,IDN,S1,S1,B1G,_Z,_T,_Z,PC,L,G1,T0101,-1.590478
2022,A,AUT,S1,S1,B1G,_Z,_T,_Z,PC,L,G1,T0101,6.070283
2022,A,CZE,S1,S1,B1G,_Z,_T,_Z,PC,L,G1,T0101,2.903575
2022,A,EST,S1,S1,B1G,_Z,_T,_Z,PC,L,G1,T0101,0.606944
2022,A,KOR,S1,S1,B1G,_Z,_T,_Z,PC,L,G1,T0101,3.183742
2022,A,LTU,S1,S1,B1G,_Z,_T,_Z,PC,L,G1,T0101,2.537526
2022,A,GBR,S1,S1,B1G,_Z,_T,_Z,PC,L,G1,T0101,4.430774
2022,A,BGR,S1,S1,B1G,_Z,_T,_Z,PC,L,G1,T0101,5.46241
2022,A,CHN,S1,S1,B1G,_Z,_T,_Z,PC,L,G1,T0101,2.950706
2022,A,HRV,S1,S1,B1G,_Z,_T,_Z,PC,L,G1,T0101,8.372659
2022,A,IND,S1,S1,B1G,_Z,_T,_Z,PC,L,G1,T0101,6.687838
2014,A,AUT,S1,S1,B1G,_Z,_T,_Z,PC,L,G1,T0101,0.744438
2014,A,BEL,S1,S1,B1G,_Z,_T,_Z,PC,L,G1,T0101,1.888054
2014,A,CHL,S1,S1,B1G,_Z,_T,_Z,PC,L,G1,T0101,1.81151
2014,A,COL,S1,S1,B1G,_Z,_T,_Z,PC,L,G1,T0101,4.4054
2014,A,CZE,S1,S1,B1G,_Z,_T,_Z,PC,L,G1,T0101,2.833921
2014,A,DNK,S1,S1,B1G,_Z,_T,_Z,PC,L,G1,T0101,1.131508
2014,A,EST,S1,S1,B1G,_Z,_T,_Z,PC,L,G1,T0101,3.189984
2014,A,FIN,S1,S1,B1G,_Z,_T,_Z,PC,L,G1,T0101,-0.437662
2014,A,FRA,S1,S1,B1G,_Z,_T,_Z,PC,L,G1,T0101,1.199649
2014,A,DEU,S1,S1,B1G,_Z,_T,_Z,PC,L,G1,T0101,2.235708
2014,A,GRC,S1,S1,B1G,_Z,_T,_Z,PC,L,G1,T0101,0.115555
2014,A,HUN,S1,S1,B1G,_Z,_T,_Z,PC,L,G1,T0101,4.590457
2021,A,AUT,S1,S1,B1G,_Z,_T,_Z,PC,L,G1,T0101,4.354952
2021,A,CZE,S1,S1,B1G,_Z,_T,_Z,PC,L,G1,T0101,3.929325
2021,A,EST,S1,S1,B1G,_Z,_T,_Z,PC,L,G1,T0101,6.479607
2021,A,FRA,S1,S1,B1G,_Z,_T,_Z,PC,L,G1,T0101,6.542881
2021,A,GRC,S1,S1,B1G,_Z,_T,_Z,PC,L,G1,T0101,8.125156
2021,A,ITA,S1,S1,B1G,_Z,_T,_Z,PC,L,G1,T0101,8.965177
2021,A,KOR,S1,S1,B1G,_Z,_T,_Z,PC,L,G1,T0101,4.570414
2021,A,LTU,S1,S1,B1G,_Z,_T,_Z,PC,L,G1,T0101,6.380016
2021,A,ESP,S1,S1,B1G,_Z,_T,_Z,PC,L,G1,T0101,6.282761
2021,A,CHE,S1,S1,B1G,_Z,_T,_Z,PC,L,G1,T0101,5.557775
2021,A,GBR,S1,S1,B1G,_Z,_T,_Z,PC,L,G1,T0101,8.5929
2021,A,BRA,S1,S1,B1G,_Z,_T,_Z,PC,L,G1,T0101,4.538952
2021,A,BGR,S1,S1,B1G,_Z,_T,_Z,PC,L,G1,T0101,8.13587
2021,A,CHN,S1,S1,B1G,_Z,_T,_Z,PC,L,G1,T0101,8.448516
2021,A,HRV,S1,S1,B1G,_Z,_T,_Z,PC,L,G1,T0101,11.694092
2021,A,CYP,S1,S1,B1G,_Z,_T,_Z,PC,L,G1,T0101,6.638926
2021,A,IND,S1,S1,B1G,_Z,_T,_Z,PC,L,G1,T0101,9.375449
2021,A,IDN,S1,S1,B1G,_Z,_T,_Z,PC,L,G1,T0101,3.269715
2012,A,AUT,S1,S1,B1G,_Z,_T,_Z,PC,L,G1,T0101,0.452351
2012,A,BEL,S1,S1,B1G,_Z,_T,_Z,PC,L,G1,T0101,0.203112
2012,A,CHL,S1,S1,B1G,_Z,_T,_Z,PC,L,G1,T0101,6.090318
2012,A,COL,S1,S1,B1G,_Z,_T,_Z,PC,L,G1,T0101,3.854656
2012,A,CZE,S1,S1,B1G,_Z,_T,_Z,PC,L,G1,T0101,-0.822013
2012,A,DNK,S1,S1,B1G,_Z,_T,_Z,PC,L,G1,T0101,-0.002011
2012,A,EST,S1,S1,B1G,_Z,_T,_Z,PC,L,G1,T0101,3.170416
2012,A,FIN,S1,S1,B1G,_Z,_T,_Z,PC,L,G1,T0101,-2.046985
2012,A,FRA,S1,S1,B1G,_Z,_T,_Z,PC,L,G1,T0101,0.396965
2012,A,DEU,S1,S1,B1G,_Z,_T,_Z,PC,L,G1,T0101,0.505214
2012,A,GRC,S1,S1,B1G,_Z,_T,_Z,PC,L,G1,T0101,-7.198419
2012,A,ITA,S1,S1,B1G,_Z,_T,_Z,PC,L,G1,T0101,-2.823794
2012,A,JPN,S1,S1,B1G,_Z,_T,_Z,PC,L,G1,T0101,1.122275
2012,A,KOR,S1,S1,B1G,_Z,_T,_Z,PC,L,G1,T0101,2.597694
2012,A,LTU,S1,S1,B1G,_Z,_T,_Z,PC,L,G1,T0101,4.382905
2012,A,LUX,S1,S1,B1G,_Z,_T,_Z,PC,L,G1,T0101,1.376935
2012,A,ESP,S1,S1,B1G,_Z,_T,_Z,PC,L,G1,T0101,-2.787342
2012,A,CHE,S1,S1,B1G,_Z,_T,_Z,PC,L,G1,T0101,1.337001
2012,A,GBR,S1,S1,B1G,_Z,_T,_Z,PC,L,G1,T0101,1.722961
2012,A,EA20,S1,S1,B1G,_Z,_T,_Z,PC,L,G1,T0101,-0.803837
2012,A,ALB,S1,S1,B1G,_Z,_T,_Z,PC,L,G1,T0101,1.034823
2012,A,ARG,S1,S1,B1G,_Z,_T,_Z,PC,L,G1,T0101,-1.42101
2012,A,BRA,S1,S1,B1G,_Z,_T,_Z,PC,L,G1,T0101,1.611924
2012,A,BGR,S1,S1,B1G,_Z,_T,_Z,PC,L,G1,T0101,0.252936
2012,A,CHN,S1,S1,B1G,_Z,_T,_Z,PC,L,G1,T0101,7.86372
2012,A,HRV,S1,S1,B1G,_Z,_T,_Z,PC,L,G1,T0101,-3.329257
2012,A,CYP,S1,S1,B1G,_Z,_T,_Z,PC,L,G1,T0101,-3.447383
2012,A,IND,S1,S1,B1G,_Z,_T,_Z,PC,L,G1,T0101,5.419172
2012,A,IDN,S1,S1,B1G,_Z,_T,_Z,PC,L,G1,T0101,5.846983
2013,A,AUT,S1,S1,B1G,_Z,_T,_Z,PC,L,G1,T0101,-0.130321
2013,A,BEL,S1,S1,B1G,_Z,_T,_Z,PC,L,G1,T0101,0.231869
2013,A,CHL,S1,S1,B1G,_Z,_T,_Z,PC,L,G1,T0101,3.145525
2013,A,COL,S1,S1,B1G,_Z,_T,_Z,PC,L,G1,T0101,5.31357
2013,A,CZE,S1,S1,B1G,_Z,_T,_Z,PC,L,G1,T0101,-0.011647
2013,A,DNK,S1,S1,B1G,_Z,_T,_Z,PC,L,G1,T0101,1.440215
2013,A,EST,S1,S1,B1G,_Z,_T,_Z,PC,L,G1,T0101,1.746312
2013,A,FIN,S1,S1,B1G,_Z,_T,_Z,PC,L,G1,T0101,-1.146104
2013,A,FRA,S1,S1,B1G,_Z,_T,_Z,PC,L,G1,T0101,0.824451
2013,A,DEU,S1,S1,B1G,_Z,_T,_Z,PC,L,G1,T0101,0.459893
2013,A,GRC,S1,S1,B1G,_Z,_T,_Z,PC,L,G1,T0101,-1.665104
2013,A,HUN,S1,S1,B1G,_Z,_T,_Z,PC,L,G1,T0101,2.703631
2013,A,ITA,S1,S1,B1G,_Z,_T,_Z,PC,L,G1,T0101,-1.506129
2013,A,JPN,S1,S1,B1G,_Z,_T,_Z,PC,L,G1,T0101,1.891093
2013,A,KOR,S1,S1,B1G,_Z,_T,_Z,PC,L,G1,T0101,3.488948
2013,A,LTU,S1,S1,B1G,_Z,_T,_Z,PC,L,G1,T0101,4.046915
2013,A,LUX,S1,S1,B1G,_Z,_T,_Z,PC,L,G1,T0101,3.102422
2013,A,ESP,S1,S1,B1G,_Z,_T,_Z,PC,L,G1,T0101,-1.276392
2013,A,CHE,S1,S1,B1G,_Z,_T,_Z,PC,L,G1,T0101,1.81684
2013,A,GBR,S1,S1,B1G,_Z,_T,_Z,PC,L,G1,T0101,1.725719
2013,A,EA20,S1,S1,B1G,_Z,_T,_Z,PC,L,G1,T0101,-0.053032
2013,A,ALB,S1,S1,B1G,_Z,_T,_Z,PC,L,G1,T0101,1.128145
2013,A,ARG,S1,S1,B1G,_Z,_T,_Z,PC,L,G1,T0101,2.206386
2013,A,BRA,S1,S1,B1G,_Z,_T,_Z,PC,L,G1,T0101,2.875758
2013,A,BGR,S1,S1,B1G,_Z,_T,_Z,PC,L,G1,T0101,-1.647915
2013,A,CHN,S1,S1,B1G,_Z,_T,_Z,PC,L,G1,T0101,7.766147
2013,A,HRV,S1,S1,B1G,_Z,_T,_Z,PC,L,G1,T0101,-0.474925
2013,A,CYP,S1,S1,B1G,_Z,_T,_Z,PC,L,G1,T0101,-6.587477
2013,A,IND,S1,S1,B1G,_Z,_T,_Z,PC,L,G1,T0101,6.053787
2013,A,IDN,S1,S1,B1G,_Z,_T,_Z,PC,L,G1,T0101,5.198887
2020,A,ALB,S1,S1,B1GXP119,_Z,_T,_Z,PC,L,G1,T0101,-3.132804
2021,A,DEU,S1,S1,B1GXP119,_Z,_T,_Z,PC,L,G1,T0101,3.8
2021,A,ALB,S1,S1,B1GXP119,_Z,_T,_Z,PC,L,G1,T0101,8.59826
2021,A,MKD,S1,S1,B1GXP119,_Z,_T,_Z,PC,L,G1,T0101,4.128047
2022,A,DEU,S1,S1,B1GXP119,_Z,_T,_Z,PC,L,G1,T0101,1.734104
2022,A,GRC,S1,S1,B1GXP119,_Z,_T,_Z,PC,L,G1,T0101,5.295549
2022,A,MEX,S1,S1,B1GXP119,_Z,_T,_Z,PC,L,G1,T0101,3.568345
2022,A,ESP,S1,S1,B1GXP119,_Z,_T,_Z,PC,L,G1,T0101,6.699692
2022,A,CYP,S1,S1,B1GXP119,_Z,_T,_Z,PC,L,G1,T0101,5.637371
2022,A,MKD,S1,S1,B1GXP119,_Z,_T,_Z,PC,L,G1,T0101,2.520379
2022,A,SRB,S1,S1,B1GXP119,_Z,_T,_Z,PC,L,G1,T0101,2.503848
2023,A,BEL,S1,S1,B1GXP119,_Z,_T,_Z,PC,L,G1,T0101,1.068974
2023,A,COL,S1,S1,B1GXP119,_Z,_T,_Z,PC,L,G1,T0101,1.078703
2023,A,FRA,S1,S1,B1GXP119,_Z,_T,_Z,PC,L,G1,T0101,1.995086
2023,A,DEU,S1,S1,B1GXP119,_Z,_T,_Z,PC,L,G1,T0101,0.217803
2023,A,GRC,S1,S1,B1GXP119,_Z,_T,_Z,PC,L,G1,T0101,2.201515
2023,A,KOR,S1,S1,B1GXP119,_Z,_T,_Z,PC,L,G1,T0101,1.910412
2023,A,MEX,S1,S1,B1GXP119,_Z,_T,_Z,PC,L,G1,T0101,3.241174
2023,A,PRT,S1,S1,B1GXP119,_Z,_T,_Z,PC,L,G1,T0101,2.714926
2023,A,ESP,S1,S1,B1GXP119,_Z,_T,_Z,PC,L,G1,T0101,2.884494
2023,A,HRV,S1,S1,B1GXP119,_Z,_T,_Z,PC,L,G1,T0101,3.4824
2023,A,ROU,S1,S1,B1GXP119,_Z,_T,_Z,PC,L,G1,T0101,2.126553
2021,A,ALB,S1,S1,B1G,_Z,_T,_Z,PC,L,G1,T0101,8.59826
2022,A,MKD,S1,S1,B1G,_Z,_T,_Z,PC,L,G1,T0101,2.520379
2020,A,ALB,S1,S1,B1G,_Z,_T,_Z,PC,L,G1,T0101,-3.132804
2021,A,DEU,S1,S1,B1G,_Z,_T,_Z,PC,L,G1,T0101,3.8
2021,A,MKD,S1,S1,B1G,_Z,_T,_Z,PC,L,G1,T0101,4.128047
2022,A,DEU,S1,S1,B1G,_Z,_T,_Z,PC,L,G1,T0101,1.734104
2022,A,GRC,S1,S1,B1G,_Z,_T,_Z,PC,L,G1,T0101,5.295549
2022,A,MEX,S1,S1,B1G,_Z,_T,_Z,PC,L,G1,T0101,3.568345
2022,A,ESP,S1,S1,B1G,_Z,_T,_Z,PC,L,G1,T0101,6.699692
2022,A,CYP,S1,S1,B1G,_Z,_T,_Z,PC,L,G1,T0101,5.637371
2022,A,SRB,S1,S1,B1G,_Z,_T,_Z,PC,L,G1,T0101,2.503848
2023,A,BEL,S1,S1,B1G,_Z,_T,_Z,PC,L,G1,T0101,1.068974
2023,A,COL,S1,S1,B1G,_Z,_T,_Z,PC,L,G1,T0101,1.078703
2023,A,FRA,S1,S1,B1G,_Z,_T,_Z,PC,L,G1,T0101,1.995086
2023,A,DEU,S1,S1,B1G,_Z,_T,_Z,PC,L,G1,T0101,0.217803
2023,A,GRC,S1,S1,B1G,_Z,_T,_Z,PC,L,G1,T0101,2.201515
2023,A,KOR,S1,S1,B1G,_Z,_T,_Z,PC,L,G1,T0101,1.910412
2023,A,MEX,S1,S1,B1G,_Z,_T,_Z,PC,L,G1,T0101,3.241174
2023,A,PRT,S1,S1,B1G,_Z,_T,_Z,PC,L,G1,T0101,2.714926
2023,A,ESP,S1,S1,B1G,_Z,_T,_Z,PC,L,G1,T0101,2.884494
2023,A,HRV,S1,S1,B1G,_Z,_T,_Z,PC,L,G1,T0101,3.4824
2023,A,ROU,S1,S1,B1G,_Z,_T,_Z,PC,L,G1,T0101,2.126553
2009,A,BEL,S1,S1,B1GXP119,_Z,_T,_Z,PC,L,G1,T0101,-1.845632
1990,A,AUT,S1,S1,B1GXP119,_Z,_T,_Z,PC,L,G1,T0101,4.756899
1990,A,COL,S1,S1,B1GXP119,_Z,_T,_Z,PC,L,G1,T0101,4.855313
1990,A,DEU,S1,S1,B1GXP119,_Z,_T,_Z,PC,L,G1,T0101,5.148602
1990,A,GRC,S1,S1,B1GXP119,_Z,_T,_Z,PC,L,G1,T0101,-1.344378
1990,A,JPN,S1,S1,B1GXP119,_Z,_T,_Z,PC,L,G1,T0101,5.32218
1990,A,KOR,S1,S1,B1GXP119,_Z,_T,_Z,PC,L,G1,T0101,9.572229
1990,A,ESP,S1,S1,B1GXP119,_Z,_T,_Z,PC,L,G1,T0101,3.723698
1990,A,GBR,S1,S1,B1GXP119,_Z,_T,_Z,PC,L,G1,T0101,0.972489
1991,A,AUT,S1,S1,B1GXP119,_Z,_T,_Z,PC,L,G1,T0101,3.347878
1991,A,COL,S1,S1,B1GXP119,_Z,_T,_Z,PC,L,G1,T0101,3.319111
1991,A,CZE,S1,S1,B1GXP119,_Z,_T,_Z,PC,L,G1,T0101,-9.395732
1991,A,GRC,S1,S1,B1GXP119,_Z,_T,_Z,PC,L,G1,T0101,3.368449
1991,A,JPN,S1,S1,B1GXP119,_Z,_T,_Z,PC,L,G1,T0101,3.784336
1991,A,KOR,S1,S1,B1GXP119,_Z,_T,_Z,PC,L,G1,T0101,10.972504
1991,A,ESP,S1,S1,B1GXP119,_Z,_T,_Z,PC,L,G1,T0101,2.277548
1991,A,GBR,S1,S1,B1GXP119,_Z,_T,_Z,PC,L,G1,T0101,-0.707785
1992,A,AUT,S1,S1,B1GXP119,_Z,_T,_Z,PC,L,G1,T0101,2.24594
1992,A,COL,S1,S1,B1GXP119,_Z,_T,_Z,PC,L,G1,T0101,3.079666
1992,A,CZE,S1,S1,B1GXP119,_Z,_T,_Z,PC,L,G1,T0101,0.262568
1992,A,GRC,S1,S1,B1GXP119,_Z,_T,_Z,PC,L,G1,T0101,0.779999
1992,A,JPN,S1,S1,B1GXP119,_Z,_T,_Z,PC,L,G1,T0101,1.026106
1992,A,KOR,S1,S1,B1GXP119,_Z,_T,_Z,PC,L,G1,T0101,6.487666
1992,A,ESP,S1,S1,B1GXP119,_Z,_T,_Z,PC,L,G1,T0101,0.056406
1992,A,GBR,S1,S1,B1GXP119,_Z,_T,_Z,PC,L,G1,T0101,0.555511
1993,A,AUT,S1,S1,B1GXP119,_Z,_T,_Z,PC,L,G1,T0101,0.547153
1993,A,COL,S1,S1,B1GXP119,_Z,_T,_Z,PC,L,G1,T0101,4.657203
1993,A,CZE,S1,S1,B1GXP119,_Z,_T,_Z,PC,L,G1,T0101,1.195019
1993,A,GRC,S1,S1,B1GXP119,_Z,_T,_Z,PC,L,G1,T0101,-0.47574
1993,A,JPN,S1,S1,B1GXP119,_Z,_T,_Z,PC,L,G1,T0101,0.298375
1993,A,KOR,S1,S1,B1GXP119,_Z,_T,_Z,PC,L,G1,T0101,7.1664
1993,A,ESP,S1,S1,B1GXP119,_Z,_T,_Z,PC,L,G1,T0101,-1.468165
1993,A,GBR,S1,S1,B1GXP119,_Z,_T,_Z,PC,L,G1,T0101,2.538286
1994,A,AUT,S1,S1,B1GXP119,_Z,_T,_Z,PC,L,G1,T0101,2.428821
1994,A,COL,S1,S1,B1GXP119,_Z,_T,_Z,PC,L,G1,T0101,5.730721
1994,A,CZE,S1,S1,B1GXP119,_Z,_T,_Z,PC,L,G1,T0101,2.202904
1994,A,GRC,S1,S1,B1GXP119,_Z,_T,_Z,PC,L,G1,T0101,1.424562
1994,A,KOR,S1,S1,B1GXP119,_Z,_T,_Z,PC,L,G1,T0101,9.034023
1994,A,ESP,S1,S1,B1GXP119,_Z,_T,_Z,PC,L,G1,T0101,1.508538
1994,A,GBR,S1,S1,B1GXP119,_Z,_T,_Z,PC,L,G1,T0101,3.600837
1994,A,IDN,S1,S1,B1GXP119,_Z,_T,_Z,PC,L,G1,T0101,7.539936
1995,A,COL,S1,S1,B1GXP119,_Z,_T,_Z,PC,L,G1,T0101,5.365048
1995,A,KOR,S1,S1,B1GXP119,_Z,_T,_Z,PC,L,G1,T0101,9.588197
1995,A,IDN,S1,S1,B1GXP119,_Z,_T,_Z,PC,L,G1,T0101,8.220061
1996,A,COL,S1,S1,B1GXP119,_Z,_T,_Z,PC,L,G1,T0101,1.677697
1996,A,KOR,S1,S1,B1GXP119,_Z,_T,_Z,PC,L,G1,T0101,7.833897
1996,A,IDN,S1,S1,B1GXP119,_Z,_T,_Z,PC,L,G1,T0101,7.818051
1997,A,COL,S1,S1,B1GXP119,_Z,_T,_Z,PC,L,G1,T0101,3.206537
1997,A,KOR,S1,S1,B1GXP119,_Z,_T,_Z,PC,L,G1,T0101,6.251178
1997,A,IDN,S1,S1,B1GXP119,_Z,_T,_Z,PC,L,G1,T0101,4.699857
1998,A,COL,S1,S1,B1GXP119,_Z,_T,_Z,PC,L,G1,T0101,0.826746
1998,A,KOR,S1,S1,B1GXP119,_Z,_T,_Z,PC,L,G1,T0101,-4.718337
1998,A,IDN,S1,S1,B1GXP119,_Z,_T,_Z,PC,L,G1,T0101,-13.126619
1999,A,COL,S1,S1,B1GXP119,_Z,_T,_Z,PC,L,G1,T0101,-4.416768
1999,A,KOR,S1,S1,B1GXP119,_Z,_T,_Z,PC,L,G1,T0101,11.001441
1999,A,IDN,S1,S1,B1GXP119,_Z,_T,_Z,PC,L,G1,T0101,0.791259
2000,A,COL,S1,S1,B1GXP119,_Z,_T,_Z,PC,L,G1,T0101,2.734255
2000,A,IDN,S1,S1,B1GXP119,_Z,_T,_Z,PC,L,G1,T0101,4.919901
2001,A,COL,S1,S1,B1GXP119,_Z,_T,_Z,PC,L,G1,T0101,1.558423
2001,A,IDN,S1,S1,B1GXP119,_Z,_T,_Z,PC,L,G1,T0101,3.643466
2002,A,COL,S1,S1,B1GXP119,_Z,_T,_Z,PC,L,G1,T0101,2.648735
2002,A,IDN,S1,S1,B1GXP119,_Z,_T,_Z,PC,L,G1,T0101,4.499475
2003,A,COL,S1,S1,B1GXP119,_Z,_T,_Z,PC,L,G1,T0101,3.796966
2003,A,IDN,S1,S1,B1GXP119,_Z,_T,_Z,PC,L,G1,T0101,4.780369
2004,A,COL,S1,S1,B1GXP119,_Z,_T,_Z,PC,L,G1,T0101,5.38326
2004,A,IDN,S1,S1,B1GXP119,_Z,_T,_Z,PC,L,G1,T0101,5.030874
2005,A,IDN,S1,S1,B1GXP119,_Z,_T,_Z,PC,L,G1,T0101,5.692571
2006,A,IDN,S1,S1,B1GXP119,_Z,_T,_Z,PC,L,G1,T0101,5.500952
2007,A,IDN,S1,S1,B1GXP119,_Z,_T,_Z,PC,L,G1,T0101,6.345022
2008,A,IDN,S1,S1,B1GXP119,_Z,_T,_Z,PC,L,G1,T0101,6.013703
2009,A,IDN,S1,S1,B1GXP119,_Z,_T,_Z,PC,L,G1,T0101,4.628875
1990,A,BEL,S1,S1,B1GXP119,_Z,_T,_Z,PC,L,G1,T0101,3.244033
1990,A,DNK,S1,S1,B1GXP119,_Z,_T,_Z,PC,L,G1,T0101,1.997652
1990,A,FIN,S1,S1,B1GXP119,_Z,_T,_Z,PC,L,G1,T0101,1.509102
1990,A,FRA,S1,S1,B1GXP119,_Z,_T,_Z,PC,L,G1,T0101,2.946759
1990,A,ITA,S1,S1,B1GXP119,_Z,_T,_Z,PC,L,G1,T0101,1.912854
1990,A,CHN,S1,S1,B1GXP119,_Z,_T,_Z,PC,L,G1,T0101,3.919807
1990,A,DEU_F,S1,S1,B1GXP119,_Z,_T,_Z,PC,L,G1,T0101,5.148602
1991,A,BEL,S1,S1,B1GXP119,_Z,_T,_Z,PC,L,G1,T0101,1.867533
1991,A,DNK,S1,S1,B1GXP119,_Z,_T,_Z,PC,L,G1,T0101,1.11207
1991,A,FIN,S1,S1,B1GXP119,_Z,_T,_Z,PC,L,G1,T0101,-6.016993
1991,A,FRA,S1,S1,B1GXP119,_Z,_T,_Z,PC,L,G1,T0101,1.29514
1991,A,DEU,S1,S1,B1GXP119,_Z,_T,_Z,PC,L,G1,T0101,5.075129
1991,A,ITA,S1,S1,B1GXP119,_Z,_T,_Z,PC,L,G1,T0101,1.45086
1991,A,CHE,S1,S1,B1GXP119,_Z,_T,_Z,PC,L,G1,T0101,-0.679244
1991,A,CHN,S1,S1,B1GXP119,_Z,_T,_Z,PC,L,G1,T0101,9.262411
1991,A,DEU_F,S1,S1,B1GXP119,_Z,_T,_Z,PC,L,G1,T0101,5.075129
1992,A,BEL,S1,S1,B1GXP119,_Z,_T,_Z,PC,L,G1,T0101,1.096086
1992,A,DNK,S1,S1,B1GXP119,_Z,_T,_Z,PC,L,G1,T0101,1.721063
1992,A,FIN,S1,S1,B1GXP119,_Z,_T,_Z,PC,L,G1,T0101,-3.034047
1992,A,FRA,S1,S1,B1GXP119,_Z,_T,_Z,PC,L,G1,T0101,1.811286
1992,A,DEU,S1,S1,B1GXP119,_Z,_T,_Z,PC,L,G1,T0101,2.032928
1992,A,ITA,S1,S1,B1GXP119,_Z,_T,_Z,PC,L,G1,T0101,0.779014
1992,A,CHE,S1,S1,B1GXP119,_Z,_T,_Z,PC,L,G1,T0101,0.043408
1992,A,CHN,S1,S1,B1GXP119,_Z,_T,_Z,PC,L,G1,T0101,14.224775
1993,A,BEL,S1,S1,B1GXP119,_Z,_T,_Z,PC,L,G1,T0101,-1.548784
1993,A,DNK,S1,S1,B1GXP119,_Z,_T,_Z,PC,L,G1,T0101,0.533022
1993,A,FIN,S1,S1,B1GXP119,_Z,_T,_Z,PC,L,G1,T0101,-0.202796
1993,A,FRA,S1,S1,B1GXP119,_Z,_T,_Z,PC,L,G1,T0101,-0.301782
1993,A,DEU,S1,S1,B1GXP119,_Z,_T,_Z,PC,L,G1,T0101,-1.192647
1993,A,ITA,S1,S1,B1GXP119,_Z,_T,_Z,PC,L,G1,T0101,-0.514055
1993,A,CHE,S1,S1,B1GXP119,_Z,_T,_Z,PC,L,G1,T0101,-0.222794
1993,A,CHN,S1,S1,B1GXP119,_Z,_T,_Z,PC,L,G1,T0101,13.883747
1994,A,BEL,S1,S1,B1GXP119,_Z,_T,_Z,PC,L,G1,T0101,2.899763
1994,A,DNK,S1,S1,B1GXP119,_Z,_T,_Z,PC,L,G1,T0101,4.589792
1994,A,FIN,S1,S1,B1GXP119,_Z,_T,_Z,PC,L,G1,T0101,4.601856
1994,A,FRA,S1,S1,B1GXP119,_Z,_T,_Z,PC,L,G1,T0101,2.067463
1994,A,DEU,S1,S1,B1GXP119,_Z,_T,_Z,PC,L,G1,T0101,2.243681
1994,A,ITA,S1,S1,B1GXP119,_Z,_T,_Z,PC,L,G1,T0101,2.29612
1994,A,JPN,S1,S1,B1GXP119,_Z,_T,_Z,PC,L,G1,T0101,0.810468
1994,A,CHE,S1,S1,B1GXP119,_Z,_T,_Z,PC,L,G1,T0101,1.078856
1994,A,CHN,S1,S1,B1GXP119,_Z,_T,_Z,PC,L,G1,T0101,13.036584
1995,A,AUT,S1,S1,B1GXP119,_Z,_T,_Z,PC,L,G1,T0101,3.256924
1995,A,BEL,S1,S1,B1GXP119,_Z,_T,_Z,PC,L,G1,T0101,2.815239
1995,A,CZE,S1,S1,B1GXP119,_Z,_T,_Z,PC,L,G1,T0101,5.165456
1995,A,DNK,S1,S1,B1GXP119,_Z,_T,_Z,PC,L,G1,T0101,3.13341
1995,A,FIN,S1,S1,B1GXP119,_Z,_T,_Z,PC,L,G1,T0101,4.248973
1995,A,FRA,S1,S1,B1GXP119,_Z,_T,_Z,PC,L,G1,T0101,2.465721
1995,A,DEU,S1,S1,B1GXP119,_Z,_T,_Z,PC,L,G1,T0101,1.805556
1995,A,GRC,S1,S1,B1GXP119,_Z,_T,_Z,PC,L,G1,T0101,2.000293
1995,A,ITA,S1,S1,B1GXP119,_Z,_T,_Z,PC,L,G1,T0101,2.891845
1995,A,JPN,S1,S1,B1GXP119,_Z,_T,_Z,PC,L,G1,T0101,2.51917
1995,A,ESP,S1,S1,B1GXP119,_Z,_T,_Z,PC,L,G1,T0101,2.608348
1995,A,CHE,S1,S1,B1GXP119,_Z,_T,_Z,PC,L,G1,T0101,0.448806
1995,A,GBR,S1,S1,B1GXP119,_Z,_T,_Z,PC,L,G1,T0101,2.212104
1995,A,CHN,S1,S1,B1GXP119,_Z,_T,_Z,PC,L,G1,T0101,10.953932
1996,A,AUT,S1,S1,B1GXP119,_Z,_T,_Z,PC,L,G1,T0101,1.756122
1996,A,BEL,S1,S1,B1GXP119,_Z,_T,_Z,PC,L,G1,T0101,0.916315
1996,A,CZE,S1,S1,B1GXP119,_Z,_T,_Z,PC,L,G1,T0101,3.810606
1996,A,DNK,S1,S1,B1GXP119,_Z,_T,_Z,PC,L,G1,T0101,2.521889
1996,A,EST,S1,S1,B1GXP119,_Z,_T,_Z,PC,L,G1,T0101,4.913357
1996,A,FIN,S1,S1,B1GXP119,_Z,_T,_Z,PC,L,G1,T0101,3.749268
1996,A,FRA,S1,S1,B1GXP119,_Z,_T,_Z,PC,L,G1,T0101,1.466536
1996,A,DEU,S1,S1,B1GXP119,_Z,_T,_Z,PC,L,G1,T0101,0.804911
1996,A,GRC,S1,S1,B1GXP119,_Z,_T,_Z,PC,L,G1,T0101,0.83578
1996,A,ITA,S1,S1,B1GXP119,_Z,_T,_Z,PC,L,G1,T0101,1.365684
1996,A,JPN,S1,S1,B1GXP119,_Z,_T,_Z,PC,L,G1,T0101,3.110539
1996,A,LTU,S1,S1,B1GXP119,_Z,_T,_Z,PC,L,G1,T0101,5.026942
1996,A,ESP,S1,S1,B1GXP119,_Z,_T,_Z,PC,L,G1,T0101,2.587579
1996,A,CHE,S1,S1,B1GXP119,_Z,_T,_Z,PC,L,G1,T0101,0.366763
1996,A,GBR,S1,S1,B1GXP119,_Z,_T,_Z,PC,L,G1,T0101,2.971006
1996,A,BRA,S1,S1,B1GXP119,_Z,_T,_Z,PC,L,G1,T0101,1.979059
1996,A,BGR,S1,S1,B1GXP119,_Z,_T,_Z,PC,L,G1,T0101,5.946908
1996,A,CHN,S1,S1,B1GXP119,_Z,_T,_Z,PC,L,G1,T0101,9.922745
1996,A,HRV,S1,S1,B1GXP119,_Z,_T,_Z,PC,L,G1,T0101,6.101973
1996,A,CYP,S1,S1,B1GXP119,_Z,_T,_Z,PC,L,G1,T0101,1.248549
1997,A,AUT,S1,S1,B1GXP119,_Z,_T,_Z,PC,L,G1,T0101,2.180146
1997,A,BEL,S1,S1,B1GXP119,_Z,_T,_Z,PC,L,G1,T0101,3.646952
1997,A,CHL,S1,S1,B1GXP119,_Z,_T,_Z,PC,L,G1,T0101,7.220629
1997,A,CZE,S1,S1,B1GXP119,_Z,_T,_Z,PC,L,G1,T0101,-1.308919
1997,A,DNK,S1,S1,B1GXP119,_Z,_T,_Z,PC,L,G1,T0101,3.121198
1997,A,EST,S1,S1,B1GXP119,_Z,_T,_Z,PC,L,G1,T0101,11.990075
1997,A,FIN,S1,S1,B1GXP119,_Z,_T,_Z,PC,L,G1,T0101,6.263511
1997,A,FRA,S1,S1,B1GXP119,_Z,_T,_Z,PC,L,G1,T0101,2.513985
1997,A,DEU,S1,S1,B1GXP119,_Z,_T,_Z,PC,L,G1,T0101,2.070646
1997,A,GRC,S1,S1,B1GXP119,_Z,_T,_Z,PC,L,G1,T0101,3.304271
1997,A,ITA,S1,S1,B1GXP119,_Z,_T,_Z,PC,L,G1,T0101,1.650049
1997,A,JPN,S1,S1,B1GXP119,_Z,_T,_Z,PC,L,G1,T0101,1.386296
1997,A,LTU,S1,S1,B1GXP119,_Z,_T,_Z,PC,L,G1,T0101,8.30063
1997,A,ESP,S1,S1,B1GXP119,_Z,_T,_Z,PC,L,G1,T0101,3.386
1997,A,CHE,S1,S1,B1GXP119,_Z,_T,_Z,PC,L,G1,T0101,1.975004
1997,A,GBR,S1,S1,B1GXP119,_Z,_T,_Z,PC,L,G1,T0101,4.094757
1997,A,ALB,S1,S1,B1GXP119,_Z,_T,_Z,PC,L,G1,T0101,-10.207886
1997,A,BRA,S1,S1,B1GXP119,_Z,_T,_Z,PC,L,G1,T0101,2.910721
1997,A,BGR,S1,S1,B1GXP119,_Z,_T,_Z,PC,L,G1,T0101,-15.125347
1997,A,CHN,S1,S1,B1GXP119,_Z,_T,_Z,PC,L,G1,T0101,9.23656
1997,A,HRV,S1,S1,B1GXP119,_Z,_T,_Z,PC,L,G1,T0101,6.98153
1997,A,CYP,S1,S1,B1GXP119,_Z,_T,_Z,PC,L,G1,T0101,2.640949
1998,A,AUT,S1,S1,B1GXP119,_Z,_T,_Z,PC,L,G1,T0101,3.780195
1998,A,BEL,S1,S1,B1GXP119,_Z,_T,_Z,PC,L,G1,T0101,1.867463
1998,A,CHL,S1,S1,B1GXP119,_Z,_T,_Z,PC,L,G1,T0101,4.146641
1998,A,CZE,S1,S1,B1GXP119,_Z,_T,_Z,PC,L,G1,T0101,-0.370427
1998,A,DNK,S1,S1,B1GXP119,_Z,_T,_Z,PC,L,G1,T0101,1.96662
1998,A,EST,S1,S1,B1GXP119,_Z,_T,_Z,PC,L,G1,T0101,6.455689
1998,A,FIN,S1,S1,B1GXP119,_Z,_T,_Z,PC,L,G1,T0101,5.301223
1998,A,FRA,S1,S1,B1GXP119,_Z,_T,_Z,PC,L,G1,T0101,3.520506
1998,A,DEU,S1,S1,B1GXP119,_Z,_T,_Z,PC,L,G1,T0101,2.254044
1998,A,GRC,S1,S1,B1GXP119,_Z,_T,_Z,PC,L,G1,T0101,4.236434
1998,A,ITA,S1,S1,B1GXP119,_Z,_T,_Z,PC,L,G1,T0101,1.641279
1998,A,JPN,S1,S1,B1GXP119,_Z,_T,_Z,PC,L,G1,T0101,-1.201769
1998,A,LTU,S1,S1,B1GXP119,_Z,_T,_Z,PC,L,G1,T0101,7.462937
1998,A,ESP,S1,S1,B1GXP119,_Z,_T,_Z,PC,L,G1,T0101,3.852589
1998,A,CHE,S1,S1,B1GXP119,_Z,_T,_Z,PC,L,G1,T0101,2.991411
1998,A,GBR,S1,S1,B1GXP119,_Z,_T,_Z,PC,L,G1,T0101,3.431503
1998,A,ALB,S1,S1,B1GXP119,_Z,_T,_Z,PC,L,G1,T0101,8.510005
1998,A,BRA,S1,S1,B1GXP119,_Z,_T,_Z,PC,L,G1,T0101,0.624667
1998,A,BGR,S1,S1,B1GXP119,_Z,_T,_Z,PC,L,G1,T0101,1.86632
1998,A,CHN,S1,S1,B1GXP119,_Z,_T,_Z,PC,L,G1,T0101,7.846128
1998,A,HRV,S1,S1,B1GXP119,_Z,_T,_Z,PC,L,G1,T0101,2.259386
1998,A,CYP,S1,S1,B1GXP119,_Z,_T,_Z,PC,L,G1,T0101,6.110888
1999,A,AUT,S1,S1,B1GXP119,_Z,_T,_Z,PC,L,G1,T0101,3.476263
1999,A,BEL,S1,S1,B1GXP119,_Z,_T,_Z,PC,L,G1,T0101,3.326553
1999,A,CHL,S1,S1,B1GXP119,_Z,_T,_Z,PC,L,G1,T0101,0.402281
1999,A,CZE,S1,S1,B1GXP119,_Z,_T,_Z,PC,L,G1,T0101,1.422298
1999,A,DNK,S1,S1,B1GXP119,_Z,_T,_Z,PC,L,G1,T0101,3.32173
1999,A,EST,S1,S1,B1GXP119,_Z,_T,_Z,PC,L,G1,T0101,0.066595
1999,A,FIN,S1,S1,B1GXP119,_Z,_T,_Z,PC,L,G1,T0101,4.659323
1999,A,FRA,S1,S1,B1GXP119,_Z,_T,_Z,PC,L,G1,T0101,3.417542
1999,A,DEU,S1,S1,B1GXP119,_Z,_T,_Z,PC,L,G1,T0101,1.919087
1999,A,GRC,S1,S1,B1GXP119,_Z,_T,_Z,PC,L,G1,T0101,1.434145
1999,A,ITA,S1,S1,B1GXP119,_Z,_T,_Z,PC,L,G1,T0101,1.590161
1999,A,JPN,S1,S1,B1GXP119,_Z,_T,_Z,PC,L,G1,T0101,0.016992
1999,A,LTU,S1,S1,B1GXP119,_Z,_T,_Z,PC,L,G1,T0101,-1.097005
1999,A,ESP,S1,S1,B1GXP119,_Z,_T,_Z,PC,L,G1,T0101,4.330412
1999,A,CHE,S1,S1,B1GXP119,_Z,_T,_Z,PC,L,G1,T0101,1.180292
1999,A,GBR,S1,S1,B1GXP119,_Z,_T,_Z,PC,L,G1,T0101,3.229197
1999,A,ALB,S1,S1,B1GXP119,_Z,_T,_Z,PC,L,G1,T0101,14.293071
1999,A,BRA,S1,S1,B1GXP119,_Z,_T,_Z,PC,L,G1,T0101,0.961118
1999,A,BGR,S1,S1,B1GXP119,_Z,_T,_Z,PC,L,G1,T0101,-8.923368
1999,A,CHN,S1,S1,B1GXP119,_Z,_T,_Z,PC,L,G1,T0101,7.661641
1999,A,HRV,S1,S1,B1GXP119,_Z,_T,_Z,PC,L,G1,T0101,-0.294853
1999,A,CYP,S1,S1,B1GXP119,_Z,_T,_Z,PC,L,G1,T0101,4.997946
2000,A,AUT,S1,S1,B1GXP119,_Z,_T,_Z,PC,L,G1,T0101,3.622277
2000,A,BEL,S1,S1,B1GXP119,_Z,_T,_Z,PC,L,G1,T0101,3.586153
2000,A,CHL,S1,S1,B1GXP119,_Z,_T,_Z,PC,L,G1,T0101,4.863021
2000,A,CZE,S1,S1,B1GXP119,_Z,_T,_Z,PC,L,G1,T0101,4.282233
2000,A,DNK,S1,S1,B1GXP119,_Z,_T,_Z,PC,L,G1,T0101,4.627715
2000,A,EST,S1,S1,B1GXP119,_Z,_T,_Z,PC,L,G1,T0101,9.250403
2000,A,FIN,S1,S1,B1GXP119,_Z,_T,_Z,PC,L,G1,T0101,6.435566
2000,A,FRA,S1,S1,B1GXP119,_Z,_T,_Z,PC,L,G1,T0101,4.129286
2000,A,DEU,S1,S1,B1GXP119,_Z,_T,_Z,PC,L,G1,T0101,3.104326
2000,A,GRC,S1,S1,B1GXP119,_Z,_T,_Z,PC,L,G1,T0101,3.978931
2000,A,ITA,S1,S1,B1GXP119,_Z,_T,_Z,PC,L,G1,T0101,3.885398
2000,A,JPN,S1,S1,B1GXP119,_Z,_T,_Z,PC,L,G1,T0101,2.625812
2000,A,KOR,S1,S1,B1GXP119,_Z,_T,_Z,PC,L,G1,T0101,8.92543
2000,A,LTU,S1,S1,B1GXP119,_Z,_T,_Z,PC,L,G1,T0101,3.41862
2000,A,ESP,S1,S1,B1GXP119,_Z,_T,_Z,PC,L,G1,T0101,5.307204
2000,A,CHE,S1,S1,B1GXP119,_Z,_T,_Z,PC,L,G1,T0101,3.667331
2000,A,GBR,S1,S1,B1GXP119,_Z,_T,_Z,PC,L,G1,T0101,4.406195
2000,A,ALB,S1,S1,B1GXP119,_Z,_T,_Z,PC,L,G1,T0101,5.934457
2000,A,BRA,S1,S1,B1GXP119,_Z,_T,_Z,PC,L,G1,T0101,3.928392
2000,A,BGR,S1,S1,B1GXP119,_Z,_T,_Z,PC,L,G1,T0101,3.948927
2000,A,CHN,S1,S1,B1GXP119,_Z,_T,_Z,PC,L,G1,T0101,8.489981
2000,A,HRV,S1,S1,B1GXP119,_Z,_T,_Z,PC,L,G1,T0101,2.252808
2000,A,CYP,S1,S1,B1GXP119,_Z,_T,_Z,PC,L,G1,T0101,5.965302
2001,A,AUT,S1,S1,B1GXP119,_Z,_T,_Z,PC,L,G1,T0101,1.486721
2001,A,BEL,S1,S1,B1GXP119,_Z,_T,_Z,PC,L,G1,T0101,1.520238
2001,A,CHL,S1,S1,B1GXP119,_Z,_T,_Z,PC,L,G1,T0101,3.326344
2001,A,CZE,S1,S1,B1GXP119,_Z,_T,_Z,PC,L,G1,T0101,2.938046
2001,A,DNK,S1,S1,B1GXP119,_Z,_T,_Z,PC,L,G1,T0101,0.986851
2001,A,EST,S1,S1,B1GXP119,_Z,_T,_Z,PC,L,G1,T0101,5.50848
2001,A,FIN,S1,S1,B1GXP119,_Z,_T,_Z,PC,L,G1,T0101,2.779974
2001,A,FRA,S1,S1,B1GXP119,_Z,_T,_Z,PC,L,G1,T0101,1.881875
2001,A,DEU,S1,S1,B1GXP119,_Z,_T,_Z,PC,L,G1,T0101,1.961994
2001,A,GRC,S1,S1,B1GXP119,_Z,_T,_Z,PC,L,G1,T0101,3.941742
2001,A,HUN,S1,S1,B1GXP119,_Z,_T,_Z,PC,L,G1,T0101,4.240382
2001,A,ITA,S1,S1,B1GXP119,_Z,_T,_Z,PC,L,G1,T0101,1.917698
2001,A,JPN,S1,S1,B1GXP119,_Z,_T,_Z,PC,L,G1,T0101,-0.236217
2001,A,KOR,S1,S1,B1GXP119,_Z,_T,_Z,PC,L,G1,T0101,4.645132
2001,A,LTU,S1,S1,B1GXP119,_Z,_T,_Z,PC,L,G1,T0101,6.484125
2001,A,ESP,S1,S1,B1GXP119,_Z,_T,_Z,PC,L,G1,T0101,3.970746
2001,A,CHE,S1,S1,B1GXP119,_Z,_T,_Z,PC,L,G1,T0101,1.767096
2001,A,GBR,S1,S1,B1GXP119,_Z,_T,_Z,PC,L,G1,T0101,2.541242
2001,A,EA20,S1,S1,B1GXP119,_Z,_T,_Z,PC,L,G1,T0101,2.279123
2001,A,ALB,S1,S1,B1GXP119,_Z,_T,_Z,PC,L,G1,T0101,9.027014
2001,A,BRA,S1,S1,B1GXP119,_Z,_T,_Z,PC,L,G1,T0101,1.513096
2001,A,BGR,S1,S1,B1GXP119,_Z,_T,_Z,PC,L,G1,T0101,4.072408
2001,A,CHN,S1,S1,B1GXP119,_Z,_T,_Z,PC,L,G1,T0101,8.335768
2001,A,HRV,S1,S1,B1GXP119,_Z,_T,_Z,PC,L,G1,T0101,3.575821
2001,A,CYP,S1,S1,B1GXP119,_Z,_T,_Z,PC,L,G1,T0101,3.952539
2002,A,AUT,S1,S1,B1GXP119,_Z,_T,_Z,PC,L,G1,T0101,1.38396
2002,A,BEL,S1,S1,B1GXP119,_Z,_T,_Z,PC,L,G1,T0101,1.632973
2002,A,CHL,S1,S1,B1GXP119,_Z,_T,_Z,PC,L,G1,T0101,3.353185
2002,A,CZE,S1,S1,B1GXP119,_Z,_T,_Z,PC,L,G1,T0101,1.957887
2002,A,DNK,S1,S1,B1GXP119,_Z,_T,_Z,PC,L,G1,T0101,0.307591
2002,A,EST,S1,S1,B1GXP119,_Z,_T,_Z,PC,L,G1,T0101,6.605848
2002,A,FIN,S1,S1,B1GXP119,_Z,_T,_Z,PC,L,G1,T0101,1.314549
2002,A,FRA,S1,S1,B1GXP119,_Z,_T,_Z,PC,L,G1,T0101,1.028579
2002,A,DEU,S1,S1,B1GXP119,_Z,_T,_Z,PC,L,G1,T0101,0.048409
2002,A,GRC,S1,S1,B1GXP119,_Z,_T,_Z,PC,L,G1,T0101,4.711707
2002,A,ITA,S1,S1,B1GXP119,_Z,_T,_Z,PC,L,G1,T0101,0.377273
2002,A,JPN,S1,S1,B1GXP119,_Z,_T,_Z,PC,L,G1,T0101,0.429775
2002,A,KOR,S1,S1,B1GXP119,_Z,_T,_Z,PC,L,G1,T0101,7.995954
2002,A,LTU,S1,S1,B1GXP119,_Z,_T,_Z,PC,L,G1,T0101,6.71984
2002,A,ESP,S1,S1,B1GXP119,_Z,_T,_Z,PC,L,G1,T0101,2.676785
2002,A,CHE,S1,S1,B1GXP119,_Z,_T,_Z,PC,L,G1,T0101,0.16748
2002,A,GBR,S1,S1,B1GXP119,_Z,_T,_Z,PC,L,G1,T0101,1.57077
2002,A,EA20,S1,S1,B1GXP119,_Z,_T,_Z,PC,L,G1,T0101,0.987162
2002,A,ALB,S1,S1,B1GXP119,_Z,_T,_Z,PC,L,G1,T0101,4.270983
2002,A,BRA,S1,S1,B1GXP119,_Z,_T,_Z,PC,L,G1,T0101,3.579511
2002,A,BGR,S1,S1,B1GXP119,_Z,_T,_Z,PC,L,G1,T0101,7.599159
2002,A,CHN,S1,S1,B1GXP119,_Z,_T,_Z,PC,L,G1,T0101,9.133638
2002,A,CYP,S1,S1,B1GXP119,_Z,_T,_Z,PC,L,G1,T0101,3.722958
2003,A,AUT,S1,S1,B1GXP119,_Z,_T,_Z,PC,L,G1,T0101,1.310721
2003,A,BEL,S1,S1,B1GXP119,_Z,_T,_Z,PC,L,G1,T0101,1.114074
2003,A,CHL,S1,S1,B1GXP119,_Z,_T,_Z,PC,L,G1,T0101,4.818163
2003,A,CZE,S1,S1,B1GXP119,_Z,_T,_Z,PC,L,G1,T0101,2.669012
2003,A,DNK,S1,S1,B1GXP119,_Z,_T,_Z,PC,L,G1,T0101,0.449876
2003,A,EST,S1,S1,B1GXP119,_Z,_T,_Z,PC,L,G1,T0101,7.67986
2003,A,FIN,S1,S1,B1GXP119,_Z,_T,_Z,PC,L,G1,T0101,1.179928
2003,A,FRA,S1,S1,B1GXP119,_Z,_T,_Z,PC,L,G1,T0101,0.894351
2003,A,DEU,S1,S1,B1GXP119,_Z,_T,_Z,PC,L,G1,T0101,-0.532237
2003,A,GRC,S1,S1,B1GXP119,_Z,_T,_Z,PC,L,G1,T0101,6.155225
2003,A,ITA,S1,S1,B1GXP119,_Z,_T,_Z,PC,L,G1,T0101,0.040621
2003,A,JPN,S1,S1,B1GXP119,_Z,_T,_Z,PC,L,G1,T0101,1.535867
2003,A,KOR,S1,S1,B1GXP119,_Z,_T,_Z,PC,L,G1,T0101,3.199223
2003,A,LTU,S1,S1,B1GXP119,_Z,_T,_Z,PC,L,G1,T0101,10.551898
2003,A,ESP,S1,S1,B1GXP119,_Z,_T,_Z,PC,L,G1,T0101,2.662811
2003,A,CHE,S1,S1,B1GXP119,_Z,_T,_Z,PC,L,G1,T0101,-0.055159
2003,A,GBR,S1,S1,B1GXP119,_Z,_T,_Z,PC,L,G1,T0101,3.118485
2003,A,EA20,S1,S1,B1GXP119,_Z,_T,_Z,PC,L,G1,T0101,0.664441
2003,A,ALB,S1,S1,B1GXP119,_Z,_T,_Z,PC,L,G1,T0101,4.626747
2003,A,BRA,S1,S1,B1GXP119,_Z,_T,_Z,PC,L,G1,T0101,1.226704
2003,A,BGR,S1,S1,B1GXP119,_Z,_T,_Z,PC,L,G1,T0101,4.155315
2003,A,CHN,S1,S1,B1GXP119,_Z,_T,_Z,PC,L,G1,T0101,10.038047
2003,A,HRV,S1,S1,B1GXP119,_Z,_T,_Z,PC,L,G1,T0101,5.915372
2003,A,CYP,S1,S1,B1GXP119,_Z,_T,_Z,PC,L,G1,T0101,2.623277
2004,A,AUT,S1,S1,B1GXP119,_Z,_T,_Z,PC,L,G1,T0101,2.735552
2004,A,BEL,S1,S1,B1GXP119,_Z,_T,_Z,PC,L,G1,T0101,3.171848
2004,A,CHL,S1,S1,B1GXP119,_Z,_T,_Z,PC,L,G1,T0101,6.233595
2004,A,CZE,S1,S1,B1GXP119,_Z,_T,_Z,PC,L,G1,T0101,4.768999
2004,A,DNK,S1,S1,B1GXP119,_Z,_T,_Z,PC,L,G1,T0101,2.087928
2004,A,EST,S1,S1,B1GXP119,_Z,_T,_Z,PC,L,G1,T0101,6.256283
2004,A,FIN,S1,S1,B1GXP119,_Z,_T,_Z,PC,L,G1,T0101,3.877949
2004,A,FRA,S1,S1,B1GXP119,_Z,_T,_Z,PC,L,G1,T0101,3.074142
2004,A,DEU,S1,S1,B1GXP119,_Z,_T,_Z,PC,L,G1,T0101,1.56877
2004,A,GRC,S1,S1,B1GXP119,_Z,_T,_Z,PC,L,G1,T0101,6.197541
2004,A,ITA,S1,S1,B1GXP119,_Z,_T,_Z,PC,L,G1,T0101,1.656517
2004,A,JPN,S1,S1,B1GXP119,_Z,_T,_Z,PC,L,G1,T0101,2.133949
2004,A,KOR,S1,S1,B1GXP119,_Z,_T,_Z,PC,L,G1,T0101,5.260606
2004,A,LTU,S1,S1,B1GXP119,_Z,_T,_Z,PC,L,G1,T0101,6.502035
2004,A,ESP,S1,S1,B1GXP119,_Z,_T,_Z,PC,L,G1,T0101,2.802148
2004,A,CHE,S1,S1,B1GXP119,_Z,_T,_Z,PC,L,G1,T0101,2.593289
2004,A,GBR,S1,S1,B1GXP119,_Z,_T,_Z,PC,L,G1,T0101,2.290893
2004,A,ALB,S1,S1,B1GXP119,_Z,_T,_Z,PC,L,G1,T0101,5.871885
2004,A,BRA,S1,S1,B1GXP119,_Z,_T,_Z,PC,L,G1,T0101,5.656694
2004,A,BGR,S1,S1,B1GXP119,_Z,_T,_Z,PC,L,G1,T0101,4.877162
2004,A,CHN,S1,S1,B1GXP119,_Z,_T,_Z,PC,L,G1,T0101,10.113647
2004,A,HRV,S1,S1,B1GXP119,_Z,_T,_Z,PC,L,G1,T0101,4.234241
2004,A,CYP,S1,S1,B1GXP119,_Z,_T,_Z,PC,L,G1,T0101,5.026306
2005,A,AUT,S1,S1,B1GXP119,_Z,_T,_Z,PC,L,G1,T0101,2.461054
2005,A,BEL,S1,S1,B1GXP119,_Z,_T,_Z,PC,L,G1,T0101,2.445999
2005,A,CHL,S1,S1,B1GXP119,_Z,_T,_Z,PC,L,G1,T0101,5.42923
2005,A,COL,S1,S1,B1GXP119,_Z,_T,_Z,PC,L,G1,T0101,4.688258
2005,A,CZE,S1,S1,B1GXP119,_Z,_T,_Z,PC,L,G1,T0101,6.530392
2005,A,DNK,S1,S1,B1GXP119,_Z,_T,_Z,PC,L,G1,T0101,1.65089
2005,A,EST,S1,S1,B1GXP119,_Z,_T,_Z,PC,L,G1,T0101,9.537376
2005,A,FIN,S1,S1,B1GXP119,_Z,_T,_Z,PC,L,G1,T0101,2.580251
2005,A,FRA,S1,S1,B1GXP119,_Z,_T,_Z,PC,L,G1,T0101,1.740982
2005,A,DEU,S1,S1,B1GXP119,_Z,_T,_Z,PC,L,G1,T0101,0.886015
2005,A,GRC,S1,S1,B1GXP119,_Z,_T,_Z,PC,L,G1,T0101,1.066925
2005,A,ITA,S1,S1,B1GXP119,_Z,_T,_Z,PC,L,G1,T0101,0.784707
2005,A,JPN,S1,S1,B1GXP119,_Z,_T,_Z,PC,L,G1,T0101,2.187389
2005,A,KOR,S1,S1,B1GXP119,_Z,_T,_Z,PC,L,G1,T0101,4.361515
2005,A,LTU,S1,S1,B1GXP119,_Z,_T,_Z,PC,L,G1,T0101,7.731446
2005,A,ESP,S1,S1,B1GXP119,_Z,_T,_Z,PC,L,G1,T0101,3.353833
2005,A,CHE,S1,S1,B1GXP119,_Z,_T,_Z,PC,L,G1,T0101,2.744757
2005,A,GBR,S1,S1,B1GXP119,_Z,_T,_Z,PC,L,G1,T0101,3.011056
2005,A,EA20,S1,S1,B1GXP119,_Z,_T,_Z,PC,L,G1,T0101,1.676237
2005,A,ALB,S1,S1,B1GXP119,_Z,_T,_Z,PC,L,G1,T0101,5.217943
2005,A,BRA,S1,S1,B1GXP119,_Z,_T,_Z,PC,L,G1,T0101,3.014
2005,A,BGR,S1,S1,B1GXP119,_Z,_T,_Z,PC,L,G1,T0101,6.455358
2005,A,CHN,S1,S1,B1GXP119,_Z,_T,_Z,PC,L,G1,T0101,11.394588
2005,A,HRV,S1,S1,B1GXP119,_Z,_T,_Z,PC,L,G1,T0101,4.22689
2005,A,CYP,S1,S1,B1GXP119,_Z,_T,_Z,PC,L,G1,T0101,4.852993
2006,A,AUT,S1,S1,B1GXP119,_Z,_T,_Z,PC,L,G1,T0101,3.549682
2006,A,BEL,S1,S1,B1GXP119,_Z,_T,_Z,PC,L,G1,T0101,2.450212
2006,A,CHL,S1,S1,B1GXP119,_Z,_T,_Z,PC,L,G1,T0101,5.892114
2006,A,COL,S1,S1,B1GXP119,_Z,_T,_Z,PC,L,G1,T0101,6.197442
2006,A,CZE,S1,S1,B1GXP119,_Z,_T,_Z,PC,L,G1,T0101,7.119551
2006,A,DNK,S1,S1,B1GXP119,_Z,_T,_Z,PC,L,G1,T0101,3.745316
2006,A,EST,S1,S1,B1GXP119,_Z,_T,_Z,PC,L,G1,T0101,9.292215
2006,A,FIN,S1,S1,B1GXP119,_Z,_T,_Z,PC,L,G1,T0101,3.789208
2006,A,FRA,S1,S1,B1GXP119,_Z,_T,_Z,PC,L,G1,T0101,2.731113
2006,A,DEU,S1,S1,B1GXP119,_Z,_T,_Z,PC,L,G1,T0101,3.952053
2006,A,GRC,S1,S1,B1GXP119,_Z,_T,_Z,PC,L,G1,T0101,5.244463
2006,A,HUN,S1,S1,B1GXP119,_Z,_T,_Z,PC,L,G1,T0101,3.88568
2006,A,ITA,S1,S1,B1GXP119,_Z,_T,_Z,PC,L,G1,T0101,1.93517
2006,A,JPN,S1,S1,B1GXP119,_Z,_T,_Z,PC,L,G1,T0101,1.317
2006,A,KOR,S1,S1,B1GXP119,_Z,_T,_Z,PC,L,G1,T0101,5.315721
2006,A,LTU,S1,S1,B1GXP119,_Z,_T,_Z,PC,L,G1,T0101,7.395481
2006,A,ESP,S1,S1,B1GXP119,_Z,_T,_Z,PC,L,G1,T0101,4.182666
2006,A,CHE,S1,S1,B1GXP119,_Z,_T,_Z,PC,L,G1,T0101,3.991809
2006,A,GBR,S1,S1,B1GXP119,_Z,_T,_Z,PC,L,G1,T0101,2.522711
2006,A,EA20,S1,S1,B1GXP119,_Z,_T,_Z,PC,L,G1,T0101,3.334655
2006,A,ALB,S1,S1,B1GXP119,_Z,_T,_Z,PC,L,G1,T0101,5.863478
2006,A,BRA,S1,S1,B1GXP119,_Z,_T,_Z,PC,L,G1,T0101,3.686215
2006,A,BGR,S1,S1,B1GXP119,_Z,_T,_Z,PC,L,G1,T0101,7.144338
2006,A,CHN,S1,S1,B1GXP119,_Z,_T,_Z,PC,L,G1,T0101,12.720995
2006,A,HRV,S1,S1,B1GXP119,_Z,_T,_Z,PC,L,G1,T0101,4.713861
2006,A,CYP,S1,S1,B1GXP119,_Z,_T,_Z,PC,L,G1,T0101,4.713819
2007,A,AUT,S1,S1,B1GXP119,_Z,_T,_Z,PC,L,G1,T0101,3.872659
2007,A,BEL,S1,S1,B1GXP119,_Z,_T,_Z,PC,L,G1,T0101,3.729223
2007,A,CHL,S1,S1,B1GXP119,_Z,_T,_Z,PC,L,G1,T0101,4.664579
2007,A,COL,S1,S1,B1GXP119,_Z,_T,_Z,PC,L,G1,T0101,6.308094
2007,A,CZE,S1,S1,B1GXP119,_Z,_T,_Z,PC,L,G1,T0101,5.197979
2007,A,DNK,S1,S1,B1GXP119,_Z,_T,_Z,PC,L,G1,T0101,0.604823
2007,A,EST,S1,S1,B1GXP119,_Z,_T,_Z,PC,L,G1,T0101,7.027027
2007,A,FIN,S1,S1,B1GXP119,_Z,_T,_Z,PC,L,G1,T0101,6.019119
2007,A,FRA,S1,S1,B1GXP119,_Z,_T,_Z,PC,L,G1,T0101,2.650072
2007,A,DEU,S1,S1,B1GXP119,_Z,_T,_Z,PC,L,G1,T0101,3.345131
2007,A,GRC,S1,S1,B1GXP119,_Z,_T,_Z,PC,L,G1,T0101,2.958637
2007,A,HUN,S1,S1,B1GXP119,_Z,_T,_Z,PC,L,G1,T0101,0.274411
2007,A,ITA,S1,S1,B1GXP119,_Z,_T,_Z,PC,L,G1,T0101,1.593142
2007,A,JPN,S1,S1,B1GXP119,_Z,_T,_Z,PC,L,G1,T0101,1.462487
2007,A,KOR,S1,S1,B1GXP119,_Z,_T,_Z,PC,L,G1,T0101,6.186099
2007,A,LTU,S1,S1,B1GXP119,_Z,_T,_Z,PC,L,G1,T0101,11.077929
2007,A,ESP,S1,S1,B1GXP119,_Z,_T,_Z,PC,L,G1,T0101,3.970301
2007,A,CHE,S1,S1,B1GXP119,_Z,_T,_Z,PC,L,G1,T0101,3.833421
2007,A,GBR,S1,S1,B1GXP119,_Z,_T,_Z,PC,L,G1,T0101,2.653342
2007,A,EA20,S1,S1,B1GXP119,_Z,_T,_Z,PC,L,G1,T0101,3.253328
2007,A,ALB,S1,S1,B1GXP119,_Z,_T,_Z,PC,L,G1,T0101,5.856022
2007,A,BRA,S1,S1,B1GXP119,_Z,_T,_Z,PC,L,G1,T0101,5.799207
2007,A,BGR,S1,S1,B1GXP119,_Z,_T,_Z,PC,L,G1,T0101,6.548415
2007,A,CHN,S1,S1,B1GXP119,_Z,_T,_Z,PC,L,G1,T0101,14.230838
2007,A,HRV,S1,S1,B1GXP119,_Z,_T,_Z,PC,L,G1,T0101,4.926664
2007,A,CYP,S1,S1,B1GXP119,_Z,_T,_Z,PC,L,G1,T0101,5.098055
2008,A,AUT,S1,S1,B1GXP119,_Z,_T,_Z,PC,L,G1,T0101,1.692242
2008,A,BEL,S1,S1,B1GXP119,_Z,_T,_Z,PC,L,G1,T0101,0.78798
2008,A,CHL,S1,S1,B1GXP119,_Z,_T,_Z,PC,L,G1,T0101,3.670502
2008,A,COL,S1,S1,B1GXP119,_Z,_T,_Z,PC,L,G1,T0101,3.093191
2008,A,CZE,S1,S1,B1GXP119,_Z,_T,_Z,PC,L,G1,T0101,3.492314
2008,A,DNK,S1,S1,B1GXP119,_Z,_T,_Z,PC,L,G1,T0101,0.178668
2008,A,EST,S1,S1,B1GXP119,_Z,_T,_Z,PC,L,G1,T0101,-3.004885
2008,A,FIN,S1,S1,B1GXP119,_Z,_T,_Z,PC,L,G1,T0101,0.915608
2008,A,FRA,S1,S1,B1GXP119,_Z,_T,_Z,PC,L,G1,T0101,0.632807
2008,A,DEU,S1,S1,B1GXP119,_Z,_T,_Z,PC,L,G1,T0101,0.972161
2008,A,GRC,S1,S1,B1GXP119,_Z,_T,_Z,PC,L,G1,T0101,0.293488
2008,A,ITA,S1,S1,B1GXP119,_Z,_T,_Z,PC,L,G1,T0101,-0.825212
2008,A,JPN,S1,S1,B1GXP119,_Z,_T,_Z,PC,L,G1,T0101,-1.147851
2008,A,KOR,S1,S1,B1GXP119,_Z,_T,_Z,PC,L,G1,T0101,3.352018
2008,A,LTU,S1,S1,B1GXP119,_Z,_T,_Z,PC,L,G1,T0101,2.599461
2008,A,ESP,S1,S1,B1GXP119,_Z,_T,_Z,PC,L,G1,T0101,1.103507
2008,A,CHE,S1,S1,B1GXP119,_Z,_T,_Z,PC,L,G1,T0101,2.899134
2008,A,GBR,S1,S1,B1GXP119,_Z,_T,_Z,PC,L,G1,T0101,-0.0728
2008,A,EA20,S1,S1,B1GXP119,_Z,_T,_Z,PC,L,G1,T0101,0.660751
2008,A,ALB,S1,S1,B1GXP119,_Z,_T,_Z,PC,L,G1,T0101,6.144604
2008,A,BRA,S1,S1,B1GXP119,_Z,_T,_Z,PC,L,G1,T0101,4.676607
2008,A,BGR,S1,S1,B1GXP119,_Z,_T,_Z,PC,L,G1,T0101,6.151473
2008,A,CHN,S1,S1,B1GXP119,_Z,_T,_Z,PC,L,G1,T0101,9.65066
2008,A,HRV,S1,S1,B1GXP119,_Z,_T,_Z,PC,L,G1,T0101,1.987735
2008,A,CYP,S1,S1,B1GXP119,_Z,_T,_Z,PC,L,G1,T0101,3.646808
2009,A,AUT,S1,S1,B1GXP119,_Z,_T,_Z,PC,L,G1,T0101,-4.004397
2009,A,CHL,S1,S1,B1GXP119,_Z,_T,_Z,PC,L,G1,T0101,-0.89398
2009,A,COL,S1,S1,B1GXP119,_Z,_T,_Z,PC,L,G1,T0101,1.415944
2009,A,CZE,S1,S1,B1GXP119,_Z,_T,_Z,PC,L,G1,T0101,-5.437567
2009,A,DNK,S1,S1,B1GXP119,_Z,_T,_Z,PC,L,G1,T0101,-4.553527
2009,A,EST,S1,S1,B1GXP119,_Z,_T,_Z,PC,L,G1,T0101,-15.266915
2009,A,FIN,S1,S1,B1GXP119,_Z,_T,_Z,PC,L,G1,T0101,-8.623961
2009,A,FRA,S1,S1,B1GXP119,_Z,_T,_Z,PC,L,G1,T0101,-2.619586
2009,A,DEU,S1,S1,B1GXP119,_Z,_T,_Z,PC,L,G1,T0101,-6.214442
2009,A,GRC,S1,S1,B1GXP119,_Z,_T,_Z,PC,L,G1,T0101,-3.285749
2009,A,ITA,S1,S1,B1GXP119,_Z,_T,_Z,PC,L,G1,T0101,-5.529124
2009,A,JPN,S1,S1,B1GXP119,_Z,_T,_Z,PC,L,G1,T0101,-6.486718
2009,A,KOR,S1,S1,B1GXP119,_Z,_T,_Z,PC,L,G1,T0101,0.872204
2009,A,LTU,S1,S1,B1GXP119,_Z,_T,_Z,PC,L,G1,T0101,-14.838611
2009,A,ESP,S1,S1,B1GXP119,_Z,_T,_Z,PC,L,G1,T0101,-3.266246
2009,A,CHE,S1,S1,B1GXP119,_Z,_T,_Z,PC,L,G1,T0101,-2.291997
2009,A,GBR,S1,S1,B1GXP119,_Z,_T,_Z,PC,L,G1,T0101,-4.613328
2009,A,EA20,S1,S1,B1GXP119,_Z,_T,_Z,PC,L,G1,T0101,-4.495458
2009,A,ALB,S1,S1,B1GXP119,_Z,_T,_Z,PC,L,G1,T0101,3.703184
2009,A,BRA,S1,S1,B1GXP119,_Z,_T,_Z,PC,L,G1,T0101,-0.096854
2009,A,BGR,S1,S1,B1GXP119,_Z,_T,_Z,PC,L,G1,T0101,-0.85861
2009,A,CHN,S1,S1,B1GXP119,_Z,_T,_Z,PC,L,G1,T0101,9.398742
2009,A,HRV,S1,S1,B1GXP119,_Z,_T,_Z,PC,L,G1,T0101,-5.665847
2009,A,CYP,S1,S1,B1GXP119,_Z,_T,_Z,PC,L,G1,T0101,-2.01526
2010,A,AUT,S1,S1,B1GXP119,_Z,_T,_Z,PC,L,G1,T0101,1.87152
2010,A,BEL,S1,S1,B1GXP119,_Z,_T,_Z,PC,L,G1,T0101,2.73157
2010,A,CHL,S1,S1,B1GXP119,_Z,_T,_Z,PC,L,G1,T0101,5.238676
2010,A,COL,S1,S1,B1GXP119,_Z,_T,_Z,PC,L,G1,T0101,4.333698
2010,A,CZE,S1,S1,B1GXP119,_Z,_T,_Z,PC,L,G1,T0101,3.31236
2010,A,DNK,S1,S1,B1GXP119,_Z,_T,_Z,PC,L,G1,T0101,1.51543
2010,A,EST,S1,S1,B1GXP119,_Z,_T,_Z,PC,L,G1,T0101,3.641671
2010,A,FIN,S1,S1,B1GXP119,_Z,_T,_Z,PC,L,G1,T0101,3.213872
2010,A,FRA,S1,S1,B1GXP119,_Z,_T,_Z,PC,L,G1,T0101,1.794541
2010,A,DEU,S1,S1,B1GXP119,_Z,_T,_Z,PC,L,G1,T0101,4.608026
2010,A,GRC,S1,S1,B1GXP119,_Z,_T,_Z,PC,L,G1,T0101,-5.833547
2010,A,ITA,S1,S1,B1GXP119,_Z,_T,_Z,PC,L,G1,T0101,1.807502
2010,A,JPN,S1,S1,B1GXP119,_Z,_T,_Z,PC,L,G1,T0101,3.785324
2010,A,KOR,S1,S1,B1GXP119,_Z,_T,_Z,PC,L,G1,T0101,6.934843
2010,A,LTU,S1,S1,B1GXP119,_Z,_T,_Z,PC,L,G1,T0101,0.427199
2010,A,ESP,S1,S1,B1GXP119,_Z,_T,_Z,PC,L,G1,T0101,-0.175301
2010,A,CHE,S1,S1,B1GXP119,_Z,_T,_Z,PC,L,G1,T0101,3.152944
2010,A,GBR,S1,S1,B1GXP119,_Z,_T,_Z,PC,L,G1,T0101,2.402272
2010,A,ALB,S1,S1,B1GXP119,_Z,_T,_Z,PC,L,G1,T0101,3.749842
2010,A,BRA,S1,S1,B1GXP119,_Z,_T,_Z,PC,L,G1,T0101,6.976187
2010,A,BGR,S1,S1,B1GXP119,_Z,_T,_Z,PC,L,G1,T0101,1.829852
2010,A,CHN,S1,S1,B1GXP119,_Z,_T,_Z,PC,L,G1,T0101,10.63585
2010,A,HRV,S1,S1,B1GXP119,_Z,_T,_Z,PC,L,G1,T0101,-1.830854
2010,A,CYP,S1,S1,B1GXP119,_Z,_T,_Z,PC,L,G1,T0101,2.319716
2010,A,IDN,S1,S1,B1GXP119,_Z,_T,_Z,PC,L,G1,T0101,6.223851
2011,A,AUT,S1,S1,B1GXP119,_Z,_T,_Z,PC,L,G1,T0101,3.255896
2011,A,BEL,S1,S1,B1GXP119,_Z,_T,_Z,PC,L,G1,T0101,2.254032
2011,A,CHL,S1,S1,B1GXP119,_Z,_T,_Z,PC,L,G1,T0101,6.011073
2011,A,COL,S1,S1,B1GXP119,_Z,_T,_Z,PC,L,G1,T0101,6.616873
2011,A,CZE,S1,S1,B1GXP119,_Z,_T,_Z,PC,L,G1,T0101,1.769182
2011,A,DNK,S1,S1,B1GXP119,_Z,_T,_Z,PC,L,G1,T0101,1.454791
2011,A,EST,S1,S1,B1GXP119,_Z,_T,_Z,PC,L,G1,T0101,7.913645
2011,A,FIN,S1,S1,B1GXP119,_Z,_T,_Z,PC,L,G1,T0101,1.728803
2011,A,FRA,S1,S1,B1GXP119,_Z,_T,_Z,PC,L,G1,T0101,2.534469
2011,A,DEU,S1,S1,B1GXP119,_Z,_T,_Z,PC,L,G1,T0101,3.747073
2011,A,GRC,S1,S1,B1GXP119,_Z,_T,_Z,PC,L,G1,T0101,-8.87475
2011,A,ITA,S1,S1,B1GXP119,_Z,_T,_Z,PC,L,G1,T0101,0.7823
2011,A,JPN,S1,S1,B1GXP119,_Z,_T,_Z,PC,L,G1,T0101,-0.283237
2011,A,KOR,S1,S1,B1GXP119,_Z,_T,_Z,PC,L,G1,T0101,3.642695
2011,A,LTU,S1,S1,B1GXP119,_Z,_T,_Z,PC,L,G1,T0101,6.323637
2011,A,ESP,S1,S1,B1GXP119,_Z,_T,_Z,PC,L,G1,T0101,-0.251486
2011,A,CHE,S1,S1,B1GXP119,_Z,_T,_Z,PC,L,G1,T0101,1.945228
2011,A,GBR,S1,S1,B1GXP119,_Z,_T,_Z,PC,L,G1,T0101,1.19416
2011,A,EA20,S1,S1,B1GXP119,_Z,_T,_Z,PC,L,G1,T0101,1.870027
2009,A,BEL,S1,S1,B1G,_Z,_T,_Z,PC,L,G1,T0101,-1.845632
1990,A,COL,S1,S1,B1G,_Z,_T,_Z,PC,L,G1,T0101,4.855313
1990,A,DEU,S1,S1,B1G,_Z,_T,_Z,PC,L,G1,T0101,5.148602
1990,A,GRC,S1,S1,B1G,_Z,_T,_Z,PC,L,G1,T0101,-1.344378
1990,A,JPN,S1,S1,B1G,_Z,_T,_Z,PC,L,G1,T0101,5.32218
1990,A,LUX,S1,S1,B1G,_Z,_T,_Z,PC,L,G1,T0101,5.690618
1990,A,GBR,S1,S1,B1G,_Z,_T,_Z,PC,L,G1,T0101,0.972489
1991,A,COL,S1,S1,B1G,_Z,_T,_Z,PC,L,G1,T0101,3.319111
1991,A,CZE,S1,S1,B1G,_Z,_T,_Z,PC,L,G1,T0101,-9.395732
1991,A,GRC,S1,S1,B1G,_Z,_T,_Z,PC,L,G1,T0101,3.368449
1991,A,JPN,S1,S1,B1G,_Z,_T,_Z,PC,L,G1,T0101,3.784336
1991,A,LUX,S1,S1,B1G,_Z,_T,_Z,PC,L,G1,T0101,7.6435
1991,A,GBR,S1,S1,B1G,_Z,_T,_Z,PC,L,G1,T0101,-0.707785
1992,A,COL,S1,S1,B1G,_Z,_T,_Z,PC,L,G1,T0101,3.079666
1992,A,CZE,S1,S1,B1G,_Z,_T,_Z,PC,L,G1,T0101,0.262568
1992,A,GRC,S1,S1,B1G,_Z,_T,_Z,PC,L,G1,T0101,0.779999
1992,A,HUN,S1,S1,B1G,_Z,_T,_Z,PC,L,G1,T0101,-5.07092
1992,A,JPN,S1,S1,B1G,_Z,_T,_Z,PC,L,G1,T0101,1.026106
1992,A,LUX,S1,S1,B1G,_Z,_T,_Z,PC,L,G1,T0101,3.777401
1992,A,GBR,S1,S1,B1G,_Z,_T,_Z,PC,L,G1,T0101,0.555511
1993,A,COL,S1,S1,B1G,_Z,_T,_Z,PC,L,G1,T0101,4.657203
1993,A,CZE,S1,S1,B1G,_Z,_T,_Z,PC,L,G1,T0101,1.195019
1993,A,GRC,S1,S1,B1G,_Z,_T,_Z,PC,L,G1,T0101,-0.47574
1993,A,HUN,S1,S1,B1G,_Z,_T,_Z,PC,L,G1,T0101,0.550355
1993,A,JPN,S1,S1,B1G,_Z,_T,_Z,PC,L,G1,T0101,0.298375
1993,A,LUX,S1,S1,B1G,_Z,_T,_Z,PC,L,G1,T0101,5.088854
1993,A,GBR,S1,S1,B1G,_Z,_T,_Z,PC,L,G1,T0101,2.538286
1994,A,COL,S1,S1,B1G,_Z,_T,_Z,PC,L,G1,T0101,5.730721
1994,A,CZE,S1,S1,B1G,_Z,_T,_Z,PC,L,G1,T0101,2.202904
1994,A,GRC,S1,S1,B1G,_Z,_T,_Z,PC,L,G1,T0101,1.424562
1994,A,HUN,S1,S1,B1G,_Z,_T,_Z,PC,L,G1,T0101,4.271421
1994,A,LUX,S1,S1,B1G,_Z,_T,_Z,PC,L,G1,T0101,4.90413
1994,A,GBR,S1,S1,B1G,_Z,_T,_Z,PC,L,G1,T0101,3.600837
1994,A,IDN,S1,S1,B1G,_Z,_T,_Z,PC,L,G1,T0101,7.539936
1995,A,COL,S1,S1,B1G,_Z,_T,_Z,PC,L,G1,T0101,5.365048
1995,A,IDN,S1,S1,B1G,_Z,_T,_Z,PC,L,G1,T0101,8.220061
1996,A,COL,S1,S1,B1G,_Z,_T,_Z,PC,L,G1,T0101,1.677697
1996,A,IDN,S1,S1,B1G,_Z,_T,_Z,PC,L,G1,T0101,7.818051
1997,A,COL,S1,S1,B1G,_Z,_T,_Z,PC,L,G1,T0101,3.206537
1997,A,IDN,S1,S1,B1G,_Z,_T,_Z,PC,L,G1,T0101,4.699857
1998,A,COL,S1,S1,B1G,_Z,_T,_Z,PC,L,G1,T0101,0.826746
1998,A,IDN,S1,S1,B1G,_Z,_T,_Z,PC,L,G1,T0101,-13.126619
1999,A,COL,S1,S1,B1G,_Z,_T,_Z,PC,L,G1,T0101,-4.416768
1999,A,IDN,S1,S1,B1G,_Z,_T,_Z,PC,L,G1,T0101,0.791259
2000,A,COL,S1,S1,B1G,_Z,_T,_Z,PC,L,G1,T0101,2.734255
2000,A,IDN,S1,S1,B1G,_Z,_T,_Z,PC,L,G1,T0101,4.919901
2001,A,COL,S1,S1,B1G,_Z,_T,_Z,PC,L,G1,T0101,1.558423
2001,A,IDN,S1,S1,B1G,_Z,_T,_Z,PC,L,G1,T0101,3.643466
2002,A,COL,S1,S1,B1G,_Z,_T,_Z,PC,L,G1,T0101,2.648735
2002,A,IDN,S1,S1,B1G,_Z,_T,_Z,PC,L,G1,T0101,4.499475
2003,A,COL,S1,S1,B1G,_Z,_T,_Z,PC,L,G1,T0101,3.796966
2003,A,IDN,S1,S1,B1G,_Z,_T,_Z,PC,L,G1,T0101,4.780369
2004,A,COL,S1,S1,B1G,_Z,_T,_Z,PC,L,G1,T0101,5.38326
2004,A,IDN,S1,S1,B1G,_Z,_T,_Z,PC,L,G1,T0101,5.030874
2005,A,IDN,S1,S1,B1G,_Z,_T,_Z,PC,L,G1,T0101,5.692571
2006,A,IDN,S1,S1,B1G,_Z,_T,_Z,PC,L,G1,T0101,5.500952
2007,A,IDN,S1,S1,B1G,_Z,_T,_Z,PC,L,G1,T0101,6.345022
2008,A,IDN,S1,S1,B1G,_Z,_T,_Z,PC,L,G1,T0101,6.013703
2009,A,IDN,S1,S1,B1G,_Z,_T,_Z,PC,L,G1,T0101,4.628875
1990,A,AUT,S1,S1,B1G,_Z,_T,_Z,PC,L,G1,T0101,4.756899
1991,A,AUT,S1,S1,B1G,_Z,_T,_Z,PC,L,G1,T0101,3.347878
1992,A,AUT,S1,S1,B1G,_Z,_T,_Z,PC,L,G1,T0101,2.24594
1993,A,AUT,S1,S1,B1G,_Z,_T,_Z,PC,L,G1,T0101,0.547153
1994,A,AUT,S1,S1,B1G,_Z,_T,_Z,PC,L,G1,T0101,2.428821
1990,A,KOR,S1,S1,B1G,_Z,_T,_Z,PC,L,G1,T0101,9.572229
1991,A,KOR,S1,S1,B1G,_Z,_T,_Z,PC,L,G1,T0101,10.972504
1992,A,KOR,S1,S1,B1G,_Z,_T,_Z,PC,L,G1,T0101,6.487666
1993,A,KOR,S1,S1,B1G,_Z,_T,_Z,PC,L,G1,T0101,7.1664
1994,A,KOR,S1,S1,B1G,_Z,_T,_Z,PC,L,G1,T0101,9.034023
1995,A,KOR,S1,S1,B1G,_Z,_T,_Z,PC,L,G1,T0101,9.588197
1996,A,KOR,S1,S1,B1G,_Z,_T,_Z,PC,L,G1,T0101,7.833897
1997,A,KOR,S1,S1,B1G,_Z,_T,_Z,PC,L,G1,T0101,6.251178
1998,A,KOR,S1,S1,B1G,_Z,_T,_Z,PC,L,G1,T0101,-4.718337
1999,A,KOR,S1,S1,B1G,_Z,_T,_Z,PC,L,G1,T0101,11.001441
1990,A,BEL,S1,S1,B1G,_Z,_T,_Z,PC,L,G1,T0101,3.591834
1990,A,ESP,S1,S1,B1G,_Z,_T,_Z,PC,L,G1,T0101,3.723698
1990,A,DEU_F,S1,S1,B1G,_Z,_T,_Z,PC,L,G1,T0101,5.148602
1991,A,BEL,S1,S1,B1G,_Z,_T,_Z,PC,L,G1,T0101,2.097519
1991,A,ESP,S1,S1,B1G,_Z,_T,_Z,PC,L,G1,T0101,2.277548
1991,A,CHE,S1,S1,B1G,_Z,_T,_Z,PC,L,G1,T0101,-0.679244
1991,A,DEU_F,S1,S1,B1G,_Z,_T,_Z,PC,L,G1,T0101,5.075129
1992,A,BEL,S1,S1,B1G,_Z,_T,_Z,PC,L,G1,T0101,1.300442
1992,A,ESP,S1,S1,B1G,_Z,_T,_Z,PC,L,G1,T0101,0.056406
1992,A,CHE,S1,S1,B1G,_Z,_T,_Z,PC,L,G1,T0101,0.043408
1993,A,BEL,S1,S1,B1G,_Z,_T,_Z,PC,L,G1,T0101,-1.180286
1993,A,ESP,S1,S1,B1G,_Z,_T,_Z,PC,L,G1,T0101,-1.468165
1993,A,CHE,S1,S1,B1G,_Z,_T,_Z,PC,L,G1,T0101,-0.222794
1994,A,BEL,S1,S1,B1G,_Z,_T,_Z,PC,L,G1,T0101,2.811201
1994,A,JPN,S1,S1,B1G,_Z,_T,_Z,PC,L,G1,T0101,0.810468
1994,A,ESP,S1,S1,B1G,_Z,_T,_Z,PC,L,G1,T0101,1.508538
1994,A,CHE,S1,S1,B1G,_Z,_T,_Z,PC,L,G1,T0101,1.078856
1995,A,AUT,S1,S1,B1G,_Z,_T,_Z,PC,L,G1,T0101,3.256924
1995,A,BEL,S1,S1,B1G,_Z,_T,_Z,PC,L,G1,T0101,3.066689
1995,A,CZE,S1,S1,B1G,_Z,_T,_Z,PC,L,G1,T0101,5.165456
1995,A,GRC,S1,S1,B1G,_Z,_T,_Z,PC,L,G1,T0101,2.000293
1995,A,HUN,S1,S1,B1G,_Z,_T,_Z,PC,L,G1,T0101,0.549569
1995,A,JPN,S1,S1,B1G,_Z,_T,_Z,PC,L,G1,T0101,2.51917
1995,A,LUX,S1,S1,B1G,_Z,_T,_Z,PC,L,G1,T0101,2.577882
1995,A,ESP,S1,S1,B1G,_Z,_T,_Z,PC,L,G1,T0101,2.609758
1995,A,CHE,S1,S1,B1G,_Z,_T,_Z,PC,L,G1,T0101,0.448806
1995,A,GBR,S1,S1,B1G,_Z,_T,_Z,PC,L,G1,T0101,2.212104
1996,A,AUT,S1,S1,B1G,_Z,_T,_Z,PC,L,G1,T0101,1.756122
1996,A,BEL,S1,S1,B1G,_Z,_T,_Z,PC,L,G1,T0101,0.916315
1996,A,CZE,S1,S1,B1G,_Z,_T,_Z,PC,L,G1,T0101,3.810606
1996,A,EST,S1,S1,B1G,_Z,_T,_Z,PC,L,G1,T0101,4.913357
1996,A,GRC,S1,S1,B1G,_Z,_T,_Z,PC,L,G1,T0101,0.83578
1996,A,JPN,S1,S1,B1G,_Z,_T,_Z,PC,L,G1,T0101,3.110539
1996,A,LTU,S1,S1,B1G,_Z,_T,_Z,PC,L,G1,T0101,5.026942
1996,A,LUX,S1,S1,B1G,_Z,_T,_Z,PC,L,G1,T0101,1.084451
1996,A,ESP,S1,S1,B1G,_Z,_T,_Z,PC,L,G1,T0101,2.587579
1996,A,CHE,S1,S1,B1G,_Z,_T,_Z,PC,L,G1,T0101,0.366763
1996,A,GBR,S1,S1,B1G,_Z,_T,_Z,PC,L,G1,T0101,2.971006
1996,A,BRA,S1,S1,B1G,_Z,_T,_Z,PC,L,G1,T0101,1.979059
1996,A,BGR,S1,S1,B1G,_Z,_T,_Z,PC,L,G1,T0101,5.946908
1996,A,HRV,S1,S1,B1G,_Z,_T,_Z,PC,L,G1,T0101,6.101973
1996,A,CYP,S1,S1,B1G,_Z,_T,_Z,PC,L,G1,T0101,1.248549
2011,A,AUT,S1,S1,B1G,_Z,_T,_Z,PC,L,G1,T0101,3.255896
2011,A,BEL,S1,S1,B1G,_Z,_T,_Z,PC,L,G1,T0101,2.254032
2011,A,CHL,S1,S1,B1G,_Z,_T,_Z,PC,L,G1,T0101,6.011073
2011,A,COL,S1,S1,B1G,_Z,_T,_Z,PC,L,G1,T0101,6.616873
2011,A,CZE,S1,S1,B1G,_Z,_T,_Z,PC,L,G1,T0101,1.769182
2011,A,EST,S1,S1,B1G,_Z,_T,_Z,PC,L,G1,T0101,7.913645
2011,A,GRC,S1,S1,B1G,_Z,_T,_Z,PC,L,G1,T0101,-8.87475
2011,A,JPN,S1,S1,B1G,_Z,_T,_Z,PC,L,G1,T0101,-0.283237
2011,A,KOR,S1,S1,B1G,_Z,_T,_Z,PC,L,G1,T0101,3.642695
2011,A,LTU,S1,S1,B1G,_Z,_T,_Z,PC,L,G1,T0101,6.323637
2011,A,LUX,S1,S1,B1G,_Z,_T,_Z,PC,L,G1,T0101,0.372208
2011,A,ESP,S1,S1,B1G,_Z,_T,_Z,PC,L,G1,T0101,-0.251486
2011,A,CHE,S1,S1,B1G,_Z,_T,_Z,PC,L,G1,T0101,1.945228
2011,A,GBR,S1,S1,B1G,_Z,_T,_Z,PC,L,G1,T0101,1.19416
2011,A,EA20,S1,S1,B1G,_Z,_T,_Z,PC,L,G1,T0101,1.870027
1997,A,AUT,S1,S1,B1G,_Z,_T,_Z,PC,L,G1,T0101,2.180146
1997,A,BEL,S1,S1,B1G,_Z,_T,_Z,PC,L,G1,T0101,3.646952
1997,A,CHL,S1,S1,B1G,_Z,_T,_Z,PC,L,G1,T0101,7.220629
1997,A,CZE,S1,S1,B1G,_Z,_T,_Z,PC,L,G1,T0101,-1.308919
1997,A,EST,S1,S1,B1G,_Z,_T,_Z,PC,L,G1,T0101,11.990075
1997,A,GRC,S1,S1,B1G,_Z,_T,_Z,PC,L,G1,T0101,3.304271
1997,A,JPN,S1,S1,B1G,_Z,_T,_Z,PC,L,G1,T0101,1.386296
1997,A,LTU,S1,S1,B1G,_Z,_T,_Z,PC,L,G1,T0101,8.30063
1997,A,LUX,S1,S1,B1G,_Z,_T,_Z,PC,L,G1,T0101,4.669911
1997,A,ESP,S1,S1,B1G,_Z,_T,_Z,PC,L,G1,T0101,3.386
1997,A,CHE,S1,S1,B1G,_Z,_T,_Z,PC,L,G1,T0101,1.975004
1997,A,GBR,S1,S1,B1G,_Z,_T,_Z,PC,L,G1,T0101,4.094757
1997,A,ALB,S1,S1,B1G,_Z,_T,_Z,PC,L,G1,T0101,-10.207886
1997,A,BRA,S1,S1,B1G,_Z,_T,_Z,PC,L,G1,T0101,2.910721
1997,A,BGR,S1,S1,B1G,_Z,_T,_Z,PC,L,G1,T0101,-15.125347
1997,A,HRV,S1,S1,B1G,_Z,_T,_Z,PC,L,G1,T0101,6.98153
1997,A,CYP,S1,S1,B1G,_Z,_T,_Z,PC,L,G1,T0101,2.640949
1998,A,AUT,S1,S1,B1G,_Z,_T,_Z,PC,L,G1,T0101,3.780195
1998,A,BEL,S1,S1,B1G,_Z,_T,_Z,PC,L,G1,T0101,1.867463
1998,A,CHL,S1,S1,B1G,_Z,_T,_Z,PC,L,G1,T0101,4.146641
1998,A,CZE,S1,S1,B1G,_Z,_T,_Z,PC,L,G1,T0101,-0.370427
1998,A,EST,S1,S1,B1G,_Z,_T,_Z,PC,L,G1,T0101,6.455689
1998,A,GRC,S1,S1,B1G,_Z,_T,_Z,PC,L,G1,T0101,4.236434
1998,A,JPN,S1,S1,B1G,_Z,_T,_Z,PC,L,G1,T0101,-1.201769
1998,A,LTU,S1,S1,B1G,_Z,_T,_Z,PC,L,G1,T0101,7.462937
1998,A,LUX,S1,S1,B1G,_Z,_T,_Z,PC,L,G1,T0101,6.597941
1998,A,ESP,S1,S1,B1G,_Z,_T,_Z,PC,L,G1,T0101,3.852589
1998,A,CHE,S1,S1,B1G,_Z,_T,_Z,PC,L,G1,T0101,2.991411
1998,A,GBR,S1,S1,B1G,_Z,_T,_Z,PC,L,G1,T0101,3.431503
1998,A,ALB,S1,S1,B1G,_Z,_T,_Z,PC,L,G1,T0101,8.510005
1998,A,BRA,S1,S1,B1G,_Z,_T,_Z,PC,L,G1,T0101,0.624667
1998,A,BGR,S1,S1,B1G,_Z,_T,_Z,PC,L,G1,T0101,1.86632
1998,A,HRV,S1,S1,B1G,_Z,_T,_Z,PC,L,G1,T0101,2.259386
1998,A,CYP,S1,S1,B1G,_Z,_T,_Z,PC,L,G1,T0101,6.110888
1999,A,AUT,S1,S1,B1G,_Z,_T,_Z,PC,L,G1,T0101,3.476263
1999,A,BEL,S1,S1,B1G,_Z,_T,_Z,PC,L,G1,T0101,3.326553
1999,A,CHL,S1,S1,B1G,_Z,_T,_Z,PC,L,G1,T0101,0.402281
1999,A,CZE,S1,S1,B1G,_Z,_T,_Z,PC,L,G1,T0101,1.422298
1999,A,EST,S1,S1,B1G,_Z,_T,_Z,PC,L,G1,T0101,0.066595
1999,A,GRC,S1,S1,B1G,_Z,_T,_Z,PC,L,G1,T0101,1.434145
1999,A,JPN,S1,S1,B1G,_Z,_T,_Z,PC,L,G1,T0101,0.016992
1999,A,LTU,S1,S1,B1G,_Z,_T,_Z,PC,L,G1,T0101,-1.097005
1999,A,LUX,S1,S1,B1G,_Z,_T,_Z,PC,L,G1,T0101,7.815209
1999,A,ESP,S1,S1,B1G,_Z,_T,_Z,PC,L,G1,T0101,4.330412
1999,A,CHE,S1,S1,B1G,_Z,_T,_Z,PC,L,G1,T0101,1.180292
1999,A,GBR,S1,S1,B1G,_Z,_T,_Z,PC,L,G1,T0101,3.229197
1999,A,ALB,S1,S1,B1G,_Z,_T,_Z,PC,L,G1,T0101,14.293071
1999,A,BRA,S1,S1,B1G,_Z,_T,_Z,PC,L,G1,T0101,0.961118
1999,A,BGR,S1,S1,B1G,_Z,_T,_Z,PC,L,G1,T0101,-8.923368
1999,A,HRV,S1,S1,B1G,_Z,_T,_Z,PC,L,G1,T0101,-0.294853
1999,A,CYP,S1,S1,B1G,_Z,_T,_Z,PC,L,G1,T0101,4.997946
2000,A,AUT,S1,S1,B1G,_Z,_T,_Z,PC,L,G1,T0101,3.622277
2000,A,BEL,S1,S1,B1G,_Z,_T,_Z,PC,L,G1,T0101,3.586153
2000,A,CHL,S1,S1,B1G,_Z,_T,_Z,PC,L,G1,T0101,4.863021
2000,A,CZE,S1,S1,B1G,_Z,_T,_Z,PC,L,G1,T0101,4.282233
2000,A,EST,S1,S1,B1G,_Z,_T,_Z,PC,L,G1,T0101,9.250403
2000,A,GRC,S1,S1,B1G,_Z,_T,_Z,PC,L,G1,T0101,3.978931
2000,A,JPN,S1,S1,B1G,_Z,_T,_Z,PC,L,G1,T0101,2.625812
2000,A,KOR,S1,S1,B1G,_Z,_T,_Z,PC,L,G1,T0101,8.92543
2000,A,LTU,S1,S1,B1G,_Z,_T,_Z,PC,L,G1,T0101,3.41862
2000,A,LUX,S1,S1,B1G,_Z,_T,_Z,PC,L,G1,T0101,6.143974
2000,A,ESP,S1,S1,B1G,_Z,_T,_Z,PC,L,G1,T0101,5.307204
2000,A,CHE,S1,S1,B1G,_Z,_T,_Z,PC,L,G1,T0101,3.667331
2000,A,GBR,S1,S1,B1G,_Z,_T,_Z,PC,L,G1,T0101,4.406195
2000,A,ALB,S1,S1,B1G,_Z,_T,_Z,PC,L,G1,T0101,5.934457
2000,A,BRA,S1,S1,B1G,_Z,_T,_Z,PC,L,G1,T0101,3.928392
2000,A,BGR,S1,S1,B1G,_Z,_T,_Z,PC,L,G1,T0101,3.948927
2000,A,HRV,S1,S1,B1G,_Z,_T,_Z,PC,L,G1,T0101,2.252808
2000,A,CYP,S1,S1,B1G,_Z,_T,_Z,PC,L,G1,T0101,5.965302
2001,A,AUT,S1,S1,B1G,_Z,_T,_Z,PC,L,G1,T0101,1.486721
2001,A,BEL,S1,S1,B1G,_Z,_T,_Z,PC,L,G1,T0101,1.520238
2001,A,CHL,S1,S1,B1G,_Z,_T,_Z,PC,L,G1,T0101,3.326344
2001,A,CZE,S1,S1,B1G,_Z,_T,_Z,PC,L,G1,T0101,2.938046
2001,A,EST,S1,S1,B1G,_Z,_T,_Z,PC,L,G1,T0101,5.50848
2001,A,GRC,S1,S1,B1G,_Z,_T,_Z,PC,L,G1,T0101,3.941742
2001,A,HUN,S1,S1,B1G,_Z,_T,_Z,PC,L,G1,T0101,4.240382
2001,A,JPN,S1,S1,B1G,_Z,_T,_Z,PC,L,G1,T0101,-0.236217
2001,A,KOR,S1,S1,B1G,_Z,_T,_Z,PC,L,G1,T0101,4.645132
2001,A,LTU,S1,S1,B1G,_Z,_T,_Z,PC,L,G1,T0101,6.484125
2001,A,LUX,S1,S1,B1G,_Z,_T,_Z,PC,L,G1,T0101,3.635319
2001,A,ESP,S1,S1,B1G,_Z,_T,_Z,PC,L,G1,T0101,3.970746
2001,A,CHE,S1,S1,B1G,_Z,_T,_Z,PC,L,G1,T0101,1.767096
2001,A,GBR,S1,S1,B1G,_Z,_T,_Z,PC,L,G1,T0101,2.541242
2001,A,EA20,S1,S1,B1G,_Z,_T,_Z,PC,L,G1,T0101,2.279123
2001,A,ALB,S1,S1,B1G,_Z,_T,_Z,PC,L,G1,T0101,9.027014
2001,A,BRA,S1,S1,B1G,_Z,_T,_Z,PC,L,G1,T0101,1.513096
2001,A,BGR,S1,S1,B1G,_Z,_T,_Z,PC,L,G1,T0101,4.072408
2001,A,HRV,S1,S1,B1G,_Z,_T,_Z,PC,L,G1,T0101,3.575821
2001,A,CYP,S1,S1,B1G,_Z,_T,_Z,PC,L,G1,T0101,3.952539
2003,A,AUT,S1,S1,B1G,_Z,_T,_Z,PC,L,G1,T0101,1.310721
2003,A,BEL,S1,S1,B1G,_Z,_T,_Z,PC,L,G1,T0101,1.114074
2003,A,CHL,S1,S1,B1G,_Z,_T,_Z,PC,L,G1,T0101,4.818163
2003,A,CZE,S1,S1,B1G,_Z,_T,_Z,PC,L,G1,T0101,2.669012
2003,A,EST,S1,S1,B1G,_Z,_T,_Z,PC,L,G1,T0101,7.67986
2003,A,GRC,S1,S1,B1G,_Z,_T,_Z,PC,L,G1,T0101,6.155225
2003,A,JPN,S1,S1,B1G,_Z,_T,_Z,PC,L,G1,T0101,1.535867
2003,A,KOR,S1,S1,B1G,_Z,_T,_Z,PC,L,G1,T0101,3.199223
2003,A,LTU,S1,S1,B1G,_Z,_T,_Z,PC,L,G1,T0101,10.551898
2003,A,LUX,S1,S1,B1G,_Z,_T,_Z,PC,L,G1,T0101,2.515488
2003,A,ESP,S1,S1,B1G,_Z,_T,_Z,PC,L,G1,T0101,2.662811
2003,A,CHE,S1,S1,B1G,_Z,_T,_Z,PC,L,G1,T0101,-0.055159
2003,A,GBR,S1,S1,B1G,_Z,_T,_Z,PC,L,G1,T0101,3.118485
2003,A,EA20,S1,S1,B1G,_Z,_T,_Z,PC,L,G1,T0101,0.664441
2003,A,ALB,S1,S1,B1G,_Z,_T,_Z,PC,L,G1,T0101,4.626747
2003,A,BRA,S1,S1,B1G,_Z,_T,_Z,PC,L,G1,T0101,1.226704
2003,A,BGR,S1,S1,B1G,_Z,_T,_Z,PC,L,G1,T0101,4.155315
2003,A,HRV,S1,S1,B1G,_Z,_T,_Z,PC,L,G1,T0101,5.915372
2003,A,CYP,S1,S1,B1G,_Z,_T,_Z,PC,L,G1,T0101,2.623277
2002,A,AUT,S1,S1,B1G,_Z,_T,_Z,PC,L,G1,T0101,1.38396
2002,A,BEL,S1,S1,B1G,_Z,_T,_Z,PC,L,G1,T0101,1.632973
2002,A,CHL,S1,S1,B1G,_Z,_T,_Z,PC,L,G1,T0101,3.353185
2002,A,CZE,S1,S1,B1G,_Z,_T,_Z,PC,L,G1,T0101,1.957887
2002,A,EST,S1,S1,B1G,_Z,_T,_Z,PC,L,G1,T0101,6.605848
2002,A,GRC,S1,S1,B1G,_Z,_T,_Z,PC,L,G1,T0101,4.711707
2002,A,JPN,S1,S1,B1G,_Z,_T,_Z,PC,L,G1,T0101,0.429775
2002,A,KOR,S1,S1,B1G,_Z,_T,_Z,PC,L,G1,T0101,7.995954
2002,A,LTU,S1,S1,B1G,_Z,_T,_Z,PC,L,G1,T0101,6.71984
2002,A,LUX,S1,S1,B1G,_Z,_T,_Z,PC,L,G1,T0101,3.093447
2002,A,ESP,S1,S1,B1G,_Z,_T,_Z,PC,L,G1,T0101,2.676785
2002,A,CHE,S1,S1,B1G,_Z,_T,_Z,PC,L,G1,T0101,0.16748
2002,A,GBR,S1,S1,B1G,_Z,_T,_Z,PC,L,G1,T0101,1.57077
2002,A,EA20,S1,S1,B1G,_Z,_T,_Z,PC,L,G1,T0101,0.987162
2002,A,ALB,S1,S1,B1G,_Z,_T,_Z,PC,L,G1,T0101,4.270983
2002,A,BRA,S1,S1,B1G,_Z,_T,_Z,PC,L,G1,T0101,3.579511
2002,A,BGR,S1,S1,B1G,_Z,_T,_Z,PC,L,G1,T0101,7.599159
2002,A,CYP,S1,S1,B1G,_Z,_T,_Z,PC,L,G1,T0101,3.722958
2009,A,AUT,S1,S1,B1G,_Z,_T,_Z,PC,L,G1,T0101,-4.004397
2009,A,CHL,S1,S1,B1G,_Z,_T,_Z,PC,L,G1,T0101,-0.89398
2009,A,COL,S1,S1,B1G,_Z,_T,_Z,PC,L,G1,T0101,1.415944
2009,A,CZE,S1,S1,B1G,_Z,_T,_Z,PC,L,G1,T0101,-5.437567
2009,A,EST,S1,S1,B1G,_Z,_T,_Z,PC,L,G1,T0101,-15.266915
2009,A,GRC,S1,S1,B1G,_Z,_T,_Z,PC,L,G1,T0101,-3.285749
2009,A,JPN,S1,S1,B1G,_Z,_T,_Z,PC,L,G1,T0101,-6.486718
2009,A,KOR,S1,S1,B1G,_Z,_T,_Z,PC,L,G1,T0101,0.872204
2009,A,LTU,S1,S1,B1G,_Z,_T,_Z,PC,L,G1,T0101,-14.838611
2009,A,LUX,S1,S1,B1G,_Z,_T,_Z,PC,L,G1,T0101,-3.30334
2009,A,ESP,S1,S1,B1G,_Z,_T,_Z,PC,L,G1,T0101,-3.266246
2009,A,CHE,S1,S1,B1G,_Z,_T,_Z,PC,L,G1,T0101,-2.291997
2009,A,GBR,S1,S1,B1G,_Z,_T,_Z,PC,L,G1,T0101,-4.613328
2009,A,EA20,S1,S1,B1G,_Z,_T,_Z,PC,L,G1,T0101,-4.495458
2009,A,ALB,S1,S1,B1G,_Z,_T,_Z,PC,L,G1,T0101,3.703184
2009,A,ARG,S1,S1,B1G,_Z,_T,_Z,PC,L,G1,T0101,-5.735881
2009,A,BRA,S1,S1,B1G,_Z,_T,_Z,PC,L,G1,T0101,-0.096854
2009,A,BGR,S1,S1,B1G,_Z,_T,_Z,PC,L,G1,T0101,-0.85861
2009,A,HRV,S1,S1,B1G,_Z,_T,_Z,PC,L,G1,T0101,-5.665847
2009,A,CYP,S1,S1,B1G,_Z,_T,_Z,PC,L,G1,T0101,-2.01526
2004,A,AUT,S1,S1,B1G,_Z,_T,_Z,PC,L,G1,T0101,2.735552
2004,A,BEL,S1,S1,B1G,_Z,_T,_Z,PC,L,G1,T0101,3.171848
2004,A,CHL,S1,S1,B1G,_Z,_T,_Z,PC,L,G1,T0101,6.233595
2004,A,CZE,S1,S1,B1G,_Z,_T,_Z,PC,L,G1,T0101,4.768999
2004,A,EST,S1,S1,B1G,_Z,_T,_Z,PC,L,G1,T0101,6.256283
2004,A,GRC,S1,S1,B1G,_Z,_T,_Z,PC,L,G1,T0101,6.197541
2004,A,JPN,S1,S1,B1G,_Z,_T,_Z,PC,L,G1,T0101,2.133949
2004,A,KOR,S1,S1,B1G,_Z,_T,_Z,PC,L,G1,T0101,5.260606
2004,A,LTU,S1,S1,B1G,_Z,_T,_Z,PC,L,G1,T0101,6.502035
2004,A,LUX,S1,S1,B1G,_Z,_T,_Z,PC,L,G1,T0101,3.676478
2004,A,ESP,S1,S1,B1G,_Z,_T,_Z,PC,L,G1,T0101,2.802148
2004,A,CHE,S1,S1,B1G,_Z,_T,_Z,PC,L,G1,T0101,2.593289
2004,A,GBR,S1,S1,B1G,_Z,_T,_Z,PC,L,G1,T0101,2.290893
2004,A,ALB,S1,S1,B1G,_Z,_T,_Z,PC,L,G1,T0101,5.871885
2004,A,BRA,S1,S1,B1G,_Z,_T,_Z,PC,L,G1,T0101,5.656694
2004,A,BGR,S1,S1,B1G,_Z,_T,_Z,PC,L,G1,T0101,4.877162
2004,A,HRV,S1,S1,B1G,_Z,_T,_Z,PC,L,G1,T0101,4.234241
2004,A,CYP,S1,S1,B1G,_Z,_T,_Z,PC,L,G1,T0101,5.026306
2005,A,AUT,S1,S1,B1G,_Z,_T,_Z,PC,L,G1,T0101,2.461054
2005,A,BEL,S1,S1,B1G,_Z,_T,_Z,PC,L,G1,T0101,2.445999
2005,A,CHL,S1,S1,B1G,_Z,_T,_Z,PC,L,G1,T0101,5.42923
2005,A,COL,S1,S1,B1G,_Z,_T,_Z,PC,L,G1,T0101,4.688258
2005,A,CZE,S1,S1,B1G,_Z,_T,_Z,PC,L,G1,T0101,6.530392
2005,A,EST,S1,S1,B1G,_Z,_T,_Z,PC,L,G1,T0101,9.537376
2005,A,GRC,S1,S1,B1G,_Z,_T,_Z,PC,L,G1,T0101,1.066925
2005,A,JPN,S1,S1,B1G,_Z,_T,_Z,PC,L,G1,T0101,2.187389
2005,A,KOR,S1,S1,B1G,_Z,_T,_Z,PC,L,G1,T0101,4.361515
2005,A,LTU,S1,S1,B1G,_Z,_T,_Z,PC,L,G1,T0101,7.731446
2005,A,LUX,S1,S1,B1G,_Z,_T,_Z,PC,L,G1,T0101,2.15914
2005,A,ESP,S1,S1,B1G,_Z,_T,_Z,PC,L,G1,T0101,3.353833
2005,A,CHE,S1,S1,B1G,_Z,_T,_Z,PC,L,G1,T0101,2.744757
2005,A,GBR,S1,S1,B1G,_Z,_T,_Z,PC,L,G1,T0101,3.011056
2005,A,EA20,S1,S1,B1G,_Z,_T,_Z,PC,L,G1,T0101,1.676237
2005,A,ALB,S1,S1,B1G,_Z,_T,_Z,PC,L,G1,T0101,5.217943
2005,A,ARG,S1,S1,B1G,_Z,_T,_Z,PC,L,G1,T0101,9.183645
2005,A,BRA,S1,S1,B1G,_Z,_T,_Z,PC,L,G1,T0101,3.014
2005,A,BGR,S1,S1,B1G,_Z,_T,_Z,PC,L,G1,T0101,6.455358
2005,A,HRV,S1,S1,B1G,_Z,_T,_Z,PC,L,G1,T0101,4.22689
2005,A,CYP,S1,S1,B1G,_Z,_T,_Z,PC,L,G1,T0101,4.852993
2010,A,AUT,S1,S1,B1G,_Z,_T,_Z,PC,L,G1,T0101,1.87152
2010,A,BEL,S1,S1,B1G,_Z,_T,_Z,PC,L,G1,T0101,2.73157
2010,A,CHL,S1,S1,B1G,_Z,_T,_Z,PC,L,G1,T0101,5.238676
2010,A,COL,S1,S1,B1G,_Z,_T,_Z,PC,L,G1,T0101,4.333698
2010,A,CZE,S1,S1,B1G,_Z,_T,_Z,PC,L,G1,T0101,3.31236
2010,A,EST,S1,S1,B1G,_Z,_T,_Z,PC,L,G1,T0101,3.641671
2010,A,GRC,S1,S1,B1G,_Z,_T,_Z,PC,L,G1,T0101,-5.833547
2010,A,JPN,S1,S1,B1G,_Z,_T,_Z,PC,L,G1,T0101,3.785324
2010,A,KOR,S1,S1,B1G,_Z,_T,_Z,PC,L,G1,T0101,6.934843
2010,A,LTU,S1,S1,B1G,_Z,_T,_Z,PC,L,G1,T0101,0.427199
2010,A,LUX,S1,S1,B1G,_Z,_T,_Z,PC,L,G1,T0101,3.651722
2010,A,ESP,S1,S1,B1G,_Z,_T,_Z,PC,L,G1,T0101,-0.175301
2010,A,CHE,S1,S1,B1G,_Z,_T,_Z,PC,L,G1,T0101,3.152944
2010,A,GBR,S1,S1,B1G,_Z,_T,_Z,PC,L,G1,T0101,2.402272
2010,A,ALB,S1,S1,B1G,_Z,_T,_Z,PC,L,G1,T0101,3.749842
2010,A,ARG,S1,S1,B1G,_Z,_T,_Z,PC,L,G1,T0101,10.028405
2010,A,BRA,S1,S1,B1G,_Z,_T,_Z,PC,L,G1,T0101,6.976187
2010,A,BGR,S1,S1,B1G,_Z,_T,_Z,PC,L,G1,T0101,1.829852
2010,A,HRV,S1,S1,B1G,_Z,_T,_Z,PC,L,G1,T0101,-1.830854
2010,A,CYP,S1,S1,B1G,_Z,_T,_Z,PC,L,G1,T0101,2.319716
2010,A,IDN,S1,S1,B1G,_Z,_T,_Z,PC,L,G1,T0101,6.223851
2008,A,AUT,S1,S1,B1G,_Z,_T,_Z,PC,L,G1,T0101,1.692242
2008,A,BEL,S1,S1,B1G,_Z,_T,_Z,PC,L,G1,T0101,0.78798
2008,A,CHL,S1,S1,B1G,_Z,_T,_Z,PC,L,G1,T0101,3.670502
2008,A,COL,S1,S1,B1G,_Z,_T,_Z,PC,L,G1,T0101,3.093191
2008,A,CZE,S1,S1,B1G,_Z,_T,_Z,PC,L,G1,T0101,3.492314
2008,A,EST,S1,S1,B1G,_Z,_T,_Z,PC,L,G1,T0101,-3.004885
2008,A,GRC,S1,S1,B1G,_Z,_T,_Z,PC,L,G1,T0101,0.293488
2008,A,JPN,S1,S1,B1G,_Z,_T,_Z,PC,L,G1,T0101,-1.147851
2008,A,KOR,S1,S1,B1G,_Z,_T,_Z,PC,L,G1,T0101,3.352018
2008,A,LTU,S1,S1,B1G,_Z,_T,_Z,PC,L,G1,T0101,2.599461
2008,A,LUX,S1,S1,B1G,_Z,_T,_Z,PC,L,G1,T0101,-0.455012
2008,A,ESP,S1,S1,B1G,_Z,_T,_Z,PC,L,G1,T0101,1.103507
2008,A,CHE,S1,S1,B1G,_Z,_T,_Z,PC,L,G1,T0101,2.899134
2008,A,GBR,S1,S1,B1G,_Z,_T,_Z,PC,L,G1,T0101,-0.0728
2008,A,EA20,S1,S1,B1G,_Z,_T,_Z,PC,L,G1,T0101,0.660751
2008,A,ALB,S1,S1,B1G,_Z,_T,_Z,PC,L,G1,T0101,6.144604
2008,A,ARG,S1,S1,B1G,_Z,_T,_Z,PC,L,G1,T0101,3.727269
2008,A,BRA,S1,S1,B1G,_Z,_T,_Z,PC,L,G1,T0101,4.676607
2008,A,BGR,S1,S1,B1G,_Z,_T,_Z,PC,L,G1,T0101,6.151473
2008,A,HRV,S1,S1,B1G,_Z,_T,_Z,PC,L,G1,T0101,1.987735
2008,A,CYP,S1,S1,B1G,_Z,_T,_Z,PC,L,G1,T0101,3.646808
2006,A,AUT,S1,S1,B1G,_Z,_T,_Z,PC,L,G1,T0101,3.549682
2006,A,BEL,S1,S1,B1G,_Z,_T,_Z,PC,L,G1,T0101,2.450212
2006,A,CHL,S1,S1,B1G,_Z,_T,_Z,PC,L,G1,T0101,5.892114
2006,A,COL,S1,S1,B1G,_Z,_T,_Z,PC,L,G1,T0101,6.197442
2006,A,CZE,S1,S1,B1G,_Z,_T,_Z,PC,L,G1,T0101,7.119551
2006,A,EST,S1,S1,B1G,_Z,_T,_Z,PC,L,G1,T0101,9.292215
2006,A,GRC,S1,S1,B1G,_Z,_T,_Z,PC,L,G1,T0101,5.244463
2006,A,HUN,S1,S1,B1G,_Z,_T,_Z,PC,L,G1,T0101,3.88568
2006,A,JPN,S1,S1,B1G,_Z,_T,_Z,PC,L,G1,T0101,1.317
2006,A,KOR,S1,S1,B1G,_Z,_T,_Z,PC,L,G1,T0101,5.315721
2006,A,LTU,S1,S1,B1G,_Z,_T,_Z,PC,L,G1,T0101,7.395481
2006,A,LUX,S1,S1,B1G,_Z,_T,_Z,PC,L,G1,T0101,6.821611
2006,A,ESP,S1,S1,B1G,_Z,_T,_Z,PC,L,G1,T0101,4.182666
2006,A,CHE,S1,S1,B1G,_Z,_T,_Z,PC,L,G1,T0101,3.991809
2006,A,GBR,S1,S1,B1G,_Z,_T,_Z,PC,L,G1,T0101,2.522711
2006,A,EA20,S1,S1,B1G,_Z,_T,_Z,PC,L,G1,T0101,3.334655
2006,A,ALB,S1,S1,B1G,_Z,_T,_Z,PC,L,G1,T0101,5.863478
2006,A,ARG,S1,S1,B1G,_Z,_T,_Z,PC,L,G1,T0101,7.591717
2006,A,BRA,S1,S1,B1G,_Z,_T,_Z,PC,L,G1,T0101,3.686215
2006,A,BGR,S1,S1,B1G,_Z,_T,_Z,PC,L,G1,T0101,7.144338
2006,A,HRV,S1,S1,B1G,_Z,_T,_Z,PC,L,G1,T0101,4.713861
2006,A,CYP,S1,S1,B1G,_Z,_T,_Z,PC,L,G1,T0101,4.713819
2007,A,AUT,S1,S1,B1G,_Z,_T,_Z,PC,L,G1,T0101,3.872659
2007,A,BEL,S1,S1,B1G,_Z,_T,_Z,PC,L,G1,T0101,3.729223
2007,A,CHL,S1,S1,B1G,_Z,_T,_Z,PC,L,G1,T0101,4.664579
2007,A,COL,S1,S1,B1G,_Z,_T,_Z,PC,L,G1,T0101,6.308094
2007,A,CZE,S1,S1,B1G,_Z,_T,_Z,PC,L,G1,T0101,5.197979
2007,A,EST,S1,S1,B1G,_Z,_T,_Z,PC,L,G1,T0101,7.027027
2007,A,GRC,S1,S1,B1G,_Z,_T,_Z,PC,L,G1,T0101,2.958637
2007,A,HUN,S1,S1,B1G,_Z,_T,_Z,PC,L,G1,T0101,0.274411
2007,A,JPN,S1,S1,B1G,_Z,_T,_Z,PC,L,G1,T0101,1.462487
2007,A,KOR,S1,S1,B1G,_Z,_T,_Z,PC,L,G1,T0101,6.186099
2007,A,LTU,S1,S1,B1G,_Z,_T,_Z,PC,L,G1,T0101,11.077929
2007,A,LUX,S1,S1,B1G,_Z,_T,_Z,PC,L,G1,T0101,8.136532
2007,A,ESP,S1,S1,B1G,_Z,_T,_Z,PC,L,G1,T0101,3.970301
2007,A,CHE,S1,S1,B1G,_Z,_T,_Z,PC,L,G1,T0101,3.833421
2007,A,GBR,S1,S1,B1G,_Z,_T,_Z,PC,L,G1,T0101,2.653342
2007,A,EA20,S1,S1,B1G,_Z,_T,_Z,PC,L,G1,T0101,3.253328
2007,A,ALB,S1,S1,B1G,_Z,_T,_Z,PC,L,G1,T0101,5.856022
2007,A,ARG,S1,S1,B1G,_Z,_T,_Z,PC,L,G1,T0101,8.013571
2007,A,BRA,S1,S1,B1G,_Z,_T,_Z,PC,L,G1,T0101,5.799207
2007,A,BGR,S1,S1,B1G,_Z,_T,_Z,PC,L,G1,T0101,6.548415
2007,A,HRV,S1,S1,B1G,_Z,_T,_Z,PC,L,G1,T0101,4.926664
2007,A,CYP,S1,S1,B1G,_Z,_T,_Z,PC,L,G1,T0101,5.098055
1991,A,DEU,S1,S1,B1G,_Z,_T,_Z,PC,L,G1,T0101,5.075129
1992,A,DEU,S1,S1,B1G,_Z,_T,_Z,PC,L,G1,T0101,2.032928
1993,A,DEU,S1,S1,B1G,_Z,_T,_Z,PC,L,G1,T0101,-1.192647
1994,A,DEU,S1,S1,B1G,_Z,_T,_Z,PC,L,G1,T0101,2.243681
1995,A,DEU,S1,S1,B1G,_Z,_T,_Z,PC,L,G1,T0101,1.805556
1996,A,DEU,S1,S1,B1G,_Z,_T,_Z,PC,L,G1,T0101,0.804911
1997,A,DEU,S1,S1,B1G,_Z,_T,_Z,PC,L,G1,T0101,2.070646
1998,A,DEU,S1,S1,B1G,_Z,_T,_Z,PC,L,G1,T0101,2.254044
1999,A,DEU,S1,S1,B1G,_Z,_T,_Z,PC,L,G1,T0101,1.919087
2000,A,DEU,S1,S1,B1G,_Z,_T,_Z,PC,L,G1,T0101,3.104326
2001,A,DEU,S1,S1,B1G,_Z,_T,_Z,PC,L,G1,T0101,1.961994
2002,A,DEU,S1,S1,B1G,_Z,_T,_Z,PC,L,G1,T0101,0.048409
2003,A,DEU,S1,S1,B1G,_Z,_T,_Z,PC,L,G1,T0101,-0.532237
2004,A,DEU,S1,S1,B1G,_Z,_T,_Z,PC,L,G1,T0101,1.56877
2005,A,DEU,S1,S1,B1G,_Z,_T,_Z,PC,L,G1,T0101,0.886015
2006,A,DEU,S1,S1,B1G,_Z,_T,_Z,PC,L,G1,T0101,3.952053
2007,A,DEU,S1,S1,B1G,_Z,_T,_Z,PC,L,G1,T0101,3.345131
2008,A,DEU,S1,S1,B1G,_Z,_T,_Z,PC,L,G1,T0101,0.972161
2009,A,DEU,S1,S1,B1G,_Z,_T,_Z,PC,L,G1,T0101,-6.214442
2010,A,DEU,S1,S1,B1G,_Z,_T,_Z,PC,L,G1,T0101,4.608026
2011,A,DEU,S1,S1,B1G,_Z,_T,_Z,PC,L,G1,T0101,3.747073
1990,A,ITA,S1,S1,B1G,_Z,_T,_Z,PC,L,G1,T0101,1.912854
1991,A,ITA,S1,S1,B1G,_Z,_T,_Z,PC,L,G1,T0101,1.45086
1992,A,ITA,S1,S1,B1G,_Z,_T,_Z,PC,L,G1,T0101,0.779014
1993,A,ITA,S1,S1,B1G,_Z,_T,_Z,PC,L,G1,T0101,-0.514055
1994,A,ITA,S1,S1,B1G,_Z,_T,_Z,PC,L,G1,T0101,2.29612
1995,A,ITA,S1,S1,B1G,_Z,_T,_Z,PC,L,G1,T0101,2.891845
1996,A,ITA,S1,S1,B1G,_Z,_T,_Z,PC,L,G1,T0101,1.365684
1997,A,ITA,S1,S1,B1G,_Z,_T,_Z,PC,L,G1,T0101,1.650049
1998,A,ITA,S1,S1,B1G,_Z,_T,_Z,PC,L,G1,T0101,1.641279
1999,A,ITA,S1,S1,B1G,_Z,_T,_Z,PC,L,G1,T0101,1.590161
2000,A,ITA,S1,S1,B1G,_Z,_T,_Z,PC,L,G1,T0101,3.885398
2001,A,ITA,S1,S1,B1G,_Z,_T,_Z,PC,L,G1,T0101,1.917698
2002,A,ITA,S1,S1,B1G,_Z,_T,_Z,PC,L,G1,T0101,0.377273
2003,A,ITA,S1,S1,B1G,_Z,_T,_Z,PC,L,G1,T0101,0.040621
2004,A,ITA,S1,S1,B1G,_Z,_T,_Z,PC,L,G1,T0101,1.656517
2005,A,ITA,S1,S1,B1G,_Z,_T,_Z,PC,L,G1,T0101,0.784707
2006,A,ITA,S1,S1,B1G,_Z,_T,_Z,PC,L,G1,T0101,1.93517
2007,A,ITA,S1,S1,B1G,_Z,_T,_Z,PC,L,G1,T0101,1.593142
2008,A,ITA,S1,S1,B1G,_Z,_T,_Z,PC,L,G1,T0101,-0.825212
2009,A,ITA,S1,S1,B1G,_Z,_T,_Z,PC,L,G1,T0101,-5.529124
2010,A,ITA,S1,S1,B1G,_Z,_T,_Z,PC,L,G1,T0101,1.807502
2011,A,ITA,S1,S1,B1G,_Z,_T,_Z,PC,L,G1,T0101,0.7823
1990,A,CHN,S1,S1,B1G,_Z,_T,_Z,PC,L,G1,T0101,3.919807
1991,A,CHN,S1,S1,B1G,_Z,_T,_Z,PC,L,G1,T0101,9.262411
1992,A,CHN,S1,S1,B1G,_Z,_T,_Z,PC,L,G1,T0101,14.224775
1993,A,CHN,S1,S1,B1G,_Z,_T,_Z,PC,L,G1,T0101,13.883747
1994,A,CHN,S1,S1,B1G,_Z,_T,_Z,PC,L,G1,T0101,13.036584
1995,A,CHN,S1,S1,B1G,_Z,_T,_Z,PC,L,G1,T0101,10.953932
1996,A,CHN,S1,S1,B1G,_Z,_T,_Z,PC,L,G1,T0101,9.922745
1997,A,CHN,S1,S1,B1G,_Z,_T,_Z,PC,L,G1,T0101,9.23656
1998,A,CHN,S1,S1,B1G,_Z,_T,_Z,PC,L,G1,T0101,7.846128
1999,A,CHN,S1,S1,B1G,_Z,_T,_Z,PC,L,G1,T0101,7.661641
2000,A,CHN,S1,S1,B1G,_Z,_T,_Z,PC,L,G1,T0101,8.489981
2001,A,CHN,S1,S1,B1G,_Z,_T,_Z,PC,L,G1,T0101,8.335768
2002,A,CHN,S1,S1,B1G,_Z,_T,_Z,PC,L,G1,T0101,9.133638
2003,A,CHN,S1,S1,B1G,_Z,_T,_Z,PC,L,G1,T0101,10.038047
2004,A,CHN,S1,S1,B1G,_Z,_T,_Z,PC,L,G1,T0101,10.113647
2005,A,CHN,S1,S1,B1G,_Z,_T,_Z,PC,L,G1,T0101,11.394588
2006,A,CHN,S1,S1,B1G,_Z,_T,_Z,PC,L,G1,T0101,12.720995
2007,A,CHN,S1,S1,B1G,_Z,_T,_Z,PC,L,G1,T0101,14.230838
2008,A,CHN,S1,S1,B1G,_Z,_T,_Z,PC,L,G1,T0101,9.65066
2009,A,CHN,S1,S1,B1G,_Z,_T,_Z,PC,L,G1,T0101,9.398742
2010,A,CHN,S1,S1,B1G,_Z,_T,_Z,PC,L,G1,T0101,10.63585
1990,A,FIN,S1,S1,B1G,_Z,_T,_Z,PC,L,G1,T0101,1.509102
1991,A,FIN,S1,S1,B1G,_Z,_T,_Z,PC,L,G1,T0101,-6.016993
1992,A,FIN,S1,S1,B1G,_Z,_T,_Z,PC,L,G1,T0101,-3.034047
1993,A,FIN,S1,S1,B1G,_Z,_T,_Z,PC,L,G1,T0101,-0.202796
1994,A,FIN,S1,S1,B1G,_Z,_T,_Z,PC,L,G1,T0101,4.601856
1995,A,FIN,S1,S1,B1G,_Z,_T,_Z,PC,L,G1,T0101,4.248973
1996,A,FIN,S1,S1,B1G,_Z,_T,_Z,PC,L,G1,T0101,3.749268
1997,A,FIN,S1,S1,B1G,_Z,_T,_Z,PC,L,G1,T0101,6.263511
1998,A,FIN,S1,S1,B1G,_Z,_T,_Z,PC,L,G1,T0101,5.301223
1999,A,FIN,S1,S1,B1G,_Z,_T,_Z,PC,L,G1,T0101,4.659323
2000,A,FIN,S1,S1,B1G,_Z,_T,_Z,PC,L,G1,T0101,6.435566
2001,A,FIN,S1,S1,B1G,_Z,_T,_Z,PC,L,G1,T0101,2.779974
2002,A,FIN,S1,S1,B1G,_Z,_T,_Z,PC,L,G1,T0101,1.314549
2003,A,FIN,S1,S1,B1G,_Z,_T,_Z,PC,L,G1,T0101,1.179928
2004,A,FIN,S1,S1,B1G,_Z,_T,_Z,PC,L,G1,T0101,3.877949
2005,A,FIN,S1,S1,B1G,_Z,_T,_Z,PC,L,G1,T0101,2.580251
2006,A,FIN,S1,S1,B1G,_Z,_T,_Z,PC,L,G1,T0101,3.789208
2007,A,FIN,S1,S1,B1G,_Z,_T,_Z,PC,L,G1,T0101,6.019119
2008,A,FIN,S1,S1,B1G,_Z,_T,_Z,PC,L,G1,T0101,0.915608
2009,A,FIN,S1,S1,B1G,_Z,_T,_Z,PC,L,G1,T0101,-8.623961
2010,A,FIN,S1,S1,B1G,_Z,_T,_Z,PC,L,G1,T0101,3.213872
2011,A,FIN,S1,S1,B1G,_Z,_T,_Z,PC,L,G1,T0101,1.728803
1990,A,FRA,S1,S1,B1G,_Z,_T,_Z,PC,L,G1,T0101,2.946759
1991,A,FRA,S1,S1,B1G,_Z,_T,_Z,PC,L,G1,T0101,1.29514
1992,A,FRA,S1,S1,B1G,_Z,_T,_Z,PC,L,G1,T0101,1.811286
1993,A,FRA,S1,S1,B1G,_Z,_T,_Z,PC,L,G1,T0101,-0.301782
1994,A,FRA,S1,S1,B1G,_Z,_T,_Z,PC,L,G1,T0101,2.067463
1995,A,FRA,S1,S1,B1G,_Z,_T,_Z,PC,L,G1,T0101,2.465721
1996,A,FRA,S1,S1,B1G,_Z,_T,_Z,PC,L,G1,T0101,1.466536
1997,A,FRA,S1,S1,B1G,_Z,_T,_Z,PC,L,G1,T0101,2.513985
1998,A,FRA,S1,S1,B1G,_Z,_T,_Z,PC,L,G1,T0101,3.520506
1999,A,FRA,S1,S1,B1G,_Z,_T,_Z,PC,L,G1,T0101,3.417542
2000,A,FRA,S1,S1,B1G,_Z,_T,_Z,PC,L,G1,T0101,4.129286
2001,A,FRA,S1,S1,B1G,_Z,_T,_Z,PC,L,G1,T0101,1.881875
2002,A,FRA,S1,S1,B1G,_Z,_T,_Z,PC,L,G1,T0101,1.028579
2003,A,FRA,S1,S1,B1G,_Z,_T,_Z,PC,L,G1,T0101,0.894351
2004,A,FRA,S1,S1,B1G,_Z,_T,_Z,PC,L,G1,T0101,3.074142
2005,A,FRA,S1,S1,B1G,_Z,_T,_Z,PC,L,G1,T0101,1.740982
2006,A,FRA,S1,S1,B1G,_Z,_T,_Z,PC,L,G1,T0101,2.731113
2007,A,FRA,S1,S1,B1G,_Z,_T,_Z,PC,L,G1,T0101,2.650072
2008,A,FRA,S1,S1,B1G,_Z,_T,_Z,PC,L,G1,T0101,0.632807
2009,A,FRA,S1,S1,B1G,_Z,_T,_Z,PC,L,G1,T0101,-2.619586
2010,A,FRA,S1,S1,B1G,_Z,_T,_Z,PC,L,G1,T0101,1.794541
2011,A,FRA,S1,S1,B1G,_Z,_T,_Z,PC,L,G1,T0101,2.534469
1990,A,DNK,S1,S1,B1G,_Z,_T,_Z,PC,L,G1,T0101,1.997652
1991,A,DNK,S1,S1,B1G,_Z,_T,_Z,PC,L,G1,T0101,1.11207
1992,A,DNK,S1,S1,B1G,_Z,_T,_Z,PC,L,G1,T0101,1.721063
1993,A,DNK,S1,S1,B1G,_Z,_T,_Z,PC,L,G1,T0101,0.533022
1994,A,DNK,S1,S1,B1G,_Z,_T,_Z,PC,L,G1,T0101,4.589792
1995,A,DNK,S1,S1,B1G,_Z,_T,_Z,PC,L,G1,T0101,3.13341
1996,A,DNK,S1,S1,B1G,_Z,_T,_Z,PC,L,G1,T0101,2.521889
1997,A,DNK,S1,S1,B1G,_Z,_T,_Z,PC,L,G1,T0101,3.121198
1998,A,DNK,S1,S1,B1G,_Z,_T,_Z,PC,L,G1,T0101,1.96662
1999,A,DNK,S1,S1,B1G,_Z,_T,_Z,PC,L,G1,T0101,3.32173
2000,A,DNK,S1,S1,B1G,_Z,_T,_Z,PC,L,G1,T0101,4.627715
2001,A,DNK,S1,S1,B1G,_Z,_T,_Z,PC,L,G1,T0101,0.986851
2002,A,DNK,S1,S1,B1G,_Z,_T,_Z,PC,L,G1,T0101,0.307591
2003,A,DNK,S1,S1,B1G,_Z,_T,_Z,PC,L,G1,T0101,0.449876
2004,A,DNK,S1,S1,B1G,_Z,_T,_Z,PC,L,G1,T0101,2.087928
2005,A,DNK,S1,S1,B1G,_Z,_T,_Z,PC,L,G1,T0101,1.65089
2006,A,DNK,S1,S1,B1G,_Z,_T,_Z,PC,L,G1,T0101,3.745316
2007,A,DNK,S1,S1,B1G,_Z,_T,_Z,PC,L,G1,T0101,0.604823
2008,A,DNK,S1,S1,B1G,_Z,_T,_Z,PC,L,G1,T0101,0.178668
2009,A,DNK,S1,S1,B1G,_Z,_T,_Z,PC,L,G1,T0101,-4.553527
2010,A,DNK,S1,S1,B1G,_Z,_T,_Z,PC,L,G1,T0101,1.51543
2011,A,DNK,S1,S1,B1G,_Z,_T,_Z,PC,L,G1,T0101,1.454791
1990,A,MEX,S1,S1,B1GXP119,_Z,_T,_Z,PC,L,G1,T0101,5.108327
1990,A,NLD,S1,S1,B1GXP119,_Z,_T,_Z,PC,L,G1,T0101,3.892382
1990,A,TUR,S1,S1,B1GXP119,_Z,_T,_Z,PC,L,G1,T0101,8.036265
1990,A,ZAF,S1,S1,B1GXP119,_Z,_T,_Z,PC,L,G1,T0101,-0.753234
1991,A,MEX,S1,S1,B1GXP119,_Z,_T,_Z,PC,L,G1,T0101,4.317997
1991,A,NLD,S1,S1,B1GXP119,_Z,_T,_Z,PC,L,G1,T0101,2.467029
1991,A,TUR,S1,S1,B1GXP119,_Z,_T,_Z,PC,L,G1,T0101,0.791149
1991,A,ZAF,S1,S1,B1GXP119,_Z,_T,_Z,PC,L,G1,T0101,-1.118412
1992,A,MEX,S1,S1,B1GXP119,_Z,_T,_Z,PC,L,G1,T0101,3.701804
1992,A,NLD,S1,S1,B1GXP119,_Z,_T,_Z,PC,L,G1,T0101,1.453178
1992,A,TUR,S1,S1,B1GXP119,_Z,_T,_Z,PC,L,G1,T0101,5.746827
1992,A,ZAF,S1,S1,B1GXP119,_Z,_T,_Z,PC,L,G1,T0101,-2.215217
1993,A,NLD,S1,S1,B1GXP119,_Z,_T,_Z,PC,L,G1,T0101,1.180269
1993,A,POL,S1,S1,B1GXP119,_Z,_T,_Z,PC,L,G1,T0101,3.592137
1993,A,TUR,S1,S1,B1GXP119,_Z,_T,_Z,PC,L,G1,T0101,6.887126
1994,A,NLD,S1,S1,B1GXP119,_Z,_T,_Z,PC,L,G1,T0101,2.793502
1994,A,POL,S1,S1,B1GXP119,_Z,_T,_Z,PC,L,G1,T0101,4.809829
1994,A,SVK,S1,S1,B1GXP119,_Z,_T,_Z,PC,L,G1,T0101,2.895969
1994,A,TUR,S1,S1,B1GXP119,_Z,_T,_Z,PC,L,G1,T0101,-3.734452
1995,A,TUR,S1,S1,B1GXP119,_Z,_T,_Z,PC,L,G1,T0101,7.024664
1996,A,TUR,S1,S1,B1GXP119,_Z,_T,_Z,PC,L,G1,T0101,6.423177
1996,A,RUS,S1,S1,B1GXP119,_Z,_T,_Z,PC,L,G1,T0101,-2.769236
1997,A,TUR,S1,S1,B1GXP119,_Z,_T,_Z,PC,L,G1,T0101,7.029187
1997,A,RUS,S1,S1,B1GXP119,_Z,_T,_Z,PC,L,G1,T0101,1.408133
1998,A,RUS,S1,S1,B1GXP119,_Z,_T,_Z,PC,L,G1,T0101,-5.104947
1999,A,RUS,S1,S1,B1GXP119,_Z,_T,_Z,PC,L,G1,T0101,5.669982
2000,A,RUS,S1,S1,B1GXP119,_Z,_T,_Z,PC,L,G1,T0101,9.309029
2001,A,RUS,S1,S1,B1GXP119,_Z,_T,_Z,PC,L,G1,T0101,4.906794
2002,A,RUS,S1,S1,B1GXP119,_Z,_T,_Z,PC,L,G1,T0101,4.680811
2003,A,RUS,S1,S1,B1GXP119,_Z,_T,_Z,PC,L,G1,T0101,7.490083
2004,A,RUS,S1,S1,B1GXP119,_Z,_T,_Z,PC,L,G1,T0101,6.603993
2005,A,RUS,S1,S1,B1GXP119,_Z,_T,_Z,PC,L,G1,T0101,5.992209
2006,A,RUS,S1,S1,B1GXP119,_Z,_T,_Z,PC,L,G1,T0101,7.93751
2007,A,RUS,S1,S1,B1GXP119,_Z,_T,_Z,PC,L,G1,T0101,8.441284
2008,A,RUS,S1,S1,B1GXP119,_Z,_T,_Z,PC,L,G1,T0101,5.216812
2009,A,RUS,S1,S1,B1GXP119,_Z,_T,_Z,PC,L,G1,T0101,-6.744941
2010,A,RUS,S1,S1,B1GXP119,_Z,_T,_Z,PC,L,G1,T0101,4.08605
1990,A,PRT,S1,S1,B1GXP119,_Z,_T,_Z,PC,L,G1,T0101,5.78932
1990,A,SWE,S1,S1,B1GXP119,_Z,_T,_Z,PC,L,G1,T0101,1.216204
1991,A,PRT,S1,S1,B1GXP119,_Z,_T,_Z,PC,L,G1,T0101,4.302978
1991,A,SWE,S1,S1,B1GXP119,_Z,_T,_Z,PC,L,G1,T0101,-1.021328
1992,A,PRT,S1,S1,B1GXP119,_Z,_T,_Z,PC,L,G1,T0101,1.894127
1992,A,SWE,S1,S1,B1GXP119,_Z,_T,_Z,PC,L,G1,T0101,-1.562645
1993,A,MEX,S1,S1,B1GXP119,_Z,_T,_Z,PC,L,G1,T0101,4.578361
1993,A,NOR,S1,S1,B1GXP119,_Z,_T,_Z,PC,L,G1,T0101,2.607185
1993,A,PRT,S1,S1,B1GXP119,_Z,_T,_Z,PC,L,G1,T0101,-0.782334
1993,A,SWE,S1,S1,B1GXP119,_Z,_T,_Z,PC,L,G1,T0101,-2.217318
1993,A,ZAF,S1,S1,B1GXP119,_Z,_T,_Z,PC,L,G1,T0101,1.391676
1994,A,MEX,S1,S1,B1GXP119,_Z,_T,_Z,PC,L,G1,T0101,4.235605
1994,A,NOR,S1,S1,B1GXP119,_Z,_T,_Z,PC,L,G1,T0101,5.294012
1994,A,PRT,S1,S1,B1GXP119,_Z,_T,_Z,PC,L,G1,T0101,-0.720318
1994,A,ZAF,S1,S1,B1GXP119,_Z,_T,_Z,PC,L,G1,T0101,3.0
1995,A,MEX,S1,S1,B1GXP119,_Z,_T,_Z,PC,L,G1,T0101,-5.804088
1995,A,NLD,S1,S1,B1GXP119,_Z,_T,_Z,PC,L,G1,T0101,2.96354
1995,A,NOR,S1,S1,B1GXP119,_Z,_T,_Z,PC,L,G1,T0101,3.894
1995,A,POL,S1,S1,B1GXP119,_Z,_T,_Z,PC,L,G1,T0101,6.72358
1995,A,PRT,S1,S1,B1GXP119,_Z,_T,_Z,PC,L,G1,T0101,3.689377
1995,A,SVK,S1,S1,B1GXP119,_Z,_T,_Z,PC,L,G1,T0101,5.387351
1995,A,ZAF,S1,S1,B1GXP119,_Z,_T,_Z,PC,L,G1,T0101,3.0
1996,A,LVA,S1,S1,B1GXP119,_Z,_T,_Z,PC,L,G1,T0101,2.05879
1996,A,LUX,S1,S1,B1GXP119,_Z,_T,_Z,PC,L,G1,T0101,1.084451
1996,A,MEX,S1,S1,B1GXP119,_Z,_T,_Z,PC,L,G1,T0101,6.318039
1996,A,NLD,S1,S1,B1GXP119,_Z,_T,_Z,PC,L,G1,T0101,3.11863
1996,A,NOR,S1,S1,B1GXP119,_Z,_T,_Z,PC,L,G1,T0101,4.621187
1996,A,POL,S1,S1,B1GXP119,_Z,_T,_Z,PC,L,G1,T0101,5.547347
1996,A,PRT,S1,S1,B1GXP119,_Z,_T,_Z,PC,L,G1,T0101,3.135567
1996,A,SVK,S1,S1,B1GXP119,_Z,_T,_Z,PC,L,G1,T0101,7.664134
1996,A,SVN,S1,S1,B1GXP119,_Z,_T,_Z,PC,L,G1,T0101,2.609929
1996,A,ROU,S1,S1,B1GXP119,_Z,_T,_Z,PC,L,G1,T0101,3.584786
1996,A,SRB,S1,S1,B1GXP119,_Z,_T,_Z,PC,L,G1,T0101,5.838417
1996,A,ZAF,S1,S1,B1GXP119,_Z,_T,_Z,PC,L,G1,T0101,4.2
1997,A,LVA,S1,S1,B1GXP119,_Z,_T,_Z,PC,L,G1,T0101,9.545132
1997,A,LUX,S1,S1,B1GXP119,_Z,_T,_Z,PC,L,G1,T0101,4.669911
1997,A,MEX,S1,S1,B1GXP119,_Z,_T,_Z,PC,L,G1,T0101,7.149728
1997,A,NLD,S1,S1,B1GXP119,_Z,_T,_Z,PC,L,G1,T0101,4.379585
1997,A,NOR,S1,S1,B1GXP119,_Z,_T,_Z,PC,L,G1,T0101,5.236463
1997,A,POL,S1,S1,B1GXP119,_Z,_T,_Z,PC,L,G1,T0101,5.705696
1997,A,PRT,S1,S1,B1GXP119,_Z,_T,_Z,PC,L,G1,T0101,4.325176
1997,A,SVK,S1,S1,B1GXP119,_Z,_T,_Z,PC,L,G1,T0101,5.517886
1997,A,SVN,S1,S1,B1GXP119,_Z,_T,_Z,PC,L,G1,T0101,4.969782
1997,A,ROU,S1,S1,B1GXP119,_Z,_T,_Z,PC,L,G1,T0101,-6.261191
1997,A,SRB,S1,S1,B1GXP119,_Z,_T,_Z,PC,L,G1,T0101,6.96161
1997,A,ZAF,S1,S1,B1GXP119,_Z,_T,_Z,PC,L,G1,T0101,2.6
1998,A,LVA,S1,S1,B1GXP119,_Z,_T,_Z,PC,L,G1,T0101,6.906253
1998,A,LUX,S1,S1,B1GXP119,_Z,_T,_Z,PC,L,G1,T0101,6.597941
1998,A,MEX,S1,S1,B1GXP119,_Z,_T,_Z,PC,L,G1,T0101,6.132152
1998,A,NLD,S1,S1,B1GXP119,_Z,_T,_Z,PC,L,G1,T0101,4.605896
1998,A,NOR,S1,S1,B1GXP119,_Z,_T,_Z,PC,L,G1,T0101,2.343755
1998,A,POL,S1,S1,B1GXP119,_Z,_T,_Z,PC,L,G1,T0101,4.438904
1998,A,PRT,S1,S1,B1GXP119,_Z,_T,_Z,PC,L,G1,T0101,4.015545
1998,A,SVK,S1,S1,B1GXP119,_Z,_T,_Z,PC,L,G1,T0101,3.232073
1998,A,SVN,S1,S1,B1GXP119,_Z,_T,_Z,PC,L,G1,T0101,2.730953
1998,A,TUR,S1,S1,B1GXP119,_Z,_T,_Z,PC,L,G1,T0101,3.302925
1998,A,ROU,S1,S1,B1GXP119,_Z,_T,_Z,PC,L,G1,T0101,-5.434228
1998,A,SRB,S1,S1,B1GXP119,_Z,_T,_Z,PC,L,G1,T0101,3.562425
1998,A,ZAF,S1,S1,B1GXP119,_Z,_T,_Z,PC,L,G1,T0101,0.7
1999,A,LVA,S1,S1,B1GXP119,_Z,_T,_Z,PC,L,G1,T0101,3.181967
1999,A,LUX,S1,S1,B1GXP119,_Z,_T,_Z,PC,L,G1,T0101,7.815209
1999,A,MEX,S1,S1,B1GXP119,_Z,_T,_Z,PC,L,G1,T0101,2.707412
1999,A,NLD,S1,S1,B1GXP119,_Z,_T,_Z,PC,L,G1,T0101,4.774335
1999,A,NOR,S1,S1,B1GXP119,_Z,_T,_Z,PC,L,G1,T0101,2.018342
1999,A,POL,S1,S1,B1GXP119,_Z,_T,_Z,PC,L,G1,T0101,4.458319
1999,A,PRT,S1,S1,B1GXP119,_Z,_T,_Z,PC,L,G1,T0101,3.300758
1999,A,SVK,S1,S1,B1GXP119,_Z,_T,_Z,PC,L,G1,T0101,-0.137244
1999,A,SVN,S1,S1,B1GXP119,_Z,_T,_Z,PC,L,G1,T0101,4.62593
1999,A,ROU,S1,S1,B1GXP119,_Z,_T,_Z,PC,L,G1,T0101,0.579181
1999,A,SRB,S1,S1,B1GXP119,_Z,_T,_Z,PC,L,G1,T0101,-8.886573
1999,A,ZAF,S1,S1,B1GXP119,_Z,_T,_Z,PC,L,G1,T0101,2.7
2000,A,LVA,S1,S1,B1GXP119,_Z,_T,_Z,PC,L,G1,T0101,5.638194
2000,A,LUX,S1,S1,B1GXP119,_Z,_T,_Z,PC,L,G1,T0101,6.143974
2000,A,MEX,S1,S1,B1GXP119,_Z,_T,_Z,PC,L,G1,T0101,5.130608
2000,A,NLD,S1,S1,B1GXP119,_Z,_T,_Z,PC,L,G1,T0101,4.442025
2000,A,NOR,S1,S1,B1GXP119,_Z,_T,_Z,PC,L,G1,T0101,3.380279
2000,A,POL,S1,S1,B1GXP119,_Z,_T,_Z,PC,L,G1,T0101,4.419176
2000,A,PRT,S1,S1,B1GXP119,_Z,_T,_Z,PC,L,G1,T0101,3.70809
2000,A,SVK,S1,S1,B1GXP119,_Z,_T,_Z,PC,L,G1,T0101,0.617344
2000,A,SVN,S1,S1,B1GXP119,_Z,_T,_Z,PC,L,G1,T0101,3.881071
2000,A,ROU,S1,S1,B1GXP119,_Z,_T,_Z,PC,L,G1,T0101,2.753579
2000,A,SRB,S1,S1,B1GXP119,_Z,_T,_Z,PC,L,G1,T0101,5.696802
2000,A,ZAF,S1,S1,B1GXP119,_Z,_T,_Z,PC,L,G1,T0101,4.4
2001,A,LVA,S1,S1,B1GXP119,_Z,_T,_Z,PC,L,G1,T0101,6.577807
2001,A,LUX,S1,S1,B1GXP119,_Z,_T,_Z,PC,L,G1,T0101,3.635319
2001,A,MEX,S1,S1,B1GXP119,_Z,_T,_Z,PC,L,G1,T0101,-0.79775
2001,A,NLD,S1,S1,B1GXP119,_Z,_T,_Z,PC,L,G1,T0101,2.355575
2001,A,NOR,S1,S1,B1GXP119,_Z,_T,_Z,PC,L,G1,T0101,1.848674
2001,A,POL,S1,S1,B1GXP119,_Z,_T,_Z,PC,L,G1,T0101,1.330611
2001,A,PRT,S1,S1,B1GXP119,_Z,_T,_Z,PC,L,G1,T0101,2.231088
2001,A,SVK,S1,S1,B1GXP119,_Z,_T,_Z,PC,L,G1,T0101,4.130363
2001,A,SVN,S1,S1,B1GXP119,_Z,_T,_Z,PC,L,G1,T0101,3.428329
2001,A,MLT,S1,S1,B1GXP119,_Z,_T,_Z,PC,L,G1,T0101,-1.991268
2001,A,MKD,S1,S1,B1GXP119,_Z,_T,_Z,PC,L,G1,T0101,-2.691986
2001,A,ROU,S1,S1,B1GXP119,_Z,_T,_Z,PC,L,G1,T0101,5.762108
2001,A,SRB,S1,S1,B1GXP119,_Z,_T,_Z,PC,L,G1,T0101,5.826331
2001,A,ZAF,S1,S1,B1GXP119,_Z,_T,_Z,PC,L,G1,T0101,2.9
2002,A,LVA,S1,S1,B1GXP119,_Z,_T,_Z,PC,L,G1,T0101,7.896622
2002,A,LUX,S1,S1,B1GXP119,_Z,_T,_Z,PC,L,G1,T0101,3.093447
2002,A,MEX,S1,S1,B1GXP119,_Z,_T,_Z,PC,L,G1,T0101,-0.33565
2002,A,NLD,S1,S1,B1GXP119,_Z,_T,_Z,PC,L,G1,T0101,0.219293
2002,A,POL,S1,S1,B1GXP119,_Z,_T,_Z,PC,L,G1,T0101,1.815956
2002,A,PRT,S1,S1,B1GXP119,_Z,_T,_Z,PC,L,G1,T0101,0.666331
2002,A,SVK,S1,S1,B1GXP119,_Z,_T,_Z,PC,L,G1,T0101,4.092419
2002,A,SVN,S1,S1,B1GXP119,_Z,_T,_Z,PC,L,G1,T0101,3.61649
2002,A,MLT,S1,S1,B1GXP119,_Z,_T,_Z,PC,L,G1,T0101,3.145055
2002,A,MKD,S1,S1,B1GXP119,_Z,_T,_Z,PC,L,G1,T0101,1.173568
2002,A,ROU,S1,S1,B1GXP119,_Z,_T,_Z,PC,L,G1,T0101,5.055816
2002,A,SRB,S1,S1,B1GXP119,_Z,_T,_Z,PC,L,G1,T0101,5.54918
2002,A,ZAF,S1,S1,B1GXP119,_Z,_T,_Z,PC,L,G1,T0101,3.80042
2003,A,LVA,S1,S1,B1GXP119,_Z,_T,_Z,PC,L,G1,T0101,8.360139
2003,A,LUX,S1,S1,B1GXP119,_Z,_T,_Z,PC,L,G1,T0101,2.515488
2003,A,MEX,S1,S1,B1GXP119,_Z,_T,_Z,PC,L,G1,T0101,1.096867
2003,A,NLD,S1,S1,B1GXP119,_Z,_T,_Z,PC,L,G1,T0101,0.060782
2003,A,POL,S1,S1,B1GXP119,_Z,_T,_Z,PC,L,G1,T0101,3.342606
2003,A,PRT,S1,S1,B1GXP119,_Z,_T,_Z,PC,L,G1,T0101,-0.82888
2003,A,SVK,S1,S1,B1GXP119,_Z,_T,_Z,PC,L,G1,T0101,4.107877
2003,A,SVN,S1,S1,B1GXP119,_Z,_T,_Z,PC,L,G1,T0101,3.389589
2003,A,MLT,S1,S1,B1GXP119,_Z,_T,_Z,PC,L,G1,T0101,4.847538
2003,A,MKD,S1,S1,B1GXP119,_Z,_T,_Z,PC,L,G1,T0101,2.577514
2003,A,ROU,S1,S1,B1GXP119,_Z,_T,_Z,PC,L,G1,T0101,2.279064
2003,A,SRB,S1,S1,B1GXP119,_Z,_T,_Z,PC,L,G1,T0101,4.078126
2003,A,ZAF,S1,S1,B1GXP119,_Z,_T,_Z,PC,L,G1,T0101,2.98147
2004,A,LVA,S1,S1,B1GXP119,_Z,_T,_Z,PC,L,G1,T0101,8.748307
2004,A,LUX,S1,S1,B1GXP119,_Z,_T,_Z,PC,L,G1,T0101,3.676478
2004,A,MEX,S1,S1,B1GXP119,_Z,_T,_Z,PC,L,G1,T0101,3.598787
2004,A,NLD,S1,S1,B1GXP119,_Z,_T,_Z,PC,L,G1,T0101,2.104331
2004,A,NOR,S1,S1,B1GXP119,_Z,_T,_Z,PC,L,G1,T0101,3.78369
2004,A,POL,S1,S1,B1GXP119,_Z,_T,_Z,PC,L,G1,T0101,5.423229
2004,A,PRT,S1,S1,B1GXP119,_Z,_T,_Z,PC,L,G1,T0101,1.656111
2004,A,SVK,S1,S1,B1GXP119,_Z,_T,_Z,PC,L,G1,T0101,4.648616
2004,A,SVN,S1,S1,B1GXP119,_Z,_T,_Z,PC,L,G1,T0101,4.558037
2004,A,MLT,S1,S1,B1GXP119,_Z,_T,_Z,PC,L,G1,T0101,-1.205231
2004,A,MKD,S1,S1,B1GXP119,_Z,_T,_Z,PC,L,G1,T0101,4.641583
2004,A,ROU,S1,S1,B1GXP119,_Z,_T,_Z,PC,L,G1,T0101,10.609207
2004,A,SRB,S1,S1,B1GXP119,_Z,_T,_Z,PC,L,G1,T0101,8.001643
2004,A,ZAF,S1,S1,B1GXP119,_Z,_T,_Z,PC,L,G1,T0101,4.497677
2005,A,LVA,S1,S1,B1GXP119,_Z,_T,_Z,PC,L,G1,T0101,11.896576
2005,A,LUX,S1,S1,B1GXP119,_Z,_T,_Z,PC,L,G1,T0101,2.15914
2005,A,MEX,S1,S1,B1GXP119,_Z,_T,_Z,PC,L,G1,T0101,2.026
2005,A,NLD,S1,S1,B1GXP119,_Z,_T,_Z,PC,L,G1,T0101,2.06769
2005,A,NOR,S1,S1,B1GXP119,_Z,_T,_Z,PC,L,G1,T0101,2.528498
2005,A,POL,S1,S1,B1GXP119,_Z,_T,_Z,PC,L,G1,T0101,3.116507
2005,A,PRT,S1,S1,B1GXP119,_Z,_T,_Z,PC,L,G1,T0101,0.487469
2005,A,SVK,S1,S1,B1GXP119,_Z,_T,_Z,PC,L,G1,T0101,5.96405
2005,A,SVN,S1,S1,B1GXP119,_Z,_T,_Z,PC,L,G1,T0101,3.689552
2005,A,MLT,S1,S1,B1GXP119,_Z,_T,_Z,PC,L,G1,T0101,2.476955
2005,A,MKD,S1,S1,B1GXP119,_Z,_T,_Z,PC,L,G1,T0101,4.198913
2005,A,ROU,S1,S1,B1GXP119,_Z,_T,_Z,PC,L,G1,T0101,4.017824
2005,A,SRB,S1,S1,B1GXP119,_Z,_T,_Z,PC,L,G1,T0101,6.308998
2005,A,ZAF,S1,S1,B1GXP119,_Z,_T,_Z,PC,L,G1,T0101,5.312429
2006,A,LVA,S1,S1,B1GXP119,_Z,_T,_Z,PC,L,G1,T0101,12.343019
2006,A,LUX,S1,S1,B1GXP119,_Z,_T,_Z,PC,L,G1,T0101,6.821611
2006,A,MEX,S1,S1,B1GXP119,_Z,_T,_Z,PC,L,G1,T0101,4.759687
2006,A,NLD,S1,S1,B1GXP119,_Z,_T,_Z,PC,L,G1,T0101,3.450342
2006,A,NOR,S1,S1,B1GXP119,_Z,_T,_Z,PC,L,G1,T0101,2.005687
2006,A,POL,S1,S1,B1GXP119,_Z,_T,_Z,PC,L,G1,T0101,6.178721
2006,A,PRT,S1,S1,B1GXP119,_Z,_T,_Z,PC,L,G1,T0101,1.62936
2006,A,SVK,S1,S1,B1GXP119,_Z,_T,_Z,PC,L,G1,T0101,10.324472
2006,A,SVN,S1,S1,B1GXP119,_Z,_T,_Z,PC,L,G1,T0101,6.153093
2006,A,MLT,S1,S1,B1GXP119,_Z,_T,_Z,PC,L,G1,T0101,2.676674
2006,A,MKD,S1,S1,B1GXP119,_Z,_T,_Z,PC,L,G1,T0101,4.521231
2006,A,ROU,S1,S1,B1GXP119,_Z,_T,_Z,PC,L,G1,T0101,8.494808
2006,A,SRB,S1,S1,B1GXP119,_Z,_T,_Z,PC,L,G1,T0101,3.941358
2006,A,ZAF,S1,S1,B1GXP119,_Z,_T,_Z,PC,L,G1,T0101,5.526174
2007,A,LVA,S1,S1,B1GXP119,_Z,_T,_Z,PC,L,G1,T0101,9.523167
2007,A,LUX,S1,S1,B1GXP119,_Z,_T,_Z,PC,L,G1,T0101,8.136532
2007,A,MEX,S1,S1,B1GXP119,_Z,_T,_Z,PC,L,G1,T0101,2.243776
2007,A,NLD,S1,S1,B1GXP119,_Z,_T,_Z,PC,L,G1,T0101,3.981174
2007,A,NOR,S1,S1,B1GXP119,_Z,_T,_Z,PC,L,G1,T0101,2.418481
2007,A,POL,S1,S1,B1GXP119,_Z,_T,_Z,PC,L,G1,T0101,6.798957
2007,A,PRT,S1,S1,B1GXP119,_Z,_T,_Z,PC,L,G1,T0101,2.824853
2007,A,SVK,S1,S1,B1GXP119,_Z,_T,_Z,PC,L,G1,T0101,11.096762
2007,A,SVN,S1,S1,B1GXP119,_Z,_T,_Z,PC,L,G1,T0101,7.344952
2007,A,TUR,S1,S1,B1GXP119,_Z,_T,_Z,PC,L,G1,T0101,4.901454
2007,A,MLT,S1,S1,B1GXP119,_Z,_T,_Z,PC,L,G1,T0101,4.526019
2007,A,MKD,S1,S1,B1GXP119,_Z,_T,_Z,PC,L,G1,T0101,5.932513
2007,A,ROU,S1,S1,B1GXP119,_Z,_T,_Z,PC,L,G1,T0101,7.019742
2007,A,SRB,S1,S1,B1GXP119,_Z,_T,_Z,PC,L,G1,T0101,5.929098
2007,A,ZAF,S1,S1,B1GXP119,_Z,_T,_Z,PC,L,G1,T0101,5.411041
2008,A,LVA,S1,S1,B1GXP119,_Z,_T,_Z,PC,L,G1,T0101,-1.836105
2008,A,LUX,S1,S1,B1GXP119,_Z,_T,_Z,PC,L,G1,T0101,-0.455012
2008,A,MEX,S1,S1,B1GXP119,_Z,_T,_Z,PC,L,G1,T0101,0.729677
2008,A,NLD,S1,S1,B1GXP119,_Z,_T,_Z,PC,L,G1,T0101,2.441707
2008,A,NOR,S1,S1,B1GXP119,_Z,_T,_Z,PC,L,G1,T0101,0.700712
2008,A,POL,S1,S1,B1GXP119,_Z,_T,_Z,PC,L,G1,T0101,4.153218
2008,A,PRT,S1,S1,B1GXP119,_Z,_T,_Z,PC,L,G1,T0101,0.644474
2008,A,SVK,S1,S1,B1GXP119,_Z,_T,_Z,PC,L,G1,T0101,5.990719
2008,A,SVN,S1,S1,B1GXP119,_Z,_T,_Z,PC,L,G1,T0101,3.010916
2008,A,MLT,S1,S1,B1GXP119,_Z,_T,_Z,PC,L,G1,T0101,4.719283
2008,A,MKD,S1,S1,B1GXP119,_Z,_T,_Z,PC,L,G1,T0101,5.727218
2008,A,ROU,S1,S1,B1GXP119,_Z,_T,_Z,PC,L,G1,T0101,9.491979
2008,A,SRB,S1,S1,B1GXP119,_Z,_T,_Z,PC,L,G1,T0101,5.720177
2008,A,ZAF,S1,S1,B1GXP119,_Z,_T,_Z,PC,L,G1,T0101,3.286834
2009,A,LVA,S1,S1,B1GXP119,_Z,_T,_Z,PC,L,G1,T0101,-13.728477
2009,A,LUX,S1,S1,B1GXP119,_Z,_T,_Z,PC,L,G1,T0101,-3.30334
2009,A,MEX,S1,S1,B1GXP119,_Z,_T,_Z,PC,L,G1,T0101,-5.909296
2009,A,NLD,S1,S1,B1GXP119,_Z,_T,_Z,PC,L,G1,T0101,-3.316442
2009,A,NOR,S1,S1,B1GXP119,_Z,_T,_Z,PC,L,G1,T0101,-2.106968
2009,A,POL,S1,S1,B1GXP119,_Z,_T,_Z,PC,L,G1,T0101,2.886742
2009,A,PRT,S1,S1,B1GXP119,_Z,_T,_Z,PC,L,G1,T0101,-2.60764
2009,A,SVK,S1,S1,B1GXP119,_Z,_T,_Z,PC,L,G1,T0101,-5.127449
2009,A,SVN,S1,S1,B1GXP119,_Z,_T,_Z,PC,L,G1,T0101,-7.100605
2009,A,MLT,S1,S1,B1GXP119,_Z,_T,_Z,PC,L,G1,T0101,-1.109281
2009,A,MKD,S1,S1,B1GXP119,_Z,_T,_Z,PC,L,G1,T0101,-0.301323
2009,A,ROU,S1,S1,B1GXP119,_Z,_T,_Z,PC,L,G1,T0101,-4.441721
2009,A,SRB,S1,S1,B1GXP119,_Z,_T,_Z,PC,L,G1,T0101,-2.225418
2009,A,ZAF,S1,S1,B1GXP119,_Z,_T,_Z,PC,L,G1,T0101,-1.430715
2010,A,LVA,S1,S1,B1GXP119,_Z,_T,_Z,PC,L,G1,T0101,-4.279441
2010,A,LUX,S1,S1,B1GXP119,_Z,_T,_Z,PC,L,G1,T0101,3.651722
2010,A,MEX,S1,S1,B1GXP119,_Z,_T,_Z,PC,L,G1,T0101,5.314406
2010,A,NLD,S1,S1,B1GXP119,_Z,_T,_Z,PC,L,G1,T0101,1.488355
2010,A,NOR,S1,S1,B1GXP119,_Z,_T,_Z,PC,L,G1,T0101,0.508338
2010,A,POL,S1,S1,B1GXP119,_Z,_T,_Z,PC,L,G1,T0101,3.114866
2010,A,PRT,S1,S1,B1GXP119,_Z,_T,_Z,PC,L,G1,T0101,1.547112
2010,A,SVK,S1,S1,B1GXP119,_Z,_T,_Z,PC,L,G1,T0101,6.987899
2010,A,SVN,S1,S1,B1GXP119,_Z,_T,_Z,PC,L,G1,T0101,1.175746
2010,A,MLT,S1,S1,B1GXP119,_Z,_T,_Z,PC,L,G1,T0101,5.961107
2010,A,MKD,S1,S1,B1GXP119,_Z,_T,_Z,PC,L,G1,T0101,3.411183
2010,A,ROU,S1,S1,B1GXP119,_Z,_T,_Z,PC,L,G1,T0101,-5.179212
2010,A,SRB,S1,S1,B1GXP119,_Z,_T,_Z,PC,L,G1,T0101,0.95044
2010,A,ZAF,S1,S1,B1GXP119,_Z,_T,_Z,PC,L,G1,T0101,2.921011
2011,A,LVA,S1,S1,B1GXP119,_Z,_T,_Z,PC,L,G1,T0101,2.636584
2011,A,LUX,S1,S1,B1GXP119,_Z,_T,_Z,PC,L,G1,T0101,0.372208
2011,A,MEX,S1,S1,B1GXP119,_Z,_T,_Z,PC,L,G1,T0101,3.607202
2011,A,NLD,S1,S1,B1GXP119,_Z,_T,_Z,PC,L,G1,T0101,2.120878
2011,A,POL,S1,S1,B1GXP119,_Z,_T,_Z,PC,L,G1,T0101,5.195481
2011,A,PRT,S1,S1,B1GXP119,_Z,_T,_Z,PC,L,G1,T0101,-1.013651
2011,A,SVK,S1,S1,B1GXP119,_Z,_T,_Z,PC,L,G1,T0101,1.821624
2011,A,SVN,S1,S1,B1GXP119,_Z,_T,_Z,PC,L,G1,T0101,0.325339
1990,A,MEX,S1,S1,B1G,_Z,_T,_Z,PC,L,G1,T0101,5.108327
1990,A,TUR,S1,S1,B1G,_Z,_T,_Z,PC,L,G1,T0101,7.864392
1990,A,ZAF,S1,S1,B1G,_Z,_T,_Z,PC,L,G1,T0101,-0.753234
1991,A,MEX,S1,S1,B1G,_Z,_T,_Z,PC,L,G1,T0101,4.317997
1991,A,TUR,S1,S1,B1G,_Z,_T,_Z,PC,L,G1,T0101,0.77619
1991,A,ZAF,S1,S1,B1G,_Z,_T,_Z,PC,L,G1,T0101,-1.118412
1992,A,MEX,S1,S1,B1G,_Z,_T,_Z,PC,L,G1,T0101,3.701804
1992,A,TUR,S1,S1,B1G,_Z,_T,_Z,PC,L,G1,T0101,5.535998
1992,A,ZAF,S1,S1,B1G,_Z,_T,_Z,PC,L,G1,T0101,-2.215217
1993,A,POL,S1,S1,B1G,_Z,_T,_Z,PC,L,G1,T0101,3.592137
1993,A,TUR,S1,S1,B1G,_Z,_T,_Z,PC,L,G1,T0101,6.706412
1994,A,POL,S1,S1,B1G,_Z,_T,_Z,PC,L,G1,T0101,4.809829
1994,A,TUR,S1,S1,B1G,_Z,_T,_Z,PC,L,G1,T0101,-3.690048
1995,A,TUR,S1,S1,B1G,_Z,_T,_Z,PC,L,G1,T0101,6.856002
1996,A,TUR,S1,S1,B1G,_Z,_T,_Z,PC,L,G1,T0101,6.299216
1996,A,RUS,S1,S1,B1G,_Z,_T,_Z,PC,L,G1,T0101,-2.769236
1997,A,TUR,S1,S1,B1G,_Z,_T,_Z,PC,L,G1,T0101,6.925947
1997,A,RUS,S1,S1,B1G,_Z,_T,_Z,PC,L,G1,T0101,1.408133
1998,A,RUS,S1,S1,B1G,_Z,_T,_Z,PC,L,G1,T0101,-5.104947
1999,A,RUS,S1,S1,B1G,_Z,_T,_Z,PC,L,G1,T0101,5.669982
2000,A,RUS,S1,S1,B1G,_Z,_T,_Z,PC,L,G1,T0101,9.309029
2001,A,RUS,S1,S1,B1G,_Z,_T,_Z,PC,L,G1,T0101,4.906794
2002,A,RUS,S1,S1,B1G,_Z,_T,_Z,PC,L,G1,T0101,4.680811
2003,A,RUS,S1,S1,B1G,_Z,_T,_Z,PC,L,G1,T0101,7.490083
2004,A,RUS,S1,S1,B1G,_Z,_T,_Z,PC,L,G1,T0101,6.603993
2005,A,RUS,S1,S1,B1G,_Z,_T,_Z,PC,L,G1,T0101,5.992209
2006,A,RUS,S1,S1,B1G,_Z,_T,_Z,PC,L,G1,T0101,7.93751
2007,A,RUS,S1,S1,B1G,_Z,_T,_Z,PC,L,G1,T0101,8.441284
2008,A,RUS,S1,S1,B1G,_Z,_T,_Z,PC,L,G1,T0101,5.216812
2009,A,RUS,S1,S1,B1G,_Z,_T,_Z,PC,L,G1,T0101,-6.744941
2010,A,RUS,S1,S1,B1G,_Z,_T,_Z,PC,L,G1,T0101,4.08605
1990,A,NLD,S1,S1,B1G,_Z,_T,_Z,PC,L,G1,T0101,3.892382
1991,A,NLD,S1,S1,B1G,_Z,_T,_Z,PC,L,G1,T0101,2.467029
1992,A,NLD,S1,S1,B1G,_Z,_T,_Z,PC,L,G1,T0101,1.453178
1993,A,NLD,S1,S1,B1G,_Z,_T,_Z,PC,L,G1,T0101,1.180269
1994,A,NLD,S1,S1,B1G,_Z,_T,_Z,PC,L,G1,T0101,2.793502
1996,A,LVA,S1,S1,B1G,_Z,_T,_Z,PC,L,G1,T0101,2.05879
1997,A,LVA,S1,S1,B1G,_Z,_T,_Z,PC,L,G1,T0101,9.545132
1998,A,LVA,S1,S1,B1G,_Z,_T,_Z,PC,L,G1,T0101,6.906253
1999,A,LVA,S1,S1,B1G,_Z,_T,_Z,PC,L,G1,T0101,3.181967
2000,A,LVA,S1,S1,B1G,_Z,_T,_Z,PC,L,G1,T0101,5.638194
2001,A,LVA,S1,S1,B1G,_Z,_T,_Z,PC,L,G1,T0101,6.577807
2002,A,LVA,S1,S1,B1G,_Z,_T,_Z,PC,L,G1,T0101,7.896622
2003,A,LVA,S1,S1,B1G,_Z,_T,_Z,PC,L,G1,T0101,8.360139
2004,A,LVA,S1,S1,B1G,_Z,_T,_Z,PC,L,G1,T0101,8.748307
2005,A,LVA,S1,S1,B1G,_Z,_T,_Z,PC,L,G1,T0101,11.896576
2006,A,LVA,S1,S1,B1G,_Z,_T,_Z,PC,L,G1,T0101,12.343019
2007,A,LVA,S1,S1,B1G,_Z,_T,_Z,PC,L,G1,T0101,9.523167
2008,A,LVA,S1,S1,B1G,_Z,_T,_Z,PC,L,G1,T0101,-1.836105
2009,A,LVA,S1,S1,B1G,_Z,_T,_Z,PC,L,G1,T0101,-13.728477
2010,A,LVA,S1,S1,B1G,_Z,_T,_Z,PC,L,G1,T0101,-4.279441
2011,A,LVA,S1,S1,B1G,_Z,_T,_Z,PC,L,G1,T0101,2.636584
2001,A,MLT,S1,S1,B1G,_Z,_T,_Z,PC,L,G1,T0101,-1.991268
2002,A,MLT,S1,S1,B1G,_Z,_T,_Z,PC,L,G1,T0101,3.145055
2003,A,MLT,S1,S1,B1G,_Z,_T,_Z,PC,L,G1,T0101,4.847538
2004,A,MLT,S1,S1,B1G,_Z,_T,_Z,PC,L,G1,T0101,-1.205231
2005,A,MLT,S1,S1,B1G,_Z,_T,_Z,PC,L,G1,T0101,2.476955
2006,A,MLT,S1,S1,B1G,_Z,_T,_Z,PC,L,G1,T0101,2.676674
2007,A,MLT,S1,S1,B1G,_Z,_T,_Z,PC,L,G1,T0101,4.526019
2008,A,MLT,S1,S1,B1G,_Z,_T,_Z,PC,L,G1,T0101,4.719283
2009,A,MLT,S1,S1,B1G,_Z,_T,_Z,PC,L,G1,T0101,-1.109281
2010,A,MLT,S1,S1,B1G,_Z,_T,_Z,PC,L,G1,T0101,5.961107
2001,A,MKD,S1,S1,B1G,_Z,_T,_Z,PC,L,G1,T0101,-2.691986
2002,A,MKD,S1,S1,B1G,_Z,_T,_Z,PC,L,G1,T0101,1.173568
2003,A,MKD,S1,S1,B1G,_Z,_T,_Z,PC,L,G1,T0101,2.577514
2004,A,MKD,S1,S1,B1G,_Z,_T,_Z,PC,L,G1,T0101,4.641583
2005,A,MKD,S1,S1,B1G,_Z,_T,_Z,PC,L,G1,T0101,4.198913
2006,A,MKD,S1,S1,B1G,_Z,_T,_Z,PC,L,G1,T0101,4.521231
2007,A,MKD,S1,S1,B1G,_Z,_T,_Z,PC,L,G1,T0101,5.932513
2008,A,MKD,S1,S1,B1G,_Z,_T,_Z,PC,L,G1,T0101,5.727218
2009,A,MKD,S1,S1,B1G,_Z,_T,_Z,PC,L,G1,T0101,-0.301323
2010,A,MKD,S1,S1,B1G,_Z,_T,_Z,PC,L,G1,T0101,3.411183
1998,A,TUR,S1,S1,B1G,_Z,_T,_Z,PC,L,G1,T0101,3.355118
2007,A,TUR,S1,S1,B1G,_Z,_T,_Z,PC,L,G1,T0101,4.901454
1990,A,SWE,S1,S1,B1G,_Z,_T,_Z,PC,L,G1,T0101,1.216204
1991,A,SWE,S1,S1,B1G,_Z,_T,_Z,PC,L,G1,T0101,-1.021328
1992,A,SWE,S1,S1,B1G,_Z,_T,_Z,PC,L,G1,T0101,-1.562645
1993,A,SWE,S1,S1,B1G,_Z,_T,_Z,PC,L,G1,T0101,-2.217318
1996,A,SRB,S1,S1,B1G,_Z,_T,_Z,PC,L,G1,T0101,5.838417
1997,A,SRB,S1,S1,B1G,_Z,_T,_Z,PC,L,G1,T0101,6.96161
1998,A,SRB,S1,S1,B1G,_Z,_T,_Z,PC,L,G1,T0101,3.562425
1999,A,SRB,S1,S1,B1G,_Z,_T,_Z,PC,L,G1,T0101,-8.886573
2000,A,SRB,S1,S1,B1G,_Z,_T,_Z,PC,L,G1,T0101,5.696802
2001,A,SRB,S1,S1,B1G,_Z,_T,_Z,PC,L,G1,T0101,5.826331
2002,A,SRB,S1,S1,B1G,_Z,_T,_Z,PC,L,G1,T0101,5.54918
2003,A,SRB,S1,S1,B1G,_Z,_T,_Z,PC,L,G1,T0101,4.078126
2004,A,SRB,S1,S1,B1G,_Z,_T,_Z,PC,L,G1,T0101,8.001643
2005,A,SRB,S1,S1,B1G,_Z,_T,_Z,PC,L,G1,T0101,6.308998
2006,A,SRB,S1,S1,B1G,_Z,_T,_Z,PC,L,G1,T0101,3.941358
2007,A,SRB,S1,S1,B1G,_Z,_T,_Z,PC,L,G1,T0101,5.929098
2008,A,SRB,S1,S1,B1G,_Z,_T,_Z,PC,L,G1,T0101,5.720177
2009,A,SRB,S1,S1,B1G,_Z,_T,_Z,PC,L,G1,T0101,-2.225418
2010,A,SRB,S1,S1,B1G,_Z,_T,_Z,PC,L,G1,T0101,0.95044
1996,A,ROU,S1,S1,B1G,_Z,_T,_Z,PC,L,G1,T0101,3.584786
1997,A,ROU,S1,S1,B1G,_Z,_T,_Z,PC,L,G1,T0101,-6.261191
1998,A,ROU,S1,S1,B1G,_Z,_T,_Z,PC,L,G1,T0101,-5.434228
1999,A,ROU,S1,S1,B1G,_Z,_T,_Z,PC,L,G1,T0101,0.579181
2000,A,ROU,S1,S1,B1G,_Z,_T,_Z,PC,L,G1,T0101,2.753579
2001,A,ROU,S1,S1,B1G,_Z,_T,_Z,PC,L,G1,T0101,5.762108
2002,A,ROU,S1,S1,B1G,_Z,_T,_Z,PC,L,G1,T0101,5.055816
2003,A,ROU,S1,S1,B1G,_Z,_T,_Z,PC,L,G1,T0101,2.279064
2004,A,ROU,S1,S1,B1G,_Z,_T,_Z,PC,L,G1,T0101,10.609207
2005,A,ROU,S1,S1,B1G,_Z,_T,_Z,PC,L,G1,T0101,4.017824
2006,A,ROU,S1,S1,B1G,_Z,_T,_Z,PC,L,G1,T0101,8.494808
2007,A,ROU,S1,S1,B1G,_Z,_T,_Z,PC,L,G1,T0101,7.019742
2008,A,ROU,S1,S1,B1G,_Z,_T,_Z,PC,L,G1,T0101,9.491979
2009,A,ROU,S1,S1,B1G,_Z,_T,_Z,PC,L,G1,T0101,-4.441721
2010,A,ROU,S1,S1,B1G,_Z,_T,_Z,PC,L,G1,T0101,-5.179212
1993,A,ZAF,S1,S1,B1G,_Z,_T,_Z,PC,L,G1,T0101,1.391676
1994,A,ZAF,S1,S1,B1G,_Z,_T,_Z,PC,L,G1,T0101,3.0
1995,A,ZAF,S1,S1,B1G,_Z,_T,_Z,PC,L,G1,T0101,3.0
1996,A,ZAF,S1,S1,B1G,_Z,_T,_Z,PC,L,G1,T0101,4.2
1997,A,ZAF,S1,S1,B1G,_Z,_T,_Z,PC,L,G1,T0101,2.6
1998,A,ZAF,S1,S1,B1G,_Z,_T,_Z,PC,L,G1,T0101,0.7
1999,A,ZAF,S1,S1,B1G,_Z,_T,_Z,PC,L,G1,T0101,2.7
2000,A,ZAF,S1,S1,B1G,_Z,_T,_Z,PC,L,G1,T0101,4.4
2001,A,ZAF,S1,S1,B1G,_Z,_T,_Z,PC,L,G1,T0101,2.9
2002,A,ZAF,S1,S1,B1G,_Z,_T,_Z,PC,L,G1,T0101,3.80042
2003,A,ZAF,S1,S1,B1G,_Z,_T,_Z,PC,L,G1,T0101,2.98147
2004,A,ZAF,S1,S1,B1G,_Z,_T,_Z,PC,L,G1,T0101,4.497677
2005,A,ZAF,S1,S1,B1G,_Z,_T,_Z,PC,L,G1,T0101,5.312429
2006,A,ZAF,S1,S1,B1G,_Z,_T,_Z,PC,L,G1,T0101,5.526174
2007,A,ZAF,S1,S1,B1G,_Z,_T,_Z,PC,L,G1,T0101,5.411041
2008,A,ZAF,S1,S1,B1G,_Z,_T,_Z,PC,L,G1,T0101,3.286834
2009,A,ZAF,S1,S1,B1G,_Z,_T,_Z,PC,L,G1,T0101,-1.430715
2010,A,ZAF,S1,S1,B1G,_Z,_T,_Z,PC,L,G1,T0101,2.921011
1996,A,SVN,S1,S1,B1G,_Z,_T,_Z,PC,L,G1,T0101,2.609929
1997,A,SVN,S1,S1,B1G,_Z,_T,_Z,PC,L,G1,T0101,4.969782
1998,A,SVN,S1,S1,B1G,_Z,_T,_Z,PC,L,G1,T0101,2.730953
1999,A,SVN,S1,S1,B1G,_Z,_T,_Z,PC,L,G1,T0101,4.62593
2000,A,SVN,S1,S1,B1G,_Z,_T,_Z,PC,L,G1,T0101,3.881071
2001,A,SVN,S1,S1,B1G,_Z,_T,_Z,PC,L,G1,T0101,3.428329
2002,A,SVN,S1,S1,B1G,_Z,_T,_Z,PC,L,G1,T0101,3.61649
2003,A,SVN,S1,S1,B1G,_Z,_T,_Z,PC,L,G1,T0101,3.389589
2004,A,SVN,S1,S1,B1G,_Z,_T,_Z,PC,L,G1,T0101,4.558037
2005,A,SVN,S1,S1,B1G,_Z,_T,_Z,PC,L,G1,T0101,3.689552
2006,A,SVN,S1,S1,B1G,_Z,_T,_Z,PC,L,G1,T0101,6.153093
2007,A,SVN,S1,S1,B1G,_Z,_T,_Z,PC,L,G1,T0101,7.344952
2008,A,SVN,S1,S1,B1G,_Z,_T,_Z,PC,L,G1,T0101,3.010916
2009,A,SVN,S1,S1,B1G,_Z,_T,_Z,PC,L,G1,T0101,-7.100605
2010,A,SVN,S1,S1,B1G,_Z,_T,_Z,PC,L,G1,T0101,1.175746
2011,A,SVN,S1,S1,B1G,_Z,_T,_Z,PC,L,G1,T0101,0.325339
1995,A,POL,S1,S1,B1G,_Z,_T,_Z,PC,L,G1,T0101,6.72358
1996,A,POL,S1,S1,B1G,_Z,_T,_Z,PC,L,G1,T0101,5.547347
1997,A,POL,S1,S1,B1G,_Z,_T,_Z,PC,L,G1,T0101,5.705696
1998,A,POL,S1,S1,B1G,_Z,_T,_Z,PC,L,G1,T0101,4.438904
1999,A,POL,S1,S1,B1G,_Z,_T,_Z,PC,L,G1,T0101,4.458319
2000,A,POL,S1,S1,B1G,_Z,_T,_Z,PC,L,G1,T0101,4.419176
2001,A,POL,S1,S1,B1G,_Z,_T,_Z,PC,L,G1,T0101,1.330611
2002,A,POL,S1,S1,B1G,_Z,_T,_Z,PC,L,G1,T0101,1.815956
2003,A,POL,S1,S1,B1G,_Z,_T,_Z,PC,L,G1,T0101,3.342606
2004,A,POL,S1,S1,B1G,_Z,_T,_Z,PC,L,G1,T0101,5.423229
2005,A,POL,S1,S1,B1G,_Z,_T,_Z,PC,L,G1,T0101,3.116507
2006,A,POL,S1,S1,B1G,_Z,_T,_Z,PC,L,G1,T0101,6.178721
2007,A,POL,S1,S1,B1G,_Z,_T,_Z,PC,L,G1,T0101,6.798957
2008,A,POL,S1,S1,B1G,_Z,_T,_Z,PC,L,G1,T0101,4.153218
2009,A,POL,S1,S1,B1G,_Z,_T,_Z,PC,L,G1,T0101,2.886742
2010,A,POL,S1,S1,B1G,_Z,_T,_Z,PC,L,G1,T0101,3.114866
2011,A,POL,S1,S1,B1G,_Z,_T,_Z,PC,L,G1,T0101,5.195481
1994,A,SVK,S1,S1,B1G,_Z,_T,_Z,PC,L,G1,T0101,2.895969
1995,A,SVK,S1,S1,B1G,_Z,_T,_Z,PC,L,G1,T0101,5.387351
1996,A,SVK,S1,S1,B1G,_Z,_T,_Z,PC,L,G1,T0101,7.664134
1997,A,SVK,S1,S1,B1G,_Z,_T,_Z,PC,L,G1,T0101,5.517886
1998,A,SVK,S1,S1,B1G,_Z,_T,_Z,PC,L,G1,T0101,3.232073
1999,A,SVK,S1,S1,B1G,_Z,_T,_Z,PC,L,G1,T0101,-0.137244
2000,A,SVK,S1,S1,B1G,_Z,_T,_Z,PC,L,G1,T0101,0.617344
2001,A,SVK,S1,S1,B1G,_Z,_T,_Z,PC,L,G1,T0101,4.130363
2002,A,SVK,S1,S1,B1G,_Z,_T,_Z,PC,L,G1,T0101,4.092419
2003,A,SVK,S1,S1,B1G,_Z,_T,_Z,PC,L,G1,T0101,4.107877
2004,A,SVK,S1,S1,B1G,_Z,_T,_Z,PC,L,G1,T0101,4.648616
2005,A,SVK,S1,S1,B1G,_Z,_T,_Z,PC,L,G1,T0101,5.96405
2006,A,SVK,S1,S1,B1G,_Z,_T,_Z,PC,L,G1,T0101,10.324472
2007,A,SVK,S1,S1,B1G,_Z,_T,_Z,PC,L,G1,T0101,11.096762
2008,A,SVK,S1,S1,B1G,_Z,_T,_Z,PC,L,G1,T0101,5.990719
2009,A,SVK,S1,S1,B1G,_Z,_T,_Z,PC,L,G1,T0101,-5.127449
2010,A,SVK,S1,S1,B1G,_Z,_T,_Z,PC,L,G1,T0101,6.987899
2011,A,SVK,S1,S1,B1G,_Z,_T,_Z,PC,L,G1,T0101,1.821624
1990,A,PRT,S1,S1,B1G,_Z,_T,_Z,PC,L,G1,T0101,5.78932
1991,A,PRT,S1,S1,B1G,_Z,_T,_Z,PC,L,G1,T0101,4.302978
1992,A,PRT,S1,S1,B1G,_Z,_T,_Z,PC,L,G1,T0101,1.894127
1993,A,PRT,S1,S1,B1G,_Z,_T,_Z,PC,L,G1,T0101,-0.782334
1994,A,PRT,S1,S1,B1G,_Z,_T,_Z,PC,L,G1,T0101,-0.720318
1995,A,PRT,S1,S1,B1G,_Z,_T,_Z,PC,L,G1,T0101,3.689377
1996,A,PRT,S1,S1,B1G,_Z,_T,_Z,PC,L,G1,T0101,3.135567
1997,A,PRT,S1,S1,B1G,_Z,_T,_Z,PC,L,G1,T0101,4.325176
1998,A,PRT,S1,S1,B1G,_Z,_T,_Z,PC,L,G1,T0101,4.015545
1999,A,PRT,S1,S1,B1G,_Z,_T,_Z,PC,L,G1,T0101,3.300758
2000,A,PRT,S1,S1,B1G,_Z,_T,_Z,PC,L,G1,T0101,3.70809
2001,A,PRT,S1,S1,B1G,_Z,_T,_Z,PC,L,G1,T0101,2.231088
2002,A,PRT,S1,S1,B1G,_Z,_T,_Z,PC,L,G1,T0101,0.666331
2003,A,PRT,S1,S1,B1G,_Z,_T,_Z,PC,L,G1,T0101,-0.82888
2004,A,PRT,S1,S1,B1G,_Z,_T,_Z,PC,L,G1,T0101,1.656111
2005,A,PRT,S1,S1,B1G,_Z,_T,_Z,PC,L,G1,T0101,0.487469
2006,A,PRT,S1,S1,B1G,_Z,_T,_Z,PC,L,G1,T0101,1.62936
2007,A,PRT,S1,S1,B1G,_Z,_T,_Z,PC,L,G1,T0101,2.824853
2008,A,PRT,S1,S1,B1G,_Z,_T,_Z,PC,L,G1,T0101,0.644474
2009,A,PRT,S1,S1,B1G,_Z,_T,_Z,PC,L,G1,T0101,-2.60764
2010,A,PRT,S1,S1,B1G,_Z,_T,_Z,PC,L,G1,T0101,1.547112
2011,A,PRT,S1,S1,B1G,_Z,_T,_Z,PC,L,G1,T0101,-1.013651
1995,A,NLD,S1,S1,B1G,_Z,_T,_Z,PC,L,G1,T0101,2.96354
1996,A,NLD,S1,S1,B1G,_Z,_T,_Z,PC,L,G1,T0101,3.11863
1997,A,NLD,S1,S1,B1G,_Z,_T,_Z,PC,L,G1,T0101,4.379585
1998,A,NLD,S1,S1,B1G,_Z,_T,_Z,PC,L,G1,T0101,4.605896
1999,A,NLD,S1,S1,B1G,_Z,_T,_Z,PC,L,G1,T0101,4.774335
2000,A,NLD,S1,S1,B1G,_Z,_T,_Z,PC,L,G1,T0101,4.442025
2001,A,NLD,S1,S1,B1G,_Z,_T,_Z,PC,L,G1,T0101,2.355575
2002,A,NLD,S1,S1,B1G,_Z,_T,_Z,PC,L,G1,T0101,0.219293
2003,A,NLD,S1,S1,B1G,_Z,_T,_Z,PC,L,G1,T0101,0.060782
2004,A,NLD,S1,S1,B1G,_Z,_T,_Z,PC,L,G1,T0101,2.104331
2005,A,NLD,S1,S1,B1G,_Z,_T,_Z,PC,L,G1,T0101,2.06769
2006,A,NLD,S1,S1,B1G,_Z,_T,_Z,PC,L,G1,T0101,3.450342
2007,A,NLD,S1,S1,B1G,_Z,_T,_Z,PC,L,G1,T0101,3.981174
2008,A,NLD,S1,S1,B1G,_Z,_T,_Z,PC,L,G1,T0101,2.441707
2009,A,NLD,S1,S1,B1G,_Z,_T,_Z,PC,L,G1,T0101,-3.316442
2010,A,NLD,S1,S1,B1G,_Z,_T,_Z,PC,L,G1,T0101,1.488355
2011,A,NLD,S1,S1,B1G,_Z,_T,_Z,PC,L,G1,T0101,2.120878
1993,A,MEX,S1,S1,B1G,_Z,_T,_Z,PC,L,G1,T0101,4.578361
1994,A,MEX,S1,S1,B1G,_Z,_T,_Z,PC,L,G1,T0101,4.235605
1995,A,MEX,S1,S1,B1G,_Z,_T,_Z,PC,L,G1,T0101,-5.804088
1996,A,MEX,S1,S1,B1G,_Z,_T,_Z,PC,L,G1,T0101,6.318039
1997,A,MEX,S1,S1,B1G,_Z,_T,_Z,PC,L,G1,T0101,7.149728
1998,A,MEX,S1,S1,B1G,_Z,_T,_Z,PC,L,G1,T0101,6.132152
1999,A,MEX,S1,S1,B1G,_Z,_T,_Z,PC,L,G1,T0101,2.707412
2000,A,MEX,S1,S1,B1G,_Z,_T,_Z,PC,L,G1,T0101,5.130608
2001,A,MEX,S1,S1,B1G,_Z,_T,_Z,PC,L,G1,T0101,-0.79775
2002,A,MEX,S1,S1,B1G,_Z,_T,_Z,PC,L,G1,T0101,-0.33565
2003,A,MEX,S1,S1,B1G,_Z,_T,_Z,PC,L,G1,T0101,1.096867
2004,A,MEX,S1,S1,B1G,_Z,_T,_Z,PC,L,G1,T0101,3.598787
2005,A,MEX,S1,S1,B1G,_Z,_T,_Z,PC,L,G1,T0101,2.026
2006,A,MEX,S1,S1,B1G,_Z,_T,_Z,PC,L,G1,T0101,4.759687
2007,A,MEX,S1,S1,B1G,_Z,_T,_Z,PC,L,G1,T0101,2.243776
2008,A,MEX,S1,S1,B1G,_Z,_T,_Z,PC,L,G1,T0101,0.729677
2009,A,MEX,S1,S1,B1G,_Z,_T,_Z,PC,L,G1,T0101,-5.909296
2010,A,MEX,S1,S1,B1G,_Z,_T,_Z,PC,L,G1,T0101,5.314406
2011,A,MEX,S1,S1,B1G,_Z,_T,_Z,PC,L,G1,T0101,3.607202
1993,A,NOR,S1,S1,B1G,_Z,_T,_Z,PC,L,G1,T0101,2.607185
1994,A,NOR,S1,S1,B1G,_Z,_T,_Z,PC,L,G1,T0101,5.294012
1995,A,NOR,S1,S1,B1G,_Z,_T,_Z,PC,L,G1,T0101,3.894
1996,A,NOR,S1,S1,B1G,_Z,_T,_Z,PC,L,G1,T0101,4.621187
1997,A,NOR,S1,S1,B1G,_Z,_T,_Z,PC,L,G1,T0101,5.236463
1998,A,NOR,S1,S1,B1G,_Z,_T,_Z,PC,L,G1,T0101,2.343755
1999,A,NOR,S1,S1,B1G,_Z,_T,_Z,PC,L,G1,T0101,2.018342
2000,A,NOR,S1,S1,B1G,_Z,_T,_Z,PC,L,G1,T0101,3.380279
2001,A,NOR,S1,S1,B1G,_Z,_T,_Z,PC,L,G1,T0101,1.848674
2004,A,NOR,S1,S1,B1G,_Z,_T,_Z,PC,L,G1,T0101,3.78369
2005,A,NOR,S1,S1,B1G,_Z,_T,_Z,PC,L,G1,T0101,2.528498
2006,A,NOR,S1,S1,B1G,_Z,_T,_Z,PC,L,G1,T0101,2.005687
2007,A,NOR,S1,S1,B1G,_Z,_T,_Z,PC,L,G1,T0101,2.418481
2008,A,NOR,S1,S1,B1G,_Z,_T,_Z,PC,L,G1,T0101,0.700712
2009,A,NOR,S1,S1,B1G,_Z,_T,_Z,PC,L,G1,T0101,-2.106968
2010,A,NOR,S1,S1,B1G,_Z,_T,_Z,PC,L,G1,T0101,0.508338
1990,A,AUS,S1,S1,B1GXP119,_Z,_T,_Z,PC,L,G1,T0101,0.244262
1990,A,NZL,S1,S1,B1GXP119,_Z,_T,_Z,PC,L,G1,T0101,0.180216
1990,A,NOR,S1,S1,B1GXP119,_Z,_T,_Z,PC,L,G1,T0101,1.853375
1991,A,AUS,S1,S1,B1GXP119,_Z,_T,_Z,PC,L,G1,T0101,-0.200292
1991,A,NZL,S1,S1,B1GXP119,_Z,_T,_Z,PC,L,G1,T0101,-1.006063
1991,A,NOR,S1,S1,B1GXP119,_Z,_T,_Z,PC,L,G1,T0101,3.364545
1992,A,AUS,S1,S1,B1GXP119,_Z,_T,_Z,PC,L,G1,T0101,3.491244
1992,A,NZL,S1,S1,B1GXP119,_Z,_T,_Z,PC,L,G1,T0101,1.062439
1992,A,NOR,S1,S1,B1GXP119,_Z,_T,_Z,PC,L,G1,T0101,3.626819
1993,A,AUS,S1,S1,B1GXP119,_Z,_T,_Z,PC,L,G1,T0101,4.176169
1993,A,NZL,S1,S1,B1GXP119,_Z,_T,_Z,PC,L,G1,T0101,6.396096
1994,A,AUS,S1,S1,B1GXP119,_Z,_T,_Z,PC,L,G1,T0101,3.868327
1994,A,NZL,S1,S1,B1GXP119,_Z,_T,_Z,PC,L,G1,T0101,4.848257
1994,A,SWE,S1,S1,B1GXP119,_Z,_T,_Z,PC,L,G1,T0101,4.288537
1995,A,AUS,S1,S1,B1GXP119,_Z,_T,_Z,PC,L,G1,T0101,4.008316
1995,A,NZL,S1,S1,B1GXP119,_Z,_T,_Z,PC,L,G1,T0101,4.752848
1995,A,SWE,S1,S1,B1GXP119,_Z,_T,_Z,PC,L,G1,T0101,4.853943
1996,A,AUS,S1,S1,B1GXP119,_Z,_T,_Z,PC,L,G1,T0101,4.04533
1996,A,HUN,S1,S1,B1GXP119,_Z,_T,_Z,PC,L,G1,T0101,1.387455
1996,A,ISR,S1,S1,B1GXP119,_Z,_T,_Z,PC,L,G1,T0101,5.68649
1996,A,NZL,S1,S1,B1GXP119,_Z,_T,_Z,PC,L,G1,T0101,3.461723
1996,A,SWE,S1,S1,B1GXP119,_Z,_T,_Z,PC,L,G1,T0101,1.908334
1996,A,EA20,S1,S1,B1GXP119,_Z,_T,_Z,PC,L,G1,T0101,1.549786
1996,A,EU27_2020,S1,S1,B1GXP119,_Z,_T,_Z,PC,L,G1,T0101,1.685156
1997,A,AUS,S1,S1,B1GXP119,_Z,_T,_Z,PC,L,G1,T0101,4.395592
1997,A,HUN,S1,S1,B1GXP119,_Z,_T,_Z,PC,L,G1,T0101,2.853062
1997,A,ISR,S1,S1,B1GXP119,_Z,_T,_Z,PC,L,G1,T0101,4.00132
1997,A,NZL,S1,S1,B1GXP119,_Z,_T,_Z,PC,L,G1,T0101,2.11676
1997,A,SWE,S1,S1,B1GXP119,_Z,_T,_Z,PC,L,G1,T0101,3.248819
1997,A,EA20,S1,S1,B1GXP119,_Z,_T,_Z,PC,L,G1,T0101,2.668884
1997,A,EU27_2020,S1,S1,B1GXP119,_Z,_T,_Z,PC,L,G1,T0101,2.655415
1998,A,AUS,S1,S1,B1GXP119,_Z,_T,_Z,PC,L,G1,T0101,5.025187
1998,A,HUN,S1,S1,B1GXP119,_Z,_T,_Z,PC,L,G1,T0101,3.795198
1998,A,ISR,S1,S1,B1GXP119,_Z,_T,_Z,PC,L,G1,T0101,4.268056
1998,A,NZL,S1,S1,B1GXP119,_Z,_T,_Z,PC,L,G1,T0101,0.696612
1998,A,SWE,S1,S1,B1GXP119,_Z,_T,_Z,PC,L,G1,T0101,4.26329
1998,A,EA20,S1,S1,B1GXP119,_Z,_T,_Z,PC,L,G1,T0101,2.941312
1998,A,EU27_2020,S1,S1,B1GXP119,_Z,_T,_Z,PC,L,G1,T0101,2.932063
1999,A,AUS,S1,S1,B1GXP119,_Z,_T,_Z,PC,L,G1,T0101,4.002428
1999,A,HUN,S1,S1,B1GXP119,_Z,_T,_Z,PC,L,G1,T0101,2.917088
1999,A,ISR,S1,S1,B1GXP119,_Z,_T,_Z,PC,L,G1,T0101,3.258733
1999,A,NZL,S1,S1,B1GXP119,_Z,_T,_Z,PC,L,G1,T0101,5.344557
1999,A,SWE,S1,S1,B1GXP119,_Z,_T,_Z,PC,L,G1,T0101,4.27317
1999,A,TUR,S1,S1,B1GXP119,_Z,_T,_Z,PC,L,G1,T0101,-3.161697
1999,A,EA20,S1,S1,B1GXP119,_Z,_T,_Z,PC,L,G1,T0101,2.83009
1999,A,EU27_2020,S1,S1,B1GXP119,_Z,_T,_Z,PC,L,G1,T0101,2.878542
2000,A,AUS,S1,S1,B1GXP119,_Z,_T,_Z,PC,L,G1,T0101,2.404095
2000,A,HUN,S1,S1,B1GXP119,_Z,_T,_Z,PC,L,G1,T0101,4.319036
2000,A,ISR,S1,S1,B1GXP119,_Z,_T,_Z,PC,L,G1,T0101,8.429515
2000,A,NZL,S1,S1,B1GXP119,_Z,_T,_Z,PC,L,G1,T0101,3.045206
2000,A,SWE,S1,S1,B1GXP119,_Z,_T,_Z,PC,L,G1,T0101,5.303986
2000,A,TUR,S1,S1,B1GXP119,_Z,_T,_Z,PC,L,G1,T0101,6.852469
2000,A,EA20,S1,S1,B1GXP119,_Z,_T,_Z,PC,L,G1,T0101,3.955925
2000,A,EU27_2020,S1,S1,B1GXP119,_Z,_T,_Z,PC,L,G1,T0101,4.025686
2001,A,AUS,S1,S1,B1GXP119,_Z,_T,_Z,PC,L,G1,T0101,3.976854
2001,A,ISR,S1,S1,B1GXP119,_Z,_T,_Z,PC,L,G1,T0101,0.373748
2001,A,NZL,S1,S1,B1GXP119,_Z,_T,_Z,PC,L,G1,T0101,3.372553
2001,A,SWE,S1,S1,B1GXP119,_Z,_T,_Z,PC,L,G1,T0101,1.328631
2001,A,TUR,S1,S1,B1GXP119,_Z,_T,_Z,PC,L,G1,T0101,-5.806585
2001,A,EU27_2020,S1,S1,B1GXP119,_Z,_T,_Z,PC,L,G1,T0101,2.233737
2002,A,AUS,S1,S1,B1GXP119,_Z,_T,_Z,PC,L,G1,T0101,2.901578
2002,A,HUN,S1,S1,B1GXP119,_Z,_T,_Z,PC,L,G1,T0101,4.831866
2002,A,ISR,S1,S1,B1GXP119,_Z,_T,_Z,PC,L,G1,T0101,0.103694
2002,A,NZL,S1,S1,B1GXP119,_Z,_T,_Z,PC,L,G1,T0101,4.548027
2002,A,NOR,S1,S1,B1GXP119,_Z,_T,_Z,PC,L,G1,T0101,1.05291
2002,A,SWE,S1,S1,B1GXP119,_Z,_T,_Z,PC,L,G1,T0101,2.223308
2002,A,TUR,S1,S1,B1GXP119,_Z,_T,_Z,PC,L,G1,T0101,6.365037
2002,A,EU27_2020,S1,S1,B1GXP119,_Z,_T,_Z,PC,L,G1,T0101,1.10504
2002,A,HRV,S1,S1,B1GXP119,_Z,_T,_Z,PC,L,G1,T0101,5.305672
2003,A,AUS,S1,S1,B1GXP119,_Z,_T,_Z,PC,L,G1,T0101,4.280547
2003,A,HUN,S1,S1,B1GXP119,_Z,_T,_Z,PC,L,G1,T0101,4.096492
2003,A,ISR,S1,S1,B1GXP119,_Z,_T,_Z,PC,L,G1,T0101,1.927143
2003,A,NZL,S1,S1,B1GXP119,_Z,_T,_Z,PC,L,G1,T0101,4.509341
2003,A,NOR,S1,S1,B1GXP119,_Z,_T,_Z,PC,L,G1,T0101,0.87271
2003,A,SWE,S1,S1,B1GXP119,_Z,_T,_Z,PC,L,G1,T0101,1.935659
2003,A,TUR,S1,S1,B1GXP119,_Z,_T,_Z,PC,L,G1,T0101,5.579062
2003,A,EU27_2020,S1,S1,B1GXP119,_Z,_T,_Z,PC,L,G1,T0101,0.831801
2004,A,AUS,S1,S1,B1GXP119,_Z,_T,_Z,PC,L,G1,T0101,3.259716
2004,A,HUN,S1,S1,B1GXP119,_Z,_T,_Z,PC,L,G1,T0101,4.942756
2004,A,ISR,S1,S1,B1GXP119,_Z,_T,_Z,PC,L,G1,T0101,4.711273
2004,A,NZL,S1,S1,B1GXP119,_Z,_T,_Z,PC,L,G1,T0101,4.017052
2004,A,SWE,S1,S1,B1GXP119,_Z,_T,_Z,PC,L,G1,T0101,4.507776
2004,A,TUR,S1,S1,B1GXP119,_Z,_T,_Z,PC,L,G1,T0101,9.74598
2004,A,EA20,S1,S1,B1GXP119,_Z,_T,_Z,PC,L,G1,T0101,2.447833
2004,A,EU27_2020,S1,S1,B1GXP119,_Z,_T,_Z,PC,L,G1,T0101,2.66982
2005,A,AUS,S1,S1,B1GXP119,_Z,_T,_Z,PC,L,G1,T0101,2.786904
2005,A,HUN,S1,S1,B1GXP119,_Z,_T,_Z,PC,L,G1,T0101,4.228355
2005,A,ISR,S1,S1,B1GXP119,_Z,_T,_Z,PC,L,G1,T0101,4.452885
2005,A,NZL,S1,S1,B1GXP119,_Z,_T,_Z,PC,L,G1,T0101,3.356075
2005,A,SWE,S1,S1,B1GXP119,_Z,_T,_Z,PC,L,G1,T0101,2.631259
2005,A,TUR,S1,S1,B1GXP119,_Z,_T,_Z,PC,L,G1,T0101,8.657102
2005,A,EU27_2020,S1,S1,B1GXP119,_Z,_T,_Z,PC,L,G1,T0101,1.839406
2006,A,AUS,S1,S1,B1GXP119,_Z,_T,_Z,PC,L,G1,T0101,3.829916
2006,A,ISR,S1,S1,B1GXP119,_Z,_T,_Z,PC,L,G1,T0101,5.921043
2006,A,NZL,S1,S1,B1GXP119,_Z,_T,_Z,PC,L,G1,T0101,2.722269
2006,A,SWE,S1,S1,B1GXP119,_Z,_T,_Z,PC,L,G1,T0101,4.885021
2006,A,TUR,S1,S1,B1GXP119,_Z,_T,_Z,PC,L,G1,T0101,6.900095
2006,A,EU27_2020,S1,S1,B1GXP119,_Z,_T,_Z,PC,L,G1,T0101,3.566173
2007,A,AUS,S1,S1,B1GXP119,_Z,_T,_Z,PC,L,G1,T0101,3.773445
2007,A,ISR,S1,S1,B1GXP119,_Z,_T,_Z,PC,L,G1,T0101,5.776413
2007,A,NZL,S1,S1,B1GXP119,_Z,_T,_Z,PC,L,G1,T0101,2.99319
2007,A,SWE,S1,S1,B1GXP119,_Z,_T,_Z,PC,L,G1,T0101,3.210615
2007,A,EU27_2020,S1,S1,B1GXP119,_Z,_T,_Z,PC,L,G1,T0101,3.332797
2008,A,AUS,S1,S1,B1GXP119,_Z,_T,_Z,PC,L,G1,T0101,2.153124
2008,A,HUN,S1,S1,B1GXP119,_Z,_T,_Z,PC,L,G1,T0101,0.823225
2008,A,ISR,S1,S1,B1GXP119,_Z,_T,_Z,PC,L,G1,T0101,2.813752
2008,A,NZL,S1,S1,B1GXP119,_Z,_T,_Z,PC,L,G1,T0101,-0.842337
2008,A,SWE,S1,S1,B1GXP119,_Z,_T,_Z,PC,L,G1,T0101,-0.958026
2008,A,TUR,S1,S1,B1GXP119,_Z,_T,_Z,PC,L,G1,T0101,0.979218
2008,A,EU27_2020,S1,S1,B1GXP119,_Z,_T,_Z,PC,L,G1,T0101,0.855687
2009,A,AUS,S1,S1,B1GXP119,_Z,_T,_Z,PC,L,G1,T0101,2.380538
2009,A,HUN,S1,S1,B1GXP119,_Z,_T,_Z,PC,L,G1,T0101,-6.815571
2009,A,ISR,S1,S1,B1GXP119,_Z,_T,_Z,PC,L,G1,T0101,1.371626
2009,A,NZL,S1,S1,B1GXP119,_Z,_T,_Z,PC,L,G1,T0101,-0.061983
2009,A,SWE,S1,S1,B1GXP119,_Z,_T,_Z,PC,L,G1,T0101,-4.572062
2009,A,TUR,S1,S1,B1GXP119,_Z,_T,_Z,PC,L,G1,T0101,-4.397922
2009,A,EU27_2020,S1,S1,B1GXP119,_Z,_T,_Z,PC,L,G1,T0101,-4.284924
2010,A,AUS,S1,S1,B1GXP119,_Z,_T,_Z,PC,L,G1,T0101,2.448711
2010,A,HUN,S1,S1,B1GXP119,_Z,_T,_Z,PC,L,G1,T0101,1.285048
2010,A,ISR,S1,S1,B1GXP119,_Z,_T,_Z,PC,L,G1,T0101,5.195158
2010,A,NZL,S1,S1,B1GXP119,_Z,_T,_Z,PC,L,G1,T0101,1.449741
2010,A,SWE,S1,S1,B1GXP119,_Z,_T,_Z,PC,L,G1,T0101,5.916799
2010,A,TUR,S1,S1,B1GXP119,_Z,_T,_Z,PC,L,G1,T0101,7.129946
2010,A,EA20,S1,S1,B1GXP119,_Z,_T,_Z,PC,L,G1,T0101,2.166271
2010,A,EU27_2020,S1,S1,B1GXP119,_Z,_T,_Z,PC,L,G1,T0101,2.209041
2011,A,AUS,S1,S1,B1GXP119,_Z,_T,_Z,PC,L,G1,T0101,4.076891
2011,A,HUN,S1,S1,B1GXP119,_Z,_T,_Z,PC,L,G1,T0101,2.011905
2011,A,ISR,S1,S1,B1GXP119,_Z,_T,_Z,PC,L,G1,T0101,5.540102
2011,A,NZL,S1,S1,B1GXP119,_Z,_T,_Z,PC,L,G1,T0101,2.187749
2011,A,NOR,S1,S1,B1GXP119,_Z,_T,_Z,PC,L,G1,T0101,0.837027
2011,A,SWE,S1,S1,B1GXP119,_Z,_T,_Z,PC,L,G1,T0101,3.641179
2011,A,TUR,S1,S1,B1GXP119,_Z,_T,_Z,PC,L,G1,T0101,11.346803
1990,A,NOR,S1,S1,B1G,_Z,_T,_Z,PC,L,G1,T0101,1.853375
1991,A,NOR,S1,S1,B1G,_Z,_T,_Z,PC,L,G1,T0101,3.364545
1992,A,NOR,S1,S1,B1G,_Z,_T,_Z,PC,L,G1,T0101,3.626819
2000,A,EU27_2020,S1,S1,B1G,_Z,_T,_Z,PC,L,G1,T0101,4.025686
2002,A,NOR,S1,S1,B1G,_Z,_T,_Z,PC,L,G1,T0101,1.05291
2002,A,HRV,S1,S1,B1G,_Z,_T,_Z,PC,L,G1,T0101,5.305672
2003,A,NOR,S1,S1,B1G,_Z,_T,_Z,PC,L,G1,T0101,0.87271
2011,A,NOR,S1,S1,B1G,_Z,_T,_Z,PC,L,G1,T0101,0.837027
1996,A,EA20,S1,S1,B1G,_Z,_T,_Z,PC,L,G1,T0101,1.549786
1997,A,EA20,S1,S1,B1G,_Z,_T,_Z,PC,L,G1,T0101,2.668884
1998,A,EA20,S1,S1,B1G,_Z,_T,_Z,PC,L,G1,T0101,2.941312
1999,A,EA20,S1,S1,B1G,_Z,_T,_Z,PC,L,G1,T0101,2.83009
2004,A,EA20,S1,S1,B1G,_Z,_T,_Z,PC,L,G1,T0101,2.447833
2010,A,EA20,S1,S1,B1G,_Z,_T,_Z,PC,L,G1,T0101,2.166271
1990,A,NZL,S1,S1,B1G,_Z,_T,_Z,PC,L,G1,T0101,0.180216
1991,A,NZL,S1,S1,B1G,_Z,_T,_Z,PC,L,G1,T0101,-1.006063
1992,A,NZL,S1,S1,B1G,_Z,_T,_Z,PC,L,G1,T0101,1.062439
1993,A,NZL,S1,S1,B1G,_Z,_T,_Z,PC,L,G1,T0101,6.396096
1994,A,NZL,S1,S1,B1G,_Z,_T,_Z,PC,L,G1,T0101,4.848257
1995,A,NZL,S1,S1,B1G,_Z,_T,_Z,PC,L,G1,T0101,4.752848
1996,A,NZL,S1,S1,B1G,_Z,_T,_Z,PC,L,G1,T0101,3.461723
1997,A,NZL,S1,S1,B1G,_Z,_T,_Z,PC,L,G1,T0101,2.11676
1998,A,NZL,S1,S1,B1G,_Z,_T,_Z,PC,L,G1,T0101,0.696612
1999,A,NZL,S1,S1,B1G,_Z,_T,_Z,PC,L,G1,T0101,5.344557
2000,A,NZL,S1,S1,B1G,_Z,_T,_Z,PC,L,G1,T0101,3.045206
2001,A,NZL,S1,S1,B1G,_Z,_T,_Z,PC,L,G1,T0101,3.372553
2002,A,NZL,S1,S1,B1G,_Z,_T,_Z,PC,L,G1,T0101,4.548027
2003,A,NZL,S1,S1,B1G,_Z,_T,_Z,PC,L,G1,T0101,4.509341
2004,A,NZL,S1,S1,B1G,_Z,_T,_Z,PC,L,G1,T0101,4.017052
2005,A,NZL,S1,S1,B1G,_Z,_T,_Z,PC,L,G1,T0101,3.356075
2006,A,NZL,S1,S1,B1G,_Z,_T,_Z,PC,L,G1,T0101,2.722269
2007,A,NZL,S1,S1,B1G,_Z,_T,_Z,PC,L,G1,T0101,2.99319
2008,A,NZL,S1,S1,B1G,_Z,_T,_Z,PC,L,G1,T0101,-0.842337
2009,A,NZL,S1,S1,B1G,_Z,_T,_Z,PC,L,G1,T0101,-0.061983
2010,A,NZL,S1,S1,B1G,_Z,_T,_Z,PC,L,G1,T0101,1.449741
2011,A,NZL,S1,S1,B1G,_Z,_T,_Z,PC,L,G1,T0101,2.187749
1996,A,HUN,S1,S1,B1G,_Z,_T,_Z,PC,L,G1,T0101,1.387455
1997,A,HUN,S1,S1,B1G,_Z,_T,_Z,PC,L,G1,T0101,2.853062
1998,A,HUN,S1,S1,B1G,_Z,_T,_Z,PC,L,G1,T0101,3.795198
1999,A,HUN,S1,S1,B1G,_Z,_T,_Z,PC,L,G1,T0101,2.917088
2000,A,HUN,S1,S1,B1G,_Z,_T,_Z,PC,L,G1,T0101,4.319036
2002,A,HUN,S1,S1,B1G,_Z,_T,_Z,PC,L,G1,T0101,4.831866
2003,A,HUN,S1,S1,B1G,_Z,_T,_Z,PC,L,G1,T0101,4.096492
2004,A,HUN,S1,S1,B1G,_Z,_T,_Z,PC,L,G1,T0101,4.942756
2005,A,HUN,S1,S1,B1G,_Z,_T,_Z,PC,L,G1,T0101,4.228355
2008,A,HUN,S1,S1,B1G,_Z,_T,_Z,PC,L,G1,T0101,0.823225
2009,A,HUN,S1,S1,B1G,_Z,_T,_Z,PC,L,G1,T0101,-6.815571
2010,A,HUN,S1,S1,B1G,_Z,_T,_Z,PC,L,G1,T0101,1.285048
2011,A,HUN,S1,S1,B1G,_Z,_T,_Z,PC,L,G1,T0101,2.011905
1996,A,EU27_2020,S1,S1,B1G,_Z,_T,_Z,PC,L,G1,T0101,1.685156
1997,A,EU27_2020,S1,S1,B1G,_Z,_T,_Z,PC,L,G1,T0101,2.655415
1998,A,EU27_2020,S1,S1,B1G,_Z,_T,_Z,PC,L,G1,T0101,2.932063
1999,A,EU27_2020,S1,S1,B1G,_Z,_T,_Z,PC,L,G1,T0101,2.878542
2001,A,EU27_2020,S1,S1,B1G,_Z,_T,_Z,PC,L,G1,T0101,2.233737
2002,A,EU27_2020,S1,S1,B1G,_Z,_T,_Z,PC,L,G1,T0101,1.10504
2003,A,EU27_2020,S1,S1,B1G,_Z,_T,_Z,PC,L,G1,T0101,0.831801
2004,A,EU27_2020,S1,S1,B1G,_Z,_T,_Z,PC,L,G1,T0101,2.66982
2005,A,EU27_2020,S1,S1,B1G,_Z,_T,_Z,PC,L,G1,T0101,1.839406
2006,A,EU27_2020,S1,S1,B1G,_Z,_T,_Z,PC,L,G1,T0101,3.566173
2007,A,EU27_2020,S1,S1,B1G,_Z,_T,_Z,PC,L,G1,T0101,3.332797
2008,A,EU27_2020,S1,S1,B1G,_Z,_T,_Z,PC,L,G1,T0101,0.855687
2009,A,EU27_2020,S1,S1,B1G,_Z,_T,_Z,PC,L,G1,T0101,-4.284924
2010,A,EU27_2020,S1,S1,B1G,_Z,_T,_Z,PC,L,G1,T0101,2.209041
2011,A,EU27_2020,S1,S1,B1G,_Z,_T,_Z,PC,L,G1,T0101,2.054672
2000,A,EA20,S1,S1,B1G,_Z,_T,_Z,PC,L,G1,T0101,3.955925
1994,A,SWE,S1,S1,B1G,_Z,_T,_Z,PC,L,G1,T0101,4.288537
1995,A,SWE,S1,S1,B1G,_Z,_T,_Z,PC,L,G1,T0101,4.853943
1996,A,SWE,S1,S1,B1G,_Z,_T,_Z,PC,L,G1,T0101,1.908334
1997,A,SWE,S1,S1,B1G,_Z,_T,_Z,PC,L,G1,T0101,3.248819
1998,A,SWE,S1,S1,B1G,_Z,_T,_Z,PC,L,G1,T0101,4.26329
1999,A,SWE,S1,S1,B1G,_Z,_T,_Z,PC,L,G1,T0101,4.27317
2000,A,SWE,S1,S1,B1G,_Z,_T,_Z,PC,L,G1,T0101,5.303986
2001,A,SWE,S1,S1,B1G,_Z,_T,_Z,PC,L,G1,T0101,1.328631
2002,A,SWE,S1,S1,B1G,_Z,_T,_Z,PC,L,G1,T0101,2.223308
2003,A,SWE,S1,S1,B1G,_Z,_T,_Z,PC,L,G1,T0101,1.935659
2004,A,SWE,S1,S1,B1G,_Z,_T,_Z,PC,L,G1,T0101,4.507776
2005,A,SWE,S1,S1,B1G,_Z,_T,_Z,PC,L,G1,T0101,2.631259
2006,A,SWE,S1,S1,B1G,_Z,_T,_Z,PC,L,G1,T0101,4.885021
2007,A,SWE,S1,S1,B1G,_Z,_T,_Z,PC,L,G1,T0101,3.210615
2008,A,SWE,S1,S1,B1G,_Z,_T,_Z,PC,L,G1,T0101,-0.958026
2009,A,SWE,S1,S1,B1G,_Z,_T,_Z,PC,L,G1,T0101,-4.572062
2010,A,SWE,S1,S1,B1G,_Z,_T,_Z,PC,L,G1,T0101,5.916799
2011,A,SWE,S1,S1,B1G,_Z,_T,_Z,PC,L,G1,T0101,3.641179
1996,A,ISR,S1,S1,B1G,_Z,_T,_Z,PC,L,G1,T0101,5.68649
1997,A,ISR,S1,S1,B1G,_Z,_T,_Z,PC,L,G1,T0101,4.00132
1998,A,ISR,S1,S1,B1G,_Z,_T,_Z,PC,L,G1,T0101,4.268056
1999,A,ISR,S1,S1,B1G,_Z,_T,_Z,PC,L,G1,T0101,3.258733
2000,A,ISR,S1,S1,B1G,_Z,_T,_Z,PC,L,G1,T0101,8.429515
2001,A,ISR,S1,S1,B1G,_Z,_T,_Z,PC,L,G1,T0101,0.373748
2002,A,ISR,S1,S1,B1G,_Z,_T,_Z,PC,L,G1,T0101,0.103694
2003,A,ISR,S1,S1,B1G,_Z,_T,_Z,PC,L,G1,T0101,1.927143
2004,A,ISR,S1,S1,B1G,_Z,_T,_Z,PC,L,G1,T0101,4.711273
2005,A,ISR,S1,S1,B1G,_Z,_T,_Z,PC,L,G1,T0101,4.452885
2006,A,ISR,S1,S1,B1G,_Z,_T,_Z,PC,L,G1,T0101,5.921043
2007,A,ISR,S1,S1,B1G,_Z,_T,_Z,PC,L,G1,T0101,5.776413
2008,A,ISR,S1,S1,B1G,_Z,_T,_Z,PC,L,G1,T0101,2.813752
2009,A,ISR,S1,S1,B1G,_Z,_T,_Z,PC,L,G1,T0101,1.371626
2010,A,ISR,S1,S1,B1G,_Z,_T,_Z,PC,L,G1,T0101,5.195158
2011,A,ISR,S1,S1,B1G,_Z,_T,_Z,PC,L,G1,T0101,5.540102
1999,A,TUR,S1,S1,B1G,_Z,_T,_Z,PC,L,G1,T0101,-3.161697
2000,A,TUR,S1,S1,B1G,_Z,_T,_Z,PC,L,G1,T0101,6.852469
2001,A,TUR,S1,S1,B1G,_Z,_T,_Z,PC,L,G1,T0101,-5.806585
2002,A,TUR,S1,S1,B1G,_Z,_T,_Z,PC,L,G1,T0101,6.365037
2003,A,TUR,S1,S1,B1G,_Z,_T,_Z,PC,L,G1,T0101,5.579062
2004,A,TUR,S1,S1,B1G,_Z,_T,_Z,PC,L,G1,T0101,9.74598
2005,A,TUR,S1,S1,B1G,_Z,_T,_Z,PC,L,G1,T0101,8.657102
2006,A,TUR,S1,S1,B1G,_Z,_T,_Z,PC,L,G1,T0101,6.900095
2008,A,TUR,S1,S1,B1G,_Z,_T,_Z,PC,L,G1,T0101,0.979218
2009,A,TUR,S1,S1,B1G,_Z,_T,_Z,PC,L,G1,T0101,-4.397922
2010,A,TUR,S1,S1,B1G,_Z,_T,_Z,PC,L,G1,T0101,7.129946
2011,A,TUR,S1,S1,B1G,_Z,_T,_Z,PC,L,G1,T0101,11.346803
1990,A,AUS,S1,S1,B1G,_Z,_T,_Z,PC,L,G1,T0101,0.244262
1991,A,AUS,S1,S1,B1G,_Z,_T,_Z,PC,L,G1,T0101,-0.200292
1992,A,AUS,S1,S1,B1G,_Z,_T,_Z,PC,L,G1,T0101,3.491244
1993,A,AUS,S1,S1,B1G,_Z,_T,_Z,PC,L,G1,T0101,4.176169
1994,A,AUS,S1,S1,B1G,_Z,_T,_Z,PC,L,G1,T0101,3.868327
1995,A,AUS,S1,S1,B1G,_Z,_T,_Z,PC,L,G1,T0101,4.008316
1996,A,AUS,S1,S1,B1G,_Z,_T,_Z,PC,L,G1,T0101,4.04533
1997,A,AUS,S1,S1,B1G,_Z,_T,_Z,PC,L,G1,T0101,4.395592
1998,A,AUS,S1,S1,B1G,_Z,_T,_Z,PC,L,G1,T0101,5.025187
1999,A,AUS,S1,S1,B1G,_Z,_T,_Z,PC,L,G1,T0101,4.002428
2000,A,AUS,S1,S1,B1G,_Z,_T,_Z,PC,L,G1,T0101,2.404095
2001,A,AUS,S1,S1,B1G,_Z,_T,_Z,PC,L,G1,T0101,3.976854
2002,A,AUS,S1,S1,B1G,_Z,_T,_Z,PC,L,G1,T0101,2.901578
2003,A,AUS,S1,S1,B1G,_Z,_T,_Z,PC,L,G1,T0101,4.280547
2004,A,AUS,S1,S1,B1G,_Z,_T,_Z,PC,L,G1,T0101,3.259716
2005,A,AUS,S1,S1,B1G,_Z,_T,_Z,PC,L,G1,T0101,2.786904
2006,A,AUS,S1,S1,B1G,_Z,_T,_Z,PC,L,G1,T0101,3.829916
2007,A,AUS,S1,S1,B1G,_Z,_T,_Z,PC,L,G1,T0101,3.773445
2008,A,AUS,S1,S1,B1G,_Z,_T,_Z,PC,L,G1,T0101,2.153124
2009,A,AUS,S1,S1,B1G,_Z,_T,_Z,PC,L,G1,T0101,2.380538
2010,A,AUS,S1,S1,B1G,_Z,_T,_Z,PC,L,G1,T0101,2.448711
2011,A,AUS,S1,S1,B1G,_Z,_T,_Z,PC,L,G1,T0101,4.076891
