TIME_PERIOD,FREQ,REF_AREA,SECTOR,COUNTERPART_SECTOR,TRANSACTION,INSTR_ASSET,ACTIVITY,EXPENDITURE,UNIT_MEASURE,PRICE_BASE,TRANSFORMATION,TABLE_IDENTIFIER,value
2010,A,NZL,S1,S1,POP,_Z,_Z,_Z,PS,_Z,N,T0110,4362.8
2010,A,ISR,S1,S1,POP,_Z,_Z,_Z,PS,_Z,N,T0110,7761.05
2010,A,FRA,S1,S1,POP,_Z,_Z,_Z,PS,_Z,N,T0110,64748.0
2010,A,BEL,S1,S1,POP,_Z,_Z,_Z,PS,_Z,N,T0110,10895.6
1990,A,FIN,S1,S1,POP,_Z,_Z,_Z,PS,_Z,N,T0110,4986.4
1990,A,DNK,S1,S1,POP,_Z,_Z,_Z,PS,_Z,N,T0110,5140.29
1990,A,CRI,S1,S1,POP,_Z,_Z,_Z,PS,_Z,N,T0110,3029.093
1990,A,CHL,S1,S1,POP,_Z,_Z,_Z,PS,_Z,N,T0110,13178.782
1990,A,CAN,S1,S1,POP,_Z,_Z,_Z,PS,_Z,N,T0110,27691.138
1990,A,AUS,S1,S1,POP,_Z,_Z,_Z,PS,_Z,N,T0110,17065.1
1990,A,ZAF,S1,S1,POP,_Z,_Z,_Z,PS,_Z,N,T0110,36146.1228
1990,A,SGP,S1,S1,POP,_Z,_Z,_Z,PS,_Z,N,T0110,3047.0
1990,A,RUS,S1,S1,POP,_Z,_Z,_Z,PS,_Z,N,T0110,147969.41
1990,A,IDN,S1,S1,POP,_Z,_Z,_Z,PS,_Z,N,T0110,177325.69
1990,A,CHN,S1,S1,POP,_Z,_Z,_Z,PS,_Z,N,T0110,1143330.0
1990,A,USA,S1,S1,POP,_Z,_Z,_Z,PS,_Z,N,T0110,250181.0
1990,A,TUR,S1,S1,POP,_Z,_Z,_Z,PS,_Z,N,T0110,55120.0
1990,A,CHE,S1,S1,POP,_Z,_Z,_Z,PS,_Z,N,T0110,6796.279
1990,A,ESP,S1,S1,POP,_Z,_Z,_Z,PS,_Z,N,T0110,39342.191817
1990,A,NOR,S1,S1,POP,_Z,_Z,_Z,PS,_Z,N,T0110,4241.0
1990,A,NZL,S1,S1,POP,_Z,_Z,_Z,PS,_Z,N,T0110,3373.0
1990,A,KOR,S1,S1,POP,_Z,_Z,_Z,PS,_Z,N,T0110,42869.0
1990,A,JPN,S1,S1,POP,_Z,_Z,_Z,PS,_Z,N,T0110,123611.0
1990,A,ITA,S1,S1,POP,_Z,_Z,_Z,PS,_Z,N,T0110,56719.2
1990,A,IRL,S1,S1,POP,_Z,_Z,_Z,PS,_Z,N,T0110,3506.0
1990,A,ISL,S1,S1,POP,_Z,_Z,_Z,PS,_Z,N,T0110,254.788
1990,A,DEU,S1,S1,POP,_Z,_Z,_Z,PS,_Z,N,T0110,79364.0
1992,A,PRT,S1,S1,POP,_Z,_Z,_Z,PS,_Z,N,T0110,9962.7
1992,A,NOR,S1,S1,POP,_Z,_Z,_Z,PS,_Z,N,T0110,4286.0
1992,A,KOR,S1,S1,POP,_Z,_Z,_Z,PS,_Z,N,T0110,43748.0
1992,A,JPN,S1,S1,POP,_Z,_Z,_Z,PS,_Z,N,T0110,124567.0
1992,A,ITA,S1,S1,POP,_Z,_Z,_Z,PS,_Z,N,T0110,56797.1
1992,A,IRL,S1,S1,POP,_Z,_Z,_Z,PS,_Z,N,T0110,3555.0
1992,A,ISL,S1,S1,POP,_Z,_Z,_Z,PS,_Z,N,T0110,261.1
1992,A,DEU,S1,S1,POP,_Z,_Z,_Z,PS,_Z,N,T0110,80500.0
1992,A,FIN,S1,S1,POP,_Z,_Z,_Z,PS,_Z,N,T0110,5042.0
1992,A,DNK,S1,S1,POP,_Z,_Z,_Z,PS,_Z,N,T0110,5171.046
1992,A,CRI,S1,S1,POP,_Z,_Z,_Z,PS,_Z,N,T0110,3168.612
1992,A,CHL,S1,S1,POP,_Z,_Z,_Z,PS,_Z,N,T0110,13665.241
1992,A,CAN,S1,S1,POP,_Z,_Z,_Z,PS,_Z,N,T0110,28371.264
1992,A,AUS,S1,S1,POP,_Z,_Z,_Z,PS,_Z,N,T0110,17478.6
1991,A,DEU_F,S1,S1,POP,_Z,_Z,_Z,PS,_Z,N,T0110,64074.0
1991,A,ZAF,S1,S1,POP,_Z,_Z,_Z,PS,_Z,N,T0110,36939.7789
1991,A,SGP,S1,S1,POP,_Z,_Z,_Z,PS,_Z,N,T0110,3135.0
1991,A,RUS,S1,S1,POP,_Z,_Z,_Z,PS,_Z,N,T0110,148394.22
1991,A,IDN,S1,S1,POP,_Z,_Z,_Z,PS,_Z,N,T0110,179803.796
1991,A,CHN,S1,S1,POP,_Z,_Z,_Z,PS,_Z,N,T0110,1158230.0
1991,A,USA,S1,S1,POP,_Z,_Z,_Z,PS,_Z,N,T0110,253530.0
1991,A,TUR,S1,S1,POP,_Z,_Z,_Z,PS,_Z,N,T0110,56055.0
1991,A,CHE,S1,S1,POP,_Z,_Z,_Z,PS,_Z,N,T0110,6880.088
1991,A,ESP,S1,S1,POP,_Z,_Z,_Z,PS,_Z,N,T0110,39411.962917
1991,A,NOR,S1,S1,POP,_Z,_Z,_Z,PS,_Z,N,T0110,4262.0
1991,A,KOR,S1,S1,POP,_Z,_Z,_Z,PS,_Z,N,T0110,43296.0
1991,A,JPN,S1,S1,POP,_Z,_Z,_Z,PS,_Z,N,T0110,124101.0
1991,A,ITA,S1,S1,POP,_Z,_Z,_Z,PS,_Z,N,T0110,56775.5
1991,A,IRL,S1,S1,POP,_Z,_Z,_Z,PS,_Z,N,T0110,3526.0
1991,A,ISL,S1,S1,POP,_Z,_Z,_Z,PS,_Z,N,T0110,258.0
1991,A,DEU,S1,S1,POP,_Z,_Z,_Z,PS,_Z,N,T0110,79973.0
1991,A,FRA,S1,S1,POP,_Z,_Z,_Z,PS,_Z,N,T0110,58459.0
1991,A,FIN,S1,S1,POP,_Z,_Z,_Z,PS,_Z,N,T0110,5013.7
1991,A,DNK,S1,S1,POP,_Z,_Z,_Z,PS,_Z,N,T0110,5154.09
1991,A,CRI,S1,S1,POP,_Z,_Z,_Z,PS,_Z,N,T0110,3099.339
1991,A,CHL,S1,S1,POP,_Z,_Z,_Z,PS,_Z,N,T0110,13422.01
1991,A,CAN,S1,S1,POP,_Z,_Z,_Z,PS,_Z,N,T0110,28037.42
1991,A,AUS,S1,S1,POP,_Z,_Z,_Z,PS,_Z,N,T0110,17284.0
1990,A,DEU_F,S1,S1,POP,_Z,_Z,_Z,PS,_Z,N,T0110,63254.0
1995,A,SVN,S1,S1,POP,_Z,_Z,_Z,PS,_Z,N,T0110,1988.689
1995,A,SVK,S1,S1,POP,_Z,_Z,_Z,PS,_Z,N,T0110,5363.357
1995,A,PRT,S1,S1,POP,_Z,_Z,_Z,PS,_Z,N,T0110,10026.176
1995,A,POL,S1,S1,POP,_Z,_Z,_Z,PS,_Z,N,T0110,38275.0
1995,A,NOR,S1,S1,POP,_Z,_Z,_Z,PS,_Z,N,T0110,4359.0
1995,A,NLD,S1,S1,POP,_Z,_Z,_Z,PS,_Z,N,T0110,15459.0
1995,A,LUX,S1,S1,POP,_Z,_Z,_Z,PS,_Z,N,T0110,409.512
1995,A,LTU,S1,S1,POP,_Z,_Z,_Z,PS,_Z,N,T0110,3629.1
1995,A,LVA,S1,S1,POP,_Z,_Z,_Z,PS,_Z,N,T0110,2484.538
1995,A,KOR,S1,S1,POP,_Z,_Z,_Z,PS,_Z,N,T0110,45093.0
1995,A,JPN,S1,S1,POP,_Z,_Z,_Z,PS,_Z,N,T0110,125436.0
1995,A,ITA,S1,S1,POP,_Z,_Z,_Z,PS,_Z,N,T0110,56844.3
1995,A,ISL,S1,S1,POP,_Z,_Z,_Z,PS,_Z,N,T0110,267.4
1995,A,HUN,S1,S1,POP,_Z,_Z,_Z,PS,_Z,N,T0110,10328.965
1995,A,GRC,S1,S1,POP,_Z,_Z,_Z,PS,_Z,N,T0110,10562.164
1995,A,DEU,S1,S1,POP,_Z,_Z,_Z,PS,_Z,N,T0110,81308.0
1995,A,FIN,S1,S1,POP,_Z,_Z,_Z,PS,_Z,N,T0110,5107.8
1995,A,EST,S1,S1,POP,_Z,_Z,_Z,PS,_Z,N,T0110,1448.1
1995,A,DNK,S1,S1,POP,_Z,_Z,_Z,PS,_Z,N,T0110,5230.345
1995,A,CZE,S1,S1,POP,_Z,_Z,_Z,PS,_Z,N,T0110,10330.759
1995,A,CRI,S1,S1,POP,_Z,_Z,_Z,PS,_Z,N,T0110,3430.694
1995,A,CHL,S1,S1,POP,_Z,_Z,_Z,PS,_Z,N,T0110,14394.94
1995,A,CAN,S1,S1,POP,_Z,_Z,_Z,PS,_Z,N,T0110,29302.311
1995,A,AUT,S1,S1,POP,_Z,_Z,_Z,PS,_Z,N,T0110,7948.278
1994,A,ZAF,S1,S1,POP,_Z,_Z,_Z,PS,_Z,N,T0110,39382.4028
1994,A,SGP,S1,S1,POP,_Z,_Z,_Z,PS,_Z,N,T0110,3419.0
1994,A,RUS,S1,S1,POP,_Z,_Z,_Z,PS,_Z,N,T0110,148407.9
1994,A,IDN,S1,S1,POP,_Z,_Z,_Z,PS,_Z,N,T0110,187447.845
1994,A,CHN,S1,S1,POP,_Z,_Z,_Z,PS,_Z,N,T0110,1198500.0
1994,A,CMR,S1,S1,POP,_Z,_Z,_Z,PS,_Z,N,T0110,13231.0
1994,A,USA,S1,S1,POP,_Z,_Z,_Z,PS,_Z,N,T0110,263455.0
1994,A,TUR,S1,S1,POP,_Z,_Z,_Z,PS,_Z,N,T0110,58837.0
1994,A,CHE,S1,S1,POP,_Z,_Z,_Z,PS,_Z,N,T0110,7036.852
1994,A,SWE,S1,S1,POP,_Z,_Z,_Z,PS,_Z,N,T0110,8785.25
1994,A,ESP,S1,S1,POP,_Z,_Z,_Z,PS,_Z,N,T0110,39661.478144
1994,A,PRT,S1,S1,POP,_Z,_Z,_Z,PS,_Z,N,T0110,9997.8
1994,A,NOR,S1,S1,POP,_Z,_Z,_Z,PS,_Z,N,T0110,4337.0
1994,A,KOR,S1,S1,POP,_Z,_Z,_Z,PS,_Z,N,T0110,44642.0
1994,A,JPN,S1,S1,POP,_Z,_Z,_Z,PS,_Z,N,T0110,125116.0
1994,A,ITA,S1,S1,POP,_Z,_Z,_Z,PS,_Z,N,T0110,56843.4
1994,A,IRL,S1,S1,POP,_Z,_Z,_Z,PS,_Z,N,T0110,3586.0
1994,A,ISL,S1,S1,POP,_Z,_Z,_Z,PS,_Z,N,T0110,266.0
1994,A,DEU,S1,S1,POP,_Z,_Z,_Z,PS,_Z,N,T0110,81147.0
1994,A,FIN,S1,S1,POP,_Z,_Z,_Z,PS,_Z,N,T0110,5088.3
1994,A,DNK,S1,S1,POP,_Z,_Z,_Z,PS,_Z,N,T0110,5205.613
1994,A,CRI,S1,S1,POP,_Z,_Z,_Z,PS,_Z,N,T0110,3333.719
1994,A,CHL,S1,S1,POP,_Z,_Z,_Z,PS,_Z,N,T0110,14151.708
1994,A,CAN,S1,S1,POP,_Z,_Z,_Z,PS,_Z,N,T0110,29000.663
1994,A,AUS,S1,S1,POP,_Z,_Z,_Z,PS,_Z,N,T0110,17805.5
1993,A,ZAF,S1,S1,POP,_Z,_Z,_Z,PS,_Z,N,T0110,38560.9994
1993,A,SGP,S1,S1,POP,_Z,_Z,_Z,PS,_Z,N,T0110,3313.0
1993,A,RUS,S1,S1,POP,_Z,_Z,_Z,PS,_Z,N,T0110,148458.78
1993,A,IDN,S1,S1,POP,_Z,_Z,_Z,PS,_Z,N,T0110,184864.386
1993,A,CHN,S1,S1,POP,_Z,_Z,_Z,PS,_Z,N,T0110,1185170.0
1993,A,CMR,S1,S1,POP,_Z,_Z,_Z,PS,_Z,N,T0110,12864.0
1993,A,USA,S1,S1,POP,_Z,_Z,_Z,PS,_Z,N,T0110,260282.0
1993,A,TUR,S1,S1,POP,_Z,_Z,_Z,PS,_Z,N,T0110,57913.0
1993,A,CHE,S1,S1,POP,_Z,_Z,_Z,PS,_Z,N,T0110,6988.858
1993,A,SWE,S1,S1,POP,_Z,_Z,_Z,PS,_Z,N,T0110,8714.5
1993,A,ESP,S1,S1,POP,_Z,_Z,_Z,PS,_Z,N,T0110,39590.491872
1993,A,PRT,S1,S1,POP,_Z,_Z,_Z,PS,_Z,N,T0110,9973.8
1993,A,NOR,S1,S1,POP,_Z,_Z,_Z,PS,_Z,N,T0110,4312.0
1993,A,KOR,S1,S1,POP,_Z,_Z,_Z,PS,_Z,N,T0110,44195.0
1993,A,JPN,S1,S1,POP,_Z,_Z,_Z,PS,_Z,N,T0110,124938.0
1993,A,ITA,S1,S1,POP,_Z,_Z,_Z,PS,_Z,N,T0110,56831.8
1993,A,IRL,S1,S1,POP,_Z,_Z,_Z,PS,_Z,N,T0110,3574.0
1993,A,ISL,S1,S1,POP,_Z,_Z,_Z,PS,_Z,N,T0110,263.8
1993,A,DEU,S1,S1,POP,_Z,_Z,_Z,PS,_Z,N,T0110,80946.0
1993,A,FIN,S1,S1,POP,_Z,_Z,_Z,PS,_Z,N,T0110,5066.4
1993,A,DNK,S1,S1,POP,_Z,_Z,_Z,PS,_Z,N,T0110,5189.326
1993,A,CRI,S1,S1,POP,_Z,_Z,_Z,PS,_Z,N,T0110,3238.595
1993,A,CHL,S1,S1,POP,_Z,_Z,_Z,PS,_Z,N,T0110,13908.473
1993,A,CAN,S1,S1,POP,_Z,_Z,_Z,PS,_Z,N,T0110,28684.764
1993,A,AUS,S1,S1,POP,_Z,_Z,_Z,PS,_Z,N,T0110,17634.8
1992,A,ZAF,S1,S1,POP,_Z,_Z,_Z,PS,_Z,N,T0110,37745.4998
1992,A,SGP,S1,S1,POP,_Z,_Z,_Z,PS,_Z,N,T0110,3231.0
1992,A,RUS,S1,S1,POP,_Z,_Z,_Z,PS,_Z,N,T0110,148538.19
1992,A,IDN,S1,S1,POP,_Z,_Z,_Z,PS,_Z,N,T0110,182316.534
1992,A,CHN,S1,S1,POP,_Z,_Z,_Z,PS,_Z,N,T0110,1171710.0
1992,A,USA,S1,S1,POP,_Z,_Z,_Z,PS,_Z,N,T0110,256922.0
1992,A,TUR,S1,S1,POP,_Z,_Z,_Z,PS,_Z,N,T0110,56986.0
1992,A,CHE,S1,S1,POP,_Z,_Z,_Z,PS,_Z,N,T0110,6943.095
1992,A,ESP,S1,S1,POP,_Z,_Z,_Z,PS,_Z,N,T0110,39504.113427
1999,A,NOR,S1,S1,POP,_Z,_Z,_Z,PS,_Z,N,T0110,4462.0
1999,A,NLD,S1,S1,POP,_Z,_Z,_Z,PS,_Z,N,T0110,15812.0
1999,A,LUX,S1,S1,POP,_Z,_Z,_Z,PS,_Z,N,T0110,431.338
1999,A,LTU,S1,S1,POP,_Z,_Z,_Z,PS,_Z,N,T0110,3524.238
1999,A,LVA,S1,S1,POP,_Z,_Z,_Z,PS,_Z,N,T0110,2390.112
1999,A,KOR,S1,S1,POP,_Z,_Z,_Z,PS,_Z,N,T0110,46617.0
1999,A,JPN,S1,S1,POP,_Z,_Z,_Z,PS,_Z,N,T0110,126587.0
1999,A,ITA,S1,S1,POP,_Z,_Z,_Z,PS,_Z,N,T0110,56916.3
1999,A,ISL,S1,S1,POP,_Z,_Z,_Z,PS,_Z,N,T0110,277.4
1999,A,HUN,S1,S1,POP,_Z,_Z,_Z,PS,_Z,N,T0110,10237.53
1999,A,GRC,S1,S1,POP,_Z,_Z,_Z,PS,_Z,N,T0110,10761.705
1999,A,DEU,S1,S1,POP,_Z,_Z,_Z,PS,_Z,N,T0110,81422.0
1999,A,FIN,S1,S1,POP,_Z,_Z,_Z,PS,_Z,N,T0110,5165.5
1999,A,EST,S1,S1,POP,_Z,_Z,_Z,PS,_Z,N,T0110,1379.2
1999,A,DNK,S1,S1,POP,_Z,_Z,_Z,PS,_Z,N,T0110,5320.516
1999,A,CZE,S1,S1,POP,_Z,_Z,_Z,PS,_Z,N,T0110,10282.784
1999,A,CRI,S1,S1,POP,_Z,_Z,_Z,PS,_Z,N,T0110,3787.072
1999,A,CHL,S1,S1,POP,_Z,_Z,_Z,PS,_Z,N,T0110,15197.213
1999,A,CAN,S1,S1,POP,_Z,_Z,_Z,PS,_Z,N,T0110,30401.286
1999,A,AUT,S1,S1,POP,_Z,_Z,_Z,PS,_Z,N,T0110,7992.323
1998,A,ZAF,S1,S1,POP,_Z,_Z,_Z,PS,_Z,N,T0110,42615.2393
1998,A,SGP,S1,S1,POP,_Z,_Z,_Z,PS,_Z,N,T0110,3927.0
1998,A,SRB,S1,S1,POP,_Z,_Z,_Z,PS,_Z,N,T0110,9775.581
1998,A,RUS,S1,S1,POP,_Z,_Z,_Z,PS,_Z,N,T0110,147670.78
1998,A,ROU,S1,S1,POP,_Z,_Z,_Z,PS,_Z,N,T0110,22502.8
1998,A,MLT,S1,S1,POP,_Z,_Z,_Z,PS,_Z,N,T0110,385.269
1998,A,IDN,S1,S1,POP,_Z,_Z,_Z,PS,_Z,N,T0110,198147.795
1998,A,CYP,S1,S1,POP,_Z,_Z,_Z,PS,_Z,N,T0110,679.05
1998,A,HRV,S1,S1,POP,_Z,_Z,_Z,PS,_Z,N,T0110,4532.136
1998,A,CHN,S1,S1,POP,_Z,_Z,_Z,PS,_Z,N,T0110,1247610.0
1998,A,CMR,S1,S1,POP,_Z,_Z,_Z,PS,_Z,N,T0110,14724.0
1998,A,BGR,S1,S1,POP,_Z,_Z,_Z,PS,_Z,N,T0110,8256.786
1998,A,BRA,S1,S1,POP,_Z,_Z,_Z,PS,_Z,N,T0110,168606.4
1998,A,ALB,S1,S1,POP,_Z,_Z,_Z,PS,_Z,N,T0110,3118.654
1998,A,USA,S1,S1,POP,_Z,_Z,_Z,PS,_Z,N,T0110,276154.0
1998,A,TUR,S1,S1,POP,_Z,_Z,_Z,PS,_Z,N,T0110,62464.0
1998,A,CHE,S1,S1,POP,_Z,_Z,_Z,PS,_Z,N,T0110,7176.775813
1998,A,SWE,S1,S1,POP,_Z,_Z,_Z,PS,_Z,N,T0110,8851.75
1998,A,ESP,S1,S1,POP,_Z,_Z,_Z,PS,_Z,N,T0110,40214.066
1998,A,SVN,S1,S1,POP,_Z,_Z,_Z,PS,_Z,N,T0110,1982.353
1998,A,SVK,S1,S1,POP,_Z,_Z,_Z,PS,_Z,N,T0110,5390.838
1998,A,PRT,S1,S1,POP,_Z,_Z,_Z,PS,_Z,N,T0110,10160.196
1998,A,POL,S1,S1,POP,_Z,_Z,_Z,PS,_Z,N,T0110,38284.0
1998,A,NOR,S1,S1,POP,_Z,_Z,_Z,PS,_Z,N,T0110,4431.0
1998,A,NLD,S1,S1,POP,_Z,_Z,_Z,PS,_Z,N,T0110,15707.0
1998,A,LUX,S1,S1,POP,_Z,_Z,_Z,PS,_Z,N,T0110,425.195
1998,A,LTU,S1,S1,POP,_Z,_Z,_Z,PS,_Z,N,T0110,3549.331
1998,A,LVA,S1,S1,POP,_Z,_Z,_Z,PS,_Z,N,T0110,2409.875
1998,A,KOR,S1,S1,POP,_Z,_Z,_Z,PS,_Z,N,T0110,46287.0
1998,A,JPN,S1,S1,POP,_Z,_Z,_Z,PS,_Z,N,T0110,126349.0
1998,A,ITA,S1,S1,POP,_Z,_Z,_Z,PS,_Z,N,T0110,56906.7
1998,A,ISL,S1,S1,POP,_Z,_Z,_Z,PS,_Z,N,T0110,274.0
1998,A,HUN,S1,S1,POP,_Z,_Z,_Z,PS,_Z,N,T0110,10266.57
1998,A,GRC,S1,S1,POP,_Z,_Z,_Z,PS,_Z,N,T0110,10720.566
1998,A,DEU,S1,S1,POP,_Z,_Z,_Z,PS,_Z,N,T0110,81446.0
1998,A,FIN,S1,S1,POP,_Z,_Z,_Z,PS,_Z,N,T0110,5153.5
1998,A,EST,S1,S1,POP,_Z,_Z,_Z,PS,_Z,N,T0110,1393.1
1998,A,DNK,S1,S1,POP,_Z,_Z,_Z,PS,_Z,N,T0110,5303.229
1998,A,CZE,S1,S1,POP,_Z,_Z,_Z,PS,_Z,N,T0110,10294.943
1998,A,CRI,S1,S1,POP,_Z,_Z,_Z,PS,_Z,N,T0110,3697.323
1998,A,CHL,S1,S1,POP,_Z,_Z,_Z,PS,_Z,N,T0110,14996.647
1998,A,CAN,S1,S1,POP,_Z,_Z,_Z,PS,_Z,N,T0110,30155.173
1998,A,AUT,S1,S1,POP,_Z,_Z,_Z,PS,_Z,N,T0110,7976.789
1997,A,ZAF,S1,S1,POP,_Z,_Z,_Z,PS,_Z,N,T0110,41824.4291
1997,A,SGP,S1,S1,POP,_Z,_Z,_Z,PS,_Z,N,T0110,3796.0
1997,A,SRB,S1,S1,POP,_Z,_Z,_Z,PS,_Z,N,T0110,9777.437
1997,A,RUS,S1,S1,POP,_Z,_Z,_Z,PS,_Z,N,T0110,147915.37
1997,A,ROU,S1,S1,POP,_Z,_Z,_Z,PS,_Z,N,T0110,22545.93
1997,A,MLT,S1,S1,POP,_Z,_Z,_Z,PS,_Z,N,T0110,382.787
1997,A,IDN,S1,S1,POP,_Z,_Z,_Z,PS,_Z,N,T0110,195416.867
1997,A,CYP,S1,S1,POP,_Z,_Z,_Z,PS,_Z,N,T0110,670.75
1997,A,HRV,S1,S1,POP,_Z,_Z,_Z,PS,_Z,N,T0110,4534.92
1997,A,CHN,S1,S1,POP,_Z,_Z,_Z,PS,_Z,N,T0110,1236260.0
1997,A,CMR,S1,S1,POP,_Z,_Z,_Z,PS,_Z,N,T0110,14344.0
1997,A,BGR,S1,S1,POP,_Z,_Z,_Z,PS,_Z,N,T0110,8312.068
1997,A,BRA,S1,S1,POP,_Z,_Z,_Z,PS,_Z,N,T0110,166187.066
1997,A,ALB,S1,S1,POP,_Z,_Z,_Z,PS,_Z,N,T0110,3138.405
1997,A,USA,S1,S1,POP,_Z,_Z,_Z,PS,_Z,N,T0110,272958.0
1997,A,TUR,S1,S1,POP,_Z,_Z,_Z,PS,_Z,N,T0110,61582.0
1997,A,CHE,S1,S1,POP,_Z,_Z,_Z,PS,_Z,N,T0110,7152.972156
1997,A,SWE,S1,S1,POP,_Z,_Z,_Z,PS,_Z,N,T0110,8846.75
1997,A,ESP,S1,S1,POP,_Z,_Z,_Z,PS,_Z,N,T0110,40049.974
1997,A,SVN,S1,S1,POP,_Z,_Z,_Z,PS,_Z,N,T0110,1986.327
1997,A,SVK,S1,S1,POP,_Z,_Z,_Z,PS,_Z,N,T0110,5383.472
1997,A,PRT,S1,S1,POP,_Z,_Z,_Z,PS,_Z,N,T0110,10108.977
1997,A,POL,S1,S1,POP,_Z,_Z,_Z,PS,_Z,N,T0110,38292.0
1997,A,NOR,S1,S1,POP,_Z,_Z,_Z,PS,_Z,N,T0110,4405.0
1997,A,NLD,S1,S1,POP,_Z,_Z,_Z,PS,_Z,N,T0110,15611.0
1997,A,LUX,S1,S1,POP,_Z,_Z,_Z,PS,_Z,N,T0110,419.85
1997,A,LTU,S1,S1,POP,_Z,_Z,_Z,PS,_Z,N,T0110,3575.137
1997,A,LVA,S1,S1,POP,_Z,_Z,_Z,PS,_Z,N,T0110,2433.238
1997,A,KOR,S1,S1,POP,_Z,_Z,_Z,PS,_Z,N,T0110,45954.0
1997,A,JPN,S1,S1,POP,_Z,_Z,_Z,PS,_Z,N,T0110,126011.0
1997,A,ITA,S1,S1,POP,_Z,_Z,_Z,PS,_Z,N,T0110,56890.4
1997,A,ISL,S1,S1,POP,_Z,_Z,_Z,PS,_Z,N,T0110,270.9
1997,A,HUN,S1,S1,POP,_Z,_Z,_Z,PS,_Z,N,T0110,10290.486
1997,A,GRC,S1,S1,POP,_Z,_Z,_Z,PS,_Z,N,T0110,10661.312
1997,A,DEU,S1,S1,POP,_Z,_Z,_Z,PS,_Z,N,T0110,81510.0
1997,A,FRA,S1,S1,POP,_Z,_Z,_Z,PS,_Z,N,T0110,59817.0
1997,A,FIN,S1,S1,POP,_Z,_Z,_Z,PS,_Z,N,T0110,5139.8
1997,A,EST,S1,S1,POP,_Z,_Z,_Z,PS,_Z,N,T0110,1406.0
1997,A,DNK,S1,S1,POP,_Z,_Z,_Z,PS,_Z,N,T0110,5284.913
1997,A,CZE,S1,S1,POP,_Z,_Z,_Z,PS,_Z,N,T0110,10303.642
1997,A,CRI,S1,S1,POP,_Z,_Z,_Z,PS,_Z,N,T0110,3609.802
1997,A,CHL,S1,S1,POP,_Z,_Z,_Z,PS,_Z,N,T0110,14796.076
1997,A,CAN,S1,S1,POP,_Z,_Z,_Z,PS,_Z,N,T0110,29905.948
1997,A,AUT,S1,S1,POP,_Z,_Z,_Z,PS,_Z,N,T0110,7968.041
1996,A,ZAF,S1,S1,POP,_Z,_Z,_Z,PS,_Z,N,T0110,41015.6872
1996,A,SGP,S1,S1,POP,_Z,_Z,_Z,PS,_Z,N,T0110,3671.0
1996,A,SRB,S1,S1,POP,_Z,_Z,_Z,PS,_Z,N,T0110,9770.284
1996,A,RUS,S1,S1,POP,_Z,_Z,_Z,PS,_Z,N,T0110,148160.13
1996,A,ROU,S1,S1,POP,_Z,_Z,_Z,PS,_Z,N,T0110,22607.62
1996,A,MLT,S1,S1,POP,_Z,_Z,_Z,PS,_Z,N,T0110,379.998
1996,A,IDN,S1,S1,POP,_Z,_Z,_Z,PS,_Z,N,T0110,192723.577
1996,A,CYP,S1,S1,POP,_Z,_Z,_Z,PS,_Z,N,T0110,661.3
1996,A,HRV,S1,S1,POP,_Z,_Z,_Z,PS,_Z,N,T0110,4557.097
1996,A,CHN,S1,S1,POP,_Z,_Z,_Z,PS,_Z,N,T0110,1223890.0
1996,A,CMR,S1,S1,POP,_Z,_Z,_Z,PS,_Z,N,T0110,13971.0
1996,A,BGR,S1,S1,POP,_Z,_Z,_Z,PS,_Z,N,T0110,8362.826
1996,A,BRA,S1,S1,POP,_Z,_Z,_Z,PS,_Z,N,T0110,163767.821
1996,A,ALB,S1,S1,POP,_Z,_Z,_Z,PS,_Z,N,T0110,3158.157
1996,A,USA,S1,S1,POP,_Z,_Z,_Z,PS,_Z,N,T0110,269714.0
1996,A,TUR,S1,S1,POP,_Z,_Z,_Z,PS,_Z,N,T0110,60671.0
1996,A,CHE,S1,S1,POP,_Z,_Z,_Z,PS,_Z,N,T0110,7132.094406
1996,A,SWE,S1,S1,POP,_Z,_Z,_Z,PS,_Z,N,T0110,8842.25
1996,A,ESP,S1,S1,POP,_Z,_Z,_Z,PS,_Z,N,T0110,39884.246
1996,A,SVN,S1,S1,POP,_Z,_Z,_Z,PS,_Z,N,T0110,1989.856
1996,A,SVK,S1,S1,POP,_Z,_Z,_Z,PS,_Z,N,T0110,5373.648
1996,A,PRT,S1,S1,POP,_Z,_Z,_Z,PS,_Z,N,T0110,10063.945
1996,A,POL,S1,S1,POP,_Z,_Z,_Z,PS,_Z,N,T0110,38289.0
1996,A,NOR,S1,S1,POP,_Z,_Z,_Z,PS,_Z,N,T0110,4381.0
1996,A,NLD,S1,S1,POP,_Z,_Z,_Z,PS,_Z,N,T0110,15530.0
1996,A,LUX,S1,S1,POP,_Z,_Z,_Z,PS,_Z,N,T0110,414.462
1996,A,LTU,S1,S1,POP,_Z,_Z,_Z,PS,_Z,N,T0110,3601.613
1996,A,LVA,S1,S1,POP,_Z,_Z,_Z,PS,_Z,N,T0110,2456.95
1996,A,KOR,S1,S1,POP,_Z,_Z,_Z,PS,_Z,N,T0110,45525.0
1996,A,JPN,S1,S1,POP,_Z,_Z,_Z,PS,_Z,N,T0110,125711.0
1996,A,ITA,S1,S1,POP,_Z,_Z,_Z,PS,_Z,N,T0110,56860.3
1996,A,ISL,S1,S1,POP,_Z,_Z,_Z,PS,_Z,N,T0110,268.9
1996,A,HUN,S1,S1,POP,_Z,_Z,_Z,PS,_Z,N,T0110,10311.238
1996,A,GRC,S1,S1,POP,_Z,_Z,_Z,PS,_Z,N,T0110,10608.821
1996,A,DEU,S1,S1,POP,_Z,_Z,_Z,PS,_Z,N,T0110,81466.0
1996,A,FIN,S1,S1,POP,_Z,_Z,_Z,PS,_Z,N,T0110,5124.6
1996,A,EST,S1,S1,POP,_Z,_Z,_Z,PS,_Z,N,T0110,1425.2
1996,A,DNK,S1,S1,POP,_Z,_Z,_Z,PS,_Z,N,T0110,5262.456
1996,A,CZE,S1,S1,POP,_Z,_Z,_Z,PS,_Z,N,T0110,10315.353
1996,A,CRI,S1,S1,POP,_Z,_Z,_Z,PS,_Z,N,T0110,3517.828
1996,A,CHL,S1,S1,POP,_Z,_Z,_Z,PS,_Z,N,T0110,14595.504
1996,A,CAN,S1,S1,POP,_Z,_Z,_Z,PS,_Z,N,T0110,29610.218
1996,A,AUT,S1,S1,POP,_Z,_Z,_Z,PS,_Z,N,T0110,7959.016
1995,A,ZAF,S1,S1,POP,_Z,_Z,_Z,PS,_Z,N,T0110,40203.5469
1995,A,SGP,S1,S1,POP,_Z,_Z,_Z,PS,_Z,N,T0110,3525.0
1995,A,SRB,S1,S1,POP,_Z,_Z,_Z,PS,_Z,N,T0110,9742.215
1995,A,RUS,S1,S1,POP,_Z,_Z,_Z,PS,_Z,N,T0110,148375.79
1995,A,ROU,S1,S1,POP,_Z,_Z,_Z,PS,_Z,N,T0110,22680.95
1995,A,MLT,S1,S1,POP,_Z,_Z,_Z,PS,_Z,N,T0110,377.784
1995,A,IDN,S1,S1,POP,_Z,_Z,_Z,PS,_Z,N,T0110,190067.407
1995,A,CYP,S1,S1,POP,_Z,_Z,_Z,PS,_Z,N,T0110,650.85
1995,A,HRV,S1,S1,POP,_Z,_Z,_Z,PS,_Z,N,T0110,4620.03
1995,A,CHN,S1,S1,POP,_Z,_Z,_Z,PS,_Z,N,T0110,1211210.0
1995,A,CMR,S1,S1,POP,_Z,_Z,_Z,PS,_Z,N,T0110,13600.0
1995,A,BGR,S1,S1,POP,_Z,_Z,_Z,PS,_Z,N,T0110,8406.067
1995,A,BRA,S1,S1,POP,_Z,_Z,_Z,PS,_Z,N,T0110,161345.581
1995,A,ALB,S1,S1,POP,_Z,_Z,_Z,PS,_Z,N,T0110,3177.909
1995,A,USA,S1,S1,POP,_Z,_Z,_Z,PS,_Z,N,T0110,266588.0
1995,A,TUR,S1,S1,POP,_Z,_Z,_Z,PS,_Z,N,T0110,59756.0
1995,A,CHE,S1,S1,POP,_Z,_Z,_Z,PS,_Z,N,T0110,7099.85921
1995,A,SWE,S1,S1,POP,_Z,_Z,_Z,PS,_Z,N,T0110,8829.75
1995,A,ESP,S1,S1,POP,_Z,_Z,_Z,PS,_Z,N,T0110,39718.895
2003,A,SWE,S1,S1,POP,_Z,_Z,_Z,PS,_Z,N,T0110,8957.75
2003,A,ESP,S1,S1,POP,_Z,_Z,_Z,PS,_Z,N,T0110,42196.231
2003,A,SVN,S1,S1,POP,_Z,_Z,_Z,PS,_Z,N,T0110,1996.278
2003,A,SVK,S1,S1,POP,_Z,_Z,_Z,PS,_Z,N,T0110,5379.331
2003,A,PRT,S1,S1,POP,_Z,_Z,_Z,PS,_Z,N,T0110,10458.821
2003,A,POL,S1,S1,POP,_Z,_Z,_Z,PS,_Z,N,T0110,38195.177
2003,A,NOR,S1,S1,POP,_Z,_Z,_Z,PS,_Z,N,T0110,4565.0
2003,A,NLD,S1,S1,POP,_Z,_Z,_Z,PS,_Z,N,T0110,16225.0
2003,A,LUX,S1,S1,POP,_Z,_Z,_Z,PS,_Z,N,T0110,452.262
2003,A,LTU,S1,S1,POP,_Z,_Z,_Z,PS,_Z,N,T0110,3415.213
2003,A,LVA,S1,S1,POP,_Z,_Z,_Z,PS,_Z,N,T0110,2288.088
2003,A,KOR,S1,S1,POP,_Z,_Z,_Z,PS,_Z,N,T0110,47892.0
2003,A,JPN,S1,S1,POP,_Z,_Z,_Z,PS,_Z,N,T0110,127634.0
2003,A,ITA,S1,S1,POP,_Z,_Z,_Z,PS,_Z,N,T0110,57399.2
2003,A,ISL,S1,S1,POP,_Z,_Z,_Z,PS,_Z,N,T0110,289.5
2003,A,HUN,S1,S1,POP,_Z,_Z,_Z,PS,_Z,N,T0110,10129.552
2003,A,GRC,S1,S1,POP,_Z,_Z,_Z,PS,_Z,N,T0110,10928.091
2003,A,DEU,S1,S1,POP,_Z,_Z,_Z,PS,_Z,N,T0110,81549.0
2003,A,FIN,S1,S1,POP,_Z,_Z,_Z,PS,_Z,N,T0110,5213.0
2003,A,EST,S1,S1,POP,_Z,_Z,_Z,PS,_Z,N,T0110,1375.2
2003,A,DNK,S1,S1,POP,_Z,_Z,_Z,PS,_Z,N,T0110,5389.521
2003,A,CZE,S1,S1,POP,_Z,_Z,_Z,PS,_Z,N,T0110,10201.651
2003,A,CRI,S1,S1,POP,_Z,_Z,_Z,PS,_Z,N,T0110,4081.883
2003,A,COL,S1,S1,POP,_Z,_Z,_Z,PS,_Z,N,T0110,39593.788333
2003,A,CHL,S1,S1,POP,_Z,_Z,_Z,PS,_Z,N,T0110,15919.479
2003,A,CAN,S1,S1,POP,_Z,_Z,_Z,PS,_Z,N,T0110,31642.461
2003,A,AUT,S1,S1,POP,_Z,_Z,_Z,PS,_Z,N,T0110,8118.245
2002,A,ZAF,S1,S1,POP,_Z,_Z,_Z,PS,_Z,N,T0110,45920.830606
2002,A,SGP,S1,S1,POP,_Z,_Z,_Z,PS,_Z,N,T0110,4176.0
2002,A,SRB,S1,S1,POP,_Z,_Z,_Z,PS,_Z,N,T0110,7500.031
2002,A,SEN,S1,S1,POP,_Z,_Z,_Z,PS,_Z,N,T0110,9858.482411
2002,A,RUS,S1,S1,POP,_Z,_Z,_Z,PS,_Z,N,T0110,145306.49
2002,A,ROU,S1,S1,POP,_Z,_Z,_Z,PS,_Z,N,T0110,21675.78
2002,A,MLT,S1,S1,POP,_Z,_Z,_Z,PS,_Z,N,T0110,395.933
2002,A,IDN,S1,S1,POP,_Z,_Z,_Z,PS,_Z,N,T0110,211415.902
2002,A,CYP,S1,S1,POP,_Z,_Z,_Z,PS,_Z,N,T0110,709.61
2002,A,HRV,S1,S1,POP,_Z,_Z,_Z,PS,_Z,N,T0110,4305.439
2002,A,CHN,S1,S1,POP,_Z,_Z,_Z,PS,_Z,N,T0110,1284530.0
2002,A,CMR,S1,S1,POP,_Z,_Z,_Z,PS,_Z,N,T0110,16358.0
2002,A,BGR,S1,S1,POP,_Z,_Z,_Z,PS,_Z,N,T0110,7868.9
2002,A,BRA,S1,S1,POP,_Z,_Z,_Z,PS,_Z,N,T0110,178499.255
2002,A,ARG,S1,S1,POP,_Z,_Z,_Z,PS,_Z,N,T0110,37516.0
2002,A,ALB,S1,S1,POP,_Z,_Z,_Z,PS,_Z,N,T0110,3051.01
2002,A,USA,S1,S1,POP,_Z,_Z,_Z,PS,_Z,N,T0110,287955.0
2002,A,TUR,S1,S1,POP,_Z,_Z,_Z,PS,_Z,N,T0110,66003.0
2002,A,CHE,S1,S1,POP,_Z,_Z,_Z,PS,_Z,N,T0110,7340.577344
2002,A,SWE,S1,S1,POP,_Z,_Z,_Z,PS,_Z,N,T0110,8926.75
2002,A,ESP,S1,S1,POP,_Z,_Z,_Z,PS,_Z,N,T0110,41423.52
2002,A,SVN,S1,S1,POP,_Z,_Z,_Z,PS,_Z,N,T0110,1995.032
2002,A,SVK,S1,S1,POP,_Z,_Z,_Z,PS,_Z,N,T0110,5378.661
2002,A,PRT,S1,S1,POP,_Z,_Z,_Z,PS,_Z,N,T0110,10419.631
2002,A,POL,S1,S1,POP,_Z,_Z,_Z,PS,_Z,N,T0110,38232.301
2002,A,NOR,S1,S1,POP,_Z,_Z,_Z,PS,_Z,N,T0110,4538.0
2002,A,NLD,S1,S1,POP,_Z,_Z,_Z,PS,_Z,N,T0110,16149.0
2002,A,LUX,S1,S1,POP,_Z,_Z,_Z,PS,_Z,N,T0110,446.65
2002,A,LTU,S1,S1,POP,_Z,_Z,_Z,PS,_Z,N,T0110,3443.067
2002,A,LVA,S1,S1,POP,_Z,_Z,_Z,PS,_Z,N,T0110,2310.375
2002,A,KOR,S1,S1,POP,_Z,_Z,_Z,PS,_Z,N,T0110,47645.0
2002,A,JPN,S1,S1,POP,_Z,_Z,_Z,PS,_Z,N,T0110,127400.0
2002,A,ITA,S1,S1,POP,_Z,_Z,_Z,PS,_Z,N,T0110,57089.8
2002,A,ISL,S1,S1,POP,_Z,_Z,_Z,PS,_Z,N,T0110,287.5
2002,A,HUN,S1,S1,POP,_Z,_Z,_Z,PS,_Z,N,T0110,10158.608
2002,A,GRC,S1,S1,POP,_Z,_Z,_Z,PS,_Z,N,T0110,10902.005
2002,A,DEU,S1,S1,POP,_Z,_Z,_Z,PS,_Z,N,T0110,81578.0
2002,A,FIN,S1,S1,POP,_Z,_Z,_Z,PS,_Z,N,T0110,5200.6
2002,A,EST,S1,S1,POP,_Z,_Z,_Z,PS,_Z,N,T0110,1383.5
2002,A,DNK,S1,S1,POP,_Z,_Z,_Z,PS,_Z,N,T0110,5375.575
2002,A,CZE,S1,S1,POP,_Z,_Z,_Z,PS,_Z,N,T0110,10200.774
2002,A,CRI,S1,S1,POP,_Z,_Z,_Z,PS,_Z,N,T0110,4023.422
2002,A,COL,S1,S1,POP,_Z,_Z,_Z,PS,_Z,N,T0110,39106.6975
2002,A,CHL,S1,S1,POP,_Z,_Z,_Z,PS,_Z,N,T0110,15745.583
2002,A,CAN,S1,S1,POP,_Z,_Z,_Z,PS,_Z,N,T0110,31359.199
2002,A,AUT,S1,S1,POP,_Z,_Z,_Z,PS,_Z,N,T0110,8082.121
2001,A,ZAF,S1,S1,POP,_Z,_Z,_Z,PS,_Z,N,T0110,44819.777
2001,A,SGP,S1,S1,POP,_Z,_Z,_Z,PS,_Z,N,T0110,4138.0
2001,A,SRB,S1,S1,POP,_Z,_Z,_Z,PS,_Z,N,T0110,7503.433
2001,A,SEN,S1,S1,POP,_Z,_Z,_Z,PS,_Z,N,T0110,9580.643743
2001,A,RUS,S1,S1,POP,_Z,_Z,_Z,PS,_Z,N,T0110,145976.47
2001,A,ROU,S1,S1,POP,_Z,_Z,_Z,PS,_Z,N,T0110,22408.39
2001,A,MLT,S1,S1,POP,_Z,_Z,_Z,PS,_Z,N,T0110,393.095
2001,A,IDN,S1,S1,POP,_Z,_Z,_Z,PS,_Z,N,T0110,208250.492
2001,A,CYP,S1,S1,POP,_Z,_Z,_Z,PS,_Z,N,T0110,701.5
2001,A,CHN,S1,S1,POP,_Z,_Z,_Z,PS,_Z,N,T0110,1276270.0
2001,A,CMR,S1,S1,POP,_Z,_Z,_Z,PS,_Z,N,T0110,15929.0
2001,A,BGR,S1,S1,POP,_Z,_Z,_Z,PS,_Z,N,T0110,7913.301
2001,A,BRA,S1,S1,POP,_Z,_Z,_Z,PS,_Z,N,T0110,176208.646
2001,A,ARG,S1,S1,POP,_Z,_Z,_Z,PS,_Z,N,T0110,37156.0
2001,A,ALB,S1,S1,POP,_Z,_Z,_Z,PS,_Z,N,T0110,3060.173
2001,A,USA,S1,S1,POP,_Z,_Z,_Z,PS,_Z,N,T0110,285225.0
2001,A,TUR,S1,S1,POP,_Z,_Z,_Z,PS,_Z,N,T0110,65166.0
2001,A,CHE,S1,S1,POP,_Z,_Z,_Z,PS,_Z,N,T0110,7288.489531
2001,A,SWE,S1,S1,POP,_Z,_Z,_Z,PS,_Z,N,T0110,8896.75
2001,A,ESP,S1,S1,POP,_Z,_Z,_Z,PS,_Z,N,T0110,40766.049
2001,A,SVN,S1,S1,POP,_Z,_Z,_Z,PS,_Z,N,T0110,1991.951
2001,A,PRT,S1,S1,POP,_Z,_Z,_Z,PS,_Z,N,T0110,10362.722
2001,A,POL,S1,S1,POP,_Z,_Z,_Z,PS,_Z,N,T0110,38250.79
2001,A,NOR,S1,S1,POP,_Z,_Z,_Z,PS,_Z,N,T0110,4514.0
2001,A,NLD,S1,S1,POP,_Z,_Z,_Z,PS,_Z,N,T0110,16046.0
2001,A,LUX,S1,S1,POP,_Z,_Z,_Z,PS,_Z,N,T0110,441.862
2001,A,LTU,S1,S1,POP,_Z,_Z,_Z,PS,_Z,N,T0110,3470.818
2001,A,LVA,S1,S1,POP,_Z,_Z,_Z,PS,_Z,N,T0110,2337.7
2001,A,KOR,S1,S1,POP,_Z,_Z,_Z,PS,_Z,N,T0110,47370.0
2001,A,JPN,S1,S1,POP,_Z,_Z,_Z,PS,_Z,N,T0110,127132.0
2001,A,ITA,S1,S1,POP,_Z,_Z,_Z,PS,_Z,N,T0110,56979.8
2001,A,ISL,S1,S1,POP,_Z,_Z,_Z,PS,_Z,N,T0110,285.0
2001,A,HUN,S1,S1,POP,_Z,_Z,_Z,PS,_Z,N,T0110,10187.576
2001,A,GRC,S1,S1,POP,_Z,_Z,_Z,PS,_Z,N,T0110,10862.146
2001,A,DEU,S1,S1,POP,_Z,_Z,_Z,PS,_Z,N,T0110,81517.0
2001,A,FIN,S1,S1,POP,_Z,_Z,_Z,PS,_Z,N,T0110,5188.0
2001,A,EST,S1,S1,POP,_Z,_Z,_Z,PS,_Z,N,T0110,1392.7
2001,A,DNK,S1,S1,POP,_Z,_Z,_Z,PS,_Z,N,T0110,5357.285
2001,A,CZE,S1,S1,POP,_Z,_Z,_Z,PS,_Z,N,T0110,10224.192
2001,A,CRI,S1,S1,POP,_Z,_Z,_Z,PS,_Z,N,T0110,3953.042
2001,A,COL,S1,S1,POP,_Z,_Z,_Z,PS,_Z,N,T0110,38609.398
2001,A,CHL,S1,S1,POP,_Z,_Z,_Z,PS,_Z,N,T0110,15571.679
2001,A,CAN,S1,S1,POP,_Z,_Z,_Z,PS,_Z,N,T0110,31020.855
2001,A,AUT,S1,S1,POP,_Z,_Z,_Z,PS,_Z,N,T0110,8042.293
2000,A,ZAF,S1,S1,POP,_Z,_Z,_Z,PS,_Z,N,T0110,44107.8586
2000,A,SGP,S1,S1,POP,_Z,_Z,_Z,PS,_Z,N,T0110,4028.0
2000,A,SRB,S1,S1,POP,_Z,_Z,_Z,PS,_Z,N,T0110,7516.346
2000,A,SEN,S1,S1,POP,_Z,_Z,_Z,PS,_Z,N,T0110,9310.635318
2000,A,RUS,S1,S1,POP,_Z,_Z,_Z,PS,_Z,N,T0110,146596.87
2000,A,ROU,S1,S1,POP,_Z,_Z,_Z,PS,_Z,N,T0110,22435.21
2000,A,MLT,S1,S1,POP,_Z,_Z,_Z,PS,_Z,N,T0110,389.962
2000,A,IDN,S1,S1,POP,_Z,_Z,_Z,PS,_Z,N,T0110,205132.483
2000,A,CYP,S1,S1,POP,_Z,_Z,_Z,PS,_Z,N,T0110,694.0
2000,A,HRV,S1,S1,POP,_Z,_Z,_Z,PS,_Z,N,T0110,4468.302
2000,A,CHN,S1,S1,POP,_Z,_Z,_Z,PS,_Z,N,T0110,1267430.0
2000,A,CMR,S1,S1,POP,_Z,_Z,_Z,PS,_Z,N,T0110,15514.0
2000,A,BGR,S1,S1,POP,_Z,_Z,_Z,PS,_Z,N,T0110,8170.172
2000,A,BRA,S1,S1,POP,_Z,_Z,_Z,PS,_Z,N,T0110,173765.726
2000,A,ARG,S1,S1,POP,_Z,_Z,_Z,PS,_Z,N,T0110,36784.0
2000,A,ALB,S1,S1,POP,_Z,_Z,_Z,PS,_Z,N,T0110,3078.383
2000,A,USA,S1,S1,POP,_Z,_Z,_Z,PS,_Z,N,T0110,282398.0
2000,A,TUR,S1,S1,POP,_Z,_Z,_Z,PS,_Z,N,T0110,64269.0
2000,A,CHE,S1,S1,POP,_Z,_Z,_Z,PS,_Z,N,T0110,7252.603844
2000,A,SWE,S1,S1,POP,_Z,_Z,_Z,PS,_Z,N,T0110,8871.25
2000,A,ESP,S1,S1,POP,_Z,_Z,_Z,PS,_Z,N,T0110,40554.387
2000,A,SVN,S1,S1,POP,_Z,_Z,_Z,PS,_Z,N,T0110,1989.395
2000,A,SVK,S1,S1,POP,_Z,_Z,_Z,PS,_Z,N,T0110,5400.704
2000,A,PRT,S1,S1,POP,_Z,_Z,_Z,PS,_Z,N,T0110,10289.898
2000,A,POL,S1,S1,POP,_Z,_Z,_Z,PS,_Z,N,T0110,38255.945
2000,A,NOR,S1,S1,POP,_Z,_Z,_Z,PS,_Z,N,T0110,4491.0
2000,A,NLD,S1,S1,POP,_Z,_Z,_Z,PS,_Z,N,T0110,15926.0
2000,A,LUX,S1,S1,POP,_Z,_Z,_Z,PS,_Z,N,T0110,436.975
2000,A,LTU,S1,S1,POP,_Z,_Z,_Z,PS,_Z,N,T0110,3499.536
2000,A,LVA,S1,S1,POP,_Z,_Z,_Z,PS,_Z,N,T0110,2367.612
2000,A,KOR,S1,S1,POP,_Z,_Z,_Z,PS,_Z,N,T0110,47008.0
2000,A,JPN,S1,S1,POP,_Z,_Z,_Z,PS,_Z,N,T0110,126831.0
2000,A,ITA,S1,S1,POP,_Z,_Z,_Z,PS,_Z,N,T0110,56942.1
2000,A,ISL,S1,S1,POP,_Z,_Z,_Z,PS,_Z,N,T0110,281.2
2000,A,HUN,S1,S1,POP,_Z,_Z,_Z,PS,_Z,N,T0110,10210.971
2000,A,GRC,S1,S1,POP,_Z,_Z,_Z,PS,_Z,N,T0110,10805.796
2000,A,DEU,S1,S1,POP,_Z,_Z,_Z,PS,_Z,N,T0110,81457.0
2000,A,FIN,S1,S1,POP,_Z,_Z,_Z,PS,_Z,N,T0110,5176.2
2000,A,EST,S1,S1,POP,_Z,_Z,_Z,PS,_Z,N,T0110,1401.3
2000,A,DNK,S1,S1,POP,_Z,_Z,_Z,PS,_Z,N,T0110,5338.491
2000,A,CZE,S1,S1,POP,_Z,_Z,_Z,PS,_Z,N,T0110,10272.503
2000,A,CRI,S1,S1,POP,_Z,_Z,_Z,PS,_Z,N,T0110,3869.832
2000,A,CHL,S1,S1,POP,_Z,_Z,_Z,PS,_Z,N,T0110,15397.784
2000,A,CAN,S1,S1,POP,_Z,_Z,_Z,PS,_Z,N,T0110,30685.73
2000,A,AUT,S1,S1,POP,_Z,_Z,_Z,PS,_Z,N,T0110,8011.566
1999,A,ZAF,S1,S1,POP,_Z,_Z,_Z,PS,_Z,N,T0110,43378.8574
1999,A,SGP,S1,S1,POP,_Z,_Z,_Z,PS,_Z,N,T0110,3959.0
1999,A,SEN,S1,S1,POP,_Z,_Z,_Z,PS,_Z,N,T0110,9048.236461
1999,A,RUS,S1,S1,POP,_Z,_Z,_Z,PS,_Z,N,T0110,147214.78
1999,A,ROU,S1,S1,POP,_Z,_Z,_Z,PS,_Z,N,T0110,22458.02
1999,A,MLT,S1,S1,POP,_Z,_Z,_Z,PS,_Z,N,T0110,387.484
1999,A,IDN,S1,S1,POP,_Z,_Z,_Z,PS,_Z,N,T0110,200916.888
1999,A,CYP,S1,S1,POP,_Z,_Z,_Z,PS,_Z,N,T0110,686.7
1999,A,HRV,S1,S1,POP,_Z,_Z,_Z,PS,_Z,N,T0110,4512.598
1999,A,CHN,S1,S1,POP,_Z,_Z,_Z,PS,_Z,N,T0110,1257860.0
1999,A,CMR,S1,S1,POP,_Z,_Z,_Z,PS,_Z,N,T0110,15113.0
1999,A,BGR,S1,S1,POP,_Z,_Z,_Z,PS,_Z,N,T0110,8210.624
1999,A,BRA,S1,S1,POP,_Z,_Z,_Z,PS,_Z,N,T0110,171029.011
1999,A,ALB,S1,S1,POP,_Z,_Z,_Z,PS,_Z,N,T0110,3098.902
1999,A,USA,S1,S1,POP,_Z,_Z,_Z,PS,_Z,N,T0110,279328.0
1999,A,TUR,S1,S1,POP,_Z,_Z,_Z,PS,_Z,N,T0110,63364.0
1999,A,CHE,S1,S1,POP,_Z,_Z,_Z,PS,_Z,N,T0110,7214.76625
1999,A,SWE,S1,S1,POP,_Z,_Z,_Z,PS,_Z,N,T0110,8857.5
1999,A,ESP,S1,S1,POP,_Z,_Z,_Z,PS,_Z,N,T0110,40369.667
1999,A,SVN,S1,S1,POP,_Z,_Z,_Z,PS,_Z,N,T0110,1983.714
1999,A,SVK,S1,S1,POP,_Z,_Z,_Z,PS,_Z,N,T0110,5395.608
1999,A,PRT,S1,S1,POP,_Z,_Z,_Z,PS,_Z,N,T0110,10217.828
1999,A,POL,S1,S1,POP,_Z,_Z,_Z,PS,_Z,N,T0110,38270.0
2007,A,POL,S1,S1,POP,_Z,_Z,_Z,PS,_Z,N,T0110,38115.967
2007,A,NOR,S1,S1,POP,_Z,_Z,_Z,PS,_Z,N,T0110,4709.0
2007,A,NLD,S1,S1,POP,_Z,_Z,_Z,PS,_Z,N,T0110,16382.0
2007,A,MEX,S1,S1,POP,_Z,_Z,_Z,PS,_Z,N,T0110,109795.643
2007,A,LUX,S1,S1,POP,_Z,_Z,_Z,PS,_Z,N,T0110,480.7
2007,A,LTU,S1,S1,POP,_Z,_Z,_Z,PS,_Z,N,T0110,3231.294
2007,A,LVA,S1,S1,POP,_Z,_Z,_Z,PS,_Z,N,T0110,2201.025
2007,A,KOR,S1,S1,POP,_Z,_Z,_Z,PS,_Z,N,T0110,48684.0
2007,A,JPN,S1,S1,POP,_Z,_Z,_Z,PS,_Z,N,T0110,127980.0
2007,A,ITA,S1,S1,POP,_Z,_Z,_Z,PS,_Z,N,T0110,58756.2
2007,A,IRL,S1,S1,POP,_Z,_Z,_Z,PS,_Z,N,T0110,4400.184
2007,A,ISL,S1,S1,POP,_Z,_Z,_Z,PS,_Z,N,T0110,311.6
2007,A,HUN,S1,S1,POP,_Z,_Z,_Z,PS,_Z,N,T0110,10055.78
2007,A,GRC,S1,S1,POP,_Z,_Z,_Z,PS,_Z,N,T0110,11048.499
2007,A,DEU,S1,S1,POP,_Z,_Z,_Z,PS,_Z,N,T0110,80992.0
2007,A,FIN,S1,S1,POP,_Z,_Z,_Z,PS,_Z,N,T0110,5288.7
2007,A,EST,S1,S1,POP,_Z,_Z,_Z,PS,_Z,N,T0110,1342.9
2007,A,DNK,S1,S1,POP,_Z,_Z,_Z,PS,_Z,N,T0110,5460.399
2007,A,CZE,S1,S1,POP,_Z,_Z,_Z,PS,_Z,N,T0110,10322.689
2007,A,CRI,S1,S1,POP,_Z,_Z,_Z,PS,_Z,N,T0110,4340.634
2007,A,COL,S1,S1,POP,_Z,_Z,_Z,PS,_Z,N,T0110,41463.28575
2007,A,CHL,S1,S1,POP,_Z,_Z,_Z,PS,_Z,N,T0110,16598.35175
2007,A,CAN,S1,S1,POP,_Z,_Z,_Z,PS,_Z,N,T0110,32888.886
2007,A,AUT,S1,S1,POP,_Z,_Z,_Z,PS,_Z,N,T0110,8295.189
2006,A,ZMB,S1,S1,POP,_Z,_Z,_Z,PS,_Z,N,T0110,11971.567
2006,A,ZAF,S1,S1,POP,_Z,_Z,_Z,PS,_Z,N,T0110,48204.889342
2006,A,SGP,S1,S1,POP,_Z,_Z,_Z,PS,_Z,N,T0110,4401.0
2006,A,SRB,S1,S1,POP,_Z,_Z,_Z,PS,_Z,N,T0110,7411.569
2006,A,SEN,S1,S1,POP,_Z,_Z,_Z,PS,_Z,N,T0110,11052.781
2006,A,RUS,S1,S1,POP,_Z,_Z,_Z,PS,_Z,N,T0110,143049.64
2006,A,ROU,S1,S1,POP,_Z,_Z,_Z,PS,_Z,N,T0110,21193.75
2006,A,MLT,S1,S1,POP,_Z,_Z,_Z,PS,_Z,N,T0110,405.251
2006,A,IDN,S1,S1,POP,_Z,_Z,_Z,PS,_Z,N,T0110,224566.029
2006,A,CYP,S1,S1,POP,_Z,_Z,_Z,PS,_Z,N,T0110,750.965
2006,A,HRV,S1,S1,POP,_Z,_Z,_Z,PS,_Z,N,T0110,4313.009
2006,A,CHN,S1,S1,POP,_Z,_Z,_Z,PS,_Z,N,T0110,1314480.0
2006,A,CMR,S1,S1,POP,_Z,_Z,_Z,PS,_Z,N,T0110,18224.0
2006,A,BGR,S1,S1,POP,_Z,_Z,_Z,PS,_Z,N,T0110,7699.02
2006,A,BRA,S1,S1,POP,_Z,_Z,_Z,PS,_Z,N,T0110,187061.61
2006,A,ARG,S1,S1,POP,_Z,_Z,_Z,PS,_Z,N,T0110,38971.0
2006,A,ALB,S1,S1,POP,_Z,_Z,_Z,PS,_Z,N,T0110,2992.547
2006,A,USA,S1,S1,POP,_Z,_Z,_Z,PS,_Z,N,T0110,298818.0
2006,A,TUR,S1,S1,POP,_Z,_Z,_Z,PS,_Z,N,T0110,69295.0
2006,A,CHE,S1,S1,POP,_Z,_Z,_Z,PS,_Z,N,T0110,7534.377719
2006,A,SWE,S1,S1,POP,_Z,_Z,_Z,PS,_Z,N,T0110,9083.25
2006,A,ESP,S1,S1,POP,_Z,_Z,_Z,PS,_Z,N,T0110,44360.521
2006,A,SVN,S1,S1,POP,_Z,_Z,_Z,PS,_Z,N,T0110,2007.848
2006,A,SVK,S1,S1,POP,_Z,_Z,_Z,PS,_Z,N,T0110,5390.92
2006,A,PRT,S1,S1,POP,_Z,_Z,_Z,PS,_Z,N,T0110,10522.288
2006,A,POL,S1,S1,POP,_Z,_Z,_Z,PS,_Z,N,T0110,38132.277
2006,A,NOR,S1,S1,POP,_Z,_Z,_Z,PS,_Z,N,T0110,4661.0
2006,A,NLD,S1,S1,POP,_Z,_Z,_Z,PS,_Z,N,T0110,16346.0
2006,A,MEX,S1,S1,POP,_Z,_Z,_Z,PS,_Z,N,T0110,108416.556
2006,A,LUX,S1,S1,POP,_Z,_Z,_Z,PS,_Z,N,T0110,472.925
2006,A,LTU,S1,S1,POP,_Z,_Z,_Z,PS,_Z,N,T0110,3269.909
2006,A,LVA,S1,S1,POP,_Z,_Z,_Z,PS,_Z,N,T0110,2218.662
2006,A,KOR,S1,S1,POP,_Z,_Z,_Z,PS,_Z,N,T0110,48438.0
2006,A,JPN,S1,S1,POP,_Z,_Z,_Z,PS,_Z,N,T0110,127838.0
2006,A,ITA,S1,S1,POP,_Z,_Z,_Z,PS,_Z,N,T0110,58399.9
2006,A,IRL,S1,S1,POP,_Z,_Z,_Z,PS,_Z,N,T0110,4269.823
2006,A,ISL,S1,S1,POP,_Z,_Z,_Z,PS,_Z,N,T0110,303.8
2006,A,HUN,S1,S1,POP,_Z,_Z,_Z,PS,_Z,N,T0110,10071.37
2006,A,GRC,S1,S1,POP,_Z,_Z,_Z,PS,_Z,N,T0110,11020.393
2006,A,DEU,S1,S1,POP,_Z,_Z,_Z,PS,_Z,N,T0110,81173.0
2006,A,FIN,S1,S1,POP,_Z,_Z,_Z,PS,_Z,N,T0110,5266.3
2006,A,EST,S1,S1,POP,_Z,_Z,_Z,PS,_Z,N,T0110,1350.7
2006,A,DNK,S1,S1,POP,_Z,_Z,_Z,PS,_Z,N,T0110,5436.756
2006,A,CZE,S1,S1,POP,_Z,_Z,_Z,PS,_Z,N,T0110,10266.646
2006,A,CRI,S1,S1,POP,_Z,_Z,_Z,PS,_Z,N,T0110,4280.966
2006,A,COL,S1,S1,POP,_Z,_Z,_Z,PS,_Z,N,T0110,41010.995167
2006,A,CHL,S1,S1,POP,_Z,_Z,_Z,PS,_Z,N,T0110,16426.18131
2006,A,CAN,S1,S1,POP,_Z,_Z,_Z,PS,_Z,N,T0110,32571.193
2006,A,BEL,S1,S1,POP,_Z,_Z,_Z,PS,_Z,N,T0110,10548.0
2006,A,AUT,S1,S1,POP,_Z,_Z,_Z,PS,_Z,N,T0110,8267.948
2005,A,ZAF,S1,S1,POP,_Z,_Z,_Z,PS,_Z,N,T0110,47601.908748
2005,A,SGP,S1,S1,POP,_Z,_Z,_Z,PS,_Z,N,T0110,4266.0
2005,A,SRB,S1,S1,POP,_Z,_Z,_Z,PS,_Z,N,T0110,7440.769
2005,A,SEN,S1,S1,POP,_Z,_Z,_Z,PS,_Z,N,T0110,10741.283771
2005,A,RUS,S1,S1,POP,_Z,_Z,_Z,PS,_Z,N,T0110,143518.81
2005,A,ROU,S1,S1,POP,_Z,_Z,_Z,PS,_Z,N,T0110,21319.67
2005,A,MLT,S1,S1,POP,_Z,_Z,_Z,PS,_Z,N,T0110,403.797
2005,A,IDN,S1,S1,POP,_Z,_Z,_Z,PS,_Z,N,T0110,221203.704
2005,A,CYP,S1,S1,POP,_Z,_Z,_Z,PS,_Z,N,T0110,738.54
2005,A,HRV,S1,S1,POP,_Z,_Z,_Z,PS,_Z,N,T0110,4311.674
2005,A,CHN,S1,S1,POP,_Z,_Z,_Z,PS,_Z,N,T0110,1307560.0
2005,A,CMR,S1,S1,POP,_Z,_Z,_Z,PS,_Z,N,T0110,17733.0
2005,A,BGR,S1,S1,POP,_Z,_Z,_Z,PS,_Z,N,T0110,7739.9
2005,A,BRA,S1,S1,POP,_Z,_Z,_Z,PS,_Z,N,T0110,184991.143
2005,A,ARG,S1,S1,POP,_Z,_Z,_Z,PS,_Z,N,T0110,38592.0
2005,A,ALB,S1,S1,POP,_Z,_Z,_Z,PS,_Z,N,T0110,3011.487
2005,A,USA,S1,S1,POP,_Z,_Z,_Z,PS,_Z,N,T0110,295993.0
2005,A,TUR,S1,S1,POP,_Z,_Z,_Z,PS,_Z,N,T0110,68435.0
2005,A,CHE,S1,S1,POP,_Z,_Z,_Z,PS,_Z,N,T0110,7487.641344
2005,A,SWE,S1,S1,POP,_Z,_Z,_Z,PS,_Z,N,T0110,9026.75
2005,A,ESP,S1,S1,POP,_Z,_Z,_Z,PS,_Z,N,T0110,43662.613
2005,A,SVN,S1,S1,POP,_Z,_Z,_Z,PS,_Z,N,T0110,2000.813
2005,A,SVK,S1,S1,POP,_Z,_Z,_Z,PS,_Z,N,T0110,5387.099
2005,A,PRT,S1,S1,POP,_Z,_Z,_Z,PS,_Z,N,T0110,10503.33
2005,A,POL,S1,S1,POP,_Z,_Z,_Z,PS,_Z,N,T0110,38161.313
2005,A,NOR,S1,S1,POP,_Z,_Z,_Z,PS,_Z,N,T0110,4623.0
2005,A,NLD,S1,S1,POP,_Z,_Z,_Z,PS,_Z,N,T0110,16320.0
2005,A,MEX,S1,S1,POP,_Z,_Z,_Z,PS,_Z,N,T0110,107155.784
2005,A,LUX,S1,S1,POP,_Z,_Z,_Z,PS,_Z,N,T0110,465.7
2005,A,LTU,S1,S1,POP,_Z,_Z,_Z,PS,_Z,N,T0110,3322.528
2005,A,LVA,S1,S1,POP,_Z,_Z,_Z,PS,_Z,N,T0110,2238.75
2005,A,KOR,S1,S1,POP,_Z,_Z,_Z,PS,_Z,N,T0110,48185.0
2005,A,JPN,S1,S1,POP,_Z,_Z,_Z,PS,_Z,N,T0110,127755.0
2005,A,ITA,S1,S1,POP,_Z,_Z,_Z,PS,_Z,N,T0110,58166.7
2005,A,ISL,S1,S1,POP,_Z,_Z,_Z,PS,_Z,N,T0110,296.7
2005,A,HUN,S1,S1,POP,_Z,_Z,_Z,PS,_Z,N,T0110,10087.065
2005,A,GRC,S1,S1,POP,_Z,_Z,_Z,PS,_Z,N,T0110,10987.352
2005,A,DEU,S1,S1,POP,_Z,_Z,_Z,PS,_Z,N,T0110,81337.0
2005,A,FIN,S1,S1,POP,_Z,_Z,_Z,PS,_Z,N,T0110,5246.1
2005,A,EST,S1,S1,POP,_Z,_Z,_Z,PS,_Z,N,T0110,1358.9
2005,A,DNK,S1,S1,POP,_Z,_Z,_Z,PS,_Z,N,T0110,5418.559
2005,A,CZE,S1,S1,POP,_Z,_Z,_Z,PS,_Z,N,T0110,10234.092
2005,A,CRI,S1,S1,POP,_Z,_Z,_Z,PS,_Z,N,T0110,4214.242
2005,A,COL,S1,S1,POP,_Z,_Z,_Z,PS,_Z,N,T0110,40532.688083
2005,A,CHL,S1,S1,POP,_Z,_Z,_Z,PS,_Z,N,T0110,16283.29545
2005,A,CAN,S1,S1,POP,_Z,_Z,_Z,PS,_Z,N,T0110,32242.732
2005,A,AUT,S1,S1,POP,_Z,_Z,_Z,PS,_Z,N,T0110,8225.278
2004,A,ZAF,S1,S1,POP,_Z,_Z,_Z,PS,_Z,N,T0110,47020.712718
2004,A,SGP,S1,S1,POP,_Z,_Z,_Z,PS,_Z,N,T0110,4167.0
2004,A,SRB,S1,S1,POP,_Z,_Z,_Z,PS,_Z,N,T0110,7463.157
2004,A,SEN,S1,S1,POP,_Z,_Z,_Z,PS,_Z,N,T0110,10438.565375
2004,A,RUS,S1,S1,POP,_Z,_Z,_Z,PS,_Z,N,T0110,144067.32
2004,A,MLT,S1,S1,POP,_Z,_Z,_Z,PS,_Z,N,T0110,401.16
2004,A,IDN,S1,S1,POP,_Z,_Z,_Z,PS,_Z,N,T0110,217891.804
2004,A,CYP,S1,S1,POP,_Z,_Z,_Z,PS,_Z,N,T0110,727.98
2004,A,HRV,S1,S1,POP,_Z,_Z,_Z,PS,_Z,N,T0110,4308.293
2004,A,CHN,S1,S1,POP,_Z,_Z,_Z,PS,_Z,N,T0110,1299880.0
2004,A,CMR,S1,S1,POP,_Z,_Z,_Z,PS,_Z,N,T0110,17259.0
2004,A,BGR,S1,S1,POP,_Z,_Z,_Z,PS,_Z,N,T0110,7781.161
2004,A,BRA,S1,S1,POP,_Z,_Z,_Z,PS,_Z,N,T0110,182865.043
2004,A,ARG,S1,S1,POP,_Z,_Z,_Z,PS,_Z,N,T0110,38226.0
2004,A,ALB,S1,S1,POP,_Z,_Z,_Z,PS,_Z,N,T0110,3026.939
2004,A,USA,S1,S1,POP,_Z,_Z,_Z,PS,_Z,N,T0110,293262.0
2004,A,TUR,S1,S1,POP,_Z,_Z,_Z,PS,_Z,N,T0110,67599.0
2004,A,CHE,S1,S1,POP,_Z,_Z,_Z,PS,_Z,N,T0110,7443.493906
2004,A,SWE,S1,S1,POP,_Z,_Z,_Z,PS,_Z,N,T0110,8993.5
2004,A,ESP,S1,S1,POP,_Z,_Z,_Z,PS,_Z,N,T0110,42859.172
2004,A,SVN,S1,S1,POP,_Z,_Z,_Z,PS,_Z,N,T0110,1997.271
2004,A,SVK,S1,S1,POP,_Z,_Z,_Z,PS,_Z,N,T0110,5382.364
2004,A,PRT,S1,S1,POP,_Z,_Z,_Z,PS,_Z,N,T0110,10483.861
2004,A,POL,S1,S1,POP,_Z,_Z,_Z,PS,_Z,N,T0110,38180.249
2004,A,NOR,S1,S1,POP,_Z,_Z,_Z,PS,_Z,N,T0110,4592.0
2004,A,NLD,S1,S1,POP,_Z,_Z,_Z,PS,_Z,N,T0110,16282.0
2004,A,LUX,S1,S1,POP,_Z,_Z,_Z,PS,_Z,N,T0110,458.512
2004,A,LTU,S1,S1,POP,_Z,_Z,_Z,PS,_Z,N,T0110,3377.075
2004,A,LVA,S1,S1,POP,_Z,_Z,_Z,PS,_Z,N,T0110,2263.0
2004,A,KOR,S1,S1,POP,_Z,_Z,_Z,PS,_Z,N,T0110,48083.0
2004,A,JPN,S1,S1,POP,_Z,_Z,_Z,PS,_Z,N,T0110,127734.0
2004,A,ITA,S1,S1,POP,_Z,_Z,_Z,PS,_Z,N,T0110,57828.2
2004,A,ISL,S1,S1,POP,_Z,_Z,_Z,PS,_Z,N,T0110,292.1
2004,A,HUN,S1,S1,POP,_Z,_Z,_Z,PS,_Z,N,T0110,10107.146
2004,A,GRC,S1,S1,POP,_Z,_Z,_Z,PS,_Z,N,T0110,10955.163
2004,A,DEU,S1,S1,POP,_Z,_Z,_Z,PS,_Z,N,T0110,81456.0
2004,A,FIN,S1,S1,POP,_Z,_Z,_Z,PS,_Z,N,T0110,5228.2
2004,A,EST,S1,S1,POP,_Z,_Z,_Z,PS,_Z,N,T0110,1366.3
2004,A,DNK,S1,S1,POP,_Z,_Z,_Z,PS,_Z,N,T0110,5403.04
2004,A,CZE,S1,S1,POP,_Z,_Z,_Z,PS,_Z,N,T0110,10206.923
2004,A,CRI,S1,S1,POP,_Z,_Z,_Z,PS,_Z,N,T0110,4147.673
2004,A,COL,S1,S1,POP,_Z,_Z,_Z,PS,_Z,N,T0110,40066.908
2004,A,CHL,S1,S1,POP,_Z,_Z,_Z,PS,_Z,N,T0110,16090.05447
2004,A,CAN,S1,S1,POP,_Z,_Z,_Z,PS,_Z,N,T0110,31938.807
2004,A,AUT,S1,S1,POP,_Z,_Z,_Z,PS,_Z,N,T0110,8169.441
2003,A,ZAF,S1,S1,POP,_Z,_Z,_Z,PS,_Z,N,T0110,46460.58146
2003,A,SGP,S1,S1,POP,_Z,_Z,_Z,PS,_Z,N,T0110,4115.0
2003,A,SRB,S1,S1,POP,_Z,_Z,_Z,PS,_Z,N,T0110,7480.591
2003,A,SEN,S1,S1,POP,_Z,_Z,_Z,PS,_Z,N,T0110,10144.378401
2003,A,RUS,S1,S1,POP,_Z,_Z,_Z,PS,_Z,N,T0110,144648.62
2003,A,ROU,S1,S1,POP,_Z,_Z,_Z,PS,_Z,N,T0110,21574.37
2003,A,MLT,S1,S1,POP,_Z,_Z,_Z,PS,_Z,N,T0110,398.567
2003,A,IDN,S1,S1,POP,_Z,_Z,_Z,PS,_Z,N,T0110,214629.366
2003,A,CYP,S1,S1,POP,_Z,_Z,_Z,PS,_Z,N,T0110,718.307
2003,A,HRV,S1,S1,POP,_Z,_Z,_Z,PS,_Z,N,T0110,4305.555
2003,A,CHN,S1,S1,POP,_Z,_Z,_Z,PS,_Z,N,T0110,1292270.0
2003,A,CMR,S1,S1,POP,_Z,_Z,_Z,PS,_Z,N,T0110,16801.0
2003,A,BGR,S1,S1,POP,_Z,_Z,_Z,PS,_Z,N,T0110,7823.557
2003,A,BRA,S1,S1,POP,_Z,_Z,_Z,PS,_Z,N,T0110,180708.344
2003,A,ARG,S1,S1,POP,_Z,_Z,_Z,PS,_Z,N,T0110,37870.0
2003,A,ALB,S1,S1,POP,_Z,_Z,_Z,PS,_Z,N,T0110,3039.616
2003,A,USA,S1,S1,POP,_Z,_Z,_Z,PS,_Z,N,T0110,290626.0
2003,A,TUR,S1,S1,POP,_Z,_Z,_Z,PS,_Z,N,T0110,66795.0
2003,A,CHE,S1,S1,POP,_Z,_Z,_Z,PS,_Z,N,T0110,7394.05275
2011,A,EST,S1,S1,POP,_Z,_Z,_Z,PS,_Z,N,T0110,1329.7
2011,A,DNK,S1,S1,POP,_Z,_Z,_Z,PS,_Z,N,T0110,5570.213
2011,A,CZE,S1,S1,POP,_Z,_Z,_Z,PS,_Z,N,T0110,10496.672
2011,A,CRI,S1,S1,POP,_Z,_Z,_Z,PS,_Z,N,T0110,4589.639
2011,A,COL,S1,S1,POP,_Z,_Z,_Z,PS,_Z,N,T0110,43325.6005
2011,A,CHL,S1,S1,POP,_Z,_Z,_Z,PS,_Z,N,T0110,17254.159
2011,A,CAN,S1,S1,POP,_Z,_Z,_Z,PS,_Z,N,T0110,34339.221
2011,A,AUT,S1,S1,POP,_Z,_Z,_Z,PS,_Z,N,T0110,8388.534
2010,A,ZMB,S1,S1,POP,_Z,_Z,_Z,PS,_Z,N,T0110,13792.086
2010,A,SGP,S1,S1,POP,_Z,_Z,_Z,PS,_Z,N,T0110,5077.0
2010,A,SRB,S1,S1,POP,_Z,_Z,_Z,PS,_Z,N,T0110,7291.436
2010,A,SEN,S1,S1,POP,_Z,_Z,_Z,PS,_Z,N,T0110,12391.761
2010,A,RUS,S1,S1,POP,_Z,_Z,_Z,PS,_Z,N,T0110,142849.47
2010,A,ROU,S1,S1,POP,_Z,_Z,_Z,PS,_Z,N,T0110,20246.8
2010,A,MLT,S1,S1,POP,_Z,_Z,_Z,PS,_Z,N,T0110,414.47
2010,A,MDG,S1,S1,POP,_Z,_Z,_Z,PS,_Z,N,T0110,21731.053
2010,A,IDN,S1,S1,POP,_Z,_Z,_Z,PS,_Z,N,T0110,238518.8
2010,A,GEO,S1,S1,POP,_Z,_Z,_Z,PS,_Z,N,T0110,3786.695
2010,A,CYP,S1,S1,POP,_Z,_Z,_Z,PS,_Z,N,T0110,829.446
2010,A,HRV,S1,S1,POP,_Z,_Z,_Z,PS,_Z,N,T0110,4296.352
2010,A,CHN,S1,S1,POP,_Z,_Z,_Z,PS,_Z,N,T0110,1340910.0
2010,A,CMR,S1,S1,POP,_Z,_Z,_Z,PS,_Z,N,T0110,20341.0
2010,A,CPV,S1,S1,POP,_Z,_Z,_Z,PS,_Z,N,T0110,509.7845
2010,A,BGR,S1,S1,POP,_Z,_Z,_Z,PS,_Z,N,T0110,7534.289
2010,A,BRA,S1,S1,POP,_Z,_Z,_Z,PS,_Z,N,T0110,194890.682
2010,A,ARG,S1,S1,POP,_Z,_Z,_Z,PS,_Z,N,T0110,40788.453
2010,A,ALB,S1,S1,POP,_Z,_Z,_Z,PS,_Z,N,T0110,2913.021
2010,A,USA,S1,S1,POP,_Z,_Z,_Z,PS,_Z,N,T0110,309839.0
2010,A,TUR,S1,S1,POP,_Z,_Z,_Z,PS,_Z,N,T0110,73142.0
2010,A,CHE,S1,S1,POP,_Z,_Z,_Z,PS,_Z,N,T0110,7839.1045
2010,A,SWE,S1,S1,POP,_Z,_Z,_Z,PS,_Z,N,T0110,9377.0
2010,A,ESP,S1,S1,POP,_Z,_Z,_Z,PS,_Z,N,T0110,46562.483
2010,A,SVN,S1,S1,POP,_Z,_Z,_Z,PS,_Z,N,T0110,2048.821
2010,A,SVK,S1,S1,POP,_Z,_Z,_Z,PS,_Z,N,T0110,5429.973
2010,A,PRT,S1,S1,POP,_Z,_Z,_Z,PS,_Z,N,T0110,10573.1
2010,A,NOR,S1,S1,POP,_Z,_Z,_Z,PS,_Z,N,T0110,4889.0
2010,A,NLD,S1,S1,POP,_Z,_Z,_Z,PS,_Z,N,T0110,16615.0
2010,A,MEX,S1,S1,POP,_Z,_Z,_Z,PS,_Z,N,T0110,112363.037
2010,A,LUX,S1,S1,POP,_Z,_Z,_Z,PS,_Z,N,T0110,507.538
2010,A,LTU,S1,S1,POP,_Z,_Z,_Z,PS,_Z,N,T0110,3097.282
2010,A,LVA,S1,S1,POP,_Z,_Z,_Z,PS,_Z,N,T0110,2097.288
2010,A,KOR,S1,S1,POP,_Z,_Z,_Z,PS,_Z,N,T0110,49554.0
2010,A,JPN,S1,S1,POP,_Z,_Z,_Z,PS,_Z,N,T0110,128043.0
2010,A,ITA,S1,S1,POP,_Z,_Z,_Z,PS,_Z,N,T0110,59819.4
2010,A,IRL,S1,S1,POP,_Z,_Z,_Z,PS,_Z,N,T0110,4559.769
2010,A,ISL,S1,S1,POP,_Z,_Z,_Z,PS,_Z,N,T0110,314.7
2010,A,HUN,S1,S1,POP,_Z,_Z,_Z,PS,_Z,N,T0110,10000.023
2010,A,GRC,S1,S1,POP,_Z,_Z,_Z,PS,_Z,N,T0110,11121.383
2010,A,DEU,S1,S1,POP,_Z,_Z,_Z,PS,_Z,N,T0110,80284.0
2010,A,FIN,S1,S1,POP,_Z,_Z,_Z,PS,_Z,N,T0110,5363.4
2010,A,EST,S1,S1,POP,_Z,_Z,_Z,PS,_Z,N,T0110,1333.3
2010,A,DNK,S1,S1,POP,_Z,_Z,_Z,PS,_Z,N,T0110,5547.363
2010,A,CZE,S1,S1,POP,_Z,_Z,_Z,PS,_Z,N,T0110,10517.247
2010,A,CRI,S1,S1,POP,_Z,_Z,_Z,PS,_Z,N,T0110,4546.674
2010,A,COL,S1,S1,POP,_Z,_Z,_Z,PS,_Z,N,T0110,42880.824833
2010,A,CHL,S1,S1,POP,_Z,_Z,_Z,PS,_Z,N,T0110,17063.927
2010,A,CAN,S1,S1,POP,_Z,_Z,_Z,PS,_Z,N,T0110,34005.902
2010,A,AUT,S1,S1,POP,_Z,_Z,_Z,PS,_Z,N,T0110,8361.069
2009,A,ZMB,S1,S1,POP,_Z,_Z,_Z,PS,_Z,N,T0110,13318.087
2009,A,SGP,S1,S1,POP,_Z,_Z,_Z,PS,_Z,N,T0110,4988.0
2009,A,SRB,S1,S1,POP,_Z,_Z,_Z,PS,_Z,N,T0110,7320.807
2009,A,SEN,S1,S1,POP,_Z,_Z,_Z,PS,_Z,N,T0110,12042.528
2009,A,RUS,S1,S1,POP,_Z,_Z,_Z,PS,_Z,N,T0110,142785.35
2009,A,ROU,S1,S1,POP,_Z,_Z,_Z,PS,_Z,N,T0110,20367.44
2009,A,MLT,S1,S1,POP,_Z,_Z,_Z,PS,_Z,N,T0110,412.452
2009,A,MDG,S1,S1,POP,_Z,_Z,_Z,PS,_Z,N,T0110,21117.092
2009,A,IDN,S1,S1,POP,_Z,_Z,_Z,PS,_Z,N,T0110,234962.716
2009,A,CYP,S1,S1,POP,_Z,_Z,_Z,PS,_Z,N,T0110,808.035
2009,A,HRV,S1,S1,POP,_Z,_Z,_Z,PS,_Z,N,T0110,4306.322
2009,A,CHN,S1,S1,POP,_Z,_Z,_Z,PS,_Z,N,T0110,1334500.0
2009,A,CMR,S1,S1,POP,_Z,_Z,_Z,PS,_Z,N,T0110,19790.0
2009,A,CPV,S1,S1,POP,_Z,_Z,_Z,PS,_Z,N,T0110,506.141
2009,A,BGR,S1,S1,POP,_Z,_Z,_Z,PS,_Z,N,T0110,7585.131
2009,A,BRA,S1,S1,POP,_Z,_Z,_Z,PS,_Z,N,T0110,192980.905
2009,A,ARG,S1,S1,POP,_Z,_Z,_Z,PS,_Z,N,T0110,40134.0
2009,A,ALB,S1,S1,POP,_Z,_Z,_Z,PS,_Z,N,T0110,2927.519
2009,A,USA,S1,S1,POP,_Z,_Z,_Z,PS,_Z,N,T0110,307240.0
2009,A,TUR,S1,S1,POP,_Z,_Z,_Z,PS,_Z,N,T0110,72039.0
2009,A,CHE,S1,S1,POP,_Z,_Z,_Z,PS,_Z,N,T0110,7779.185844
2009,A,SWE,S1,S1,POP,_Z,_Z,_Z,PS,_Z,N,T0110,9296.5
2009,A,ESP,S1,S1,POP,_Z,_Z,_Z,PS,_Z,N,T0110,46367.55
2009,A,SVN,S1,S1,POP,_Z,_Z,_Z,PS,_Z,N,T0110,2041.66
2009,A,SVK,S1,S1,POP,_Z,_Z,_Z,PS,_Z,N,T0110,5417.758
2009,A,PRT,S1,S1,POP,_Z,_Z,_Z,PS,_Z,N,T0110,10568.247
2009,A,NOR,S1,S1,POP,_Z,_Z,_Z,PS,_Z,N,T0110,4829.0
2009,A,NLD,S1,S1,POP,_Z,_Z,_Z,PS,_Z,N,T0110,16530.0
2009,A,MEX,S1,S1,POP,_Z,_Z,_Z,PS,_Z,N,T0110,110852.012
2009,A,LUX,S1,S1,POP,_Z,_Z,_Z,PS,_Z,N,T0110,498.218
2009,A,LTU,S1,S1,POP,_Z,_Z,_Z,PS,_Z,N,T0110,3162.916
2009,A,LVA,S1,S1,POP,_Z,_Z,_Z,PS,_Z,N,T0110,2141.988
2009,A,KOR,S1,S1,POP,_Z,_Z,_Z,PS,_Z,N,T0110,49308.0
2009,A,JPN,S1,S1,POP,_Z,_Z,_Z,PS,_Z,N,T0110,128034.0
2009,A,ITA,S1,S1,POP,_Z,_Z,_Z,PS,_Z,N,T0110,59555.5
2009,A,IRL,S1,S1,POP,_Z,_Z,_Z,PS,_Z,N,T0110,4539.158
2009,A,ISL,S1,S1,POP,_Z,_Z,_Z,PS,_Z,N,T0110,318.5
2009,A,HUN,S1,S1,POP,_Z,_Z,_Z,PS,_Z,N,T0110,10022.65
2009,A,GRC,S1,S1,POP,_Z,_Z,_Z,PS,_Z,N,T0110,11107.024
2009,A,DEU,S1,S1,POP,_Z,_Z,_Z,PS,_Z,N,T0110,80483.0
2009,A,FIN,S1,S1,POP,_Z,_Z,_Z,PS,_Z,N,T0110,5338.9
2009,A,EST,S1,S1,POP,_Z,_Z,_Z,PS,_Z,N,T0110,1335.7
2009,A,DNK,S1,S1,POP,_Z,_Z,_Z,PS,_Z,N,T0110,5522.588
2009,A,CZE,S1,S1,POP,_Z,_Z,_Z,PS,_Z,N,T0110,10491.492
2009,A,CRI,S1,S1,POP,_Z,_Z,_Z,PS,_Z,N,T0110,4470.132
2009,A,COL,S1,S1,POP,_Z,_Z,_Z,PS,_Z,N,T0110,42384.604833
2009,A,CHL,S1,S1,POP,_Z,_Z,_Z,PS,_Z,N,T0110,16927.785
2009,A,CAN,S1,S1,POP,_Z,_Z,_Z,PS,_Z,N,T0110,33630.069
2009,A,AUT,S1,S1,POP,_Z,_Z,_Z,PS,_Z,N,T0110,8341.483
2008,A,ZMB,S1,S1,POP,_Z,_Z,_Z,PS,_Z,N,T0110,12852.966
2008,A,SGP,S1,S1,POP,_Z,_Z,_Z,PS,_Z,N,T0110,4839.0
2008,A,SRB,S1,S1,POP,_Z,_Z,_Z,PS,_Z,N,T0110,7350.222
2008,A,SEN,S1,S1,POP,_Z,_Z,_Z,PS,_Z,N,T0110,11703.137
2008,A,RUS,S1,S1,POP,_Z,_Z,_Z,PS,_Z,N,T0110,142742.37
2008,A,ROU,S1,S1,POP,_Z,_Z,_Z,PS,_Z,N,T0110,20537.85
2008,A,MLT,S1,S1,POP,_Z,_Z,_Z,PS,_Z,N,T0110,409.375
2008,A,MDG,S1,S1,POP,_Z,_Z,_Z,PS,_Z,N,T0110,20513.599
2008,A,IDN,S1,S1,POP,_Z,_Z,_Z,PS,_Z,N,T0110,231444.727
2008,A,CYP,S1,S1,POP,_Z,_Z,_Z,PS,_Z,N,T0110,786.632
2008,A,HRV,S1,S1,POP,_Z,_Z,_Z,PS,_Z,N,T0110,4310.882
2008,A,CHN,S1,S1,POP,_Z,_Z,_Z,PS,_Z,N,T0110,1328020.0
2008,A,CMR,S1,S1,POP,_Z,_Z,_Z,PS,_Z,N,T0110,19253.0
2008,A,CPV,S1,S1,POP,_Z,_Z,_Z,PS,_Z,N,T0110,501.355
2008,A,BGR,S1,S1,POP,_Z,_Z,_Z,PS,_Z,N,T0110,7623.395
2008,A,BRA,S1,S1,POP,_Z,_Z,_Z,PS,_Z,N,T0110,191010.274
2008,A,ARG,S1,S1,POP,_Z,_Z,_Z,PS,_Z,N,T0110,39746.0
2008,A,ALB,S1,S1,POP,_Z,_Z,_Z,PS,_Z,N,T0110,2947.314
2008,A,USA,S1,S1,POP,_Z,_Z,_Z,PS,_Z,N,T0110,304543.0
2008,A,TUR,S1,S1,POP,_Z,_Z,_Z,PS,_Z,N,T0110,71052.0
2008,A,CHE,S1,S1,POP,_Z,_Z,_Z,PS,_Z,N,T0110,7692.100906
2008,A,SWE,S1,S1,POP,_Z,_Z,_Z,PS,_Z,N,T0110,9218.1
2008,A,ESP,S1,S1,POP,_Z,_Z,_Z,PS,_Z,N,T0110,45983.169
2008,A,SVK,S1,S1,POP,_Z,_Z,_Z,PS,_Z,N,T0110,5405.86
2008,A,PRT,S1,S1,POP,_Z,_Z,_Z,PS,_Z,N,T0110,10558.177
2008,A,POL,S1,S1,POP,_Z,_Z,_Z,PS,_Z,N,T0110,38115.909
2008,A,NOR,S1,S1,POP,_Z,_Z,_Z,PS,_Z,N,T0110,4768.0
2008,A,NLD,S1,S1,POP,_Z,_Z,_Z,PS,_Z,N,T0110,16446.0
2008,A,MEX,S1,S1,POP,_Z,_Z,_Z,PS,_Z,N,T0110,109326.768
2008,A,LUX,S1,S1,POP,_Z,_Z,_Z,PS,_Z,N,T0110,489.225
2008,A,LTU,S1,S1,POP,_Z,_Z,_Z,PS,_Z,N,T0110,3198.231
2008,A,LVA,S1,S1,POP,_Z,_Z,_Z,PS,_Z,N,T0110,2177.725
2008,A,KOR,S1,S1,POP,_Z,_Z,_Z,PS,_Z,N,T0110,49055.0
2008,A,JPN,S1,S1,POP,_Z,_Z,_Z,PS,_Z,N,T0110,128045.0
2008,A,ITA,S1,S1,POP,_Z,_Z,_Z,PS,_Z,N,T0110,59211.2
2008,A,IRL,S1,S1,POP,_Z,_Z,_Z,PS,_Z,N,T0110,4496.032
2008,A,ISL,S1,S1,POP,_Z,_Z,_Z,PS,_Z,N,T0110,317.4
2008,A,HUN,S1,S1,POP,_Z,_Z,_Z,PS,_Z,N,T0110,10038.188
2008,A,GRC,S1,S1,POP,_Z,_Z,_Z,PS,_Z,N,T0110,11077.863
2008,A,DEU,S1,S1,POP,_Z,_Z,_Z,PS,_Z,N,T0110,80764.0
2008,A,FIN,S1,S1,POP,_Z,_Z,_Z,PS,_Z,N,T0110,5313.4
2008,A,EST,S1,S1,POP,_Z,_Z,_Z,PS,_Z,N,T0110,1338.4
2008,A,DNK,S1,S1,POP,_Z,_Z,_Z,PS,_Z,N,T0110,5492.726
2008,A,CZE,S1,S1,POP,_Z,_Z,_Z,PS,_Z,N,T0110,10429.692
2008,A,CRI,S1,S1,POP,_Z,_Z,_Z,PS,_Z,N,T0110,4402.775
2008,A,COL,S1,S1,POP,_Z,_Z,_Z,PS,_Z,N,T0110,41911.459083
2008,A,CHL,S1,S1,POP,_Z,_Z,_Z,PS,_Z,N,T0110,16763.59525
2008,A,CAN,S1,S1,POP,_Z,_Z,_Z,PS,_Z,N,T0110,33247.298
2008,A,BEL,S1,S1,POP,_Z,_Z,_Z,PS,_Z,N,T0110,10710.0
2008,A,AUT,S1,S1,POP,_Z,_Z,_Z,PS,_Z,N,T0110,8321.541
2007,A,ZMB,S1,S1,POP,_Z,_Z,_Z,PS,_Z,N,T0110,12402.073
2007,A,ZAF,S1,S1,POP,_Z,_Z,_Z,PS,_Z,N,T0110,48830.411277
2007,A,SGP,S1,S1,POP,_Z,_Z,_Z,PS,_Z,N,T0110,4589.0
2007,A,SRB,S1,S1,POP,_Z,_Z,_Z,PS,_Z,N,T0110,7381.579
2007,A,SEN,S1,S1,POP,_Z,_Z,_Z,PS,_Z,N,T0110,11373.311
2007,A,RUS,S1,S1,POP,_Z,_Z,_Z,PS,_Z,N,T0110,142805.11
2007,A,ROU,S1,S1,POP,_Z,_Z,_Z,PS,_Z,N,T0110,20882.98
2007,A,MLT,S1,S1,POP,_Z,_Z,_Z,PS,_Z,N,T0110,406.738
2007,A,MDG,S1,S1,POP,_Z,_Z,_Z,PS,_Z,N,T0110,19924.958
2007,A,IDN,S1,S1,POP,_Z,_Z,_Z,PS,_Z,N,T0110,227979.424
2007,A,CYP,S1,S1,POP,_Z,_Z,_Z,PS,_Z,N,T0110,767.125
2007,A,HRV,S1,S1,POP,_Z,_Z,_Z,PS,_Z,N,T0110,4312.749
2007,A,CHN,S1,S1,POP,_Z,_Z,_Z,PS,_Z,N,T0110,1321290.0
2007,A,CMR,S1,S1,POP,_Z,_Z,_Z,PS,_Z,N,T0110,18730.0
2007,A,CPV,S1,S1,POP,_Z,_Z,_Z,PS,_Z,N,T0110,496.1895
2007,A,BGR,S1,S1,POP,_Z,_Z,_Z,PS,_Z,N,T0110,7659.764
2007,A,BRA,S1,S1,POP,_Z,_Z,_Z,PS,_Z,N,T0110,189038.268
2007,A,ARG,S1,S1,POP,_Z,_Z,_Z,PS,_Z,N,T0110,39356.0
2007,A,ALB,S1,S1,POP,_Z,_Z,_Z,PS,_Z,N,T0110,2970.017
2007,A,USA,S1,S1,POP,_Z,_Z,_Z,PS,_Z,N,T0110,301696.0
2007,A,TUR,S1,S1,POP,_Z,_Z,_Z,PS,_Z,N,T0110,70158.0
2007,A,CHE,S1,S1,POP,_Z,_Z,_Z,PS,_Z,N,T0110,7601.839063
2007,A,SWE,S1,S1,POP,_Z,_Z,_Z,PS,_Z,N,T0110,9146.0
2007,A,ESP,S1,S1,POP,_Z,_Z,_Z,PS,_Z,N,T0110,45236.004
2007,A,SVN,S1,S1,POP,_Z,_Z,_Z,PS,_Z,N,T0110,2018.865
2007,A,SVK,S1,S1,POP,_Z,_Z,_Z,PS,_Z,N,T0110,5396.568
2007,A,PRT,S1,S1,POP,_Z,_Z,_Z,PS,_Z,N,T0110,10542.964
2014,A,GEO,S1,S1,POP,_Z,_Z,_Z,PS,_Z,N,T0110,3719.4135
2014,A,CYP,S1,S1,POP,_Z,_Z,_Z,PS,_Z,N,T0110,852.504
2014,A,HRV,S1,S1,POP,_Z,_Z,_Z,PS,_Z,N,T0110,4236.063
2014,A,CHN,S1,S1,POP,_Z,_Z,_Z,PS,_Z,N,T0110,1376460.0
2014,A,CMR,S1,S1,POP,_Z,_Z,_Z,PS,_Z,N,T0110,22682.0
2014,A,CPV,S1,S1,POP,_Z,_Z,_Z,PS,_Z,N,T0110,512.3255
2014,A,BGR,S1,S1,POP,_Z,_Z,_Z,PS,_Z,N,T0110,7073.572
2014,A,BRA,S1,S1,POP,_Z,_Z,_Z,PS,_Z,N,T0110,201717.541
2014,A,ARG,S1,S1,POP,_Z,_Z,_Z,PS,_Z,N,T0110,42669.5
2014,A,ALB,S1,S1,POP,_Z,_Z,_Z,PS,_Z,N,T0110,2889.104
2014,A,USA,S1,S1,POP,_Z,_Z,_Z,PS,_Z,N,T0110,319601.0
2014,A,TUR,S1,S1,POP,_Z,_Z,_Z,PS,_Z,N,T0110,77182.0
2014,A,CHE,S1,S1,POP,_Z,_Z,_Z,PS,_Z,N,T0110,8188.5415
2014,A,SWE,S1,S1,POP,_Z,_Z,_Z,PS,_Z,N,T0110,9697.025
2014,A,ESP,S1,S1,POP,_Z,_Z,_Z,PS,_Z,N,T0110,46433.05
2014,A,SVN,S1,S1,POP,_Z,_Z,_Z,PS,_Z,N,T0110,2061.8
2014,A,SVK,S1,S1,POP,_Z,_Z,_Z,PS,_Z,N,T0110,5418.559
2014,A,PRT,S1,S1,POP,_Z,_Z,_Z,PS,_Z,N,T0110,10419.607
2014,A,POL,S1,S1,POP,_Z,_Z,_Z,PS,_Z,N,T0110,38006.154
2014,A,NOR,S1,S1,POP,_Z,_Z,_Z,PS,_Z,N,T0110,5137.0
2014,A,NLD,S1,S1,POP,_Z,_Z,_Z,PS,_Z,N,T0110,16865.0
2014,A,MEX,S1,S1,POP,_Z,_Z,_Z,PS,_Z,N,T0110,117701.008
2014,A,LUX,S1,S1,POP,_Z,_Z,_Z,PS,_Z,N,T0110,558.325
2014,A,LTU,S1,S1,POP,_Z,_Z,_Z,PS,_Z,N,T0110,2937.253
2014,A,LVA,S1,S1,POP,_Z,_Z,_Z,PS,_Z,N,T0110,1994.25
2014,A,KOR,S1,S1,POP,_Z,_Z,_Z,PS,_Z,N,T0110,50747.0
2014,A,JPN,S1,S1,POP,_Z,_Z,_Z,PS,_Z,N,T0110,127262.0
2014,A,ITA,S1,S1,POP,_Z,_Z,_Z,PS,_Z,N,T0110,60320.7
2014,A,ISL,S1,S1,POP,_Z,_Z,_Z,PS,_Z,N,T0110,321.4
2014,A,HUN,S1,S1,POP,_Z,_Z,_Z,PS,_Z,N,T0110,9833.038
2014,A,GRC,S1,S1,POP,_Z,_Z,_Z,PS,_Z,N,T0110,10892.381
2014,A,DEU,S1,S1,POP,_Z,_Z,_Z,PS,_Z,N,T0110,80983.0
2014,A,FIN,S1,S1,POP,_Z,_Z,_Z,PS,_Z,N,T0110,5462.5
2014,A,EST,S1,S1,POP,_Z,_Z,_Z,PS,_Z,N,T0110,1315.8
2014,A,DNK,S1,S1,POP,_Z,_Z,_Z,PS,_Z,N,T0110,5643.346
2014,A,CZE,S1,S1,POP,_Z,_Z,_Z,PS,_Z,N,T0110,10503.791
2014,A,CRI,S1,S1,POP,_Z,_Z,_Z,PS,_Z,N,T0110,4770.658
2014,A,COL,S1,S1,POP,_Z,_Z,_Z,PS,_Z,N,T0110,44914.122417
2014,A,CHL,S1,S1,POP,_Z,_Z,_Z,PS,_Z,N,T0110,17787.617006
2014,A,CAN,S1,S1,POP,_Z,_Z,_Z,PS,_Z,N,T0110,35434.066
2014,A,AUT,S1,S1,POP,_Z,_Z,_Z,PS,_Z,N,T0110,8543.932
2013,A,ZMB,S1,S1,POP,_Z,_Z,_Z,PS,_Z,N,T0110,15234.976
2013,A,SGP,S1,S1,POP,_Z,_Z,_Z,PS,_Z,N,T0110,5399.0
2013,A,SRB,S1,S1,POP,_Z,_Z,_Z,PS,_Z,N,T0110,7166.553
2013,A,SEN,S1,S1,POP,_Z,_Z,_Z,PS,_Z,N,T0110,13510.0
2013,A,RUS,S1,S1,POP,_Z,_Z,_Z,PS,_Z,N,T0110,143507.0
2013,A,ROU,S1,S1,POP,_Z,_Z,_Z,PS,_Z,N,T0110,19988.69
2013,A,MLT,S1,S1,POP,_Z,_Z,_Z,PS,_Z,N,T0110,426.073
2013,A,MDG,S1,S1,POP,_Z,_Z,_Z,PS,_Z,N,T0110,23588.074
2013,A,IDN,S1,S1,POP,_Z,_Z,_Z,PS,_Z,N,T0110,248818.1
2013,A,IND,S1,S1,POP,_Z,_Z,_Z,PS,_Z,N,T0110,1251000.0
2013,A,GEO,S1,S1,POP,_Z,_Z,_Z,PS,_Z,N,T0110,3717.6675
2013,A,CYP,S1,S1,POP,_Z,_Z,_Z,PS,_Z,N,T0110,861.939
2013,A,HRV,S1,S1,POP,_Z,_Z,_Z,PS,_Z,N,T0110,4254.475
2013,A,CHN,S1,S1,POP,_Z,_Z,_Z,PS,_Z,N,T0110,1367260.0
2013,A,CMR,S1,S1,POP,_Z,_Z,_Z,PS,_Z,N,T0110,22077.0
2013,A,CPV,S1,S1,POP,_Z,_Z,_Z,PS,_Z,N,T0110,512.225
2013,A,BGR,S1,S1,POP,_Z,_Z,_Z,PS,_Z,N,T0110,7160.005
2013,A,BRA,S1,S1,POP,_Z,_Z,_Z,PS,_Z,N,T0110,200004.188
2013,A,ARG,S1,S1,POP,_Z,_Z,_Z,PS,_Z,N,T0110,42202.935
2013,A,ALB,S1,S1,POP,_Z,_Z,_Z,PS,_Z,N,T0110,2895.092
2013,A,USA,S1,S1,POP,_Z,_Z,_Z,PS,_Z,N,T0110,317099.0
2013,A,TUR,S1,S1,POP,_Z,_Z,_Z,PS,_Z,N,T0110,76148.0
2013,A,CHE,S1,S1,POP,_Z,_Z,_Z,PS,_Z,N,T0110,8089.15775
2013,A,SWE,S1,S1,POP,_Z,_Z,_Z,PS,_Z,N,T0110,9598.95
2013,A,ESP,S1,S1,POP,_Z,_Z,_Z,PS,_Z,N,T0110,46581.124
2013,A,SVN,S1,S1,POP,_Z,_Z,_Z,PS,_Z,N,T0110,2059.547
2013,A,SVK,S1,S1,POP,_Z,_Z,_Z,PS,_Z,N,T0110,5413.003
2013,A,PRT,S1,S1,POP,_Z,_Z,_Z,PS,_Z,N,T0110,10473.991
2013,A,POL,S1,S1,POP,_Z,_Z,_Z,PS,_Z,N,T0110,38031.632
2013,A,NOR,S1,S1,POP,_Z,_Z,_Z,PS,_Z,N,T0110,5080.0
2013,A,NLD,S1,S1,POP,_Z,_Z,_Z,PS,_Z,N,T0110,16804.0
2013,A,MEX,S1,S1,POP,_Z,_Z,_Z,PS,_Z,N,T0110,116353.584
2013,A,LUX,S1,S1,POP,_Z,_Z,_Z,PS,_Z,N,T0110,545.325
2013,A,LTU,S1,S1,POP,_Z,_Z,_Z,PS,_Z,N,T0110,2961.25
2013,A,LVA,S1,S1,POP,_Z,_Z,_Z,PS,_Z,N,T0110,2012.812
2013,A,KOR,S1,S1,POP,_Z,_Z,_Z,PS,_Z,N,T0110,50429.0
2013,A,JPN,S1,S1,POP,_Z,_Z,_Z,PS,_Z,N,T0110,127333.0
2013,A,ITA,S1,S1,POP,_Z,_Z,_Z,PS,_Z,N,T0110,60311.6
2013,A,IRL,S1,S1,POP,_Z,_Z,_Z,PS,_Z,N,T0110,4620.042
2013,A,ISL,S1,S1,POP,_Z,_Z,_Z,PS,_Z,N,T0110,317.8
2013,A,HUN,S1,S1,POP,_Z,_Z,_Z,PS,_Z,N,T0110,9872.734
2013,A,GRC,S1,S1,POP,_Z,_Z,_Z,PS,_Z,N,T0110,10965.214
2013,A,DEU,S1,S1,POP,_Z,_Z,_Z,PS,_Z,N,T0110,80646.0
2013,A,FIN,S1,S1,POP,_Z,_Z,_Z,PS,_Z,N,T0110,5439.0
2013,A,EST,S1,S1,POP,_Z,_Z,_Z,PS,_Z,N,T0110,1320.2
2013,A,DNK,S1,S1,POP,_Z,_Z,_Z,PS,_Z,N,T0110,5613.263
2013,A,CZE,S1,S1,POP,_Z,_Z,_Z,PS,_Z,N,T0110,10502.381
2013,A,CRI,S1,S1,POP,_Z,_Z,_Z,PS,_Z,N,T0110,4710.354
2013,A,COL,S1,S1,POP,_Z,_Z,_Z,PS,_Z,N,T0110,44164.648083
2013,A,CHL,S1,S1,POP,_Z,_Z,_Z,PS,_Z,N,T0110,17611.902002
2013,A,CAN,S1,S1,POP,_Z,_Z,_Z,PS,_Z,N,T0110,35080.992
2013,A,AUT,S1,S1,POP,_Z,_Z,_Z,PS,_Z,N,T0110,8477.23
2012,A,ZMB,S1,S1,POP,_Z,_Z,_Z,PS,_Z,N,T0110,14744.658
2012,A,SGP,S1,S1,POP,_Z,_Z,_Z,PS,_Z,N,T0110,5312.0
2012,A,SRB,S1,S1,POP,_Z,_Z,_Z,PS,_Z,N,T0110,7201.497
2012,A,SEN,S1,S1,POP,_Z,_Z,_Z,PS,_Z,N,T0110,13120.905
2012,A,RUS,S1,S1,POP,_Z,_Z,_Z,PS,_Z,N,T0110,143201.72
2012,A,ROU,S1,S1,POP,_Z,_Z,_Z,PS,_Z,N,T0110,20060.18
2012,A,MLT,S1,S1,POP,_Z,_Z,_Z,PS,_Z,N,T0110,420.062
2012,A,MDG,S1,S1,POP,_Z,_Z,_Z,PS,_Z,N,T0110,22966.24
2012,A,IDN,S1,S1,POP,_Z,_Z,_Z,PS,_Z,N,T0110,245425.2
2012,A,IND,S1,S1,POP,_Z,_Z,_Z,PS,_Z,N,T0110,1235000.0
2012,A,GEO,S1,S1,POP,_Z,_Z,_Z,PS,_Z,N,T0110,3728.8735
2012,A,CYP,S1,S1,POP,_Z,_Z,_Z,PS,_Z,N,T0110,863.945
2012,A,HRV,S1,S1,POP,_Z,_Z,_Z,PS,_Z,N,T0110,4269.062
2012,A,CHN,S1,S1,POP,_Z,_Z,_Z,PS,_Z,N,T0110,1359220.0
2012,A,CMR,S1,S1,POP,_Z,_Z,_Z,PS,_Z,N,T0110,21485.0
2012,A,CPV,S1,S1,POP,_Z,_Z,_Z,PS,_Z,N,T0110,511.955
2012,A,BGR,S1,S1,POP,_Z,_Z,_Z,PS,_Z,N,T0110,7264.89
2012,A,BRA,S1,S1,POP,_Z,_Z,_Z,PS,_Z,N,T0110,198314.934
2012,A,ARG,S1,S1,POP,_Z,_Z,_Z,PS,_Z,N,T0110,41733.271
2012,A,ALB,S1,S1,POP,_Z,_Z,_Z,PS,_Z,N,T0110,2900.401
2012,A,USA,S1,S1,POP,_Z,_Z,_Z,PS,_Z,N,T0110,314725.0
2012,A,TUR,S1,S1,POP,_Z,_Z,_Z,PS,_Z,N,T0110,75176.0
2012,A,CHE,S1,S1,POP,_Z,_Z,_Z,PS,_Z,N,T0110,7995.89
2012,A,SWE,S1,S1,POP,_Z,_Z,_Z,PS,_Z,N,T0110,9517.25
2012,A,ESP,S1,S1,POP,_Z,_Z,_Z,PS,_Z,N,T0110,46749.303
2012,A,SVN,S1,S1,POP,_Z,_Z,_Z,PS,_Z,N,T0110,2056.768
2012,A,SVK,S1,S1,POP,_Z,_Z,_Z,PS,_Z,N,T0110,5406.244
2012,A,PRT,S1,S1,POP,_Z,_Z,_Z,PS,_Z,N,T0110,10531.42
2012,A,POL,S1,S1,POP,_Z,_Z,_Z,PS,_Z,N,T0110,38059.134
2012,A,NOR,S1,S1,POP,_Z,_Z,_Z,PS,_Z,N,T0110,5019.0
2012,A,NLD,S1,S1,POP,_Z,_Z,_Z,PS,_Z,N,T0110,16755.0
2012,A,MEX,S1,S1,POP,_Z,_Z,_Z,PS,_Z,N,T0110,115013.177
2012,A,LUX,S1,S1,POP,_Z,_Z,_Z,PS,_Z,N,T0110,531.5
2012,A,LTU,S1,S1,POP,_Z,_Z,_Z,PS,_Z,N,T0110,2989.139
2012,A,LVA,S1,S1,POP,_Z,_Z,_Z,PS,_Z,N,T0110,2033.65
2012,A,KOR,S1,S1,POP,_Z,_Z,_Z,PS,_Z,N,T0110,50200.0
2012,A,JPN,S1,S1,POP,_Z,_Z,_Z,PS,_Z,N,T0110,127552.0
2012,A,ITA,S1,S1,POP,_Z,_Z,_Z,PS,_Z,N,T0110,60191.2
2012,A,ISL,S1,S1,POP,_Z,_Z,_Z,PS,_Z,N,T0110,314.5
2012,A,GRC,S1,S1,POP,_Z,_Z,_Z,PS,_Z,N,T0110,11045.01
2012,A,DEU,S1,S1,POP,_Z,_Z,_Z,PS,_Z,N,T0110,80426.0
2012,A,FIN,S1,S1,POP,_Z,_Z,_Z,PS,_Z,N,T0110,5414.0
2012,A,EST,S1,S1,POP,_Z,_Z,_Z,PS,_Z,N,T0110,1325.2
2012,A,DNK,S1,S1,POP,_Z,_Z,_Z,PS,_Z,N,T0110,5590.77
2012,A,CZE,S1,S1,POP,_Z,_Z,_Z,PS,_Z,N,T0110,10506.87
2012,A,CRI,S1,S1,POP,_Z,_Z,_Z,PS,_Z,N,T0110,4650.517
2012,A,COL,S1,S1,POP,_Z,_Z,_Z,PS,_Z,N,T0110,43752.2765
2012,A,CHL,S1,S1,POP,_Z,_Z,_Z,PS,_Z,N,T0110,17443.491
2012,A,CAN,S1,S1,POP,_Z,_Z,_Z,PS,_Z,N,T0110,34713.395
2012,A,AUT,S1,S1,POP,_Z,_Z,_Z,PS,_Z,N,T0110,8426.311
2011,A,ZMB,S1,S1,POP,_Z,_Z,_Z,PS,_Z,N,T0110,14265.814
2011,A,SGP,S1,S1,POP,_Z,_Z,_Z,PS,_Z,N,T0110,5184.0
2011,A,SRB,S1,S1,POP,_Z,_Z,_Z,PS,_Z,N,T0110,7236.519
2011,A,SEN,S1,S1,POP,_Z,_Z,_Z,PS,_Z,N,T0110,12751.123
2011,A,RUS,S1,S1,POP,_Z,_Z,_Z,PS,_Z,N,T0110,142960.91
2011,A,ROU,S1,S1,POP,_Z,_Z,_Z,PS,_Z,N,T0110,20147.66
2011,A,MLT,S1,S1,POP,_Z,_Z,_Z,PS,_Z,N,T0110,416.272
2011,A,MDG,S1,S1,POP,_Z,_Z,_Z,PS,_Z,N,T0110,22348.158
2011,A,IDN,S1,S1,POP,_Z,_Z,_Z,PS,_Z,N,T0110,241990.7
2011,A,IND,S1,S1,POP,_Z,_Z,_Z,PS,_Z,N,T0110,1220000.0
2011,A,GEO,S1,S1,POP,_Z,_Z,_Z,PS,_Z,N,T0110,3756.4405
2011,A,CYP,S1,S1,POP,_Z,_Z,_Z,PS,_Z,N,T0110,850.881
2011,A,HRV,S1,S1,POP,_Z,_Z,_Z,PS,_Z,N,T0110,4282.921
2011,A,CHN,S1,S1,POP,_Z,_Z,_Z,PS,_Z,N,T0110,1349160.0
2011,A,CMR,S1,S1,POP,_Z,_Z,_Z,PS,_Z,N,T0110,20906.0
2011,A,CPV,S1,S1,POP,_Z,_Z,_Z,PS,_Z,N,T0110,511.4465
2011,A,BGR,S1,S1,POP,_Z,_Z,_Z,PS,_Z,N,T0110,7348.328
2011,A,BRA,S1,S1,POP,_Z,_Z,_Z,PS,_Z,N,T0110,196603.732
2011,A,ARG,S1,S1,POP,_Z,_Z,_Z,PS,_Z,N,T0110,41261.49
2011,A,ALB,S1,S1,POP,_Z,_Z,_Z,PS,_Z,N,T0110,2905.195
2011,A,USA,S1,S1,POP,_Z,_Z,_Z,PS,_Z,N,T0110,312295.0
2011,A,TUR,S1,S1,POP,_Z,_Z,_Z,PS,_Z,N,T0110,74224.0
2011,A,CHE,S1,S1,POP,_Z,_Z,_Z,PS,_Z,N,T0110,7909.4155
2011,A,SWE,S1,S1,POP,_Z,_Z,_Z,PS,_Z,N,T0110,9448.8
2011,A,ESP,S1,S1,POP,_Z,_Z,_Z,PS,_Z,N,T0110,46736.257
2011,A,SVN,S1,S1,POP,_Z,_Z,_Z,PS,_Z,N,T0110,2052.839
2011,A,POL,S1,S1,POP,_Z,_Z,_Z,PS,_Z,N,T0110,38051.032
2011,A,NOR,S1,S1,POP,_Z,_Z,_Z,PS,_Z,N,T0110,4953.0
2011,A,NLD,S1,S1,POP,_Z,_Z,_Z,PS,_Z,N,T0110,16693.0
2011,A,MEX,S1,S1,POP,_Z,_Z,_Z,PS,_Z,N,T0110,113692.425
2011,A,LUX,S1,S1,POP,_Z,_Z,_Z,PS,_Z,N,T0110,519.425
2011,A,LTU,S1,S1,POP,_Z,_Z,_Z,PS,_Z,N,T0110,3028.115
2011,A,LVA,S1,S1,POP,_Z,_Z,_Z,PS,_Z,N,T0110,2058.825
2011,A,KOR,S1,S1,POP,_Z,_Z,_Z,PS,_Z,N,T0110,49937.0
2011,A,JPN,S1,S1,POP,_Z,_Z,_Z,PS,_Z,N,T0110,127831.0
2011,A,ITA,S1,S1,POP,_Z,_Z,_Z,PS,_Z,N,T0110,60026.8
2011,A,IRL,S1,S1,POP,_Z,_Z,_Z,PS,_Z,N,T0110,4578.543
2011,A,ISL,S1,S1,POP,_Z,_Z,_Z,PS,_Z,N,T0110,312.5
2011,A,HUN,S1,S1,POP,_Z,_Z,_Z,PS,_Z,N,T0110,9971.727
2011,A,GRC,S1,S1,POP,_Z,_Z,_Z,PS,_Z,N,T0110,11104.944
2011,A,DEU,S1,S1,POP,_Z,_Z,_Z,PS,_Z,N,T0110,80275.0
2011,A,FIN,S1,S1,POP,_Z,_Z,_Z,PS,_Z,N,T0110,5388.3
2018,A,JPN,S1,S1,POP,_Z,_Z,_Z,PS,_Z,N,T0110,126443.0
2018,A,ITA,S1,S1,POP,_Z,_Z,_Z,PS,_Z,N,T0110,59877.2
2018,A,IRL,S1,S1,POP,_Z,_Z,_Z,PS,_Z,N,T0110,4890.407
2018,A,ISL,S1,S1,POP,_Z,_Z,_Z,PS,_Z,N,T0110,345.8
2018,A,HUN,S1,S1,POP,_Z,_Z,_Z,PS,_Z,N,T0110,9706.964
2018,A,GRC,S1,S1,POP,_Z,_Z,_Z,PS,_Z,N,T0110,10732.887
2018,A,DEU,S1,S1,POP,_Z,_Z,_Z,PS,_Z,N,T0110,82906.0
2018,A,FIN,S1,S1,POP,_Z,_Z,_Z,PS,_Z,N,T0110,5516.2
2018,A,EST,S1,S1,POP,_Z,_Z,_Z,PS,_Z,N,T0110,1319.133
2018,A,DNK,S1,S1,POP,_Z,_Z,_Z,PS,_Z,N,T0110,5793.868
2018,A,CZE,S1,S1,POP,_Z,_Z,_Z,PS,_Z,N,T0110,10534.226
2018,A,CRI,S1,S1,POP,_Z,_Z,_Z,PS,_Z,N,T0110,5000.928
2018,A,COL,S1,S1,POP,_Z,_Z,_Z,PS,_Z,N,T0110,47241.101333
2018,A,CHL,S1,S1,POP,_Z,_Z,_Z,PS,_Z,N,T0110,18751.405001
2018,A,CAN,S1,S1,POP,_Z,_Z,_Z,PS,_Z,N,T0110,37072.62
2018,A,AUT,S1,S1,POP,_Z,_Z,_Z,PS,_Z,N,T0110,8837.707
2018,A,AUS,S1,S1,POP,_Z,_Z,_Z,PS,_Z,N,T0110,24963.258
2017,A,ZMB,S1,S1,POP,_Z,_Z,_Z,PS,_Z,N,T0110,17298.054
2017,A,SGP,S1,S1,POP,_Z,_Z,_Z,PS,_Z,N,T0110,5612.0
2017,A,SRB,S1,S1,POP,_Z,_Z,_Z,PS,_Z,N,T0110,7020.858
2017,A,SEN,S1,S1,POP,_Z,_Z,_Z,PS,_Z,N,T0110,15256.0
2017,A,RUS,S1,S1,POP,_Z,_Z,_Z,PS,_Z,N,T0110,146842.4
2017,A,ROU,S1,S1,POP,_Z,_Z,_Z,PS,_Z,N,T0110,19592.93
2017,A,MLT,S1,S1,POP,_Z,_Z,_Z,PS,_Z,N,T0110,468.495
2017,A,MDG,S1,S1,POP,_Z,_Z,_Z,PS,_Z,N,T0110,26169.542
2017,A,IDN,S1,S1,POP,_Z,_Z,_Z,PS,_Z,N,T0110,261355.5
2017,A,IND,S1,S1,POP,_Z,_Z,_Z,PS,_Z,N,T0110,1314000.0
2017,A,GEO,S1,S1,POP,_Z,_Z,_Z,PS,_Z,N,T0110,3728.0035
2017,A,CYP,S1,S1,POP,_Z,_Z,_Z,PS,_Z,N,T0110,859.519
2017,A,HRV,S1,S1,POP,_Z,_Z,_Z,PS,_Z,N,T0110,4129.853
2017,A,CHN,S1,S1,POP,_Z,_Z,_Z,PS,_Z,N,T0110,1400110.0
2017,A,CMR,S1,S1,POP,_Z,_Z,_Z,PS,_Z,N,T0110,24566.0
2017,A,CPV,S1,S1,POP,_Z,_Z,_Z,PS,_Z,N,T0110,512.893
2017,A,BGR,S1,S1,POP,_Z,_Z,_Z,PS,_Z,N,T0110,6803.468
2017,A,BRA,S1,S1,POP,_Z,_Z,_Z,PS,_Z,N,T0110,206804.741
2017,A,ARG,S1,S1,POP,_Z,_Z,_Z,PS,_Z,N,T0110,44044.811
2017,A,ALB,S1,S1,POP,_Z,_Z,_Z,PS,_Z,N,T0110,2873.457
2017,A,USA,S1,S1,POP,_Z,_Z,_Z,PS,_Z,N,T0110,326860.0
2017,A,TUR,S1,S1,POP,_Z,_Z,_Z,PS,_Z,N,T0110,80313.0
2017,A,CHE,S1,S1,POP,_Z,_Z,_Z,PS,_Z,N,T0110,8457.41275
2017,A,SWE,S1,S1,POP,_Z,_Z,_Z,PS,_Z,N,T0110,10057.6975
2017,A,ESP,S1,S1,POP,_Z,_Z,_Z,PS,_Z,N,T0110,46510.461
2017,A,SVN,S1,S1,POP,_Z,_Z,_Z,PS,_Z,N,T0110,2065.819
2017,A,SVK,S1,S1,POP,_Z,_Z,_Z,PS,_Z,N,T0110,5438.389
2017,A,PRT,S1,S1,POP,_Z,_Z,_Z,PS,_Z,N,T0110,10340.124
2017,A,POL,S1,S1,POP,_Z,_Z,_Z,PS,_Z,N,T0110,37962.318
2017,A,NOR,S1,S1,POP,_Z,_Z,_Z,PS,_Z,N,T0110,5277.0
2017,A,NLD,S1,S1,POP,_Z,_Z,_Z,PS,_Z,N,T0110,17131.0
2017,A,MEX,S1,S1,POP,_Z,_Z,_Z,PS,_Z,N,T0110,121808.909
2017,A,LUX,S1,S1,POP,_Z,_Z,_Z,PS,_Z,N,T0110,596.976
2017,A,LTU,S1,S1,POP,_Z,_Z,_Z,PS,_Z,N,T0110,2842.639
2017,A,LVA,S1,S1,POP,_Z,_Z,_Z,PS,_Z,N,T0110,1941.162
2017,A,KOR,S1,S1,POP,_Z,_Z,_Z,PS,_Z,N,T0110,51362.0
2017,A,JPN,S1,S1,POP,_Z,_Z,_Z,PS,_Z,N,T0110,126706.0
2017,A,ITA,S1,S1,POP,_Z,_Z,_Z,PS,_Z,N,T0110,60002.3
2017,A,IRL,S1,S1,POP,_Z,_Z,_Z,PS,_Z,N,T0110,4821.083
2017,A,ISL,S1,S1,POP,_Z,_Z,_Z,PS,_Z,N,T0110,337.3
2017,A,HUN,S1,S1,POP,_Z,_Z,_Z,PS,_Z,N,T0110,9726.756
2017,A,GRC,S1,S1,POP,_Z,_Z,_Z,PS,_Z,N,T0110,10754.688
2017,A,DEU,S1,S1,POP,_Z,_Z,_Z,PS,_Z,N,T0110,82657.0
2017,A,FIN,S1,S1,POP,_Z,_Z,_Z,PS,_Z,N,T0110,5508.2
2017,A,EST,S1,S1,POP,_Z,_Z,_Z,PS,_Z,N,T0110,1315.6
2017,A,DNK,S1,S1,POP,_Z,_Z,_Z,PS,_Z,N,T0110,5765.103
2017,A,CZE,S1,S1,POP,_Z,_Z,_Z,PS,_Z,N,T0110,10520.948
2017,A,CRI,S1,S1,POP,_Z,_Z,_Z,PS,_Z,N,T0110,4944.804
2017,A,COL,S1,S1,POP,_Z,_Z,_Z,PS,_Z,N,T0110,46421.760667
2017,A,CHL,S1,S1,POP,_Z,_Z,_Z,PS,_Z,N,T0110,18419.192001
2017,A,CAN,S1,S1,POP,_Z,_Z,_Z,PS,_Z,N,T0110,36545.075
2017,A,AUT,S1,S1,POP,_Z,_Z,_Z,PS,_Z,N,T0110,8795.073
2017,A,AUS,S1,S1,POP,_Z,_Z,_Z,PS,_Z,N,T0110,24592.588
2016,A,ZMB,S1,S1,POP,_Z,_Z,_Z,PS,_Z,N,T0110,16767.761
2016,A,SGP,S1,S1,POP,_Z,_Z,_Z,PS,_Z,N,T0110,5607.0
2016,A,SRB,S1,S1,POP,_Z,_Z,_Z,PS,_Z,N,T0110,7058.322
2016,A,SEN,S1,S1,POP,_Z,_Z,_Z,PS,_Z,N,T0110,14799.859
2016,A,RUS,S1,S1,POP,_Z,_Z,_Z,PS,_Z,N,T0110,146674.54
2016,A,ROU,S1,S1,POP,_Z,_Z,_Z,PS,_Z,N,T0110,19706.42
2016,A,MLT,S1,S1,POP,_Z,_Z,_Z,PS,_Z,N,T0110,455.671
2016,A,MDG,S1,S1,POP,_Z,_Z,_Z,PS,_Z,N,T0110,25501.941
2016,A,IDN,S1,S1,POP,_Z,_Z,_Z,PS,_Z,N,T0110,258496.5
2016,A,IND,S1,S1,POP,_Z,_Z,_Z,PS,_Z,N,T0110,1299000.0
2016,A,GEO,S1,S1,POP,_Z,_Z,_Z,PS,_Z,N,T0110,3727.505
2016,A,CYP,S1,S1,POP,_Z,_Z,_Z,PS,_Z,N,T0110,851.561
2016,A,HRV,S1,S1,POP,_Z,_Z,_Z,PS,_Z,N,T0110,4172.441
2016,A,CHN,S1,S1,POP,_Z,_Z,_Z,PS,_Z,N,T0110,1392320.0
2016,A,CMR,S1,S1,POP,_Z,_Z,_Z,PS,_Z,N,T0110,23927.0
2016,A,CPV,S1,S1,POP,_Z,_Z,_Z,PS,_Z,N,T0110,512.5545
2016,A,BGR,S1,S1,POP,_Z,_Z,_Z,PS,_Z,N,T0110,6894.139
2016,A,BRA,S1,S1,POP,_Z,_Z,_Z,PS,_Z,N,T0110,205156.587
2016,A,ARG,S1,S1,POP,_Z,_Z,_Z,PS,_Z,N,T0110,43590.368
2016,A,ALB,S1,S1,POP,_Z,_Z,_Z,PS,_Z,N,T0110,2876.101
2016,A,USA,S1,S1,POP,_Z,_Z,_Z,PS,_Z,N,T0110,324609.0
2016,A,TUR,S1,S1,POP,_Z,_Z,_Z,PS,_Z,N,T0110,79278.0
2016,A,CHE,S1,S1,POP,_Z,_Z,_Z,PS,_Z,N,T0110,8379.319
2016,A,SWE,S1,S1,POP,_Z,_Z,_Z,PS,_Z,N,T0110,9915.43725
2016,A,ESP,S1,S1,POP,_Z,_Z,_Z,PS,_Z,N,T0110,46427.1
2016,A,SVN,S1,S1,POP,_Z,_Z,_Z,PS,_Z,N,T0110,2064.633
2016,A,SVK,S1,S1,POP,_Z,_Z,_Z,PS,_Z,N,T0110,5430.804
2016,A,PRT,S1,S1,POP,_Z,_Z,_Z,PS,_Z,N,T0110,10356.516
2016,A,POL,S1,S1,POP,_Z,_Z,_Z,PS,_Z,N,T0110,37956.779
2016,A,NOR,S1,S1,POP,_Z,_Z,_Z,PS,_Z,N,T0110,5236.0
2016,A,NLD,S1,S1,POP,_Z,_Z,_Z,PS,_Z,N,T0110,17030.0
2016,A,MEX,S1,S1,POP,_Z,_Z,_Z,PS,_Z,N,T0110,120419.474
2016,A,LUX,S1,S1,POP,_Z,_Z,_Z,PS,_Z,N,T0110,584.125
2016,A,LTU,S1,S1,POP,_Z,_Z,_Z,PS,_Z,N,T0110,2877.325
2016,A,LVA,S1,S1,POP,_Z,_Z,_Z,PS,_Z,N,T0110,1959.338
2016,A,KOR,S1,S1,POP,_Z,_Z,_Z,PS,_Z,N,T0110,51218.0
2016,A,JPN,S1,S1,POP,_Z,_Z,_Z,PS,_Z,N,T0110,126933.0
2016,A,ITA,S1,S1,POP,_Z,_Z,_Z,PS,_Z,N,T0110,60115.2
2016,A,IRL,S1,S1,POP,_Z,_Z,_Z,PS,_Z,N,T0110,4752.464
2016,A,ISL,S1,S1,POP,_Z,_Z,_Z,PS,_Z,N,T0110,329.3
2016,A,HUN,S1,S1,POP,_Z,_Z,_Z,PS,_Z,N,T0110,9759.755
2016,A,GRC,S1,S1,POP,_Z,_Z,_Z,PS,_Z,N,T0110,10775.979
2016,A,DEU,S1,S1,POP,_Z,_Z,_Z,PS,_Z,N,T0110,82349.0
2016,A,FIN,S1,S1,POP,_Z,_Z,_Z,PS,_Z,N,T0110,5495.3
2016,A,EST,S1,S1,POP,_Z,_Z,_Z,PS,_Z,N,T0110,1315.9
2016,A,DNK,S1,S1,POP,_Z,_Z,_Z,PS,_Z,N,T0110,5728.752
2016,A,CZE,S1,S1,POP,_Z,_Z,_Z,PS,_Z,N,T0110,10513.668
2016,A,CRI,S1,S1,POP,_Z,_Z,_Z,PS,_Z,N,T0110,4887.976
2016,A,COL,S1,S1,POP,_Z,_Z,_Z,PS,_Z,N,T0110,45844.571
2016,A,CHL,S1,S1,POP,_Z,_Z,_Z,PS,_Z,N,T0110,18167.147
2016,A,CAN,S1,S1,POP,_Z,_Z,_Z,PS,_Z,N,T0110,36110.803
2016,A,AUT,S1,S1,POP,_Z,_Z,_Z,PS,_Z,N,T0110,8739.806
2015,A,ZMB,S1,S1,POP,_Z,_Z,_Z,PS,_Z,N,T0110,16248.23
2015,A,SGP,S1,S1,POP,_Z,_Z,_Z,PS,_Z,N,T0110,5535.0
2015,A,SRB,S1,S1,POP,_Z,_Z,_Z,PS,_Z,N,T0110,7095.383
2015,A,SEN,S1,S1,POP,_Z,_Z,_Z,PS,_Z,N,T0110,14356.575
2015,A,RUS,S1,S1,POP,_Z,_Z,_Z,PS,_Z,N,T0110,146406.0
2015,A,ROU,S1,S1,POP,_Z,_Z,_Z,PS,_Z,N,T0110,19822.25
2015,A,MLT,S1,S1,POP,_Z,_Z,_Z,PS,_Z,N,T0110,445.345
2015,A,MDG,S1,S1,POP,_Z,_Z,_Z,PS,_Z,N,T0110,24850.913
2015,A,IDN,S1,S1,POP,_Z,_Z,_Z,PS,_Z,N,T0110,255587.5
2015,A,IND,S1,S1,POP,_Z,_Z,_Z,PS,_Z,N,T0110,1283000.0
2015,A,GEO,S1,S1,POP,_Z,_Z,_Z,PS,_Z,N,T0110,3725.276
2015,A,CYP,S1,S1,POP,_Z,_Z,_Z,PS,_Z,N,T0110,847.664
2015,A,HRV,S1,S1,POP,_Z,_Z,_Z,PS,_Z,N,T0110,4207.993
2015,A,CHN,S1,S1,POP,_Z,_Z,_Z,PS,_Z,N,T0110,1383260.0
2015,A,CMR,S1,S1,POP,_Z,_Z,_Z,PS,_Z,N,T0110,23298.0
2015,A,CPV,S1,S1,POP,_Z,_Z,_Z,PS,_Z,N,T0110,512.3935
2015,A,BGR,S1,S1,POP,_Z,_Z,_Z,PS,_Z,N,T0110,6984.225
2015,A,BRA,S1,S1,POP,_Z,_Z,_Z,PS,_Z,N,T0110,203475.683
2015,A,ARG,S1,S1,POP,_Z,_Z,_Z,PS,_Z,N,T0110,43131.966
2015,A,ALB,S1,S1,POP,_Z,_Z,_Z,PS,_Z,N,T0110,2880.703
2015,A,USA,S1,S1,POP,_Z,_Z,_Z,PS,_Z,N,T0110,322113.0
2015,A,TUR,S1,S1,POP,_Z,_Z,_Z,PS,_Z,N,T0110,78218.0
2015,A,CHE,S1,S1,POP,_Z,_Z,_Z,PS,_Z,N,T0110,8289.76675
2015,A,SWE,S1,S1,POP,_Z,_Z,_Z,PS,_Z,N,T0110,9799.186
2015,A,ESP,S1,S1,POP,_Z,_Z,_Z,PS,_Z,N,T0110,46384.379
2015,A,SVN,S1,S1,POP,_Z,_Z,_Z,PS,_Z,N,T0110,2063.298
2015,A,SVK,S1,S1,POP,_Z,_Z,_Z,PS,_Z,N,T0110,5422.343
2015,A,PRT,S1,S1,POP,_Z,_Z,_Z,PS,_Z,N,T0110,10381.838
2015,A,POL,S1,S1,POP,_Z,_Z,_Z,PS,_Z,N,T0110,37981.588
2015,A,NOR,S1,S1,POP,_Z,_Z,_Z,PS,_Z,N,T0110,5190.0
2015,A,NLD,S1,S1,POP,_Z,_Z,_Z,PS,_Z,N,T0110,16940.0
2015,A,MEX,S1,S1,POP,_Z,_Z,_Z,PS,_Z,N,T0110,119050.487
2015,A,LUX,S1,S1,POP,_Z,_Z,_Z,PS,_Z,N,T0110,569.4
2015,A,LTU,S1,S1,POP,_Z,_Z,_Z,PS,_Z,N,T0110,2911.109
2015,A,LVA,S1,S1,POP,_Z,_Z,_Z,PS,_Z,N,T0110,1977.312
2015,A,KOR,S1,S1,POP,_Z,_Z,_Z,PS,_Z,N,T0110,51015.0
2015,A,JPN,S1,S1,POP,_Z,_Z,_Z,PS,_Z,N,T0110,127110.0
2015,A,ITA,S1,S1,POP,_Z,_Z,_Z,PS,_Z,N,T0110,60229.6
2015,A,IRL,S1,S1,POP,_Z,_Z,_Z,PS,_Z,N,T0110,4695.773
2015,A,ISL,S1,S1,POP,_Z,_Z,_Z,PS,_Z,N,T0110,324.5
2015,A,HUN,S1,S1,POP,_Z,_Z,_Z,PS,_Z,N,T0110,9797.755
2015,A,GRC,S1,S1,POP,_Z,_Z,_Z,PS,_Z,N,T0110,10820.912
2015,A,DEU,S1,S1,POP,_Z,_Z,_Z,PS,_Z,N,T0110,81687.0
2015,A,FIN,S1,S1,POP,_Z,_Z,_Z,PS,_Z,N,T0110,5480.5
2015,A,EST,S1,S1,POP,_Z,_Z,_Z,PS,_Z,N,T0110,1313.3
2015,A,DNK,S1,S1,POP,_Z,_Z,_Z,PS,_Z,N,T0110,5682.449
2015,A,CZE,S1,S1,POP,_Z,_Z,_Z,PS,_Z,N,T0110,10507.55
2015,A,CRI,S1,S1,POP,_Z,_Z,_Z,PS,_Z,N,T0110,4829.654
2015,A,COL,S1,S1,POP,_Z,_Z,_Z,PS,_Z,N,T0110,45348.453167
2015,A,CHL,S1,S1,POP,_Z,_Z,_Z,PS,_Z,N,T0110,17971.423
2015,A,CAN,S1,S1,POP,_Z,_Z,_Z,PS,_Z,N,T0110,35704.498
2015,A,AUT,S1,S1,POP,_Z,_Z,_Z,PS,_Z,N,T0110,8629.519
2014,A,ZMB,S1,S1,POP,_Z,_Z,_Z,PS,_Z,N,T0110,15737.793
2014,A,SGP,S1,S1,POP,_Z,_Z,_Z,PS,_Z,N,T0110,5470.0
2014,A,SRB,S1,S1,POP,_Z,_Z,_Z,PS,_Z,N,T0110,7131.787
2014,A,SEN,S1,S1,POP,_Z,_Z,_Z,PS,_Z,N,T0110,13925.802
2014,A,RUS,S1,S1,POP,_Z,_Z,_Z,PS,_Z,N,T0110,146090.613
2014,A,ROU,S1,S1,POP,_Z,_Z,_Z,PS,_Z,N,T0110,19916.45
2014,A,MLT,S1,S1,POP,_Z,_Z,_Z,PS,_Z,N,T0110,434.881
2014,A,MDG,S1,S1,POP,_Z,_Z,_Z,PS,_Z,N,T0110,24215.976
2014,A,IDN,S1,S1,POP,_Z,_Z,_Z,PS,_Z,N,T0110,252164.8
2014,A,IND,S1,S1,POP,_Z,_Z,_Z,PS,_Z,N,T0110,1267000.0
2021,A,SGP,S1,S1,POP,_Z,_Z,_Z,PS,_Z,N,T0110,5454.0
2021,A,SRB,S1,S1,POP,_Z,_Z,_Z,PS,_Z,N,T0110,6834.326
2021,A,SEN,S1,S1,POP,_Z,_Z,_Z,PS,_Z,N,T0110,17223.497
2021,A,MLT,S1,S1,POP,_Z,_Z,_Z,PS,_Z,N,T0110,518.68
2021,A,MDG,S1,S1,POP,_Z,_Z,_Z,PS,_Z,N,T0110,28915.653
2021,A,IDN,S1,S1,POP,_Z,_Z,_Z,PS,_Z,N,T0110,272682.5
2021,A,IND,S1,S1,POP,_Z,_Z,_Z,PS,_Z,N,T0110,1368587.0
2021,A,GEO,S1,S1,POP,_Z,_Z,_Z,PS,_Z,N,T0110,3708.61
2021,A,HRV,S1,S1,POP,_Z,_Z,_Z,PS,_Z,N,T0110,3922.939375
2021,A,CHN,S1,S1,POP,_Z,_Z,_Z,PS,_Z,N,T0110,1412600.0
2021,A,CPV,S1,S1,POP,_Z,_Z,_Z,PS,_Z,N,T0110,516.649
2021,A,BGR,S1,S1,POP,_Z,_Z,_Z,PS,_Z,N,T0110,6507.301
2021,A,BRA,S1,S1,POP,_Z,_Z,_Z,PS,_Z,N,T0110,213317.639
2021,A,ARG,S1,S1,POP,_Z,_Z,_Z,PS,_Z,N,T0110,45808.8
2021,A,ALB,S1,S1,POP,_Z,_Z,_Z,PS,_Z,N,T0110,2811.666
2021,A,TUR,S1,S1,POP,_Z,_Z,_Z,PS,_Z,N,T0110,84147.0
2021,A,CHE,S1,S1,POP,_Z,_Z,_Z,PS,_Z,N,T0110,8708.2185
2021,A,SWE,S1,S1,POP,_Z,_Z,_Z,PS,_Z,N,T0110,10415.8105
2021,A,ESP,S1,S1,POP,_Z,_Z,_Z,PS,_Z,N,T0110,47346.836
2021,A,SVN,S1,S1,POP,_Z,_Z,_Z,PS,_Z,N,T0110,2107.73
2021,A,PRT,S1,S1,POP,_Z,_Z,_Z,PS,_Z,N,T0110,10407.707
2021,A,POL,S1,S1,POP,_Z,_Z,_Z,PS,_Z,N,T0110,36972.726
2021,A,NOR,S1,S1,POP,_Z,_Z,_Z,PS,_Z,N,T0110,5408.0
2021,A,NLD,S1,S1,POP,_Z,_Z,_Z,PS,_Z,N,T0110,17533.0
2021,A,MEX,S1,S1,POP,_Z,_Z,_Z,PS,_Z,N,T0110,127615.215
2021,A,LUX,S1,S1,POP,_Z,_Z,_Z,PS,_Z,N,T0110,641.137
2021,A,LTU,S1,S1,POP,_Z,_Z,_Z,PS,_Z,N,T0110,2808.38
2021,A,LVA,S1,S1,POP,_Z,_Z,_Z,PS,_Z,N,T0110,1884.75
2021,A,KOR,S1,S1,POP,_Z,_Z,_Z,PS,_Z,N,T0110,51770.0
2021,A,JPN,S1,S1,POP,_Z,_Z,_Z,PS,_Z,N,T0110,125502.0
2021,A,ITA,S1,S1,POP,_Z,_Z,_Z,PS,_Z,N,T0110,59133.2
2021,A,IRL,S1,S1,POP,_Z,_Z,_Z,PS,_Z,N,T0110,5091.848
2021,A,ISL,S1,S1,POP,_Z,_Z,_Z,PS,_Z,N,T0110,361.6
2021,A,HUN,S1,S1,POP,_Z,_Z,_Z,PS,_Z,N,T0110,9630.932
2021,A,GRC,S1,S1,POP,_Z,_Z,_Z,PS,_Z,N,T0110,10640.409
2021,A,FIN,S1,S1,POP,_Z,_Z,_Z,PS,_Z,N,T0110,5541.5
2021,A,EST,S1,S1,POP,_Z,_Z,_Z,PS,_Z,N,T0110,1330.068
2021,A,DNK,S1,S1,POP,_Z,_Z,_Z,PS,_Z,N,T0110,5854.42
2021,A,CZE,S1,S1,POP,_Z,_Z,_Z,PS,_Z,N,T0110,10500.85
2021,A,CRI,S1,S1,POP,_Z,_Z,_Z,PS,_Z,N,T0110,5161.05
2021,A,COL,S1,S1,POP,_Z,_Z,_Z,PS,_Z,N,T0110,49941.37375
2021,A,CHL,S1,S1,POP,_Z,_Z,_Z,PS,_Z,N,T0110,19678.363007
2021,A,CAN,S1,S1,POP,_Z,_Z,_Z,PS,_Z,N,T0110,38239.864
2021,A,AUT,S1,S1,POP,_Z,_Z,_Z,PS,_Z,N,T0110,8951.541
2021,A,AUS,S1,S1,POP,_Z,_Z,_Z,PS,_Z,N,T0110,25685.412
2020,A,ZMB,S1,S1,POP,_Z,_Z,_Z,PS,_Z,N,T0110,18927.715
2020,A,SGP,S1,S1,POP,_Z,_Z,_Z,PS,_Z,N,T0110,5686.0
2020,A,SRB,S1,S1,POP,_Z,_Z,_Z,PS,_Z,N,T0110,6899.126
2020,A,SEN,S1,S1,POP,_Z,_Z,_Z,PS,_Z,N,T0110,16705.608
2020,A,ROU,S1,S1,POP,_Z,_Z,_Z,PS,_Z,N,T0110,19296.08
2020,A,MLT,S1,S1,POP,_Z,_Z,_Z,PS,_Z,N,T0110,515.877
2020,A,MDG,S1,S1,POP,_Z,_Z,_Z,PS,_Z,N,T0110,28225.177
2020,A,IDN,S1,S1,POP,_Z,_Z,_Z,PS,_Z,N,T0110,270203.9
2020,A,IND,S1,S1,POP,_Z,_Z,_Z,PS,_Z,N,T0110,1355417.0
2020,A,GEO,S1,S1,POP,_Z,_Z,_Z,PS,_Z,N,T0110,3722.7155
2020,A,CYP,S1,S1,POP,_Z,_Z,_Z,PS,_Z,N,T0110,892.003
2020,A,HRV,S1,S1,POP,_Z,_Z,_Z,PS,_Z,N,T0110,3950.397125
2020,A,CHN,S1,S1,POP,_Z,_Z,_Z,PS,_Z,N,T0110,1412120.0
2020,A,CMR,S1,S1,POP,_Z,_Z,_Z,PS,_Z,N,T0110,26546.0
2020,A,CPV,S1,S1,POP,_Z,_Z,_Z,PS,_Z,N,T0110,514.6795
2020,A,BGR,S1,S1,POP,_Z,_Z,_Z,PS,_Z,N,T0110,6550.696
2020,A,BRA,S1,S1,POP,_Z,_Z,_Z,PS,_Z,N,T0110,211755.692
2020,A,ARG,S1,S1,POP,_Z,_Z,_Z,PS,_Z,N,T0110,45376.8
2020,A,ALB,S1,S1,POP,_Z,_Z,_Z,PS,_Z,N,T0110,2837.849
2020,A,TUR,S1,S1,POP,_Z,_Z,_Z,PS,_Z,N,T0110,83385.0
2020,A,CHE,S1,S1,POP,_Z,_Z,_Z,PS,_Z,N,T0110,8644.345
2020,A,SWE,S1,S1,POP,_Z,_Z,_Z,PS,_Z,N,T0110,10353.442
2020,A,ESP,S1,S1,POP,_Z,_Z,_Z,PS,_Z,N,T0110,47344.852
2020,A,SVN,S1,S1,POP,_Z,_Z,_Z,PS,_Z,N,T0110,2102.8
2020,A,SVK,S1,S1,POP,_Z,_Z,_Z,PS,_Z,N,T0110,5460.51
2020,A,PRT,S1,S1,POP,_Z,_Z,_Z,PS,_Z,N,T0110,10384.846
2020,A,NOR,S1,S1,POP,_Z,_Z,_Z,PS,_Z,N,T0110,5379.0
2020,A,NLD,S1,S1,POP,_Z,_Z,_Z,PS,_Z,N,T0110,17442.0
2020,A,MEX,S1,S1,POP,_Z,_Z,_Z,PS,_Z,N,T0110,126383.323
2020,A,LUX,S1,S1,POP,_Z,_Z,_Z,PS,_Z,N,T0110,631.145
2020,A,LTU,S1,S1,POP,_Z,_Z,_Z,PS,_Z,N,T0110,2810.369
2020,A,LVA,S1,S1,POP,_Z,_Z,_Z,PS,_Z,N,T0110,1900.862
2020,A,KOR,S1,S1,POP,_Z,_Z,_Z,PS,_Z,N,T0110,51836.0
2020,A,JPN,S1,S1,POP,_Z,_Z,_Z,PS,_Z,N,T0110,125708.4
2020,A,ITA,S1,S1,POP,_Z,_Z,_Z,PS,_Z,N,T0110,59438.9
2020,A,IRL,S1,S1,POP,_Z,_Z,_Z,PS,_Z,N,T0110,5034.43
2020,A,ISL,S1,S1,POP,_Z,_Z,_Z,PS,_Z,N,T0110,356.2
2020,A,HUN,S1,S1,POP,_Z,_Z,_Z,PS,_Z,N,T0110,9670.419
2020,A,GRC,S1,S1,POP,_Z,_Z,_Z,PS,_Z,N,T0110,10698.59
2020,A,DEU,S1,S1,POP,_Z,_Z,_Z,PS,_Z,N,T0110,83161.0
2020,A,FIN,S1,S1,POP,_Z,_Z,_Z,PS,_Z,N,T0110,5530.7
2020,A,EST,S1,S1,POP,_Z,_Z,_Z,PS,_Z,N,T0110,1328.889
2020,A,DNK,S1,S1,POP,_Z,_Z,_Z,PS,_Z,N,T0110,5829.703
2020,A,CZE,S1,S1,POP,_Z,_Z,_Z,PS,_Z,N,T0110,10502.151
2020,A,CRI,S1,S1,POP,_Z,_Z,_Z,PS,_Z,N,T0110,5108.539
2020,A,COL,S1,S1,POP,_Z,_Z,_Z,PS,_Z,N,T0110,49260.97125
2020,A,CHL,S1,S1,POP,_Z,_Z,_Z,PS,_Z,N,T0110,19458.31
2020,A,CAN,S1,S1,POP,_Z,_Z,_Z,PS,_Z,N,T0110,38028.638
2020,A,AUT,S1,S1,POP,_Z,_Z,_Z,PS,_Z,N,T0110,8916.845
2020,A,AUS,S1,S1,POP,_Z,_Z,_Z,PS,_Z,N,T0110,25649.248
2019,A,ZMB,S1,S1,POP,_Z,_Z,_Z,PS,_Z,N,T0110,18380.477
2019,A,SGP,S1,S1,POP,_Z,_Z,_Z,PS,_Z,N,T0110,5704.0
2019,A,SRB,S1,S1,POP,_Z,_Z,_Z,PS,_Z,N,T0110,6945.235
2019,A,SEN,S1,S1,POP,_Z,_Z,_Z,PS,_Z,N,T0110,16209.111
2019,A,RUS,S1,S1,POP,_Z,_Z,_Z,PS,_Z,N,T0110,146764.7
2019,A,ROU,S1,S1,POP,_Z,_Z,_Z,PS,_Z,N,T0110,19394.23
2019,A,MLT,S1,S1,POP,_Z,_Z,_Z,PS,_Z,N,T0110,504.736
2019,A,MDG,S1,S1,POP,_Z,_Z,_Z,PS,_Z,N,T0110,27533.134
2019,A,IDN,S1,S1,POP,_Z,_Z,_Z,PS,_Z,N,T0110,266911.9
2019,A,IND,S1,S1,POP,_Z,_Z,_Z,PS,_Z,N,T0110,1341000.0
2019,A,GEO,S1,S1,POP,_Z,_Z,_Z,PS,_Z,N,T0110,3720.161
2019,A,CYP,S1,S1,POP,_Z,_Z,_Z,PS,_Z,N,T0110,881.952
2019,A,CHN,S1,S1,POP,_Z,_Z,_Z,PS,_Z,N,T0110,1410080.0
2019,A,CMR,S1,S1,POP,_Z,_Z,_Z,PS,_Z,N,T0110,25876.0
2019,A,CPV,S1,S1,POP,_Z,_Z,_Z,PS,_Z,N,T0110,514.104
2019,A,BGR,S1,S1,POP,_Z,_Z,_Z,PS,_Z,N,T0110,6616.726
2019,A,BRA,S1,S1,POP,_Z,_Z,_Z,PS,_Z,N,T0110,210147.125
2019,A,ARG,S1,S1,POP,_Z,_Z,_Z,PS,_Z,N,T0110,44938.712
2019,A,ALB,S1,S1,POP,_Z,_Z,_Z,PS,_Z,N,T0110,2854.191
2019,A,USA,S1,S1,POP,_Z,_Z,_Z,PS,_Z,N,T0110,330513.0
2019,A,TUR,S1,S1,POP,_Z,_Z,_Z,PS,_Z,N,T0110,82579.0
2019,A,CHE,S1,S1,POP,_Z,_Z,_Z,PS,_Z,N,T0110,8579.5675
2019,A,SWE,S1,S1,POP,_Z,_Z,_Z,PS,_Z,N,T0110,10284.0735
2019,A,ESP,S1,S1,POP,_Z,_Z,_Z,PS,_Z,N,T0110,47087.778
2019,A,SVN,S1,S1,POP,_Z,_Z,_Z,PS,_Z,N,T0110,2089.014
2019,A,SVK,S1,S1,POP,_Z,_Z,_Z,PS,_Z,N,T0110,5453.244
2019,A,PRT,S1,S1,POP,_Z,_Z,_Z,PS,_Z,N,T0110,10354.446
2019,A,POL,S1,S1,POP,_Z,_Z,_Z,PS,_Z,N,T0110,37948.14
2019,A,NOR,S1,S1,POP,_Z,_Z,_Z,PS,_Z,N,T0110,5348.0
2019,A,NLD,S1,S1,POP,_Z,_Z,_Z,PS,_Z,N,T0110,17345.0
2019,A,MEX,S1,S1,POP,_Z,_Z,_Z,PS,_Z,N,T0110,124960.089
2019,A,LUX,S1,S1,POP,_Z,_Z,_Z,PS,_Z,N,T0110,621.527
2019,A,LTU,S1,S1,POP,_Z,_Z,_Z,PS,_Z,N,T0110,2811.089
2019,A,LVA,S1,S1,POP,_Z,_Z,_Z,PS,_Z,N,T0110,1913.188
2019,A,KOR,S1,S1,POP,_Z,_Z,_Z,PS,_Z,N,T0110,51765.0
2019,A,JPN,S1,S1,POP,_Z,_Z,_Z,PS,_Z,N,T0110,126166.9
2019,A,ITA,S1,S1,POP,_Z,_Z,_Z,PS,_Z,N,T0110,59729.1
2019,A,IRL,S1,S1,POP,_Z,_Z,_Z,PS,_Z,N,T0110,4967.462
2019,A,ISL,S1,S1,POP,_Z,_Z,_Z,PS,_Z,N,T0110,351.8
2019,A,HUN,S1,S1,POP,_Z,_Z,_Z,PS,_Z,N,T0110,9694.824
2019,A,GRC,S1,S1,POP,_Z,_Z,_Z,PS,_Z,N,T0110,10721.566
2019,A,DEU,S1,S1,POP,_Z,_Z,_Z,PS,_Z,N,T0110,83093.0
2019,A,FIN,S1,S1,POP,_Z,_Z,_Z,PS,_Z,N,T0110,5521.6
2019,A,EST,S1,S1,POP,_Z,_Z,_Z,PS,_Z,N,T0110,1324.82
2019,A,DNK,S1,S1,POP,_Z,_Z,_Z,PS,_Z,N,T0110,5816.94
2019,A,CZE,S1,S1,POP,_Z,_Z,_Z,PS,_Z,N,T0110,10550.313
2019,A,CRI,S1,S1,POP,_Z,_Z,_Z,PS,_Z,N,T0110,5055.238
2019,A,COL,S1,S1,POP,_Z,_Z,_Z,PS,_Z,N,T0110,48322.80725
2019,A,CHL,S1,S1,POP,_Z,_Z,_Z,PS,_Z,N,T0110,19107.216
2019,A,CAN,S1,S1,POP,_Z,_Z,_Z,PS,_Z,N,T0110,37618.495
2019,A,BEL,S1,S1,POP,_Z,_Z,_Z,PS,_Z,N,T0110,11489.0
2019,A,AUT,S1,S1,POP,_Z,_Z,_Z,PS,_Z,N,T0110,8877.637
2019,A,AUS,S1,S1,POP,_Z,_Z,_Z,PS,_Z,N,T0110,25334.826
2018,A,ZMB,S1,S1,POP,_Z,_Z,_Z,PS,_Z,N,T0110,17835.893
2018,A,SGP,S1,S1,POP,_Z,_Z,_Z,PS,_Z,N,T0110,5639.0
2018,A,SRB,S1,S1,POP,_Z,_Z,_Z,PS,_Z,N,T0110,6982.604
2018,A,SEN,S1,S1,POP,_Z,_Z,_Z,PS,_Z,N,T0110,15726.0
2018,A,RUS,S1,S1,POP,_Z,_Z,_Z,PS,_Z,N,T0110,146830.6
2018,A,ROU,S1,S1,POP,_Z,_Z,_Z,PS,_Z,N,T0110,19483.84
2018,A,MLT,S1,S1,POP,_Z,_Z,_Z,PS,_Z,N,T0110,485.229
2018,A,MDG,S1,S1,POP,_Z,_Z,_Z,PS,_Z,N,T0110,26846.541
2018,A,IDN,S1,S1,POP,_Z,_Z,_Z,PS,_Z,N,T0110,264161.6
2018,A,IND,S1,S1,POP,_Z,_Z,_Z,PS,_Z,N,T0110,1327000.0
2018,A,GEO,S1,S1,POP,_Z,_Z,_Z,PS,_Z,N,T0110,3726.5485
2018,A,CYP,S1,S1,POP,_Z,_Z,_Z,PS,_Z,N,T0110,870.068
2018,A,HRV,S1,S1,POP,_Z,_Z,_Z,PS,_Z,N,T0110,4090.87
2018,A,CHN,S1,S1,POP,_Z,_Z,_Z,PS,_Z,N,T0110,1405410.0
2018,A,CMR,S1,S1,POP,_Z,_Z,_Z,PS,_Z,N,T0110,25216.0
2018,A,CPV,S1,S1,POP,_Z,_Z,_Z,PS,_Z,N,T0110,513.415
2018,A,BGR,S1,S1,POP,_Z,_Z,_Z,PS,_Z,N,T0110,6710.798
2018,A,BRA,S1,S1,POP,_Z,_Z,_Z,PS,_Z,N,T0110,208494.9
2018,A,ARG,S1,S1,POP,_Z,_Z,_Z,PS,_Z,N,T0110,44494.502
2018,A,ALB,S1,S1,POP,_Z,_Z,_Z,PS,_Z,N,T0110,2866.376
2018,A,USA,S1,S1,POP,_Z,_Z,_Z,PS,_Z,N,T0110,328794.0
2018,A,TUR,S1,S1,POP,_Z,_Z,_Z,PS,_Z,N,T0110,81407.0
2018,A,CHE,S1,S1,POP,_Z,_Z,_Z,PS,_Z,N,T0110,8518.32975
2018,A,SWE,S1,S1,POP,_Z,_Z,_Z,PS,_Z,N,T0110,10175.2135
2018,A,ESP,S1,S1,POP,_Z,_Z,_Z,PS,_Z,N,T0110,46715.383
2018,A,SVN,S1,S1,POP,_Z,_Z,_Z,PS,_Z,N,T0110,2071.956
2018,A,SVK,S1,S1,POP,_Z,_Z,_Z,PS,_Z,N,T0110,5446.011
2018,A,PRT,S1,S1,POP,_Z,_Z,_Z,PS,_Z,N,T0110,10334.633
2018,A,POL,S1,S1,POP,_Z,_Z,_Z,PS,_Z,N,T0110,37956.268
2018,A,NOR,S1,S1,POP,_Z,_Z,_Z,PS,_Z,N,T0110,5312.0
2018,A,NLD,S1,S1,POP,_Z,_Z,_Z,PS,_Z,N,T0110,17232.0
2018,A,MEX,S1,S1,POP,_Z,_Z,_Z,PS,_Z,N,T0110,123336.376
2018,A,LUX,S1,S1,POP,_Z,_Z,_Z,PS,_Z,N,T0110,608.805
2018,A,LTU,S1,S1,POP,_Z,_Z,_Z,PS,_Z,N,T0110,2819.2
2018,A,LVA,S1,S1,POP,_Z,_Z,_Z,PS,_Z,N,T0110,1926.25
2018,A,KOR,S1,S1,POP,_Z,_Z,_Z,PS,_Z,N,T0110,51585.0
1994,A,LUX,S1,S1,POP,_Z,_Z,_Z,PS,_Z,N,T0110,403.811833
1994,A,HUN,S1,S1,POP,_Z,_Z,_Z,PS,_Z,N,T0110,10261.0
1994,A,GRC,S1,S1,POP,_Z,_Z,_Z,PS,_Z,N,T0110,10534.065148
1994,A,EST,S1,S1,POP,_Z,_Z,_Z,PS,_Z,N,T0110,1477.0
1994,A,CZE,S1,S1,POP,_Z,_Z,_Z,PS,_Z,N,T0110,10336.162
1994,A,COL,S1,S1,POP,_Z,_Z,_Z,PS,_Z,N,T0110,34863.602891
1994,A,AUT,S1,S1,POP,_Z,_Z,_Z,PS,_Z,N,T0110,7936.118
1993,A,HKG,S1,S1,POP,_Z,_Z,_Z,PS,_Z,N,T0110,5901.0
1993,A,SVK,S1,S1,POP,_Z,_Z,_Z,PS,_Z,N,T0110,5324.999752
1993,A,POL,S1,S1,POP,_Z,_Z,_Z,PS,_Z,N,T0110,38221.499301
1993,A,NLD,S1,S1,POP,_Z,_Z,_Z,PS,_Z,N,T0110,15289.337477
1993,A,MEX,S1,S1,POP,_Z,_Z,_Z,PS,_Z,N,T0110,91601.0
1993,A,LUX,S1,S1,POP,_Z,_Z,_Z,PS,_Z,N,T0110,398.011663
1993,A,HUN,S1,S1,POP,_Z,_Z,_Z,PS,_Z,N,T0110,10294.0
1993,A,GRC,S1,S1,POP,_Z,_Z,_Z,PS,_Z,N,T0110,10486.490476
1993,A,EST,S1,S1,POP,_Z,_Z,_Z,PS,_Z,N,T0110,1511.3
1993,A,CZE,S1,S1,POP,_Z,_Z,_Z,PS,_Z,N,T0110,10330.607
1993,A,COL,S1,S1,POP,_Z,_Z,_Z,PS,_Z,N,T0110,34251.736285
1993,A,AUT,S1,S1,POP,_Z,_Z,_Z,PS,_Z,N,T0110,7905.632
1992,A,HKG,S1,S1,POP,_Z,_Z,_Z,PS,_Z,N,T0110,5801.0
1992,A,SWE,S1,S1,POP,_Z,_Z,_Z,PS,_Z,N,T0110,8670.700464
1992,A,SVK,S1,S1,POP,_Z,_Z,_Z,PS,_Z,N,T0110,5306.999753
1992,A,POL,S1,S1,POP,_Z,_Z,_Z,PS,_Z,N,T0110,38173.498674
1992,A,NLD,S1,S1,POP,_Z,_Z,_Z,PS,_Z,N,T0110,15181.342157
1992,A,MEX,S1,S1,POP,_Z,_Z,_Z,PS,_Z,N,T0110,90133.0
1992,A,LUX,S1,S1,POP,_Z,_Z,_Z,PS,_Z,N,T0110,392.411499
1992,A,HUN,S1,S1,POP,_Z,_Z,_Z,PS,_Z,N,T0110,10324.0
1992,A,GRC,S1,S1,POP,_Z,_Z,_Z,PS,_Z,N,T0110,10428.983724
1992,A,CZE,S1,S1,POP,_Z,_Z,_Z,PS,_Z,N,T0110,10317.807
1992,A,COL,S1,S1,POP,_Z,_Z,_Z,PS,_Z,N,T0110,33602.624918
1992,A,AUT,S1,S1,POP,_Z,_Z,_Z,PS,_Z,N,T0110,7840.709
1991,A,HKG,S1,S1,POP,_Z,_Z,_Z,PS,_Z,N,T0110,5752.0
1991,A,SWE,S1,S1,POP,_Z,_Z,_Z,PS,_Z,N,T0110,8619.684576
1991,A,SVK,S1,S1,POP,_Z,_Z,_Z,PS,_Z,N,T0110,5282.999754
1991,A,PRT,S1,S1,POP,_Z,_Z,_Z,PS,_Z,N,T0110,9966.710785
1991,A,POL,S1,S1,POP,_Z,_Z,_Z,PS,_Z,N,T0110,38109.497838
1991,A,NLD,S1,S1,POP,_Z,_Z,_Z,PS,_Z,N,T0110,15067.347096
1991,A,MEX,S1,S1,POP,_Z,_Z,_Z,PS,_Z,N,T0110,88631.0
1991,A,LUX,S1,S1,POP,_Z,_Z,_Z,PS,_Z,N,T0110,387.111344
1991,A,HUN,S1,S1,POP,_Z,_Z,_Z,PS,_Z,N,T0110,10346.0
1991,A,GRC,S1,S1,POP,_Z,_Z,_Z,PS,_Z,N,T0110,10353.20194
1991,A,CZE,S1,S1,POP,_Z,_Z,_Z,PS,_Z,N,T0110,10308.682
1991,A,COL,S1,S1,POP,_Z,_Z,_Z,PS,_Z,N,T0110,32949.53848
1991,A,AUT,S1,S1,POP,_Z,_Z,_Z,PS,_Z,N,T0110,7754.891
1990,A,HKG,S1,S1,POP,_Z,_Z,_Z,PS,_Z,N,T0110,5704.0
1990,A,SWE,S1,S1,POP,_Z,_Z,_Z,PS,_Z,N,T0110,8561.666506
1990,A,SVK,S1,S1,POP,_Z,_Z,_Z,PS,_Z,N,T0110,5297.999753
1990,A,PRT,S1,S1,POP,_Z,_Z,_Z,PS,_Z,N,T0110,9994.982277
1990,A,POL,S1,S1,POP,_Z,_Z,_Z,PS,_Z,N,T0110,38031.496819
1990,A,NLD,S1,S1,POP,_Z,_Z,_Z,PS,_Z,N,T0110,14946.352339
1990,A,MEX,S1,S1,POP,_Z,_Z,_Z,PS,_Z,N,T0110,87065.0
1990,A,LUX,S1,S1,POP,_Z,_Z,_Z,PS,_Z,N,T0110,381.911191
1990,A,HUN,S1,S1,POP,_Z,_Z,_Z,PS,_Z,N,T0110,10365.0
1990,A,GRC,S1,S1,POP,_Z,_Z,_Z,PS,_Z,N,T0110,10266.296226
1990,A,CZE,S1,S1,POP,_Z,_Z,_Z,PS,_Z,N,T0110,10362.74
1990,A,COL,S1,S1,POP,_Z,_Z,_Z,PS,_Z,N,T0110,32286.823708
1990,A,AUT,S1,S1,POP,_Z,_Z,_Z,PS,_Z,N,T0110,7677.85
2020,A,SAU,S1,S1,POP,_Z,_Z,_Z,PS,_Z,N,T0110,35114.093
2019,A,SAU,S1,S1,POP,_Z,_Z,_Z,PS,_Z,N,T0110,34218.1695
2018,A,SAU,S1,S1,POP,_Z,_Z,_Z,PS,_Z,N,T0110,33413.66
2017,A,SAU,S1,S1,POP,_Z,_Z,_Z,PS,_Z,N,T0110,32716.794
2016,A,SAU,S1,S1,POP,_Z,_Z,_Z,PS,_Z,N,T0110,31879.027
2015,A,SAU,S1,S1,POP,_Z,_Z,_Z,PS,_Z,N,T0110,31153.567
2014,A,SAU,S1,S1,POP,_Z,_Z,_Z,PS,_Z,N,T0110,30432.009
2013,A,SAU,S1,S1,POP,_Z,_Z,_Z,PS,_Z,N,T0110,29704.008
2012,A,SAU,S1,S1,POP,_Z,_Z,_Z,PS,_Z,N,T0110,28988.644
2011,A,SAU,S1,S1,POP,_Z,_Z,_Z,PS,_Z,N,T0110,28270.673
2010,A,SAU,S1,S1,POP,_Z,_Z,_Z,PS,_Z,N,T0110,27516.852
2009,A,SAU,S1,S1,POP,_Z,_Z,_Z,PS,_Z,N,T0110,26661.492
2008,A,SAU,S1,S1,POP,_Z,_Z,_Z,PS,_Z,N,T0110,25940.77
2007,A,SAU,S1,S1,POP,_Z,_Z,_Z,PS,_Z,N,T0110,25252.569
2006,A,SAU,S1,S1,POP,_Z,_Z,_Z,PS,_Z,N,T0110,24578.301
2005,A,SAU,S1,S1,POP,_Z,_Z,_Z,PS,_Z,N,T0110,23905.654
2004,A,SAU,S1,S1,POP,_Z,_Z,_Z,PS,_Z,N,T0110,23228.89
2003,A,SAU,S1,S1,POP,_Z,_Z,_Z,PS,_Z,N,T0110,22556.425
2002,A,SAU,S1,S1,POP,_Z,_Z,_Z,PS,_Z,N,T0110,21906.308
2001,A,SAU,S1,S1,POP,_Z,_Z,_Z,PS,_Z,N,T0110,21303.592
2000,A,SAU,S1,S1,POP,_Z,_Z,_Z,PS,_Z,N,T0110,20764.312
1999,A,SAU,S1,S1,POP,_Z,_Z,_Z,PS,_Z,N,T0110,20294.406
1998,A,SAU,S1,S1,POP,_Z,_Z,_Z,PS,_Z,N,T0110,19882.458
1997,A,SAU,S1,S1,POP,_Z,_Z,_Z,PS,_Z,N,T0110,19505.576
1996,A,SAU,S1,S1,POP,_Z,_Z,_Z,PS,_Z,N,T0110,19131.578
1995,A,SAU,S1,S1,POP,_Z,_Z,_Z,PS,_Z,N,T0110,18735.841
1994,A,SAU,S1,S1,POP,_Z,_Z,_Z,PS,_Z,N,T0110,18311.09
1993,A,SAU,S1,S1,POP,_Z,_Z,_Z,PS,_Z,N,T0110,17859.75
1992,A,SAU,S1,S1,POP,_Z,_Z,_Z,PS,_Z,N,T0110,17378.833
1991,A,SAU,S1,S1,POP,_Z,_Z,_Z,PS,_Z,N,T0110,16867.829
1990,A,SAU,S1,S1,POP,_Z,_Z,_Z,PS,_Z,N,T0110,16326.815
2022,A,GBR,S1,S1,POP,_Z,_Z,_Z,PS,_Z,N,T0110,67604.0
2021,A,GBR,S1,S1,POP,_Z,_Z,_Z,PS,_Z,N,T0110,66984.0
2020,A,GBR,S1,S1,POP,_Z,_Z,_Z,PS,_Z,N,T0110,66744.0
2019,A,GBR,S1,S1,POP,_Z,_Z,_Z,PS,_Z,N,T0110,66631.0
2018,A,GBR,S1,S1,POP,_Z,_Z,_Z,PS,_Z,N,T0110,66289.0
2017,A,GBR,S1,S1,POP,_Z,_Z,_Z,PS,_Z,N,T0110,65966.0
2016,A,GBR,S1,S1,POP,_Z,_Z,_Z,PS,_Z,N,T0110,65607.0
2015,A,GBR,S1,S1,POP,_Z,_Z,_Z,PS,_Z,N,T0110,65088.0
2014,A,GBR,S1,S1,POP,_Z,_Z,_Z,PS,_Z,N,T0110,64620.0
2013,A,GBR,S1,S1,POP,_Z,_Z,_Z,PS,_Z,N,T0110,64139.0
2012,A,GBR,S1,S1,POP,_Z,_Z,_Z,PS,_Z,N,T0110,63711.0
2011,A,GBR,S1,S1,POP,_Z,_Z,_Z,PS,_Z,N,T0110,63285.0
2010,A,GBR,S1,S1,POP,_Z,_Z,_Z,PS,_Z,N,T0110,62760.0
2009,A,GBR,S1,S1,POP,_Z,_Z,_Z,PS,_Z,N,T0110,62261.0
2008,A,GBR,S1,S1,POP,_Z,_Z,_Z,PS,_Z,N,T0110,61824.0
2007,A,GBR,S1,S1,POP,_Z,_Z,_Z,PS,_Z,N,T0110,61319.0
2006,A,GBR,S1,S1,POP,_Z,_Z,_Z,PS,_Z,N,T0110,60827.0
2005,A,GBR,S1,S1,POP,_Z,_Z,_Z,PS,_Z,N,T0110,60413.0
2004,A,GBR,S1,S1,POP,_Z,_Z,_Z,PS,_Z,N,T0110,59950.0
2003,A,GBR,S1,S1,POP,_Z,_Z,_Z,PS,_Z,N,T0110,59637.0
2002,A,GBR,S1,S1,POP,_Z,_Z,_Z,PS,_Z,N,T0110,59366.0
2001,A,GBR,S1,S1,POP,_Z,_Z,_Z,PS,_Z,N,T0110,59113.0
2000,A,GBR,S1,S1,POP,_Z,_Z,_Z,PS,_Z,N,T0110,58886.0
1999,A,GBR,S1,S1,POP,_Z,_Z,_Z,PS,_Z,N,T0110,58684.0
1998,A,GBR,S1,S1,POP,_Z,_Z,_Z,PS,_Z,N,T0110,58475.0
1997,A,GBR,S1,S1,POP,_Z,_Z,_Z,PS,_Z,N,T0110,58314.0
1996,A,GBR,S1,S1,POP,_Z,_Z,_Z,PS,_Z,N,T0110,58164.0
1995,A,GBR,S1,S1,POP,_Z,_Z,_Z,PS,_Z,N,T0110,58025.0
1994,A,GBR,S1,S1,POP,_Z,_Z,_Z,PS,_Z,N,T0110,57862.0
1993,A,GBR,S1,S1,POP,_Z,_Z,_Z,PS,_Z,N,T0110,57714.0
1992,A,GBR,S1,S1,POP,_Z,_Z,_Z,PS,_Z,N,T0110,57585.0
1991,A,GBR,S1,S1,POP,_Z,_Z,_Z,PS,_Z,N,T0110,57439.0
1990,A,GBR,S1,S1,POP,_Z,_Z,_Z,PS,_Z,N,T0110,57238.0
2023,A,MDG,S1,S1,POP,_Z,_Z,_Z,PS,_Z,N,T0110,30325.732
2023,A,CHN,S1,S1,POP,_Z,_Z,_Z,PS,_Z,N,T0110,1409670.0
2023,A,CPV,S1,S1,POP,_Z,_Z,_Z,PS,_Z,N,T0110,522.3305
2023,A,BGR,S1,S1,POP,_Z,_Z,_Z,PS,_Z,N,T0110,6446.596
2023,A,TUR,S1,S1,POP,_Z,_Z,_Z,PS,_Z,N,T0110,85326.0
2023,A,CHE,S1,S1,POP,_Z,_Z,_Z,PS,_Z,N,T0110,8915.2855
2023,A,SWE,S1,S1,POP,_Z,_Z,_Z,PS,_Z,N,T0110,10599.407
2023,A,SVN,S1,S1,POP,_Z,_Z,_Z,PS,_Z,N,T0110,2120.544
2023,A,SVK,S1,S1,POP,_Z,_Z,_Z,PS,_Z,N,T0110,5457.49
2023,A,POL,S1,S1,POP,_Z,_Z,_Z,PS,_Z,N,T0110,37630.448
2023,A,MEX,S1,S1,POP,_Z,_Z,_Z,PS,_Z,N,T0110,129317.73
2023,A,LUX,S1,S1,POP,_Z,_Z,_Z,PS,_Z,N,T0110,667.755
2023,A,LTU,S1,S1,POP,_Z,_Z,_Z,PS,_Z,N,T0110,2871.585
2023,A,LVA,S1,S1,POP,_Z,_Z,_Z,PS,_Z,N,T0110,1881.538
2010,A,EA20,S1,S1,POP,_Z,_Z,_Z,PS,_Z,N,T0110,338957.771
2023,A,KOR,S1,S1,POP,_Z,_Z,_Z,PS,_Z,N,T0110,51713.0
2023,A,JPN,S1,S1,POP,_Z,_Z,_Z,PS,_Z,N,T0110,124352.0
2023,A,IRL,S1,S1,POP,_Z,_Z,_Z,PS,_Z,N,T0110,5295.866
2023,A,ISL,S1,S1,POP,_Z,_Z,_Z,PS,_Z,N,T0110,379.5
2023,A,FIN,S1,S1,POP,_Z,_Z,_Z,PS,_Z,N,T0110,5577.4
2023,A,EST,S1,S1,POP,_Z,_Z,_Z,PS,_Z,N,T0110,1365.884
2023,A,DNK,S1,S1,POP,_Z,_Z,_Z,PS,_Z,N,T0110,5947.987
2023,A,CZE,S1,S1,POP,_Z,_Z,_Z,PS,_Z,N,T0110,10878.042
2023,A,CRI,S1,S1,POP,_Z,_Z,_Z,PS,_Z,N,T0110,5260.078
2023,A,COL,S1,S1,POP,_Z,_Z,_Z,PS,_Z,N,T0110,51027.875574
2023,A,CHL,S1,S1,POP,_Z,_Z,_Z,PS,_Z,N,T0110,19960.889001
2023,A,AUT,S1,S1,POP,_Z,_Z,_Z,PS,_Z,N,T0110,9130.731
2022,A,SGP,S1,S1,POP,_Z,_Z,_Z,PS,_Z,N,T0110,5637.0
2022,A,SEN,S1,S1,POP,_Z,_Z,_Z,PS,_Z,N,T0110,17738.795
2022,A,MLT,S1,S1,POP,_Z,_Z,_Z,PS,_Z,N,T0110,530.684
2022,A,MDG,S1,S1,POP,_Z,_Z,_Z,PS,_Z,N,T0110,29611.714
2022,A,IDN,S1,S1,POP,_Z,_Z,_Z,PS,_Z,N,T0110,275773.8
2022,A,IND,S1,S1,POP,_Z,_Z,_Z,PS,_Z,N,T0110,1382894.0
2022,A,HRV,S1,S1,POP,_Z,_Z,_Z,PS,_Z,N,T0110,3917.982125
2022,A,CHN,S1,S1,POP,_Z,_Z,_Z,PS,_Z,N,T0110,1411750.0
2022,A,CPV,S1,S1,POP,_Z,_Z,_Z,PS,_Z,N,T0110,519.741
2022,A,BGR,S1,S1,POP,_Z,_Z,_Z,PS,_Z,N,T0110,6465.097
2022,A,ARG,S1,S1,POP,_Z,_Z,_Z,PS,_Z,N,T0110,46234.83
2022,A,TUR,S1,S1,POP,_Z,_Z,_Z,PS,_Z,N,T0110,84980.0
2022,A,CHE,S1,S1,POP,_Z,_Z,_Z,PS,_Z,N,T0110,8782.33175
2022,A,SWE,S1,S1,POP,_Z,_Z,_Z,PS,_Z,N,T0110,10527.17775
2022,A,SVN,S1,S1,POP,_Z,_Z,_Z,PS,_Z,N,T0110,2109.393
2022,A,SVK,S1,S1,POP,_Z,_Z,_Z,PS,_Z,N,T0110,5457.173
2022,A,PRT,S1,S1,POP,_Z,_Z,_Z,PS,_Z,N,T0110,10468.869
2022,A,NOR,S1,S1,POP,_Z,_Z,_Z,PS,_Z,N,T0110,5457.0
2022,A,MEX,S1,S1,POP,_Z,_Z,_Z,PS,_Z,N,T0110,128582.096
2022,A,LUX,S1,S1,POP,_Z,_Z,_Z,PS,_Z,N,T0110,655.277
2022,A,LTU,S1,S1,POP,_Z,_Z,_Z,PS,_Z,N,T0110,2831.638
2022,A,LVA,S1,S1,POP,_Z,_Z,_Z,PS,_Z,N,T0110,1886.225
2022,A,KOR,S1,S1,POP,_Z,_Z,_Z,PS,_Z,N,T0110,51673.0
2022,A,JPN,S1,S1,POP,_Z,_Z,_Z,PS,_Z,N,T0110,124947.0
2022,A,ITA,S1,S1,POP,_Z,_Z,_Z,PS,_Z,N,T0110,59013.7
2022,A,IRL,S1,S1,POP,_Z,_Z,_Z,PS,_Z,N,T0110,5199.746
2022,A,ISL,S1,S1,POP,_Z,_Z,_Z,PS,_Z,N,T0110,370.1
2022,A,HUN,S1,S1,POP,_Z,_Z,_Z,PS,_Z,N,T0110,9605.074
2022,A,FIN,S1,S1,POP,_Z,_Z,_Z,PS,_Z,N,T0110,5556.9
2022,A,EST,S1,S1,POP,_Z,_Z,_Z,PS,_Z,N,T0110,1331.796
2022,A,DNK,S1,S1,POP,_Z,_Z,_Z,PS,_Z,N,T0110,5906.385
2022,A,CZE,S1,S1,POP,_Z,_Z,_Z,PS,_Z,N,T0110,10759.525
2022,A,CRI,S1,S1,POP,_Z,_Z,_Z,PS,_Z,N,T0110,5211.341
2022,A,COL,S1,S1,POP,_Z,_Z,_Z,PS,_Z,N,T0110,50495.179417
2022,A,CHL,S1,S1,POP,_Z,_Z,_Z,PS,_Z,N,T0110,19828.563
2022,A,AUT,S1,S1,POP,_Z,_Z,_Z,PS,_Z,N,T0110,9052.872
2022,A,AUS,S1,S1,POP,_Z,_Z,_Z,PS,_Z,N,T0110,26014.399
2021,A,ZMB,S1,S1,POP,_Z,_Z,_Z,PS,_Z,N,T0110,19473.125
2003,A,OECD26,S1,S1,POP,_Z,_Z,_Z,PS,_Z,N,T0110,1088273.86575
2003,A,OECD,S1,S1,POP,_Z,_Z,_Z,PS,_Z,N,T0110,1227658.856083
2002,A,OECD26,S1,S1,POP,_Z,_Z,_Z,PS,_Z,N,T0110,1080259.788344
2002,A,OECD,S1,S1,POP,_Z,_Z,_Z,PS,_Z,N,T0110,1218962.258844
2001,A,OECD26,S1,S1,POP,_Z,_Z,_Z,PS,_Z,N,T0110,1072204.847531
2001,A,OECD,S1,S1,POP,_Z,_Z,_Z,PS,_Z,N,T0110,1210169.521531
2000,A,OECD26,S1,S1,POP,_Z,_Z,_Z,PS,_Z,N,T0110,1064503.852844
2000,A,OECD,S1,S1,POP,_Z,_Z,_Z,PS,_Z,N,T0110,1201726.153344
1999,A,OECD26,S1,S1,POP,_Z,_Z,_Z,PS,_Z,N,T0110,1056880.46825
1999,A,OECD,S1,S1,POP,_Z,_Z,_Z,PS,_Z,N,T0110,1193170.39299
1998,A,OECD26,S1,S1,POP,_Z,_Z,_Z,PS,_Z,N,T0110,1049493.903813
1998,A,OECD,S1,S1,POP,_Z,_Z,_Z,PS,_Z,N,T0110,1184923.300857
1997,A,OECD26,S1,S1,POP,_Z,_Z,_Z,PS,_Z,N,T0110,1042126.974156
1997,A,OECD,S1,S1,POP,_Z,_Z,_Z,PS,_Z,N,T0110,1176690.342357
1996,A,OECD26,S1,S1,POP,_Z,_Z,_Z,PS,_Z,N,T0110,1034437.075406
1996,A,OECD,S1,S1,POP,_Z,_Z,_Z,PS,_Z,N,T0110,1168115.618167
1995,A,OECD26,S1,S1,POP,_Z,_Z,_Z,PS,_Z,N,T0110,1026701.37221
1995,A,OECD,S1,S1,POP,_Z,_Z,_Z,PS,_Z,N,T0110,1159427.380827
2023,A,OECDE,S1,S1,POP,_Z,_Z,_Z,PS,_Z,N,T0110,588685.6685
2023,A,OECD26,S1,S1,POP,_Z,_Z,_Z,PS,_Z,N,T0110,1231378.9425
2023,A,OECD,S1,S1,POP,_Z,_Z,_Z,PS,_Z,N,T0110,1389270.727075
2023,A,EU15,S1,S1,POP,_Z,_Z,_Z,PS,_Z,N,T0110,416747.166
2023,A,PRT,S1,S1,POP,_Z,_Z,_Z,PS,_Z,N,T0110,10578.174
2023,A,FRA,S1,S1,POP,_Z,_Z,_Z,PS,_Z,N,T0110,68372.0
2023,A,HRV,S1,S1,POP,_Z,_Z,_Z,PS,_Z,N,T0110,3942.315625
2023,A,BEL,S1,S1,POP,_Z,_Z,_Z,PS,_Z,N,T0110,11780.0
1994,A,OECD26,S1,S1,POP,_Z,_Z,_Z,PS,_Z,N,T0110,1018931.385073
1994,A,OECD,S1,S1,POP,_Z,_Z,_Z,PS,_Z,N,T0110,1150652.932433
1994,A,EU15,S1,S1,POP,_Z,_Z,_Z,PS,_Z,N,T0110,371745.970073
1994,A,BEL,S1,S1,POP,_Z,_Z,_Z,PS,_Z,N,T0110,10115.800414
1993,A,OECD26,S1,S1,POP,_Z,_Z,_Z,PS,_Z,N,T0110,1011150.012495
1993,A,OECD,S1,S1,POP,_Z,_Z,_Z,PS,_Z,N,T0110,1141865.629081
1993,A,EU15,S1,S1,POP,_Z,_Z,_Z,PS,_Z,N,T0110,370751.590495
1993,A,BEL,S1,S1,POP,_Z,_Z,_Z,PS,_Z,N,T0110,10085.801006
1992,A,OECD26,S1,S1,POP,_Z,_Z,_Z,PS,_Z,N,T0110,1002656.167046
1992,A,OECD,S1,S1,POP,_Z,_Z,_Z,PS,_Z,N,T0110,1132273.748493
1992,A,EU15,S1,S1,POP,_Z,_Z,_Z,PS,_Z,N,T0110,369417.908046
1992,A,BEL,S1,S1,POP,_Z,_Z,_Z,PS,_Z,N,T0110,10046.801776
1991,A,OECD26,S1,S1,POP,_Z,_Z,_Z,PS,_Z,N,T0110,993747.210243
1991,A,OECD,S1,S1,POP,_Z,_Z,_Z,PS,_Z,N,T0110,1122213.093358
1991,A,EU15,S1,S1,POP,_Z,_Z,_Z,PS,_Z,N,T0110,367907.002243
1991,A,BEL,S1,S1,POP,_Z,_Z,_Z,PS,_Z,N,T0110,10005.802585
1990,A,OECD26,S1,S1,POP,_Z,_Z,_Z,PS,_Z,N,T0110,984536.248691
1990,A,OECD,S1,S1,POP,_Z,_Z,_Z,PS,_Z,N,T0110,1111811.392051
1990,A,EU15,S1,S1,POP,_Z,_Z,_Z,PS,_Z,N,T0110,366268.943691
1990,A,BEL,S1,S1,POP,_Z,_Z,_Z,PS,_Z,N,T0110,9967.803334
2020,A,OECDE,S1,S1,POP,_Z,_Z,_Z,PS,_Z,N,T0110,579382.558
2011,A,OECDE,S1,S1,POP,_Z,_Z,_Z,PS,_Z,N,T0110,558468.5855
2010,A,OECDE,S1,S1,POP,_Z,_Z,_Z,PS,_Z,N,T0110,555846.2465
2009,A,OECDE,S1,S1,POP,_Z,_Z,_Z,PS,_Z,N,T0110,553379.906844
2009,A,EU15,S1,S1,POP,_Z,_Z,_Z,PS,_Z,N,T0110,395646.668
2009,A,BEL,S1,S1,POP,_Z,_Z,_Z,PS,_Z,N,T0110,10796.5
2001,A,OECDE,S1,S1,POP,_Z,_Z,_Z,PS,_Z,N,T0110,529396.046531
2022,A,OECDE,S1,S1,POP,_Z,_Z,_Z,PS,_Z,N,T0110,585071.1275
2022,A,OECD26,S1,S1,POP,_Z,_Z,_Z,PS,_Z,N,T0110,1222940.5245
2022,A,OECD,S1,S1,POP,_Z,_Z,_Z,PS,_Z,N,T0110,1379890.289917
2022,A,EU15,S1,S1,POP,_Z,_Z,_Z,PS,_Z,N,T0110,413721.66375
2021,A,OECDE,S1,S1,POP,_Z,_Z,_Z,PS,_Z,N,T0110,580563.624
2021,A,OECD26,S1,S1,POP,_Z,_Z,_Z,PS,_Z,N,T0110,1216289.618
2021,A,OECD,S1,S1,POP,_Z,_Z,_Z,PS,_Z,N,T0110,1371225.176757
2021,A,EU15,S1,S1,POP,_Z,_Z,_Z,PS,_Z,N,T0110,411262.7085
2020,A,OECD,S1,S1,POP,_Z,_Z,_Z,PS,_Z,N,T0110,1367058.06225
2020,A,EU27_2020,S1,S1,POP,_Z,_Z,_Z,PS,_Z,N,T0110,446094.985375
2012,A,OECDE,S1,S1,POP,_Z,_Z,_Z,PS,_Z,N,T0110,560751.086
2012,A,OECD,S1,S1,POP,_Z,_Z,_Z,PS,_Z,N,T0110,1304031.0325
2008,A,OECDE,S1,S1,POP,_Z,_Z,_Z,PS,_Z,N,T0110,550581.910906
2001,A,HRV,S1,S1,POP,_Z,_Z,_Z,PS,_Z,N,T0110,4300.45
2023,A,ESP,S1,S1,POP,_Z,_Z,_Z,PS,_Z,N,T0110,48382.506
2023,A,NLD,S1,S1,POP,_Z,_Z,_Z,PS,_Z,N,T0110,17877.0
2023,A,GRC,S1,S1,POP,_Z,_Z,_Z,PS,_Z,N,T0110,10548.14
2023,A,DEU,S1,S1,POP,_Z,_Z,_Z,PS,_Z,N,T0110,84514.0
2022,A,ESP,S1,S1,POP,_Z,_Z,_Z,PS,_Z,N,T0110,47781.354
2022,A,GRC,S1,S1,POP,_Z,_Z,_Z,PS,_Z,N,T0110,10579.183
2022,A,CYP,S1,S1,POP,_Z,_Z,_Z,PS,_Z,N,T0110,912.703
2022,A,DEU,S1,S1,POP,_Z,_Z,_Z,PS,_Z,N,T0110,83798.0
2022,A,SRB,S1,S1,POP,_Z,_Z,_Z,PS,_Z,N,T0110,6664.449
2022,A,POL,S1,S1,POP,_Z,_Z,_Z,PS,_Z,N,T0110,37779.208
2021,A,CYP,S1,S1,POP,_Z,_Z,_Z,PS,_Z,N,T0110,900.35
2021,A,SVK,S1,S1,POP,_Z,_Z,_Z,PS,_Z,N,T0110,5440.661
2021,A,DEU,S1,S1,POP,_Z,_Z,_Z,PS,_Z,N,T0110,83196.0
2019,A,HRV,S1,S1,POP,_Z,_Z,_Z,PS,_Z,N,T0110,3987.056049
2012,A,HUN,S1,S1,POP,_Z,_Z,_Z,PS,_Z,N,T0110,9913.588
2011,A,SVK,S1,S1,POP,_Z,_Z,_Z,PS,_Z,N,T0110,5398.108
2008,A,SVN,S1,S1,POP,_Z,_Z,_Z,PS,_Z,N,T0110,2021.972
2001,A,SVK,S1,S1,POP,_Z,_Z,_Z,PS,_Z,N,T0110,5379.528
1999,A,SRB,S1,S1,POP,_Z,_Z,_Z,PS,_Z,N,T0110,7540.401
2010,A,POL,S1,S1,POP,_Z,_Z,_Z,PS,_Z,N,T0110,38042.403
2020,A,POL,S1,S1,POP,_Z,_Z,_Z,PS,_Z,N,T0110,37165.86
2023,A,MAR,S1,S1,POP,_Z,_Z,_Z,PS,_Z,N,T0110,37021.0
2023,A,HKG,S1,S1,POP,_Z,_Z,_Z,PS,_Z,N,T0110,7536.0
2022,A,MAR,S1,S1,POP,_Z,_Z,_Z,PS,_Z,N,T0110,36669.0
2022,A,HKG,S1,S1,POP,_Z,_Z,_Z,PS,_Z,N,T0110,7346.0
2021,A,MAR,S1,S1,POP,_Z,_Z,_Z,PS,_Z,N,T0110,36310.0
2021,A,HKG,S1,S1,POP,_Z,_Z,_Z,PS,_Z,N,T0110,7413.0
2020,A,RUS,S1,S1,POP,_Z,_Z,_Z,PS,_Z,N,T0110,146459.802
2020,A,MKD,S1,S1,POP,_Z,_Z,_Z,PS,_Z,N,T0110,2072.531
2020,A,MAR,S1,S1,POP,_Z,_Z,_Z,PS,_Z,N,T0110,35952.0
2020,A,HKG,S1,S1,POP,_Z,_Z,_Z,PS,_Z,N,T0110,7481.0
2019,A,MKD,S1,S1,POP,_Z,_Z,_Z,PS,_Z,N,T0110,2076.694
2019,A,MAR,S1,S1,POP,_Z,_Z,_Z,PS,_Z,N,T0110,35587.0
2019,A,HKG,S1,S1,POP,_Z,_Z,_Z,PS,_Z,N,T0110,7508.0
2018,A,MKD,S1,S1,POP,_Z,_Z,_Z,PS,_Z,N,T0110,2076.217
2018,A,MAR,S1,S1,POP,_Z,_Z,_Z,PS,_Z,N,T0110,35219.0
2018,A,HKG,S1,S1,POP,_Z,_Z,_Z,PS,_Z,N,T0110,7453.0
2017,A,MKD,S1,S1,POP,_Z,_Z,_Z,PS,_Z,N,T0110,2074.502
2017,A,MAR,S1,S1,POP,_Z,_Z,_Z,PS,_Z,N,T0110,34851.0
2017,A,HKG,S1,S1,POP,_Z,_Z,_Z,PS,_Z,N,T0110,7393.0
2016,A,MKD,S1,S1,POP,_Z,_Z,_Z,PS,_Z,N,T0110,2072.49
2016,A,MAR,S1,S1,POP,_Z,_Z,_Z,PS,_Z,N,T0110,34487.0
2016,A,HKG,S1,S1,POP,_Z,_Z,_Z,PS,_Z,N,T0110,7337.0
2015,A,MKD,S1,S1,POP,_Z,_Z,_Z,PS,_Z,N,T0110,2070.226
2015,A,MAR,S1,S1,POP,_Z,_Z,_Z,PS,_Z,N,T0110,34124.0
2015,A,HKG,S1,S1,POP,_Z,_Z,_Z,PS,_Z,N,T0110,7291.0
2014,A,MKD,S1,S1,POP,_Z,_Z,_Z,PS,_Z,N,T0110,2067.471
2014,A,MAR,S1,S1,POP,_Z,_Z,_Z,PS,_Z,N,T0110,33772.0
2014,A,HKG,S1,S1,POP,_Z,_Z,_Z,PS,_Z,N,T0110,7229.0
2013,A,MKD,S1,S1,POP,_Z,_Z,_Z,PS,_Z,N,T0110,2064.032
2013,A,MAR,S1,S1,POP,_Z,_Z,_Z,PS,_Z,N,T0110,32950.0
2013,A,HKG,S1,S1,POP,_Z,_Z,_Z,PS,_Z,N,T0110,7179.0
2012,A,MKD,S1,S1,POP,_Z,_Z,_Z,PS,_Z,N,T0110,2061.044
2012,A,MAR,S1,S1,POP,_Z,_Z,_Z,PS,_Z,N,T0110,32597.0
2012,A,HKG,S1,S1,POP,_Z,_Z,_Z,PS,_Z,N,T0110,7150.0
2011,A,MKD,S1,S1,POP,_Z,_Z,_Z,PS,_Z,N,T0110,2058.539
2011,A,MAR,S1,S1,POP,_Z,_Z,_Z,PS,_Z,N,T0110,32186.0
2011,A,HKG,S1,S1,POP,_Z,_Z,_Z,PS,_Z,N,T0110,7072.0
2010,A,MKD,S1,S1,POP,_Z,_Z,_Z,PS,_Z,N,T0110,2055.004
2010,A,MAR,S1,S1,POP,_Z,_Z,_Z,PS,_Z,N,T0110,31851.0
2010,A,IND,S1,S1,POP,_Z,_Z,_Z,PS,_Z,N,T0110,1203521.164677
2010,A,HKG,S1,S1,POP,_Z,_Z,_Z,PS,_Z,N,T0110,7024.0
2009,A,MKD,S1,S1,POP,_Z,_Z,_Z,PS,_Z,N,T0110,2050.671
2009,A,MAR,S1,S1,POP,_Z,_Z,_Z,PS,_Z,N,T0110,31514.0
2009,A,IND,S1,S1,POP,_Z,_Z,_Z,PS,_Z,N,T0110,1178714.759946
2009,A,HKG,S1,S1,POP,_Z,_Z,_Z,PS,_Z,N,T0110,6973.0
2008,A,MKD,S1,S1,POP,_Z,_Z,_Z,PS,_Z,N,T0110,2046.898
2008,A,MAR,S1,S1,POP,_Z,_Z,_Z,PS,_Z,N,T0110,31178.0
2008,A,IND,S1,S1,POP,_Z,_Z,_Z,PS,_Z,N,T0110,1162595.583742
2008,A,HKG,S1,S1,POP,_Z,_Z,_Z,PS,_Z,N,T0110,6958.0
2007,A,MKD,S1,S1,POP,_Z,_Z,_Z,PS,_Z,N,T0110,2043.559
2007,A,MAR,S1,S1,POP,_Z,_Z,_Z,PS,_Z,N,T0110,30841.0
2007,A,IND,S1,S1,POP,_Z,_Z,_Z,PS,_Z,N,T0110,1146476.407538
2007,A,HKG,S1,S1,POP,_Z,_Z,_Z,PS,_Z,N,T0110,6916.0
2006,A,MKD,S1,S1,POP,_Z,_Z,_Z,PS,_Z,N,T0110,2040.228
2006,A,IND,S1,S1,POP,_Z,_Z,_Z,PS,_Z,N,T0110,1130357.231333
2006,A,HKG,S1,S1,POP,_Z,_Z,_Z,PS,_Z,N,T0110,6857.0
2005,A,MKD,S1,S1,POP,_Z,_Z,_Z,PS,_Z,N,T0110,2036.855
2005,A,IND,S1,S1,POP,_Z,_Z,_Z,PS,_Z,N,T0110,1114238.055129
2005,A,HKG,S1,S1,POP,_Z,_Z,_Z,PS,_Z,N,T0110,6813.0
2004,A,MKD,S1,S1,POP,_Z,_Z,_Z,PS,_Z,N,T0110,2032.544
2004,A,IND,S1,S1,POP,_Z,_Z,_Z,PS,_Z,N,T0110,1097111.430412
2004,A,HKG,S1,S1,POP,_Z,_Z,_Z,PS,_Z,N,T0110,6784.0
2004,A,MEX,S1,S1,POP,_Z,_Z,_Z,PS,_Z,N,T0110,105952.0
2003,A,MKD,S1,S1,POP,_Z,_Z,_Z,PS,_Z,N,T0110,2026.773
2003,A,HKG,S1,S1,POP,_Z,_Z,_Z,PS,_Z,N,T0110,6731.0
2003,A,MEX,S1,S1,POP,_Z,_Z,_Z,PS,_Z,N,T0110,104720.0
2002,A,MKD,S1,S1,POP,_Z,_Z,_Z,PS,_Z,N,T0110,2020.157
2002,A,HKG,S1,S1,POP,_Z,_Z,_Z,PS,_Z,N,T0110,6744.0
2002,A,MEX,S1,S1,POP,_Z,_Z,_Z,PS,_Z,N,T0110,103418.0
2001,A,MKD,S1,S1,POP,_Z,_Z,_Z,PS,_Z,N,T0110,2034.882
2001,A,HKG,S1,S1,POP,_Z,_Z,_Z,PS,_Z,N,T0110,6714.0
2001,A,MEX,S1,S1,POP,_Z,_Z,_Z,PS,_Z,N,T0110,102122.0
2000,A,MKD,S1,S1,POP,_Z,_Z,_Z,PS,_Z,N,T0110,2026.35
2000,A,HKG,S1,S1,POP,_Z,_Z,_Z,PS,_Z,N,T0110,6665.0
2000,A,MEX,S1,S1,POP,_Z,_Z,_Z,PS,_Z,N,T0110,100896.0
2000,A,COL,S1,S1,POP,_Z,_Z,_Z,PS,_Z,N,T0110,38119.3935
1999,A,HKG,S1,S1,POP,_Z,_Z,_Z,PS,_Z,N,T0110,6607.0
1999,A,MEX,S1,S1,POP,_Z,_Z,_Z,PS,_Z,N,T0110,99706.0
1999,A,COL,S1,S1,POP,_Z,_Z,_Z,PS,_Z,N,T0110,37585.12874
1998,A,HKG,S1,S1,POP,_Z,_Z,_Z,PS,_Z,N,T0110,6544.0
1998,A,MEX,S1,S1,POP,_Z,_Z,_Z,PS,_Z,N,T0110,98485.0
1998,A,COL,S1,S1,POP,_Z,_Z,_Z,PS,_Z,N,T0110,37068.292044
1997,A,HKG,S1,S1,POP,_Z,_Z,_Z,PS,_Z,N,T0110,6489.0
1997,A,MEX,S1,S1,POP,_Z,_Z,_Z,PS,_Z,N,T0110,97205.0
1997,A,COL,S1,S1,POP,_Z,_Z,_Z,PS,_Z,N,T0110,36549.163201
1996,A,HKG,S1,S1,POP,_Z,_Z,_Z,PS,_Z,N,T0110,6435.0
1996,A,MEX,S1,S1,POP,_Z,_Z,_Z,PS,_Z,N,T0110,95877.0
1996,A,COL,S1,S1,POP,_Z,_Z,_Z,PS,_Z,N,T0110,36012.177761
1995,A,HKG,S1,S1,POP,_Z,_Z,_Z,PS,_Z,N,T0110,6156.0
1995,A,MEX,S1,S1,POP,_Z,_Z,_Z,PS,_Z,N,T0110,94490.0
1995,A,COL,S1,S1,POP,_Z,_Z,_Z,PS,_Z,N,T0110,35448.491617
1994,A,HKG,S1,S1,POP,_Z,_Z,_Z,PS,_Z,N,T0110,6035.0
1994,A,SVK,S1,S1,POP,_Z,_Z,_Z,PS,_Z,N,T0110,5346.899751
1994,A,POL,S1,S1,POP,_Z,_Z,_Z,PS,_Z,N,T0110,38252.499706
1994,A,NLD,S1,S1,POP,_Z,_Z,_Z,PS,_Z,N,T0110,15380.333534
1994,A,MEX,S1,S1,POP,_Z,_Z,_Z,PS,_Z,N,T0110,93055.0
2010,A,AUS,S1,S1,POP,_Z,_Z,_Z,PS,_Z,N,T0110,22031.75
2009,A,ZAF,S1,S1,POP,_Z,_Z,_Z,PS,_Z,N,T0110,50223.59
2009,A,KAZ,S1,S1,POP,_Z,_Z,_Z,PS,_Z,N,T0110,16092.822
2009,A,EU27_2020,S1,S1,POP,_Z,_Z,_Z,PS,_Z,N,T0110,439632.75875
2009,A,EA20,S1,S1,POP,_Z,_Z,_Z,PS,_Z,N,T0110,338193.56875
2009,A,POL,S1,S1,POP,_Z,_Z,_Z,PS,_Z,N,T0110,38153.389
2009,A,NZL,S1,S1,POP,_Z,_Z,_Z,PS,_Z,N,T0110,4317.9
2009,A,ISR,S1,S1,POP,_Z,_Z,_Z,PS,_Z,N,T0110,7617.425
2009,A,FRA,S1,S1,POP,_Z,_Z,_Z,PS,_Z,N,T0110,64441.0
2009,A,AUS,S1,S1,POP,_Z,_Z,_Z,PS,_Z,N,T0110,21691.653
2008,A,ZAF,S1,S1,POP,_Z,_Z,_Z,PS,_Z,N,T0110,49561.65
2008,A,KAZ,S1,S1,POP,_Z,_Z,_Z,PS,_Z,N,T0110,15674.0
2008,A,OECD26,S1,S1,POP,_Z,_Z,_Z,PS,_Z,N,T0110,1127593.198906
2008,A,EU27_2020,S1,S1,POP,_Z,_Z,_Z,PS,_Z,N,T0110,438596.67925
2008,A,EU15,S1,S1,POP,_Z,_Z,_Z,PS,_Z,N,T0110,394026.433
2008,A,EA20,S1,S1,POP,_Z,_Z,_Z,PS,_Z,N,T0110,337140.81925
2008,A,NZL,S1,S1,POP,_Z,_Z,_Z,PS,_Z,N,T0110,4271.0
2008,A,ISR,S1,S1,POP,_Z,_Z,_Z,PS,_Z,N,T0110,7481.875
2008,A,FRA,S1,S1,POP,_Z,_Z,_Z,PS,_Z,N,T0110,64121.0
2008,A,AUS,S1,S1,POP,_Z,_Z,_Z,PS,_Z,N,T0110,21249.199
2007,A,KAZ,S1,S1,POP,_Z,_Z,_Z,PS,_Z,N,T0110,15484.192
2007,A,OECDE,S1,S1,POP,_Z,_Z,_Z,PS,_Z,N,T0110,547214.066063
2007,A,OECD26,S1,S1,POP,_Z,_Z,_Z,PS,_Z,N,T0110,1120636.429063
2007,A,OECD,S1,S1,POP,_Z,_Z,_Z,PS,_Z,N,T0110,1263042.438563
2007,A,EU27_2020,S1,S1,POP,_Z,_Z,_Z,PS,_Z,N,T0110,437144.07175
2007,A,EU15,S1,S1,POP,_Z,_Z,_Z,PS,_Z,N,T0110,391748.539
2007,A,EA20,S1,S1,POP,_Z,_Z,_Z,PS,_Z,N,T0110,335500.49275
2007,A,NZL,S1,S1,POP,_Z,_Z,_Z,PS,_Z,N,T0110,4235.3
2007,A,ISR,S1,S1,POP,_Z,_Z,_Z,PS,_Z,N,T0110,7318.65
2007,A,FRA,S1,S1,POP,_Z,_Z,_Z,PS,_Z,N,T0110,63775.0
2007,A,BEL,S1,S1,POP,_Z,_Z,_Z,PS,_Z,N,T0110,10625.7
2007,A,AUS,S1,S1,POP,_Z,_Z,_Z,PS,_Z,N,T0110,20827.622
2006,A,KAZ,S1,S1,POP,_Z,_Z,_Z,PS,_Z,N,T0110,15308.084
2006,A,OECDE,S1,S1,POP,_Z,_Z,_Z,PS,_Z,N,T0110,543890.613719
2006,A,OECD26,S1,S1,POP,_Z,_Z,_Z,PS,_Z,N,T0110,1111911.696719
2006,A,OECD,S1,S1,POP,_Z,_Z,_Z,PS,_Z,N,T0110,1253512.071196
2006,A,EU27_2020,S1,S1,POP,_Z,_Z,_Z,PS,_Z,N,T0110,435631.5315
2006,A,EU15,S1,S1,POP,_Z,_Z,_Z,PS,_Z,N,T0110,389388.104
2006,A,EA20,S1,S1,POP,_Z,_Z,_Z,PS,_Z,N,T0110,333748.4625
2006,A,NZL,S1,S1,POP,_Z,_Z,_Z,PS,_Z,N,T0110,4196.7
2006,A,ISR,S1,S1,POP,_Z,_Z,_Z,PS,_Z,N,T0110,7173.9
2006,A,FRA,S1,S1,POP,_Z,_Z,_Z,PS,_Z,N,T0110,63394.0
2006,A,AUS,S1,S1,POP,_Z,_Z,_Z,PS,_Z,N,T0110,20450.966
2005,A,KAZ,S1,S1,POP,_Z,_Z,_Z,PS,_Z,N,T0110,15147.029
2005,A,OECDE,S1,S1,POP,_Z,_Z,_Z,PS,_Z,N,T0110,541007.892344
2005,A,OECD26,S1,S1,POP,_Z,_Z,_Z,PS,_Z,N,T0110,1103873.692344
2005,A,OECD,S1,S1,POP,_Z,_Z,_Z,PS,_Z,N,T0110,1244728.402877
2005,A,EU27_2020,S1,S1,POP,_Z,_Z,_Z,PS,_Z,N,T0110,434266.2715
2005,A,EU15,S1,S1,POP,_Z,_Z,_Z,PS,_Z,N,T0110,387374.991
2005,A,EA20,S1,S1,POP,_Z,_Z,_Z,PS,_Z,N,T0110,332278.9225
2005,A,NZL,S1,S1,POP,_Z,_Z,_Z,PS,_Z,N,T0110,4148.0
2005,A,ISR,S1,S1,POP,_Z,_Z,_Z,PS,_Z,N,T0110,7033.925
2005,A,IRL,S1,S1,POP,_Z,_Z,_Z,PS,_Z,N,T0110,4160.009
2005,A,FRA,S1,S1,POP,_Z,_Z,_Z,PS,_Z,N,T0110,62964.0
2005,A,BEL,S1,S1,POP,_Z,_Z,_Z,PS,_Z,N,T0110,10478.6
2005,A,AUS,S1,S1,POP,_Z,_Z,_Z,PS,_Z,N,T0110,20176.844
2004,A,ROU,S1,S1,POP,_Z,_Z,_Z,PS,_Z,N,T0110,21451.85
2004,A,KAZ,S1,S1,POP,_Z,_Z,_Z,PS,_Z,N,T0110,15012.985
2004,A,OECDE,S1,S1,POP,_Z,_Z,_Z,PS,_Z,N,T0110,537863.456906
2004,A,EU27_2020,S1,S1,POP,_Z,_Z,_Z,PS,_Z,N,T0110,432657.533
2004,A,EU15,S1,S1,POP,_Z,_Z,_Z,PS,_Z,N,T0110,385056.535
2004,A,EA20,S1,S1,POP,_Z,_Z,_Z,PS,_Z,N,T0110,330533.664
2004,A,NZL,S1,S1,POP,_Z,_Z,_Z,PS,_Z,N,T0110,4101.3
2004,A,ISR,S1,S1,POP,_Z,_Z,_Z,PS,_Z,N,T0110,6922.1
2004,A,IRL,S1,S1,POP,_Z,_Z,_Z,PS,_Z,N,T0110,4067.346
2004,A,FRA,S1,S1,POP,_Z,_Z,_Z,PS,_Z,N,T0110,62501.0
2004,A,BEL,S1,S1,POP,_Z,_Z,_Z,PS,_Z,N,T0110,10421.1
2004,A,AUS,S1,S1,POP,_Z,_Z,_Z,PS,_Z,N,T0110,19932.722
2003,A,KAZ,S1,S1,POP,_Z,_Z,_Z,PS,_Z,N,T0110,14909.018
2003,A,OECDE,S1,S1,POP,_Z,_Z,_Z,PS,_Z,N,T0110,534974.25775
2003,A,EU27_2020,S1,S1,POP,_Z,_Z,_Z,PS,_Z,N,T0110,431114.18875
2003,A,EU15,S1,S1,POP,_Z,_Z,_Z,PS,_Z,N,T0110,382950.215
2003,A,EA20,S1,S1,POP,_Z,_Z,_Z,PS,_Z,N,T0110,328842.61075
2003,A,NZL,S1,S1,POP,_Z,_Z,_Z,PS,_Z,N,T0110,4044.9
2003,A,ISR,S1,S1,POP,_Z,_Z,_Z,PS,_Z,N,T0110,6809.35
2003,A,IRL,S1,S1,POP,_Z,_Z,_Z,PS,_Z,N,T0110,3996.994
2003,A,FRA,S1,S1,POP,_Z,_Z,_Z,PS,_Z,N,T0110,62053.0
2003,A,BEL,S1,S1,POP,_Z,_Z,_Z,PS,_Z,N,T0110,10376.1
2003,A,AUS,S1,S1,POP,_Z,_Z,_Z,PS,_Z,N,T0110,19720.737
2002,A,KAZ,S1,S1,POP,_Z,_Z,_Z,PS,_Z,N,T0110,14858.948
2002,A,OECDE,S1,S1,POP,_Z,_Z,_Z,PS,_Z,N,T0110,532119.697344
2002,A,EU27_2020,S1,S1,POP,_Z,_Z,_Z,PS,_Z,N,T0110,429540.43275
2002,A,EU15,S1,S1,POP,_Z,_Z,_Z,PS,_Z,N,T0110,380848.302
2002,A,EA20,S1,S1,POP,_Z,_Z,_Z,PS,_Z,N,T0110,327101.74475
2002,A,NZL,S1,S1,POP,_Z,_Z,_Z,PS,_Z,N,T0110,3970.0
2002,A,ISR,S1,S1,POP,_Z,_Z,_Z,PS,_Z,N,T0110,6724.45
2002,A,IRL,S1,S1,POP,_Z,_Z,_Z,PS,_Z,N,T0110,3931.85
2002,A,FRA,S1,S1,POP,_Z,_Z,_Z,PS,_Z,N,T0110,61624.0
2002,A,BEL,S1,S1,POP,_Z,_Z,_Z,PS,_Z,N,T0110,10332.8
2002,A,AUS,S1,S1,POP,_Z,_Z,_Z,PS,_Z,N,T0110,19495.21
2001,A,KAZ,S1,S1,POP,_Z,_Z,_Z,PS,_Z,N,T0110,14858.335
2001,A,EU27_2020,S1,S1,POP,_Z,_Z,_Z,PS,_Z,N,T0110,428746.36025
2001,A,EU15,S1,S1,POP,_Z,_Z,_Z,PS,_Z,N,T0110,378907.302
2001,A,EA20,S1,S1,POP,_Z,_Z,_Z,PS,_Z,N,T0110,325508.07625
2001,A,NZL,S1,S1,POP,_Z,_Z,_Z,PS,_Z,N,T0110,3899.5
2001,A,ISR,S1,S1,POP,_Z,_Z,_Z,PS,_Z,N,T0110,6595.3
2001,A,IRL,S1,S1,POP,_Z,_Z,_Z,PS,_Z,N,T0110,3863.795
2001,A,FRA,S1,S1,POP,_Z,_Z,_Z,PS,_Z,N,T0110,61184.0
2001,A,BEL,S1,S1,POP,_Z,_Z,_Z,PS,_Z,N,T0110,10286.6
2001,A,AUS,S1,S1,POP,_Z,_Z,_Z,PS,_Z,N,T0110,19274.701
2000,A,KAZ,S1,S1,POP,_Z,_Z,_Z,PS,_Z,N,T0110,14883.626
2000,A,OECDE,S1,S1,POP,_Z,_Z,_Z,PS,_Z,N,T0110,527188.886844
2000,A,EU27_2020,S1,S1,POP,_Z,_Z,_Z,PS,_Z,N,T0110,428162.9665
2000,A,EU15,S1,S1,POP,_Z,_Z,_Z,PS,_Z,N,T0110,377497.117
2000,A,EA20,S1,S1,POP,_Z,_Z,_Z,PS,_Z,N,T0110,324608.4245
2000,A,NZL,S1,S1,POP,_Z,_Z,_Z,PS,_Z,N,T0110,3865.4
2000,A,ISR,S1,S1,POP,_Z,_Z,_Z,PS,_Z,N,T0110,6437.325
2000,A,IRL,S1,S1,POP,_Z,_Z,_Z,PS,_Z,N,T0110,3804.254
2000,A,FRA,S1,S1,POP,_Z,_Z,_Z,PS,_Z,N,T0110,60746.0
2000,A,BEL,S1,S1,POP,_Z,_Z,_Z,PS,_Z,N,T0110,10251.2
2000,A,AUS,S1,S1,POP,_Z,_Z,_Z,PS,_Z,N,T0110,19028.802
1999,A,KAZ,S1,S1,POP,_Z,_Z,_Z,PS,_Z,N,T0110,14928.374
1999,A,OECDE,S1,S1,POP,_Z,_Z,_Z,PS,_Z,N,T0110,525049.20425
1999,A,EU27_2020,S1,S1,POP,_Z,_Z,_Z,PS,_Z,N,T0110,427294.421
1999,A,EU15,S1,S1,POP,_Z,_Z,_Z,PS,_Z,N,T0110,376267.852
1999,A,EA20,S1,S1,POP,_Z,_Z,_Z,PS,_Z,N,T0110,323657.447
1999,A,NZL,S1,S1,POP,_Z,_Z,_Z,PS,_Z,N,T0110,3842.9
1999,A,ISR,S1,S1,POP,_Z,_Z,_Z,PS,_Z,N,T0110,6257.325
1999,A,IRL,S1,S1,POP,_Z,_Z,_Z,PS,_Z,N,T0110,3754.775
1999,A,FRA,S1,S1,POP,_Z,_Z,_Z,PS,_Z,N,T0110,60336.0
1999,A,BEL,S1,S1,POP,_Z,_Z,_Z,PS,_Z,N,T0110,10226.4
1999,A,AUS,S1,S1,POP,_Z,_Z,_Z,PS,_Z,N,T0110,18812.264
1998,A,KAZ,S1,S1,POP,_Z,_Z,_Z,PS,_Z,N,T0110,15071.64
1998,A,OECDE,S1,S1,POP,_Z,_Z,_Z,PS,_Z,N,T0110,523205.356813
1998,A,EU27_2020,S1,S1,POP,_Z,_Z,_Z,PS,_Z,N,T0110,426732.95825
1998,A,EU15,S1,S1,POP,_Z,_Z,_Z,PS,_Z,N,T0110,375288.571
1998,A,EA20,S1,S1,POP,_Z,_Z,_Z,PS,_Z,N,T0110,322972.88025
1998,A,NZL,S1,S1,POP,_Z,_Z,_Z,PS,_Z,N,T0110,3821.8
1998,A,ISR,S1,S1,POP,_Z,_Z,_Z,PS,_Z,N,T0110,6096.125
1998,A,IRL,S1,S1,POP,_Z,_Z,_Z,PS,_Z,N,T0110,3714.18
1998,A,FRA,S1,S1,POP,_Z,_Z,_Z,PS,_Z,N,T0110,60032.0
1998,A,BEL,S1,S1,POP,_Z,_Z,_Z,PS,_Z,N,T0110,10202.4
1998,A,AUS,S1,S1,POP,_Z,_Z,_Z,PS,_Z,N,T0110,18607.584
1997,A,KAZ,S1,S1,POP,_Z,_Z,_Z,PS,_Z,N,T0110,15334.405
1997,A,OECDE,S1,S1,POP,_Z,_Z,_Z,PS,_Z,N,T0110,521548.191156
1997,A,EU27_2020,S1,S1,POP,_Z,_Z,_Z,PS,_Z,N,T0110,426262.32925
1997,A,EU15,S1,S1,POP,_Z,_Z,_Z,PS,_Z,N,T0110,374467.017
1997,A,EA20,S1,S1,POP,_Z,_Z,_Z,PS,_Z,N,T0110,322386.54025
1997,A,NZL,S1,S1,POP,_Z,_Z,_Z,PS,_Z,N,T0110,3792.1
1997,A,ISR,S1,S1,POP,_Z,_Z,_Z,PS,_Z,N,T0110,5938.025
1997,A,IRL,S1,S1,POP,_Z,_Z,_Z,PS,_Z,N,T0110,3664.3
1997,A,BEL,S1,S1,POP,_Z,_Z,_Z,PS,_Z,N,T0110,10180.7
1997,A,AUS,S1,S1,POP,_Z,_Z,_Z,PS,_Z,N,T0110,18423.037
1996,A,KAZ,S1,S1,POP,_Z,_Z,_Z,PS,_Z,N,T0110,15578.227
1996,A,OECDE,S1,S1,POP,_Z,_Z,_Z,PS,_Z,N,T0110,519790.648406
1996,A,EU27_2020,S1,S1,POP,_Z,_Z,_Z,PS,_Z,N,T0110,425735.6045
1996,A,EU15,S1,S1,POP,_Z,_Z,_Z,PS,_Z,N,T0110,373574.796
1996,A,EA20,S1,S1,POP,_Z,_Z,_Z,PS,_Z,N,T0110,321744.8615
1996,A,NZL,S1,S1,POP,_Z,_Z,_Z,PS,_Z,N,T0110,3747.3
1996,A,ISR,S1,S1,POP,_Z,_Z,_Z,PS,_Z,N,T0110,5790.175
1996,A,IRL,S1,S1,POP,_Z,_Z,_Z,PS,_Z,N,T0110,3626.1
1996,A,FRA,S1,S1,POP,_Z,_Z,_Z,PS,_Z,N,T0110,59612.0
1996,A,BEL,S1,S1,POP,_Z,_Z,_Z,PS,_Z,N,T0110,10156.6
1996,A,AUS,S1,S1,POP,_Z,_Z,_Z,PS,_Z,N,T0110,18224.767
1995,A,KAZ,S1,S1,POP,_Z,_Z,_Z,PS,_Z,N,T0110,15816.243
1995,A,OECDE,S1,S1,POP,_Z,_Z,_Z,PS,_Z,N,T0110,517945.08721
1995,A,EU27_2020,S1,S1,POP,_Z,_Z,_Z,PS,_Z,N,T0110,425166.60875
1995,A,EU15,S1,S1,POP,_Z,_Z,_Z,PS,_Z,N,T0110,372614.32
1995,A,EA20,S1,S1,POP,_Z,_Z,_Z,PS,_Z,N,T0110,321084.77275
1995,A,NZL,S1,S1,POP,_Z,_Z,_Z,PS,_Z,N,T0110,3690.6
1995,A,ISR,S1,S1,POP,_Z,_Z,_Z,PS,_Z,N,T0110,5603.375
1995,A,IRL,S1,S1,POP,_Z,_Z,_Z,PS,_Z,N,T0110,3601.3
1995,A,FRA,S1,S1,POP,_Z,_Z,_Z,PS,_Z,N,T0110,59407.0
1995,A,BEL,S1,S1,POP,_Z,_Z,_Z,PS,_Z,N,T0110,10136.8
1995,A,AUS,S1,S1,POP,_Z,_Z,_Z,PS,_Z,N,T0110,18004.882
1994,A,KAZ,S1,S1,POP,_Z,_Z,_Z,PS,_Z,N,T0110,16145.766
1994,A,NZL,S1,S1,POP,_Z,_Z,_Z,PS,_Z,N,T0110,3634.4
1994,A,FRA,S1,S1,POP,_Z,_Z,_Z,PS,_Z,N,T0110,59199.0
1993,A,KAZ,S1,S1,POP,_Z,_Z,_Z,PS,_Z,N,T0110,16380.672
1993,A,NZL,S1,S1,POP,_Z,_Z,_Z,PS,_Z,N,T0110,3585.2
1993,A,FRA,S1,S1,POP,_Z,_Z,_Z,PS,_Z,N,T0110,58986.0
1992,A,KAZ,S1,S1,POP,_Z,_Z,_Z,PS,_Z,N,T0110,16439.095
1992,A,NZL,S1,S1,POP,_Z,_Z,_Z,PS,_Z,N,T0110,3542.2
1992,A,FRA,S1,S1,POP,_Z,_Z,_Z,PS,_Z,N,T0110,58740.0
1991,A,KAZ,S1,S1,POP,_Z,_Z,_Z,PS,_Z,N,T0110,16404.967
1991,A,NZL,S1,S1,POP,_Z,_Z,_Z,PS,_Z,N,T0110,3505.7
1990,A,KAZ,S1,S1,POP,_Z,_Z,_Z,PS,_Z,N,T0110,16328.102
1990,A,FRA,S1,S1,POP,_Z,_Z,_Z,PS,_Z,N,T0110,58176.0
2011,A,OECD,S1,S1,POP,_Z,_Z,_Z,PS,_Z,N,T0110,1296385.004
2010,A,OECD,S1,S1,POP,_Z,_Z,_Z,PS,_Z,N,T0110,1288298.211333
2009,A,OECD26,S1,S1,POP,_Z,_Z,_Z,PS,_Z,N,T0110,1135685.987844
2009,A,OECD,S1,S1,POP,_Z,_Z,_Z,PS,_Z,N,T0110,1279853.487677
2008,A,OECD,S1,S1,POP,_Z,_Z,_Z,PS,_Z,N,T0110,1270878.880239
2004,A,OECD26,S1,S1,POP,_Z,_Z,_Z,PS,_Z,N,T0110,1095986.957906
2004,A,OECD,S1,S1,POP,_Z,_Z,_Z,PS,_Z,N,T0110,1236094.021376
2023,A,ZAF,S1,S1,POP,_Z,_Z,_Z,PS,_Z,N,T0110,60231.0
2023,A,SGP,S1,S1,POP,_Z,_Z,_Z,PS,_Z,N,T0110,5918.0
2023,A,ROU,S1,S1,POP,_Z,_Z,_Z,PS,_Z,N,T0110,19065.22
2023,A,KAZ,S1,S1,POP,_Z,_Z,_Z,PS,_Z,N,T0110,19900.325
2023,A,GEO,S1,S1,POP,_Z,_Z,_Z,PS,_Z,N,T0110,3715.4825
2023,A,CMR,S1,S1,POP,_Z,_Z,_Z,PS,_Z,N,T0110,28372.687
2023,A,ARG,S1,S1,POP,_Z,_Z,_Z,PS,_Z,N,T0110,46654.6
2023,A,EU27_2020,S1,S1,POP,_Z,_Z,_Z,PS,_Z,N,T0110,451018.343125
2023,A,EA20,S1,S1,POP,_Z,_Z,_Z,PS,_Z,N,T0110,350858.457125
2023,A,USA,S1,S1,POP,_Z,_Z,_Z,PS,_Z,N,T0110,337141.0
2023,A,GBR,S1,S1,POP,_Z,_Z,_Z,PS,_Z,N,T0110,68492.0
2023,A,NOR,S1,S1,POP,_Z,_Z,_Z,PS,_Z,N,T0110,5520.0
2023,A,NZL,S1,S1,POP,_Z,_Z,_Z,PS,_Z,N,T0110,5231.0
2023,A,ITA,S1,S1,POP,_Z,_Z,_Z,PS,_Z,N,T0110,58984.2
2023,A,ISR,S1,S1,POP,_Z,_Z,_Z,PS,_Z,N,T0110,9845.225
2023,A,HUN,S1,S1,POP,_Z,_Z,_Z,PS,_Z,N,T0110,9592.186
2023,A,CAN,S1,S1,POP,_Z,_Z,_Z,PS,_Z,N,T0110,40083.484
2023,A,AUS,S1,S1,POP,_Z,_Z,_Z,PS,_Z,N,T0110,26652.777
2022,A,ZAF,S1,S1,POP,_Z,_Z,_Z,PS,_Z,N,T0110,59517.24
2022,A,ROU,S1,S1,POP,_Z,_Z,_Z,PS,_Z,N,T0110,19052.69
2022,A,KAZ,S1,S1,POP,_Z,_Z,_Z,PS,_Z,N,T0110,19634.983
2022,A,GEO,S1,S1,POP,_Z,_Z,_Z,PS,_Z,N,T0110,3712.502
2022,A,CMR,S1,S1,POP,_Z,_Z,_Z,PS,_Z,N,T0110,27632.771
2022,A,EU27_2020,S1,S1,POP,_Z,_Z,_Z,PS,_Z,N,T0110,448784.917125
2022,A,EA20,S1,S1,POP,_Z,_Z,_Z,PS,_Z,N,T0110,348689.760375
2022,A,USA,S1,S1,POP,_Z,_Z,_Z,PS,_Z,N,T0110,334372.0
2022,A,NZL,S1,S1,POP,_Z,_Z,_Z,PS,_Z,N,T0110,5105.0
2022,A,NLD,S1,S1,POP,_Z,_Z,_Z,PS,_Z,N,T0110,17701.0
2022,A,ISR,S1,S1,POP,_Z,_Z,_Z,PS,_Z,N,T0110,9654.65
2022,A,FRA,S1,S1,POP,_Z,_Z,_Z,PS,_Z,N,T0110,68197.0
2022,A,CAN,S1,S1,POP,_Z,_Z,_Z,PS,_Z,N,T0110,38935.934
2022,A,BEL,S1,S1,POP,_Z,_Z,_Z,PS,_Z,N,T0110,11680.2
2021,A,ZAF,S1,S1,POP,_Z,_Z,_Z,PS,_Z,N,T0110,58790.99
2021,A,ROU,S1,S1,POP,_Z,_Z,_Z,PS,_Z,N,T0110,19140.43
2021,A,KAZ,S1,S1,POP,_Z,_Z,_Z,PS,_Z,N,T0110,19000.987
2021,A,CMR,S1,S1,POP,_Z,_Z,_Z,PS,_Z,N,T0110,26915.758
2021,A,EU27_2020,S1,S1,POP,_Z,_Z,_Z,PS,_Z,N,T0110,445965.795875
2021,A,EA20,S1,S1,POP,_Z,_Z,_Z,PS,_Z,N,T0110,346943.326375
2021,A,USA,S1,S1,POP,_Z,_Z,_Z,PS,_Z,N,T0110,332505.0
2021,A,NZL,S1,S1,POP,_Z,_Z,_Z,PS,_Z,N,T0110,5084.6
2021,A,ISR,S1,S1,POP,_Z,_Z,_Z,PS,_Z,N,T0110,9478.675
2021,A,FRA,S1,S1,POP,_Z,_Z,_Z,PS,_Z,N,T0110,67939.0
2021,A,BEL,S1,S1,POP,_Z,_Z,_Z,PS,_Z,N,T0110,11586.3
2020,A,ZAF,S1,S1,POP,_Z,_Z,_Z,PS,_Z,N,T0110,58064.78
2020,A,KAZ,S1,S1,POP,_Z,_Z,_Z,PS,_Z,N,T0110,18755.665
2020,A,OECD26,S1,S1,POP,_Z,_Z,_Z,PS,_Z,N,T0110,1212963.307
2020,A,EU15,S1,S1,POP,_Z,_Z,_Z,PS,_Z,N,T0110,410676.153
2020,A,EA20,S1,S1,POP,_Z,_Z,_Z,PS,_Z,N,T0110,346726.634375
2020,A,USA,S1,S1,POP,_Z,_Z,_Z,PS,_Z,N,T0110,331840.0
2020,A,NZL,S1,S1,POP,_Z,_Z,_Z,PS,_Z,N,T0110,5077.0
2020,A,ISR,S1,S1,POP,_Z,_Z,_Z,PS,_Z,N,T0110,9325.075
2020,A,FRA,S1,S1,POP,_Z,_Z,_Z,PS,_Z,N,T0110,67627.0
2020,A,BEL,S1,S1,POP,_Z,_Z,_Z,PS,_Z,N,T0110,11538.7
2019,A,ZAF,S1,S1,POP,_Z,_Z,_Z,PS,_Z,N,T0110,57341.7
2019,A,KAZ,S1,S1,POP,_Z,_Z,_Z,PS,_Z,N,T0110,18513.673
2019,A,OECDE,S1,S1,POP,_Z,_Z,_Z,PS,_Z,N,T0110,578579.129
2019,A,OECD26,S1,S1,POP,_Z,_Z,_Z,PS,_Z,N,T0110,1208154.407
2019,A,OECD,S1,S1,POP,_Z,_Z,_Z,PS,_Z,N,T0110,1361596.85025
2019,A,EU27_2020,S1,S1,POP,_Z,_Z,_Z,PS,_Z,N,T0110,446488.635549
2019,A,EU15,S1,S1,POP,_Z,_Z,_Z,PS,_Z,N,T0110,409936.1295
2019,A,EA20,S1,S1,POP,_Z,_Z,_Z,PS,_Z,N,T0110,346183.389049
2019,A,NZL,S1,S1,POP,_Z,_Z,_Z,PS,_Z,N,T0110,5001.6
2019,A,ISR,S1,S1,POP,_Z,_Z,_Z,PS,_Z,N,T0110,9172.55
2019,A,FRA,S1,S1,POP,_Z,_Z,_Z,PS,_Z,N,T0110,67396.0
2018,A,ZAF,S1,S1,POP,_Z,_Z,_Z,PS,_Z,N,T0110,56622.82
2018,A,KAZ,S1,S1,POP,_Z,_Z,_Z,PS,_Z,N,T0110,18276.452
2018,A,OECDE,S1,S1,POP,_Z,_Z,_Z,PS,_Z,N,T0110,575834.54125
2018,A,OECD26,S1,S1,POP,_Z,_Z,_Z,PS,_Z,N,T0110,1201168.48725
2018,A,OECD,S1,S1,POP,_Z,_Z,_Z,PS,_Z,N,T0110,1352952.254584
2018,A,EU27_2020,S1,S1,POP,_Z,_Z,_Z,PS,_Z,N,T0110,445616.6965
2018,A,EU15,S1,S1,POP,_Z,_Z,_Z,PS,_Z,N,T0110,408471.4035
2018,A,EA20,S1,S1,POP,_Z,_Z,_Z,PS,_Z,N,T0110,345255.519
2018,A,NZL,S1,S1,POP,_Z,_Z,_Z,PS,_Z,N,T0110,4919.7
2018,A,ISR,S1,S1,POP,_Z,_Z,_Z,PS,_Z,N,T0110,9010.325
2018,A,FRA,S1,S1,POP,_Z,_Z,_Z,PS,_Z,N,T0110,67135.0
2018,A,BEL,S1,S1,POP,_Z,_Z,_Z,PS,_Z,N,T0110,11427.1
2017,A,ZAF,S1,S1,POP,_Z,_Z,_Z,PS,_Z,N,T0110,55905.55
2017,A,KAZ,S1,S1,POP,_Z,_Z,_Z,PS,_Z,N,T0110,18037.775
2017,A,OECDE,S1,S1,POP,_Z,_Z,_Z,PS,_Z,N,T0110,573309.24925
2017,A,OECD26,S1,S1,POP,_Z,_Z,_Z,PS,_Z,N,T0110,1194207.89025
2017,A,OECD,S1,S1,POP,_Z,_Z,_Z,PS,_Z,N,T0110,1344656.677917
2017,A,EU27_2020,S1,S1,POP,_Z,_Z,_Z,PS,_Z,N,T0110,444826.425
2017,A,EU15,S1,S1,POP,_Z,_Z,_Z,PS,_Z,N,T0110,407110.9055
2017,A,EA20,S1,S1,POP,_Z,_Z,_Z,PS,_Z,N,T0110,344397.2045
2017,A,NZL,S1,S1,POP,_Z,_Z,_Z,PS,_Z,N,T0110,4837.7
2017,A,ISR,S1,S1,POP,_Z,_Z,_Z,PS,_Z,N,T0110,8849.4
2017,A,FRA,S1,S1,POP,_Z,_Z,_Z,PS,_Z,N,T0110,66830.0
2017,A,BEL,S1,S1,POP,_Z,_Z,_Z,PS,_Z,N,T0110,11375.2
2016,A,ZAF,S1,S1,POP,_Z,_Z,_Z,PS,_Z,N,T0110,55173.51
2016,A,KAZ,S1,S1,POP,_Z,_Z,_Z,PS,_Z,N,T0110,17794.055
2016,A,OECDE,S1,S1,POP,_Z,_Z,_Z,PS,_Z,N,T0110,570871.90025
2016,A,OECD26,S1,S1,POP,_Z,_Z,_Z,PS,_Z,N,T0110,1187217.08225
2016,A,OECD,S1,S1,POP,_Z,_Z,_Z,PS,_Z,N,T0110,1336685.75325
2016,A,EU27_2020,S1,S1,POP,_Z,_Z,_Z,PS,_Z,N,T0110,444136.715
2016,A,EU15,S1,S1,POP,_Z,_Z,_Z,PS,_Z,N,T0110,405771.07925
2016,A,EA20,S1,S1,POP,_Z,_Z,_Z,PS,_Z,N,T0110,343661.76475
2016,A,NZL,S1,S1,POP,_Z,_Z,_Z,PS,_Z,N,T0110,4742.2
2016,A,ISR,S1,S1,POP,_Z,_Z,_Z,PS,_Z,N,T0110,8690.775
2016,A,FRA,S1,S1,POP,_Z,_Z,_Z,PS,_Z,N,T0110,66563.0
2016,A,BEL,S1,S1,POP,_Z,_Z,_Z,PS,_Z,N,T0110,11331.4
2016,A,AUS,S1,S1,POP,_Z,_Z,_Z,PS,_Z,N,T0110,24190.907
2015,A,ZAF,S1,S1,POP,_Z,_Z,_Z,PS,_Z,N,T0110,54432.73
2015,A,KAZ,S1,S1,POP,_Z,_Z,_Z,PS,_Z,N,T0110,17542.806
2015,A,OECDE,S1,S1,POP,_Z,_Z,_Z,PS,_Z,N,T0110,567973.27775
2015,A,OECD26,S1,S1,POP,_Z,_Z,_Z,PS,_Z,N,T0110,1179446.20275
2015,A,OECD,S1,S1,POP,_Z,_Z,_Z,PS,_Z,N,T0110,1328102.787917
2015,A,EU27_2020,S1,S1,POP,_Z,_Z,_Z,PS,_Z,N,T0110,443184.17975
2015,A,EU15,S1,S1,POP,_Z,_Z,_Z,PS,_Z,N,T0110,403976.756
2015,A,EA20,S1,S1,POP,_Z,_Z,_Z,PS,_Z,N,T0110,342609.17675
2015,A,NZL,S1,S1,POP,_Z,_Z,_Z,PS,_Z,N,T0110,4638.2
2015,A,ISR,S1,S1,POP,_Z,_Z,_Z,PS,_Z,N,T0110,8532.8
2015,A,FRA,S1,S1,POP,_Z,_Z,_Z,PS,_Z,N,T0110,66314.0
2015,A,BEL,S1,S1,POP,_Z,_Z,_Z,PS,_Z,N,T0110,11274.2
2015,A,AUS,S1,S1,POP,_Z,_Z,_Z,PS,_Z,N,T0110,23815.995
2014,A,ZAF,S1,S1,POP,_Z,_Z,_Z,PS,_Z,N,T0110,53701.49
2014,A,KAZ,S1,S1,POP,_Z,_Z,_Z,PS,_Z,N,T0110,17288.285
2014,A,OECDE,S1,S1,POP,_Z,_Z,_Z,PS,_Z,N,T0110,565221.0125
2014,A,OECD26,S1,S1,POP,_Z,_Z,_Z,PS,_Z,N,T0110,1171913.0275
2014,A,OECD,S1,S1,POP,_Z,_Z,_Z,PS,_Z,N,T0110,1319830.869923
2014,A,EU27_2020,S1,S1,POP,_Z,_Z,_Z,PS,_Z,N,T0110,442292.45925
2014,A,EU15,S1,S1,POP,_Z,_Z,_Z,PS,_Z,N,T0110,402321.426
2014,A,EA20,S1,S1,POP,_Z,_Z,_Z,PS,_Z,N,T0110,341619.08325
2014,A,NZL,S1,S1,POP,_Z,_Z,_Z,PS,_Z,N,T0110,4541.9
2014,A,ISR,S1,S1,POP,_Z,_Z,_Z,PS,_Z,N,T0110,8374.8
2014,A,IRL,S1,S1,POP,_Z,_Z,_Z,PS,_Z,N,T0110,4652.46
2014,A,FRA,S1,S1,POP,_Z,_Z,_Z,PS,_Z,N,T0110,66021.0
2014,A,BEL,S1,S1,POP,_Z,_Z,_Z,PS,_Z,N,T0110,11209.1
2014,A,AUS,S1,S1,POP,_Z,_Z,_Z,PS,_Z,N,T0110,23475.686
2013,A,ZAF,S1,S1,POP,_Z,_Z,_Z,PS,_Z,N,T0110,52982.37
2013,A,KAZ,S1,S1,POP,_Z,_Z,_Z,PS,_Z,N,T0110,17035.55
2013,A,OECDE,S1,S1,POP,_Z,_Z,_Z,PS,_Z,N,T0110,562866.65575
2013,A,OECD26,S1,S1,POP,_Z,_Z,_Z,PS,_Z,N,T0110,1164578.30175
2013,A,OECD,S1,S1,POP,_Z,_Z,_Z,PS,_Z,N,T0110,1311462.689835
2013,A,EU27_2020,S1,S1,POP,_Z,_Z,_Z,PS,_Z,N,T0110,441782.50275
2013,A,EU15,S1,S1,POP,_Z,_Z,_Z,PS,_Z,N,T0110,401058.139
2013,A,EA20,S1,S1,POP,_Z,_Z,_Z,PS,_Z,N,T0110,341014.84775
2013,A,NZL,S1,S1,POP,_Z,_Z,_Z,PS,_Z,N,T0110,4461.5
2013,A,ISR,S1,S1,POP,_Z,_Z,_Z,PS,_Z,N,T0110,8223.925
2013,A,FRA,S1,S1,POP,_Z,_Z,_Z,PS,_Z,N,T0110,65684.0
2013,A,BEL,S1,S1,POP,_Z,_Z,_Z,PS,_Z,N,T0110,11159.4
2013,A,AUS,S1,S1,POP,_Z,_Z,_Z,PS,_Z,N,T0110,23128.129
2012,A,ZAF,S1,S1,POP,_Z,_Z,_Z,PS,_Z,N,T0110,52275.31
2012,A,KAZ,S1,S1,POP,_Z,_Z,_Z,PS,_Z,N,T0110,16792.089
2012,A,OECD26,S1,S1,POP,_Z,_Z,_Z,PS,_Z,N,T0110,1157815.23
2012,A,EU27_2020,S1,S1,POP,_Z,_Z,_Z,PS,_Z,N,T0110,441410.99075
2012,A,EU15,S1,S1,POP,_Z,_Z,_Z,PS,_Z,N,T0110,399955.103
2012,A,EA20,S1,S1,POP,_Z,_Z,_Z,PS,_Z,N,T0110,340498.30875
2012,A,NZL,S1,S1,POP,_Z,_Z,_Z,PS,_Z,N,T0110,4417.7
2012,A,ISR,S1,S1,POP,_Z,_Z,_Z,PS,_Z,N,T0110,8078.925
2012,A,IRL,S1,S1,POP,_Z,_Z,_Z,PS,_Z,N,T0110,4597.439
2012,A,FRA,S1,S1,POP,_Z,_Z,_Z,PS,_Z,N,T0110,65362.0
2012,A,BEL,S1,S1,POP,_Z,_Z,_Z,PS,_Z,N,T0110,11106.9
2012,A,AUS,S1,S1,POP,_Z,_Z,_Z,PS,_Z,N,T0110,22733.465
2011,A,ZAF,S1,S1,POP,_Z,_Z,_Z,PS,_Z,N,T0110,51580.12
2011,A,KAZ,S1,S1,POP,_Z,_Z,_Z,PS,_Z,N,T0110,16557.201
2011,A,OECD26,S1,S1,POP,_Z,_Z,_Z,PS,_Z,N,T0110,1150908.7375
2011,A,EU27_2020,S1,S1,POP,_Z,_Z,_Z,PS,_Z,N,T0110,440830.8405
2011,A,EU15,S1,S1,POP,_Z,_Z,_Z,PS,_Z,N,T0110,398682.652
2011,A,EA20,S1,S1,POP,_Z,_Z,_Z,PS,_Z,N,T0110,339796.4085
2011,A,PRT,S1,S1,POP,_Z,_Z,_Z,PS,_Z,N,T0110,10574.536
2011,A,NZL,S1,S1,POP,_Z,_Z,_Z,PS,_Z,N,T0110,4392.5
2011,A,ISR,S1,S1,POP,_Z,_Z,_Z,PS,_Z,N,T0110,7919.85
2011,A,FRA,S1,S1,POP,_Z,_Z,_Z,PS,_Z,N,T0110,65055.0
2011,A,BEL,S1,S1,POP,_Z,_Z,_Z,PS,_Z,N,T0110,11038.3
2011,A,AUS,S1,S1,POP,_Z,_Z,_Z,PS,_Z,N,T0110,22340.024
2010,A,ZAF,S1,S1,POP,_Z,_Z,_Z,PS,_Z,N,T0110,50896.27
2010,A,KAZ,S1,S1,POP,_Z,_Z,_Z,PS,_Z,N,T0110,16321.872
2010,A,OECD26,S1,S1,POP,_Z,_Z,_Z,PS,_Z,N,T0110,1143479.3985
2010,A,EU27_2020,S1,S1,POP,_Z,_Z,_Z,PS,_Z,N,T0110,440222.896
2010,A,EU15,S1,S1,POP,_Z,_Z,_Z,PS,_Z,N,T0110,397095.105
